NSID	W8CHID	W8NCHSEX	W8NCHDOBM	W8NCHDOBY	W8NCHRAGE	W8DNCHRAGE	W8NCHREL	W8NCHRELP	W8PARNAME	W8PARDOBM	W8PARDOBY	W8PARAGE	W8DPARAGE	W8NCHPRES	W8NCHEVLV	W8CHDLIVE	W8ABCHG91	W8COPA	W8SEOF
NS10001S	1	1	6	2014	-1	1	1	1	-1	-1	-1	-1	-1	1	-1	-1	-1	-1	-1
NS10026M	1	2	11	2013	-1	2	1	-1	-1	1	1987	-1	28	1	-1	-1	-1	2	-1
NS10029Q	1	1	3	2013	-1	2	1	1	-1	-1	-1	-1	-1	1	-1	-1	-1	-1	-1
NS10040V	1	1	-9	-9	5	5	1	-1	-1	6	1988	-1	27	2	-1	-1	2	1	1
NS10053S	1	2	2	2009	-1	6	1	-1	1	-1	-1	-1	-1	1	-1	-1	-1	1	5
NS10060J	1	1	10	2013	-1	2	1	-1	1	-1	-1	-1	-1	2	-1	-1	1	1	1
NS10068S	1	1	2	2007	-1	9	1	2	1	-1	-1	-1	-1	1	-1	-1	-1	1	3
NS10068S	2	2	8	2009	-1	6	1	2	1	-1	-1	-1	-1	1	-1	-1	-1	1	3
NS10078M	1	1	3	2009	-1	6	1	-1	11	9	1989	-1	26	1	-1	-1	-1	1	2
NS10083B	1	1	-9	-9	2	2	1	-1	-1	-9	-9	25	25	3	2	1	2	-1	-1
NS10085D	1	1	5	2008	-1	7	1	-1	-1	3	1989	-1	26	1	-1	-1	-1	2	-1
NS10093W	1	1	5	2012	-1	3	1	1	-1	-1	-1	-1	-1	1	-1	-1	-1	-1	-1
NS10097A	1	1	12	2013	-1	1	1	1	-1	-1	-1	-1	-1	1	-1	-1	-1	-1	-1
NS10101V	1	1	12	2014	-1	0	1	1	-1	-1	-1	-1	-1	1	-1	-1	-1	-1	-1
NS10101V	2	1	1	2012	-1	3	1	1	-1	-1	-1	-1	-1	1	-1	-1	-1	-1	-1
NS10118X	1	2	1	2014	-1	1	1	1	-1	-1	-1	-1	-1	1	-1	-1	-1	-1	-1
NS10120H	1	2	11	2006	-1	9	1	-1	-1	1	1989	-1	27	1	-1	-1	-1	1	2
NS10148F	1	1	4	2015	-1	1	1	1	-1	-1	-1	-1	-1	1	-1	-1	-1	-1	-1
NS10152T	1	2	10	2012	-1	3	1	-1	1	-1	-1	-1	-1	1	-1	-1	-1	1	2
NS10160L	1	2	5	2010	-1	5	1	-1	-1	3	1987	-1	28	2	-1	-1	1	-8	-1
NS10167T	1	1	8	2013	-1	2	1	1	-1	-1	-1	-1	-1	1	-1	-1	-1	-1	-1
NS10174K	1	1	5	2016	-1	0	1	1	-1	-1	-1	-1	-1	1	-1	-1	-1	-1	-1
NS10177N	1	2	10	2009	-1	6	1	-1	11	10	1988	-1	27	1	-1	-1	-1	2	-1
NS10177N	2	2	10	2013	-1	2	1	-1	1	-1	-1	-1	-1	1	-1	-1	-1	1	1
NS10194Z	1	2	12	2010	-1	5	1	1	-1	-1	-1	-1	-1	1	-1	-1	-1	-1	-1
NS10194Z	2	2	6	2015	-1	0	1	1	-1	-1	-1	-1	-1	1	-1	-1	-1	-1	-1
NS10198D	1	1	8	2010	-1	5	1	2	1	-8	-8	-8	-8	1	-1	-1	-1	1	1
NS10215W	1	1	9	2014	-1	1	1	1	-1	-1	-1	-1	-1	1	-1	-1	-1	-1	-1
NS10217Y	1	2	9	2008	-1	7	1	-1	-1	-9	-9	27	27	1	-1	-1	-1	1	1
NS10222M	1	1	3	2012	-1	4	1	2	1	-1	-1	-1	-1	2	-1	-1	1	1	1
NS10258C	1	1	9	2013	-1	2	1	1	-1	-1	-1	-1	-1	1	-1	-1	-1	-1	-1
NS10258C	2	1	4	2016	-1	0	1	1	-1	-1	-1	-1	-1	1	-1	-1	-1	-1	-1
NS10259D	1	1	11	2012	-1	3	1	1	-1	-1	-1	-1	-1	1	-1	-1	-1	-1	-1
NS10259D	2	1	6	2015	-1	0	1	1	-1	-1	-1	-1	-1	1	-1	-1	-1	-1	-1
NS10284G	1	2	8	2015	-1	1	1	1	-1	-1	-1	-1	-1	1	-1	-1	-1	-1	-1
NS10293A	1	1	11	2009	-1	6	1	1	-1	-1	-1	-1	-1	1	-1	-1	-1	-1	-1
NS10293A	2	1	12	2011	-1	4	1	1	-1	-1	-1	-1	-1	1	-1	-1	-1	-1	-1
NS10293A	3	2	8	2015	-1	0	1	1	-1	-1	-1	-1	-1	1	-1	-1	-1	-1	-1
NS10302A	1	1	8	2007	-1	8	1	2	1	-1	-1	-1	-1	1	-1	-1	-1	1	3
NS10302A	2	1	11	2012	-1	3	1	2	1	-1	-1	-1	-1	1	-1	-1	-1	1	3
NS10302A	3	2	12	2015	-1	0	1	1	-1	-1	-1	-1	-1	1	-1	-1	-1	-1	-1
NS10314X	1	1	7	2009	-1	6	1	-1	-1	-9	-9	29	29	3	2	1	7	-1	-1
NS10350W	1	1	-9	-9	6	6	1	-1	-1	-9	-9	33	33	1	-1	-1	-1	1	2
NS10374P	1	1	6	2015	-1	0	1	1	-1	-1	-1	-1	-1	1	-1	-1	-1	-1	-1
NS10381F	1	2	12	2010	-1	5	1	1	-1	-1	-1	-1	-1	1	-1	-1	-1	-1	-1
NS10394D	1	2	9	2013	-1	2	1	-1	1	-1	-1	-1	-1	1	-1	-1	-1	4	-1
NS10415A	1	2	-9	-9	-9	-9	1	1	-1	-1	-1	-1	-1	1	-1	-1	-1	-1	-1
NS10457F	1	1	12	2011	-1	3	1	1	-1	-1	-1	-1	-1	1	-1	-1	-1	-1	-1
NS10460S	1	1	1	2013	-1	3	1	1	-1	-1	-1	-1	-1	1	-1	-1	-1	-1	-1
NS10461T	1	2	9	2011	-1	4	1	1	-1	-1	-1	-1	-1	1	-1	-1	-1	-1	-1
NS10461T	2	2	8	2013	-1	2	1	1	-1	-1	-1	-1	-1	1	-1	-1	-1	-1	-1
NS10465Y	1	2	1	2015	-1	1	1	1	-1	-1	-1	-1	-1	1	-1	-1	-1	-1	-1
NS10482J	1	1	12	2012	-1	3	1	-1	-1	1	1990	-1	26	1	-1	-1	-1	1	1
NS10483K	1	1	7	2009	-1	7	1	1	-1	-1	-1	-1	-1	1	-1	-1	-1	-1	-1
NS10483K	2	1	1	2011	-1	5	1	1	-1	-1	-1	-1	-1	1	-1	-1	-1	-1	-1
NS10483K	3	1	12	2012	-1	3	1	1	-1	-1	-1	-1	-1	1	-1	-1	-1	-1	-1
NS10485M	1	1	11	2008	-1	6	1	-1	1	-1	-1	-1	-1	1	-1	-1	-1	2	-1
NS10494F	1	1	9	2009	-1	6	1	-1	-1	-9	-9	23	23	2	-1	-1	2	1	1
NS10522T	1	1	1	2014	-1	2	1	1	-1	-1	-1	-1	-1	1	-1	-1	-1	-1	-1
NS10537T	1	2	10	2012	-1	3	1	1	-1	-1	-1	-1	-1	1	-1	-1	-1	-1	-1
NS10537T	2	2	4	2015	-1	0	1	1	-1	-1	-1	-1	-1	1	-1	-1	-1	-1	-1
NS10544K	1	2	12	2012	-1	3	1	1	-1	-1	-1	-1	-1	1	-1	-1	-1	-1	-1
NS10544K	2	2	4	2015	-1	1	1	1	-1	-1	-1	-1	-1	1	-1	-1	-1	-1	-1
NS10573S	1	1	8	2015	-1	0	1	1	-1	-1	-1	-1	-1	1	-1	-1	-1	-1	-1
NS10581K	1	2	5	2009	-1	6	1	-1	-1	-9	-9	28	28	1	-1	-1	-1	1	3
NS10581K	2	1	-9	-9	4	4	1	-1	-1	-9	-9	28	28	1	-1	-1	-1	1	3
NS10590D	1	2	10	2013	-1	2	1	1	-1	-1	-1	-1	-1	1	-1	-1	-1	-1	-1
NS10590D	2	1	4	2015	-1	0	1	1	-1	-1	-1	-1	-1	1	-1	-1	-1	-1	-1
NS10598M	1	2	10	2015	-1	0	1	1	-1	-1	-1	-1	-1	1	-1	-1	-1	-1	-1
NS10598M	2	1	8	2010	-1	5	3	1	-1	-1	-1	-1	-1	1	-1	-1	-1	-1	-1
NS10602G	1	1	-9	-9	11	11	3	1	-1	-1	-1	-1	-1	3	2	1	2	-1	-1
NS10608N	1	2	8	2015	-1	0	1	1	-1	-1	-1	-1	-1	1	-1	-1	-1	-1	-1
NS10610Z	1	1	6	2015	-1	0	1	1	-1	-1	-1	-1	-1	1	-1	-1	-1	-1	-1
NS10633R	1	2	1	2010	-1	5	1	2	-8	-1	-1	-1	-1	1	-1	-1	-1	2	-1
NS10633R	2	1	8	2011	-1	4	1	1	-1	-1	-1	-1	-1	1	-1	-1	-1	-1	-1
NS10642K	1	2	10	2013	-1	2	1	1	-1	-1	-1	-1	-1	1	-1	-1	-1	-1	-1
NS10649S	1	2	9	2015	-1	0	1	1	-1	-1	-1	-1	-1	1	-1	-1	-1	-1	-1
NS10666D	1	2	4	2015	-1	0	1	-1	-1	11	1990	-1	24	3	2	1	1	-1	-1
NS10683P	1	2	3	2012	-1	3	1	1	-1	-1	-1	-1	-1	1	-1	-1	-1	-1	-1
NS10683P	2	1	4	2013	-1	2	1	1	-1	-1	-1	-1	-1	1	-1	-1	-1	-1	-1
NS10684Q	1	2	12	2010	-1	5	1	-1	-1	2	1987	-1	28	1	-1	-1	-1	1	2
NS10689W	1	1	5	2014	-1	1	1	1	-1	-1	-1	-1	-1	1	-1	-1	-1	-1	-1
NS10711C	1	2	10	2012	-1	3	1	1	-1	-1	-1	-1	-1	1	-1	-1	-1	-1	-1
NS10720W	1	1	4	2014	-1	1	1	-1	-1	5	1991	-1	24	3	1	1	1	-1	-1
NS10732S	1	1	3	2012	-1	4	1	1	-1	-1	-1	-1	-1	1	-1	-1	-1	-1	-1
NS10732S	2	1	12	2015	-1	0	1	1	-1	-1	-1	-1	-1	1	-1	-1	-1	-1	-1
NS10765E	1	1	5	2012	-1	4	1	1	-1	-1	-1	-1	-1	1	-1	-1	-1	-1	-1
NS10783R	1	2	3	2014	-1	1	1	1	-1	-1	-1	-1	-1	1	-1	-1	-1	-1	-1
NS10786V	1	1	1	2012	-1	4	1	1	-1	-1	-1	-1	-1	1	-1	-1	-1	-1	-1
NS10806Q	1	2	1	2012	-1	4	1	1	-1	-1	-1	-1	-1	1	-1	-1	-1	-1	-1
NS10812F	1	2	7	2013	-1	2	1	1	-1	-1	-1	-1	-1	1	-1	-1	-1	-1	-1
NS10812F	2	2	7	2015	-1	0	1	1	-1	-1	-1	-1	-1	1	-1	-1	-1	-1	-1
NS10825D	1	2	9	2013	-1	2	1	1	-1	-1	-1	-1	-1	1	-1	-1	-1	-1	-1
NS10825D	2	1	6	2012	-1	3	1	2	-1	-9	-9	25	25	3	2	1	2	-1	-1
NS10841N	1	1	12	2008	-1	7	1	1	-1	-1	-1	-1	-1	3	1	4	2	-1	-1
NS10841N	2	1	2	2010	-1	6	1	1	-1	-1	-1	-1	-1	3	1	4	2	-1	-1
NS10841N	3	1	5	2015	-1	1	1	1	-1	-1	-1	-1	-1	3	1	6	1	-1	-1
NS10847V	1	1	12	2013	-1	1	1	1	-1	-1	-1	-1	-1	1	-1	-1	-1	-1	-1
NS10849X	1	2	5	2010	-1	5	1	1	-1	-1	-1	-1	-1	1	-1	-1	-1	-1	-1
NS10851H	1	1	1	2011	-1	5	1	1	-1	-1	-1	-1	-1	1	-1	-1	-1	-1	-1
NS10851H	2	2	4	2012	-1	4	1	1	-1	-1	-1	-1	-1	1	-1	-1	-1	-1	-1
NS10851H	3	1	1	2015	-1	1	1	1	-1	-1	-1	-1	-1	1	-1	-1	-1	-1	-1
NS10862D	1	2	10	2007	-1	8	1	2	1	-1	-1	-1	-1	1	-1	-1	-1	1	3
NS10862D	2	2	12	2013	-1	2	1	1	-1	-1	-1	-1	-1	1	-1	-1	-1	-1	-1
NS10865G	1	2	4	2001	-1	14	3	1	-1	-1	-1	-1	-1	3	2	1	3	-1	-1
NS10865G	2	1	10	2006	-1	9	3	1	-1	-1	-1	-1	-1	3	2	1	5	-1	-1
NS10865G	3	1	4	2010	-1	5	1	1	-1	-1	-1	-1	-1	1	-1	-1	-1	-1	-1
NS10865G	4	1	5	2012	-1	3	1	1	-1	-1	-1	-1	-1	1	-1	-1	-1	-1	-1
NS10865G	5	2	6	2014	-1	1	1	1	-1	-1	-1	-1	-1	1	-1	-1	-1	-1	-1
NS10875B	1	1	3	2011	-1	4	1	-1	1	-1	-1	-1	-1	2	-1	-1	2	1	2
NS10875B	2	1	2	2011	-1	4	1	-1	1	-1	-1	-1	-1	2	-1	-1	2	1	2
NS10878E	1	1	9	2011	-1	4	1	-1	1	-1	-1	-1	-1	1	-1	-1	-1	1	1
NS10878E	2	1	8	2014	-1	1	1	-1	1	-1	-1	-1	-1	1	-1	-1	-1	1	1
NS10879F	1	1	8	2015	-1	0	1	1	-1	-1	-1	-1	-1	1	-1	-1	-1	-1	-1
NS10912H	1	2	6	2012	-1	3	1	1	-1	-1	-1	-1	-1	1	-1	-1	-1	-1	-1
NS10939E	1	2	1	2009	-1	7	1	-1	11	-9	-9	-9	-9	1	-1	-1	-1	1	3
NS10944T	1	2	8	2013	-1	2	1	1	-1	-1	-1	-1	-1	1	-1	-1	-1	-1	-1
NS10944T	2	2	2	2016	-1	0	1	1	-1	-1	-1	-1	-1	1	-1	-1	-1	-1	-1
NS10950J	1	1	1	2015	-1	1	1	1	-1	-1	-1	-1	-1	1	-1	-1	-1	-1	-1
NS10975D	1	1	5	2014	-1	1	1	1	-1	-1	-1	-1	-1	1	-1	-1	-1	-1	-1
NS10975D	2	1	8	2015	-1	0	1	1	-1	-1	-1	-1	-1	1	-1	-1	-1	-1	-1
NS11006T	1	1	10	2013	-1	2	1	1	-1	-1	-1	-1	-1	1	-1	-1	-1	-1	-1
NS11020B	1	1	6	2009	-1	6	1	-1	1	-1	-1	-1	-1	1	-1	-1	-1	1	3
NS11020B	2	2	-9	-9	5	5	1	-1	1	-1	-1	-1	-1	1	-1	-1	-1	1	3
NS11020B	3	1	9	2012	-1	3	1	-1	1	-1	-1	-1	-1	1	-1	-1	-1	1	3
NS11039F	1	1	9	2014	-1	1	1	1	-1	-1	-1	-1	-1	1	-1	-1	-1	-1	-1
NS11081V	1	2	2	2013	-1	2	1	1	-1	-1	-1	-1	-1	1	-1	-1	-1	-1	-1
NS11081V	2	2	1	2016	-1	0	1	1	-1	-1	-1	-1	-1	1	-1	-1	-1	-1	-1
NS11096V	1	2	5	2012	-1	3	1	1	-1	-1	-1	-1	-1	1	-1	-1	-1	-1	-1
NS11096V	2	1	8	2013	-1	2	1	1	-1	-1	-1	-1	-1	1	-1	-1	-1	-1	-1
NS11109Z	1	2	3	2012	-1	3	1	-1	-1	-9	-9	28	28	1	-1	-1	-1	2	-1
NS11154R	1	1	2	2012	-1	3	1	1	-1	-1	-1	-1	-1	1	-1	-1	-1	-1	-1
NS11154R	2	2	7	2014	-1	1	1	1	-1	-1	-1	-1	-1	1	-1	-1	-1	-1	-1
NS11155S	1	1	8	2010	-1	5	1	2	1	-1	-1	-1	-1	1	-1	-1	-1	2	-1
NS11155S	2	1	12	2012	-1	2	1	1	-1	-1	-1	-1	-1	1	-1	-1	-1	-1	-1
NS11168Q	1	1	9	2010	-1	5	1	2	1	-1	-1	-1	-1	3	1	1	2	-1	-1
NS11178K	1	1	10	2012	-1	3	1	1	-1	-1	-1	-1	-1	1	-1	-1	-1	-1	-1
NS11178K	2	2	2	2015	-1	0	1	1	-1	-1	-1	-1	-1	1	-1	-1	-1	-1	-1
NS11179L	1	1	12	2007	-1	8	1	-1	1	-1	-1	-1	-1	1	-1	-1	-1	1	2
NS11179L	2	2	8	2011	-1	4	1	-1	1	-1	-1	-1	-1	1	-1	-1	-1	1	2
NS11179L	3	2	10	2014	-1	1	1	-1	11	7	1976	-1	39	1	-1	-1	-1	1	1
NS11182Y	1	1	9	2006	-1	9	1	2	11	-9	-9	29	29	1	-1	-1	-1	2	-1
NS11182Y	2	1	8	2009	-1	6	1	1	-1	-1	-1	-1	-1	1	-1	-1	-1	-1	-1
NS11182Y	3	2	4	2014	-1	1	1	1	-1	-1	-1	-1	-1	1	-1	-1	-1	-1	-1
NS11185B	1	1	4	2013	-1	2	3	-1	-1	-1	-1	-1	-1	3	2	1	1	-1	-1
NS11194V	1	2	4	2009	-1	6	1	1	-1	-1	-1	-1	-1	1	-1	-1	-1	-1	-1
NS11194V	2	1	10	2014	-1	1	1	1	-1	-1	-1	-1	-1	1	-1	-1	-1	-1	-1
NS11224K	1	2	9	2010	-1	5	1	-1	-1	2	1985	-1	30	1	-1	-1	-1	2	-1
NS11237H	1	1	12	2006	-1	9	1	1	-1	-1	-1	-1	-1	1	-1	-1	-1	-1	-1
NS11237H	2	1	6	2010	-1	5	1	1	-1	-1	-1	-1	-1	1	-1	-1	-1	-1	-1
NS11240V	1	1	12	2011	-1	4	1	1	-1	-1	-1	-1	-1	1	-1	-1	-1	-1	-1
NS11241W	1	1	6	2015	-1	0	1	1	-1	-1	-1	-1	-1	3	1	1	3	-1	-1
NS11255V	1	2	8	2014	-1	1	1	-1	-1	-9	-9	21	21	3	2	1	2	-1	-1
NS11272F	1	1	8	2016	-1	0	1	1	-1	-1	-1	-1	-1	1	-1	-1	-1	-1	-1
NS11293W	1	1	5	2010	-1	5	1	1	-1	-1	-1	-1	-1	1	-1	-1	-1	-1	-1
NS11305Z	1	1	8	2015	-1	0	1	1	-1	-1	-1	-1	-1	1	-1	-1	-1	-1	-1
NS11353V	1	2	7	2011	-1	4	1	-1	-9	2	1988	-1	28	2	-1	-1	1	1	1
NS11353V	2	2	9	2014	-1	1	1	-1	11	2	1988	-1	28	2	-1	-1	1	1	1
NS11357Z	1	2	11	2008	-1	6	1	1	-1	-1	-1	-1	-1	1	-1	-1	-1	-1	-1
NS11357Z	2	1	8	2015	-1	0	1	1	-1	-1	-1	-1	-1	1	-1	-1	-1	-1	-1
NS11437M	1	2	12	2011	-1	4	1	1	-1	-1	-1	-1	-1	1	-1	-1	-1	-1	-1
NS11439P	1	2	3	2002	-1	13	3	1	-1	-1	-1	-1	-1	2	-1	-1	1	-1	-1
NS11439P	2	2	1	2006	-1	9	3	1	-1	-1	-1	-1	-1	2	-1	-1	1	-1	-1
NS11439P	3	2	12	2009	-1	5	3	1	-1	-1	-1	-1	-1	2	-1	-1	1	-1	-1
NS11458C	1	2	-9	-9	-9	-9	1	-1	-9	-1	-1	-1	-1	3	1	1	2	-1	-1
NS11458C	2	2	-9	-9	-9	-9	1	-1	-9	-1	-1	-1	-1	3	2	1	2	-1	-1
NS11460N	1	1	3	2010	-1	5	1	1	-1	-1	-1	-1	-1	1	-1	-1	-1	-1	-1
NS11460N	2	1	6	2013	-1	2	1	1	-1	-1	-1	-1	-1	1	-1	-1	-1	-1	-1
NS11482E	1	2	1	2013	-1	2	1	-1	-1	-9	-9	34	34	1	-1	-1	-1	2	-1
NS11482E	2	2	6	2015	-1	0	1	-1	-1	-9	-9	34	34	1	-1	-1	-1	2	-1
NS11496D	1	2	9	2015	-1	0	1	1	-1	-1	-1	-1	-1	1	-1	-1	-1	-1	-1
NS11500Y	1	1	7	2013	-1	2	1	1	-1	-1	-1	-1	-1	1	-1	-1	-1	-1	-1
NS11503B	1	2	7	2010	-1	5	1	1	-1	-1	-1	-1	-1	1	-1	-1	-1	-1	-1
NS11503B	2	2	2	2015	-1	1	1	1	-1	-1	-1	-1	-1	1	-1	-1	-1	-1	-1
NS11508G	1	2	3	2007	-1	8	1	2	11	-9	-9	29	29	1	-1	-1	-1	2	-1
NS11508G	2	1	9	2009	-1	6	1	2	1	-1	-1	-1	-1	1	-1	-1	-1	2	-1
NS11508G	3	2	10	2013	-1	2	1	1	-1	-1	-1	-1	-1	1	-1	-1	-1	-1	-1
NS11541C	1	1	4	2014	-1	1	1	1	-1	-1	-1	-1	-1	1	-1	-1	-1	-1	-1
NS11542D	1	1	3	2013	-1	2	1	1	-1	-1	-1	-1	-1	1	-1	-1	-1	-1	-1
NS11542D	2	1	7	2015	-1	0	1	1	-1	-1	-1	-1	-1	1	-1	-1	-1	-1	-1
NS11560Q	1	1	10	2012	-1	3	1	-1	1	-1	-1	-1	-1	1	-1	-1	-1	1	3
NS11566X	1	1	2	2011	-1	5	1	1	-1	-1	-1	-1	-1	1	-1	-1	-1	-1	-1
NS11566X	2	1	1	2013	-1	3	1	1	-1	-1	-1	-1	-1	1	-1	-1	-1	-1	-1
NS11579V	1	1	5	2015	-1	0	1	-1	-1	-9	-9	30	30	1	-1	-1	-1	1	1
NS11587M	1	2	10	2010	-1	5	1	-1	-1	-9	-9	-9	-9	1	-1	-1	-1	2	-1
NS11591A	1	1	9	2011	-1	4	1	-1	1	-1	-1	-1	-1	2	-1	-1	1	1	1
NS11591A	2	2	11	2012	-1	2	1	-1	1	-1	-1	-1	-1	2	-1	-1	1	1	1
NS11602C	1	1	12	2013	-1	2	1	1	-1	-1	-1	-1	-1	1	-1	-1	-1	-1	-1
NS11602C	2	2	3	2016	-1	0	1	1	-1	-1	-1	-1	-1	1	-1	-1	-1	-1	-1
NS11611W	1	1	-9	-9	14	14	1	-1	-1	-9	-9	-9	-9	3	1	1	1	-1	-1
NS11611W	2	2	-9	-9	-9	-9	1	-1	-1	-9	-9	-9	-9	3	1	1	1	-1	-1
NS11611W	3	2	-9	-9	-9	-9	1	-1	-1	-9	-9	-9	-9	3	1	1	1	-1	-1
NS11611W	4	2	-9	-9	-9	-9	1	-1	-1	-9	-9	-9	-9	3	1	1	1	-1	-1
NS11611W	5	1	-9	-9	-9	-9	-9	-1	-1	-1	-1	-1	-1	3	1	-9	1	-1	-1
NS11611W	6	1	-9	-9	-9	-9	1	-1	-1	-9	-9	-9	-9	3	1	1	1	-1	-1
NS11611W	7	1	-9	-9	-9	-9	1	-1	-1	-9	-9	-9	-9	3	1	1	1	-1	-1
NS11611W	8	1	-9	-9	-9	-9	1	-1	-1	-9	-9	-9	-9	3	1	1	1	-1	-1
NS11611W	9	1	-9	-9	-9	-9	1	-1	-1	-9	-9	-9	-9	3	1	1	1	-1	-1
NS11613Y	1	1	4	2015	-1	0	1	1	-1	-1	-1	-1	-1	1	-1	-1	-1	-1	-1
NS11618D	1	2	10	2015	-1	0	1	1	-1	-1	-1	-1	-1	1	-1	-1	-1	-1	-1
NS11628Y	1	1	12	2014	-1	0	1	1	-1	-1	-1	-1	-1	1	-1	-1	-1	-1	-1
NS11632L	1	1	4	2008	-1	8	1	-1	-1	1	1985	-1	31	1	-1	-1	-1	1	3
NS11632L	2	1	9	2009	-1	6	1	-1	-1	1	1985	-1	31	1	-1	-1	-1	1	3
NS11632L	3	2	9	2015	-1	0	1	-1	-1	1	1985	-1	31	1	-1	-1	-1	1	3
NS11636Q	1	2	1	2008	-1	7	1	-1	1	-1	-1	-1	-1	2	-1	-1	2	1	1
NS11650Y	1	1	2	2014	-1	2	1	-1	-1	2	1991	-1	25	2	-1	-1	3	1	1
NS11660S	1	1	5	2009	-1	6	1	-1	1	-1	-1	-1	-1	1	-1	-1	-1	1	2
NS11660S	2	1	10	2013	-1	2	1	-1	11	8	1992	-1	23	1	-1	-1	-1	1	2
NS11667A	1	2	10	2012	-1	3	1	1	-1	-1	-1	-1	-1	1	-1	-1	-1	-1	-1
NS11667A	2	2	12	2013	-1	1	1	1	-1	-1	-1	-1	-1	1	-1	-1	-1	-1	-1
NS11667A	3	1	3	2015	-1	0	1	1	-1	-1	-1	-1	-1	1	-1	-1	-1	-1	-1
NS11675S	1	1	5	2007	-1	9	1	-1	-9	-1	-1	-1	-1	1	-1	-1	-1	1	3
NS11675S	2	1	6	2011	-1	5	1	-1	-9	-1	-1	-1	-1	1	-1	-1	-1	1	3
NS11675S	3	2	1	2015	-1	1	1	-1	-9	-1	-1	-1	-1	1	-1	-1	-1	1	3
NS11678W	1	1	9	2009	-1	6	1	1	-1	-1	-1	-1	-1	1	-1	-1	-1	-1	-1
NS11682J	1	1	6	2009	-1	6	1	1	-1	-1	-1	-1	-1	1	-1	-1	-1	-1	-1
NS11682J	2	1	12	2015	-1	0	1	1	-1	-1	-1	-1	-1	1	-1	-1	-1	-1	-1
NS11683K	1	1	7	2014	-1	1	1	1	-1	-1	-1	-1	-1	1	-1	-1	-1	-1	-1
NS11685M	1	1	10	2010	-1	5	1	-1	1	-1	-1	-1	-1	1	-1	-1	-1	1	2
NS11685M	2	1	3	2012	-1	3	1	-1	1	-1	-1	-1	-1	1	-1	-1	-1	1	2
NS11694F	1	1	11	2009	-1	6	1	2	-9	-1	-1	-1	-1	2	-1	-1	2	1	1
NS11694F	2	2	11	2014	-1	1	1	1	-1	-1	-1	-1	-1	1	-1	-1	-1	-1	-1
NS11695G	1	1	8	2011	-1	4	1	1	-1	-1	-1	-1	-1	1	-1	-1	-1	-1	-1
NS11710X	1	1	8	2015	-1	0	1	1	-1	-1	-1	-1	-1	1	-1	-1	-1	-1	-1
NS11717E	1	2	5	2012	-1	3	1	-1	-1	-9	-9	34	34	1	-1	-1	-1	1	1
NS11727Z	1	1	8	2015	-1	0	1	1	-1	-1	-1	-1	-1	1	-1	-1	-1	-1	-1
NS11731M	1	1	9	2007	-1	8	1	1	-1	-1	-1	-1	-1	1	-1	-1	-1	-1	-1
NS11731M	2	2	1	2009	-1	7	1	1	-1	-1	-1	-1	-1	1	-1	-1	-1	-1	-1
NS11731M	3	2	2	2014	-1	2	1	1	-1	-1	-1	-1	-1	1	-1	-1	-1	-1	-1
NS11738V	1	1	2	2013	-1	2	1	-1	11	-9	-9	25	25	1	-1	-1	-1	2	-1
NS11741G	1	1	12	2007	-1	8	1	1	-1	-1	-1	-1	-1	1	-1	-1	-1	-1	-1
NS11741G	2	2	12	2009	-1	6	1	1	-1	-1	-1	-1	-1	1	-1	-1	-1	-1	-1
NS11751B	1	1	1	2009	-1	7	1	-1	1	-1	-1	-1	-1	2	-1	-1	1	1	1
NS11777X	1	2	9	2014	-1	1	1	1	-1	-1	-1	-1	-1	1	-1	-1	-1	-1	-1
NS11781K	1	2	12	2013	-1	2	1	-1	-1	3	1992	-1	23	3	2	1	1	-1	-1
NS11799N	1	1	11	2015	-1	0	1	1	-1	-1	-1	-1	-1	1	-1	-1	-1	-1	-1
NS11805K	1	1	1	2007	-1	9	1	2	-9	-1	-1	-1	-1	1	-1	-1	-1	2	-1
NS11805K	2	2	12	2008	-1	7	1	2	-9	-1	-1	-1	-1	1	-1	-1	-1	1	3
NS11805K	3	1	5	2010	-1	6	1	1	-1	-1	-1	-1	-1	1	-1	-1	-1	-1	-1
NS11805K	4	1	1	2012	-1	4	1	1	-1	-1	-1	-1	-1	1	-1	-1	-1	-1	-1
NS11805K	5	2	11	2014	-1	1	1	1	-1	-1	-1	-1	-1	1	-1	-1	-1	-1	-1
NS11815E	1	1	7	2008	-1	7	1	-1	-1	12	1985	-1	30	1	-1	-1	-1	1	2
NS11815E	2	1	11	2010	-1	5	1	-1	-1	12	1985	-1	30	1	-1	-1	-1	1	2
NS11817G	1	1	-9	-9	6	6	3	1	-1	-1	-1	-1	-1	3	2	1	3	-1	-1
NS11819J	1	2	7	2014	-1	1	1	1	-1	-1	-1	-1	-1	1	-1	-1	-1	-1	-1
NS11819J	2	2	7	2011	-1	4	3	1	-1	-1	-1	-1	-1	1	-1	-1	-1	-1	-1
NS11820T	1	1	7	2009	-1	6	1	-1	1	-1	-1	-1	-1	1	-1	-1	-1	1	1
NS11820T	2	2	4	2015	-1	1	1	-1	1	-1	-1	-1	-1	1	-1	-1	-1	1	1
NS11823X	1	2	2	2009	-1	7	1	-1	-1	10	1989	-1	26	1	-1	-1	-1	1	1
NS11823X	2	1	7	2014	-1	1	1	-1	-1	10	1989	-1	26	1	-1	-1	-1	1	1
NS11840H	1	2	8	2012	-1	3	1	-1	-1	8	1988	-1	27	1	-1	-1	-1	1	2
NS11843L	1	1	5	2015	-1	0	1	1	-1	-1	-1	-1	-1	1	-1	-1	-1	-1	-1
NS11848R	1	1	6	2011	-1	4	1	-1	1	-1	-1	-1	-1	1	-1	-1	-1	1	2
NS11869G	1	2	3	2014	-1	2	1	-1	-1	-9	-9	26	26	3	2	1	2	-1	-1
NS11871S	1	1	10	2009	-1	6	1	1	-1	-1	-1	-1	-1	1	-1	-1	-1	-1	-1
NS11878A	1	1	9	2013	-1	2	1	1	-1	-1	-1	-1	-1	1	-1	-1	-1	-1	-1
NS11879B	1	1	2	2014	-1	1	1	1	-1	-1	-1	-1	-1	1	-1	-1	-1	-1	-1
NS11879B	2	2	8	2015	-1	0	1	1	-1	-1	-1	-1	-1	1	-1	-1	-1	-1	-1
NS11900G	1	1	-9	-9	6	6	1	1	-1	-1	-1	-1	-1	1	-1	-1	-1	-1	-1
NS11900G	2	2	-9	-9	3	3	1	1	-1	-1	-1	-1	-1	1	-1	-1	-1	-1	-1
NS11917J	1	2	7	2013	-1	2	3	1	-1	-1	-1	-1	-1	1	-1	-1	-1	-1	-1
NS11922Y	1	2	7	2008	-1	7	1	-1	-1	1	1990	-1	26	1	-1	-1	-1	2	-1
NS11922Y	2	2	8	2012	-1	3	1	-1	-1	1	1990	-1	26	1	-1	-1	-1	2	-1
NS11923Z	1	2	10	2009	-1	6	1	-1	1	-1	-1	-1	-1	1	-1	-1	-1	2	-1
NS11962B	1	2	1	2011	-1	5	1	-1	-1	8	1985	-1	30	1	-1	-1	-1	2	-1
NS11962B	2	2	12	2015	-1	0	1	-1	-1	-9	-9	32	32	1	-1	-1	-1	2	-1
NS11981P	1	2	8	2009	-1	6	1	1	-1	-1	-1	-1	-1	1	-1	-1	-1	-1	-1
NS11981P	2	2	1	2015	-1	1	1	1	-1	-1	-1	-1	-1	1	-1	-1	-1	-1	-1
NS11985T	1	2	9	2013	-1	2	1	1	-1	-1	-1	-1	-1	1	-1	-1	-1	-1	-1
NS11985T	2	1	11	2015	-1	0	1	1	-1	-1	-1	-1	-1	1	-1	-1	-1	-1	-1
NS11995N	1	1	9	2009	-1	6	1	-1	-1	-9	-9	35	35	1	-1	-1	-1	2	-1
NS11995N	2	1	7	2011	-1	4	1	-1	-1	9	1988	-1	27	1	-1	-1	-1	2	-1
NS12029G	1	2	9	2010	-1	5	1	-1	-1	5	1989	-1	26	1	-1	-1	-1	1	3
NS12037Z	1	2	9	2010	-1	5	1	1	-1	-1	-1	-1	-1	1	-1	-1	-1	-1	-1
NS12037Z	2	1	5	2014	-1	1	1	1	-1	-1	-1	-1	-1	1	-1	-1	-1	-1	-1
NS12052H	1	1	-9	-9	3	3	1	-1	1	-1	-1	-1	-1	2	-1	-1	2	1	1
NS12054K	1	2	12	2007	-1	8	1	-1	1	5	1990	-1	25	3	2	1	1	-1	-1
NS12054K	2	2	6	2014	-1	1	1	-1	1	-1	-1	-1	-1	1	-1	-1	-1	1	1
NS12062C	1	2	-9	-9	2	2	1	-1	-1	6	1990	-1	25	3	2	1	1	-1	-1
NS12072X	1	1	8	2014	-1	1	1	-1	1	-1	-1	-1	-1	2	-1	-1	1	1	1
NS12078D	1	2	10	2008	-1	7	1	2	-1	5	1990	-1	25	3	2	1	2	-1	-1
NS12078D	2	2	4	2011	-1	5	1	2	-1	4	1990	-1	26	3	2	1	2	-1	-1
NS12081Q	1	2	9	2014	-1	1	1	1	-1	-1	-1	-1	-1	1	-1	-1	-1	-1	-1
NS12103N	1	2	12	2010	-1	5	1	-1	1	-1	-1	-1	-1	1	-1	-1	-1	1	5
NS12106R	1	2	2	2011	-1	5	1	1	-1	-1	-1	-1	-1	1	-1	-1	-1	-1	-1
NS12106R	2	1	2	2012	-1	4	1	1	-1	-1	-1	-1	-1	1	-1	-1	-1	-1	-1
NS12106R	3	2	7	2014	-1	1	1	1	-1	-1	-1	-1	-1	1	-1	-1	-1	-1	-1
NS12139D	1	1	1	2016	-1	0	1	-1	-1	11	1980	-1	35	1	-1	-1	-1	1	1
NS12139D	2	1	3	2013	-1	2	1	-1	-1	11	1980	-1	35	1	-1	-1	-1	1	1
NS12141P	1	1	9	2011	-1	4	1	1	-1	-1	-1	-1	-1	1	-1	-1	-1	-1	-1
NS12141P	2	1	3	2015	-1	1	1	1	-1	-1	-1	-1	-1	1	-1	-1	-1	-1	-1
NS12153L	1	1	5	2012	-1	3	1	1	-1	-1	-1	-1	-1	1	-1	-1	-1	-1	-1
NS12160C	1	2	9	2010	-1	5	1	-1	-1	5	1998	-1	17	1	-1	-1	-1	1	1
NS12160C	2	2	12	2014	-1	1	1	-1	-1	5	1988	-1	27	1	-1	-1	-1	1	1
NS12163F	1	2	4	2015	-1	0	1	1	-1	-1	-1	-1	-1	1	-1	-1	-1	-1	-1
NS12165H	1	1	11	2009	-1	6	1	-1	1	-1	-1	-1	-1	1	-1	-1	-1	1	2
NS12165H	2	1	7	2012	-1	3	1	-1	11	7	1990	-1	25	1	-1	-1	-1	1	2
NS12170X	1	2	-9	-9	6	6	3	1	-1	-1	-1	-1	-1	1	-1	-1	-1	-1	-1
NS12170X	2	1	-9	-9	0	0	1	1	-1	-1	-1	-1	-1	1	-1	-1	-1	-1	-1
NS12175C	1	1	10	2011	-1	4	1	-1	1	-1	-1	-1	-1	1	-1	-1	-1	2	-1
NS12185X	1	2	6	2015	-1	0	1	1	-1	-1	-1	-1	-1	1	-1	-1	-1	-1	-1
NS12196S	1	1	6	2014	-1	1	1	1	-1	-1	-1	-1	-1	1	-1	-1	-1	-1	-1
NS12197T	1	1	2	2016	-1	0	1	1	-1	-1	-1	-1	-1	1	-1	-1	-1	-1	-1
NS12199W	1	2	8	2011	-1	4	1	-1	-1	11	1992	-1	23	2	-1	-1	1	1	1
NS12212J	1	2	2	2011	-1	5	1	-1	1	-1	-1	-1	-1	1	-1	-1	-1	1	2
NS12212J	2	1	5	2012	-1	3	1	-1	1	-1	-1	-1	-1	1	-1	-1	-1	1	2
NS12216N	1	2	10	2010	-1	5	1	-1	-1	-9	-9	24	24	1	-1	-1	-1	2	-1
NS12218Q	1	2	11	2013	-1	2	1	1	-1	-1	-1	-1	-1	1	-1	-1	-1	-1	-1
NS12218Q	2	1	8	2015	-1	0	1	1	-1	-1	-1	-1	-1	1	-1	-1	-1	-1	-1
NS12223E	1	2	7	2013	-1	2	1	-1	1	-1	-1	-1	-1	1	-1	-1	-1	1	3
NS12223E	2	1	12	2010	-1	5	1	-1	1	-1	-1	-1	-1	1	-1	-1	-1	1	3
NS12224F	1	1	11	2011	-1	3	1	2	-1	2	1990	-1	25	2	-1	-1	2	1	1
NS12229L	1	1	5	2006	-1	10	1	-1	-1	-9	-9	29	29	1	-1	-1	-1	2	-1
NS12229L	2	1	8	2011	-1	5	1	-1	-1	-9	-9	30	30	1	-1	-1	-1	1	3
NS12229L	3	1	10	2013	-1	2	1	-1	-1	-9	-9	30	30	1	-1	-1	-1	1	3
NS12232Y	1	2	12	2013	-1	2	1	-1	-9	-1	-1	-1	-1	1	-1	-1	-1	1	4
NS12243T	1	1	9	2010	-1	5	1	-1	-1	-9	-9	30	30	1	-1	-1	-1	2	-1
NS12243T	2	2	12	2012	-1	3	1	-1	-1	-9	-9	30	30	1	-1	-1	-1	2	-1
NS12259V	1	2	6	2015	-1	0	1	1	-1	-1	-1	-1	-1	1	-1	-1	-1	-1	-1
NS12275E	1	1	1	2008	-1	8	1	-1	1	-1	-1	-1	-1	2	-1	-1	1	1	1
NS12275E	2	1	11	2013	-1	2	1	-1	11	5	1991	-1	25	2	-1	-1	1	1	1
NS12277G	1	1	1	2011	-1	4	1	-1	1	-1	-1	-1	-1	1	-1	-1	-1	1	2
NS12277G	2	1	12	2011	-1	3	1	-1	1	-1	-1	-1	-1	1	-1	-1	-1	1	2
NS12278H	1	2	9	2011	-1	4	1	-1	1	-1	-1	-1	-1	1	-1	-1	-1	3	-1
NS12285Z	1	1	10	2010	-1	5	1	1	-1	-1	-1	-1	-1	1	-1	-1	-1	-1	-1
NS12297W	1	2	10	2011	-1	4	1	1	-1	-1	-1	-1	-1	1	-1	-1	-1	-1	-1
NS12306W	1	2	9	2014	-1	1	1	1	-1	-1	-1	-1	-1	1	-1	-1	-1	-1	-1
NS12315P	1	2	3	2007	-1	8	1	1	-1	-1	-1	-1	-1	1	-1	-1	-1	-1	-1
NS12315P	2	1	5	2008	-1	7	1	1	-1	-1	-1	-1	-1	1	-1	-1	-1	-1	-1
NS12317R	1	2	12	2014	-1	0	1	1	-1	-1	-1	-1	-1	1	-1	-1	-1	-1	-1
NS12325J	1	1	3	2009	-1	6	1	2	-1	10	1988	-1	27	1	-1	-1	-1	2	-1
NS12325J	2	2	4	2012	-1	3	1	1	-1	-1	-1	-1	-1	1	-1	-1	-1	-1	-1
NS12336E	1	1	4	2012	-1	3	1	-1	1	-1	-1	-1	-1	1	-1	-1	-1	1	1
NS12338G	1	2	7	2011	-1	4	1	1	-1	-1	-1	-1	-1	1	-1	-1	-1	-1	-1
NS12342V	1	2	1	2013	-1	3	1	1	-1	-1	-1	-1	-1	1	-1	-1	-1	-1	-1
NS12355S	1	2	3	2006	-1	9	1	-1	-1	-9	-9	29	29	1	-1	-1	-1	2	-1
NS12368Q	1	1	12	2011	-1	4	1	1	-1	-1	-1	-1	-1	1	-1	-1	-1	-1	-1
NS12368Q	2	2	4	2016	-1	0	1	1	-1	-1	-1	-1	-1	1	-1	-1	-1	-1	-1
NS12370B	1	2	10	2015	-1	0	1	1	-1	-1	-1	-1	-1	1	-1	-1	-1	-1	-1
NS12371C	1	1	1	2011	-1	5	1	1	-1	-1	-1	-1	-1	1	-1	-1	-1	-1	-1
NS12376H	1	2	1	2006	-1	9	1	-1	11	-9	-9	27	27	1	-1	-1	-1	2	-1
NS12376H	2	1	7	2010	-1	5	1	-1	1	-1	-1	-1	-1	1	-1	-1	-1	1	3
NS12376H	3	2	3	2012	-1	3	1	-1	1	-1	-1	-1	-1	1	-1	-1	-1	1	3
NS12382Y	1	1	9	2013	-1	2	1	1	-1	-1	-1	-1	-1	1	-1	-1	-1	-1	-1
NS12384A	1	1	6	2012	-1	3	1	1	-1	-1	-1	-1	-1	1	-1	-1	-1	-1	-1
NS12384A	2	1	6	2014	-1	1	1	1	-1	-1	-1	-1	-1	1	-1	-1	-1	-1	-1
NS12384A	3	2	12	2015	-1	0	1	1	-1	-1	-1	-1	-1	1	-1	-1	-1	-1	-1
NS12400R	1	1	1	2010	-1	5	1	1	-1	-1	-1	-1	-1	1	-1	-1	-1	-1	-1
NS12414Q	1	1	2	2013	-1	2	1	1	-1	-1	-1	-1	-1	1	-1	-1	-1	-1	-1
NS12430A	1	2	9	2014	-1	1	1	1	-1	-1	-1	-1	-1	1	-1	-1	-1	-1	-1
NS12443Y	1	2	3	2009	-1	7	1	2	1	-1	-1	-1	-1	1	-1	-1	-1	2	-1
NS12443Y	2	2	7	2011	-1	4	1	2	1	-1	-1	-1	-1	1	-1	-1	-1	2	-1
NS12448D	1	2	11	2009	-1	6	1	1	-1	-1	-1	-1	-1	1	-1	-1	-1	-1	-1
NS12448D	2	2	10	2010	-1	5	1	1	-1	-1	-1	-1	-1	1	-1	-1	-1	-1	-1
NS12448D	3	1	3	2013	-1	3	1	1	-1	-1	-1	-1	-1	1	-1	-1	-1	-1	-1
NS12475J	1	2	-9	-9	3	3	1	1	-1	-1	-1	-1	-1	1	-1	-1	-1	-1	-1
NS12486E	1	1	5	2011	-1	4	1	1	-1	-1	-1	-1	-1	1	-1	-1	-1	-1	-1
NS12486E	2	1	3	2014	-1	1	1	1	-1	-1	-1	-1	-1	1	-1	-1	-1	-1	-1
NS12490S	1	1	11	2010	-1	5	1	-1	1	-1	-1	-1	-1	1	-1	-1	-1	1	1
NS12490S	2	2	11	2011	-1	4	1	-1	1	-1	-1	-1	-1	1	-1	-1	-1	1	1
NS12490S	3	2	1	2013	-1	3	1	-1	1	-1	-1	-1	-1	1	-1	-1	-1	1	1
NS12496Z	1	1	-9	-9	1	1	1	1	-1	-1	-1	-1	-1	1	-1	-1	-1	-1	-1
NS12516V	1	2	1	2009	-1	7	1	-1	-1	5	1983	-1	33	3	2	1	1	-1	-1
NS12516V	2	2	3	2013	-1	3	1	-1	-1	4	1983	-1	33	3	2	1	1	-1	-1
NS12539M	1	2	12	2013	-1	2	1	1	-1	-1	-1	-1	-1	1	-1	-1	-1	-1	-1
NS12543A	1	2	9	2011	-1	4	1	1	-1	-1	-1	-1	-1	1	-1	-1	-1	-1	-1
NS12543A	2	1	12	2013	-1	1	1	1	-1	-1	-1	-1	-1	1	-1	-1	-1	-1	-1
NS12543A	3	2	10	2015	-1	0	1	1	-1	-1	-1	-1	-1	1	-1	-1	-1	-1	-1
NS12566S	1	1	1	2008	-1	7	1	2	-1	-9	-9	28	28	1	-1	-1	-1	2	-1
NS12566S	2	1	5	2011	-1	4	1	1	-1	-1	-1	-1	-1	1	-1	-1	-1	-1	-1
NS12566S	3	2	12	2012	-1	3	1	1	-1	-1	-1	-1	-1	1	-1	-1	-1	-1	-1
NS12566S	4	1	5	2004	-1	11	3	1	-1	-1	-1	-1	-1	3	2	1	7	-1	-1
NS12566S	5	1	9	2007	-1	8	3	1	-1	-1	-1	-1	-1	3	2	1	6	-1	-1
NS12580A	1	1	1	2013	-1	2	1	1	-1	-1	-1	-1	-1	1	-1	-1	-1	-1	-1
NS12580A	2	2	1	2015	-1	0	1	1	-1	-1	-1	-1	-1	1	-1	-1	-1	-1	-1
NS12581B	1	2	8	2012	-1	3	1	-1	-1	-9	-9	28	28	1	-1	-1	-1	1	2
NS12581B	2	1	2	2012	-1	4	1	-1	-1	-9	-9	28	28	1	-1	-1	-1	1	2
NS12610Q	1	2	12	2009	-1	6	1	1	-1	-1	-1	-1	-1	1	-1	-1	-1	-1	-1
NS12610Q	2	2	10	2011	-1	4	1	1	-1	-1	-1	-1	-1	1	-1	-1	-1	-1	-1
NS12638N	1	2	9	2015	-1	0	1	1	-1	-1	-1	-1	-1	1	-1	-1	-1	-1	-1
NS12643C	1	2	9	2015	-1	0	1	1	-1	-1	-1	-1	-1	1	-1	-1	-1	-1	-1
NS12647G	1	2	-9	-9	2	2	1	1	-1	-1	-1	-1	-1	1	-1	-1	-1	-1	-1
NS12647G	2	1	-9	-9	0	0	1	1	-1	-1	-1	-1	-1	1	-1	-1	-1	-1	-1
NS12648H	1	1	9	2004	-1	11	1	1	-1	-1	-1	-1	-1	1	-1	-1	-1	-1	-1
NS12673L	1	1	12	2009	-1	6	1	2	1	-1	-1	-1	-1	1	-1	-1	-1	1	3
NS12673L	2	1	5	2015	-1	0	1	1	-1	-1	-1	-1	-1	1	-1	-1	-1	-1	-1
NS12689M	1	1	2	2012	-1	4	1	1	-1	-1	-1	-1	-1	1	-1	-1	-1	-1	-1
NS12689M	2	1	12	2013	-1	2	1	1	-1	-1	-1	-1	-1	1	-1	-1	-1	-1	-1
NS12713W	1	1	4	2009	-1	7	1	1	-1	-1	-1	-1	-1	1	-1	-1	-1	-1	-1
NS12713W	2	2	1	2012	-1	4	1	1	-1	-1	-1	-1	-1	1	-1	-1	-1	-1	-1
NS12713W	3	2	8	2014	-1	1	1	1	-1	-1	-1	-1	-1	1	-1	-1	-1	-1	-1
NS12718B	1	2	4	2008	-1	7	1	1	-1	-1	-1	-1	-1	1	-1	-1	-1	-1	-1
NS12718B	2	2	8	2015	-1	0	1	1	-1	-1	-1	-1	-1	1	-1	-1	-1	-1	-1
NS12735M	1	2	7	2010	-1	5	1	-1	1	-1	-1	-1	-1	2	-1	-1	1	1	2
NS12746H	1	1	3	2009	-1	7	1	1	-1	-9	-9	25	25	3	2	1	3	-1	-1
NS12751X	1	2	10	2013	-1	2	1	-1	11	-9	-9	22	22	3	1	3	7	2	-1
NS12811W	1	1	8	2010	-1	5	1	-1	1	-1	-1	-1	-1	2	-1	-1	2	4	-1
NS12811W	2	1	3	2014	-1	1	1	-1	11	-9	-9	22	22	3	2	1	5	-1	-1
NS12823S	1	2	11	2014	-1	1	1	1	-1	-1	-1	-1	-1	1	-1	-1	-1	-1	-1
NS12836Q	1	2	12	2009	-1	6	1	1	-1	-1	-1	-1	-1	1	-1	-1	-1	-1	-1
NS12836Q	2	1	1	2011	-1	5	1	1	-1	-1	-1	-1	-1	1	-1	-1	-1	-1	-1
NS12836Q	3	1	5	2015	-1	1	1	1	-1	-1	-1	-1	-1	1	-1	-1	-1	-1	-1
NS12843G	1	1	12	2014	-1	1	1	1	-1	-1	-1	-1	-1	1	-1	-1	-1	-1	-1
NS12848M	1	2	12	2007	-1	8	1	2	-1	1	1990	-1	26	2	-1	-1	1	1	1
NS12851Z	1	1	-9	-9	-9	-9	1	-1	-1	-9	-9	-9	-9	1	-1	-1	-1	2	-1
NS12851Z	2	2	-9	-9	-9	-9	1	-1	-1	-9	-9	-9	-9	1	-1	-1	-1	2	-1
NS12851Z	3	1	-9	-9	-9	-9	1	-1	-1	-9	-9	-9	-9	1	-1	-1	-1	2	-1
NS12860S	1	2	5	2009	-1	6	1	2	-1	-9	-9	28	28	1	-1	-1	-1	2	-1
NS12860S	2	2	5	2013	-1	2	1	1	-1	-1	-1	-1	-1	1	-1	-1	-1	-1	-1
NS12864X	1	2	6	2006	-1	9	1	-1	-1	-9	-9	25	25	1	-1	-1	-1	1	3
NS12864X	2	2	10	2015	-1	0	1	-1	-1	-9	-9	35	35	1	-1	-1	-1	1	4
NS12865Y	1	1	8	2015	-1	0	1	-1	1	-1	-1	-1	-1	1	-1	-1	-1	2	-1
NS12880G	1	1	3	2013	-1	2	1	1	-1	-1	-1	-1	-1	1	-1	-1	-1	-1	-1
NS12899L	1	1	12	2010	-1	5	1	1	-1	-1	-1	-1	-1	1	-1	-1	-1	-1	-1
NS12899L	2	2	8	2015	-1	0	1	1	-1	-1	-1	-1	-1	1	-1	-1	-1	-1	-1
NS12902E	1	1	1	2011	-1	5	1	-1	1	-1	-1	-1	-1	3	1	1	1	-1	-1
NS12902E	2	1	1	2013	-1	3	1	-1	1	-1	-1	-1	-1	3	1	1	1	-1	-1
NS12904G	1	2	9	2014	-1	1	1	2	1	-1	-1	-1	-1	1	-1	-1	-1	1	2
NS12925X	1	1	9	2013	-1	2	1	1	-1	-1	-1	-1	-1	1	-1	-1	-1	-1	-1
NS12938V	1	1	9	2015	-1	1	1	1	-1	-1	-1	-1	-1	1	-1	-1	-1	-1	-1
NS12944K	1	1	3	2008	-1	8	1	-1	-1	6	1988	-1	28	1	-1	-1	-1	2	-1
NS12953D	1	1	4	2015	-1	1	1	-1	2	-1	-1	-1	-1	2	-1	-1	1	1	1
NS12953D	2	1	12	2010	-1	5	3	-1	-1	-1	-1	-1	-1	2	-1	-1	1	-1	-1
NS12958J	1	2	8	2014	-1	1	1	1	-1	-1	-1	-1	-1	1	-1	-1	-1	-1	-1
NS12963Y	1	2	4	2011	-1	4	1	1	-1	-1	-1	-1	-1	1	-1	-1	-1	-1	-1
NS12963Y	2	2	11	2015	-1	0	1	1	-1	-1	-1	-1	-1	1	-1	-1	-1	-1	-1
NS13000D	1	1	-9	-9	-9	-9	1	-1	-1	-9	-9	-9	-9	1	-1	-1	-1	2	-1
NS13002F	1	2	7	2008	-1	7	1	1	-1	-1	-1	-1	-1	1	-1	-1	-1	-1	-1
NS13007L	1	1	4	2015	-1	0	1	1	-1	-1	-1	-1	-1	1	-1	-1	-1	-1	-1
NS13015D	1	2	3	2014	-1	1	1	1	-1	-1	-1	-1	-1	1	-1	-1	-1	-1	-1
NS13024X	1	1	12	2015	-1	0	1	1	-1	-1	-1	-1	-1	1	-1	-1	-1	-1	-1
NS13035S	1	1	8	2010	-1	5	1	1	-1	-1	-1	-1	-1	1	-1	-1	-1	-1	-1
NS13035S	2	2	6	2014	-1	1	1	1	-1	-1	-1	-1	-1	1	-1	-1	-1	-1	-1
NS13036T	1	2	11	2006	-1	9	1	-1	-1	-9	-9	36	36	1	-1	-1	-1	2	-1
NS13045M	1	2	-9	-9	-9	-9	-9	-1	-1	-1	-1	-1	-1	-9	-1	-1	-1	-1	-1
NS13045M	2	2	-9	-9	-9	-9	-9	-1	-1	-1	-1	-1	-1	-9	-1	-1	-1	-1	-1
NS13056H	1	1	8	2013	-1	2	1	1	-1	-1	-1	-1	-1	1	-1	-1	-1	-1	-1
NS13062Y	1	2	11	2015	-1	0	1	1	-1	-1	-1	-1	-1	1	-1	-1	-1	-1	-1
NS13065B	1	2	2	2013	-1	3	1	-1	1	-1	-1	-1	-1	2	-1	-1	1	1	1
NS13077Y	1	1	6	2015	-1	1	1	1	-1	-1	-1	-1	-1	1	-1	-1	-1	-1	-1
NS13085Q	1	2	4	2016	-1	0	1	1	-1	-1	-1	-1	-1	1	-1	-1	-1	-1	-1
NS13117H	1	2	7	2014	-1	1	1	1	-1	-1	-1	-1	-1	1	-1	-1	-1	-1	-1
NS13128D	1	1	3	2009	-1	6	1	-1	-9	-1	-1	-1	-1	1	-1	-1	-1	2	-1
NS13128D	2	1	4	2013	-1	2	1	-1	-9	-1	-1	-1	-1	1	-1	-1	-1	1	1
NS13129E	1	2	11	2012	-1	3	1	1	-1	-1	-1	-1	-1	1	-1	-1	-1	-1	-1
NS13129E	2	2	10	2014	-1	1	1	1	-1	-1	-1	-1	-1	1	-1	-1	-1	-1	-1
NS13134T	1	2	10	2014	-1	1	1	1	-1	-1	-1	-1	-1	1	-1	-1	-1	-1	-1
NS13141K	1	2	8	2015	-1	0	1	-1	-1	1	1989	-1	26	1	-1	-1	-1	1	1
NS13165D	1	2	10	2015	-1	0	1	1	-1	-1	-1	-1	-1	1	-1	-1	-1	-1	-1
NS13166E	1	1	9	2013	-1	2	1	1	-1	-1	-1	-1	-1	1	-1	-1	-1	-1	-1
NS13166E	2	2	9	2013	-1	2	1	1	-1	-1	-1	-1	-1	1	-1	-1	-1	-1	-1
NS13172V	1	1	-9	-9	3	3	1	-1	1	-1	-1	-1	-1	3	1	1	1	-1	-1
NS13172V	2	1	-9	-9	1	1	1	-1	1	-1	-1	-1	-1	3	2	1	1	-1	-1
NS13192J	1	2	9	2014	-1	0	1	1	-1	-1	-1	-1	-1	1	-1	-1	-1	-1	-1
NS13224B	1	2	7	2010	-1	5	1	1	-1	-1	-1	-1	-1	1	-1	-1	-1	-1	-1
NS13229G	1	2	2	2011	-1	4	1	1	-1	-1	-1	-1	-1	1	-1	-1	-1	-1	-1
NS13229G	2	1	9	2010	-1	5	1	1	-1	-1	-1	-1	-1	1	-1	-1	-1	-1	-1
NS13239B	1	1	3	2013	-1	2	1	1	-1	-1	-1	-1	-1	1	-1	-1	-1	-1	-1
NS13248V	1	1	8	2011	-1	4	1	-1	1	-1	-1	-1	-1	2	-1	-1	2	1	1
NS13261B	1	2	10	2015	-1	0	1	1	-1	-1	-1	-1	-1	1	-1	-1	-1	-1	-1
NS13262C	1	2	6	2008	-1	7	1	-1	-1	12	1990	-1	25	1	-1	-1	-1	1	1
NS13262C	2	2	7	2010	-1	5	1	-1	-1	12	1990	-1	25	1	-1	-1	-1	1	1
NS13262C	3	2	1	2015	-1	1	1	-1	-1	12	1990	-1	25	1	-1	-1	-1	1	1
NS13275A	1	2	9	2011	-1	4	1	1	-1	-1	-1	-1	-1	1	-1	-1	-1	-1	-1
NS13275A	2	2	6	2014	-1	1	1	1	-1	-1	-1	-1	-1	1	-1	-1	-1	-1	-1
NS13277C	1	2	3	2012	-1	3	1	1	-1	-1	-1	-1	-1	1	-1	-1	-1	-1	-1
NS13283S	1	1	12	2015	-1	0	1	1	-1	-1	-1	-1	-1	1	-1	-1	-1	-1	-1
NS13297R	1	1	-9	-9	7	7	1	2	-1	-9	-9	25	25	1	-1	-1	-1	1	5
NS13297R	2	2	-9	-9	5	5	1	2	-1	-9	-9	25	25	1	-1	-1	-1	1	5
NS13297R	3	1	-9	-9	2	2	1	1	-1	-1	-1	-1	-1	1	-1	-1	-1	-1	-1
NS13301L	1	1	10	2014	-1	1	1	-1	1	-1	-1	-1	-1	1	-1	-1	-1	1	2
NS13317M	1	2	10	2012	-1	2	1	-1	-1	8	1985	-1	30	1	-1	-1	-1	1	2
NS13319P	1	2	6	2008	-1	7	1	-1	1	-1	-1	-1	-1	1	-1	-1	-1	1	1
NS13330T	1	2	1	2009	-1	7	1	2	1	-1	-1	-1	-1	2	-1	-1	2	1	1
NS13331V	1	2	11	2013	-1	1	1	-1	1	-1	-1	-1	-1	3	1	1	7	-1	-1
NS13341P	1	1	3	2012	-1	4	1	-1	-1	10	1990	-1	25	3	2	1	1	-1	-1
NS13341P	2	1	11	2010	-1	5	1	-1	-1	11	1990	-1	25	3	2	9	-1	-1	-1
NS13349Y	1	1	3	2010	-1	6	1	2	-1	3	1992	-1	24	1	-1	-1	-1	1	2
NS13349Y	2	2	6	2015	-1	0	1	1	-1	-1	-1	-1	-1	1	-1	-1	-1	-1	-1
NS13351J	1	1	12	2013	-1	2	1	-1	1	-1	-1	-1	-1	1	-1	-1	-1	1	2
NS13351J	2	2	10	2015	-1	0	1	-1	1	-1	-1	-1	-1	1	-1	-1	-1	1	2
NS13372Z	1	1	7	2012	-1	3	1	1	-1	-1	-1	-1	-1	1	-1	-1	-1	-1	-1
NS13372Z	2	2	12	2014	-1	1	1	1	-1	-1	-1	-1	-1	1	-1	-1	-1	-1	-1
NS13375C	1	2	1	2013	-1	3	1	1	-1	-1	-1	-1	-1	1	-1	-1	-1	-1	-1
NS13386Y	1	2	2	2012	-1	3	1	-1	1	-1	-1	-1	-1	1	-1	-1	-1	1	3
NS13390L	1	1	2	2009	-1	7	1	2	-1	10	1979	-1	36	1	-1	-1	-1	1	4
NS13390L	2	2	10	2014	-1	1	1	1	-1	-1	-1	-1	-1	1	-1	-1	-1	-1	-1
NS13392N	1	1	8	2010	-1	5	1	-1	1	-1	-1	-1	-1	1	-1	-1	-1	2	-1
NS13402P	1	1	12	2008	-1	7	1	2	-1	-9	-9	27	27	3	2	1	7	-1	-1
NS13402P	2	2	2	2011	-1	5	1	1	-1	-1	-1	-1	-1	3	1	3	7	-1	-1
NS13404R	1	1	5	2014	-1	1	1	1	-1	-1	-1	-1	-1	1	-1	-1	-1	-1	-1
NS13405S	1	2	11	2015	-1	0	1	1	-1	-1	-1	-1	-1	1	-1	-1	-1	-1	-1
NS13406T	1	1	2	2012	-1	3	1	1	-1	-1	-1	-1	-1	1	-1	-1	-1	-1	-1
NS13406T	2	2	1	2014	-1	1	1	1	-1	-1	-1	-1	-1	1	-1	-1	-1	-1	-1
NS13453N	1	1	5	2015	-1	0	1	1	-1	-1	-1	-1	-1	1	-1	-1	-1	-1	-1
NS13459V	1	2	1	2011	-1	5	1	1	-1	-1	-1	-1	-1	1	-1	-1	-1	-1	-1
NS13459V	2	1	11	2015	-1	0	1	1	-1	-1	-1	-1	-1	1	-1	-1	-1	-1	-1
NS13512L	1	1	6	2011	-1	4	1	1	-1	-1	-1	-1	-1	1	-1	-1	-1	-1	-1
NS13512L	2	1	6	2013	-1	2	2	1	-1	-1	-1	-1	-1	1	-1	-1	-1	-1	-1
NS13512L	3	2	7	2014	-1	1	1	1	-1	-1	-1	-1	-1	1	-1	-1	-1	-1	-1
NS13523G	1	2	3	2015	-1	0	1	1	-1	-1	-1	-1	-1	1	-1	-1	-1	-1	-1
NS13526K	1	2	10	2013	-1	2	1	1	-1	-1	-1	-1	-1	1	-1	-1	-1	-1	-1
NS13530Y	1	2	6	2008	-1	7	1	-1	1	-1	-1	-1	-1	1	-1	-1	-1	1	2
NS13530Y	2	1	11	2010	-1	5	1	-1	1	-1	-1	-1	-1	1	-1	-1	-1	1	2
NS13541T	1	1	8	2009	-1	6	1	2	1	-1	-1	-1	-1	1	-1	-1	-1	1	4
NS13541T	2	1	8	2010	-1	5	1	2	1	-1	-1	-1	-1	1	-1	-1	-1	1	4
NS13541T	3	1	7	2013	-1	2	1	1	-1	-1	-1	-1	-1	1	-1	-1	-1	-1	-1
NS13542V	1	2	2	2009	-1	6	1	-1	11	-9	-9	62	62	1	-1	-1	-1	2	-1
NS13542V	2	2	5	2013	-1	2	1	-1	1	-1	-1	-1	-1	1	-1	-1	-1	1	3
NS13543W	1	1	1	2011	-1	5	1	-1	-1	-9	-9	26	26	3	2	1	1	-1	-1
NS13543W	2	2	1	2015	-1	1	1	-1	-1	-9	-9	26	26	3	2	1	1	-1	-1
NS13558W	1	2	11	2011	-1	4	1	1	-1	-1	-1	-1	-1	1	-1	-1	-1	-1	-1
NS13558W	2	2	10	2012	-1	3	1	1	-1	-1	-1	-1	-1	1	-1	-1	-1	-1	-1
NS13558W	3	2	5	2015	-1	1	1	1	-1	-1	-1	-1	-1	1	-1	-1	-1	-1	-1
NS13560G	1	1	1	2013	-1	3	1	1	-1	-1	-1	-1	-1	1	-1	-1	-1	-1	-1
NS13560G	2	2	7	2014	-1	1	1	1	-1	-1	-1	-1	-1	1	-1	-1	-1	-1	-1
NS13560G	3	2	7	2014	-1	1	1	1	-1	-1	-1	-1	-1	1	-1	-1	-1	-1	-1
NS13571C	1	2	6	2013	-1	3	1	1	-1	-1	-1	-1	-1	1	-1	-1	-1	-1	-1
NS13571C	2	2	1	2016	-1	0	1	1	-1	-1	-1	-1	-1	1	-1	-1	-1	-1	-1
NS13591R	1	1	1	2010	-1	6	1	-1	1	-1	-1	-1	-1	1	-1	-1	-1	2	-1
NS13591R	2	2	5	2012	-1	3	1	-1	1	-1	-1	-1	-1	1	-1	-1	-1	2	-1
NS13591R	3	2	7	2014	-1	1	1	-1	11	8	1991	-1	24	1	-1	-1	-1	1	1
NS13607Z	1	1	8	2008	-1	7	1	-1	-1	6	1987	-1	28	1	-1	-1	-1	1	1
NS13607Z	2	2	3	2011	-1	5	1	-1	-1	6	1987	-1	28	1	-1	-1	-1	1	1
NS13622H	1	1	9	2013	-1	2	1	1	-1	-1	-1	-1	-1	1	-1	-1	-1	-1	-1
NS13627N	1	2	10	2010	-1	5	1	-1	-1	12	1985	-1	29	1	-1	-1	-1	1	1
NS13627N	2	1	10	2014	-1	1	1	-1	-1	12	1985	-1	29	1	-1	-1	-1	1	1
NS13644Z	1	1	4	2015	-1	1	1	1	-1	-1	-1	-1	-1	1	-1	-1	-1	-1	-1
NS13657X	1	2	3	2010	-1	5	1	-1	1	-1	-1	-1	-1	1	-1	-1	-1	1	2
NS13661K	1	2	10	2009	-1	6	1	-1	-1	-9	-9	-9	-9	2	-1	-1	1	1	1
NS13675J	1	2	10	2015	-1	0	1	1	-1	-1	-1	-1	-1	1	-1	-1	-1	-1	-1
NS13704Y	1	2	8	2013	-1	2	1	1	-1	-1	-1	-1	-1	1	-1	-1	-1	-1	-1
NS13711P	1	1	4	2011	-1	5	1	2	1	-1	-1	-1	-1	2	-1	-1	2	1	1
NS13722K	1	1	7	2014	-1	1	1	-1	1	-1	-1	-1	-1	1	-1	-1	-1	2	-1
NS13723L	1	2	3	2015	-1	0	1	1	-1	-1	-1	-1	-1	1	-1	-1	-1	-1	-1
NS13723L	2	2	3	2015	-1	0	1	1	-1	-1	-1	-1	-1	1	-1	-1	-1	-1	-1
NS13728R	1	2	7	2016	-1	0	1	1	-1	-1	-1	-1	-1	1	-1	-1	-1	-1	-1
NS13735H	1	1	5	2012	-1	3	1	1	-1	-1	-1	-1	-1	1	-1	-1	-1	-1	-1
NS13749G	1	2	1	2009	-1	6	1	-1	-1	10	1988	-1	27	1	-1	-1	-1	2	-1
NS13749G	2	2	10	2011	-1	4	1	-1	-1	10	1988	-1	27	1	-1	-1	-1	2	-1
NS13753V	1	1	2	2009	-1	6	1	-1	1	-1	-1	-1	-1	1	-1	-1	-1	1	3
NS13754W	1	2	1	2014	-1	2	1	-1	1	-1	-1	-1	-1	1	-1	-1	-1	2	-1
NS13758A	1	2	1	2010	-1	5	1	-1	-1	3	1991	-1	24	1	-1	-1	-1	2	-1
NS13761M	1	1	11	2012	-1	3	1	-1	-1	9	1978	-1	37	1	-1	-1	-1	1	4
NS13761M	2	1	11	2012	-1	3	1	-1	-1	9	1978	-1	37	1	-1	-1	-1	1	4
NS13768V	1	1	6	2008	-1	7	1	1	-1	-1	-1	-1	-1	1	-1	-1	-1	-1	-1
NS13768V	2	1	4	2012	-1	4	1	1	-1	-1	-1	-1	-1	1	-1	-1	-1	-1	-1
NS13777N	1	2	7	2006	-1	9	1	1	-1	-1	-1	-1	-1	1	-1	-1	-1	-1	-1
NS13777N	2	1	7	2012	-1	3	1	1	-1	-1	-1	-1	-1	1	-1	-1	-1	-1	-1
NS13777N	3	2	8	2015	-1	0	1	1	-1	-1	-1	-1	-1	1	-1	-1	-1	-1	-1
NS13783D	1	1	9	2009	-1	6	1	-1	1	-1	-1	-1	-1	1	-1	-1	-1	2	-1
NS13787H	1	2	8	2006	-1	9	1	-1	-1	5	1975	-1	40	1	-1	-1	-1	2	-1
NS13787H	2	1	9	2009	-1	6	1	-1	-1	11	1985	-1	29	1	-1	-1	-1	2	-1
NS13789K	1	2	4	2013	-1	3	1	1	-1	-1	-1	-1	-1	1	-1	-1	-1	-1	-1
NS13797C	1	1	-9	-9	-9	-9	1	-1	-1	-9	-9	-9	-9	1	-1	-1	-1	2	-1
NS13797C	2	2	-9	-9	-9	-9	1	-1	-1	-9	-9	-9	-9	1	-1	-1	-1	2	-1
NS13797C	3	2	-9	-9	-9	-9	1	-1	-1	-9	-9	-9	-9	1	-1	-1	-1	2	-1
NS13797C	4	2	-9	-9	-9	-9	1	-1	-1	-9	-9	-9	-9	1	-1	-1	-1	2	-1
NS13804A	1	2	9	2004	-1	11	2	1	-1	-1	-1	-1	-1	1	-1	-1	-1	-1	-1
NS13804A	2	2	10	2009	-1	6	2	1	-1	-1	-1	-1	-1	1	-1	-1	-1	-1	-1
NS13804A	3	1	1	2010	-1	6	1	2	-1	5	1993	-1	22	2	-1	-1	1	1	1
NS13804A	4	2	9	2014	-1	1	1	1	-1	-1	-1	-1	-1	1	-1	-1	-1	-1	-1
NS13807D	1	2	12	2009	-1	6	1	2	1	-1	-1	-1	-1	1	-1	-1	-1	1	2
NS13815W	1	1	3	2010	-1	5	1	1	-1	-1	-1	-1	-1	1	-1	-1	-1	-1	-1
NS13815W	2	2	3	2012	-1	3	1	1	-1	-1	-1	-1	-1	1	-1	-1	-1	-1	-1
NS13818Z	1	1	1	2013	-1	3	1	-1	1	-1	-1	-1	-1	3	1	1	1	-1	-1
NS13818Z	2	2	5	2014	-1	1	1	-1	1	-1	-1	-1	-1	3	1	1	1	-1	-1
NS13823N	1	2	2	2011	-1	4	1	2	1	-1	-1	-1	-1	3	1	1	2	-1	-1
NS13826R	1	1	7	2015	-1	0	1	-1	1	-1	-1	-1	-1	1	-1	-1	-1	2	-1
NS13828T	1	2	9	2015	-1	0	1	1	-1	-1	-1	-1	-1	1	-1	-1	-1	-1	-1
NS13849J	1	2	12	2011	-1	4	1	1	-1	-1	-1	-1	-1	1	-1	-1	-1	-1	-1
NS13849J	2	1	9	2014	-1	1	1	1	-1	-1	-1	-1	-1	1	-1	-1	-1	-1	-1
NS13862Q	1	2	9	2013	-1	2	1	1	-1	-1	-1	-1	-1	1	-1	-1	-1	-1	-1
NS13890X	1	2	-9	-9	5	5	1	-1	1	-1	-1	-1	-1	3	1	1	3	-1	-1
NS13890X	2	1	5	2012	-1	4	1	-1	1	-1	-1	-1	-1	3	1	1	3	-1	-1
NS13928W	1	2	8	2014	-1	1	1	-1	11	6	1992	-1	23	1	-1	-1	-1	2	-1
NS13929X	1	1	6	2015	-1	0	1	1	-1	-1	-1	-1	-1	1	-1	-1	-1	-1	-1
NS13943E	1	2	4	2008	-1	8	1	-1	1	-1	-1	-1	-1	3	1	1	1	-1	-1
NS13943E	2	2	4	2009	-1	7	1	-1	1	-1	-1	-1	-1	3	1	1	1	-1	-1
NS13943E	3	1	4	2013	-1	3	1	-1	1	-1	-1	-1	-1	3	1	1	1	-1	-1
NS13952Y	1	2	7	2012	-1	3	1	1	-1	-1	-1	-1	-1	1	-1	-1	-1	-1	-1
NS13955B	1	1	11	2011	-1	4	1	-1	-1	3	1992	-1	23	3	2	1	1	-1	-1
NS13956C	1	2	5	2012	-1	3	3	1	-1	-1	-1	-1	-1	1	-1	-1	-1	-1	-1
NS13966X	1	1	1	2011	-1	5	1	-1	-1	2	1989	-1	26	1	-1	-1	-1	1	3
NS13966X	2	2	3	2014	-1	1	1	-1	-1	2	1989	-1	26	1	-1	-1	-1	1	3
NS13971L	1	2	5	2010	-1	5	1	1	-1	-1	-1	-1	-1	1	-1	-1	-1	-1	-1
NS13971L	2	2	9	2015	-1	0	1	1	-1	-1	-1	-1	-1	1	-1	-1	-1	-1	-1
NS13973N	1	1	1	2014	-1	2	1	-1	11	9	1990	-1	25	1	-1	-1	-1	1	1
NS13973N	2	1	5	2008	-1	8	1	-1	1	-1	-1	-1	-1	1	-1	-1	-1	1	3
NS13979V	1	2	11	2014	-1	1	1	1	-1	-1	-1	-1	-1	1	-1	-1	-1	-1	-1
NS14008H	1	2	12	2013	-1	2	1	1	-1	-1	-1	-1	-1	1	-1	-1	-1	-1	-1
NS14012W	1	2	6	2011	-1	4	1	1	-1	-1	-1	-1	-1	1	-1	-1	-1	-1	-1
NS14025T	1	1	12	2004	-1	11	3	1	-1	-1	-1	-1	-1	1	-1	-1	-1	-1	-1
NS14028X	1	1	4	2014	-1	1	1	1	-1	-1	-1	-1	-1	1	-1	-1	-1	-1	-1
NS14036P	1	1	1	2008	-1	8	1	-1	-1	2	1988	-1	28	1	-1	-1	-1	1	1
NS14036P	2	2	9	2010	-1	5	1	-1	-1	2	1988	-1	28	1	-1	-1	-1	1	1
NS14050X	1	1	1	2011	-1	5	1	2	-1	5	1988	-1	27	1	-1	-1	-1	2	-1
NS14050X	2	2	2	2016	-1	0	1	1	-1	-1	-1	-1	-1	1	-1	-1	-1	-1	-1
NS14056D	1	2	7	2012	-1	3	1	1	-1	-1	-1	-1	-1	1	-1	-1	-1	-1	-1
NS14064W	1	1	11	2009	-1	6	1	-1	1	-9	-9	28	28	1	-1	-1	-1	2	-1
NS14079W	1	2	1	2011	-1	4	1	-1	1	-1	-1	-1	-1	1	-1	-1	-1	1	3
NS14080F	1	1	12	2012	-1	3	1	-1	-1	4	1987	-1	28	1	-1	-1	-1	1	3
NS14102D	1	1	4	2014	-1	1	1	1	-1	-1	-1	-1	-1	1	-1	-1	-1	-1	-1
NS14104F	1	1	9	2012	-1	3	1	1	-1	-1	-1	-1	-1	1	-1	-1	-1	-1	-1
NS14104F	2	2	4	2016	-1	0	1	1	-1	-1	-1	-1	-1	1	-1	-1	-1	-1	-1
NS14105G	1	1	8	2010	-1	5	1	1	-1	-1	-1	-1	-1	1	-1	-1	-1	-1	-1
NS14105G	2	1	6	2012	-1	3	1	1	-1	-1	-1	-1	-1	1	-1	-1	-1	-1	-1
NS14106H	1	2	10	2014	-1	1	1	-1	-1	2	1995	-1	21	3	2	1	5	-1	-1
NS14110W	1	1	1	2010	-1	6	1	-1	-1	10	1987	-1	28	1	-1	-1	-1	1	2
NS14110W	2	2	12	2010	-1	5	1	-1	-1	10	1987	-1	28	1	-1	-1	-1	1	2
NS14123T	1	1	11	2004	-1	11	3	1	-1	-1	-1	-1	-1	2	-1	-1	3	-1	-1
NS14123T	2	1	5	2015	-1	0	1	1	-1	-1	-1	-1	-1	1	-1	-1	-1	-1	-1
NS14127Y	1	1	9	2009	-1	6	1	-1	-9	-1	-1	-1	-1	1	-1	-1	-1	1	3
NS14148N	1	2	12	2012	-1	3	1	-1	-1	-9	-9	28	28	1	-1	-1	-1	2	-1
NS14148N	2	2	2	2016	-1	0	1	-1	-1	2	1988	-1	28	1	-1	-1	-1	1	1
NS14166A	1	1	12	2014	-1	1	1	1	-1	-1	-1	-1	-1	1	-1	-1	-1	-1	-1
NS14173R	1	1	7	2013	-1	3	1	-1	-1	-9	-9	-9	-9	3	2	1	3	-1	-1
NS14190C	1	2	6	2010	-1	5	1	1	-1	-1	-1	-1	-1	1	-1	-1	-1	-1	-1
NS14190C	2	2	2	2013	-1	3	1	1	-1	-1	-1	-1	-1	1	-1	-1	-1	-1	-1
NS14190C	3	1	2	2015	-1	1	1	1	-1	-1	-1	-1	-1	1	-1	-1	-1	-1	-1
NS14191D	1	2	4	2009	-1	6	1	1	-1	-1	-1	-1	-1	1	-1	-1	-1	-1	-1
NS14191D	2	1	4	2012	-1	3	1	1	-1	-1	-1	-1	-1	1	-1	-1	-1	-1	-1
NS14191D	3	2	11	2014	-1	1	1	1	-1	-1	-1	-1	-1	1	-1	-1	-1	-1	-1
NS14208M	1	2	3	2010	-1	5	1	2	-1	-9	-9	29	29	1	-1	-1	-1	1	3
NS14208M	2	1	3	2014	-1	1	1	1	-1	-1	-1	-1	-1	1	-1	-1	-1	-1	-1
NS14211Z	1	1	5	2007	-1	8	1	-1	1	-1	-1	-1	-1	1	-1	-1	-1	2	-1
NS14234R	1	2	4	2009	-1	7	1	-1	1	-1	-1	-1	-1	2	-1	-1	1	1	1
NS14234R	2	2	8	2014	-1	1	1	-1	11	1	1989	-1	27	1	-1	-1	-1	1	2
NS14248Q	1	1	-9	-9	7	7	1	1	-1	-1	-1	-1	-1	1	-1	-1	-1	-1	-1
NS14248Q	2	2	-9	-9	1	1	1	1	-1	-1	-1	-1	-1	1	-1	-1	-1	-1	-1
NS14252D	1	1	6	2007	-1	8	1	1	-1	-1	-1	-1	-1	1	-1	-1	-1	-1	-1
NS14252D	2	2	5	2008	-1	7	1	1	-1	-1	-1	-1	-1	1	-1	-1	-1	-1	-1
NS14262Y	1	2	9	2015	-1	0	1	1	-1	-1	-1	-1	-1	1	-1	-1	-1	-1	-1
NS14281L	1	1	11	2008	-1	7	1	1	-1	-1	-1	-1	-1	1	-1	-1	-1	-1	-1
NS14281L	2	1	9	2009	-1	7	1	1	-1	-1	-1	-1	-1	1	-1	-1	-1	-1	-1
NS14281L	3	1	3	2016	-1	0	1	1	-1	-1	-1	-1	-1	1	-1	-1	-1	-1	-1
NS14301G	1	2	6	2011	-1	4	1	1	-1	-1	-1	-1	-1	1	-1	-1	-1	-1	-1
NS14301G	2	1	2	2008	-1	8	1	1	-1	-1	-1	-1	-1	1	-1	-1	-1	-1	-1
NS14320V	1	1	6	2007	-1	8	1	-1	-1	-9	-9	-9	-9	1	-1	-1	-1	2	-1
NS14320V	2	2	4	2014	-1	1	1	-1	-1	-9	-9	-9	-9	1	-1	-1	-1	1	3
NS14334T	1	2	10	2014	-1	1	1	1	-1	-1	-1	-1	-1	1	-1	-1	-1	-1	-1
NS14347R	1	1	12	2008	-1	7	1	2	-9	-1	-1	-1	-1	3	1	1	4	-1	-1
NS14371T	1	1	9	2007	-1	8	1	2	-1	9	1989	-1	26	1	-1	-1	-1	1	3
NS14371T	2	2	8	2010	-1	5	1	1	-1	-1	-1	-1	-1	1	-1	-1	-1	-1	-1
NS14371T	3	1	10	2014	-1	1	1	1	-1	-1	-1	-1	-1	1	-1	-1	-1	-1	-1
NS14373W	1	2	2	2015	-1	0	1	1	-1	-1	-1	-1	-1	1	-1	-1	-1	-1	-1
NS14373W	2	1	2	2011	-1	4	3	1	-1	-1	-1	-1	-1	2	-1	-1	1	-1	-1
NS14386T	1	1	2	2013	-1	2	1	1	-1	-1	-1	-1	-1	1	-1	-1	-1	-1	-1
NS14386T	2	2	12	2010	-1	4	1	1	-1	-1	-1	-1	-1	1	-1	-1	-1	-1	-1
NS14398Q	1	1	-9	-9	7	7	1	-1	1	-1	-1	-1	-1	1	-1	-1	-1	2	-1
NS14398Q	2	2	1	2010	-1	6	1	-1	1	-1	-1	-1	-1	1	-1	-1	-1	2	-1
NS14398Q	3	1	9	2012	-1	3	1	-1	11	8	1989	-1	26	1	-1	-1	-1	1	1
NS14398Q	4	1	-9	-9	2	2	1	-1	11	8	1989	-1	26	1	-1	-1	-1	1	1
NS14407Q	1	1	2	2012	-1	3	1	-1	11	-9	-9	48	48	1	-1	-1	-1	2	-1
NS14407Q	2	2	8	2013	-1	2	1	-1	11	-9	-9	48	48	1	-1	-1	-1	2	-1
NS14408R	1	2	8	2009	-1	6	3	1	-1	-1	-1	-1	-1	1	-1	-1	-1	-1	-1
NS14436Y	1	1	9	2014	-1	1	1	-1	1	-1	-1	-1	-1	2	-1	-1	1	1	2
NS14443P	1	2	-9	-9	2	2	1	1	-1	-1	-1	-1	-1	1	-1	-1	-1	-1	-1
NS14447T	1	2	12	2008	-1	7	1	-1	-1	6	1981	-1	34	1	-1	-1	-1	1	2
NS14464E	1	1	1	2012	-1	3	1	-1	1	-1	-1	-1	-1	1	-1	-1	-1	1	2
NS14469K	1	1	9	2008	-1	7	1	2	-1	1	1988	-1	28	1	-1	-1	-1	2	-1
NS14469K	2	2	6	2014	-1	1	1	1	-1	-1	-1	-1	-1	1	-1	-1	-1	-1	-1
NS14474Z	1	1	3	2008	-1	7	1	1	-1	-1	-1	-1	-1	1	-1	-1	-1	-1	-1
NS14474Z	2	1	7	2009	-1	6	1	1	-1	-1	-1	-1	-1	1	-1	-1	-1	-1	-1
NS14474Z	3	2	10	2012	-1	3	1	1	-1	-1	-1	-1	-1	1	-1	-1	-1	-1	-1
NS14474Z	4	1	6	2015	-1	0	1	1	-1	-1	-1	-1	-1	1	-1	-1	-1	-1	-1
NS14475A	1	2	10	2014	-1	1	1	1	-1	-1	-1	-1	-1	1	-1	-1	-1	-1	-1
NS14481Q	1	1	2	2009	-1	7	1	1	-1	-1	-1	-1	-1	1	-1	-1	-1	-1	-1
NS14481Q	2	1	2	2012	-1	4	1	1	-1	-1	-1	-1	-1	1	-1	-1	-1	-1	-1
NS14491K	1	1	8	2013	-1	2	1	1	-1	-1	-1	-1	-1	1	-1	-1	-1	-1	-1
NS14491K	2	1	9	2015	-1	0	1	1	-1	-1	-1	-1	-1	1	-1	-1	-1	-1	-1
NS14499T	1	2	9	2013	-1	2	1	1	-1	-1	-1	-1	-1	1	-1	-1	-1	-1	-1
NS14499T	2	2	8	2015	-1	0	1	1	-1	-1	-1	-1	-1	1	-1	-1	-1	-1	-1
NS14509V	1	2	2	2008	-1	8	1	-1	1	-1	-1	-1	-1	1	-1	-1	-1	2	-1
NS14512G	1	2	3	2008	-1	7	1	-1	-1	11	1989	-1	26	1	-1	-1	-1	1	2
NS14517M	1	2	11	2011	-1	4	1	-1	1	-1	-1	-1	-1	1	-1	-1	-1	1	1
NS14517M	2	1	5	2014	-1	1	1	-1	1	-1	-1	-1	-1	1	-1	-1	-1	1	1
NS14524D	1	1	5	2012	-1	3	1	1	-1	-1	-1	-1	-1	1	-1	-1	-1	-1	-1
NS14542Q	1	2	6	2015	-1	0	1	1	-1	-1	-1	-1	-1	1	-1	-1	-1	-1	-1
NS14566J	1	2	7	2012	-1	3	1	1	-1	-1	-1	-1	-1	1	-1	-1	-1	-1	-1
NS14566J	2	2	7	2013	-1	2	1	1	-1	-1	-1	-1	-1	1	-1	-1	-1	-1	-1
NS14569M	1	1	1	2008	-1	8	1	-1	11	-9	-9	35	35	1	-1	-1	-1	1	6
NS14569M	2	1	6	2014	-1	1	1	-1	1	-1	-1	-1	-1	1	-1	-1	-1	1	6
NS14569M	3	2	10	2015	-1	0	1	-1	1	-1	-1	-1	-1	1	-1	-1	-1	1	6
NS14578F	1	1	4	2014	-1	2	1	1	-1	-1	-1	-1	-1	1	-1	-1	-1	-1	-1
NS14584W	1	1	-9	-9	0	0	1	1	-1	-1	-1	-1	-1	1	-1	-1	-1	-1	-1
NS14597T	1	1	9	2008	-1	7	1	1	-1	-1	-1	-1	-1	1	-1	-1	-1	-1	-1
NS14597T	2	2	2	2012	-1	4	1	1	-1	-1	-1	-1	-1	1	-1	-1	-1	-1	-1
NS14617P	1	2	3	2011	-1	4	1	1	-1	-1	-1	-1	-1	1	-1	-1	-1	-1	-1
NS14617P	2	1	10	2013	-1	2	1	1	-1	-1	-1	-1	-1	1	-1	-1	-1	-1	-1
NS14637D	1	2	-9	-9	-9	-9	1	1	-1	-1	-1	-1	-1	1	-1	-1	-1	-1	-1
NS14654P	1	2	11	2012	-1	3	1	1	-1	-1	-1	-1	-1	1	-1	-1	-1	-1	-1
NS14654P	2	1	4	2014	-1	1	1	1	-1	-1	-1	-1	-1	1	-1	-1	-1	-1	-1
NS14669P	1	2	9	2009	-1	6	1	1	-1	-1	-1	-1	-1	1	-1	-1	-1	-1	-1
NS14679J	1	1	7	2009	-1	6	1	-1	-1	-9	-9	-8	-8	1	-1	-1	-1	2	-1
NS14679J	2	1	10	2014	-1	1	1	-1	-1	-9	-9	-8	-8	1	-1	-1	-1	2	-1
NS14681V	1	1	11	2015	-1	0	1	-1	-1	11	1999	-1	16	3	2	1	4	-1	-1
NS14698X	1	1	1	2008	-1	8	1	2	-1	6	1988	-1	28	1	-1	-1	-1	1	2
NS14698X	2	2	10	2006	-1	9	5	1	-1	-1	-1	-1	-1	2	-1	-1	2	-1	-1
NS14730Y	1	2	-9	-9	3	3	1	1	-1	-1	-1	-1	-1	1	-1	-1	-1	-1	-1
NS14743W	1	2	6	2009	-1	6	1	2	1	-1	-1	-1	-1	1	-1	-1	-1	2	-1
NS14786C	1	2	6	2011	-1	4	1	2	1	-1	-1	-1	-1	2	-1	-1	1	1	1
NS14786C	2	2	6	2012	-1	3	1	2	1	-1	-1	-1	-1	2	-1	-1	1	1	1
NS14793T	1	1	4	2009	-1	7	1	1	-1	-1	-1	-1	-1	1	-1	-1	-1	-1	-1
NS14793T	2	1	1	2013	-1	3	1	1	-1	-1	-1	-1	-1	1	-1	-1	-1	-1	-1
NS14794V	1	1	5	2009	-1	7	1	1	-1	-1	-1	-1	-1	1	-1	-1	-1	-1	-1
NS14794V	2	1	8	2014	-1	1	1	1	-1	-1	-1	-1	-1	1	-1	-1	-1	-1	-1
NS14794V	3	1	4	2016	-1	0	1	1	-1	-1	-1	-1	-1	1	-1	-1	-1	-1	-1
NS14795W	1	2	11	2011	-1	4	1	1	-1	-1	-1	-1	-1	1	-1	-1	-1	-1	-1
NS14795W	2	1	9	2013	-1	2	1	1	-1	-1	-1	-1	-1	1	-1	-1	-1	-1	-1
NS14801S	1	2	11	2012	-1	3	1	1	-1	-1	-1	-1	-1	1	-1	-1	-1	-1	-1
NS14801S	2	2	4	2014	-1	1	1	1	-1	-1	-1	-1	-1	1	-1	-1	-1	-1	-1
NS14806Y	1	2	6	2013	-1	2	1	-1	-1	3	1986	-1	30	1	-1	-1	-1	2	-1
NS14831B	1	2	3	2012	-1	3	1	-1	1	-1	-1	-1	-1	1	-1	-1	-1	1	1
NS14866Q	1	1	10	2010	-1	5	1	1	-1	-1	-1	-1	-1	1	-1	-1	-1	-1	-1
NS14874H	1	1	10	2015	-1	0	1	1	-1	-1	-1	-1	-1	1	-1	-1	-1	-1	-1
NS14880Y	1	1	1	2010	-1	6	1	1	-1	-1	-1	-1	-1	1	-1	-1	-1	-1	-1
NS14880Y	2	1	6	2012	-1	3	1	1	-1	-1	-1	-1	-1	1	-1	-1	-1	-1	-1
NS14880Y	3	1	1	2015	-1	1	1	1	-1	-1	-1	-1	-1	1	-1	-1	-1	-1	-1
NS14887F	1	1	1	2003	-1	13	3	1	-1	-1	-1	-1	-1	1	-1	-1	-1	-1	-1
NS14893W	1	1	11	2013	-1	2	1	1	-1	-1	-1	-1	-1	1	-1	-1	-1	-1	-1
NS14924M	1	1	3	2013	-1	2	1	-1	-1	12	1989	-1	25	3	1	1	2	-1	-1
NS14924M	2	1	12	2015	-1	0	1	-1	-1	12	1989	-1	25	3	1	1	4	-1	-1
NS14929S	1	2	11	2015	-1	0	1	1	-1	-1	-1	-1	-1	1	-1	-1	-1	-1	-1
NS14932E	1	2	1	2016	-1	0	1	1	-1	-1	-1	-1	-1	1	-1	-1	-1	-1	-1
NS14945C	1	2	11	2015	-1	0	1	-1	1	-1	-1	-1	-1	1	-1	-1	-1	1	1
NS14946D	1	2	3	2014	-1	2	1	1	-1	-1	-1	-1	-1	1	-1	-1	-1	-1	-1
NS14946D	2	2	4	2015	-1	1	1	1	-1	-1	-1	-1	-1	1	-1	-1	-1	-1	-1
NS14958A	1	2	1	2010	-1	5	1	1	-1	-1	-1	-1	-1	1	-1	-1	-1	-1	-1
NS14958A	2	2	12	2011	-1	3	1	1	-1	-1	-1	-1	-1	1	-1	-1	-1	-1	-1
NS14966S	1	1	1	2009	-1	7	1	1	-1	-1	-1	-1	-1	1	-1	-1	-1	-1	-1
NS14966S	2	1	6	2013	-1	2	1	1	-1	-1	-1	-1	-1	1	-1	-1	-1	-1	-1
NS14971G	1	2	2	2011	-1	4	1	-1	1	-1	-1	-1	-1	1	-1	-1	-1	1	1
NS14971G	2	1	8	2013	-1	2	1	-1	1	-1	-1	-1	-1	1	-1	-1	-1	1	1
NS14981B	1	2	1	2013	-1	2	1	-1	-1	5	1982	-1	33	1	-1	-1	-1	1	2
NS15009E	1	1	12	2013	-1	1	1	1	-1	-1	-1	-1	-1	1	-1	-1	-1	-1	-1
NS15010P	1	1	5	2009	-1	7	1	2	1	-1	-1	-1	-1	1	-1	-1	-1	1	2
NS15010P	2	2	3	2011	-1	5	1	1	-1	-1	-1	-1	-1	1	-1	-1	-1	-1	-1
NS15010P	3	2	3	2013	-1	3	1	1	-1	-1	-1	-1	-1	1	-1	-1	-1	-1	-1
NS15010P	4	2	8	2015	-1	0	1	1	-1	-1	-1	-1	-1	1	-1	-1	-1	-1	-1
NS15012R	1	2	10	2012	-1	3	1	1	-1	-1	-1	-1	-1	1	-1	-1	-1	-1	-1
NS15012R	2	1	9	2014	-1	1	1	1	-1	-1	-1	-1	-1	1	-1	-1	-1	-1	-1
NS15018Y	1	1	7	2011	-1	4	1	-1	2	-1	-1	-1	-1	1	-1	-1	-1	1	2
NS15019Z	1	1	9	2008	-1	7	1	1	-1	-1	-1	-1	-1	1	-1	-1	-1	-1	-1
NS15019Z	2	2	1	2012	-1	4	1	1	-1	-1	-1	-1	-1	1	-1	-1	-1	-1	-1
NS15020J	1	1	9	2011	-1	4	1	-1	1	-1	-1	-1	-1	1	-1	-1	-1	1	3
NS15039N	1	2	6	2010	-1	5	3	1	-1	-1	-1	-1	-1	1	-1	-1	-1	-1	-1
NS15050S	1	1	5	2011	-1	4	1	-1	-1	10	1991	-1	24	1	-1	-1	-1	1	1
NS15050S	2	2	7	2015	-1	0	1	-1	-1	10	1991	-1	24	1	-1	-1	-1	1	1
NS15058B	1	2	8	2014	-1	1	1	1	-1	-1	-1	-1	-1	1	-1	-1	-1	-1	-1
NS15061N	1	2	11	2012	-1	3	1	1	-1	-1	-1	-1	-1	1	-1	-1	-1	-1	-1
NS15071H	1	2	12	2014	-1	1	1	1	-1	-1	-1	-1	-1	1	-1	-1	-1	-1	-1
NS15074L	1	2	3	2012	-1	3	1	1	-1	-1	-1	-1	-1	1	-1	-1	-1	-1	-1
NS15074L	2	2	2	2015	-1	0	1	1	-1	-1	-1	-1	-1	1	-1	-1	-1	-1	-1
NS15076N	1	2	-9	-9	8	8	1	2	1	-1	-1	-1	-1	3	2	1	7	-1	-1
NS15076N	2	2	2	2013	-1	3	1	1	-1	-1	-1	-1	-1	1	-1	-1	-1	-1	-1
NS15082D	1	2	-9	-9	3	3	1	-1	-1	-9	-9	21	21	3	2	1	3	-1	-1
NS15111S	1	1	3	2014	-1	2	1	-1	1	-1	-1	-1	-1	1	-1	-1	-1	2	-1
NS15128V	1	2	3	2011	-1	4	1	-1	-1	5	1987	-1	28	1	-1	-1	-1	1	2
NS15147H	1	1	9	2006	-1	9	3	1	-1	-1	-1	-1	-1	3	2	1	2	-1	-1
NS15159E	1	2	6	2011	-1	4	1	-1	1	-1	-1	-1	-1	1	-1	-1	-1	1	2
NS15159E	2	2	7	2013	-1	2	1	-1	1	-1	-1	-1	-1	1	-1	-1	-1	1	2
NS15176Q	1	1	12	2011	-1	4	1	1	-1	-1	-1	-1	-1	1	-1	-1	-1	-1	-1
NS15176Q	2	1	4	2015	-1	0	1	1	-1	-1	-1	-1	-1	1	-1	-1	-1	-1	-1
NS15178S	1	1	2	2007	-1	9	1	-1	-1	-9	-9	26	26	1	-1	-1	-1	2	-1
NS15182F	1	1	1	2012	-1	3	1	2	1	-1	-1	-1	-1	1	-1	-1	-1	1	5
NS15202B	1	2	11	2008	-1	7	1	2	-1	-9	-9	-9	-9	1	-1	-1	-1	2	-1
NS15202B	2	1	2	2012	-1	3	1	1	-1	-1	-1	-1	-1	1	-1	-1	-1	-1	-1
NS15202B	3	2	4	2015	-1	0	1	1	-1	-1	-1	-1	-1	1	-1	-1	-1	-1	-1
NS15215Z	1	2	3	2014	-1	2	1	-1	-1	-9	-9	21	21	3	2	1	1	-1	-1
NS15216A	1	1	10	2013	-1	2	1	2	1	-1	-1	-1	-1	3	1	1	3	-1	-1
NS15220N	1	2	12	2009	-1	6	1	-1	-1	-9	-9	28	28	1	-1	-1	-1	1	1
NS15228X	1	1	3	2006	-1	9	1	-1	-1	11	1986	-1	29	3	2	1	4	-1	-1
NS15240C	1	1	7	2007	-1	8	1	-1	11	10	1988	-1	27	1	-1	-1	-1	1	2
NS15240C	2	1	3	2012	-1	3	1	-1	1	-1	-1	-1	-1	1	-1	-1	-1	1	1
NS15240C	3	1	5	2014	-1	1	1	-1	1	-1	-1	-1	-1	1	-1	-1	-1	1	1
NS15245H	1	1	-9	-9	4	4	1	1	-1	-1	-1	-1	-1	1	-1	-1	-1	-1	-1
NS15245H	2	1	-9	-9	2	2	1	1	-1	-1	-1	-1	-1	1	-1	-1	-1	-1	-1
NS15245H	3	2	-9	-9	0	0	1	1	-1	-1	-1	-1	-1	1	-1	-1	-1	-1	-1
NS15246J	1	2	10	2015	-1	0	1	1	-1	-1	-1	-1	-1	1	-1	-1	-1	-1	-1
NS15251Y	1	1	12	2005	-1	10	3	1	-1	-1	-1	-1	-1	2	-1	-1	1	-1	-1
NS15251Y	2	1	-9	-9	8	8	3	1	-1	-1	-1	-1	-1	2	-1	-1	1	-1	-1
NS15256D	1	2	1	2011	-1	4	1	-1	-1	-9	-9	-8	-8	1	-1	-1	-1	2	-1
NS15276S	1	1	-9	-9	0	0	1	1	-1	-1	-1	-1	-1	1	-1	-1	-1	-1	-1
NS15278V	1	1	1	2010	-1	6	1	-1	1	-1	-1	-1	-1	3	1	4	3	1	2
NS15278V	2	2	3	2013	-1	2	1	-1	11	-9	-9	30	30	3	2	6	7	2	-1
NS15279W	1	1	4	2010	-1	5	1	-1	-1	-9	-9	23	23	2	-1	-1	1	2	-1
NS15294E	1	2	9	2015	-1	0	1	1	-1	-1	-1	-1	-1	1	-1	-1	-1	-1	-1
NS15335Q	1	2	12	2013	-1	2	1	1	-1	-1	-1	-1	-1	1	-1	-1	-1	-1	-1
NS15335Q	2	1	6	2015	-1	0	1	1	-1	-1	-1	-1	-1	1	-1	-1	-1	-1	-1
NS15339V	1	1	11	2010	-1	5	1	-1	-1	9	1982	-1	33	1	-1	-1	-1	1	1
NS15339V	2	2	8	2013	-1	2	1	-1	-1	9	1982	-1	33	1	-1	-1	-1	1	1
NS15355E	1	1	9	2008	-1	7	1	-1	-1	-9	-9	36	36	3	1	6	1	1	4
NS15355E	2	1	12	2013	-1	1	1	-1	-1	5	1988	-1	27	3	1	4	1	1	2
NS15370N	1	1	7	2014	-1	1	1	-1	-1	-9	-9	26	26	1	-1	-1	-1	1	1
NS15382K	1	1	3	2007	-1	9	1	2	1	-1	-1	-1	-1	1	-1	-1	-1	1	3
NS15382K	2	1	11	2011	-1	4	1	1	-1	-1	-1	-1	-1	1	-1	-1	-1	-1	-1
NS15393F	1	1	8	2011	-1	4	1	1	-1	-1	-1	-1	-1	1	-1	-1	-1	-1	-1
NS15393F	2	2	2	2014	-1	2	1	1	-1	-1	-1	-1	-1	1	-1	-1	-1	-1	-1
NS15399M	1	2	5	2008	-1	7	1	-1	-1	-9	-9	-9	-9	1	-1	-1	-1	2	-1
NS15399M	2	2	2	2011	-1	5	1	-1	-1	-9	-9	-9	-9	1	-1	-1	-1	1	1
NS15402F	1	2	7	2010	-1	5	1	-1	2	-1	-1	-1	-1	1	-1	-1	-1	2	-1
NS15404H	1	1	6	2013	-1	3	1	1	-1	-1	-1	-1	-1	1	-1	-1	-1	-1	-1
NS15404H	2	2	-9	-9	0	0	1	1	-1	-1	-1	-1	-1	1	-1	-1	-1	-1	-1
NS15416E	1	2	1	2010	-1	5	1	2	1	-1	-1	-1	-1	1	-1	-1	-1	1	2
NS15416E	2	2	2	2013	-1	2	1	1	-1	-1	-1	-1	-1	1	-1	-1	-1	-1	-1
NS15427A	1	1	1	2014	-1	2	1	1	-1	-1	-1	-1	-1	1	-1	-1	-1	-1	-1
NS15449R	1	2	6	2013	-1	2	1	1	-1	-1	-1	-1	-1	1	-1	-1	-1	-1	-1
NS15454F	1	2	9	2008	-1	7	1	2	3	-1	-1	-1	-1	1	-1	-1	-1	2	-1
NS15454F	2	2	8	2012	-1	3	1	2	2	-1	-1	-1	-1	1	-1	-1	-1	2	-1
NS15454F	3	2	8	2014	-1	1	1	2	2	-1	-1	-1	-1	1	-1	-1	-1	2	-1
NS15456H	1	2	12	2010	-1	5	1	1	-1	-1	-1	-1	-1	1	-1	-1	-1	-1	-1
NS15456H	2	2	10	2008	-1	7	1	1	-1	-1	-1	-1	-1	1	-1	-1	-1	-1	-1
NS15470Q	1	1	11	2014	-1	1	1	-1	-1	12	1986	-1	29	1	-1	-1	-1	1	-1
NS15476X	1	2	9	2014	-1	1	1	-1	-1	-9	-9	25	25	1	-1	-1	-1	2	-1
NS15493H	1	2	7	2010	-1	5	1	-1	1	-1	-1	-1	-1	2	-1	-1	1	1	1
NS15506M	1	1	8	2012	-1	3	1	-1	11	3	1988	-1	27	1	-1	-1	-1	2	-1
NS15506M	2	1	8	2013	-1	2	1	-1	11	3	1988	-1	27	1	-1	-1	-1	2	-1
NS15514E	1	1	9	2011	-1	4	1	1	-1	-1	-1	-1	-1	1	-1	-1	-1	-1	-1
NS15514E	2	2	5	2013	-1	2	1	1	-1	-1	-1	-1	-1	1	-1	-1	-1	-1	-1
NS15517H	1	2	3	2013	-1	3	1	1	-1	-1	-1	-1	-1	1	-1	-1	-1	-1	-1
NS15517H	2	1	5	2015	-1	1	1	1	-1	-1	-1	-1	-1	1	-1	-1	-1	-1	-1
NS15544N	1	1	1	2016	-1	0	1	1	-1	-1	-1	-1	-1	1	-1	-1	-1	-1	-1
NS15548S	1	1	1	2010	-1	6	1	2	-1	-9	-9	26	26	3	2	1	2	-1	-1
NS15548S	2	2	2	2014	-1	2	1	1	-1	-1	-1	-1	-1	1	-1	-1	-1	-1	-1
NS15566E	1	1	3	2010	-1	6	3	1	-1	-1	-1	-1	-1	1	-1	-1	-1	-1	-1
NS15567F	1	1	6	2012	-1	3	1	-1	-1	7	1989	-1	26	1	-1	-1	-1	2	-1
NS15572V	1	2	7	2011	-1	4	1	-1	1	-1	-1	-1	-1	1	-1	-1	-1	1	2
NS15583Q	1	2	12	2010	-1	4	1	-1	-1	-9	-9	24	24	2	-1	-1	1	1	1
NS15597P	1	1	10	2014	-1	1	1	-1	1	-1	-1	-1	-1	3	1	1	5	-1	-1
NS15639B	1	1	9	2013	-1	2	1	1	-1	-1	-1	-1	-1	1	-1	-1	-1	-1	-1
NS15646S	1	1	5	2009	-1	7	3	-1	-1	-1	-1	-1	-1	1	-1	-1	-1	-1	-1
NS15657N	1	2	2	2008	-1	7	1	1	-1	-1	-1	-1	-1	1	-1	-1	-1	-1	-1
NS15657N	2	1	8	2013	-1	2	1	1	-1	-1	-1	-1	-1	1	-1	-1	-1	-1	-1
NS15662C	1	1	5	2010	-1	5	1	-1	-1	12	1972	-1	43	1	-1	-1	-1	1	1
NS15662C	2	2	2	2012	-1	3	1	-1	-1	12	1972	-1	43	1	-1	-1	-1	1	1
NS15662C	3	2	10	2015	-1	0	1	-1	-1	12	1972	-1	43	1	-1	-1	-1	1	1
NS15664E	1	2	9	2012	-1	3	1	-1	-1	8	1986	-1	29	1	-1	-1	-1	2	-1
NS15679E	1	1	3	2010	-1	5	1	2	1	-1	-1	-1	-1	2	-1	-1	3	1	1
NS15684T	1	1	4	2015	-1	1	1	1	-1	-1	-1	-1	-1	1	-1	-1	-1	-1	-1
NS15689Z	1	1	8	2012	-1	3	1	1	-1	-1	-1	-1	-1	1	-1	-1	-1	-1	-1
NS15693M	1	2	10	2011	-1	4	1	-1	-1	6	1985	-1	30	3	2	1	2	-1	-1
NS15694N	1	1	7	2011	-1	4	1	-1	-1	3	1990	-1	25	1	-1	-1	-1	2	-1
NS15694N	2	2	7	2012	-1	3	1	-1	-1	3	1990	-1	25	1	-1	-1	-1	2	-1
NS15696Q	1	2	3	2012	-1	3	1	1	-1	-1	-1	-1	-1	1	-1	-1	-1	-1	-1
NS15696Q	2	2	4	2015	-1	0	1	1	-1	-1	-1	-1	-1	1	-1	-1	-1	-1	-1
NS15704P	1	1	-9	-9	9	9	1	1	-1	-1	-1	-1	-1	1	-1	-1	-1	-1	-1
NS15705Q	1	1	3	2009	-1	7	1	1	-1	-1	-1	-1	-1	1	-1	-1	-1	-1	-1
NS15705Q	2	1	10	2013	-1	2	1	1	-1	-1	-1	-1	-1	1	-1	-1	-1	-1	-1
NS15711F	1	1	7	2010	-1	5	1	-1	1	-1	-1	-1	-1	1	-1	-1	-1	1	2
NS15714J	1	2	7	2012	-1	3	1	1	-1	-1	-1	-1	-1	1	-1	-1	-1	-1	-1
NS15747W	1	2	-9	-9	8	8	1	2	1	-1	-1	-1	-1	2	-1	-1	2	1	1
NS15770X	1	1	5	2015	-1	0	1	1	-1	-1	-1	-1	-1	1	-1	-1	-1	-1	-1
NS15775C	1	2	6	2011	-1	4	1	-1	-1	-9	-9	27	27	1	-1	-1	-1	2	-1
NS15780R	1	1	11	2007	-1	8	1	-1	-1	-9	-9	-8	-8	1	-1	-1	-1	1	2
NS15780R	2	1	-9	-9	6	6	1	-1	-1	-9	-9	28	28	1	-1	-1	-1	2	-1
NS15787Z	1	1	10	2008	-1	7	1	-1	11	8	1986	-1	29	1	-1	-1	-1	1	2
NS15797T	1	1	5	2006	-1	10	1	2	-1	-9	-9	26	26	1	-1	-1	-1	2	-1
NS15833Z	1	2	8	2013	-1	2	1	-1	-1	-9	-9	-9	-9	1	-1	-1	-1	3	-1
NS15836C	1	2	5	2012	-1	3	1	1	-1	-1	-1	-1	-1	1	-1	-1	-1	-1	-1
NS15836C	2	1	1	2014	-1	1	1	1	-1	-1	-1	-1	-1	1	-1	-1	-1	-1	-1
NS15836C	3	1	8	2015	-1	0	1	1	-1	-1	-1	-1	-1	1	-1	-1	-1	-1	-1
NS15838E	1	1	8	2014	-1	1	1	1	-1	-1	-1	-1	-1	1	-1	-1	-1	-1	-1
NS15872B	1	1	10	2014	-1	1	1	1	-1	-1	-1	-1	-1	1	-1	-1	-1	-1	-1
NS15893R	1	2	8	2012	-1	3	1	-1	11	-9	-9	36	36	1	-1	-1	-1	2	-1
NS15895T	1	2	1	2012	-1	3	1	1	-1	-1	-1	-1	-1	1	-1	-1	-1	-1	-1
NS15895T	2	2	2	2014	-1	1	1	1	-1	-1	-1	-1	-1	1	-1	-1	-1	-1	-1
NS15903S	1	2	6	2015	-1	0	1	1	-1	-1	-1	-1	-1	1	-1	-1	-1	-1	-1
NS15904T	1	2	6	2008	-1	7	1	-1	1	-1	-1	-1	-1	1	-1	-1	-1	2	-1
NS15904T	2	2	7	2012	-1	3	1	-1	1	-1	-1	-1	-1	1	-1	-1	-1	2	-1
NS15926K	1	1	5	2014	-1	2	1	1	-1	-1	-1	-1	-1	1	-1	-1	-1	-1	-1
NS15935D	1	1	3	2016	-1	0	1	-1	-1	8	1989	-1	26	2	-1	-1	1	1	1
NS15938G	1	2	11	2012	-1	3	1	-1	1	-1	-1	-1	-1	1	-1	-1	-1	1	2
NS15938G	2	1	9	2010	-1	5	1	-1	1	-1	-1	-1	-1	1	-1	-1	-1	1	2
NS15952P	1	1	7	2012	-1	3	1	-1	-1	6	1986	-1	29	1	-1	-1	-1	1	2
NS15952P	2	2	7	2008	-1	7	1	-1	-1	6	1986	-1	29	1	-1	-1	-1	1	2
NS15966N	1	1	1	2011	-1	5	1	2	1	-1	-1	-1	-1	1	-1	-1	-1	1	3
NS15973E	1	2	9	2014	-1	1	1	-1	1	-1	-1	-1	-1	1	-1	-1	-1	1	5
NS15990Q	1	2	4	2013	-1	3	1	1	-1	-1	-1	-1	-1	1	-1	-1	-1	-1	-1
NS15993T	1	1	2	2008	-1	7	1	-1	-1	4	1990	-1	25	1	-1	-1	-1	2	-1
NS15999A	1	2	7	2010	-1	5	1	1	-1	-1	-1	-1	-1	1	-1	-1	-1	-1	-1
NS16015Q	1	1	10	2012	-1	3	1	1	-1	-1	-1	-1	-1	1	-1	-1	-1	-1	-1
NS16015Q	2	2	4	2009	-1	6	3	1	-1	-1	-1	-1	-1	1	-1	-1	-1	-1	-1
NS16017S	1	2	9	2013	-1	2	1	1	-1	-1	-1	-1	-1	1	-1	-1	-1	-1	-1
NS16024J	1	2	10	2010	-1	5	1	1	-1	-1	-1	-1	-1	1	-1	-1	-1	-1	-1
NS16024J	2	1	12	2014	-1	1	1	1	-1	-1	-1	-1	-1	1	-1	-1	-1	-1	-1
NS16033C	1	1	8	2014	-1	1	1	-1	-1	-9	-9	24	24	3	1	1	1	-1	-1
NS16057W	1	2	5	2013	-1	3	1	-1	-1	11	1987	-1	28	1	-1	-1	-1	1	1
NS16075H	1	1	8	2015	-1	0	1	1	-1	-1	-1	-1	-1	1	-1	-1	-1	-1	-1
NS16080X	1	2	9	2010	-1	5	1	1	-1	-1	-1	-1	-1	1	-1	-1	-1	-1	-1
NS16080X	2	2	1	2012	-1	4	1	1	-1	-1	-1	-1	-1	1	-1	-1	-1	-1	-1
NS16080X	3	2	12	2014	-1	1	1	1	-1	-1	-1	-1	-1	1	-1	-1	-1	-1	-1
NS16095X	1	2	6	2009	-1	6	1	-1	-1	-9	-9	25	25	3	2	1	2	-1	-1
NS16099B	1	1	6	2012	-1	3	1	1	-1	-1	-1	-1	-1	1	-1	-1	-1	-1	-1
NS16105Y	1	1	10	2014	-1	1	1	1	-1	-1	-1	-1	-1	1	-1	-1	-1	-1	-1
NS16111N	1	1	4	2009	-1	6	1	-1	1	-1	-1	-1	-1	1	-1	-1	-1	1	2
NS16138K	1	2	3	2011	-1	4	1	1	-1	-1	-1	-1	-1	1	-1	-1	-1	-1	-1
NS16146C	1	1	5	2010	-1	5	1	1	-1	-1	-1	-1	-1	1	-1	-1	-1	-1	-1
NS16146C	2	2	1	2015	-1	0	1	1	-1	-1	-1	-1	-1	1	-1	-1	-1	-1	-1
NS16180Z	1	2	9	2012	-1	3	1	1	-1	-1	-1	-1	-1	1	-1	-1	-1	-1	-1
NS16180Z	2	2	2	2015	-1	0	1	1	-1	-1	-1	-1	-1	1	-1	-1	-1	-1	-1
NS16184D	1	1	2	2007	-1	9	3	1	-1	-1	-1	-1	-1	1	-1	-1	-1	-1	-1
NS16184D	2	2	11	2010	-1	5	3	1	-1	-1	-1	-1	-1	1	-1	-1	-1	-1	-1
NS16184D	3	2	10	2012	-1	3	3	1	-1	-1	-1	-1	-1	1	-1	-1	-1	-1	-1
NS16184D	4	2	3	2011	-1	5	1	2	1	-1	-1	-1	-1	3	1	1	2	-1	-1
NS16184D	5	1	1	2016	-1	0	1	1	-1	-1	-1	-1	-1	1	-1	-1	-1	-1	-1
NS16185E	1	1	1	2013	-1	3	1	-1	-1	7	1985	-1	30	1	-1	-1	-1	1	2
NS16211Q	1	2	5	2012	-1	3	1	1	-1	-1	-1	-1	-1	1	-1	-1	-1	-1	-1
NS16211Q	2	2	12	2014	-1	1	1	1	-1	-1	-1	-1	-1	1	-1	-1	-1	-1	-1
NS16225P	1	1	-9	-9	5	5	1	-1	-9	-1	-1	-1	-1	1	-1	-1	-1	1	2
NS16225P	2	2	-9	-9	4	4	1	-1	-9	-1	-1	-1	-1	1	-1	-1	-1	1	2
NS16233G	1	1	1	2016	-1	0	1	-1	-1	-9	-9	-9	-9	1	-1	-1	-1	1	1
NS16237L	1	2	6	2011	-1	4	1	1	-1	-1	-1	-1	-1	1	-1	-1	-1	-1	-1
NS16237L	2	2	2	2016	-1	0	1	1	-1	-1	-1	-1	-1	1	-1	-1	-1	-1	-1
NS16244C	1	1	12	2011	-1	4	3	1	-1	-1	-1	-1	-1	2	-1	-1	1	-1	-1
NS16244C	2	1	3	2015	-1	0	1	1	-1	-1	-1	-1	-1	1	-1	-1	-1	-1	-1
NS16250S	1	2	3	2012	-1	4	1	-1	1	-1	-1	-1	-1	1	-1	-1	-1	1	1
NS16265S	1	2	2	2012	-1	4	1	1	-1	-1	-1	-1	-1	1	-1	-1	-1	-1	-1
NS16265S	2	2	5	2015	-1	1	1	1	-1	-1	-1	-1	-1	1	-1	-1	-1	-1	-1
NS16266T	1	1	8	2013	-1	2	1	1	-1	-1	-1	-1	-1	1	-1	-1	-1	-1	-1
NS16266T	2	1	3	2003	-1	12	3	1	-1	-1	-1	-1	-1	2	-1	-1	3	-1	-1
NS16270G	1	1	5	2012	-1	3	1	1	-1	-1	-1	-1	-1	1	-1	-1	-1	-1	-1
NS16270G	2	2	12	2014	-1	1	1	1	-1	-1	-1	-1	-1	1	-1	-1	-1	-1	-1
NS16279R	1	1	11	2014	-1	0	1	1	-1	-1	-1	-1	-1	1	-1	-1	-1	-1	-1
NS16289L	1	1	2	2014	-1	2	1	1	-1	-1	-1	-1	-1	1	-1	-1	-1	-1	-1
NS16313V	1	2	9	2010	-1	5	1	-1	1	-1	-1	-1	-1	1	-1	-1	-1	1	1
NS16316Y	1	1	5	2009	-1	6	1	-1	1	-1	-1	-1	-1	3	1	1	7	-1	-1
NS16316Y	2	1	12	2013	-1	2	1	-1	11	5	1991	-1	24	1	-1	-1	-1	1	1
NS16316Y	3	2	9	2015	-1	0	1	-1	11	5	1991	-1	24	1	-1	-1	-1	1	1
NS16342C	1	2	2	2014	-1	2	1	-1	-1	4	1992	-1	23	3	2	1	1	-1	-1
NS16345F	1	2	1	2012	-1	4	1	1	-1	-1	-1	-1	-1	1	-1	-1	-1	-1	-1
NS16345F	2	2	10	2014	-1	1	1	1	-1	-1	-1	-1	-1	1	-1	-1	-1	-1	-1
NS16352X	1	2	9	2013	-1	2	1	1	-1	-1	-1	-1	-1	1	-1	-1	-1	-1	-1
NS16374N	1	2	-9	-9	2	2	1	-1	1	-1	-1	-1	-1	2	-1	-1	1	1	1
NS16379T	1	1	2	2011	-1	4	1	-1	-1	6	1987	-1	28	1	-1	-1	-1	1	1
NS16383G	1	2	3	2010	-1	5	1	1	-1	-1	-1	-1	-1	1	-1	-1	-1	-1	-1
NS16383G	2	2	10	2015	-1	0	1	1	-1	-1	-1	-1	-1	1	-1	-1	-1	-1	-1
NS16393B	1	1	3	2015	-1	1	1	-1	-1	12	1992	-1	23	1	-1	-1	-1	1	2
NS16394C	1	1	3	2014	-1	1	1	1	-1	-1	-1	-1	-1	1	-1	-1	-1	-1	-1
NS16396E	1	2	5	2007	-1	8	3	1	-1	-1	-1	-1	-1	2	-1	-1	1	-1	-1
NS16423R	1	1	12	2006	-1	9	1	2	1	-1	-1	-1	-1	3	2	1	2	-1	-1
NS16423R	2	2	3	2009	-1	6	1	1	-1	-1	-1	-1	-1	1	-1	-1	-1	-1	-1
NS16423R	3	2	3	2010	-1	5	1	1	-1	-1	-1	-1	-1	1	-1	-1	-1	-1	-1
NS16427W	1	1	10	2015	-1	0	1	-1	-1	3	1988	-1	27	3	2	1	1	-1	-1
NS16431J	1	2	11	2011	-1	4	1	1	-1	-8	-8	-8	-8	1	-1	-1	-1	-1	-1
NS16431J	2	1	11	2012	-1	3	1	1	-1	-1	-1	-1	-1	1	-1	-1	-1	-1	-1
NS16432K	1	1	4	2016	-1	0	1	1	-1	-1	-1	-1	-1	1	-1	-1	-1	-1	-1
NS16440C	1	2	12	2013	-1	1	1	1	-1	-1	-1	-1	-1	1	-1	-1	-1	-1	-1
NS16444G	1	1	3	2013	-1	2	1	-1	1	-1	-1	-1	-1	2	-1	-1	1	1	2
NS16448L	1	1	12	2008	-1	7	1	-1	11	-9	-9	23	23	3	1	4	3	2	-1
NS16448L	2	1	12	2011	-1	4	1	-1	11	5	1994	-1	21	3	1	1	3	-1	-1
NS16448L	3	2	10	2013	-1	2	1	-1	11	3	1987	-1	29	3	2	1	3	-1	-1
NS16449M	1	1	2	2009	-1	6	5	-1	-1	-1	-1	-1	-1	1	-1	-1	-1	-1	-1
NS16449M	2	2	2	2009	-1	6	5	-1	-1	-1	-1	-1	-1	1	-1	-1	-1	-1	-1
NS16469B	1	2	1	2011	-1	4	1	1	-1	-1	-1	-1	-1	1	-1	-1	-1	-1	-1
NS16469B	2	2	2	2015	-1	0	1	1	-1	-1	-1	-1	-1	1	-1	-1	-1	-1	-1
NS16496G	1	1	6	2010	-1	5	1	-1	1	-1	-1	-1	-1	1	-1	-1	-1	1	3
NS16518E	1	2	7	2013	-1	2	1	1	-1	-1	-1	-1	-1	1	-1	-1	-1	-1	-1
NS16546L	1	2	8	2012	-1	3	1	-1	1	-1	-1	-1	-1	1	-1	-1	-1	4	-1
NS16547M	1	2	9	2013	-1	2	3	1	-1	-1	-1	-1	-1	1	-1	-1	-1	-1	-1
NS16548N	1	1	4	2011	-1	5	1	1	-1	-1	-1	-1	-1	1	-1	-1	-1	-1	-1
NS16557G	1	1	7	2014	-1	1	1	-1	-1	-9	-9	25	25	3	2	1	1	-1	-1
NS16562W	1	2	2	2015	-1	1	1	1	-1	-1	-1	-1	-1	1	-1	-1	-1	-1	-1
NS16579Y	1	2	3	2015	-1	1	1	-1	-9	-1	-1	-1	-1	1	-1	-1	-1	1	3
NS16582K	1	2	1	2014	-1	1	1	1	-1	-1	-1	-1	-1	1	-1	-1	-1	-1	-1
NS16592E	1	1	5	2012	-1	3	1	-1	1	-1	-1	-1	-1	1	-1	-1	-1	3	-1
NS16595H	1	1	12	2011	-1	4	1	2	1	-1	-1	-1	-1	3	2	1	2	-1	-1
NS16599M	1	1	9	2010	-1	5	1	1	-1	-1	-1	-1	-1	1	-1	-1	-1	-1	-1
NS16599M	2	2	12	2011	-1	4	1	1	-1	-1	-1	-1	-1	1	-1	-1	-1	-1	-1
NS16602F	1	2	5	2008	-1	7	1	-1	11	-9	-9	27	27	1	-1	-1	-1	2	-1
NS16610Y	1	1	-9	-9	-9	-9	1	-1	-1	-9	-9	-9	-9	1	-1	-1	-1	1	1
NS16620S	1	2	8	2015	-1	0	1	1	-1	-1	-1	-1	-1	1	-1	-1	-1	-1	-1
NS16635S	1	2	12	2011	-1	4	1	1	-1	-1	-1	-1	-1	1	-1	-1	-1	-1	-1
NS16635S	2	2	5	2014	-1	2	1	1	-1	-1	-1	-1	-1	1	-1	-1	-1	-1	-1
NS16643K	1	2	-9	-9	4	4	1	1	-1	-1	-1	-1	-1	1	-1	-1	-1	-1	-1
NS16643K	2	1	-9	-9	0	0	1	1	-1	-1	-1	-1	-1	1	-1	-1	-1	-1	-1
NS16647P	1	2	9	2014	-1	1	1	-1	-1	1	1992	-1	24	1	-1	-1	-1	1	1
NS16658K	1	2	8	2009	-1	6	1	1	-1	-1	-1	-1	-1	1	-1	-1	-1	-1	-1
NS16661X	1	2	6	2014	-1	1	1	-1	1	-1	-1	-1	-1	1	-1	-1	-1	1	1
NS16665B	1	2	9	2008	-1	7	1	2	-9	-1	-1	-1	-1	3	1	-8	6	1	-8
NS16672S	1	1	4	2007	-1	8	1	1	-1	-1	-1	-1	-1	1	-1	-1	-1	-1	-1
NS16672S	2	1	1	2010	-1	6	1	1	-1	-1	-1	-1	-1	1	-1	-1	-1	-1	-1
NS16672S	3	1	10	2012	-1	3	1	1	-1	-1	-1	-1	-1	1	-1	-1	-1	-1	-1
NS16672S	4	1	8	2015	-1	0	1	1	-1	-1	-1	-1	-1	1	-1	-1	-1	-1	-1
NS16673T	1	2	7	2009	-1	6	1	1	-1	-1	-1	-1	-1	1	-1	-1	-1	-1	-1
NS16673T	2	2	4	2016	-1	0	1	1	-1	-1	-1	-1	-1	1	-1	-1	-1	-1	-1
NS16676X	1	1	9	2014	-1	1	1	1	-1	-1	-1	-1	-1	1	-1	-1	-1	-1	-1
NS16680K	1	2	12	2014	-1	1	1	1	-1	-1	-1	-1	-1	1	-1	-1	-1	-1	-1
NS16709Q	1	2	2	2011	-1	5	1	2	1	-1	-1	-1	-1	3	1	1	2	-1	-1
NS16709Q	2	2	6	2014	-1	1	1	1	-1	-1	-1	-1	-1	1	-1	-1	-1	-1	-1
NS16709Q	3	2	7	2015	-1	0	1	1	-1	-1	-1	-1	-1	1	-1	-1	-1	-1	-1
NS16709Q	4	1	-9	-9	6	6	5	1	-1	-1	-1	-1	-1	1	-1	-1	-1	-1	-1
NS16709Q	5	2	-9	-9	5	5	5	1	-1	-1	-1	-1	-1	1	-1	-1	-1	-1	-1
NS16712C	1	2	11	2014	-1	1	1	1	-1	-1	-1	-1	-1	1	-1	-1	-1	-1	-1
NS16716G	1	1	-9	-9	-9	-9	1	1	-1	-1	-1	-1	-1	1	-1	-1	-1	-1	-1
NS16720V	1	1	4	2013	-1	2	1	1	-1	-1	-1	-1	-1	1	-1	-1	-1	-1	-1
NS16723Y	1	1	12	2010	-1	4	1	2	1	-1	-1	-1	-1	1	-1	-1	-1	2	-1
NS16723Y	2	2	3	2015	-1	0	1	1	-1	-1	-1	-1	-1	1	-1	-1	-1	-1	-1
NS16727C	1	1	8	2014	-1	1	1	1	-1	-1	-1	-1	-1	1	-1	-1	-1	-1	-1
NS16736W	1	1	8	2013	-1	2	1	1	-1	-1	-1	-1	-1	1	-1	-1	-1	-1	-1
NS16747R	1	2	1	2012	-1	3	1	-1	-1	11	1990	-1	24	1	-1	-1	-1	2	-1
NS16756K	1	1	4	2013	-1	2	1	1	-1	-1	-1	-1	-1	1	-1	-1	-1	-1	-1
NS16765D	1	1	8	2007	-1	8	1	1	-1	-1	-1	-1	-1	1	-1	-1	-1	-1	-1
NS16765D	2	1	5	2011	-1	4	1	1	-1	-1	-1	-1	-1	1	-1	-1	-1	-1	-1
NS16765D	3	2	9	2013	-1	2	1	1	-1	-1	-1	-1	-1	1	-1	-1	-1	-1	-1
NS16775Y	1	2	8	2014	-1	1	1	1	-1	-1	-1	-1	-1	1	-1	-1	-1	-1	-1
NS16780M	1	2	9	2011	-1	4	1	1	-1	-1	-1	-1	-1	1	-1	-1	-1	-1	-1
NS16804M	1	1	12	2007	-1	8	1	-1	-1	12	1988	-1	27	1	-1	-1	-1	1	2
NS16804M	2	1	9	2012	-1	3	1	-1	-1	12	1988	-1	27	1	-1	-1	-1	1	2
NS16804M	3	2	8	2016	-1	0	1	-1	-1	1	1983	-1	33	1	-1	-1	-1	1	1
NS16831S	1	2	6	2016	-1	0	1	1	-1	-1	-1	-1	-1	1	-1	-1	-1	-1	-1
NS16838A	1	2	4	2012	-1	4	1	-1	11	-9	-9	24	24	1	-1	-1	-1	2	-1
NS16846S	1	2	2	2006	-1	9	1	1	-1	-1	-1	-1	-1	1	-1	-1	-1	-1	-1
NS16846S	2	2	3	2008	-1	7	1	1	-1	-1	-1	-1	-1	1	-1	-1	-1	-1	-1
NS16846S	3	1	8	2009	-1	6	1	1	-1	-1	-1	-1	-1	1	-1	-1	-1	-1	-1
NS16846S	4	2	2	2011	-1	4	1	1	-1	-1	-1	-1	-1	1	-1	-1	-1	-1	-1
NS16846S	5	1	10	2013	-1	2	1	1	-1	-1	-1	-1	-1	1	-1	-1	-1	-1	-1
NS16846S	6	2	2	2014	-1	1	1	1	-1	-1	-1	-1	-1	1	-1	-1	-1	-1	-1
NS16846S	7	1	2	2014	-1	1	1	1	-1	-1	-1	-1	-1	1	-1	-1	-1	-1	-1
NS16864E	1	1	9	2014	-1	1	1	1	-1	-1	-1	-1	-1	1	-1	-1	-1	-1	-1
NS16873Y	1	2	6	2015	-1	0	1	1	-1	-1	-1	-1	-1	1	-1	-1	-1	-1	-1
NS16884T	1	2	10	2014	-1	1	1	1	-1	-1	-1	-1	-1	1	-1	-1	-1	-1	-1
NS16888Y	1	1	10	2014	-1	1	1	1	-1	-1	-1	-1	-1	1	-1	-1	-1	-1	-1
NS16888Y	2	2	-9	-9	5	5	1	2	11	-9	-9	-9	-9	3	2	1	7	-1	-1
NS16895P	1	1	12	2009	-1	6	1	-1	-1	-9	-9	-8	-8	1	-1	-1	-1	1	2
NS16895P	2	2	9	2014	-1	1	1	-1	-1	-9	-9	-8	-8	1	-1	-1	-1	2	-1
NS16899T	1	1	5	2010	-1	5	1	1	-1	-1	-1	-1	-1	1	-1	-1	-1	-1	-1
NS16899T	2	2	6	2014	-1	1	1	1	-1	-1	-1	-1	-1	1	-1	-1	-1	-1	-1
NS16904P	1	1	12	2014	-1	0	1	1	-1	-1	-1	-1	-1	1	-1	-1	-1	-1	-1
NS16911F	1	2	12	2010	-1	5	1	-1	-1	2	1983	-1	33	1	-1	-1	-1	1	3
NS16911F	2	1	3	2013	-1	3	1	-1	-1	5	1983	-1	33	1	-1	-1	-1	1	1
NS16914J	1	2	12	2015	-1	0	1	1	-1	-1	-1	-1	-1	1	-1	-1	-1	-1	-1
NS16925E	1	2	6	2014	-1	1	1	-1	-1	8	1979	-1	36	1	-1	-1	-1	2	-1
NS16950H	1	2	4	2012	-1	3	1	1	-1	-1	-1	-1	-1	1	-1	-1	-1	-1	-1
NS16950H	2	2	5	2015	-1	0	1	1	-1	-1	-1	-1	-1	1	-1	-1	-1	-1	-1
NS16990L	1	1	12	2012	-1	3	1	-1	1	-1	-1	-1	-1	1	-1	-1	-1	1	1
NS17015L	1	1	7	2012	-1	3	1	2	1	-1	-1	-1	-1	1	-1	-1	-1	2	-1
NS17015L	2	2	11	2014	-1	1	1	1	-1	-1	-1	-1	-1	1	-1	-1	-1	-1	-1
NS17015L	3	1	12	2015	-1	0	1	1	-1	-1	-1	-1	-1	1	-1	-1	-1	-1	-1
NS17017N	1	2	4	2011	-1	5	1	1	-1	-1	-1	-1	-1	1	-1	-1	-1	-1	-1
NS17017N	2	2	5	2015	-1	1	1	1	-1	-1	-1	-1	-1	1	-1	-1	-1	-1	-1
NS17028J	1	2	-9	-9	-9	-9	1	-1	-1	-9	-9	-9	-9	3	2	1	1	-1	-1
NS17037C	1	1	8	2015	-1	1	1	1	-1	-1	-1	-1	-1	1	-1	-1	-1	-1	-1
NS17042R	1	1	8	2011	-1	4	1	1	-1	-1	-1	-1	-1	1	-1	-1	-1	-1	-1
NS17063G	1	1	10	2015	-1	0	1	1	-1	-1	-1	-1	-1	1	-1	-1	-1	-1	-1
NS17072A	1	2	12	2013	-1	1	1	-1	1	-1	-1	-1	-1	1	-1	-1	-1	1	1
NS17080S	1	2	12	2014	-1	1	1	1	-1	-1	-1	-1	-1	1	-1	-1	-1	-1	-1
NS17087A	1	2	10	2015	-1	0	1	1	-1	-1	-1	-1	-1	1	-1	-1	-1	-1	-1
NS17104S	1	2	12	2015	-1	0	1	1	-1	-1	-1	-1	-1	1	-1	-1	-1	-1	-1
NS17105T	1	2	9	2010	-1	5	1	1	-1	-1	-1	-1	-1	1	-1	-1	-1	-1	-1
NS17105T	2	1	7	2014	-1	2	1	1	-1	-1	-1	-1	-1	1	-1	-1	-1	-1	-1
NS17112K	1	2	10	2012	-1	3	1	-1	1	-1	-1	-1	-1	1	-1	-1	-1	1	2
NS17112K	2	1	9	2014	-1	1	1	-1	1	-1	-1	-1	-1	1	-1	-1	-1	1	2
NS17119S	1	1	8	2011	-1	4	1	-1	-1	4	1989	-1	26	1	-1	-1	-1	2	-1
NS17120C	1	2	3	2013	-1	3	1	1	-1	-1	-1	-1	-1	1	-1	-1	-1	-1	-1
NS17128L	1	1	3	2009	-1	7	1	-1	-1	-9	-9	26	26	1	-1	-1	-1	2	-1
NS17128L	2	2	10	2010	-1	5	1	-1	-1	-9	-9	26	26	1	-1	-1	-1	2	-1
NS17133A	1	2	12	2009	-1	5	1	-1	-1	7	1990	-1	25	1	-1	-1	-1	1	2
NS17139G	1	2	-9	-9	-9	-9	1	1	-1	-1	-1	-1	-1	1	-1	-1	-1	-1	-1
NS17164K	1	2	6	2013	-1	3	1	-1	-9	-1	-1	-1	-1	1	-1	-1	-1	1	1
NS17167N	1	2	6	2007	-1	8	1	1	-1	-1	-1	-1	-1	1	-1	-1	-1	-1	-1
NS17167N	2	1	7	2013	-1	2	1	1	-1	-1	-1	-1	-1	1	-1	-1	-1	-1	-1
NS17189E	1	1	-9	-9	-9	-9	3	-1	-1	-1	-1	-1	-1	3	1	1	2	-1	-1
NS17189E	2	2	-9	-9	11	11	3	-1	-1	-1	-1	-1	-1	3	1	1	2	-1	-1
NS17189E	3	2	-9	-9	4	4	1	-1	1	-1	-1	-1	-1	3	1	1	1	-1	-1
NS17190P	1	2	7	2013	-1	2	1	-1	-1	6	1990	-1	25	1	-1	-1	-1	1	1
NS17197X	1	1	3	2007	-1	8	1	2	11	11	1985	-1	30	1	-1	-1	-1	1	1
NS17197X	2	1	2	2011	-1	4	1	2	1	-1	-1	-1	-1	1	-1	-1	-1	2	-1
NS17212M	1	2	7	2007	-1	8	1	2	-1	-9	-9	29	29	1	-1	-1	-1	2	-1
NS17212M	2	2	3	2012	-1	3	1	1	-1	-1	-1	-1	-1	1	-1	-1	-1	-1	-1
NS17218T	1	1	1	2012	-1	4	1	-1	-1	4	1982	-1	33	1	-1	-1	-1	1	1
NS17225K	1	1	-9	-9	9	9	3	1	-1	-1	-1	-1	-1	1	-1	-1	-1	-1	-1
NS17225K	2	1	4	2007	-1	9	3	1	-1	-1	-1	-1	-1	1	-1	-1	-1	-1	-1
NS17225K	3	1	6	2011	-1	4	1	2	-1	-9	-9	26	26	2	-1	-1	1	1	1
NS17226L	1	2	1	2009	-1	6	1	1	-1	-1	-1	-1	-1	1	-1	-1	-1	-1	-1
NS17226L	2	1	2	2014	-1	1	1	1	-1	-1	-1	-1	-1	1	-1	-1	-1	-1	-1
NS17227M	1	2	12	2007	-1	8	1	2	1	-1	-1	-1	-1	3	1	1	2	-1	-1
NS17227M	2	2	12	2009	-1	6	1	2	1	-1	-1	-1	-1	3	1	1	2	-1	-1
NS17227M	3	2	10	2014	-1	1	1	1	-1	-1	-1	-1	-1	1	-1	-1	-1	-1	-1
NS17227M	4	1	4	2009	-1	7	3	1	-1	-1	-1	-1	-1	1	-1	-1	-1	-1	-1
NS17227M	5	2	10	2007	-1	8	3	1	-1	-1	-1	-1	-1	1	-1	-1	-1	-1	-1
NS17231A	1	2	11	2009	-1	6	1	1	-1	-1	-1	-1	-1	1	-1	-1	-1	-1	-1
NS17231A	2	2	4	2011	-1	4	1	1	-1	-1	-1	-1	-1	1	-1	-1	-1	-1	-1
NS17231A	3	1	6	2015	-1	0	1	1	-1	-1	-1	-1	-1	1	-1	-1	-1	-1	-1
NS17233C	1	2	9	2015	-1	0	1	1	-1	-1	-1	-1	-1	1	-1	-1	-1	-1	-1
NS17234D	1	2	7	2014	-1	1	1	-1	-1	-9	-9	-9	-9	1	-1	-1	-1	1	2
NS17239J	1	2	9	2009	-1	6	1	-1	-1	-9	-9	-9	-9	1	-1	-1	-1	2	-1
NS17256V	1	2	9	2009	-1	6	1	1	-1	-1	-1	-1	-1	1	-1	-1	-1	-1	-1
NS17256V	2	1	2	2012	-1	3	1	1	-1	-1	-1	-1	-1	1	-1	-1	-1	-1	-1
NS17270C	1	2	11	2014	-1	1	1	1	-1	-1	-1	-1	-1	1	-1	-1	-1	-1	-1
NS17289G	1	1	-9	-9	-9	-9	1	-1	-1	-9	-9	-9	-9	3	2	1	7	-1	-1
NS17303W	1	2	6	2014	-1	1	1	1	-1	-1	-1	-1	-1	1	-1	-1	-1	-1	-1
NS17305Y	1	2	6	2008	-1	7	1	1	-1	-1	-1	-1	-1	1	-1	-1	-1	-1	-1
NS17305Y	2	1	6	2013	-1	2	1	1	-1	-1	-1	-1	-1	1	-1	-1	-1	-1	-1
NS17306Z	1	1	4	2011	-1	4	1	2	1	-1	-1	-1	-1	1	-1	-1	-1	1	2
NS17306Z	2	2	8	2015	-1	0	1	1	-1	-1	-1	-1	-1	1	-1	-1	-1	-1	-1
NS17310M	1	1	3	2006	-1	10	1	-1	1	-1	-1	-1	-1	1	-1	-1	-1	1	7
NS17314R	1	2	8	2010	-1	5	1	1	-1	-1	-1	-1	-1	1	-1	-1	-1	-1	-1
NS17314R	2	2	12	2014	-1	0	1	1	-1	-1	-1	-1	-1	1	-1	-1	-1	-1	-1
NS17318W	1	1	3	2013	-1	2	1	-1	-1	-9	-9	28	28	3	2	1	3	-1	-1
NS17344A	1	2	6	2011	-1	4	1	1	-1	-1	-1	-1	-1	1	-1	-1	-1	-1	-1
NS17344A	2	1	3	2014	-1	1	1	1	-1	-1	-1	-1	-1	1	-1	-1	-1	-1	-1
NS17355W	1	1	2	2011	-1	4	1	-1	2	-1	-1	-1	-1	1	-1	-1	-1	1	3
NS17355W	2	2	12	2014	-1	0	1	-1	1	-1	-1	-1	-1	1	-1	-1	-1	1	1
NS17360K	1	2	9	2015	-1	0	1	-1	-1	12	1988	-1	27	1	-1	-1	-1	1	1
NS17360K	2	2	2	2012	-1	4	1	-1	-1	1	1984	-1	32	1	-1	-1	-1	2	-1
NS17390T	1	1	10	2014	-1	1	1	1	-1	-1	-1	-1	-1	1	-1	-1	-1	-1	-1
NS17431E	1	1	1	2008	-1	8	1	-1	-1	-9	-9	32	32	1	-1	-1	-1	1	2
NS17439N	1	2	9	2009	-1	6	1	2	-1	6	1987	-1	29	2	-1	-1	2	1	1
NS17439N	2	1	2	2014	-1	2	1	1	-1	-1	-1	-1	-1	1	-1	-1	-1	-1	-1
NS17440Y	1	2	4	2012	-1	3	3	1	-1	-1	-1	-1	-1	1	-1	-1	-1	-1	-1
NS17459C	1	2	8	2015	-1	0	1	1	-1	-1	-1	-1	-1	1	-1	-1	-1	-1	-1
NS17460M	1	1	8	2011	-1	4	1	-1	1	-1	-1	-1	-1	3	1	1	1	-1	-1
NS17460M	2	1	1	2015	-1	0	1	-1	1	-1	-1	-1	-1	3	1	1	1	-1	-1
NS17463Q	1	2	6	2006	-1	9	1	1	-1	-1	-1	-1	-1	1	-1	-1	-1	-1	-1
NS17463Q	2	2	1	2009	-1	7	1	1	-1	-1	-1	-1	-1	1	-1	-1	-1	-1	-1
NS17463Q	3	1	6	2011	-1	5	1	1	-1	-1	-1	-1	-1	1	-1	-1	-1	-1	-1
NS17463Q	4	2	9	2013	-1	2	1	1	-1	-1	-1	-1	-1	1	-1	-1	-1	-1	-1
NS17463Q	5	2	2	2016	-1	0	1	1	-1	-1	-1	-1	-1	1	-1	-1	-1	-1	-1
NS17472J	1	1	6	2012	-1	3	1	1	-1	-1	-1	-1	-1	1	-1	-1	-1	-1	-1
NS17472J	2	2	6	2012	-1	3	1	1	-1	-1	-1	-1	-1	1	-1	-1	-1	-1	-1
NS17496C	1	2	6	2015	-1	0	1	1	-1	-1	-1	-1	-1	1	-1	-1	-1	-1	-1
NS17502Z	1	1	8	2014	-1	1	1	1	-1	-1	-1	-1	-1	1	-1	-1	-1	-1	-1
NS17506D	1	1	9	2013	-1	2	1	1	-1	-1	-1	-1	-1	1	-1	-1	-1	-1	-1
NS17512T	1	2	3	2015	-1	1	1	1	-1	-1	-1	-1	-1	1	-1	-1	-1	-1	-1
NS17536M	1	2	12	2006	-1	9	1	-1	-1	4	1990	-1	25	1	-1	-1	-1	1	2
NS17583G	1	2	9	2010	-1	5	1	1	-1	-1	-1	-1	-1	1	-1	-1	-1	-1	-1
NS17583G	2	1	1	2014	-1	1	1	1	-1	-1	-1	-1	-1	1	-1	-1	-1	-1	-1
NS17593B	1	2	10	2006	-1	9	1	2	-1	-9	-9	30	30	1	-1	-1	-1	2	-1
NS17593B	2	1	12	2010	-1	5	1	1	-1	-1	-1	-1	-1	1	-1	-1	-1	-1	-1
NS17609J	1	2	10	2008	-1	7	1	1	-1	-1	-1	-1	-1	1	-1	-1	-1	-1	-1
NS17609J	2	1	5	2011	-1	4	1	1	-1	-1	-1	-1	-1	1	-1	-1	-1	-1	-1
NS17609J	3	1	10	2012	-1	3	1	1	-1	-1	-1	-1	-1	1	-1	-1	-1	-1	-1
NS17622Q	1	2	2	2014	-1	1	1	1	-1	-1	-1	-1	-1	1	-1	-1	-1	-1	-1
NS17640C	1	1	4	2014	-1	1	1	1	-1	-1	-1	-1	-1	1	-1	-1	-1	-1	-1
NS17644G	1	2	8	2012	-1	3	1	1	-1	-1	-1	-1	-1	1	-1	-1	-1	-1	-1
NS17663V	1	2	6	2015	-1	0	1	1	-1	-1	-1	-1	-1	1	-1	-1	-1	-1	-1
NS17687N	1	2	11	2011	-1	4	1	1	-1	-1	-1	-1	-1	1	-1	-1	-1	-1	-1
NS17694E	1	2	5	2012	-1	3	1	1	-1	-1	-1	-1	-1	1	-1	-1	-1	-1	-1
NS17694E	2	2	7	2015	-1	0	1	1	-1	-1	-1	-1	-1	1	-1	-1	-1	-1	-1
NS17699K	1	2	10	2013	-1	2	1	1	-1	-1	-1	-1	-1	1	-1	-1	-1	-1	-1
NS17707J	1	1	12	2009	-1	6	1	1	-1	-1	-1	-1	-1	1	-1	-1	-1	-1	-1
NS17707J	2	1	5	2013	-1	2	1	1	-1	-1	-1	-1	-1	1	-1	-1	-1	-1	-1
NS17721R	1	2	10	2007	-1	8	1	2	-1	-9	-9	-8	-8	1	-1	-1	-1	2	-1
NS17721R	2	1	7	2009	-1	6	1	2	-1	-9	-9	-9	-9	1	-1	-1	-1	2	-1
NS17721R	3	2	3	2012	-1	4	1	1	-1	-1	-1	-1	-1	1	-1	-1	-1	-1	-1
NS17721R	4	1	11	2014	-1	1	1	1	-1	-1	-1	-1	-1	1	-1	-1	-1	-1	-1
NS17732M	1	1	9	2011	-1	4	1	-1	-1	5	1990	-1	26	1	-1	-1	-1	1	1
NS17736R	1	2	9	2012	-1	3	5	1	-1	-1	-1	-1	-1	1	-1	-1	-1	-1	-1
NS17736R	2	2	12	2015	-1	0	1	1	-1	-1	-1	-1	-1	1	-1	-1	-1	-1	-1
NS17742G	1	2	7	2010	-1	5	1	-1	1	-1	-1	-1	-1	1	-1	-1	-1	2	-1
NS17746L	1	1	12	2013	-1	1	1	1	-1	-1	-1	-1	-1	1	-1	-1	-1	-1	-1
NS17762W	1	1	12	2010	-1	5	1	-1	-1	12	1986	-1	29	1	-1	-1	-1	4	-1
NS17776V	1	2	7	2006	-1	9	3	1	-1	-1	-1	-1	-1	3	2	1	2	-1	-1
NS17784M	1	2	10	2006	-1	9	1	-1	-1	1	1990	-1	26	1	-1	-1	-1	2	-1
NS17798L	1	1	1	2010	-1	6	1	-1	-1	10	1985	-1	30	1	-1	-1	-1	2	-1
NS17803G	1	1	1	2011	-1	5	1	1	-1	-1	-1	-1	-1	1	-1	-1	-1	-1	-1
NS17803G	2	2	12	2013	-1	2	1	1	-1	-1	-1	-1	-1	1	-1	-1	-1	-1	-1
NS17805J	1	2	6	2012	-1	3	1	-1	-1	5	1987	-1	28	1	-1	-1	-1	1	1
NS17809N	1	1	1	2011	-1	5	1	-1	1	-1	-1	-1	-1	1	-1	-1	-1	2	-1
NS17823W	1	1	5	2012	-1	3	1	1	-1	-1	-1	-1	-1	1	-1	-1	-1	-1	-1
NS17824X	1	1	4	2011	-1	4	1	2	1	-1	-1	-1	-1	1	-1	-1	-1	1	2
NS17824X	2	1	6	2012	-1	3	1	2	1	-1	-1	-1	-1	1	-1	-1	-1	1	2
NS17824X	3	1	9	2014	-1	1	1	1	-1	-1	-1	-1	-1	1	-1	-1	-1	-1	-1
NS17826Z	1	2	11	2006	-1	9	1	-1	-1	-9	-9	27	27	3	2	1	7	-1	-1
NS17826Z	2	1	12	2011	-1	4	1	-1	-1	10	1990	-1	25	3	2	1	2	-1	-1
NS17830M	1	1	9	2013	-1	2	1	-1	1	-1	-1	-1	-1	1	-1	-1	-1	1	1
NS17832P	1	1	7	2010	-1	5	1	-1	-1	11	1990	-1	25	3	2	1	2	-1	-1
NS17848Q	1	1	1	2010	-1	6	1	2	-1	9	1989	-1	26	1	-1	-1	-1	1	2
NS17848Q	2	2	2	2016	-1	0	1	1	-1	-1	-1	-1	-1	1	-1	-1	-1	-1	-1
NS17863Z	1	2	8	2011	-1	4	1	1	-1	-1	-1	-1	-1	1	-1	-1	-1	-1	-1
NS17863Z	2	1	2	2014	-1	2	1	1	-1	-1	-1	-1	-1	1	-1	-1	-1	-1	-1
NS17868E	1	1	-9	-9	6	6	1	-1	1	-1	-1	-1	-1	1	-1	-1	-1	1	2
NS17874V	1	1	4	2012	-1	3	1	1	-1	-1	-1	-1	-1	1	-1	-1	-1	-1	-1
NS17874V	2	2	4	2015	-1	0	1	1	-1	-1	-1	-1	-1	1	-1	-1	-1	-1	-1
NS17875W	1	1	3	2014	-1	1	1	1	-1	-1	-1	-1	-1	1	-1	-1	-1	-1	-1
NS17879A	1	2	5	2012	-1	3	1	-1	-1	-9	-9	25	25	2	-1	-1	1	1	2
NS17901G	1	2	12	2014	-1	1	1	1	-1	-1	-1	-1	-1	1	-1	-1	-1	-1	-1
NS17901G	2	1	12	2007	-1	8	3	1	-1	-1	-1	-1	-1	2	-1	-1	1	-1	-1
NS17929E	1	2	-9	-9	-9	-9	1	-1	-1	-9	-9	28	28	3	2	1	4	-1	-1
NS17930P	1	2	12	2015	-1	0	1	1	-1	-1	-1	-1	-1	1	-1	-1	-1	-1	-1
NS17931Q	1	1	7	2007	-1	8	1	-1	-1	-9	-9	-8	-8	1	-1	-1	-1	2	-1
NS17931Q	2	2	7	2013	-1	2	1	-1	-1	-9	-9	25	25	1	-1	-1	-1	2	-1
NS17931Q	3	1	7	2015	-1	0	1	-1	-1	-9	-9	27	27	1	-1	-1	-1	2	-1
NS17942L	1	1	5	2010	-1	6	1	2	1	-1	-1	-1	-1	1	-1	-1	-1	2	-1
NS17943M	1	1	5	2013	-1	2	3	1	-1	-1	-1	-1	-1	3	2	1	2	-1	-1
NS17943M	2	2	5	2013	-1	2	3	1	-1	-1	-1	-1	-1	3	2	1	2	-1	-1
NS17958M	1	2	2	2013	-1	3	1	1	-1	-1	-1	-1	-1	1	-1	-1	-1	-1	-1
NS17958M	2	1	11	2014	-1	1	1	1	-1	-1	-1	-1	-1	1	-1	-1	-1	-1	-1
NS17965D	1	2	10	2012	-1	2	1	1	-1	-1	-1	-1	-1	1	-1	-1	-1	-1	-1
NS17965D	2	1	1	2015	-1	0	1	1	-1	-1	-1	-1	-1	1	-1	-1	-1	-1	-1
NS17980M	1	2	2	2012	-1	4	1	1	-1	-1	-1	-1	-1	1	-1	-1	-1	-1	-1
NS17980M	2	2	11	2013	-1	2	1	1	-1	-1	-1	-1	-1	1	-1	-1	-1	-1	-1
NS17995M	1	1	1	2009	-1	7	1	1	-1	-1	-1	-1	-1	1	-1	-1	-1	-1	-1
NS17995M	2	1	10	2010	-1	5	1	1	-1	-1	-1	-1	-1	1	-1	-1	-1	-1	-1
NS17995M	3	2	-9	-9	0	0	1	1	-1	-1	-1	-1	-1	1	-1	-1	-1	-1	-1
NS17998Q	1	2	-9	-9	7	7	1	2	11	-9	-9	25	25	3	2	1	1	-1	-1
NS17998Q	2	1	11	2015	-1	0	1	1	-1	-1	-1	-1	-1	1	-1	-1	-1	-1	-1
NS18011C	1	1	5	2015	-1	0	1	1	-1	-1	-1	-1	-1	1	-1	-1	-1	-1	-1
NS18012D	1	1	12	2013	-1	2	1	1	-1	-1	-1	-1	-1	1	-1	-1	-1	-1	-1
NS18016H	1	2	7	2011	-1	4	1	-1	-1	-9	-9	23	23	1	-1	-1	-1	2	-1
NS18017J	1	2	4	2013	-1	2	1	1	-1	-1	-1	-1	-1	1	-1	-1	-1	-1	-1
NS18017J	2	2	8	2015	-1	0	1	1	-1	-1	-1	-1	-1	1	-1	-1	-1	-1	-1
NS18019L	1	1	5	2012	-1	3	1	1	-1	-1	-1	-1	-1	1	-1	-1	-1	-1	-1
NS18022Y	1	2	3	2009	-1	7	1	2	1	-1	-1	-1	-1	3	1	1	4	-1	-1
NS18052G	1	2	9	2008	-1	7	1	-1	1	-1	-1	-1	-1	3	1	1	2	-1	-1
NS18056L	1	2	7	2009	-1	6	1	1	-1	-1	-1	-1	-1	1	-1	-1	-1	-1	-1
NS18056L	2	2	10	2011	-1	4	1	1	-1	-1	-1	-1	-1	1	-1	-1	-1	-1	-1
NS18057M	1	2	8	2011	-1	4	1	-1	-1	9	1991	-1	24	3	2	1	1	-1	-1
NS18067G	1	1	5	2013	-1	2	1	1	-1	-1	-1	-1	-1	1	-1	-1	-1	-1	-1
NS18067G	2	1	1	2015	-1	0	1	1	-1	-1	-1	-1	-1	1	-1	-1	-1	-1	-1
NS18071V	1	1	9	2014	-1	1	1	1	-1	-1	-1	-1	-1	1	-1	-1	-1	-1	-1
NS18073X	1	1	1	2012	-1	4	1	1	-1	-1	-1	-1	-1	1	-1	-1	-1	-1	-1
NS18073X	2	1	2	2015	-1	0	1	1	-1	-1	-1	-1	-1	1	-1	-1	-1	-1	-1
NS18093L	1	2	7	2014	-1	1	1	1	-1	-1	-1	-1	-1	1	-1	-1	-1	-1	-1
NS18117L	1	1	8	2014	-1	1	1	1	-1	-1	-1	-1	-1	1	-1	-1	-1	-1	-1
NS18143Q	1	2	6	2014	-1	1	1	1	-1	-1	-1	-1	-1	1	-1	-1	-1	-1	-1
NS18158Q	1	1	4	2008	-1	7	3	1	-1	-1	-1	-1	-1	1	-1	-1	-1	-1	-1
NS18158Q	2	2	6	2012	-1	3	1	1	-1	-1	-1	-1	-1	1	-1	-1	-1	-1	-1
NS18158Q	3	1	11	2013	-1	2	1	1	-1	-1	-1	-1	-1	1	-1	-1	-1	-1	-1
NS18214K	1	2	12	2008	-1	7	1	-1	1	-1	-1	-1	-1	1	-1	-1	-1	1	4
NS18214K	2	1	6	2010	-1	5	1	-1	1	-1	-1	-1	-1	1	-1	-1	-1	1	4
NS18214K	3	1	1	2015	-1	1	1	-1	1	-1	-1	-1	-1	1	-1	-1	-1	1	4
NS18230V	1	2	7	2010	-1	5	1	1	-1	-1	-1	-1	-1	1	-1	-1	-1	-1	-1
NS18230V	2	2	5	2013	-1	2	1	1	-1	-1	-1	-1	-1	1	-1	-1	-1	-1	-1
NS18233Y	1	1	-9	-9	1	1	1	1	-1	-1	-1	-1	-1	1	-1	-1	-1	-1	-1
NS18239E	1	2	1	2016	-1	0	1	1	-1	-1	-1	-1	-1	1	-1	-1	-1	-1	-1
NS18253M	1	1	11	2008	-1	6	1	2	-1	-9	-9	25	25	1	-1	-1	-1	1	3
NS18253M	2	1	7	2013	-1	2	1	1	-1	-1	-1	-1	-1	1	-1	-1	-1	-1	-1
NS18258S	1	1	12	2007	-1	8	1	1	-1	-1	-1	-1	-1	1	-1	-1	-1	-1	-1
NS18258S	2	1	11	2008	-1	7	1	1	-1	-1	-1	-1	-1	1	-1	-1	-1	-1	-1
NS18258S	3	2	1	2013	-1	3	1	1	-1	-1	-1	-1	-1	1	-1	-1	-1	-1	-1
NS18265J	1	2	1	2016	-1	0	1	1	-1	-1	-1	-1	-1	1	-1	-1	-1	-1	-1
NS18272A	1	1	4	2009	-1	6	1	1	-1	-1	-1	-1	-1	1	-1	-1	-1	-1	-1
NS18272A	2	2	6	2013	-1	2	1	1	-1	-1	-1	-1	-1	1	-1	-1	-1	-1	-1
NS18274C	1	2	2	2010	-1	6	1	2	-1	-9	-9	28	28	1	-1	-1	-1	2	-1
NS18274C	2	2	4	2013	-1	3	1	1	-1	-1	-1	-1	-1	1	-1	-1	-1	-1	-1
NS18274C	3	1	4	2014	-1	2	1	1	-1	-1	-1	-1	-1	1	-1	-1	-1	-1	-1
NS18288B	1	1	12	2013	-1	2	1	1	-1	-1	-1	-1	-1	1	-1	-1	-1	-1	-1
NS18330X	1	1	9	2005	-1	10	1	-9	-1	-1	-1	-1	-1	1	-1	-1	-1	-1	-1
NS18330X	2	1	10	2007	-1	8	1	-9	-1	-1	-1	-1	-1	1	-1	-1	-1	-1	-1
NS18330X	3	1	4	2009	-1	6	1	-9	-1	-1	-1	-1	-1	1	-1	-1	-1	-1	-1
NS18330X	4	2	4	2010	-1	5	1	-9	-1	-1	-1	-1	-1	1	-1	-1	-1	-1	-1
NS18330X	5	1	10	2012	-1	3	1	-9	-1	-1	-1	-1	-1	1	-1	-1	-1	-1	-1
NS18330X	6	1	9	2014	-1	1	1	-9	-1	-1	-1	-1	-1	1	-1	-1	-1	-1	-1
NS18345X	1	1	11	2011	-1	4	1	-1	1	-1	-1	-1	-1	2	-1	-1	1	1	1
NS18352N	1	1	12	2010	-1	5	1	-1	-1	5	1980	-1	35	1	-1	-1	-1	1	4
NS18354Q	1	2	9	2009	-1	6	1	1	-1	-1	-1	-1	-1	1	-1	-1	-1	-1	-1
NS18367N	1	1	1	2012	-1	4	1	2	1	-1	-1	-1	-1	1	-1	-1	-1	1	2
NS18367N	2	2	8	2010	-1	5	3	1	-1	-1	-1	-1	-1	2	-1	-1	1	-1	-1
NS18380V	1	1	9	2005	-1	10	5	-1	-1	-1	-1	-1	-1	1	-1	-1	-1	-1	-1
NS18403T	1	2	12	2013	-1	1	1	-1	1	-1	-1	-1	-1	1	-1	-1	-1	1	1
NS18406X	1	2	4	2012	-1	3	1	1	-1	-1	-1	-1	-1	1	-1	-1	-1	-1	-1
NS18406X	2	1	4	2013	-1	2	1	1	-1	-1	-1	-1	-1	1	-1	-1	-1	-1	-1
NS18406X	3	2	4	2013	-1	2	1	1	-1	-1	-1	-1	-1	1	-1	-1	-1	-1	-1
NS18410K	1	2	5	2011	-1	5	1	1	-1	-1	-1	-1	-1	1	-1	-1	-1	-1	-1
NS18410K	2	1	7	2015	-1	0	1	1	-1	-1	-1	-1	-1	1	-1	-1	-1	-1	-1
NS18418T	1	1	1	2015	-1	1	1	1	-1	-1	-1	-1	-1	1	-1	-1	-1	-1	-1
NS18418T	2	1	3	2016	-1	0	1	1	-1	-1	-1	-1	-1	1	-1	-1	-1	-1	-1
NS18418T	3	1	2	2007	-1	9	3	1	-1	-1	-1	-1	-1	2	-1	-1	1	-1	-1
NS18422G	1	1	4	2011	-1	5	1	1	-1	-1	-1	-1	-1	1	-1	-1	-1	-1	-1
NS18422G	2	2	11	2013	-1	2	1	1	-1	-1	-1	-1	-1	1	-1	-1	-1	-1	-1
NS18459Y	1	2	10	2007	-1	8	1	1	-1	-1	-1	-1	-1	1	-1	-1	-1	-1	-1
NS18459Y	2	2	1	2009	-1	7	1	1	-1	-1	-1	-1	-1	1	-1	-1	-1	-1	-1
NS18459Y	3	1	7	2011	-1	4	1	1	-1	-1	-1	-1	-1	1	-1	-1	-1	-1	-1
NS18459Y	4	1	1	2014	-1	2	1	1	-1	-1	-1	-1	-1	1	-1	-1	-1	-1	-1
NS18465N	1	1	3	2016	-1	0	1	1	-1	-1	-1	-1	-1	1	-1	-1	-1	-1	-1
NS18484B	1	2	11	2007	-1	8	1	2	-1	-9	-9	-8	-8	1	-1	-1	-1	2	-1
NS18484B	2	2	1	2012	-1	4	1	1	-1	-1	-1	-1	-1	1	-1	-1	-1	-1	-1
NS18490R	1	2	3	2014	-1	1	1	1	-1	-1	-1	-1	-1	1	-1	-1	-1	-1	-1
NS18553T	1	2	6	2013	-1	2	1	-1	1	-1	-1	-1	-1	1	-1	-1	-1	1	2
NS18553T	2	2	5	2015	-1	1	1	-1	1	-1	-1	-1	-1	1	-1	-1	-1	1	2
NS18562M	1	1	-9	-9	2	2	1	1	-1	-1	-1	-1	-1	1	-1	-1	-1	-1	-1
NS18562M	2	2	-9	-9	1	1	1	1	-1	-1	-1	-1	-1	1	-1	-1	-1	-1	-1
NS18573H	1	2	11	2015	-1	0	1	1	-1	-1	-1	-1	-1	1	-1	-1	-1	-1	-1
NS18604Z	1	2	11	2015	-1	0	1	1	-1	-1	-1	-1	-1	1	-1	-1	-1	-1	-1
NS18622L	1	2	2	2011	-1	5	1	-1	1	-1	-1	-1	-1	2	-1	-1	2	1	1
NS18630D	1	2	12	2008	-1	7	1	-1	1	-1	-1	-1	-1	3	1	5	7	1	7
NS18630D	2	1	6	2012	-1	3	1	-1	1	-1	-1	-1	-1	3	2	5	7	1	7
NS18631E	1	1	9	2006	-1	9	1	2	-1	-9	-9	35	35	1	-1	-1	-1	2	-1
NS18664R	1	1	8	2015	-1	0	1	1	-1	-1	-1	-1	-1	1	-1	-1	-1	-1	-1
NS18664R	2	1	8	2015	-1	0	1	1	-1	-1	-1	-1	-1	1	-1	-1	-1	-1	-1
NS18673K	1	2	4	2013	-1	2	1	1	-1	-1	-1	-1	-1	1	-1	-1	-1	-1	-1
NS18680B	1	1	-9	-9	2	2	1	1	-1	-1	-1	-1	-1	1	-1	-1	-1	-1	-1
NS18680B	2	1	-9	-9	1	1	1	1	-1	-1	-1	-1	-1	1	-1	-1	-1	-1	-1
NS18681C	1	2	3	2008	-1	7	1	-1	-1	-9	-9	30	30	1	-1	-1	-1	1	2
NS18681C	2	2	10	2014	-1	1	1	-1	-1	-9	-9	30	30	1	-1	-1	-1	1	2
NS18689L	1	2	-9	-9	8	8	1	-1	-1	-9	-9	30	30	1	-1	-1	-1	2	-1
NS18689L	2	2	6	2013	-1	2	1	-1	-1	-9	-9	-9	-9	1	-1	-1	-1	2	-1
NS18695B	1	2	4	2013	-1	2	1	1	-1	-1	-1	-1	-1	1	-1	-1	-1	-1	-1
NS18698E	1	1	3	2013	-1	2	1	1	-1	-1	-1	-1	-1	1	-1	-1	-1	-1	-1
NS18698E	2	2	9	2014	-1	1	1	1	-1	-1	-1	-1	-1	1	-1	-1	-1	-1	-1
NS18720L	1	1	-9	-9	5	5	1	-1	1	-1	-1	-1	-1	3	2	1	1	-1	-1
NS18722N	1	1	4	2010	-1	5	1	1	-1	-1	-1	-1	-1	1	-1	-1	-1	-1	-1
NS18725R	1	1	10	2012	-1	3	1	1	-1	-1	-1	-1	-1	1	-1	-1	-1	-1	-1
NS18735L	1	1	11	2014	-1	1	1	1	-1	-1	-1	-1	-1	1	-1	-1	-1	-1	-1
NS18741B	1	1	2	2015	-1	0	1	1	-1	-1	-1	-1	-1	1	-1	-1	-1	-1	-1
NS18771K	1	2	10	2014	-1	1	1	-1	1	-1	-1	-1	-1	1	-1	-1	-1	1	1
NS18771K	2	2	9	2011	-1	4	1	-1	1	-1	-1	-1	-1	1	-1	-1	-1	1	1
NS18784H	1	1	10	2012	-1	3	1	1	-1	-1	-1	-1	-1	1	-1	-1	-1	-1	-1
NS18784H	2	2	3	2014	-1	2	1	1	-1	-1	-1	-1	-1	1	-1	-1	-1	-1	-1
NS18787L	1	2	-9	-9	7	7	1	1	-1	-1	-1	-1	-1	1	-1	-1	-1	-1	-1
NS18787L	2	1	1	2012	-1	4	1	1	-1	-1	-1	-1	-1	1	-1	-1	-1	-1	-1
NS18787L	3	2	11	2014	-1	1	1	1	-1	-1	-1	-1	-1	1	-1	-1	-1	-1	-1
NS18787L	4	1	3	2005	-1	11	2	1	-1	-1	-1	-1	-1	1	-1	-1	-1	-1	-1
NS18808H	1	2	-9	-9	4	4	1	1	-1	-1	-1	-1	-1	1	-1	-1	-1	-1	-1
NS18808H	2	2	-9	-9	0	0	1	1	-1	-1	-1	-1	-1	1	-1	-1	-1	-1	-1
NS18830H	1	2	11	2015	-1	0	1	1	-1	-1	-1	-1	-1	1	-1	-1	-1	-1	-1
NS18830H	2	1	5	2014	-1	1	1	1	-1	-1	-1	-1	-1	1	-1	-1	-1	-1	-1
NS18844G	1	2	4	2014	-1	2	1	1	-1	-1	-1	-1	-1	1	-1	-1	-1	-1	-1
NS18849M	1	1	1	2013	-1	3	1	1	-1	-1	-1	-1	-1	1	-1	-1	-1	-1	-1
NS18852Z	1	2	5	2008	-1	7	1	1	-1	-1	-1	-1	-1	1	-1	-1	-1	-1	-1
NS18852Z	2	2	10	2010	-1	5	1	1	-1	-1	-1	-1	-1	1	-1	-1	-1	-1	-1
NS18857E	1	2	-9	-9	4	4	1	-1	1	-1	-1	-1	-1	3	1	1	1	-1	-1
NS18868A	1	1	7	2014	-1	1	1	1	-1	-1	-1	-1	-1	1	-1	-1	-1	-1	-1
NS18888P	1	2	9	2012	-1	3	1	-1	1	-1	-1	-1	-1	1	-1	-1	-1	1	1
NS18888P	2	1	10	2014	-1	1	1	-1	1	-1	-1	-1	-1	1	-1	-1	-1	1	1
NS18889Q	1	2	11	2007	-1	8	1	2	1	-1	-1	-1	-1	3	1	3	5	2	-1
NS18889Q	2	1	5	2011	-1	4	1	1	-1	-1	-1	-1	-1	1	-1	-1	-1	-1	-1
NS18889Q	3	1	7	2012	-1	3	1	1	-1	-1	-1	-1	-1	1	-1	-1	-1	-1	-1
NS18889Q	4	1	9	2015	-1	0	1	1	-1	-1	-1	-1	-1	1	-1	-1	-1	-1	-1
NS18893D	1	2	1	2007	-1	8	1	2	11	-9	-9	27	27	1	-1	-1	-1	2	-1
NS18893D	2	1	9	2009	-1	6	1	2	1	-1	-1	-1	-1	1	-1	-1	-1	1	3
NS18893D	3	2	2	2012	-1	3	1	1	-1	-1	-1	-1	-1	1	-1	-1	-1	-1	-1
NS18894E	1	1	2	2013	-1	3	1	1	-1	-1	-1	-1	-1	1	-1	-1	-1	-1	-1
NS18905G	1	1	11	2013	-1	2	1	-1	1	-1	-1	-1	-1	1	-1	-1	-1	1	1
NS18906H	1	1	4	2009	-1	7	1	-1	1	-1	-1	-1	-1	3	2	1	2	-1	-1
NS18906H	2	1	8	2015	-1	0	1	-1	1	-1	-1	-1	-1	3	2	1	2	-1	-1
NS18907J	1	1	8	2012	-1	3	1	-1	-1	5	1990	-1	25	1	-1	-1	-1	1	2
NS18921R	1	2	11	2015	-1	0	1	1	-1	-1	-1	-1	-1	1	-1	-1	-1	-1	-1
NS18931L	1	2	6	2011	-1	4	1	-1	1	-1	-1	-1	-1	3	1	1	2	-1	-1
NS18934P	1	2	12	2009	-1	5	1	-1	-1	-9	-9	28	28	3	2	1	1	-1	-1
NS18936R	1	1	6	2011	-1	4	1	1	-1	-1	-1	-1	-1	1	-1	-1	-1	-1	-1
NS18936R	2	1	4	2016	-1	0	1	1	-1	-1	-1	-1	-1	1	-1	-1	-1	-1	-1
NS18936R	3	2	6	2009	-1	6	1	1	-1	-1	-1	-1	-1	1	-1	-1	-1	-1	-1
NS18973R	1	1	-9	-9	2	2	1	-1	1	-1	-1	-1	-1	2	-1	-1	1	1	1
NS18973R	2	2	-9	-9	0	0	1	-1	1	-1	-1	-1	-1	2	-1	-1	1	1	1
NS18980H	1	1	11	2009	-1	6	1	2	1	-1	-1	-1	-1	1	-1	-1	-1	2	-1
NS18982K	1	2	9	2013	-1	2	1	1	-1	-1	-1	-1	-1	1	-1	-1	-1	-1	-1
NS19010X	1	2	1	2009	-1	7	1	2	2	-1	-1	-1	-1	3	1	9	-1	-1	-1
NS19010X	2	2	1	2015	-1	1	1	1	-1	-1	-1	-1	-1	1	-1	-1	-1	-1	-1
NS19010X	3	1	1	2015	-1	1	1	1	-1	-1	-1	-1	-1	1	-1	-1	-1	-1	-1
NS19023V	1	2	1	2013	-1	2	3	1	-1	-1	-1	-1	-1	2	-1	-1	2	-1	-1
NS19033P	1	1	11	2006	-1	9	1	-1	-1	-9	-9	27	27	1	-1	-1	-1	1	2
NS19033P	2	1	2	2008	-1	8	1	-1	-1	-9	-9	27	27	1	-1	-1	-1	1	2
NS19038V	1	1	12	2009	-1	6	1	-1	-1	-9	-9	30	30	1	-1	-1	-1	2	-1
NS19041G	1	1	9	2003	-1	12	3	-1	-1	-1	-1	-1	-1	3	2	1	2	-1	-1
NS19041G	2	1	10	2006	-1	9	3	-1	-1	-1	-1	-1	-1	3	2	1	2	-1	-1
NS19046M	1	2	6	2012	-1	3	1	1	-1	-1	-1	-1	-1	1	-1	-1	-1	-1	-1
NS19046M	2	1	6	2015	-1	0	1	1	-1	-1	-1	-1	-1	1	-1	-1	-1	-1	-1
NS19056G	1	1	9	2010	-1	5	1	1	-1	-1	-1	-1	-1	1	-1	-1	-1	-1	-1
NS19056G	2	1	5	2012	-1	4	1	1	-1	-1	-1	-1	-1	1	-1	-1	-1	-1	-1
NS19096K	1	2	1	2011	-1	5	1	1	-1	-1	-1	-1	-1	1	-1	-1	-1	-1	-1
NS19096K	2	2	5	2013	-1	2	1	1	-1	-1	-1	-1	-1	1	-1	-1	-1	-1	-1
NS19104J	1	2	-9	-9	2	2	1	1	-1	-1	-1	-1	-1	1	-1	-1	-1	-1	-1
NS19111A	1	1	3	2014	-1	1	1	1	-1	-1	-1	-1	-1	1	-1	-1	-1	-1	-1
NS19115E	1	2	2	2010	-1	5	1	-1	1	-1	-1	-1	-1	3	1	1	2	-1	-1
NS19115E	2	2	2	2012	-1	3	1	-1	1	-1	-1	-1	-1	3	1	1	2	-1	-1
NS19127B	1	2	3	2009	-1	6	1	-1	-1	-9	-9	-9	-9	1	-1	-1	-1	1	1
NS19140H	1	2	8	2011	-1	4	1	1	-1	-1	-1	-1	-1	1	-1	-1	-1	-1	-1
NS19140H	2	2	8	2009	-1	6	1	1	-1	-1	-1	-1	-1	1	-1	-1	-1	-1	-1
NS19157K	1	1	2	2015	-1	0	1	1	-1	-1	-1	-1	-1	1	-1	-1	-1	-1	-1
NS19159M	1	1	8	2015	-1	0	1	1	-1	-1	-1	-1	-1	1	-1	-1	-1	-1	-1
NS19164B	1	1	12	2014	-1	1	1	1	-1	-1	-1	-1	-1	1	-1	-1	-1	-1	-1
NS19181M	1	1	3	2009	-1	7	1	-1	1	-1	-1	-1	-1	1	-1	-1	-1	1	2
NS19196M	1	2	1	2011	-1	5	1	1	-1	-1	-1	-1	-1	1	-1	-1	-1	-1	-1
NS19196M	2	1	6	2015	-1	0	1	1	-1	-1	-1	-1	-1	1	-1	-1	-1	-1	-1
NS19221X	1	1	5	2014	-1	1	1	1	-1	-1	-1	-1	-1	1	-1	-1	-1	-1	-1
NS19226C	1	1	1	2009	-1	7	1	2	1	-1	-1	-1	-1	1	-1	-1	-1	2	-1
NS19226C	2	1	12	2014	-1	1	1	1	-1	-1	-1	-1	-1	1	-1	-1	-1	-1	-1
NS19257M	1	2	4	2012	-1	4	1	-1	1	3	1986	-1	30	1	-1	-1	-1	2	-1
NS19267G	1	1	8	2010	-1	5	1	1	-1	-1	-1	-1	-1	1	-1	-1	-1	-1	-1
NS19288X	1	1	3	2014	-1	1	1	1	-1	-1	-1	-1	-1	1	-1	-1	-1	-1	-1
NS19291J	1	2	8	2010	-1	5	1	1	-1	-1	-1	-1	-1	1	-1	-1	-1	-1	-1
NS19291J	2	2	9	2012	-1	3	1	1	-1	-1	-1	-1	-1	1	-1	-1	-1	-1	-1
NS19291J	3	2	8	2014	-1	1	1	1	-1	-1	-1	-1	-1	1	-1	-1	-1	-1	-1
NS19309T	1	2	1	2010	-1	6	1	-1	-1	9	1979	-1	36	1	-1	-1	-1	2	-1
NS19311E	1	2	12	2010	-1	5	1	2	1	-1	-1	-1	-1	1	-1	-1	-1	1	2
NS19311E	2	1	4	2015	-1	1	1	1	-1	-1	-1	-1	-1	1	-1	-1	-1	-1	-1
NS19317L	1	2	10	2011	-1	4	1	1	-1	-1	-1	-1	-1	1	-1	-1	-1	-1	-1
NS19317L	2	1	1	2014	-1	1	1	1	-1	-1	-1	-1	-1	1	-1	-1	-1	-1	-1
NS19341N	1	2	4	2013	-1	3	1	-1	1	-1	-1	-1	-1	2	-1	-1	1	1	1
NS19341N	2	1	4	2014	-1	2	1	-1	1	-1	-1	-1	-1	2	-1	-1	1	1	1
NS19345S	1	2	7	2013	-1	2	1	-1	11	5	1988	-1	28	1	-1	-1	-1	1	2
NS19348W	1	2	7	2014	-1	1	1	-1	-1	7	1989	-1	26	1	-1	-1	-1	1	1
NS19362D	1	2	1	2008	-1	8	1	1	-1	-1	-1	-1	-1	1	-1	-1	-1	-1	-1
NS19362D	2	1	12	2013	-1	2	1	1	-1	-1	-1	-1	-1	1	-1	-1	-1	-1	-1
NS19362D	3	1	11	2015	-1	0	1	1	-1	-1	-1	-1	-1	1	-1	-1	-1	-1	-1
NS19372Y	1	2	6	2015	-1	0	1	1	-1	-1	-1	-1	-1	1	-1	-1	-1	-1	-1
NS19375B	1	2	8	2015	-1	0	1	-1	11	3	1993	-1	23	1	-1	-1	-1	1	1
NS19383T	1	2	-9	-9	3	3	1	1	-1	-1	-1	-1	-1	1	-1	-1	-1	-1	-1
NS19383T	2	1	-9	-9	1	1	1	1	-1	-1	-1	-1	-1	1	-1	-1	-1	-1	-1
NS19394P	1	1	8	2014	-1	1	1	1	-1	-1	-1	-1	-1	1	-1	-1	-1	-1	-1
NS19408V	1	2	7	2012	-1	3	1	1	-1	-1	-1	-1	-1	1	-1	-1	-1	-1	-1
NS19419Q	1	1	5	2007	-1	8	1	-1	11	-9	-9	28	28	1	-1	-1	-1	1	3
NS19419Q	2	2	1	2010	-1	6	1	-1	11	3	1989	-1	27	1	-1	-1	-1	1	3
NS19422C	1	2	4	2009	-1	7	1	-1	11	4	1985	-1	31	1	-1	-1	-1	1	2
NS19422C	2	1	5	2014	-1	2	1	-1	1	-1	-1	-1	-1	1	-1	-1	-1	1	2
NS19425F	1	1	7	2012	-1	3	1	1	-1	-1	-1	-1	-1	1	-1	-1	-1	-1	-1
NS19425F	2	2	10	2014	-1	1	1	1	-1	-1	-1	-1	-1	1	-1	-1	-1	-1	-1
NS19433Y	1	2	2	2009	-1	7	1	2	-1	2	1989	-1	27	1	-1	-1	-1	1	2
NS19433Y	2	1	5	2015	-1	0	1	2	-1	1	1989	-1	27	1	-1	-1	-1	1	2
NS19445V	1	2	10	2010	-1	5	1	-1	11	-9	-9	40	40	3	2	4	1	2	-1
NS19445V	2	1	6	2013	-1	2	1	-1	1	-1	-1	-1	-1	3	2	3	7	2	-1
NS19445V	3	2	8	2015	-1	0	1	-1	1	-1	-1	-1	-1	3	2	3	7	2	-1
NS19454N	1	2	9	2015	-1	0	1	1	-1	-1	-1	-1	-1	1	-1	-1	-1	-1	-1
NS19458S	1	1	8	2007	-1	8	1	-1	-1	4	1990	-1	25	3	2	1	7	-1	-1
NS19466K	1	2	7	2014	-1	1	1	1	-1	-1	-1	-1	-1	1	-1	-1	-1	-1	-1
NS19475D	1	1	10	2014	-1	1	1	1	-1	-1	-1	-1	-1	1	-1	-1	-1	-1	-1
NS19476E	1	2	2	2014	-1	1	1	1	-1	-1	-1	-1	-1	1	-1	-1	-1	-1	-1
NS19478G	1	2	6	2013	-1	2	1	-1	-1	-9	-9	30	30	1	-1	-1	-1	1	2
NS19483W	1	2	7	2014	-1	1	1	1	-1	-1	-1	-1	-1	1	-1	-1	-1	-1	-1
NS19483W	2	1	10	2012	-1	3	1	1	-1	-1	-1	-1	-1	1	-1	-1	-1	-1	-1
NS19483W	3	2	7	2015	-1	0	1	1	-1	-1	-1	-1	-1	1	-1	-1	-1	-1	-1
NS19486Z	1	2	9	2009	-1	6	1	1	-1	-1	-1	-1	-1	1	-1	-1	-1	-1	-1
NS19486Z	2	1	6	2010	-1	5	1	1	-1	-1	-1	-1	-1	1	-1	-1	-1	-1	-1
NS19486Z	3	2	5	2011	-1	5	1	1	-1	-1	-1	-1	-1	1	-1	-1	-1	-1	-1
NS19486Z	4	1	1	2014	-1	2	1	1	-1	-1	-1	-1	-1	1	-1	-1	-1	-1	-1
NS19486Z	5	1	5	2016	-1	0	1	1	-1	-1	-1	-1	-1	1	-1	-1	-1	-1	-1
NS19487A	1	1	5	2012	-1	3	1	1	-1	-1	-1	-1	-1	1	-1	-1	-1	-1	-1
NS19487A	2	1	5	2014	-1	1	1	1	-1	-1	-1	-1	-1	1	-1	-1	-1	-1	-1
NS19487A	3	2	10	2015	-1	0	1	1	-1	-1	-1	-1	-1	1	-1	-1	-1	-1	-1
NS19490M	1	1	9	2008	-1	7	3	1	-1	-1	-1	-1	-1	3	2	1	2	-1	-1
NS19490M	2	2	9	2008	-1	7	3	1	-1	-1	-1	-1	-1	3	2	1	2	-1	-1
NS19493Q	1	1	-9	-9	-9	-9	1	-1	-1	-9	-9	-9	-9	1	-1	-1	-1	-9	-1
NS19493Q	2	-9	-9	-9	-9	-9	-9	-1	-1	-1	-1	-1	-1	-9	-1	-1	-1	-1	-1
NS19493Q	3	-9	-9	-9	-9	-9	-9	-1	-1	-1	-1	-1	-1	-9	-1	-1	-1	-1	-1
NS19493Q	4	-9	-9	-9	-9	-9	-9	-1	-1	-1	-1	-1	-1	-9	-1	-1	-1	-1	-1
NS19493Q	5	-9	-9	-9	-9	-9	-9	-1	-1	-1	-1	-1	-1	-9	-1	-1	-1	-1	-1
NS19493Q	6	-9	-9	-9	-9	-9	-9	-1	-1	-1	-1	-1	-1	-9	-1	-1	-1	-1	-1
NS19493Q	7	-9	-9	-9	-9	-9	-9	-1	-1	-1	-1	-1	-1	-9	-1	-1	-1	-1	-1
NS19493Q	8	-9	-9	-9	-9	-9	-9	-1	-1	-1	-1	-1	-1	-9	-1	-1	-1	-1	-1
NS19493Q	9	-9	-9	-9	-9	-9	-9	-1	-1	-1	-1	-1	-1	-9	-1	-1	-1	-1	-1
NS19493Q	10	-9	-9	-9	-9	-9	-9	-1	-1	-1	-1	-1	-1	-9	-1	-1	-1	-1	-1
NS19517Q	1	2	9	2010	-1	5	1	1	-1	-1	-1	-1	-1	1	-1	-1	-1	-1	-1
NS19571B	1	2	2	2012	-1	3	1	-1	-1	10	1989	-1	26	1	-1	-1	-1	1	1
NS19578J	1	1	3	2009	-1	6	1	2	1	-1	-1	-1	-1	1	-1	-1	-1	2	-1
NS19578J	2	2	1	2013	-1	3	1	1	-1	-1	-1	-1	-1	1	-1	-1	-1	-1	-1
NS19580V	1	2	7	2014	-1	1	1	1	-1	-1	-1	-1	-1	1	-1	-1	-1	-1	-1
NS19586B	1	1	9	2012	-1	3	1	1	-1	-1	-1	-1	-1	1	-1	-1	-1	-1	-1
NS19590P	1	2	7	2007	-1	8	1	-1	1	-1	-1	-1	-1	1	-1	-1	-1	1	2
NS19590P	2	2	8	2012	-1	3	1	-1	1	-1	-1	-1	-1	1	-1	-1	-1	1	2
NS19591Q	1	1	12	2008	-1	7	1	-1	1	-1	-1	-1	-1	1	-1	-1	-1	1	1
NS19598Y	1	1	10	2011	-1	4	5	1	-1	-1	-1	-1	-1	1	-1	-1	-1	-1	-1
NS19598Y	2	1	8	2014	-1	1	1	1	-1	-1	-1	-1	-1	1	-1	-1	-1	-1	-1
NS19599Z	1	1	-9	-9	-9	-9	3	1	-1	-1	-1	-1	-1	3	2	1	2	-1	-1
NS19599Z	2	2	-9	-9	-9	-9	1	1	-1	-1	-1	-1	-1	1	-1	-1	-1	-1	-1
NS19611L	1	2	4	2015	-1	0	1	1	-1	-1	-1	-1	-1	1	-1	-1	-1	-1	-1
NS19665N	1	1	4	2013	-1	3	3	1	-1	-1	-1	-1	-1	1	-1	-1	-1	-1	-1
NS19666P	1	1	2	2015	-1	1	1	-1	11	-9	-9	23	23	3	2	1	1	-1	-1
NS19684B	1	-9	-9	-9	-9	-9	1	1	-1	-1	-1	-1	-1	1	-1	-1	-1	-1	-1
NS19688F	1	1	10	2007	-1	8	1	-1	1	-1	-1	-1	-1	1	-1	-1	-1	1	2
NS19688F	2	2	12	2011	-1	4	1	-1	1	-1	-1	-1	-1	1	-1	-1	-1	1	2
NS19695X	1	1	3	2007	-1	8	1	2	1	-1	-1	-1	-1	1	-1	-1	-1	1	3
NS19695X	2	1	2	2008	-1	7	1	2	1	-1	-1	-1	-1	1	-1	-1	-1	1	3
NS19695X	3	2	11	2013	-1	2	1	1	-1	-1	-1	-1	-1	1	-1	-1	-1	-1	-1
NS19703W	1	1	12	2012	-1	3	1	1	-1	-1	-1	-1	-1	1	-1	-1	-1	-1	-1
NS19705Y	1	2	1	2008	-1	8	1	-1	1	-1	-1	-1	-1	1	-1	-1	-1	1	2
NS19705Y	2	1	5	2012	-1	3	1	-1	1	-1	-1	-1	-1	1	-1	-1	-1	1	2
NS19705Y	3	2	2	2015	-1	1	1	-1	11	6	1988	-1	27	1	-1	-1	-1	1	1
NS19747D	1	2	5	2015	-1	0	1	1	-1	-1	-1	-1	-1	1	-1	-1	-1	-1	-1
NS19780Z	1	2	6	2014	-1	1	1	1	-1	-1	-1	-1	-1	1	-1	-1	-1	-1	-1
NS19790T	1	2	12	2012	-1	2	1	-1	-1	2	1993	-1	22	1	-1	-1	-1	2	-1
NS19791V	1	2	1	2015	-1	1	1	1	-1	-1	-1	-1	-1	1	-1	-1	-1	-1	-1
NS19792W	1	2	7	2006	-1	9	1	-1	-1	1	1988	-1	28	1	-1	-1	-1	1	1
NS19792W	2	1	6	2009	-1	6	1	-1	-1	1	1988	-1	28	1	-1	-1	-1	1	1
NS19792W	3	1	1	2016	-1	0	1	-1	-1	9	1993	-1	22	1	-1	-1	-1	1	1
NS19797B	1	1	12	2014	-1	1	1	-1	1	-1	-1	-1	-1	3	2	1	3	-1	-1
NS19799D	1	1	4	2015	-1	0	1	-1	1	-1	-1	-1	-1	1	-1	-1	-1	1	1
NS19845D	1	1	5	2010	-1	5	1	1	-1	-1	-1	-1	-1	1	-1	-1	-1	-1	-1
NS19845D	2	1	7	2012	-1	3	1	1	-1	-1	-1	-1	-1	1	-1	-1	-1	-1	-1
NS19859C	1	2	2	2010	-1	6	3	1	-1	-1	-1	-1	-1	2	-1	-1	2	-1	-1
NS19859C	2	1	9	2004	-1	11	3	1	-1	-1	-1	-1	-1	2	-1	-1	1	-1	-1
NS19861N	1	1	3	2013	-1	2	1	1	-1	-1	-1	-1	-1	1	-1	-1	-1	-1	-1
NS19861N	2	2	8	2015	-1	0	1	1	-1	-1	-1	-1	-1	1	-1	-1	-1	-1	-1
NS19864R	1	2	9	2008	-1	7	1	1	-1	-1	-1	-1	-1	1	-1	-1	-1	-1	-1
NS19864R	2	2	11	2011	-1	4	1	1	-1	-1	-1	-1	-1	1	-1	-1	-1	-1	-1
NS19874L	1	2	10	2009	-1	6	1	1	-1	-1	-1	-1	-1	1	-1	-1	-1	-1	-1
NS19874L	2	2	12	2010	-1	5	1	1	-1	-1	-1	-1	-1	1	-1	-1	-1	-1	-1
NS19876N	1	1	3	2010	-1	6	1	1	-1	-1	-1	-1	-1	1	-1	-1	-1	-1	-1
NS19885G	1	1	-9	-9	7	7	1	-1	-1	5	1984	-1	31	1	-1	-1	-1	2	-1
NS19887J	1	2	-9	-9	10	10	1	1	-1	-1	-1	-1	-1	1	-1	-1	-1	-1	-1
NS19888K	1	1	1	2013	-1	2	1	-1	1	-1	-1	-1	-1	1	-1	-1	-1	1	1
NS19892Y	1	1	8	2011	-1	4	1	1	-1	-1	-1	-1	-1	1	-1	-1	-1	-1	-1
NS19892Y	2	1	5	2014	-1	1	1	1	-1	-1	-1	-1	-1	1	-1	-1	-1	-1	-1
NS19896C	1	1	-9	-9	-9	-9	1	1	-1	-1	-1	-1	-1	1	-1	-1	-1	-1	-1
NS19898E	1	1	12	2013	-1	1	1	1	-1	-1	-1	-1	-1	1	-1	-1	-1	-1	-1
NS19937N	1	1	-9	-9	2	2	1	1	-1	-1	-1	-1	-1	1	-1	-1	-1	-1	-1
NS19942C	1	1	6	2009	-1	6	1	1	-1	-1	-1	-1	-1	1	-1	-1	-1	-1	-1
NS19942C	2	2	7	2012	-1	3	1	1	-1	-1	-1	-1	-1	1	-1	-1	-1	-1	-1
NS19949K	1	2	7	2010	-1	5	1	-1	-1	-9	-9	26	26	1	-1	-1	-1	1	3
NS19949K	2	2	12	2012	-1	3	1	-1	-1	-9	-9	26	26	1	-1	-1	-1	1	3
NS19958D	1	2	11	2012	-1	3	1	-1	-1	-9	-9	25	25	3	2	1	1	-1	-1
NS19970J	1	1	8	2011	-1	4	1	-1	1	-1	-1	-1	-1	1	-1	-1	-1	1	2
NS19970J	2	1	3	2014	-1	2	1	-1	1	-1	-1	-1	-1	1	-1	-1	-1	1	2
NS19973M	1	1	2	2012	-1	3	1	1	-1	-1	-1	-1	-1	1	-1	-1	-1	-1	-1
NS19973M	2	2	9	2015	-1	0	1	1	-1	-1	-1	-1	-1	1	-1	-1	-1	-1	-1
NS19975P	1	2	4	2006	-1	9	5	1	-1	-1	-1	-1	-1	1	-1	-1	-1	-1	-1
NS19975P	2	1	1	2011	-1	4	1	1	-1	-1	-1	-1	-1	1	-1	-1	-1	-1	-1
NS19975P	3	1	10	2014	-1	1	1	1	-1	-1	-1	-1	-1	1	-1	-1	-1	-1	-1
NS19976Q	1	1	12	2015	-1	0	1	-1	-1	6	1990	-1	25	3	2	1	3	-1	-1
NS19977R	1	1	5	2010	-1	5	1	-1	-1	12	1990	-1	25	1	-1	-1	-1	1	2
NS19977R	2	2	8	2011	-1	4	1	-1	-1	12	1990	-1	25	1	-1	-1	-1	1	2
NS19981E	1	1	8	2010	-1	5	1	-1	-9	-1	-1	-1	-1	3	1	1	2	-1	-1
NS19982F	1	1	4	2011	-1	5	1	-1	-1	11	1992	-1	23	3	2	1	1	-1	-1
NS19987L	1	1	12	2013	-1	2	1	-1	1	-1	-1	-1	-1	1	-1	-1	-1	1	5
NS19989N	1	2	3	2015	-1	1	1	1	-1	-1	-1	-1	-1	1	-1	-1	-1	-1	-1
NS19993B	1	2	-9	-9	3	3	1	-1	-1	6	1990	-1	25	3	1	8	5	1	3
NS19999H	1	2	1	2013	-1	3	1	-1	1	-1	-1	-1	-1	2	-1	-1	1	1	1
NS20004F	1	2	9	2010	-1	5	1	1	-1	-1	-1	-1	-1	1	-1	-1	-1	-1	-1
NS20004F	2	2	6	2015	-1	1	1	1	-1	-1	-1	-1	-1	1	-1	-1	-1	-1	-1
NS20021R	1	1	1	2016	-1	0	1	1	-1	-1	-1	-1	-1	1	-1	-1	-1	-1	-1
NS20030K	1	1	12	2013	-1	2	1	1	-1	-1	-1	-1	-1	1	-1	-1	-1	-1	-1
NS20036R	1	1	5	2008	-1	8	1	2	-1	11	1985	-1	30	1	-1	-1	-1	1	3
NS20036R	2	1	2	2010	-1	6	1	1	-1	-1	-1	-1	-1	1	-1	-1	-1	-1	-1
NS20036R	3	2	9	2013	-1	2	1	1	-1	-1	-1	-1	-1	1	-1	-1	-1	-1	-1
NS20036R	4	1	4	2015	-1	1	1	1	-1	-1	-1	-1	-1	1	-1	-1	-1	-1	-1
NS20051A	1	2	8	2010	-1	5	1	-1	-1	3	1990	-1	26	1	-1	-1	-1	1	2
NS20051A	2	2	4	2015	-1	1	1	-1	-1	3	1990	-1	26	1	-1	-1	-1	1	2
NS20067B	1	2	7	2012	-1	3	1	1	-1	-1	-1	-1	-1	1	-1	-1	-1	-1	-1
NS20085N	1	2	12	2011	-1	4	1	1	-1	-1	-1	-1	-1	1	-1	-1	-1	-1	-1
NS20085N	2	2	7	2013	-1	2	1	1	-1	-1	-1	-1	-1	1	-1	-1	-1	-1	-1
NS20089S	1	2	9	2014	-1	1	1	-1	-1	-9	-9	26	26	1	-1	-1	-1	2	-1
NS20103G	1	2	7	2014	-1	1	1	1	-1	-1	-1	-1	-1	1	-1	-1	-1	-1	-1
NS20105J	1	2	1	2007	-1	9	1	2	1	-1	-1	-1	-1	1	-1	-1	-1	1	2
NS20105J	2	2	8	2011	-1	4	1	1	-1	-1	-1	-1	-1	1	-1	-1	-1	-1	-1
NS20105J	3	1	4	2015	-1	1	1	1	-1	-1	-1	-1	-1	1	-1	-1	-1	-1	-1
NS20113B	1	2	5	2009	-1	6	1	1	-1	-1	-1	-1	-1	1	-1	-1	-1	-1	-1
NS20113B	2	1	12	2012	-1	3	1	1	-1	-1	-1	-1	-1	1	-1	-1	-1	-1	-1
NS20115D	1	1	5	2010	-1	5	1	1	-1	-1	-1	-1	-1	1	-1	-1	-1	-1	-1
NS20115D	2	1	1	2015	-1	0	1	1	-1	-1	-1	-1	-1	1	-1	-1	-1	-1	-1
NS20115D	3	2	12	2015	-1	0	1	1	-1	-1	-1	-1	-1	1	-1	-1	-1	-1	-1
NS20116E	1	2	-9	-9	0	0	1	1	-1	-1	-1	-1	-1	1	-1	-1	-1	-1	-1
NS20124X	1	2	7	2014	-1	1	1	1	-1	-1	-1	-1	-1	1	-1	-1	-1	-1	-1
NS20142J	1	2	7	2011	-1	4	1	2	-1	10	1989	-1	26	3	2	1	2	-1	-1
NS20148Q	1	1	10	2013	-1	1	1	1	-1	-1	-1	-1	-1	1	-1	-1	-1	-1	-1
NS20155G	1	2	5	2014	-1	1	1	1	-1	-1	-1	-1	-1	1	-1	-1	-1	-1	-1
NS20163Z	1	2	-9	-9	4	4	1	1	-1	-1	-1	-1	-1	1	-1	-1	-1	-1	-1
NS20163Z	2	1	-9	-9	2	2	1	1	-1	-1	-1	-1	-1	1	-1	-1	-1	-1	-1
NS20165B	1	1	1	2009	-1	6	1	1	-1	-1	-1	-1	-1	1	-1	-1	-1	-1	-1
NS20165B	2	2	1	2014	-1	1	1	1	-1	-1	-1	-1	-1	1	-1	-1	-1	-1	-1
NS20166C	1	1	9	2008	-1	7	1	2	-1	5	1990	-1	25	3	2	1	2	-1	-1
NS20169F	1	2	3	2012	-1	4	1	1	-1	-1	-1	-1	-1	1	-1	-1	-1	-1	-1
NS20171R	1	2	9	2009	-1	6	1	1	-1	-1	-1	-1	-1	1	-1	-1	-1	-1	-1
NS20171R	2	2	-9	-9	5	5	1	1	-1	-1	-1	-1	-1	1	-1	-1	-1	-1	-1
NS20171R	3	1	5	2014	-1	1	1	1	-1	-1	-1	-1	-1	1	-1	-1	-1	-1	-1
NS20190E	1	1	6	2015	-1	0	1	-1	1	-1	-1	-1	-1	1	-1	-1	-1	1	-9
NS20195K	1	2	12	2010	-1	4	1	1	-1	-1	-1	-1	-1	1	-1	-1	-1	-1	-1
NS20197M	1	1	6	2012	-1	3	1	1	-1	-1	-1	-1	-1	1	-1	-1	-1	-1	-1
NS20198N	1	2	1	2014	-1	2	1	1	-1	-1	-1	-1	-1	1	-1	-1	-1	-1	-1
NS20198N	2	1	6	2015	-1	0	1	1	-1	-1	-1	-1	-1	1	-1	-1	-1	-1	-1
NS20206M	1	1	11	2013	-1	2	1	1	-1	-1	-1	-1	-1	1	-1	-1	-1	-1	-1
NS20217H	1	1	9	2011	-1	4	1	-1	-1	6	1989	-1	26	1	-1	-1	-1	1	1
NS20217H	2	2	9	2014	-1	1	1	-1	-1	6	1989	-1	26	1	-1	-1	-1	1	1
NS20231Q	1	1	3	2014	-1	1	1	-1	-1	4	1994	-1	21	2	-1	-1	1	1	1
NS20287V	1	2	4	2009	-1	7	1	-1	-1	8	1985	-1	30	1	-1	-1	-1	2	-1
NS20287V	2	1	1	2012	-1	4	1	-1	-1	1	1985	-1	31	1	-1	-1	-1	2	-1
NS20290G	1	2	2	2007	-1	8	1	1	-1	-1	-1	-1	-1	1	-1	-1	-1	-1	-1
NS20290G	2	1	1	2012	-1	4	1	1	-1	-1	-1	-1	-1	1	-1	-1	-1	-1	-1
NS20290G	3	1	6	2015	-1	0	1	1	-1	-1	-1	-1	-1	1	-1	-1	-1	-1	-1
NS20297P	1	2	4	2010	-1	5	1	1	-1	-1	-1	-1	-1	1	-1	-1	-1	-1	-1
NS20329G	1	2	3	2010	-1	5	1	1	-1	-1	-1	-1	-1	1	-1	-1	-1	-1	-1
NS20329G	2	1	6	2014	-1	1	1	1	-1	-1	-1	-1	-1	1	-1	-1	-1	-1	-1
NS20341M	1	1	4	2011	-1	5	1	-1	1	-1	-1	-1	-1	1	-1	-1	-1	2	-1
NS20350F	1	2	6	2008	-1	8	1	1	-1	-1	-1	-1	-1	1	-1	-1	-1	-1	-1
NS20350F	2	2	12	2010	-1	5	1	1	-1	-1	-1	-1	-1	1	-1	-1	-1	-1	-1
NS20350F	3	2	6	2013	-1	3	1	1	-1	-1	-1	-1	-1	1	-1	-1	-1	-1	-1
NS20367H	1	2	5	2014	-1	1	1	1	-1	-1	-1	-1	-1	1	-1	-1	-1	-1	-1
NS20379E	1	1	9	2006	-1	9	1	1	-1	-1	-1	-1	-1	1	-1	-1	-1	-1	-1
NS20379E	2	2	10	2007	-1	8	1	1	-1	-1	-1	-1	-1	1	-1	-1	-1	-1	-1
NS20392L	1	1	9	2006	-1	9	1	-1	11	8	1991	-1	24	1	-1	-1	-1	1	1
NS20392L	2	1	8	2015	-1	0	1	-1	1	-1	-1	-1	-1	1	-1	-1	-1	1	1
NS20418N	1	1	5	2014	-1	1	1	-1	-1	6	1989	-1	26	1	-1	-1	-1	1	1
NS20432W	1	2	1	2010	-1	6	1	1	-1	-1	-1	-1	-1	1	-1	-1	-1	-1	-1
NS20432W	2	1	-9	-9	-8	-8	1	1	-1	-1	-1	-1	-1	1	-1	-1	-1	-1	-1
NS20432W	3	1	8	2014	-1	1	1	1	-1	-1	-1	-1	-1	1	-1	-1	-1	-1	-1
NS20436A	1	1	1	2016	-1	0	1	-1	1	-1	-1	-1	-1	3	2	1	1	-1	-1
NS20443R	1	2	10	2015	-1	0	1	1	-1	-1	-1	-1	-1	1	-1	-1	-1	-1	-1
NS20444S	1	2	9	2011	-1	4	1	1	-1	-1	-1	-1	-1	1	-1	-1	-1	-1	-1
NS20444S	2	1	2	2014	-1	2	1	1	-1	-1	-1	-1	-1	1	-1	-1	-1	-1	-1
NS20449Y	1	2	6	2012	-1	3	1	1	-1	-1	-1	-1	-1	1	-1	-1	-1	-1	-1
NS20449Y	2	2	5	2015	-1	0	1	1	-1	-1	-1	-1	-1	1	-1	-1	-1	-1	-1
NS20451J	1	1	10	2012	-1	3	1	-1	1	-1	-1	-1	-1	2	-1	-1	1	1	1
NS20463F	1	2	10	2009	-1	6	1	1	-1	-1	-1	-1	-1	1	-1	-1	-1	-1	-1
NS20463F	2	2	12	2010	-1	5	1	1	-1	-1	-1	-1	-1	1	-1	-1	-1	-1	-1
NS20468L	1	2	1	2008	-1	7	3	1	-1	-1	-1	-1	-1	1	-1	-1	-1	-1	-1
NS20468L	2	2	2	2010	-1	5	3	1	-1	-1	-1	-1	-1	1	-1	-1	-1	-1	-1
NS20468L	3	2	8	2012	-1	3	3	1	-1	-1	-1	-1	-1	1	-1	-1	-1	-1	-1
NS20468L	4	2	5	2015	-1	0	1	1	-1	-1	-1	-1	-1	1	-1	-1	-1	-1	-1
NS20468L	5	2	7	2013	-1	2	1	1	-1	-1	-1	-1	-1	1	-1	-1	-1	-1	-1
NS20475C	1	1	12	2007	-1	8	1	-1	-9	-1	-1	-1	-1	3	1	3	3	2	-1
NS20475C	2	1	1	2009	-1	7	1	-1	-9	-1	-1	-1	-1	3	1	4	2	2	-1
NS20475C	3	1	12	2010	-1	5	1	-1	-9	-1	-1	-1	-1	1	-1	-1	-1	1	3
NS20476D	1	1	8	2010	-1	5	1	-1	1	-1	-1	-1	-1	2	-1	-1	1	1	3
NS20476D	2	2	4	2014	-1	2	1	-1	11	2	1986	-1	30	2	-1	-1	1	1	1
NS20508W	1	1	6	2015	-1	0	1	1	-1	-1	-1	-1	-1	1	-1	-1	-1	-1	-1
NS20517P	1	1	8	2013	-1	2	1	-1	-1	11	1989	-1	26	1	-1	-1	-1	2	-1
NS20526H	1	2	11	2014	-1	1	1	-1	-1	9	1986	-1	29	1	-1	-1	-1	1	2
NS20533Z	1	1	1	2010	-1	5	1	-1	2	-1	-1	-1	-1	2	-1	-1	1	1	1
NS20546X	1	1	8	2007	-1	8	1	1	-1	-1	-1	-1	-1	1	-1	-1	-1	-1	-1
NS20546X	2	1	4	2015	-1	0	1	1	-1	-1	-1	-1	-1	1	-1	-1	-1	-1	-1
NS20546X	3	2	3	2010	-1	5	1	1	-1	-1	-1	-1	-1	1	-1	-1	-1	-1	-1
NS20549A	1	2	11	2015	-1	0	1	1	-1	-1	-1	-1	-1	1	-1	-1	-1	-1	-1
NS20550K	1	1	12	2010	-1	4	1	-1	1	-1	-1	-1	-1	1	-1	-1	-1	1	2
NS20550K	2	2	5	2015	-1	0	1	-1	1	-1	-1	-1	-1	1	-1	-1	-1	1	2
NS20550K	3	1	5	2015	-1	0	1	-1	1	-1	-1	-1	-1	1	-1	-1	-1	1	2
NS20557S	1	2	12	2011	-1	4	1	1	-1	-1	-1	-1	-1	1	-1	-1	-1	-1	-1
NS20558T	1	1	2	2010	-1	6	1	-1	1	-1	-1	-1	-1	1	-1	-1	-1	1	1
NS20558T	2	1	2	2012	-1	4	1	-1	1	-1	-1	-1	-1	1	-1	-1	-1	1	1
NS20559V	1	2	2	2010	-1	5	1	1	-1	-1	-1	-1	-1	1	-1	-1	-1	-1	-1
NS20559V	2	1	7	2015	-1	0	1	1	-1	-1	-1	-1	-1	1	-1	-1	-1	-1	-1
NS20560E	1	1	2	2011	-1	5	1	-1	1	-1	-1	-1	-1	1	-1	-1	-1	1	2
NS20560E	2	1	6	2012	-1	3	1	-1	1	-1	-1	-1	-1	1	-1	-1	-1	1	2
NS20573C	1	2	3	2013	-1	2	1	1	-1	-1	-1	-1	-1	1	-1	-1	-1	-1	-1
NS20581V	1	1	1	2014	-1	2	1	-1	-1	9	1993	-1	22	2	-1	-1	2	1	1
NS20598X	1	1	2	2011	-1	5	1	1	-1	-1	-1	-1	-1	1	-1	-1	-1	-1	-1
NS20598X	2	1	6	2016	-1	0	1	1	-1	-1	-1	-1	-1	1	-1	-1	-1	-1	-1
NS20599Y	1	2	2	2010	-1	5	1	2	1	-1	-1	-1	-1	1	-1	-1	-1	1	2
NS20599Y	2	1	4	2013	-1	2	1	2	1	-1	-1	-1	-1	1	-1	-1	-1	1	2
NS20599Y	3	1	1	2009	-1	6	3	1	-1	-1	-1	-1	-1	2	-1	-1	2	-1	-1
NS20603S	1	1	2	2011	-1	5	1	2	-1	-9	-9	23	23	3	2	1	7	-1	-1
NS20603S	2	1	9	2006	-1	9	3	1	-1	-1	-1	-1	-1	1	-1	-1	-1	-1	-1
NS20603S	3	2	6	2016	-1	0	1	1	-1	-1	-1	-1	-1	1	-1	-1	-1	-1	-1
NS20609Z	1	2	12	2013	-1	2	1	1	-1	-1	-1	-1	-1	1	-1	-1	-1	-1	-1
NS20611K	1	2	6	2012	-1	3	1	1	-1	-1	-1	-1	-1	1	-1	-1	-1	-1	-1
NS20618S	1	2	12	2013	-1	2	1	1	-1	-1	-1	-1	-1	1	-1	-1	-1	-1	-1
NS20620D	1	1	9	2015	-1	0	1	1	-1	-1	-1	-1	-1	1	-1	-1	-1	-1	-1
NS20629N	1	2	12	2012	-1	2	1	1	-1	-1	-1	-1	-1	1	-1	-1	-1	-1	-1
NS20632A	1	1	2	2014	-1	1	1	1	-1	-1	-1	-1	-1	1	-1	-1	-1	-1	-1
NS20632A	2	2	2	2015	-1	0	1	1	-1	-1	-1	-1	-1	1	-1	-1	-1	-1	-1
NS20634C	1	2	10	2015	-1	0	1	1	-1	-1	-1	-1	-1	1	-1	-1	-1	-1	-1
NS20641T	1	2	10	2012	-1	3	1	1	-1	-1	-1	-1	-1	1	-1	-1	-1	-1	-1
NS20650M	1	1	7	2010	-1	5	1	-1	-1	1	1988	-1	28	1	-1	-1	-1	1	3
NS20650M	2	2	9	2015	-1	0	1	-1	-1	1	1993	-1	23	1	-1	-1	-1	1	1
NS20658W	1	1	9	2004	-1	11	3	1	-1	-1	-1	-1	-1	1	-1	-1	-1	-1	-1
NS20658W	2	2	5	2006	-1	10	3	1	-1	-1	-1	-1	-1	1	-1	-1	-1	-1	-1
NS20658W	3	1	10	2013	-1	2	1	1	-1	-1	-1	-1	-1	1	-1	-1	-1	-1	-1
NS20684A	1	2	3	2015	-1	0	1	-1	-1	8	1993	-1	22	1	-1	-1	-1	4	-1
NS20684A	2	1	1	2012	-1	3	1	-1	-1	9	1993	-1	21	3	2	8	2	1	2
NS20687D	1	1	6	2015	-1	0	1	1	-1	-1	-1	-1	-1	1	-1	-1	-1	-1	-1
NS20721G	1	2	5	2009	-1	6	1	2	1	-1	-1	-1	-1	1	-1	-1	-1	2	-1
NS20721G	2	1	8	2014	-1	1	1	1	-1	-1	-1	-1	-1	1	-1	-1	-1	-1	-1
NS20746B	1	2	-9	-9	-9	-9	1	1	-1	-1	-1	-1	-1	1	-1	-1	-1	-1	-1
NS20746B	2	1	-9	-9	-9	-9	1	1	-1	-1	-1	-1	-1	1	-1	-1	-1	-1	-1
NS20750P	1	1	4	2014	-1	1	1	1	-1	-1	-1	-1	-1	1	-1	-1	-1	-1	-1
NS20753S	1	2	5	2014	-1	2	1	-1	1	-1	-1	-1	-1	1	-1	-1	-1	1	1
NS20754T	1	2	1	2008	-1	8	1	-1	1	-1	-1	-1	-1	1	-1	-1	-1	2	-1
NS20779N	1	1	4	2012	-1	4	1	-1	-1	3	1992	-1	24	3	2	4	7	1	3
NS20779N	2	2	4	2013	-1	3	1	-1	-1	3	1992	-1	24	3	2	4	7	1	3
NS20779N	3	1	7	2015	-1	0	1	-1	-1	3	1992	-1	24	3	2	4	3	1	3
NS20782A	1	1	8	2010	-1	5	1	1	-1	-1	-1	-1	-1	1	-1	-1	-1	-1	-1
NS20782A	2	2	7	2012	-1	3	1	1	-1	-1	-1	-1	-1	1	-1	-1	-1	-1	-1
NS20784C	1	2	5	2011	-1	5	1	-1	1	-1	-1	-1	-1	1	-1	-1	-1	1	2
NS20811P	1	1	1	2009	-1	6	1	1	-1	-1	-1	-1	-1	1	-1	-1	-1	-1	-1
NS20811P	2	1	7	2010	-1	5	1	1	-1	-1	-1	-1	-1	1	-1	-1	-1	-1	-1
NS20811P	3	2	9	2011	-1	4	1	1	-1	-1	-1	-1	-1	1	-1	-1	-1	-1	-1
NS20811P	4	1	11	2014	-1	1	1	1	-1	-1	-1	-1	-1	1	-1	-1	-1	-1	-1
NS20815T	1	2	4	2010	-1	6	1	-1	-1	-9	-9	-9	-9	3	2	1	1	-1	-1
NS20815T	2	2	11	2013	-1	2	1	-1	-1	-9	-9	-9	-9	3	2	1	1	-1	-1
NS20830C	1	2	4	2010	-1	5	1	1	-1	-1	-1	-1	-1	1	-1	-1	-1	-1	-1
NS20830C	2	1	4	2011	-1	4	1	1	-1	-1	-1	-1	-1	1	-1	-1	-1	-1	-1
NS20832E	1	2	8	2009	-1	6	1	1	-1	-1	-1	-1	-1	1	-1	-1	-1	-1	-1
NS20832E	2	1	4	2012	-1	4	1	1	-1	-1	-1	-1	-1	1	-1	-1	-1	-1	-1
NS20849G	1	2	2	2013	-1	3	3	1	-1	-1	-1	-1	-1	1	-1	-1	-1	-1	-1
NS20849G	2	2	12	2014	-1	1	1	1	-1	-1	-1	-1	-1	1	-1	-1	-1	-1	-1
NS20857Z	1	2	12	2012	-1	2	1	-1	1	-1	-1	-1	-1	1	-1	-1	-1	1	1
NS20859B	1	1	9	2014	-1	1	1	1	-1	-1	-1	-1	-1	1	-1	-1	-1	-1	-1
NS20871G	1	2	12	2009	-1	6	1	-1	1	-1	-1	-1	-1	3	1	9	-1	-1	-1
NS20871G	2	1	1	2011	-1	5	1	-1	1	-1	-1	-1	-1	1	-1	-1	-1	1	2
NS20871G	3	2	10	2012	-1	3	1	-1	1	-1	-1	-1	-1	1	-1	-1	-1	1	2
NS20872H	1	2	5	2007	-1	9	1	2	-1	-9	-9	30	30	1	-1	-1	-1	2	-1
NS20872H	2	1	8	2009	-1	6	1	1	-1	-1	-1	-1	-1	1	-1	-1	-1	-1	-1
NS20872H	3	1	2	2015	-1	1	1	1	-1	-1	-1	-1	-1	1	-1	-1	-1	-1	-1
NS20875L	1	1	9	2015	-1	0	1	1	-1	-1	-1	-1	-1	1	-1	-1	-1	-1	-1
NS20883D	1	2	5	2012	-1	3	1	1	-1	-1	-1	-1	-1	1	-1	-1	-1	-1	-1
NS20892X	1	2	10	2009	-1	6	1	-1	1	-1	-1	-1	-1	1	-1	-1	-1	1	3
NS20899E	1	2	6	2013	-1	2	1	1	-1	-1	-1	-1	-1	1	-1	-1	-1	-1	-1
NS20899E	2	1	1	2016	-1	0	1	1	-1	-1	-1	-1	-1	1	-1	-1	-1	-1	-1
NS20902Y	1	2	4	2014	-1	1	1	1	-1	-1	-1	-1	-1	1	-1	-1	-1	-1	-1
NS20921L	1	2	10	2014	-1	1	1	1	-1	-1	-1	-1	-1	1	-1	-1	-1	-1	-1
NS20924P	1	1	5	2010	-1	5	1	1	-1	-1	-1	-1	-1	1	-1	-1	-1	-1	-1
NS20924P	2	1	9	2013	-1	2	1	1	-1	-1	-1	-1	-1	1	-1	-1	-1	-1	-1
NS20941A	1	1	12	2015	-1	0	1	1	-1	-1	-1	-1	-1	1	-1	-1	-1	-1	-1
NS20968X	1	1	5	2011	-1	5	1	-1	1	-1	-1	-1	-1	2	-1	-1	2	1	1
NS20991Y	1	2	9	2009	-1	6	1	1	-1	-1	-1	-1	-1	1	-1	-1	-1	-1	-1
NS20991Y	2	1	12	2011	-1	4	1	1	-1	-1	-1	-1	-1	1	-1	-1	-1	-1	-1
NS20992Z	1	1	1	2013	-1	2	1	1	-1	-1	-1	-1	-1	1	-1	-1	-1	-1	-1
NS21002Z	1	2	1	2013	-1	2	1	-1	-1	1	1989	-1	26	1	-1	-1	-1	1	3
NS21005C	1	2	1	2015	-1	1	1	1	-1	-1	-1	-1	-1	1	-1	-1	-1	-1	-1
NS21021M	1	1	7	2014	-1	1	1	1	-1	-1	-1	-1	-1	1	-1	-1	-1	-1	-1
NS21021M	2	1	5	2016	-1	0	1	1	-1	-1	-1	-1	-1	1	-1	-1	-1	-1	-1
NS21022N	1	1	10	2011	-1	4	1	-1	1	-1	-1	-1	-1	1	-1	-1	-1	1	1
NS21027T	1	2	3	2016	-1	0	1	-1	-1	-9	-9	36	36	1	-1	-1	-1	1	1
NS21059E	1	1	10	2015	-1	0	1	1	-1	-1	-1	-1	-1	1	-1	-1	-1	-1	-1
NS21066W	1	2	11	2013	-1	2	1	1	-1	-1	-1	-1	-1	1	-1	-1	-1	-1	-1
NS21086K	1	1	6	2015	-1	0	1	1	-1	-1	-1	-1	-1	1	-1	-1	-1	-1	-1
NS21100Z	1	2	8	2015	-1	0	1	1	-1	-1	-1	-1	-1	1	-1	-1	-1	-1	-1
NS21101A	1	1	7	2006	-1	9	1	1	-1	-1	-1	-1	-1	1	-1	-1	-1	-1	-1
NS21101A	2	2	2	2012	-1	4	1	1	-1	-1	-1	-1	-1	1	-1	-1	-1	-1	-1
NS21105E	1	1	8	2008	-1	7	1	1	-1	-1	-1	-1	-1	1	-1	-1	-1	-1	-1
NS21105E	2	2	1	2016	-1	0	1	1	-1	-1	-1	-1	-1	1	-1	-1	-1	-1	-1
NS21115Z	1	1	1	2013	-1	3	1	1	-1	-1	-1	-1	-1	1	-1	-1	-1	-1	-1
NS21119D	1	1	10	2011	-1	3	1	1	-1	-1	-1	-1	-1	1	-1	-1	-1	-1	-1
NS21119D	2	1	3	2015	-1	0	1	1	-1	-1	-1	-1	-1	1	-1	-1	-1	-1	-1
NS21144G	1	2	-9	-9	6	6	1	1	-1	-1	-1	-1	-1	1	-1	-1	-1	-1	-1
NS21144G	2	2	10	2010	-1	5	1	1	-1	-1	-1	-1	-1	1	-1	-1	-1	-1	-1
NS21186M	1	2	3	2015	-1	1	1	1	-1	-1	-1	-1	-1	1	-1	-1	-1	-1	-1
NS21189Q	1	1	6	2010	-1	5	1	-1	-1	-9	-9	23	23	3	2	3	7	2	-1
NS21192C	1	2	1	2004	-1	12	3	1	-1	-1	-1	-1	-1	2	-1	-1	2	-1	-1
NS21192C	2	1	1	2008	-1	8	3	1	-1	-1	-1	-1	-1	1	-1	-1	-1	-1	-1
NS21192C	3	2	6	2009	-1	6	3	1	-1	-1	-1	-1	-1	2	-1	-1	2	-1	-1
NS21192C	4	1	8	2014	-1	1	1	1	-1	-1	-1	-1	-1	1	-1	-1	-1	-1	-1
NS21192C	5	1	10	2015	-1	0	1	1	-1	-1	-1	-1	-1	3	1	9	-1	-1	-1
NS21199K	1	1	-9	-9	0	0	1	1	-1	-1	-1	-1	-1	1	-1	-1	-1	-1	-1
NS21209L	1	2	7	2011	-1	4	1	1	-1	-1	-1	-1	-1	1	-1	-1	-1	-1	-1
NS21218E	1	2	9	2014	-1	1	1	1	-1	-1	-1	-1	-1	1	-1	-1	-1	-1	-1
NS21242G	1	1	4	2011	-1	4	1	-1	-1	11	1979	-1	36	1	-1	-1	-1	1	1
NS21242G	2	1	2	2014	-1	1	1	-1	-1	11	1979	-1	36	1	-1	-1	-1	1	2
NS21245K	1	1	7	2011	-1	4	1	-1	1	-1	-1	-1	-1	1	-1	-1	-1	2	-1
NS21261V	1	1	1	2011	-1	5	1	1	-1	-1	-1	-1	-1	1	-1	-1	-1	-1	-1
NS21261V	2	2	12	2011	-1	4	1	1	-1	-1	-1	-1	-1	1	-1	-1	-1	-1	-1
NS21261V	3	2	3	2013	-1	2	1	1	-1	-1	-1	-1	-1	1	-1	-1	-1	-1	-1
NS21266A	1	2	2	2010	-1	5	1	-1	1	-1	-1	-1	-1	3	1	1	7	-1	-1
NS21283L	1	2	2	2013	-1	2	1	1	-1	-1	-1	-1	-1	1	-1	-1	-1	-1	-1
NS21285N	1	1	4	2009	-1	6	1	-1	1	-1	-1	-1	-1	1	-1	-1	-1	1	2
NS21285N	2	1	1	2014	-1	2	1	-1	1	-1	-1	-1	-1	1	-1	-1	-1	1	2
NS21291D	1	1	7	2015	-1	0	1	-1	-1	9	1986	-1	29	1	-1	-1	-1	1	1
NS21314C	1	1	6	2010	-1	5	1	-1	1	-1	-1	-1	-1	2	-1	-1	1	1	1
NS21327A	1	1	2	2014	-1	1	1	-1	1	-1	-1	-1	-1	1	-1	-1	-1	1	1
NS21354F	1	2	10	2010	-1	5	1	1	-1	-1	-1	-1	-1	1	-1	-1	-1	-1	1
NS21354F	2	2	10	2010	-1	5	1	1	-1	-1	-1	-1	-1	1	-1	-1	-1	-1	1
NS21354F	3	1	11	2014	-1	1	1	1	-1	-1	-1	-1	-1	1	-1	-1	-1	-1	1
NS21358K	1	2	8	2012	-1	3	1	1	-1	-1	-1	-1	-1	1	-1	-1	-1	-1	-1
NS21364A	1	2	-9	-9	-9	-9	1	1	-1	-1	-1	-1	-1	1	-1	-1	-1	-1	-1
NS21367D	1	2	12	2015	-1	0	1	1	-1	-1	-1	-1	-1	1	-1	-1	-1	-1	-1
NS21367D	2	2	6	2013	-1	2	1	2	-1	10	1989	-1	26	3	2	1	2	-1	-1
NS21372S	1	1	7	2011	-1	4	1	1	-1	-1	-1	-1	-1	1	-1	-1	-1	-1	-1
NS21372S	2	1	10	2014	-1	1	1	1	-1	-1	-1	-1	-1	1	-1	-1	-1	-1	-1
NS21373T	1	2	1	2015	-1	1	1	1	-1	-1	-1	-1	-1	1	-1	-1	-1	-1	-1
NS21377Y	1	1	4	2012	-1	3	1	2	1	-1	-1	-1	-1	2	-1	-1	2	1	1
NS21380K	1	2	-9	-9	0	0	1	-1	11	6	1994	-1	21	3	2	1	1	-1	-1
NS21382M	1	1	10	2014	-1	1	1	1	-1	-1	-1	-1	-1	1	-1	-1	-1	-1	-1
NS21392G	1	2	-9	-9	6	6	1	-1	-1	-9	-9	27	27	1	-1	-1	-1	2	-1
NS21409Q	1	2	7	2009	-1	6	1	1	-1	-1	-1	-1	-1	1	-1	-1	-1	-1	-1
NS21409Q	2	2	12	2012	-1	3	1	1	-1	-1	-1	-1	-1	1	-1	-1	-1	-1	-1
NS21419K	1	2	11	2010	-1	5	3	-1	-1	-1	-1	-1	-1	3	2	1	2	-1	-1
NS21419K	2	2	8	2013	-1	2	1	-1	-1	6	1991	-1	24	3	2	1	2	-1	-1
NS21419K	3	2	8	2013	-1	2	1	-1	-1	6	1991	-1	24	3	2	1	2	-1	-1
NS21420V	1	2	8	2009	-1	6	1	1	-1	-1	-1	-1	-1	1	-1	-1	-1	-1	-1
NS21420V	2	1	8	2012	-1	3	1	1	-1	-1	-1	-1	-1	1	-1	-1	-1	-1	-1
NS21451E	1	2	11	2012	-1	3	1	1	-1	-1	-1	-1	-1	1	-1	-1	-1	-1	-1
NS21451E	2	2	7	2015	-1	0	1	1	-1	-1	-1	-1	-1	1	-1	-1	-1	-1	-1
NS21453G	1	1	1	2016	-1	0	1	1	-1	-1	-1	-1	-1	1	-1	-1	-1	-1	-1
NS21453G	2	1	6	2009	-1	6	5	1	-1	-1	-1	-1	-1	1	-1	-1	-1	-1	-1
NS21453G	3	2	-9	-9	10	10	5	1	-1	-1	-1	-1	-1	1	-1	-1	-1	-1	-1
NS21463B	1	2	5	2009	-1	6	3	1	-1	-1	-1	-1	-1	1	-1	-1	-1	-1	-1
NS21477A	1	1	7	2009	-1	6	1	2	-1	9	1984	-1	31	3	1	1	1	-1	-1
NS21477A	2	2	4	2013	-1	2	1	2	-1	9	1984	-1	31	3	1	1	1	-1	-1
NS21479C	1	2	7	2009	-1	6	1	-1	11	8	1988	-1	27	1	-1	-1	-1	1	3
NS21479C	2	2	5	2011	-1	4	1	-1	11	8	1987	-1	28	1	-1	-1	-1	1	3
NS21480M	1	1	7	2011	-1	4	1	-1	1	-1	-1	-1	-1	1	-1	-1	-1	1	3
NS21494L	1	1	9	2012	-1	3	1	1	-1	-1	-1	-1	-1	1	-1	-1	-1	-1	-1
NS21494L	2	2	9	2014	-1	1	1	1	-1	-1	-1	-1	-1	1	-1	-1	-1	-1	-1
NS21494L	3	1	10	2015	-1	0	1	1	-1	-1	-1	-1	-1	1	-1	-1	-1	-1	-1
NS21503L	1	1	10	2003	-1	12	3	1	-1	-1	-1	-1	-1	1	-1	-1	-1	-1	-1
NS21503L	2	1	9	2009	-1	6	1	1	-1	-1	-1	-1	-1	1	-1	-1	-1	-1	-1
NS21503L	3	2	8	2010	-1	5	1	1	-1	-1	-1	-1	-1	1	-1	-1	-1	-1	-1
NS21511D	1	2	12	2014	-1	1	1	1	-1	-1	-1	-1	-1	1	-1	-1	-1	-1	-1
NS21516J	1	2	12	2013	-1	2	1	1	-1	-1	-1	-1	-1	1	-1	-1	-1	-1	-1
NS21519M	1	2	9	2015	-1	0	1	1	-1	-1	-1	-1	-1	1	-1	-1	-1	-1	-1
NS21520X	1	2	4	2014	-1	2	1	1	-1	-1	-1	-1	-1	1	-1	-1	-1	-1	-1
NS21520X	2	2	3	2016	-1	0	1	1	-1	-1	-1	-1	-1	1	-1	-1	-1	-1	-1
NS21537Z	1	1	3	2016	-1	0	1	1	-1	-1	-1	-1	-1	1	-1	-1	-1	-1	-1
NS21542N	1	2	8	2007	-1	8	1	1	-1	-1	-1	-1	-1	1	-1	-1	-1	-1	-1
NS21542N	2	1	7	2009	-1	6	1	1	-1	-1	-1	-1	-1	1	-1	-1	-1	-1	-1
NS21542N	3	2	6	2011	-1	4	1	1	-1	-1	-1	-1	-1	1	-1	-1	-1	-1	-1
NS21552H	1	2	3	2014	-1	1	1	1	-1	-1	-1	-1	-1	1	-1	-1	-1	-1	-1
NS21569K	1	2	11	2015	-1	0	1	1	-1	-1	-1	-1	-1	1	-1	-1	-1	-1	-1
NS21578D	1	1	6	2007	-1	8	3	1	-1	-1	-1	-1	-1	2	-1	-1	1	-1	-1
NS21589Z	1	2	12	2012	-1	3	1	-1	-1	12	1990	-1	25	1	-1	-1	-1	1	3
NS21590J	1	1	3	2013	-1	2	1	1	-1	-1	-1	-1	-1	1	-1	-1	-1	-1	-1
NS21590J	2	1	5	2015	-1	0	1	1	-1	-1	-1	-1	-1	1	-1	-1	-1	-1	-1
NS21613H	1	2	8	2014	-1	1	1	1	-1	-1	-1	-1	-1	1	-1	-1	-1	-1	-1
NS21613H	2	1	11	2013	-1	1	1	1	-1	-1	-1	-1	-1	1	-1	-1	-1	-1	-1
NS21613H	3	2	7	2011	-1	4	1	1	-1	-1	-1	-1	-1	1	-1	-1	-1	-1	-1
NS21614J	1	1	5	2011	-1	4	1	-1	-1	-9	-9	26	26	1	-1	-1	-1	1	1
NS21614J	2	2	11	2015	-1	0	1	-1	-1	-9	-9	26	26	1	-1	-1	-1	4	-1
NS21616L	1	1	-9	-9	-9	-9	1	1	-1	-1	-1	-1	-1	1	-1	-1	-1	-1	-1
NS21621A	1	2	5	2015	-1	0	1	1	-1	-1	-1	-1	-1	1	-1	-1	-1	-1	-1
NS21629J	1	1	7	2011	-1	4	1	1	-1	-1	-1	-1	-1	1	-1	-1	-1	-1	-1
NS21629J	2	2	10	2015	-1	0	1	1	-1	-1	-1	-1	-1	1	-1	-1	-1	-1	-1
NS21648X	1	1	3	2011	-1	4	1	2	1	-1	-1	-1	-1	2	-1	-1	1	1	1
NS21648X	2	1	2	2013	-1	2	3	1	-1	-1	-1	-1	-1	2	-1	-1	2	-1	-1
NS21648X	3	2	2	2014	-1	1	3	1	-1	-1	-1	-1	-1	2	-1	-1	2	-1	-1
NS21652K	1	1	6	2012	-1	3	1	1	-1	-1	-1	-1	-1	1	-1	-1	-1	-1	-1
NS21652K	2	2	8	2015	-1	0	1	1	-1	-1	-1	-1	-1	1	-1	-1	-1	-1	-1
NS21658R	1	1	11	2015	-1	0	1	1	-1	-1	-1	-1	-1	1	-1	-1	-1	-1	-1
NS21697T	1	1	1	2016	-1	0	1	-1	1	-1	-1	-1	-1	1	-1	-1	-1	1	1
NS21719R	1	1	1	2010	-1	6	1	-1	1	-1	-1	-1	-1	1	-1	-1	-1	1	2
NS21731X	1	1	3	2013	-1	3	1	-1	-1	6	1989	-1	26	1	-1	-1	-1	2	-1
NS21738E	1	1	4	2013	-1	3	1	1	-1	-1	-1	-1	-1	1	-1	-1	-1	-1	-1
NS21748Z	1	1	11	2012	-1	3	1	-1	-1	-9	-9	26	26	1	-1	-1	-1	2	-1
NS21769P	1	-9	-9	-9	-9	-9	1	-1	-1	-9	-9	-9	-9	3	2	1	1	-1	-1
NS21769P	2	1	-9	-9	-9	-9	1	-1	-1	-9	-9	-9	-9	3	2	1	1	-1	-1
NS21793R	1	2	7	2011	-1	4	1	-1	-1	1	1990	-1	25	1	-1	-1	-1	1	3
NS21796V	1	2	1	2012	-1	4	1	-1	1	-1	-1	-1	-1	1	-1	-1	-1	1	2
NS21796V	2	1	7	2014	-1	1	1	-1	11	-9	-9	26	26	1	-1	-1	-1	2	-1
NS21801Q	1	1	12	2014	-1	0	1	1	-1	-1	-1	-1	-1	1	-1	-1	-1	-1	-1
NS21802R	1	1	1	2013	-1	3	1	1	-1	-1	-1	-1	-1	1	-1	-1	-1	-1	-1
NS21831Z	1	1	3	2012	-1	3	1	-1	1	-1	-1	-1	-1	1	-1	-1	-1	1	3
NS21834C	1	2	9	2010	-1	5	1	1	-1	-1	-1	-1	-1	1	-1	-1	-1	-1	-1
NS21834C	2	2	1	2016	-1	0	1	1	-1	-1	-1	-1	-1	1	-1	-1	-1	-1	-1
NS21845Y	1	2	7	2011	-1	4	1	2	-1	8	1992	-1	23	1	-1	-1	-1	1	2
NS21845Y	2	2	6	2014	-1	1	1	1	-1	-1	-1	-1	-1	1	-1	-1	-1	-1	-1
NS21852P	1	1	9	2015	-1	0	1	1	-1	-1	-1	-1	-1	1	-1	-1	-1	-1	-1
NS21852P	2	1	11	2013	-1	2	1	1	-1	-1	-1	-1	-1	1	-1	-1	-1	-1	-1
NS21872D	1	2	11	2011	-1	3	1	-1	1	-1	-1	-1	-1	1	-1	-1	-1	1	2
NS21902T	1	2	3	2016	-1	0	1	1	-1	-1	-1	-1	-1	1	-1	-1	-1	-1	-1
NS21909B	1	1	2	2013	-1	3	1	-1	1	-1	-1	-1	-1	1	-1	-1	-1	1	1
NS21947C	1	2	9	2014	-1	1	1	1	-1	-1	-1	-1	-1	1	-1	-1	-1	-1	-1
NS21950P	1	2	-9	-9	6	6	1	1	-1	-1	-1	-1	-1	1	-1	-1	-1	-1	-1
NS21950P	2	1	-9	-9	1	1	1	1	-1	-1	-1	-1	-1	1	-1	-1	-1	-1	-1
NS21961K	1	2	4	2011	-1	4	1	1	-1	-1	-1	-1	-1	1	-1	-1	-1	-1	-1
NS21961K	2	2	10	2013	-1	2	1	1	-1	-1	-1	-1	-1	1	-1	-1	-1	-1	-1
NS21982A	1	1	5	2015	-1	0	1	-1	-1	1	1993	-1	23	1	-1	-1	-1	1	1
NS21983B	1	1	3	2012	-1	4	1	-1	-1	10	1992	-1	23	2	-1	-1	2	1	1
NS21994X	1	2	5	2010	-1	6	1	-1	1	-1	-1	-1	-1	1	-1	-1	-1	1	2
NS21994X	2	2	6	2012	-1	3	1	-1	1	-1	-1	-1	-1	1	-1	-1	-1	1	2
NS21999C	1	2	4	2014	-1	1	1	1	-1	-1	-1	-1	-1	1	-1	-1	-1	-1	-1
NS21999C	2	1	2	2016	-1	0	1	1	-1	-1	-1	-1	-1	1	-1	-1	-1	-1	-1
NS22013Q	1	2	6	2015	-1	0	1	1	-1	-1	-1	-1	-1	1	-1	-1	-1	-1	-1
NS22020G	1	1	1	2012	-1	4	1	-1	-1	7	1994	-1	21	1	-1	-1	-1	1	2
NS22025M	1	1	11	2013	-1	2	1	1	-1	-1	-1	-1	-1	1	-1	-1	-1	-1	-1
NS22025M	2	2	9	2015	-1	0	1	1	-1	-1	-1	-1	-1	1	-1	-1	-1	-1	-1
NS22027P	1	2	5	2010	-1	6	1	-1	11	3	1990	-1	26	1	-1	-1	-1	2	-1
NS22027P	2	2	2	2015	-1	1	1	-1	1	-1	-1	-1	-1	1	-1	-1	-1	1	3
NS22032D	1	1	12	2014	-1	0	1	1	-1	-1	-1	-1	-1	1	-1	-1	-1	-1	-1
NS22053T	1	2	1	2008	-1	8	1	1	-1	-1	-1	-1	-1	3	1	4	3	-1	-1
NS22053T	2	1	4	2009	-1	7	1	1	-1	-1	-1	-1	-1	3	1	4	3	-1	-1
NS22056X	1	1	9	2010	-1	5	1	1	-1	-1	-1	-1	-1	1	-1	-1	-1	-1	-1
NS22056X	2	1	7	2013	-1	2	1	1	-1	-1	-1	-1	-1	1	-1	-1	-1	-1	-1
NS22063N	1	1	10	2015	-1	0	1	1	-1	-1	-1	-1	-1	1	-1	-1	-1	-1	-1
NS22063N	2	1	10	2015	-1	0	1	1	-1	-1	-1	-1	-1	1	-1	-1	-1	-1	-1
NS22064P	1	1	-9	-9	4	4	1	-1	1	-1	-1	-1	-1	1	-1	-1	-1	1	1
NS22064P	2	1	-9	-9	1	1	1	-1	1	-1	-1	-1	-1	1	-1	-1	-1	1	1
NS22067S	1	1	11	2007	-1	8	1	2	1	-1	-1	-1	-1	1	-1	-1	-1	1	2
NS22067S	2	1	9	2009	-1	6	1	2	1	-1	-1	-1	-1	1	-1	-1	-1	1	2
NS22067S	3	2	9	2013	-1	2	1	1	-1	-1	-1	-1	-1	1	-1	-1	-1	-1	-1
NS22086F	1	1	3	2015	-1	0	1	1	-1	-1	-1	-1	-1	1	-1	-1	-1	-1	-1
NS22100V	1	2	4	2012	-1	4	1	1	-1	-1	-1	-1	-1	1	-1	-1	-1	-1	-1
NS22102X	1	2	10	2014	-1	1	1	1	-1	-1	-1	-1	-1	1	-1	-1	-1	-1	-1
NS22103Y	1	2	10	2010	-1	5	1	-1	1	-1	-1	-1	-1	1	-1	-1	-1	1	1
NS22103Y	2	1	7	2015	-1	0	1	-1	1	-1	-1	-1	-1	1	-1	-1	-1	1	1
NS22113S	1	2	11	2008	-1	7	1	1	-1	-1	-1	-1	-1	1	-1	-1	-1	-1	-1
NS22113S	2	2	6	2014	-1	1	1	1	-1	-1	-1	-1	-1	1	-1	-1	-1	-1	-1
NS22120J	1	2	10	2007	-1	8	1	2	-1	-9	-9	-8	-8	1	-1	-1	-1	2	-1
NS22120J	2	2	3	2012	-1	3	1	1	-1	-1	-1	-1	-1	1	-1	-1	-1	-1	-1
NS22120J	3	2	10	2014	-1	1	1	1	-1	-1	-1	-1	-1	1	-1	-1	-1	-1	-1
NS22138M	1	2	2	2015	-1	0	1	1	-1	-1	-1	-1	-1	1	-1	-1	-1	-1	-1
NS22141Z	1	1	10	2014	-1	1	1	1	-1	-1	-1	-1	-1	1	-1	-1	-1	-1	-1
NS22142A	1	2	5	2011	-1	4	1	-1	1	-1	-1	-1	-1	1	-1	-1	-1	1	2
NS22163Q	1	1	7	2011	-1	4	1	1	-1	-1	-1	-1	-1	1	-1	-1	-1	-1	-1
NS22163Q	2	2	6	2014	-1	1	1	1	-1	-1	-1	-1	-1	1	-1	-1	-1	-1	-1
NS22175M	1	1	7	2012	-1	3	1	-1	1	-1	-1	-1	-1	1	-1	-1	-1	1	1
NS22176N	1	1	8	2010	-1	6	1	1	-1	-1	-1	-1	-1	1	-1	-1	-1	-1	-1
NS22176N	2	2	12	2012	-1	3	1	1	-1	-1	-1	-1	-1	1	-1	-1	-1	-1	-1
NS22204B	1	2	7	2009	-1	6	1	1	-1	-1	-1	-1	-1	1	-1	-1	-1	-1	-1
NS22211S	1	2	10	2012	-1	3	1	-1	1	-1	-1	-1	-1	1	-1	-1	-1	2	-1
NS22211S	2	1	1	2008	-1	8	1	-1	11	-9	-9	24	24	1	-1	-1	-1	1	2
NS22222N	1	1	12	2009	-1	6	1	2	-1	3	1988	-1	27	2	-1	-1	1	1	1
NS22222N	2	1	11	2011	-1	4	3	1	-1	-1	-1	-1	-1	1	-1	-1	-1	-1	-1
NS22222N	3	1	4	2015	-1	0	1	1	-1	-1	-1	-1	-1	1	-1	-1	-1	-1	-1
NS22223P	1	1	8	2009	-1	6	1	1	-1	-1	-1	-1	-1	3	1	4	3	-1	-1
NS22225R	1	1	9	2008	-1	7	1	-1	1	-1	-1	-1	-1	1	-1	-1	-1	1	1
NS22231G	1	1	12	2010	-1	5	1	-1	-1	12	1989	-1	26	1	-1	-1	-1	1	2
NS22231G	2	1	4	2015	-1	0	1	-1	-1	2	1990	-1	25	1	-1	-1	-1	1	2
NS22254Z	1	1	8	2015	-1	0	1	-1	-1	-9	-9	30	30	1	-1	-1	-1	2	-1
NS22256B	1	1	-9	-9	-9	-9	1	-1	-9	-1	-1	-1	-1	3	1	1	1	-1	-1
NS22256B	2	1	-9	-9	-9	-9	3	-1	-1	-1	-1	-1	-1	3	1	1	1	-1	-1
NS22280D	1	2	9	2014	-1	1	1	1	-1	-1	-1	-1	-1	1	-1	-1	-1	-1	-1
NS22284H	1	2	9	2007	-1	8	1	-1	-1	-9	-9	26	26	1	-1	-1	-1	1	2
NS22284H	2	2	2	2016	-1	0	1	-1	-1	-9	-9	30	30	1	-1	-1	-1	1	1
NS22285J	1	1	6	2009	-1	6	1	1	-1	-1	-1	-1	-1	1	-1	-1	-1	-1	-1
NS22285J	2	2	5	2012	-1	3	1	1	-1	-1	-1	-1	-1	1	-1	-1	-1	-1	-1
NS22293B	1	1	7	2012	-1	3	1	1	-1	-1	-1	-1	-1	1	-1	-1	-1	-1	-1
NS22293B	2	1	6	2013	-1	2	1	1	-1	-1	-1	-1	-1	1	-1	-1	-1	-1	-1
NS22305E	1	1	8	2012	-1	3	1	1	-1	-1	-1	-1	-1	1	-1	-1	-1	-1	-1
NS22313X	1	1	6	2009	-1	6	1	1	-1	-1	-1	-1	-1	1	-1	-1	-1	-1	-1
NS22313X	2	1	9	2014	-1	1	1	1	-1	-1	-1	-1	-1	1	-1	-1	-1	-1	-1
NS22317B	1	2	9	2011	-1	4	1	1	-1	-1	-1	-1	-1	1	-1	-1	-1	-1	-1
NS22318C	1	2	7	2013	-1	2	1	-1	1	-1	-1	-1	-1	1	-1	-1	-1	-9	-1
NS22323R	1	1	8	2012	-1	3	1	-1	1	-1	-1	-1	-1	2	-1	-1	1	1	1
NS22327W	1	2	6	2014	-1	1	1	-1	-1	12	1985	-1	29	1	-1	-1	-1	2	-1
NS22343F	1	2	8	2012	-1	3	1	1	-1	-1	-1	-1	-1	1	-1	-1	-1	-1	-1
NS22346J	1	2	10	2011	-1	4	1	1	-1	-1	-1	-1	-1	1	-1	-1	-1	-1	-1
NS22346J	2	2	5	2015	-1	0	1	1	-1	-1	-1	-1	-1	1	-1	-1	-1	-1	-1
NS22361S	1	1	-9	-9	8	8	1	1	-1	-1	-1	-1	-1	1	-1	-1	-1	-1	-1
NS22361S	2	2	-9	-9	3	3	1	1	-1	-1	-1	-1	-1	1	-1	-1	-1	-1	-1
NS22367Z	1	1	7	2014	-1	1	1	1	-1	-1	-1	-1	-1	1	-1	-1	-1	-1	-1
NS22376S	1	1	6	2012	-1	3	1	1	-1	-1	-1	-1	-1	1	-1	-1	-1	-1	-1
NS22386M	1	2	12	2011	-1	4	1	1	-1	-1	-1	-1	-1	1	-1	-1	-1	-1	-1
NS22399K	1	1	5	2008	-1	7	3	1	-1	-1	-1	-1	-1	1	-1	-1	-1	-1	-1
NS22399K	2	2	8	2011	-1	4	1	1	-1	-1	-1	-1	-1	1	-1	-1	-1	-1	-1
NS22399K	3	2	4	2015	-1	0	1	1	-1	-1	-1	-1	-1	1	-1	-1	-1	-1	-1
NS22402D	1	2	6	2015	-1	0	1	1	-1	-1	-1	-1	-1	1	-1	-1	-1	-1	-1
NS22425W	1	2	5	2013	-1	2	1	-1	-1	10	1992	-1	23	3	2	1	1	-1	-1
NS22444J	1	2	9	2010	-1	5	1	1	-1	-1	-1	-1	-1	1	-1	-1	-1	-1	-1
NS22444J	2	1	12	2011	-1	4	1	1	-1	-1	-1	-1	-1	1	-1	-1	-1	-1	-1
NS22466A	1	1	4	2015	-1	1	1	-1	11	9	1991	-1	24	1	-1	-1	-1	2	-1
NS22467B	1	1	11	2013	-1	2	1	1	-1	-1	-1	-1	-1	1	-1	-1	-1	-1	-1
NS22467B	2	1	12	2015	-1	0	1	1	-1	-1	-1	-1	-1	1	-1	-1	-1	-1	-1
NS22474S	1	2	3	2010	-1	6	1	-1	-1	-9	-9	26	26	2	-1	-1	2	1	1
NS22482K	1	2	5	2016	-1	0	1	1	-1	-1	-1	-1	-1	1	-1	-1	-1	-1	-1
NS22486P	1	2	7	2011	-1	4	1	2	1	-1	-1	-1	-1	3	1	1	2	-1	-1
NS22486P	2	2	5	2013	-1	3	1	2	1	-1	-1	-1	-1	3	1	1	2	-1	-1
NS22490C	1	2	10	2014	-1	1	1	1	-1	-1	-1	-1	-1	1	-1	-1	-1	-1	-1
NS22497K	1	1	8	2015	-1	0	1	1	-1	-1	-1	-1	-1	1	-1	-1	-1	-1	-1
NS22510Y	1	2	2	2015	-1	1	1	1	-1	-1	-1	-1	-1	1	-1	-1	-1	-1	-1
NS22512A	1	2	6	2013	-1	2	1	1	-1	-1	-1	-1	-1	1	-1	-1	-1	-1	-1
NS22512A	2	1	9	2014	-1	1	1	1	-1	-1	-1	-1	-1	1	-1	-1	-1	-1	-1
NS22531N	1	1	3	2015	-1	0	1	-1	1	-1	-1	-1	-1	1	-1	-1	-1	1	1
NS22531N	2	1	11	2011	-1	4	1	-1	1	-1	-1	-1	-1	1	-1	-1	-1	1	1
NS22531N	3	1	9	2008	-1	7	1	-1	11	11	1992	-1	23	1	-1	-1	-1	1	3
NS22532P	1	2	1	2010	-1	5	1	-1	1	-1	-1	-1	-1	1	-1	-1	-1	2	-1
NS22538W	1	1	10	2008	-1	7	1	1	-1	-1	-1	-1	-1	1	-1	-1	-1	-1	-1
NS22538W	2	2	2	2013	-1	3	1	1	-1	-1	-1	-1	-1	1	-1	-1	-1	-1	-1
NS22540G	1	2	6	2014	-1	1	1	1	-1	-1	-1	-1	-1	1	-1	-1	-1	-1	-1
NS22545M	1	2	7	2011	-1	4	1	-1	-1	3	1989	-1	26	1	-1	-1	-1	1	1
NS22558K	1	1	2	2014	-1	1	1	1	-1	-1	-1	-1	-1	1	-1	-1	-1	-1	-1
NS22558K	2	2	11	2015	-1	0	1	1	-1	-1	-1	-1	-1	1	-1	-1	-1	-1	-1
NS22573T	1	2	7	2010	-1	5	1	1	-1	-1	-1	-1	-1	1	-1	-1	-1	-1	-1
NS22573T	2	1	12	2013	-1	2	1	1	-1	-1	-1	-1	-1	1	-1	-1	-1	-1	-1
NS22574V	1	2	4	2012	-1	3	1	1	-1	-1	-1	-1	-1	1	-1	-1	-1	-1	-1
NS22588T	1	1	12	2013	-1	2	1	1	-1	-1	-1	-1	-1	1	-1	-1	-1	-1	-1
NS22588T	2	1	4	2016	-1	0	1	1	-1	-1	-1	-1	-1	1	-1	-1	-1	-1	-1
NS22642L	1	2	7	2010	-1	5	1	-1	-1	-9	-9	28	28	1	-1	-1	-1	2	-1
NS22644N	1	1	4	2009	-1	7	1	-1	-1	10	1988	-1	27	1	-1	-1	-1	1	1
NS22648S	1	2	7	2015	-1	0	1	1	-1	-1	-1	-1	-1	1	-1	-1	-1	-1	-1
NS22649T	1	2	12	2012	-1	3	1	-1	-1	4	1983	-1	32	1	-1	-1	-1	1	2
NS22659N	1	1	3	2012	-1	4	1	-1	1	-1	-1	-1	-1	1	-1	-1	-1	1	1
NS22678B	1	1	12	2009	-1	6	1	1	-1	-1	-1	-1	-1	1	-1	-1	-1	-1	-1
NS22678B	2	1	9	2013	-1	2	1	1	-1	-1	-1	-1	-1	1	-1	-1	-1	-1	-1
NS22678B	3	1	6	2015	-1	0	1	1	-1	-1	-1	-1	-1	1	-1	-1	-1	-1	-1
NS22691H	1	2	10	2015	-1	0	1	1	-1	-1	-1	-1	-1	1	-1	-1	-1	-1	-1
NS22695M	1	1	-9	-9	3	3	1	1	-1	-1	-1	-1	-1	1	-1	-1	-1	-1	-1
NS22695M	2	1	-9	-9	2	2	1	1	-1	-1	-1	-1	-1	1	-1	-1	-1	-1	-1
NS22697P	1	1	2	2012	-1	4	1	1	-1	-1	-1	-1	-1	1	-1	-1	-1	-1	-1
NS22711D	1	2	4	2008	-1	8	1	2	1	-1	-1	-1	-1	1	-1	-1	-1	1	3
NS22711D	2	2	3	2010	-1	6	1	2	1	-1	-1	-1	-1	1	-1	-1	-1	1	3
NS22713F	1	2	6	2015	-1	0	1	1	-1	-1	-1	-1	-1	1	-1	-1	-1	-1	-1
NS22749W	1	1	8	2011	-1	4	1	1	-1	-1	-1	-1	-1	1	-1	-1	-1	-1	-1
NS22749W	2	2	10	2009	-1	6	3	1	-1	-1	-1	-1	-1	1	-1	-1	-1	-1	-1
NS22752H	1	2	7	2014	-1	2	1	-1	1	-1	-1	-1	-1	3	1	1	3	-1	-1
NS22752H	2	2	11	2009	-1	6	1	-1	11	-9	-9	25	25	3	2	1	2	-1	-1
NS22755L	1	2	6	2015	-1	0	1	1	-1	-1	-1	-1	-1	1	-1	-1	-1	-1	-1
NS22764E	1	2	5	2016	-1	0	1	1	-1	-1	-1	-1	-1	1	-1	-1	-1	-1	-1
NS22767H	1	2	2	2013	-1	2	1	1	-1	-1	-1	-1	-1	1	-1	-1	-1	-1	-1
NS22770V	1	1	9	2011	-1	4	1	1	-1	-1	-1	-1	-1	1	-1	-1	-1	-1	-1
NS22770V	2	1	5	2015	-1	0	1	1	-1	-1	-1	-1	-1	1	-1	-1	-1	-1	-1
NS22771W	1	1	1	2015	-1	0	1	1	-1	-1	-1	-1	-1	1	-1	-1	-1	-1	-1
NS22782R	1	1	7	2010	-1	5	1	1	-1	-1	-1	-1	-1	1	-1	-1	-1	-1	-1
NS22782R	2	2	9	2014	-1	1	1	1	-1	-1	-1	-1	-1	1	-1	-1	-1	-1	-1
NS22785V	1	2	4	2015	-1	0	1	1	-1	-1	-1	-1	-1	1	-1	-1	-1	-1	-1
NS22787X	1	2	3	2012	-1	3	1	-1	1	-1	-1	-1	-1	1	-1	-1	-1	1	3
NS22812G	1	2	1	2009	-1	7	1	-1	1	-1	-1	-1	-1	1	-1	-1	-1	1	3
NS22851J	1	2	7	2015	-1	0	1	1	-1	-1	-1	-1	-1	1	-1	-1	-1	-1	-1
NS22852K	1	1	10	2012	-1	3	1	-1	-1	8	1988	-1	27	1	-1	-1	-1	1	1
NS22852K	2	2	4	2014	-1	1	1	-1	-1	8	1988	-1	27	1	-1	-1	-1	1	1
NS22864G	1	1	2	2015	-1	1	1	1	-1	-1	-1	-1	-1	1	-1	-1	-1	-1	-1
NS22865H	1	1	2	2015	-1	1	1	1	-1	-1	-1	-1	-1	1	-1	-1	-1	-1	-1
NS22867K	1	1	8	2013	-1	2	1	1	-1	-1	-1	-1	-1	1	-1	-1	-1	-1	-1
NS22868L	1	1	1	2016	-1	0	1	1	-1	-1	-1	-1	-1	1	-1	-1	-1	-1	-1
NS22871Y	1	1	6	2010	-1	5	1	2	11	-9	-9	35	35	1	-1	-1	-1	2	-1
NS22871Y	2	1	9	2011	-1	4	1	2	1	-1	-1	-1	-1	1	-1	-1	-1	2	-1
NS22871Y	3	2	10	2014	-1	1	1	1	-1	-1	-1	-1	-1	1	-1	-1	-1	-1	-1
NS22892N	1	1	4	2013	-1	3	1	1	-1	-1	-1	-1	-1	1	-1	-1	-1	-1	-1
NS22893P	1	2	6	2011	-1	5	1	-1	11	7	1984	-1	32	1	-1	-1	-1	1	1
NS22899W	1	1	11	2013	-1	2	1	1	-1	-1	-1	-1	-1	1	-1	-1	-1	-1	-1
NS22899W	2	2	11	2015	-1	0	1	1	-1	-1	-1	-1	-1	1	-1	-1	-1	-1	-1
NS22905S	1	2	6	2014	-1	1	1	-1	1	-1	-1	-1	-1	1	-1	-1	-1	2	-1
NS22917P	1	2	9	2013	-1	2	1	1	-1	-1	-1	-1	-1	1	-1	-1	-1	-1	-1
NS22959V	1	2	2	2013	-1	3	1	1	-1	-1	-1	-1	-1	1	-1	-1	-1	-1	-1
NS22965K	1	2	8	2014	-1	1	1	1	-1	-1	-1	-1	-1	1	-1	-1	-1	-1	-1
NS22967M	1	1	10	2015	-1	0	1	1	-1	-1	-1	-1	-1	1	-1	-1	-1	-1	-1
NS22969P	1	1	3	2011	-1	4	1	1	-1	-1	-1	-1	-1	1	-1	-1	-1	-1	-1
NS22981V	1	1	-9	-9	2	2	1	1	-1	-1	-1	-1	-1	1	-1	-1	-1	-1	-1
NS23012K	1	2	12	2014	-1	0	1	1	-1	-1	-1	-1	-1	1	-1	-1	-1	-1	-1
NS23014M	1	1	2	2014	-1	2	1	1	-1	-1	-1	-1	-1	1	-1	-1	-1	-1	-1
NS23014M	2	2	2	2016	-1	0	1	1	-1	-1	-1	-1	-1	1	-1	-1	-1	-1	-1
NS23027K	1	2	12	2008	-1	7	1	1	-1	-1	-1	-1	-1	1	-1	-1	-1	-1	-1
NS23027K	2	1	12	2012	-1	3	1	1	-1	-1	-1	-1	-1	1	-1	-1	-1	-1	-1
NS23036D	1	2	4	2015	-1	0	1	1	-1	-1	-1	-1	-1	1	-1	-1	-1	-1	-1
NS23057T	1	1	8	2015	-1	1	1	-1	1	-1	-1	-1	-1	2	-1	-1	1	1	1
NS23059W	1	2	10	2014	-1	1	1	-1	-1	3	1998	-1	18	1	-1	-1	-1	1	3
NS23076G	1	2	9	2014	-1	0	1	1	-1	-1	-1	-1	-1	1	-1	-1	-1	-1	-1
NS23113N	1	2	1	2014	-1	1	1	-1	1	-1	-1	-1	-1	1	-1	-1	-1	1	1
NS23115Q	1	2	2	2008	-1	7	1	1	-1	-1	-1	-1	-1	1	-1	-1	-1	-1	-1
NS23115Q	2	2	9	2009	-1	6	1	1	-1	-1	-1	-1	-1	1	-1	-1	-1	-1	-1
NS23115Q	3	1	3	2012	-1	3	1	1	-1	-1	-1	-1	-1	1	-1	-1	-1	-1	-1
NS23118T	1	2	7	2009	-1	6	1	1	-1	-1	-1	-1	-1	1	-1	-1	-1	-1	-1
NS23118T	2	2	10	2011	-1	4	1	1	-1	-1	-1	-1	-1	1	-1	-1	-1	-1	-1
NS23118T	3	1	12	2013	-1	2	1	1	-1	-1	-1	-1	-1	1	-1	-1	-1	-1	-1
NS23118T	4	1	-9	-9	0	0	1	1	-1	-1	-1	-1	-1	1	-1	-1	-1	-1	-1
NS23140T	1	2	9	2012	-1	3	1	-1	-1	3	1989	-1	26	1	-1	-1	-1	1	2
NS23151P	1	2	6	2009	-1	6	1	1	-1	-1	-1	-1	-1	1	-1	-1	-1	-1	-1
NS23151P	2	2	7	2013	-1	2	1	1	-1	-1	-1	-1	-1	1	-1	-1	-1	-1	-1
NS23158X	1	2	7	2009	-1	7	1	1	-1	-1	-1	-1	-1	1	-1	-1	-1	-1	-1
NS23158X	2	1	11	2010	-1	5	1	1	-1	-1	-1	-1	-1	1	-1	-1	-1	-1	-1
NS23158X	3	2	-9	-9	0	0	1	1	-1	-1	-1	-1	-1	1	-1	-1	-1	-1	-1
NS23162K	1	2	9	2010	-1	5	1	1	-1	-1	-1	-1	-1	1	-1	-1	-1	-1	-1
NS23162K	2	1	7	2015	-1	0	1	1	-1	-1	-1	-1	-1	1	-1	-1	-1	-1	-1
NS23169S	1	2	7	2011	-1	5	1	1	-1	-1	-1	-1	-1	1	-1	-1	-1	-1	-1
NS23169S	2	1	3	2013	-1	3	1	1	-1	-1	-1	-1	-1	1	-1	-1	-1	-1	-1
NS23169S	3	2	2	2015	-1	1	1	1	-1	-1	-1	-1	-1	1	-1	-1	-1	-1	-1
NS23187E	1	1	3	2016	-1	0	1	1	-1	-1	-1	-1	-1	1	-1	-1	-1	-1	-1
NS23199B	1	1	4	2012	-1	3	1	1	-1	-1	-1	-1	-1	1	-1	-1	-1	-1	-1
NS23199B	2	2	1	2015	-1	1	1	1	-1	-1	-1	-1	-1	1	-1	-1	-1	-1	-1
NS23207A	1	1	3	2010	-1	6	1	-1	1	-1	-1	-1	-1	3	2	1	7	-1	-1
NS23207A	2	2	3	2012	-1	4	1	-1	11	7	1979	-1	36	3	2	4	7	1	3
NS23226N	1	1	6	2014	-1	1	1	-1	-1	3	1992	-1	24	3	2	1	1	-1	-1
NS23234F	1	1	6	2015	-1	0	1	1	-1	-1	-1	-1	-1	1	-1	-1	-1	-1	-1
NS23243Z	1	2	4	2009	-1	7	1	-1	-1	-9	-9	32	32	1	-1	-1	-1	2	-1
NS23245B	1	1	8	2015	-1	0	1	1	-1	-1	-1	-1	-1	1	-1	-1	-1	-1	-1
NS23269V	1	1	11	2013	-1	2	1	1	-1	-1	-1	-1	-1	1	-1	-1	-1	-1	-1
NS23282B	1	1	11	2010	-1	5	1	-1	1	-1	-1	-1	-1	3	2	1	2	-1	-1
NS23284D	1	1	7	2010	-1	5	1	2	2	-1	-1	-1	-1	2	-1	-1	1	1	3
NS23284D	2	2	4	2013	-1	3	1	2	2	-1	-1	-1	-1	2	-1	-1	2	1	1
NS23284D	3	2	7	2015	-1	0	1	1	-1	-1	-1	-1	-1	1	-1	-1	-1	-1	-1
NS23290T	1	2	2	2011	-1	4	1	1	-1	-1	-1	-1	-1	1	-1	-1	-1	-1	-1
NS23290T	2	1	9	2012	-1	3	1	1	-1	-1	-1	-1	-1	1	-1	-1	-1	-1	-1
NS23307C	1	2	10	2014	-1	1	1	1	-1	-1	-1	-1	-1	1	-1	-1	-1	-1	-1
NS23308D	1	2	9	2009	-1	6	1	1	-1	-1	-1	-1	-1	1	-1	-1	-1	-1	-1
NS23308D	2	1	1	2013	-1	3	1	1	-1	-1	-1	-1	-1	1	-1	-1	-1	-1	-1
NS23308D	3	2	12	2015	-1	0	1	1	-1	-1	-1	-1	-1	1	-1	-1	-1	-1	-1
NS23336K	1	2	9	2009	-1	6	1	-1	1	-1	-1	-1	-1	1	-1	-1	-1	1	1
NS23336K	2	1	10	2013	-1	2	1	-1	1	-1	-1	-1	-1	1	-1	-1	-1	1	1
NS23341Z	1	2	6	2015	-1	0	1	1	-1	-1	-1	-1	-1	1	-1	-1	-1	-1	-1
NS23359C	1	1	12	2015	-1	0	1	1	-1	-1	-1	-1	-1	3	2	9	-1	-1	-1
NS23380B	1	2	1	2009	-1	7	1	1	-1	-1	-1	-1	-1	1	-1	-1	-1	-1	-1
NS23380B	2	2	4	2014	-1	2	1	1	-1	-1	-1	-1	-1	1	-1	-1	-1	-1	-1
NS23396C	1	2	4	2009	-1	6	1	-1	1	-1	-1	-1	-1	1	-1	-1	-1	2	-1
NS23396C	2	1	11	2011	-1	4	1	-1	1	-1	-1	-1	-1	1	-1	-1	-1	2	-1
NS23397D	1	1	7	2009	-1	6	1	2	-1	11	1985	-1	30	1	-1	-1	-1	1	3
NS23397D	2	1	4	2014	-1	1	1	1	-1	-1	-1	-1	-1	1	-1	-1	-1	-1	-1
NS23406D	1	1	4	2008	-1	7	1	2	11	-9	-9	27	27	1	-1	-1	-1	1	3
NS23406D	2	1	2	2012	-1	3	1	2	1	-1	-1	-1	-1	1	-1	-1	-1	1	2
NS23406D	3	2	7	2004	-1	11	3	1	-1	-1	-1	-1	-1	3	2	1	3	-1	-1
NS23407E	1	2	7	2015	-1	0	1	-1	-1	9	1989	-1	26	1	-1	-1	-1	1	2
NS23431G	1	2	7	2006	-1	9	1	1	-1	-1	-1	-1	-1	1	-1	-1	-1	-1	-1
NS23435L	1	1	4	2015	-1	0	1	1	-1	-1	-1	-1	-1	1	-1	-1	-1	-1	-1
NS23437N	1	2	8	2009	-1	6	1	-1	1	-1	-1	-1	-1	1	-1	-1	-1	1	2
NS23437N	2	1	4	2013	-1	3	1	-1	11	10	1991	-1	24	1	-1	-1	-1	1	3
NS23439Q	1	1	9	2014	-1	1	1	1	-1	-1	-1	-1	-1	1	-1	-1	-1	-1	-1
NS23442C	1	1	8	2014	-1	1	1	1	-1	-1	-1	-1	-1	1	-1	-1	-1	-1	-1
NS23473M	1	1	10	2014	-1	0	1	1	-1	-1	-1	-1	-1	1	-1	-1	-1	-1	-1
NS23516A	1	2	1	2011	-1	5	1	-1	-1	8	1987	-1	28	1	-1	-1	-1	1	2
NS23523R	1	1	2	2015	-1	0	1	1	-1	-1	-1	-1	-1	1	-1	-1	-1	-1	-1
NS23524S	1	1	3	2015	-1	0	1	1	-1	-1	-1	-1	-1	1	-1	-1	-1	-1	-1
NS23525T	1	2	-9	-9	1	1	1	-1	1	-1	-1	-1	-1	2	-1	-1	1	1	1
NS23526V	1	2	7	2012	-1	3	1	1	-1	-1	-1	-1	-1	1	-1	-1	-1	-1	-1
NS23526V	2	1	5	2015	-1	0	1	1	-1	-1	-1	-1	-1	1	-1	-1	-1	-1	-1
NS23536P	1	2	-9	-9	-9	-9	5	1	-1	-1	-1	-1	-1	1	-1	-1	-1	-1	-1
NS23536P	2	1	-9	-9	-9	-9	5	1	-1	-1	-1	-1	-1	1	-1	-1	-1	-1	-1
NS23549M	1	1	4	2011	-1	4	1	1	-1	-1	-1	-1	-1	1	-1	-1	-1	-1	-1
NS23556D	1	2	3	2015	-1	0	1	1	-1	-1	-1	-1	-1	1	-1	-1	-1	-1	-1
NS23575R	1	2	5	2012	-1	3	1	1	-1	-1	-1	-1	-1	1	-1	-1	-1	-1	-1
NS23575R	2	1	9	2014	-1	1	1	1	-1	-1	-1	-1	-1	1	-1	-1	-1	-1	-1
NS23611X	1	1	7	2010	-1	5	1	1	-1	-1	-1	-1	-1	1	-1	-1	-1	-1	-1
NS23615B	1	2	4	2014	-1	1	1	1	-1	-1	-1	-1	-1	1	-1	-1	-1	-1	-1
NS23618E	1	1	5	2014	-1	1	1	1	-1	-1	-1	-1	-1	1	-1	-1	-1	-1	-1
NS23627Y	1	2	6	2006	-1	9	3	1	-1	-1	-1	-1	-1	1	-1	-1	-1	-1	-1
NS23634P	1	1	1	2011	-1	5	1	1	-1	-1	-1	-1	-1	1	-1	-1	-1	-1	-1
NS23634P	2	1	5	2012	-1	4	1	1	-1	-1	-1	-1	-1	1	-1	-1	-1	-1	-1
NS23634P	3	1	3	2013	-1	3	1	1	-1	-1	-1	-1	-1	1	-1	-1	-1	-1	-1
NS23647M	1	1	2	2014	-1	1	1	1	-1	-1	-1	-1	-1	1	-1	-1	-1	-1	-1
NS23655E	1	2	7	2010	-1	5	1	1	-1	-1	-1	-1	-1	1	-1	-1	-1	-1	-1
NS23655E	2	2	7	2012	-1	3	1	1	-1	-1	-1	-1	-1	1	-1	-1	-1	-1	-1
NS23655E	3	1	3	2014	-1	2	1	1	-1	-1	-1	-1	-1	1	-1	-1	-1	-1	-1
NS23678X	1	1	6	2013	-1	2	1	1	-1	-1	-1	-1	-1	1	-1	-1	-1	-1	-1
NS23678X	2	2	1	2015	-1	1	1	1	-1	-1	-1	-1	-1	1	-1	-1	-1	-1	-1
NS23682K	1	1	3	2011	-1	4	1	1	-1	-1	-1	-1	-1	1	-1	-1	-1	-1	-1
NS23682K	2	2	11	2014	-1	1	1	1	-1	-1	-1	-1	-1	1	-1	-1	-1	-1	-1
NS23687Q	1	2	9	2012	-1	3	2	1	-1	-1	-1	-1	-1	1	-1	-1	-1	-1	-1
NS23687Q	2	1	8	2014	-1	1	1	1	-1	-1	-1	-1	-1	1	-1	-1	-1	-1	-1
NS23714C	1	1	11	2009	-1	6	1	1	-1	-1	-1	-1	-1	1	-1	-1	-1	-1	-1
NS23714C	2	1	3	2014	-1	1	1	1	-1	-1	-1	-1	-1	1	-1	-1	-1	-1	-1
NS23720S	1	1	3	2008	-1	7	1	-1	1	-1	-1	-1	-1	3	1	1	1	-1	-1
NS23720S	2	1	4	2014	-1	1	1	-1	1	-1	-1	-1	-1	3	1	1	1	-1	-1
NS23736T	1	2	6	2014	-1	1	1	1	-1	-1	-1	-1	-1	1	-1	-1	-1	-1	-1
NS23739X	1	2	12	2009	-1	6	1	-1	1	-1	-1	-1	-1	1	-1	-1	-1	1	2
NS23739X	2	1	2	2012	-1	4	1	-1	1	-1	-1	-1	-1	1	-1	-1	-1	1	2
NS23743K	1	1	8	2011	-1	4	1	1	-1	-1	-1	-1	-1	1	-1	-1	-1	-1	-1
NS23743K	2	2	1	2015	-1	0	1	1	-1	-1	-1	-1	-1	-9	-1	-1	-1	-1	-1
NS23743K	3	1	11	2015	-1	0	1	1	-1	-1	-1	-1	-1	1	-1	-1	-1	-1	-1
NS23759L	1	1	3	2009	-1	7	1	1	-1	-1	-1	-1	-1	1	-1	-1	-1	-1	-1
NS23766C	1	2	1	2011	-1	5	1	-1	1	-1	-1	-1	-1	1	-1	-1	-1	1	2
NS23779A	1	2	6	2007	-1	8	1	2	-1	-9	-9	26	26	1	-1	-1	-1	2	-1
NS23779A	2	2	4	2010	-1	5	1	1	-1	-1	-1	-1	-1	1	-1	-1	-1	-1	-1
NS23779A	3	1	11	2015	-1	0	1	1	-1	-1	-1	-1	-1	1	-1	-1	-1	-1	-1
NS23784P	1	2	3	2013	-1	2	1	-1	-1	4	1985	-1	30	1	-1	-1	-1	1	2
NS23785Q	1	1	5	2012	-1	4	1	-1	-1	-9	-9	-8	-8	1	-1	-1	-1	1	3
NS23786R	1	2	8	2015	-1	0	1	-1	1	-1	-1	-1	-1	1	-1	-1	-1	2	-1
NS23786R	2	2	8	2015	-1	0	1	-1	1	-1	-1	-1	-1	1	-1	-1	-1	2	-1
NS23813D	1	2	4	2007	-1	9	1	1	-1	-1	-1	-1	-1	1	-1	-1	-1	-1	-1
NS23813D	2	2	10	2014	-1	1	1	1	-1	-1	-1	-1	-1	1	-1	-1	-1	-1	-1
NS23814E	1	1	3	2014	-1	1	1	1	-1	-1	-1	-1	-1	1	-1	-1	-1	-1	-1
NS23814E	2	2	10	2015	-1	0	1	1	-1	-1	-1	-1	-1	1	-1	-1	-1	-1	-1
NS23815F	1	1	2	2015	-1	0	1	-1	-1	2	1992	-1	23	3	2	1	1	-1	-1
NS23822X	1	1	2	2013	-1	2	1	-1	1	-1	-1	-1	-1	1	-1	-1	-1	1	1
NS23833S	1	2	7	2009	-1	6	1	1	-1	-1	-1	-1	-1	1	-1	-1	-1	-1	-1
NS23833S	2	2	3	2016	-1	0	1	1	-1	-1	-1	-1	-1	1	-1	-1	-1	-1	-1
NS23848S	1	2	1	2008	-1	8	1	1	-1	-1	-1	-1	-1	1	-1	-1	-1	-1	-1
NS23848S	2	2	5	2014	-1	1	1	1	-1	-1	-1	-1	-1	1	-1	-1	-1	-1	-1
NS23851E	1	2	2	2014	-1	1	1	1	-1	-1	-1	-1	-1	1	-1	-1	-1	-1	-1
NS23857L	1	1	4	2010	-1	6	1	-1	-1	8	1987	-1	28	1	-1	-1	-1	1	1
NS23865D	1	1	10	2015	-1	0	1	1	-1	-1	-1	-1	-1	1	-1	-1	-1	-1	-1
NS23868G	1	-9	-9	-9	-9	-9	-9	-1	-1	-1	-1	-1	-1	1	-1	-1	-1	-1	-1
NS23894L	1	2	6	2011	-1	5	1	-1	2	-1	-1	-1	-1	1	-1	-1	-1	2	-1
NS23919M	1	2	-9	-9	2	2	1	1	-1	-1	-1	-1	-1	1	-1	-1	-1	-1	-1
NS23919M	2	2	-9	-9	1	1	1	1	-1	-1	-1	-1	-1	1	-1	-1	-1	-1	-1
NS23920X	1	2	1	2016	-1	0	1	1	-1	-1	-1	-1	-1	1	-1	-1	-1	-1	-1
NS23920X	2	2	1	2013	-1	3	1	1	-1	-1	-1	-1	-1	1	-1	-1	-1	-1	-1
NS23920X	3	2	10	2011	-1	4	1	1	-1	-1	-1	-1	-1	1	-1	-1	-1	-1	-1
NS23946S	1	2	3	2001	-1	15	3	1	-1	-1	-1	-1	-1	2	-1	-1	2	-1	-1
NS23946S	2	2	2	2004	-1	12	3	1	-1	-1	-1	-1	-1	2	-1	-1	2	-1	-1
NS23948V	1	2	3	2015	-1	0	1	1	-1	-1	-1	-1	-1	1	-1	-1	-1	-1	-1
NS23956M	1	2	3	2013	-1	2	1	-1	1	-1	-1	-1	-1	3	1	1	1	-1	-1
NS23964E	1	2	10	2008	-1	7	1	1	-1	-1	-1	-1	-1	1	-1	-1	-1	-1	-1
NS23964E	2	1	8	2014	-1	1	1	1	-1	-1	-1	-1	-1	1	-1	-1	-1	-1	-1
NS23969K	1	1	8	2012	-1	3	1	1	-1	-1	-1	-1	-1	1	-1	-1	-1	-1	-1
NS23972X	1	1	12	2013	-1	2	1	1	-1	-1	-1	-1	-1	1	-1	-1	-1	-1	-1
NS23992L	1	2	5	2012	-1	3	1	-1	-1	3	1989	-1	26	1	-1	-1	-1	2	-1
NS23994N	1	2	-9	-9	3	3	1	1	-1	-1	-1	-1	-1	1	-1	-1	-1	-1	-1
NS23995P	1	2	2	2012	-1	4	1	1	-1	-1	-1	-1	-1	1	-1	-1	-1	-1	-1
NS23995P	2	1	4	2016	-1	0	1	1	-1	-1	-1	-1	-1	1	-1	-1	-1	-1	-1
NS23998S	1	1	12	2011	-1	4	1	2	-1	-9	-9	36	36	1	-1	-1	-1	1	3
NS23998S	2	2	7	2014	-1	1	1	1	-1	-1	-1	-1	-1	1	-1	-1	-1	-1	-1
NS23998S	3	2	5	2016	-1	0	1	1	-1	-1	-1	-1	-1	1	-1	-1	-1	-1	-1
NS24019N	1	1	2	2015	-1	0	1	1	-1	-1	-1	-1	-1	1	-1	-1	-1	-1	-1
NS24020Y	1	2	1	2013	-1	3	1	2	1	-1	-1	-1	-1	3	1	1	7	-1	-1
NS24020Y	2	1	8	2010	-1	5	3	1	-1	-1	-1	-1	-1	1	-1	-1	-1	-1	-1
NS24023B	1	2	4	2010	-1	5	1	-1	1	-1	-1	-1	-1	1	-1	-1	-1	1	1
NS24023B	2	2	3	2012	-1	3	1	-1	1	-1	-1	-1	-1	1	-1	-1	-1	1	1
NS24023B	3	2	7	2013	-1	2	1	-1	1	-1	-1	-1	-1	1	-1	-1	-1	1	1
NS24032V	1	2	4	2008	-1	8	1	-1	11	-9	-9	-8	-8	1	-1	-1	-1	1	2
NS24032V	2	2	2	2015	-1	1	1	-1	1	-1	-1	-1	-1	1	-1	-1	-1	1	1
NS24053K	1	1	2	2013	-1	3	1	1	-1	-1	-1	-1	-1	1	-1	-1	-1	-1	-1
NS24053K	2	1	7	2015	-1	0	1	1	-1	-1	-1	-1	-1	1	-1	-1	-1	-1	-1
NS24054L	1	1	10	2010	-1	5	1	1	-1	-1	-1	-1	-1	1	-1	-1	-1	-1	-1
NS24054L	2	1	2	2014	-1	2	1	1	-1	-1	-1	-1	-1	1	-1	-1	-1	-1	-1
NS24061C	1	2	6	2012	-1	3	1	1	-1	-1	-1	-1	-1	1	-1	-1	-1	-1	-1
NS24070W	1	2	3	2008	-1	8	1	2	-1	-9	-9	24	24	3	2	1	7	-1	-1
NS24070W	2	1	3	2016	-1	0	1	1	-1	-1	-1	-1	-1	1	-1	-1	-1	-1	-1
NS24072Y	1	2	8	2014	-1	1	1	1	-1	-1	-1	-1	-1	1	-1	-1	-1	-1	-1
NS24077D	1	2	1	2008	-1	8	1	-1	1	-1	-1	-1	-1	3	1	1	7	-1	-1
NS24079F	1	1	1	2015	-1	1	1	-1	11	10	1979	-1	36	1	-1	-1	-1	1	1
NS24100L	1	2	12	2014	-1	1	1	1	-1	-1	-1	-1	-1	1	-1	-1	-1	-1	-1
NS24106S	1	2	4	2010	-1	5	1	-1	-1	10	1982	-1	33	1	-1	-1	-1	1	3
NS24111G	1	1	6	2010	-1	5	1	-1	-1	11	1975	-1	40	1	-1	-1	-1	2	-1
NS24111G	2	1	7	2012	-1	3	1	-1	-1	8	1987	-1	28	1	-1	-1	-1	2	-1
NS24125F	1	1	-9	-9	-9	-9	1	1	-1	-1	-1	-1	-1	1	-1	-1	-1	-1	-1
NS24125F	2	1	-9	-9	-9	-9	1	1	-1	-1	-1	-1	-1	1	-1	-1	-1	-1	-1
NS24127H	1	1	9	2014	-1	1	1	1	-1	-1	-1	-1	-1	1	-1	-1	-1	-1	-1
NS24135A	1	2	8	2006	-1	9	1	1	-1	-1	-1	-1	-1	1	-1	-1	-1	-1	-1
NS24135A	2	1	2	2012	-1	3	1	1	-1	-1	-1	-1	-1	1	-1	-1	-1	-1	-1
NS24184X	1	1	5	2013	-1	2	1	1	-1	-1	-1	-1	-1	1	-1	-1	-1	-1	-1
NS24188B	1	1	-9	-9	3	3	1	-1	-9	-9	-9	-9	-9	1	-1	-1	-1	-9	-1
NS24188B	2	2	-9	-9	6	6	1	-1	-9	-1	-1	-1	-1	1	-1	-1	-1	-9	-1
NS24190M	1	2	1	2011	-1	5	1	-1	-1	-9	-9	24	24	1	-1	-1	-1	2	-1
NS24205T	1	2	1	2010	-1	6	1	-1	1	-1	-1	-1	-1	2	-1	-1	2	1	1
NS24210H	1	2	5	2012	-1	4	1	1	-1	-1	-1	-1	-1	1	-1	-1	-1	-1	-1
NS24210H	2	2	10	2015	-1	0	1	1	-1	-1	-1	-1	-1	1	-1	-1	-1	-1	-1
NS24227K	1	2	4	2015	-1	0	1	-1	-1	11	1994	-1	21	3	2	1	2	-1	-1
NS24235C	1	2	12	2015	-1	0	1	1	-1	-1	-1	-1	-1	1	-1	-1	-1	-1	-1
NS24246Y	1	1	10	2009	-1	6	1	-1	-1	3	1990	-1	26	1	-1	-1	-1	2	-1
NS24247Z	1	1	3	2014	-1	1	1	1	-1	-1	-1	-1	-1	1	-1	-1	-1	-1	-1
NS24258V	1	1	11	2013	-1	2	1	-1	-1	7	1990	-1	25	1	-1	-1	-1	1	1
NS24262H	1	2	12	2012	-1	3	1	-1	1	-1	-1	-1	-1	1	-1	-1	-1	1	2
NS24263J	1	1	8	2011	-1	4	1	2	-1	-9	-9	22	22	2	-1	-1	2	1	1
NS24263J	2	-9	-9	-9	-9	-9	-9	-1	-1	-1	-1	-1	-1	1	-1	-1	-1	-1	-1
NS24270A	1	1	9	2014	-1	1	1	1	-1	-1	-1	-1	-1	1	-1	-1	-1	-1	-1
NS24285A	1	1	9	2015	-1	0	1	1	-1	-1	-1	-1	-1	1	-1	-1	-1	-1	-1
NS24318T	1	2	7	2015	-1	0	1	1	-1	-1	-1	-1	-1	1	-1	-1	-1	-1	-1
NS24361J	1	2	5	2013	-1	2	1	1	-1	-1	-1	-1	-1	1	-1	-1	-1	-1	-1
NS24361J	2	2	7	2015	-1	0	1	1	-1	-1	-1	-1	-1	1	-1	-1	-1	-1	-1
NS24365N	1	-9	-9	-9	-9	-9	-9	-1	-1	-1	-1	-1	-1	-9	-1	-1	-1	-1	-1
NS24365N	2	-9	-9	-9	-9	-9	-9	-1	-1	-1	-1	-1	-1	-9	-1	-1	-1	-1	-1
NS24372E	1	1	12	2013	-1	2	1	1	-1	-1	-1	-1	-1	1	-1	-1	-1	-1	-1
NS24374G	1	1	8	2015	-1	0	1	-1	1	-1	-1	-1	-1	1	-1	-1	-1	1	2
NS24388F	1	1	12	2007	-1	7	1	2	1	-1	-1	-1	-1	1	-1	-1	-1	2	-1
NS24388F	2	2	4	2010	-1	5	1	2	1	-1	-1	-1	-1	1	-1	-1	-1	2	-1
NS24394W	1	2	11	2014	-1	1	1	1	-1	-1	-1	-1	-1	1	-1	-1	-1	-1	-1
NS24396Y	1	1	1	2015	-1	1	1	-1	-1	7	1987	-1	28	1	-1	-1	-1	1	1
NS24398A	1	1	5	2008	-1	7	1	-1	-1	-9	-9	26	26	1	-1	-1	-1	2	-1
NS24398A	2	2	7	2015	-1	0	1	-1	-1	-9	-9	25	25	1	-1	-1	-1	2	-1
NS24399B	1	1	11	2012	-1	2	1	1	-1	-1	-1	-1	-1	1	-1	-1	-1	-1	-1
NS24399B	2	2	11	2013	-1	1	1	1	-1	-1	-1	-1	-1	1	-1	-1	-1	-1	-1
NS24417V	1	2	3	2015	-1	1	1	1	-1	-1	-1	-1	-1	1	-1	-1	-1	-1	-1
NS24419X	1	2	8	2010	-1	5	1	-1	1	-1	-1	-1	-1	1	-1	-1	-1	1	1
NS24419X	2	1	11	2011	-1	4	1	-1	1	-1	-1	-1	-1	1	-1	-1	-1	1	1
NS24419X	3	2	2	2013	-1	3	1	-1	1	-1	-1	-1	-1	1	-1	-1	-1	1	1
NS24419X	4	2	3	2014	-1	2	1	-1	1	-1	-1	-1	-1	2	-1	-1	1	1	1
NS24420G	1	1	4	2016	-1	0	1	-1	-1	3	1992	-1	24	3	1	1	1	-1	-1
NS24422J	1	1	1	2016	-1	0	1	1	-1	-1	-1	-1	-1	1	-1	-1	-1	-1	-1
NS24433E	1	1	12	2013	-1	2	1	1	-1	-1	-1	-1	-1	1	-1	-1	-1	-1	-1
NS24443Z	1	2	12	2014	-1	1	1	1	-1	-1	-1	-1	-1	1	-1	-1	-1	-1	-1
NS24446C	1	2	8	2010	-1	5	1	1	-1	-1	-1	-1	-1	1	-1	-1	-1	-1	-1
NS24446C	2	2	3	2016	-1	0	1	1	-1	-1	-1	-1	-1	1	-1	-1	-1	-1	-1
NS24449F	1	2	3	2009	-1	7	1	1	-1	-1	-1	-1	-1	1	-1	-1	-1	-1	-1
NS24449F	2	2	9	2015	-1	0	1	1	-1	-1	-1	-1	-1	1	-1	-1	-1	-1	-1
NS24453T	1	2	12	2012	-1	3	1	-1	1	-1	-1	-1	-1	1	-1	-1	-1	1	2
NS24464P	1	2	-9	-9	-9	-9	1	1	-1	-1	-1	-1	-1	1	-1	-1	-1	-1	-1
NS24480Z	1	1	4	2010	-1	6	1	-1	-1	-9	-9	27	27	1	-1	-1	-1	2	-1
NS24480Z	2	1	3	2012	-1	4	1	-1	-1	8	1987	-1	28	1	-1	-1	-1	2	-1
NS24482B	1	1	8	2007	-1	8	1	-1	11	-9	-9	27	27	3	2	1	2	-1	-1
NS24482B	2	2	7	2013	-1	2	1	-1	1	-1	-1	-1	-1	3	2	1	1	-1	-1
NS24491V	1	2	3	2015	-1	0	1	1	-1	-1	-1	-1	-1	1	-1	-1	-1	-1	-1
NS24505A	1	2	5	2010	-1	5	1	-1	-1	5	1985	-1	30	1	-1	-1	-1	1	1
NS24505A	2	2	5	2010	-1	5	1	-1	-1	5	1985	-1	30	1	-1	-1	-1	1	1
NS24505A	3	2	9	2013	-1	2	1	-1	-1	5	1985	-1	30	1	-1	-1	-1	1	1
NS24506B	1	2	11	2013	-1	2	1	-1	1	-1	-1	-1	-1	1	-1	-1	-1	1	-8
NS24515V	1	2	6	2009	-1	6	1	1	-1	-1	-1	-1	-1	1	-1	-1	-1	-1	-1
NS24515V	2	1	11	2012	-1	3	1	1	-1	-1	-1	-1	-1	1	-1	-1	-1	-1	-1
NS24541Z	1	2	1	2013	-1	3	1	1	-1	-1	-1	-1	-1	1	-1	-1	-1	-1	-1
NS24551T	1	2	4	2009	-1	6	1	2	-1	-9	-9	-9	-9	1	-1	-1	-1	2	-1
NS24551T	2	2	12	2012	-1	3	1	1	-1	-1	-1	-1	-1	1	-1	-1	-1	-1	-1
NS24551T	3	1	3	2014	-1	1	1	1	-1	-1	-1	-1	-1	1	-1	-1	-1	-1	-1
NS24561N	1	2	6	2013	-1	2	1	-1	1	-1	-1	-1	-1	2	-1	-1	1	1	1
NS24588K	1	1	3	2015	-1	0	1	1	-1	-1	-1	-1	-1	1	-1	-1	-1	-1	-1
NS24608F	1	2	11	2014	-1	1	1	1	-1	-1	-1	-1	-1	1	-1	-1	-1	-1	-1
NS24613V	1	1	2	2014	-1	1	1	-1	11	4	1990	-1	25	1	-1	-1	-1	1	2
NS24624Q	1	2	10	2010	-1	5	1	1	-1	-1	-1	-1	-1	1	-1	-1	-1	-1	-1
NS24634K	1	2	12	2010	-1	5	1	1	-1	-1	-1	-1	-1	1	-1	-1	-1	-1	-1
NS24634K	2	2	10	2013	-1	2	1	1	-1	-1	-1	-1	-1	1	-1	-1	-1	-1	-1
NS24636M	1	2	8	2010	-1	5	1	-1	-1	2	1988	-1	28	1	-1	-1	-1	1	1
NS24636M	2	2	6	2015	-1	0	1	-1	-1	2	1988	-1	28	1	-1	-1	-1	1	1
NS24646G	1	1	10	2007	-1	8	1	-1	1	-1	-1	-1	-1	1	-1	-1	-1	2	-1
NS24646G	2	1	1	2009	-1	7	1	-1	1	-1	-1	-1	-1	1	-1	-1	-1	2	-1
NS24651W	1	1	4	2013	-1	3	1	1	-1	-1	-1	-1	-1	1	-1	-1	-1	-1	-1
NS24664T	1	2	6	2012	-1	3	1	1	-1	-1	-1	-1	-1	1	-1	-1	-1	-1	-1
NS24667X	1	2	8	2010	-1	5	1	1	-1	-1	-1	-1	-1	1	-1	-1	-1	-1	-1
NS24667X	2	1	6	2015	-1	0	1	1	-1	-1	-1	-1	-1	1	-1	-1	-1	-1	-1
NS24687L	1	1	8	2010	-1	5	1	-1	11	4	1989	-1	27	1	-1	-1	-1	1	3
NS24698G	1	-9	-9	-9	-9	-9	-9	-1	-1	-1	-1	-1	-1	3	2	-9	-8	-1	-1
NS24698G	2	-9	-9	-9	-9	-9	-9	-1	-1	-1	-1	-1	-1	-9	-1	-1	-1	-1	-1
NS24698G	3	-9	-9	-9	-9	-9	-9	-1	-1	-1	-1	-1	-1	-9	-1	-1	-1	-1	-1
NS24700Z	1	2	7	2009	-1	6	1	2	1	-1	-1	-1	-1	3	1	1	7	-1	-1
NS24722Q	1	1	8	2012	-1	3	1	-1	1	-1	-1	-1	-1	3	2	1	2	-1	-1
NS24722Q	2	1	9	2014	-1	1	1	-1	11	12	1986	-1	29	3	2	1	2	-1	-1
NS24750X	1	1	6	2010	-1	6	1	2	-1	9	1989	-1	26	1	-1	-1	-1	2	-1
NS24750X	2	2	12	2015	-1	0	1	1	-1	-1	-1	-1	-1	1	-1	-1	-1	-1	-1
NS24762T	1	1	2	2008	-1	7	1	-1	1	-1	-1	-1	-1	1	-1	-1	-1	2	-1
NS24762T	2	2	10	2009	-1	6	1	-1	1	-1	-1	-1	-1	1	-1	-1	-1	2	-1
NS24775R	1	1	10	2007	-1	8	1	-1	-1	12	1990	-1	25	3	2	1	2	-1	-1
NS24775R	2	2	3	2013	-1	3	1	-1	-1	9	1991	-1	24	2	-1	-1	1	1	1
NS24794E	1	1	8	2014	-1	1	1	1	-1	-1	-1	-1	-1	1	-1	-1	-1	-1	-1
NS24794E	2	2	8	2015	-1	0	1	1	-1	-1	-1	-1	-1	1	-1	-1	-1	-1	-1
NS24801C	1	2	5	2010	-1	6	1	-1	-1	5	1990	-1	26	1	-1	-1	-1	2	-1
NS24806H	1	1	12	2011	-1	4	1	1	-1	-1	-1	-1	-1	1	-1	-1	-1	-1	-1
NS24806H	2	2	8	2015	-1	0	1	1	-1	-1	-1	-1	-1	1	-1	-1	-1	-1	-1
NS24808K	1	2	5	2013	-1	2	1	1	-1	-1	-1	-1	-1	1	-1	-1	-1	-1	-1
NS24813Z	1	1	6	2009	-1	6	1	-1	-1	-9	-9	-9	-9	1	-1	-1	-1	1	-9
NS24813Z	2	2	-9	-9	-9	-9	1	-1	-1	-9	-9	-9	-9	1	-1	-1	-1	-9	-1
NS24813Z	3	1	-9	-9	0	0	1	-1	-1	-9	-9	-9	-9	1	-1	-1	-1	-9	-1
NS24816C	1	1	7	2011	-1	4	1	-1	-1	1	1990	-1	25	1	-1	-1	-1	2	-1
NS24816C	2	2	2	2014	-1	1	1	-1	-1	1	1990	-1	25	1	-1	-1	-1	2	-1
NS24817D	1	1	5	2015	-1	1	1	1	-1	-1	-1	-1	-1	1	-1	-1	-1	-1	-1
NS24827Y	1	2	5	2013	-1	2	1	1	-1	-1	-1	-1	-1	1	-1	-1	-1	-1	-1
NS24834P	1	1	3	2000	-1	16	3	1	-1	-1	-1	-1	-1	3	1	1	2	-1	-1
NS24834P	2	1	3	2001	-1	15	3	1	-1	-1	-1	-1	-1	1	-1	-1	-1	-1	-1
NS24834P	3	1	10	2004	-1	11	3	1	-1	-1	-1	-1	-1	1	-1	-1	-1	-1	-1
NS24834P	4	1	9	2009	-1	6	1	1	-1	-1	-1	-1	-1	1	-1	-1	-1	-1	-1
NS24848N	1	2	6	2011	-1	4	1	1	-1	-1	-1	-1	-1	1	-1	-1	-1	-1	-1
NS24849P	1	1	-9	-9	-9	-9	1	-1	-1	-9	-9	-9	-9	2	-1	-1	1	1	1
NS24862W	1	1	7	2010	-1	5	1	1	-1	-1	-1	-1	-1	1	-1	-1	-1	-1	-1
NS24862W	2	2	7	2012	-1	3	1	1	-1	-1	-1	-1	-1	1	-1	-1	-1	-1	-1
NS24877W	1	2	2	2016	-1	0	1	1	-1	-1	-1	-1	-1	1	-1	-1	-1	-1	-1
NS24877W	2	2	5	2011	-1	4	1	1	-1	-1	-1	-1	-1	1	-1	-1	-1	-1	-1
NS24877W	3	2	10	2009	-1	6	1	1	-1	-1	-1	-1	-1	1	-1	-1	-1	-1	-1
NS24882K	1	1	12	2012	-1	3	1	1	-1	-1	-1	-1	-1	1	-1	-1	-1	-1	-1
NS24887Q	1	1	9	2015	-1	0	1	1	-1	-1	-1	-1	-1	1	-1	-1	-1	-1	-1
NS24897K	1	2	5	2009	-1	6	1	1	-1	-1	-1	-1	-1	1	-1	-1	-1	-1	-1
NS24897K	2	1	5	2012	-1	3	1	1	-1	-1	-1	-1	-1	1	-1	-1	-1	-1	-1
NS24903G	1	2	8	2007	-1	8	1	2	11	5	1987	-1	29	1	-1	-1	-1	1	3
NS24907L	1	1	6	2011	-1	4	1	2	-1	-9	-9	25	25	3	2	1	3	-1	-1
NS24907L	2	1	1	2016	-1	0	1	1	-1	-1	-1	-1	-1	1	-1	-1	-1	-1	-1
NS24935S	1	1	12	2010	-1	5	1	1	-1	-1	-1	-1	-1	1	-1	-1	-1	-1	-1
NS24935S	2	1	1	2012	-1	4	1	1	-1	-1	-1	-1	-1	1	-1	-1	-1	-1	-1
NS24935S	3	1	7	2013	-1	2	1	1	-1	-1	-1	-1	-1	1	-1	-1	-1	-1	-1
NS24947P	1	2	11	2010	-1	5	1	1	-1	-1	-1	-1	-1	1	-1	-1	-1	-1	-1
NS24947P	2	2	1	2014	-1	2	1	1	-1	-1	-1	-1	-1	1	-1	-1	-1	-1	-1
NS24963Z	1	1	11	2012	-1	3	1	1	-1	-1	-1	-1	-1	1	-1	-1	-1	-1	-1
NS24963Z	2	2	5	2012	-1	3	1	1	-1	-1	-1	-1	-1	1	-1	-1	-1	-1	-1
NS24963Z	3	2	12	2015	-1	0	1	1	-1	-1	-1	-1	-1	1	-1	-1	-1	-1	-1
NS24968E	1	1	1	2014	-1	2	1	-1	1	-1	-1	-1	-1	2	-1	-1	1	1	1
NS24979A	1	2	8	2012	-1	3	1	1	-1	-1	-1	-1	-1	1	-1	-1	-1	-1	-1
NS24995K	1	2	9	2011	-1	4	1	1	-1	-1	-1	-1	-1	1	-1	-1	-1	-1	-1
NS24995K	2	1	10	2015	-1	0	1	1	-1	-1	-1	-1	-1	1	-1	-1	-1	-1	-1
NS25004J	1	2	11	2010	-1	5	1	-1	1	-1	-1	-1	-1	3	1	1	2	-1	-1
NS25012B	1	1	8	2013	-1	2	1	2	1	-1	-1	-1	-1	3	2	1	7	-1	-1
NS25012B	2	2	12	2014	-1	1	1	1	-1	-1	-1	-1	-1	1	-1	-1	-1	-1	-1
NS25012B	3	2	-9	-9	3	3	3	1	-1	-1	-1	-1	-1	1	-1	-1	-1	-1	-1
NS25012B	4	1	8	2007	-1	8	3	1	-1	-1	-1	-1	-1	1	-1	-1	-1	-1	-1
NS25012B	5	1	7	2006	-1	9	3	1	-1	-1	-1	-1	-1	1	-1	-1	-1	-1	-1
NS25012B	6	1	4	2004	-1	12	3	1	-1	-1	-1	-1	-1	1	-1	-1	-1	-1	-1
NS25012B	7	1	10	2000	-1	15	3	1	-1	-1	-1	-1	-1	1	-1	-1	-1	-1	-1
NS25012B	8	1	1	2010	-1	6	3	2	-1	-1	-1	-1	-1	3	1	1	7	-1	-1
NS25021V	1	1	-9	-9	5	5	3	1	-1	-1	-1	-1	-1	1	-1	-1	-1	-1	-1
NS25021V	2	1	-9	-9	4	4	1	1	-1	-1	-1	-1	-1	1	-1	-1	-1	-1	-1
NS25044M	1	2	7	2009	-1	6	1	-1	11	-9	-9	21	21	3	2	1	7	-1	-1
NS25044M	2	2	2	2011	-1	4	1	-1	1	-1	-1	-1	-1	3	2	1	7	-1	-1
NS25044M	3	2	9	2013	-1	2	1	-1	1	-1	-1	-1	-1	3	2	1	7	-1	-1
NS25044M	4	2	9	2014	-1	1	1	-1	11	1	1995	-1	20	3	2	1	1	-1	-1
NS25045N	1	1	12	2011	-1	4	1	1	-1	-1	-1	-1	-1	1	-1	-1	-1	-1	-1
NS25055H	1	1	4	2013	-1	2	1	-1	-1	4	1993	-1	22	1	-1	-1	-1	1	1
NS25056J	1	2	2	2010	-1	6	1	-1	-1	5	1989	-1	26	3	2	1	1	-1	-1
NS25079B	1	1	8	2013	-1	2	1	-1	-1	4	1983	-1	32	1	-1	-1	-1	1	3
NS25084Q	1	2	8	2011	-1	4	1	1	-1	-1	-1	-1	-1	1	-1	-1	-1	-1	-1
NS25084Q	2	2	3	2014	-1	1	1	1	-1	-1	-1	-1	-1	1	-1	-1	-1	-1	-1
NS25089W	1	2	3	2012	-1	4	1	1	-1	-1	-1	-1	-1	1	-1	-1	-1	-1	-1
NS25103K	1	2	6	2015	-1	0	1	2	1	-1	-1	-1	-1	1	-1	-1	-1	2	-1
NS25113E	1	2	7	2015	-1	0	1	1	-1	-1	-1	-1	-1	1	-1	-1	-1	-1	-1
NS25114F	1	2	3	2014	-1	1	1	-1	1	-1	-1	-1	-1	1	-1	-1	-1	1	2
NS25151F	1	1	7	2015	-1	0	1	1	-1	-1	-1	-1	-1	1	-1	-1	-1	-1	-1
NS25152G	1	1	5	2010	-1	6	1	1	-1	-1	-1	-1	-1	1	-1	-1	-1	-1	-1
NS25152G	2	2	9	2012	-1	3	1	1	-1	-1	-1	-1	-1	1	-1	-1	-1	-1	-1
NS25163C	1	1	11	2015	-1	0	1	1	-1	-1	-1	-1	-1	1	-1	-1	-1	-1	-1
NS25175Z	1	2	3	2008	-1	7	3	1	-1	-1	-1	-1	-1	1	-1	-1	-1	-1	-1
NS25183R	1	2	12	2012	-1	3	1	-1	-1	12	1989	-1	26	1	-1	-1	-1	1	3
NS25190H	1	2	12	2011	-1	3	1	-1	-1	-9	-9	30	30	1	-1	-1	-1	2	-1
NS25190H	2	1	5	2015	-1	0	1	-1	-1	5	1979	-1	36	1	-1	-1	-1	1	2
NS25193L	1	2	5	2013	-1	2	1	1	-1	-1	-1	-1	-1	1	-1	-1	-1	-1	-1
NS25193L	2	1	3	2015	-1	0	1	1	-1	-1	-1	-1	-1	1	-1	-1	-1	-1	-1
NS25196P	1	1	12	2015	-1	0	1	1	-1	-1	-1	-1	-1	1	-1	-1	-1	-1	-1
NS25200J	1	2	7	2015	-1	1	1	-1	-1	-9	-9	26	26	3	2	1	1	-1	-1
NS25201K	1	2	9	2014	-1	1	1	1	-1	-1	-1	-1	-1	1	-1	-1	-1	-1	-1
NS25205P	1	2	11	2008	-1	7	1	1	-1	-1	-1	-1	-1	1	-1	-1	-1	-1	-1
NS25205P	2	2	1	2011	-1	5	1	1	-1	-1	-1	-1	-1	1	-1	-1	-1	-1	-1
NS25205P	3	1	6	2013	-1	2	1	1	-1	-1	-1	-1	-1	1	-1	-1	-1	-1	-1
NS25219N	1	1	8	2012	-1	3	1	1	-1	-1	-1	-1	-1	1	-1	-1	-1	-1	-1
NS25219N	2	1	5	2014	-1	2	1	1	-1	-1	-1	-1	-1	1	-1	-1	-1	-1	-1
NS25225D	1	2	7	2015	-1	1	1	1	-1	-1	-1	-1	-1	1	-1	-1	-1	-1	-1
NS25241N	1	1	6	2015	-1	1	1	1	-1	-1	-1	-1	-1	1	-1	-1	-1	-1	-1
NS25242P	1	1	3	2009	-1	7	1	-1	11	11	1991	-1	24	1	-1	-1	-1	2	-1
NS25291L	1	1	12	2012	-1	3	1	1	-1	-1	-1	-1	-1	1	-1	-1	-1	-1	-1
NS25291L	2	1	7	2000	-1	15	3	1	-1	-1	-1	-1	-1	1	-1	-1	-1	-1	-1
NS25291L	3	2	2	2004	-1	12	3	1	-1	-1	-1	-1	-1	1	-1	-1	-1	-1	-1
NS25296R	1	1	6	2015	-1	0	2	2	-1	-1	-1	-1	-1	1	-1	-1	-1	-1	-1
NS25297S	1	1	6	2013	-1	3	1	1	-1	-1	-1	-1	-1	1	-1	-1	-1	-1	-1
NS25297S	2	1	1	2016	-1	0	1	1	-1	-1	-1	-1	-1	1	-1	-1	-1	-1	-1
NS25303P	1	2	6	2015	-1	0	1	1	-1	-1	-1	-1	-1	1	-1	-1	-1	-1	-1
NS25320A	1	1	11	2012	-1	3	1	1	-1	-1	-1	-1	-1	1	-1	-1	-1	-1	-1
NS25320A	2	2	2	2014	-1	1	1	1	-1	-1	-1	-1	-1	1	-1	-1	-1	-1	-1
NS25342R	1	2	12	2009	-1	6	1	-1	-1	-9	-9	-9	-9	1	-1	-1	-1	1	2
NS25365J	1	2	7	2014	-1	1	1	1	-1	-1	-1	-1	-1	1	-1	-1	-1	-1	-1
NS25365J	2	1	11	2015	-1	0	1	1	-1	-1	-1	-1	-1	1	-1	-1	-1	-1	-1
NS25407W	1	2	7	2015	-1	1	1	1	-1	-1	-1	-1	-1	1	-1	-1	-1	-1	-1
NS25409Y	1	1	-9	-9	8	8	1	2	-1	-9	-9	27	27	1	-1	-1	-1	2	-1
NS25409Y	2	2	7	2014	-1	1	1	1	-1	-1	-1	-1	-1	1	-1	-1	-1	-1	-1
NS25409Y	3	1	2	2016	-1	0	1	1	-1	-1	-1	-1	-1	1	-1	-1	-1	-1	-1
NS25463J	1	2	12	2009	-1	6	1	-1	1	-1	-1	-1	-1	1	-1	-1	-1	3	-1
NS25466M	1	1	2	2015	-1	0	1	1	-1	-1	-1	-1	-1	1	-1	-1	-1	-1	-1
NS25480V	1	1	12	2011	-1	4	1	1	-1	-1	-1	-1	-1	1	-1	-1	-1	-1	-1
NS25480V	2	1	6	2015	-1	0	1	1	-1	-1	-1	-1	-1	1	-1	-1	-1	-1	-1
NS25482X	1	1	1	2013	-1	3	1	1	-1	-1	-1	-1	-1	1	-1	-1	-1	-1	-1
NS25482X	2	2	3	2014	-1	2	1	1	-1	-1	-1	-1	-1	1	-1	-1	-1	-1	-1
NS25482X	3	2	6	2015	-1	0	1	1	-1	-1	-1	-1	-1	1	-1	-1	-1	-1	-1
NS25486B	1	2	1	2013	-1	2	1	-1	1	-1	-1	-1	-1	1	-1	-1	-1	1	2
NS25509A	1	2	12	2010	-1	5	3	1	-1	-1	-1	-1	-1	1	-1	-1	-1	-1	-1
NS25515Q	1	1	9	2015	-1	0	1	1	-1	-1	-1	-1	-1	1	-1	-1	-1	-1	-1
NS25547B	1	2	9	2009	-1	5	1	1	-1	-1	-1	-1	-1	1	-1	-1	-1	-1	-1
NS25547B	2	2	2	2013	-1	2	1	1	-1	-1	-1	-1	-1	1	-1	-1	-1	-1	-1
NS25550N	1	1	3	2012	-1	3	1	1	-1	-1	-1	-1	-1	1	-1	-1	-1	-1	-1
NS25550N	2	1	5	2013	-1	2	1	1	-1	-1	-1	-1	-1	1	-1	-1	-1	-1	-1
NS25550N	3	2	1	2015	-1	1	1	1	-1	-1	-1	-1	-1	1	-1	-1	-1	-1	-1
NS25554S	1	2	-9	-9	5	5	1	-1	1	-1	-1	-1	-1	1	-1	-1	-1	1	3
NS25554S	2	1	12	2013	-1	2	1	-1	1	-1	-1	-1	-1	1	-1	-1	-1	1	3
NS25559Y	1	2	1	2010	-1	6	1	-1	-1	-9	-9	25	25	3	2	1	7	-1	-1
NS25572E	1	1	8	2013	-1	2	1	1	-1	-1	-1	-1	-1	1	-1	-1	-1	-1	-1
NS25572E	2	2	7	2015	-1	0	1	1	-1	-1	-1	-1	-1	1	-1	-1	-1	-1	-1
NS25582Z	1	2	6	2012	-1	3	1	2	1	-1	-1	-1	-1	1	-1	-1	-1	1	3
NS25617V	1	1	6	2011	-1	4	1	-1	-1	8	1987	-1	28	1	-1	-1	-1	1	2
NS25622J	1	2	11	2013	-1	1	1	1	-1	-1	-1	-1	-1	1	-1	-1	-1	-1	-1
NS25638K	1	1	7	2008	-1	7	1	1	-1	-1	-1	-1	-1	1	-1	-1	-1	-1	-1
NS25638K	2	1	12	2010	-1	5	1	1	-1	-1	-1	-1	-1	1	-1	-1	-1	-1	-1
NS25638K	3	2	8	2015	-1	0	1	1	-1	-1	-1	-1	-1	1	-1	-1	-1	-1	-1
NS25660K	1	1	-9	-9	3	3	1	1	-1	-1	-1	-1	-1	1	-1	-1	-1	-1	-1
NS25660K	2	1	-9	-9	2	2	1	1	-1	-1	-1	-1	-1	1	-1	-1	-1	-1	-1
NS25660K	3	2	-9	-9	1	1	1	1	-1	-1	-1	-1	-1	1	-1	-1	-1	-1	-1
NS25663N	1	1	7	2009	-1	6	1	1	-1	-1	-1	-1	-1	1	-1	-1	-1	-1	-1
NS25663N	2	2	12	2011	-1	4	1	1	-1	-1	-1	-1	-1	1	-1	-1	-1	-1	-1
NS25682B	1	2	12	2008	-1	7	1	-1	-1	12	1980	-1	35	1	-1	-1	-1	2	-1
NS25682B	2	2	7	2014	-1	1	1	-1	-1	12	1980	-1	35	1	-1	-1	-1	2	-1
NS25690T	1	1	1	2012	-1	3	1	1	-1	-1	-1	-1	-1	1	-1	-1	-1	-1	-1
NS25692W	1	2	10	2009	-1	6	1	-1	-1	2	1987	-1	28	3	2	1	1	-1	-1
NS25713S	1	1	6	2008	-1	8	1	2	-1	-9	-9	-9	-9	1	-1	-1	-1	2	-1
NS25713S	2	1	3	2014	-1	2	1	1	-1	-1	-1	-1	-1	1	-1	-1	-1	-1	-1
NS25713S	3	1	2	2015	-1	1	1	1	-1	-1	-1	-1	-1	1	-1	-1	-1	-1	-1
NS25718Y	1	1	9	2013	-1	2	1	-1	-1	8	1995	-1	20	1	-1	-1	-1	1	4
NS25725P	1	1	11	2013	-1	2	1	1	-1	-1	-1	-1	-1	1	-1	-1	-1	-1	-1
NS25725P	2	2	8	2008	-1	7	1	1	-1	-1	-1	-1	-1	1	-1	-1	-1	-1	-1
NS25734H	1	-9	-9	-9	-9	-9	1	1	-1	-1	-1	-1	-1	1	-1	-1	-1	-1	-1
NS25736K	1	1	11	2007	-1	8	1	-1	-1	12	1988	-1	27	1	-1	-1	-1	1	1
NS25736K	2	2	12	2009	-1	6	1	-1	-1	12	1988	-1	27	1	-1	-1	-1	1	1
NS25743B	1	1	2	2014	-1	1	3	1	-1	-1	-1	-1	-1	1	-1	-1	-1	-1	-1
NS25743B	2	2	10	2015	-1	0	1	1	-1	-1	-1	-1	-1	1	-1	-1	-1	-1	-1
NS25754X	1	2	10	2011	-1	4	1	-1	1	-1	-1	-1	-1	2	-1	-1	1	1	1
NS25754X	2	2	4	2013	-1	3	1	-1	1	-1	-1	-1	-1	2	-1	-1	1	1	1
NS25755Y	1	1	9	2012	-1	3	1	-1	-1	3	1992	-1	23	1	-1	-1	-1	1	3
NS25765S	1	1	1	2016	-1	0	1	-1	-1	4	1990	-1	25	1	-1	-1	-1	1	1
NS25774L	1	2	7	2015	-1	1	1	-1	1	-1	-1	-1	-1	1	-1	-1	-1	2	-1
NS25784F	1	1	7	2012	-1	3	1	-1	1	-1	-1	-1	-1	3	1	1	6	-1	-1
NS25784F	2	1	11	2013	-1	2	1	-1	1	-1	-1	-1	-1	3	1	1	6	-1	-1
NS25802Z	1	2	4	2015	-1	1	1	1	-1	-1	-1	-1	-1	1	-1	-1	-1	-1	-1
NS25819B	1	1	12	2013	-1	2	1	1	-1	-1	-1	-1	-1	1	-1	-1	-1	-1	-1
NS25836M	1	2	11	2011	-1	4	1	1	-1	-1	-1	-1	-1	1	-1	-1	-1	-1	-1
NS25836M	2	2	12	2015	-1	0	1	1	-1	-1	-1	-1	-1	1	-1	-1	-1	-1	-1
NS25844E	1	2	4	2006	-1	10	1	-1	-1	5	1987	-1	28	1	-1	-1	-1	1	2
NS25844E	2	1	1	2008	-1	8	1	-1	-1	5	1987	-1	28	1	-1	-1	-1	1	2
NS25844E	3	1	6	2010	-1	5	1	-1	-1	2	1987	-1	29	1	-1	-1	-1	2	-1
NS25844E	4	1	7	2014	-1	1	1	-1	-1	-9	-9	-8	-8	1	-1	-1	-1	2	-1
NS25845F	1	1	10	2011	-1	4	1	-1	1	-1	-1	-1	-1	1	-1	-1	-1	2	-1
NS25867X	1	2	4	2007	-1	9	1	-1	-1	6	1987	-1	29	1	-1	-1	-1	2	-1
NS25870J	1	1	2	2008	-1	8	1	-1	-1	-9	-9	-8	-8	1	-1	-1	-1	2	-1
NS25870J	2	2	2	2009	-1	6	1	-1	-1	-9	-9	-8	-8	1	-1	-1	-1	2	-1
NS25870J	3	1	11	2014	-1	1	1	-1	-1	-9	-9	-8	-8	1	-1	-1	-1	2	-1
NS25918C	1	1	3	2016	-1	0	1	1	-1	-1	-1	-1	-1	1	-1	-1	-1	-1	-1
NS25934M	1	2	11	2009	-1	6	1	1	-1	-1	-1	-1	-1	1	-1	-1	-1	-1	-1
NS25934M	2	2	7	2010	-1	5	1	1	-1	-1	-1	-1	-1	1	-1	-1	-1	-1	-1
NS25942E	1	1	7	2014	-1	1	1	1	-1	-1	-1	-1	-1	1	-1	-1	-1	-1	-1
NS25945H	1	2	6	2012	-1	3	1	-1	-1	12	1986	-1	29	1	-1	-1	-1	2	-1
NS25971M	1	1	1	2015	-1	1	1	-1	-1	9	1988	-1	27	1	-1	-1	-1	1	2
NS25972N	1	2	3	2013	-1	2	1	1	-1	-1	-1	-1	-1	1	-1	-1	-1	-1	-1
NS25990A	1	1	11	2015	-1	0	1	1	-1	-1	-1	-1	-1	1	-1	-1	-1	-1	-1
NS26049N	1	2	12	2010	-1	4	1	1	-1	-1	-1	-1	-1	1	-1	-1	-1	-1	-1
NS26049N	2	2	12	2006	-1	8	3	1	-1	-1	-1	-1	-1	2	-1	-1	2	-1	-1
NS26081H	1	1	2	2011	-1	5	1	-1	11	1	1989	-1	27	1	-1	-1	-1	1	1
NS26083K	1	1	4	2013	-1	3	1	1	-1	-1	-1	-1	-1	1	-1	-1	-1	-1	-1
NS26100C	1	2	3	2011	-1	4	1	-1	-1	5	1985	-1	30	1	-1	-1	-1	1	2
NS26100C	2	1	6	2015	-1	0	1	-1	-1	2	1976	-1	39	1	-1	-1	-1	1	2
