NSID	W9RELID	W9NRANY	W9NRLIVEBM	W9NRLIVEBY	W9NRSEX	W9NRDOBM	W9NRDOBY	W9NRAGE	W9CRNOWMA	W9CRWHENMAM	W9CRWHENMAY	W9CRSLIVE	W9CRLIVEPA	W9CRHOWEND	W9WHYEND0A	W9WHYEND0B	W9WHYEND0C	W9WHYEND0D	W9WHYEND0E	W9WHYEND0F	W9WHYEND0G	W9CRSTOPM	W9CRSTOPY	W9CRDIVOR	W9CRDIVWHM	W9CRDIVWHY
NS10002T	2	2	-1	-1	-1	-1	-1	-1	-1	-1	-1	-1	-1	-1	-1	-1	-1	-1	-1	-1	-1	-1	-1	-1	-1	-1
NS10004W	1	-1	-1	-1	-1	-1	-1	-1	3	-1	-1	1	1	-1	-1	-1	-1	-1	-1	-1	-1	-1	-1	-1	-1	-1
NS10006Y	2	2	-1	-1	-1	-1	-1	-1	-1	-1	-1	-1	-1	-1	-1	-1	-1	-1	-1	-1	-1	-1	-1	-1	-1	-1
NS10011M	2	1	11	2018	2	10	1994	27	3	-1	-1	1	1	-1	-1	-1	-1	-1	-1	-1	-1	-1	-1	-1	-1	-1
NS10017T	2	1	8	2012	2	9	1991	31	1	8	2018	1	1	-1	-1	-1	-1	-1	-1	-1	-1	-1	-1	-1	-1	-1
NS10018V	2	2	-1	-1	-1	-1	-1	-1	-1	-1	-1	-1	-1	-1	-1	-1	-1	-1	-1	-1	-1	-1	-1	-1	-1	-1
NS10019W	2	1	4	2011	1	5	1987	35	1	4	2011	1	1	-1	-1	-1	-1	-1	-1	-1	-1	-1	-1	-1	-1	-1
NS10020F	2	2	-1	-1	-1	-1	-1	-1	-1	-1	-1	-1	-1	-1	-1	-1	-1	-1	-1	-1	-1	-1	-1	-1	-1	-1
NS10021G	2	1	3	2019	2	4	1998	24	1	7	2021	1	1	-1	-1	-1	-1	-1	-1	-1	-1	-1	-1	-1	-1	-1
NS10026M	2	2	-1	-1	-1	-1	-1	-1	-1	-1	-1	-1	-1	-1	-1	-1	-1	-1	-1	-1	-1	-1	-1	-1	-1	-1
NS10027N	2	2	-1	-1	-1	-1	-1	-1	-1	-1	-1	-1	-1	-1	-1	-1	-1	-1	-1	-1	-1	-1	-1	-1	-1	-1
NS10029Q	1	-1	-1	-1	-1	-1	-1	-1	3	-1	-1	1	1	-1	-1	-1	-1	-1	-1	-1	-1	-1	-1	-1	-1	-1
NS10030A	2	2	-1	-1	-1	-1	-1	-1	-1	-1	-1	-1	-1	-1	-1	-1	-1	-1	-1	-1	-1	-1	-1	-1	-1	-1
NS10033D	2	1	11	2020	2	3	1991	31	3	-1	-1	1	1	-1	-1	-1	-1	-1	-1	-1	-1	-1	-1	-1	-1	-1
NS10036G	2	1	3	2018	1	8	1994	27	3	-1	-1	2	-1	1	1	2	2	2	2	2	2	1	2019	-1	-1	-1
NS10036G	3	2	-1	-1	-1	-1	-1	-1	-1	-1	-1	-1	-1	-1	-1	-1	-1	-1	-1	-1	-1	-1	-1	-1	-1	-1
NS10038J	1	-1	-1	-1	-1	-1	-1	-1	-1	-1	-1	1	1	-1	-1	-1	-1	-1	-1	-1	-1	-1	-1	-1	-1	-1
NS10039K	2	1	1	2018	1	9	1989	33	1	5	2017	1	1	-1	-1	-1	-1	-1	-1	-1	-1	-1	-1	-1	-1	-1
NS10041W	2	1	10	2016	1	1	1986	36	1	5	2018	1	1	-1	-1	-1	-1	-1	-1	-1	-1	-1	-1	-1	-1	-1
NS10044Z	1	-1	-1	-1	-1	-1	-1	-1	-1	-1	-1	1	1	-1	-1	-1	-1	-1	-1	-1	-1	-1	-1	-1	-1	-1
NS10045A	2	2	-1	-1	-1	-1	-1	-1	-1	-1	-1	-1	-1	-1	-1	-1	-1	-1	-1	-1	-1	-1	-1	-1	-1	-1
NS10047C	1	-1	-1	-1	-1	-1	-1	-1	1	8	2017	2	-1	1	2	2	2	2	2	1	2	12	2019	1	8	2021
NS10047C	2	1	1	2021	2	10	1995	27	3	-1	-1	1	1	-1	-1	-1	-1	-1	-1	-1	-1	-1	-1	-1	-1	-1
NS10050P	2	2	-1	-1	-1	-1	-1	-1	-1	-1	-1	-1	-1	-1	-1	-1	-1	-1	-1	-1	-1	-1	-1	-1	-1	-1
NS10052R	2	1	8	2022	1	2	1991	31	3	-1	-1	1	1	-1	-1	-1	-1	-1	-1	-1	-1	-1	-1	-1	-1	-1
NS10053S	2	1	4	2017	2	10	1990	32	3	-1	-1	1	1	-1	-1	-1	-1	-1	-1	-1	-1	-1	-1	-1	-1	-1
NS10055V	2	2	-1	-1	-1	-1	-1	-1	-1	-1	-1	-1	-1	-1	-1	-1	-1	-1	-1	-1	-1	-1	-1	-1	-1	-1
NS10056W	1	-1	-1	-1	-1	-1	-1	-1	1	8	2017	1	1	-1	-1	-1	-1	-1	-1	-1	-1	-1	-1	-1	-1	-1
NS10057X	2	2	-1	-1	-1	-1	-1	-1	-1	-1	-1	-1	-1	-1	-1	-1	-1	-1	-1	-1	-1	-1	-1	-1	-1	-1
NS10059Z	2	1	12	2021	1	11	1991	30	1	12	2021	1	1	-1	-1	-1	-1	-1	-1	-1	-1	-1	-1	-1	-1	-1
NS10060J	2	2	-1	-1	-1	-1	-1	-1	-1	-1	-1	-1	-1	-1	-1	-1	-1	-1	-1	-1	-1	-1	-1	-1	-1	-1
NS10061K	2	1	1	2012	1	4	1987	36	1	8	2023	1	1	-1	-1	-1	-1	-1	-1	-1	-1	-1	-1	-1	-1	-1
NS10063M	2	1	1	2016	2	8	1988	34	1	3	2015	1	1	-1	-1	-1	-1	-1	-1	-1	-1	-1	-1	-1	-1	-1
NS10065P	1	-1	-1	-1	-1	-1	-1	-1	1	8	2017	1	1	-1	-1	-1	-1	-1	-1	-1	-1	-1	-1	-1	-1	-1
NS10067R	2	2	-1	-1	-1	-1	-1	-1	-1	-1	-1	-1	-1	-1	-1	-1	-1	-1	-1	-1	-1	-1	-1	-1	-1	-1
NS10068S	1	-1	-1	-1	-1	-1	-1	-1	3	-1	-1	1	1	-1	-1	-1	-1	-1	-1	-1	-1	-1	-1	-1	-1	-1
NS10074H	1	-1	-1	-1	-1	-1	-1	-1	3	-1	-1	1	1	-1	-1	-1	-1	-1	-1	-1	-1	-1	-1	-1	-1	-1
NS10076K	2	1	1	2016	1	4	1989	33	3	-1	-1	1	1	-1	-1	-1	-1	-1	-1	-1	-1	-1	-1	-1	-1	-1
NS10078M	2	1	3	2020	1	9	1989	33	3	-1	-1	1	1	-1	-1	-1	-1	-1	-1	-1	-1	-1	-1	-1	-1	-1
NS10082A	2	2	-1	-1	-1	-1	-1	-1	-1	-1	-1	-1	-1	-1	-1	-1	-1	-1	-1	-1	-1	-1	-1	-1	-1	-1
NS10083B	2	2	-1	-1	-1	-1	-1	-1	-1	-1	-1	-1	-1	-1	-1	-1	-1	-1	-1	-1	-1	-1	-1	-1	-1	-1
NS10088G	2	1	8	2015	2	5	1990	32	1	9	2022	1	1	-1	-1	-1	-1	-1	-1	-1	-1	-1	-1	-1	-1	-1
NS10092V	2	1	9	2010	2	8	1991	31	1	10	2011	1	1	-1	-1	-1	-1	-1	-1	-1	-1	-1	-1	-1	-1	-1
NS10094X	2	1	2	2018	1	8	1980	42	3	-1	-1	1	1	-1	-1	-1	-1	-1	-1	-1	-1	-1	-1	-1	-1	-1
NS10095Y	2	1	4	2017	1	11	1988	33	1	8	2021	1	1	-1	-1	-1	-1	-1	-1	-1	-1	-1	-1	-1	-1	-1
NS10096Z	2	1	10	2022	2	1	1998	24	1	8	2018	1	1	-1	-1	-1	-1	-1	-1	-1	-1	-1	-1	-1	-1	-1
NS10097A	1	-1	-1	-1	-1	-1	-1	-1	3	-1	-1	1	1	-1	-1	-1	-1	-1	-1	-1	-1	-1	-1	-1	-1	-1
NS10100T	2	1	4	2017	2	4	1995	27	1	8	2021	1	1	-1	-1	-1	-1	-1	-1	-1	-1	-1	-1	-1	-1	-1
NS10101V	1	-1	-1	-1	-1	-1	-1	-1	-1	-1	-1	1	1	-1	-1	-1	-1	-1	-1	-1	-1	-1	-1	-1	-1	-1
NS10104Y	2	1	5	2016	1	-9	-9	30	1	5	2016	1	1	-1	-1	-1	-1	-1	-1	-1	-1	-1	-1	-1	-1	-1
NS10105Z	2	2	-1	-1	-1	-1	-1	-1	-1	-1	-1	-1	-1	-1	-1	-1	-1	-1	-1	-1	-1	-1	-1	-1	-1	-1
NS10108C	2	2	-1	-1	-1	-1	-1	-1	-1	-1	-1	-1	-1	-1	-1	-1	-1	-1	-1	-1	-1	-1	-1	-1	-1	-1
NS10113R	2	1	6	2011	1	3	1989	33	1	4	2016	1	1	-1	-1	-1	-1	-1	-1	-1	-1	-1	-1	-1	-1	-1
NS10114S	1	-1	-1	-1	-1	-1	-1	-1	-1	-1	-1	1	1	-1	-1	-1	-1	-1	-1	-1	-1	-1	-1	-1	-1	-1
NS10115T	2	1	9	2019	2	3	1994	29	3	-1	-1	1	1	-1	-1	-1	-1	-1	-1	-1	-1	-1	-1	-1	-1	-1
NS10120H	2	2	-1	-1	-1	-1	-1	-1	-1	-1	-1	-1	-1	-1	-1	-1	-1	-1	-1	-1	-1	-1	-1	-1	-1	-1
NS10121J	2	2	-1	-1	-1	-1	-1	-1	-1	-1	-1	-1	-1	-1	-1	-1	-1	-1	-1	-1	-1	-1	-1	-1	-1	-1
NS10126P	2	2	-1	-1	-1	-1	-1	-1	-1	-1	-1	-1	-1	-1	-1	-1	-1	-1	-1	-1	-1	-1	-1	-1	-1	-1
NS10128R	2	1	-8	2017	1	-9	-9	40	3	-1	-1	2	-1	1	2	2	2	2	2	1	2	12	2019	-1	-1	-1
NS10128R	3	2	-1	-1	-1	-1	-1	-1	-1	-1	-1	-1	-1	-1	-1	-1	-1	-1	-1	-1	-1	-1	-1	-1	-1	-1
NS10130C	2	1	7	2020	2	-9	1993	28	3	-1	-1	1	1	-1	-1	-1	-1	-1	-1	-1	-1	-1	-1	-1	-1	-1
NS10131D	2	1	-9	-9	1	-9	-9	-9	1	-9	2022	1	1	-1	-1	-1	-1	-1	-1	-1	-1	-1	-1	-1	-1	-1
NS10135H	2	1	6	2021	2	3	1986	36	1	6	2022	1	1	-1	-1	-1	-1	-1	-1	-1	-1	-1	-1	-1	-1	-1
NS10137K	2	2	-1	-1	-1	-1	-1	-1	-1	-1	-1	-1	-1	-1	-1	-1	-1	-1	-1	-1	-1	-1	-1	-1	-1	-1
NS10138L	2	1	3	2017	1	9	1987	34	1	3	2017	1	1	-1	-1	-1	-1	-1	-1	-1	-1	-1	-1	-1	-1	-1
NS10139M	2	1	4	2017	1	11	1988	33	3	-1	-1	1	1	-1	-1	-1	-1	-1	-1	-1	-1	-1	-1	-1	-1	-1
NS10141Y	2	2	-1	-1	-1	-1	-1	-1	-1	-1	-1	-1	-1	-1	-1	-1	-1	-1	-1	-1	-1	-1	-1	-1	-1	-1
NS10142Z	2	2	-1	-1	-1	-1	-1	-1	-1	-1	-1	-1	-1	-1	-1	-1	-1	-1	-1	-1	-1	-1	-1	-1	-1	-1
NS10143A	1	-1	-1	-1	-1	-1	-1	-1	3	-1	-1	2	-1	1	1	2	2	2	2	2	2	9	2016	-1	-1	-1
NS10143A	2	1	10	2017	1	8	1987	35	1	6	2021	1	1	-1	-1	-1	-1	-1	-1	-1	-1	-1	-1	-1	-1	-1
NS10144B	2	2	-1	-1	-1	-1	-1	-1	-1	-1	-1	-1	-1	-1	-1	-1	-1	-1	-1	-1	-1	-1	-1	-1	-1	-1
NS10145C	2	1	11	2021	1	4	1990	32	3	11	-1	1	1	-1	-1	-1	-1	-1	-1	-1	-1	-1	-1	-1	-1	-1
NS10146D	2	2	-1	-1	-1	-1	-1	-1	-1	-1	-1	-1	-1	-1	-1	-1	-1	-1	-1	-1	-1	-1	-1	-1	-1	-1
NS10149G	2	1	7	2020	2	12	1991	31	3	-1	-1	1	1	-1	-1	-1	-1	-1	-1	-1	-1	-1	-1	-1	-1	-1
NS10151S	2	1	9	2017	1	5	1976	46	3	-1	-1	1	1	-1	-1	-1	-1	-1	-1	-1	-1	-1	-1	-1	-1	-1
NS10157Z	2	1	11	2015	2	1	1992	31	1	7	2020	1	1	-1	-1	-1	-1	-1	-1	-1	-1	-1	-1	-1	-1	-1
NS10158A	2	1	8	2020	1	7	1988	34	1	8	2022	1	1	-1	-1	-1	-1	-1	-1	-1	-1	-1	-1	-1	-1	-1
NS10163P	2	1	5	2011	1	7	1983	40	3	-1	-1	1	1	-1	-1	-1	-1	-1	-1	-1	-1	-1	-1	-1	-1	-1
NS10165R	1	-1	-1	-1	-1	-1	-1	-1	3	-1	-1	2	-1	1	1	2	2	2	2	2	2	12	2019	-1	-1	-1
NS10165R	2	2	-1	-1	-1	-1	-1	-1	-1	-1	-1	-1	-1	-1	-1	-1	-1	-1	-1	-1	-1	-1	-1	-1	-1	-1
NS10167T	1	-1	-1	-1	-1	-1	-1	-1	-1	-1	-1	1	1	-1	-1	-1	-1	-1	-1	-1	-1	-1	-1	-1	-1	-1
NS10168V	2	1	-8	2018	2	1	1992	31	3	-1	-1	2	-1	2	-1	-1	-1	-1	-1	-1	-1	-8	2019	-1	-1	-1
NS10168V	3	2	-1	-1	-1	-1	-1	-1	-1	-1	-1	-1	-1	-1	-1	-1	-1	-1	-1	-1	-1	-1	-1	-1	-1	-1
NS10170F	2	1	8	2017	1	4	1985	37	1	8	2017	1	1	-1	-1	-1	-1	-1	-1	-1	-1	-1	-1	-1	-1	-1
NS10173J	2	1	1	2017	2	12	1993	29	1	9	2021	1	1	-1	-1	-1	-1	-1	-1	-1	-1	-1	-1	-1	-1	-1
NS10175L	2	1	6	2019	2	12	1988	34	3	-1	-1	1	1	-1	-1	-1	-1	-1	-1	-1	-1	-1	-1	-1	-1	-1
NS10177N	1	-1	-1	-1	-1	-1	-1	-1	1	7	2018	2	-1	1	1	2	2	2	2	2	2	11	2022	1	1	2023
NS10177N	2	2	-1	-1	-1	-1	-1	-1	-1	-1	-1	-1	-1	-1	-1	-1	-1	-1	-1	-1	-1	-1	-1	-1	-1	-1
NS10179Q	2	2	-1	-1	-1	-1	-1	-1	-1	-1	-1	-1	-1	-1	-1	-1	-1	-1	-1	-1	-1	-1	-1	-1	-1	-1
NS10181B	1	-1	-1	-1	-1	-1	-1	-1	1	8	2017	1	2	-1	-1	-1	-1	-1	-1	-1	-1	8	2021	-1	-1	-1
NS10181B	2	2	-1	-1	-1	-1	-1	-1	-1	-1	-1	-1	-1	-1	-1	-1	-1	-1	-1	-1	-1	-1	-1	-1	-1	-1
NS10186G	2	1	9	2014	2	10	1989	33	3	7	2021	1	1	-1	-1	-1	-1	-1	-1	-1	-1	-1	-1	-1	-1	-1
NS10191W	2	1	8	2018	2	4	1992	30	1	8	2018	1	1	-1	-1	-1	-1	-1	-1	-1	-1	-1	-1	-1	-1	-1
NS10197C	2	1	4	2018	1	5	1992	30	3	-1	-1	2	-1	1	2	2	2	2	1	2	2	12	2018	-1	-1	-1
NS10197C	3	2	-1	-1	-1	-1	-1	-1	-1	-1	-1	-1	-1	-1	-1	-1	-1	-1	-1	-1	-1	-1	-1	-1	-1	-1
NS10198D	1	-1	-1	-1	-1	-1	-1	-1	3	-1	-1	2	-1	2	-1	-1	-1	-1	-1	-1	-1	1	2017	-1	-1	-1
NS10198D	2	2	-1	-1	-1	-1	-1	-1	-1	-1	-1	-1	-1	-1	-1	-1	-1	-1	-1	-1	-1	-1	-1	-1	-1	-1
NS10206C	1	-1	-1	-1	-1	-1	-1	-1	-1	-1	-1	2	-1	1	1	2	2	2	2	2	2	4	2017	1	4	2017
NS10206C	2	1	2	2018	2	7	1987	35	2	2	2018	1	1	-1	-1	-1	-1	-1	-1	-1	-1	-1	-1	-1	-1	-1
NS10211R	2	1	2	2010	1	7	1990	32	1	9	2016	1	1	-1	-1	-1	-1	-1	-1	-1	-1	-1	-1	-1	-1	-1
NS10213T	2	1	6	2016	1	1	1990	33	1	8	2019	1	1	-1	-1	-1	-1	-1	-1	-1	-1	-1	-1	-1	-1	-1
NS10215W	1	-1	-1	-1	-1	-1	-1	-1	-1	-1	-1	1	2	-1	-1	-1	-1	-1	-1	-1	-1	7	2019	2	-1	-1
NS10215W	2	1	2	2020	1	10	1986	36	-1	-1	-1	1	1	-1	-1	-1	-1	-1	-1	-1	-1	-1	-1	-1	-1	-1
NS10217Y	2	2	-1	-1	-1	-1	-1	-1	-1	-1	-1	-1	-1	-1	-1	-1	-1	-1	-1	-1	-1	-1	-1	-1	-1	-1
NS10218Z	2	2	-1	-1	-1	-1	-1	-1	-1	-1	-1	-1	-1	-1	-1	-1	-1	-1	-1	-1	-1	-1	-1	-1	-1	-1
NS10219A	1	-1	-1	-1	-1	-1	-1	-1	3	-1	-1	1	1	-1	-1	-1	-1	-1	-1	-1	-1	-1	-1	-1	-1	-1
NS10222M	1	-1	-1	-1	-1	-1	-1	-1	3	-1	-1	1	1	-1	-1	-1	-1	-1	-1	-1	-1	-1	-1	-1	-1	-1
NS10223N	2	1	5	2013	1	11	1984	38	3	-1	-1	1	1	-1	-1	-1	-1	-1	-1	-1	-1	-1	-1	-1	-1	-1
NS10225Q	1	-1	-1	-1	-1	-1	-1	-1	3	-1	-1	1	1	-1	-1	-1	-1	-1	-1	-1	-1	-1	-1	-1	-1	-1
NS10227S	1	-1	-1	-1	-1	-1	-1	-1	3	-1	-1	1	1	-1	-1	-1	-1	-1	-1	-1	-1	-1	-1	-1	-1	-1
NS10228T	2	2	-1	-1	-1	-1	-1	-1	-1	-1	-1	-1	-1	-1	-1	-1	-1	-1	-1	-1	-1	-1	-1	-1	-1	-1
NS10231F	1	-1	-1	-1	-1	-1	-1	-1	-1	-1	-1	1	1	-1	-1	-1	-1	-1	-1	-1	-1	-1	-1	-1	-1	-1
NS10232G	1	-1	-1	-1	-1	-1	-1	-1	3	-1	-1	2	-1	1	1	2	2	2	2	2	2	10	2016	-1	-1	-1
NS10232G	2	2	-1	-1	-1	-1	-1	-1	-1	-1	-1	-1	-1	-1	-1	-1	-1	-1	-1	-1	-1	-1	-1	-1	-1	-1
NS10233H	2	1	3	2014	1	3	1986	37	3	-1	-1	2	-1	1	2	2	2	2	2	2	1	3	2020	-1	-1	-1
NS10233H	3	2	-1	-1	-1	-1	-1	-1	-1	-1	-1	-1	-1	-1	-1	-1	-1	-1	-1	-1	-1	-1	-1	-1	-1	-1
NS10238N	2	1	7	2019	2	-8	-8	26	3	-1	-1	2	-1	1	1	2	2	2	2	2	2	1	2022	-1	-1	-1
NS10238N	3	2	-1	-1	-1	-1	-1	-1	-1	-1	-1	-1	-1	-1	-1	-1	-1	-1	-1	-1	-1	-1	-1	-1	-1	-1
NS10239P	1	-1	-1	-1	-1	-1	-1	-1	3	-1	-1	1	1	-1	-1	-1	-1	-1	-1	-1	-1	-1	-1	-1	-1	-1
NS10240Z	2	1	8	2018	1	3	1983	40	3	-1	-1	2	-1	1	1	2	2	2	2	2	2	9	2019	-1	-1	-1
NS10240Z	3	1	1	2020	1	10	1987	34	3	-1	-1	2	-1	3	-1	-1	-1	-1	-1	-1	-1	9	2021	-1	-1	-1
NS10240Z	4	2	-1	-1	-1	-1	-1	-1	-1	-1	-1	-1	-1	-1	-1	-1	-1	-1	-1	-1	-1	-1	-1	-1	-1	-1
NS10246F	1	-1	-1	-1	-1	-1	-1	-1	-1	-1	-1	1	1	-1	-1	-1	-1	-1	-1	-1	-1	-1	-1	-1	-1	-1
NS10247G	2	1	4	2016	1	11	1985	37	1	9	2021	1	1	-1	-1	-1	-1	-1	-1	-1	-1	-1	-1	-1	-1	-1
NS10250T	1	-1	-1	-1	-1	-1	-1	-1	3	-1	-1	2	-1	1	2	2	2	2	1	2	2	10	2018	-1	-1	-1
NS10250T	2	2	-1	-1	-1	-1	-1	-1	-1	-1	-1	-1	-1	-1	-1	-1	-1	-1	-1	-1	-1	-1	-1	-1	-1	-1
NS10252W	2	2	-1	-1	-1	-1	-1	-1	-1	-1	-1	-1	-1	-1	-1	-1	-1	-1	-1	-1	-1	-1	-1	-1	-1	-1
NS10253X	1	-1	-1	-1	-1	-1	-1	-1	1	7	2021	1	1	-1	-1	-1	-1	-1	-1	-1	-1	-1	-1	-1	-1	-1
NS10254Y	2	1	1	2016	1	11	1978	44	3	-1	-1	1	1	-1	-1	-1	-1	-1	-1	-1	-1	-1	-1	-1	-1	-1
NS10255Z	2	1	7	2021	2	12	1985	37	3	-1	-1	1	1	-1	-1	-1	-1	-1	-1	-1	-1	-1	-1	-1	-1	-1
NS10256A	2	1	3	2019	2	9	1988	34	3	-1	-1	1	1	-1	-1	-1	-1	-1	-1	-1	-1	-1	-1	-1	-1	-1
NS10260N	2	1	6	2016	1	12	1988	33	3	-1	-1	1	1	-1	-1	-1	-1	-1	-1	-1	-1	-1	-1	-1	-1	-1
NS10262Q	2	2	-1	-1	-1	-1	-1	-1	-1	-1	-1	-1	-1	-1	-1	-1	-1	-1	-1	-1	-1	-1	-1	-1	-1	-1
NS10265T	1	-1	-1	-1	-1	-1	-1	-1	1	5	2021	1	1	-1	-1	-1	-1	-1	-1	-1	-1	-1	-1	-1	-1	-1
NS10267W	2	1	8	2014	2	10	1990	32	1	7	2021	1	1	-1	-1	-1	-1	-1	-1	-1	-1	-1	-1	-1	-1	-1
NS10273L	2	2	-1	-1	-1	-1	-1	-1	-1	-1	-1	-1	-1	-1	-1	-1	-1	-1	-1	-1	-1	-1	-1	-1	-1	-1
NS10277Q	2	1	8	2015	1	-9	-9	33	1	8	2020	1	1	-1	-1	-1	-1	-1	-1	-1	-1	-1	-1	-1	-1	-1
NS10284G	1	-1	-1	-1	-1	-1	-1	-1	1	11	2019	1	1	-1	-1	-1	-1	-1	-1	-1	-1	-1	-1	-1	-1	-1
NS10287K	1	-1	-1	-1	-1	-1	-1	-1	1	4	2017	1	1	-1	-1	-1	-1	-1	-1	-1	-1	-1	-1	-1	-1	-1
NS10288L	2	1	-8	2015	2	-9	-9	30	1	10	2018	1	1	-1	-1	-1	-1	-1	-1	-1	-1	-1	-1	-1	-1	-1
NS10290X	1	-1	-1	-1	-1	-1	-1	-1	1	8	2019	1	1	-1	-1	-1	-1	-1	-1	-1	-1	-1	-1	-1	-1	-1
NS10294B	1	-1	-1	-1	-1	-1	-1	-1	3	-1	-1	1	1	-1	-1	-1	-1	-1	-1	-1	-1	-1	-1	-1	-1	-1
NS10295C	1	-1	-1	-1	-1	-1	-1	-1	3	-1	-1	2	-1	1	1	2	2	2	2	2	2	12	2016	-1	-1	-1
NS10295C	2	1	5	2018	1	4	1990	32	1	12	2021	1	1	-1	-1	-1	-1	-1	-1	-1	-1	-1	-1	-1	-1	-1
NS10298F	2	1	1	2017	-9	1	1988	35	3	-1	-1	2	-1	2	-1	-1	-1	-1	-1	-1	-1	3	2020	-1	-1	-1
NS10298F	3	2	-1	-1	-1	-1	-1	-1	-1	-1	-1	-1	-1	-1	-1	-1	-1	-1	-1	-1	-1	-1	-1	-1	-1	-1
NS10299G	2	1	6	2019	2	1	1992	30	3	-1	-1	1	1	-1	-1	-1	-1	-1	-1	-1	-1	-1	-1	-1	-1	-1
NS10300Y	2	1	7	2010	2	2	1988	35	1	4	2015	2	-1	1	2	2	2	1	2	2	2	1	2019	2	-1	-1
NS10300Y	3	2	-1	-1	-1	-1	-1	-1	-1	-1	-1	-1	-1	-1	-1	-1	-1	-1	-1	-1	-1	-1	-1	-1	-1	-1
NS10301Z	2	1	8	2017	2	2	1984	38	3	-1	-1	1	1	-1	-1	-1	-1	-1	-1	-1	-1	-1	-1	-1	-1	-1
NS10302A	1	-1	-1	-1	-1	-1	-1	-1	1	8	2018	1	1	-1	-1	-1	-1	-1	-1	-1	-1	-1	-1	-1	-1	-1
NS10303B	2	1	12	2019	1	2	1988	35	1	12	2019	1	1	-1	-1	-1	-1	-1	-1	-1	-1	-1	-1	-1	-1	-1
NS10307F	2	2	-1	-1	-1	-1	-1	-1	-1	-1	-1	-1	-1	-1	-1	-1	-1	-1	-1	-1	-1	-1	-1	-1	-1	-1
NS10310S	2	1	6	2016	2	6	1991	31	1	9	2020	1	1	-1	-1	-1	-1	-1	-1	-1	-1	-1	-1	-1	-1	-1
NS10311T	2	2	-1	-1	-1	-1	-1	-1	-1	-1	-1	-1	-1	-1	-1	-1	-1	-1	-1	-1	-1	-1	-1	-1	-1	-1
NS10312V	2	1	12	2018	2	4	1995	27	3	-1	-1	1	1	-1	-1	-1	-1	-1	-1	-1	-1	-1	-1	-1	-1	-1
NS10314X	2	2	-1	-1	-1	-1	-1	-1	-1	-1	-1	-1	-1	-1	-1	-1	-1	-1	-1	-1	-1	-1	-1	-1	-1	-1
NS10315Y	2	2	-1	-1	-1	-1	-1	-1	-1	-1	-1	-1	-1	-1	-1	-1	-1	-1	-1	-1	-1	-1	-1	-1	-1	-1
NS10316Z	2	1	3	2019	2	5	1975	48	3	-1	-1	1	1	-1	-1	-1	-1	-1	-1	-1	-1	-1	-1	-1	-1	-1
NS10317A	2	2	-1	-1	-1	-1	-1	-1	-1	-1	-1	-1	-1	-1	-1	-1	-1	-1	-1	-1	-1	-1	-1	-1	-1	-1
NS10322P	2	1	1	2019	1	-9	-9	-9	3	-1	-1	1	1	-1	-1	-1	-1	-1	-1	-1	-1	-1	-1	-1	-1	-1
NS10323Q	2	1	1	2011	2	9	1990	32	1	-9	-9	2	-1	1	1	2	2	2	2	2	2	-8	2018	2	-1	-1
NS10323Q	3	2	-1	-1	-1	-1	-1	-1	-1	-1	-1	-1	-1	-1	-1	-1	-1	-1	-1	-1	-1	-1	-1	-1	-1	-1
NS10328W	1	-1	-1	-1	-1	-1	-1	-1	-1	-1	-1	1	1	-1	-1	-1	-1	-1	-1	-1	-1	-1	-1	-1	-1	-1
NS10335M	2	1	9	2012	1	-9	-9	41	3	-1	-1	2	-1	1	1	2	2	2	2	2	2	4	2016	-1	-1	-1
NS10335M	3	2	-1	-1	-1	-1	-1	-1	-1	-1	-1	-1	-1	-1	-1	-1	-1	-1	-1	-1	-1	-1	-1	-1	-1	-1
NS10336N	1	-1	-1	-1	-1	-1	-1	-1	1	8	2017	1	1	-1	-1	-1	-1	-1	-1	-1	-1	-1	-1	-1	-1	-1
NS10344F	1	-1	-1	-1	-1	-1	-1	-1	1	9	2018	1	1	-1	-1	-1	-1	-1	-1	-1	-1	-1	-1	-1	-1	-1
NS10345G	2	1	8	2015	1	5	1989	32	1	4	2016	1	1	-1	-1	-1	-1	-1	-1	-1	-1	-1	-1	-1	-1	-1
NS10346H	1	-1	-1	-1	-1	-1	-1	-1	1	1	2017	1	1	-1	-1	-1	-1	-1	-1	-1	-1	-1	-1	-1	-1	-1
NS10348K	2	1	2	2019	2	2	1990	33	3	-1	-1	1	1	-1	-1	-1	-1	-1	-1	-1	-1	-1	-1	-1	-1	-1
NS10349L	2	1	5	2015	1	9	1986	36	1	5	2015	1	1	-1	-1	-1	-1	-1	-1	-1	-1	-1	-1	-1	-1	-1
NS10350W	2	2	-1	-1	-1	-1	-1	-1	-1	-1	-1	-1	-1	-1	-1	-1	-1	-1	-1	-1	-1	-1	-1	-1	-1	-1
NS10352Y	2	1	6	2017	1	5	1989	33	3	-1	-1	2	-1	1	1	2	2	2	2	2	2	2	2019	-1	-1	-1
NS10352Y	3	1	3	2020	1	1	1987	36	3	-1	-1	1	1	-1	-1	-1	-1	-1	-1	-1	-1	-1	-1	-1	-1	-1
NS10354A	2	1	11	2018	1	11	1989	33	3	-1	-1	1	1	-1	-1	-1	-1	-1	-1	-1	-1	-1	-1	-1	-1	-1
NS10355B	1	-1	-1	-1	-1	-1	-1	-1	-1	-1	-1	1	1	-1	-1	-1	-1	-1	-1	-1	-1	-1	-1	-1	-1	-1
NS10357D	2	1	8	2017	1	9	1987	34	3	-1	-1	1	1	-1	-1	-1	-1	-1	-1	-1	-1	-1	-1	-1	-1	-1
NS10358E	2	2	-1	-1	-1	-1	-1	-1	-1	-1	-1	-1	-1	-1	-1	-1	-1	-1	-1	-1	-1	-1	-1	-1	-1	-1
NS10360Q	2	1	2	2021	1	5	1985	37	1	8	2021	1	1	-1	-1	-1	-1	-1	-1	-1	-1	-1	-1	-1	-1	-1
NS10361R	2	2	-1	-1	-1	-1	-1	-1	-1	-1	-1	-1	-1	-1	-1	-1	-1	-1	-1	-1	-1	-1	-1	-1	-1	-1
NS10365W	2	2	-1	-1	-1	-1	-1	-1	-1	-1	-1	-1	-1	-1	-1	-1	-1	-1	-1	-1	-1	-1	-1	-1	-1	-1
NS10369A	2	1	8	2019	2	7	1990	32	1	10	2022	1	1	-1	-1	-1	-1	-1	-1	-1	-1	-1	-1	-1	-1	-1
NS10372M	2	1	6	2012	2	-9	-9	32	3	-1	-1	2	-1	1	1	2	2	2	2	2	2	6	2013	-1	-1	-1
NS10372M	3	1	9	2019	2	-9	-9	31	3	-1	-1	2	-1	1	1	2	2	2	2	2	2	10	2021	-1	-1	-1
NS10372M	4	1	6	2022	2	-9	-9	31	3	-1	-1	1	1	-1	-1	-1	-1	-1	-1	-1	-1	-1	-1	-1	-1	-1
NS10375Q	1	-1	-1	-1	-1	-1	-1	-1	1	4	2022	1	1	-1	-1	-1	-1	-1	-1	-1	-1	-1	-1	-1	-1	-1
NS10376R	2	1	8	2016	2	10	1991	30	1	2	2022	1	1	-1	-1	-1	-1	-1	-1	-1	-1	-1	-1	-1	-1	-1
NS10381F	1	-1	-1	-1	-1	-1	-1	-1	3	-1	-1	1	1	-1	-1	-1	-1	-1	-1	-1	-1	-1	-1	-1	-1	-1
NS10382G	2	2	-1	-1	-1	-1	-1	-1	-1	-1	-1	-1	-1	-1	-1	-1	-1	-1	-1	-1	-1	-1	-1	-1	-1	-1
NS10387M	2	1	11	2017	2	10	1990	32	3	-1	-1	1	1	-1	-1	-1	-1	-1	-1	-1	-1	-1	-1	-1	-1	-1
NS10388N	2	2	-1	-1	-1	-1	-1	-1	-1	-1	-1	-1	-1	-1	-1	-1	-1	-1	-1	-1	-1	-1	-1	-1	-1	-1
NS10393C	2	1	-9	-8	-9	-9	-9	-9	3	-1	-1	1	1	-1	-1	-1	-1	-1	-1	-1	-1	-1	-1	-1	-1	-1
NS10395E	2	1	1	2012	1	10	1987	35	1	10	2014	2	-1	1	1	2	2	2	1	2	2	7	2016	1	1	2021
NS10395E	3	2	-1	-1	-1	-1	-1	-1	-1	-1	-1	-1	-1	-1	-1	-1	-1	-1	-1	-1	-1	-1	-1	-1	-1	-1
NS10396F	2	1	3	2017	1	5	1988	34	3	-1	-1	2	-1	1	1	2	2	2	2	2	2	7	2018	-1	-1	-1
NS10396F	3	2	-1	-1	-1	-1	-1	-1	-1	-1	-1	-1	-1	-1	-1	-1	-1	-1	-1	-1	-1	-1	-1	-1	-1	-1
NS10397G	2	1	9	2017	1	5	1987	34	3	-1	-1	1	1	-1	-1	-1	-1	-1	-1	-1	-1	-1	-1	-1	-1	-1
NS10399J	2	1	10	2013	1	7	1985	37	3	-1	-1	2	-1	1	1	2	1	1	1	2	2	4	2017	-1	-1	-1
NS10399J	3	1	10	2020	1	12	1989	33	3	-1	-1	1	1	-1	-1	-1	-1	-1	-1	-1	-1	-1	-1	-1	-1	-1
NS10401B	2	2	-1	-1	-1	-1	-1	-1	-1	-1	-1	-1	-1	-1	-1	-1	-1	-1	-1	-1	-1	-1	-1	-1	-1	-1
NS10402C	2	2	-1	-1	-1	-1	-1	-1	-1	-1	-1	-1	-1	-1	-1	-1	-1	-1	-1	-1	-1	-1	-1	-1	-1	-1
NS10405F	2	1	8	2018	2	-8	1991	31	3	-1	-1	2	-1	1	1	2	2	2	2	2	2	1	2019	-1	-1	-1
NS10405F	3	1	2	2020	2	7	1994	28	3	-1	-1	2	-1	1	1	2	2	2	2	2	2	9	2020	-1	-1	-1
NS10405F	4	2	-1	-1	-1	-1	-1	-1	-1	-1	-1	-1	-1	-1	-1	-1	-1	-1	-1	-1	-1	-1	-1	-1	-1	-1
NS10406G	1	-1	-1	-1	-1	-1	-1	-1	3	-1	-1	1	1	-1	-1	-1	-1	-1	-1	-1	-1	-1	-1	-1	-1	-1
NS10407H	2	2	-1	-1	-1	-1	-1	-1	-1	-1	-1	-1	-1	-1	-1	-1	-1	-1	-1	-1	-1	-1	-1	-1	-1	-1
NS10408J	2	1	4	2015	2	8	1993	29	3	-1	-1	1	2	-1	-1	-1	-1	-1	-1	-1	-1	7	2019	-1	-1	-1
NS10408J	3	2	-1	-1	-1	-1	-1	-1	-1	-1	-1	-1	-1	-1	-1	-1	-1	-1	-1	-1	-1	-1	-1	-1	-1	-1
NS10409K	1	-1	-1	-1	-1	-1	-1	-1	3	-1	-1	1	1	-1	-1	-1	-1	-1	-1	-1	-1	-1	-1	-1	-1	-1
NS10413Y	2	1	1	2020	1	9	1990	31	3	-1	-1	1	1	-1	-1	-1	-1	-1	-1	-1	-1	-1	-1	-1	-1	-1
NS10414Z	2	1	3	2018	1	3	1990	32	1	12	2016	1	1	-1	-1	-1	-1	-1	-1	-1	-1	-1	-1	-1	-1	-1
NS10416B	2	2	-1	-1	-1	-1	-1	-1	-1	-1	-1	-1	-1	-1	-1	-1	-1	-1	-1	-1	-1	-1	-1	-1	-1	-1
NS10417C	2	1	9	2017	2	2	1985	38	3	-1	-1	1	1	-1	-1	-1	-1	-1	-1	-1	-1	-1	-1	-1	-1	-1
NS10418D	2	1	-8	2009	2	6	1993	29	1	10	2018	1	1	-1	-1	-1	-1	-1	-1	-1	-1	-1	-1	-1	-1	-1
NS10420P	2	1	12	2019	2	2	1992	31	3	-1	-1	2	-1	1	2	2	1	2	2	1	2	3	2020	-1	-1	-1
NS10420P	3	2	-1	-1	-1	-1	-1	-1	-1	-1	-1	-1	-1	-1	-1	-1	-1	-1	-1	-1	-1	-1	-1	-1	-1	-1
NS10423S	1	-1	-1	-1	-1	-1	-1	-1	3	-1	-1	2	-1	1	1	1	2	2	2	2	2	5	2016	-1	-1	-1
NS10423S	2	1	2	2017	1	5	1989	33	3	-1	-1	1	1	-1	-1	-1	-1	-1	-1	-1	-1	-1	-1	-1	-1	-1
NS10424T	2	1	2	2016	1	5	1987	35	1	7	2019	1	1	-1	-1	-1	-1	-1	-1	-1	-1	-1	-1	-1	-1	-1
NS10425V	1	-1	-1	-1	-1	-1	-1	-1	1	7	2017	1	1	-1	-1	-1	-1	-1	-1	-1	-1	-1	-1	-1	-1	-1
NS10427X	2	2	-1	-1	-1	-1	-1	-1	-1	-1	-1	-1	-1	-1	-1	-1	-1	-1	-1	-1	-1	-1	-1	-1	-1	-1
NS10430J	1	-1	-1	-1	-1	-1	-1	-1	3	-1	-1	2	-1	1	1	2	2	2	2	2	2	6	2017	-1	-1	-1
NS10430J	2	1	1	2019	-9	12	1991	31	3	-1	-1	1	1	-1	-1	-1	-1	-1	-1	-1	-1	-1	-1	-1	-1	-1
NS10431K	2	1	7	2019	1	5	1989	33	1	7	2019	1	1	-1	-1	-1	-1	-1	-1	-1	-1	-1	-1	-1	-1	-1
NS10434N	1	-1	-1	-1	-1	-1	-1	-1	1	10	2018	1	1	-1	-1	-1	-1	-1	-1	-1	-1	-1	-1	-1	-1	-1
NS10437R	1	-1	-1	-1	-1	-1	-1	-1	-1	-1	-1	1	1	-1	-1	-1	-1	-1	-1	-1	-1	-1	-1	-1	-1	-1
NS10447L	2	2	-1	-1	-1	-1	-1	-1	-1	-1	-1	-1	-1	-1	-1	-1	-1	-1	-1	-1	-1	-1	-1	-1	-1	-1
NS10451Z	2	1	10	2009	1	3	1990	33	3	-1	-1	2	-1	1	1	2	2	2	2	2	2	10	2016	-1	-1	-1
NS10451Z	3	1	9	2018	1	4	1988	34	3	-1	-1	1	1	-1	-1	-1	-1	-1	-1	-1	-1	-1	-1	-1	-1	-1
NS10453B	2	1	7	2012	2	11	1989	32	3	-1	-1	1	1	-1	-1	-1	-1	-1	-1	-1	-1	-1	-1	-1	-1	-1
NS10454C	2	2	-1	-1	-1	-1	-1	-1	-1	-1	-1	-1	-1	-1	-1	-1	-1	-1	-1	-1	-1	-1	-1	-1	-1	-1
NS10455D	2	1	8	2011	1	8	1990	32	1	7	2011	1	1	-1	-1	-1	-1	-1	-1	-1	-1	-1	-1	-1	-1	-1
NS10459H	1	-1	-1	-1	-1	-1	-1	-1	1	7	2017	1	1	-1	-1	-1	-1	-1	-1	-1	-1	-1	-1	-1	-1	-1
NS10460S	1	-1	-1	-1	-1	-1	-1	-1	3	-1	-1	1	1	-1	-1	-1	-1	-1	-1	-1	-1	-1	-1	-1	-1	-1
NS10463W	2	2	-1	-1	-1	-1	-1	-1	-1	-1	-1	-1	-1	-1	-1	-1	-1	-1	-1	-1	-1	-1	-1	-1	-1	-1
NS10465Y	1	-1	-1	-1	-1	-1	-1	-1	3	-1	-1	1	1	-1	-1	-1	-1	-1	-1	-1	-1	-1	-1	-1	-1	-1
NS10466Z	2	2	-1	-1	-1	-1	-1	-1	-1	-1	-1	-1	-1	-1	-1	-1	-1	-1	-1	-1	-1	-1	-1	-1	-1	-1
NS10468B	2	1	8	2017	2	8	1990	31	1	8	2017	1	1	-1	-1	-1	-1	-1	-1	-1	-1	-1	-1	-1	-1	-1
NS10469C	2	1	7	2006	1	8	1988	35	3	-1	-1	2	-1	1	2	2	2	2	1	2	2	2	2009	-1	-1	-1
NS10469C	3	1	4	2010	1	9	1987	36	3	-1	-1	2	-1	1	1	2	2	2	2	2	2	3	2011	-1	-1	-1
NS10469C	4	1	4	2012	1	6	1988	35	3	-1	-1	2	-1	1	2	1	2	2	2	2	2	4	2013	-1	-1	-1
NS10469C	5	1	6	2013	1	9	1991	31	3	-1	-1	2	-1	1	2	2	2	2	1	2	2	5	2015	-1	-1	-1
NS10469C	6	1	7	2019	1	4	1990	33	3	-1	-1	2	-1	1	2	2	2	1	2	2	2	5	2020	-1	-1	-1
NS10469C	7	2	-1	-1	-1	-1	-1	-1	-1	-1	-1	-1	-1	-1	-1	-1	-1	-1	-1	-1	-1	-1	-1	-1	-1	-1
NS10470M	2	2	-1	-1	-1	-1	-1	-1	-1	-1	-1	-1	-1	-1	-1	-1	-1	-1	-1	-1	-1	-1	-1	-1	-1	-1
NS10472P	2	2	-1	-1	-1	-1	-1	-1	-1	-1	-1	-1	-1	-1	-1	-1	-1	-1	-1	-1	-1	-1	-1	-1	-1	-1
NS10475S	2	1	2	2018	2	11	1990	32	3	-1	-1	1	1	-1	-1	-1	-1	-1	-1	-1	-1	-1	-1	-1	-1	-1
NS10476T	2	1	5	2016	1	2	1983	39	1	8	2016	1	1	-1	-1	-1	-1	-1	-1	-1	-1	-1	-1	-1	-1	-1
NS10477V	2	2	-1	-1	-1	-1	-1	-1	-1	-1	-1	-1	-1	-1	-1	-1	-1	-1	-1	-1	-1	-1	-1	-1	-1	-1
NS10482J	2	2	-1	-1	-1	-1	-1	-1	-1	-1	-1	-1	-1	-1	-1	-1	-1	-1	-1	-1	-1	-1	-1	-1	-1	-1
NS10485M	2	2	-1	-1	-1	-1	-1	-1	-1	-1	-1	-1	-1	-1	-1	-1	-1	-1	-1	-1	-1	-1	-1	-1	-1	-1
NS10488Q	2	1	7	2017	1	7	1989	33	1	10	2020	1	1	-1	-1	-1	-1	-1	-1	-1	-1	-1	-1	-1	-1	-1
NS10494F	2	1	2	2018	2	11	1986	36	3	-1	-1	1	2	-1	-1	-1	-1	-1	-1	-1	-1	8	2019	-1	-1	-1
NS10494F	3	2	-1	-1	-1	-1	-1	-1	-1	-1	-1	-1	-1	-1	-1	-1	-1	-1	-1	-1	-1	-1	-1	-1	-1	-1
NS10496H	2	1	9	2018	2	3	1992	30	3	-1	-1	1	1	-1	-1	-1	-1	-1	-1	-1	-1	-1	-1	-1	-1	-1
NS10501D	2	2	-1	-1	-1	-1	-1	-1	-1	-1	-1	-1	-1	-1	-1	-1	-1	-1	-1	-1	-1	-1	-1	-1	-1	-1
NS10506J	2	2	-1	-1	-1	-1	-1	-1	-1	-1	-1	-1	-1	-1	-1	-1	-1	-1	-1	-1	-1	-1	-1	-1	-1	-1
NS10511Y	1	-1	-1	-1	-1	-1	-1	-1	1	6	2018	1	1	-1	-1	-1	-1	-1	-1	-1	-1	-1	-1	-1	-1	-1
NS10512Z	2	2	-1	-1	-1	-1	-1	-1	-1	-1	-1	-1	-1	-1	-1	-1	-1	-1	-1	-1	-1	-1	-1	-1	-1	-1
NS10512Z	3	2	-1	-1	-1	-1	-1	-1	-1	-1	-1	-1	-1	-1	-1	-1	-1	-1	-1	-1	-1	-1	-1	-1	-1	-1
NS10513A	2	1	7	2018	2	1	1993	29	3	-1	-1	1	1	-1	-1	-1	-1	-1	-1	-1	-1	-1	-1	-1	-1	-1
NS10515C	2	1	6	2021	2	2	1996	27	3	-1	-1	1	1	-1	-1	-1	-1	-1	-1	-1	-1	-1	-1	-1	-1	-1
NS10516D	2	2	-1	-1	-1	-1	-1	-1	-1	-1	-1	-1	-1	-1	-1	-1	-1	-1	-1	-1	-1	-1	-1	-1	-1	-1
NS10522T	1	-1	-1	-1	-1	-1	-1	-1	3	-1	-1	1	1	-1	-1	-1	-1	-1	-1	-1	-1	-1	-1	-1	-1	-1
NS10524W	1	-1	-1	-1	-1	-1	-1	-1	3	-1	-1	2	-1	1	1	2	2	2	2	2	2	6	2017	-1	-1	-1
NS10524W	2	2	-1	-1	-1	-1	-1	-1	-1	-1	-1	-1	-1	-1	-1	-1	-1	-1	-1	-1	-1	-1	-1	-1	-1	-1
NS10525X	1	-1	-1	-1	-1	-1	-1	-1	1	2	2018	1	1	-1	-1	-1	-1	-1	-1	-1	-1	-1	-1	-1	-1	-1
NS10528A	1	-1	-1	-1	-1	-1	-1	-1	1	11	2019	1	1	-1	-1	-1	-1	-1	-1	-1	-1	-1	-1	-1	-1	-1
NS10530L	2	2	-1	-1	-1	-1	-1	-1	-1	-1	-1	-1	-1	-1	-1	-1	-1	-1	-1	-1	-1	-1	-1	-1	-1	-1
NS10531M	2	1	4	2018	2	8	1992	30	3	-1	-1	1	1	-1	-1	-1	-1	-1	-1	-1	-1	-1	-1	-1	-1	-1
NS10532N	1	-1	-1	-1	-1	-1	-1	-1	-1	-1	-1	1	1	-1	-1	-1	-1	-1	-1	-1	-1	-1	-1	-1	-1	-1
NS10534Q	2	1	6	2018	1	10	1986	36	1	4	2018	1	1	-1	-1	-1	-1	-1	-1	-1	-1	-1	-1	-1	-1	-1
NS10536S	2	1	6	2010	1	4	1987	35	3	-1	-1	1	1	-1	-1	-1	-1	-1	-1	-1	-1	-1	-1	-1	-1	-1
NS10537T	1	-1	-1	-1	-1	-1	-1	-1	-1	-1	-1	1	1	-1	-1	-1	-1	-1	-1	-1	-1	-1	-1	-1	-1	-1
NS10539W	2	1	1	2019	1	9	1991	31	3	-1	-1	1	1	-1	-1	-1	-1	-1	-1	-1	-1	-1	-1	-1	-1	-1
NS10542H	2	1	11	2020	1	12	1989	32	1	10	2022	1	1	-1	-1	-1	-1	-1	-1	-1	-1	-1	-1	-1	-1	-1
NS10545L	2	1	10	2018	2	2	1993	29	3	-1	-1	1	1	-1	-1	-1	-1	-1	-1	-1	-1	-1	-1	-1	-1	-1
NS10546M	1	-1	-1	-1	-1	-1	-1	-1	1	5	2016	1	1	-1	-1	-1	-1	-1	-1	-1	-1	-1	-1	-1	-1	-1
NS10551B	1	-1	-1	-1	-1	-1	-1	-1	1	9	2015	1	1	-1	-1	-1	-1	-1	-1	-1	-1	-1	-1	-1	-1	-1
NS10553D	2	1	9	2018	1	9	1986	36	1	2	2022	1	1	-1	-1	-1	-1	-1	-1	-1	-1	-1	-1	-1	-1	-1
NS10555F	1	-1	-1	-1	-1	-1	-1	-1	-1	-1	-1	1	1	-1	-1	-1	-1	-1	-1	-1	-1	-1	-1	-1	-1	-1
NS10556G	2	1	3	2019	1	6	1990	32	3	-1	-1	1	1	-1	-1	-1	-1	-1	-1	-1	-1	-1	-1	-1	-1	-1
NS10557H	2	2	-1	-1	-1	-1	-1	-1	-1	-1	-1	-1	-1	-1	-1	-1	-1	-1	-1	-1	-1	-1	-1	-1	-1	-1
NS10559K	2	1	9	2018	1	6	1984	38	1	12	2022	1	1	-1	-1	-1	-1	-1	-1	-1	-1	-1	-1	-1	-1	-1
NS10562X	2	2	-1	-1	-1	-1	-1	-1	-1	-1	-1	-1	-1	-1	-1	-1	-1	-1	-1	-1	-1	-1	-1	-1	-1	-1
NS10563Y	2	2	-1	-1	-1	-1	-1	-1	-1	-1	-1	-1	-1	-1	-1	-1	-1	-1	-1	-1	-1	-1	-1	-1	-1	-1
NS10564Z	2	2	-1	-1	-1	-1	-1	-1	-1	-1	-1	-1	-1	-1	-1	-1	-1	-1	-1	-1	-1	-1	-1	-1	-1	-1
NS10565A	2	1	3	2016	2	5	1991	31	3	-1	-1	2	-1	1	1	2	2	2	2	2	2	10	2018	-1	-1	-1
NS10565A	3	1	11	2021	2	4	1992	30	3	-1	-1	1	1	-1	-1	-1	-1	-1	-1	-1	-1	-1	-1	-1	-1	-1
NS10566B	1	-1	-1	-1	-1	-1	-1	-1	3	-1	-1	1	1	-1	-1	-1	-1	-1	-1	-1	-1	-1	-1	-1	-1	-1
NS10568D	2	1	-8	2016	2	-8	-8	24	3	-1	-1	2	-1	1	1	2	2	2	2	2	2	-8	2017	-1	-1	-1
NS10568D	3	1	-8	2017	2	5	1993	29	1	12	2020	1	1	-1	-1	-1	-1	-1	-1	-1	-1	-1	-1	-1	-1	-1
NS10570P	1	-1	-1	-1	-1	-1	-1	-1	3	-1	-1	1	1	-1	-1	-1	-1	-1	-1	-1	-1	-1	-1	-1	-1	-1
NS10571Q	2	2	-1	-1	-1	-1	-1	-1	-1	-1	-1	-1	-1	-1	-1	-1	-1	-1	-1	-1	-1	-1	-1	-1	-1	-1
NS10573S	1	-1	-1	-1	-1	-1	-1	-1	-1	-1	-1	1	1	-1	-1	-1	-1	-1	-1	-1	-1	-1	-1	-1	-1	-1
NS10575V	2	2	-1	-1	-1	-1	-1	-1	-1	-1	-1	-1	-1	-1	-1	-1	-1	-1	-1	-1	-1	-1	-1	-1	-1	-1
NS10576W	1	-1	-1	-1	-1	-1	-1	-1	1	8	2016	1	1	-1	-1	-1	-1	-1	-1	-1	-1	-1	-1	-1	-1	-1
NS10578Y	2	2	-1	-1	-1	-1	-1	-1	-1	-1	-1	-1	-1	-1	-1	-1	-1	-1	-1	-1	-1	-1	-1	-1	-1	-1
NS10580J	2	2	-1	-1	-1	-1	-1	-1	-1	-1	-1	-1	-1	-1	-1	-1	-1	-1	-1	-1	-1	-1	-1	-1	-1	-1
NS10581K	2	1	-8	-8	1	3	1983	39	3	-1	-1	2	-1	1	2	2	2	2	1	2	2	4	2020	-1	-1	-1
NS10581K	3	1	3	2021	1	2	1981	41	3	-1	-1	1	1	-1	-1	-1	-1	-1	-1	-1	-1	-1	-1	-1	-1	-1
NS10582L	2	1	9	2018	2	6	1990	32	3	-1	-1	1	1	-1	-1	-1	-1	-1	-1	-1	-1	-1	-1	-1	-1	-1
NS10584N	1	-1	-1	-1	-1	-1	-1	-1	3	-1	-1	1	1	-1	-1	-1	-1	-1	-1	-1	-1	-1	-1	-1	-1	-1
NS10586Q	2	1	4	2018	2	2	1994	29	3	-1	-1	1	1	-1	-1	-1	-1	-1	-1	-1	-1	-1	-1	-1	-1	-1
NS10587R	2	1	1	2021	1	-9	-9	33	3	-1	-1	2	-1	1	2	2	2	2	2	2	1	12	2022	-1	-1	-1
NS10587R	3	2	-1	-1	-1	-1	-1	-1	-1	-1	-1	-1	-1	-1	-1	-1	-1	-1	-1	-1	-1	-1	-1	-1	-1	-1
NS10588S	2	1	11	2017	1	10	1988	34	1	8	2021	1	1	-1	-1	-1	-1	-1	-1	-1	-1	-1	-1	-1	-1	-1
NS10591E	1	-1	-1	-1	-1	-1	-1	-1	3	-1	-1	2	-1	1	1	2	2	2	2	2	2	6	2016	-1	-1	-1
NS10591E	2	1	1	2019	2	11	1989	33	1	8	2022	1	1	-1	-1	-1	-1	-1	-1	-1	-1	-1	-1	-1	-1	-1
NS10592F	1	-1	-1	-1	-1	-1	-1	-1	3	-1	-1	1	1	-1	-1	-1	-1	-1	-1	-1	-1	-1	-1	-1	-1	-1
NS10593G	1	-1	-1	-1	-1	-1	-1	-1	1	5	2016	1	1	-1	-1	-1	-1	-1	-1	-1	-1	-1	-1	-1	-1	-1
NS10595J	2	1	8	2018	1	11	1989	32	1	8	2018	1	1	-1	-1	-1	-1	-1	-1	-1	-1	-1	-1	-1	-1	-1
NS10596K	2	1	10	2016	2	4	1990	32	1	10	2021	1	1	-1	-1	-1	-1	-1	-1	-1	-1	-1	-1	-1	-1	-1
NS10597L	2	1	8	2018	1	10	1989	33	1	7	2022	1	1	-1	-1	-1	-1	-1	-1	-1	-1	-1	-1	-1	-1	-1
NS10601F	1	-1	-1	-1	-1	-1	-1	-1	-1	-1	-1	1	1	-1	-1	-1	-1	-1	-1	-1	-1	-1	-1	-1	-1	-1
NS10602G	1	-1	-1	-1	-1	-1	-1	-1	-1	-1	-1	2	-1	1	2	2	2	2	2	1	1	2	2017	2	-1	-1
NS10602G	2	2	-1	-1	-1	-1	-1	-1	-1	-1	-1	-1	-1	-1	-1	-1	-1	-1	-1	-1	-1	-1	-1	-1	-1	-1
NS10604J	2	2	-1	-1	-1	-1	-1	-1	-1	-1	-1	-1	-1	-1	-1	-1	-1	-1	-1	-1	-1	-1	-1	-1	-1	-1
NS10606L	2	2	-1	-1	-1	-1	-1	-1	-1	-1	-1	-1	-1	-1	-1	-1	-1	-1	-1	-1	-1	-1	-1	-1	-1	-1
NS10608N	1	-1	-1	-1	-1	-1	-1	-1	1	9	2022	1	1	-1	-1	-1	-1	-1	-1	-1	-1	-1	-1	-1	-1	-1
NS10614D	2	2	-1	-1	-1	-1	-1	-1	-1	-1	-1	-1	-1	-1	-1	-1	-1	-1	-1	-1	-1	-1	-1	-1	-1	-1
NS10618H	2	1	1	2019	1	1	1985	37	3	-1	-1	1	1	-1	-1	-1	-1	-1	-1	-1	-1	-1	-1	-1	-1	-1
NS10623X	2	1	1	2022	1	12	1984	38	1	10	2021	1	1	-1	-1	-1	-1	-1	-1	-1	-1	-1	-1	-1	-1	-1
NS10627B	2	1	1	2016	1	3	1995	27	3	-1	-1	2	-1	1	1	2	2	2	2	2	2	12	2017	-1	-1	-1
NS10627B	3	1	6	2021	1	7	1984	38	3	-1	-1	1	1	-1	-1	-1	-1	-1	-1	-1	-1	-1	-1	-1	-1	-1
NS10628C	2	2	-1	-1	-1	-1	-1	-1	-1	-1	-1	-1	-1	-1	-1	-1	-1	-1	-1	-1	-1	-1	-1	-1	-1	-1
NS10630N	1	-1	-1	-1	-1	-1	-1	-1	1	6	2017	1	1	-1	-1	-1	-1	-1	-1	-1	-1	-1	-1	-1	-1	-1
NS10631P	1	-1	-1	-1	-1	-1	-1	-1	1	9	2021	1	1	-1	-1	-1	-1	-1	-1	-1	-1	-1	-1	-1	-1	-1
NS10632Q	2	2	-1	-1	-1	-1	-1	-1	-1	-1	-1	-1	-1	-1	-1	-1	-1	-1	-1	-1	-1	-1	-1	-1	-1	-1
NS10633R	1	-1	-1	-1	-1	-1	-1	-1	3	-1	-1	1	1	-1	-1	-1	-1	-1	-1	-1	-1	-1	-1	-1	-1	-1
NS10634S	2	1	12	2016	2	9	1992	30	1	12	2016	1	1	-1	-1	-1	-1	-1	-1	-1	-1	-1	-1	-1	-1	-1
NS10635T	2	1	7	2019	2	4	1993	29	1	4	2019	1	1	-1	-1	-1	-1	-1	-1	-1	-1	-1	-1	-1	-1	-1
NS10639Y	2	1	1	2007	1	8	1985	37	3	-1	-1	1	2	-1	-1	-1	-1	-1	-1	-1	-1	-9	-9	-1	-1	-1
NS10639Y	3	2	-1	-1	-1	-1	-1	-1	-1	-1	-1	-1	-1	-1	-1	-1	-1	-1	-1	-1	-1	-1	-1	-1	-1	-1
NS10640H	1	-1	-1	-1	-1	-1	-1	-1	-1	-1	-1	1	1	-1	-1	-1	-1	-1	-1	-1	-1	-1	-1	-1	-1	-1
NS10641J	2	1	4	2022	2	9	1992	29	3	-1	-1	1	1	-1	-1	-1	-1	-1	-1	-1	-1	-1	-1	-1	-1	-1
NS10642K	1	-1	-1	-1	-1	-1	-1	-1	3	-1	-1	1	1	-1	-1	-1	-1	-1	-1	-1	-1	-1	-1	-1	-1	-1
NS10644M	2	1	2	2019	1	4	1992	31	3	-1	-1	1	1	-1	-1	-1	-1	-1	-1	-1	-1	-1	-1	-1	-1	-1
NS10645N	1	-1	-1	-1	-1	-1	-1	-1	-1	-1	-1	2	-1	1	1	2	2	2	2	2	2	4	2020	1	5	2022
NS10645N	2	1	10	2022	2	6	1998	24	3	-1	-1	1	1	-1	-1	-1	-1	-1	-1	-1	-1	-1	-1	-1	-1	-1
NS10648R	1	-1	-1	-1	-1	-1	-1	-1	-1	-1	-1	1	1	-1	-1	-1	-1	-1	-1	-1	-1	-1	-1	-1	-1	-1
NS10649S	1	-1	-1	-1	-1	-1	-1	-1	3	-1	-1	1	1	-1	-1	-1	-1	-1	-1	-1	-1	-1	-1	-1	-1	-1
NS10651D	2	2	-1	-1	-1	-1	-1	-1	-1	-1	-1	-1	-1	-1	-1	-1	-1	-1	-1	-1	-1	-1	-1	-1	-1	-1
NS10653F	2	1	9	2013	2	5	1981	41	1	9	2014	1	1	-1	-1	-1	-1	-1	-1	-1	-1	-1	-1	-1	-1	-1
NS10654G	2	2	-1	-1	-1	-1	-1	-1	-1	-1	-1	-1	-1	-1	-1	-1	-1	-1	-1	-1	-1	-1	-1	-1	-1	-1
NS10655H	1	-1	-1	-1	-1	-1	-1	-1	1	9	2019	1	1	-1	-1	-1	-1	-1	-1	-1	-1	-1	-1	-1	-1	-1
NS10657K	2	1	8	2020	1	6	1991	31	1	4	2021	1	1	-1	-1	-1	-1	-1	-1	-1	-1	-1	-1	-1	-1	-1
NS10659M	2	1	11	2021	2	4	1982	40	2	11	2021	1	1	-1	-1	-1	-1	-1	-1	-1	-1	-1	-1	-1	-1	-1
NS10661Y	2	2	-1	-1	-1	-1	-1	-1	-1	-1	-1	-1	-1	-1	-1	-1	-1	-1	-1	-1	-1	-1	-1	-1	-1	-1
NS10663A	1	-1	-1	-1	-1	-1	-1	-1	3	-1	-1	1	1	-1	-1	-1	-1	-1	-1	-1	-1	-1	-1	-1	-1	-1
NS10664B	2	1	8	2016	1	6	1987	35	1	8	2016	1	1	-1	-1	-1	-1	-1	-1	-1	-1	-1	-1	-1	-1	-1
NS10667E	2	1	7	2016	1	5	1985	37	1	7	2016	1	1	-1	-1	-1	-1	-1	-1	-1	-1	-1	-1	-1	-1	-1
NS10669G	2	1	8	2017	1	7	1983	38	2	6	2013	1	1	-1	-1	-1	-1	-1	-1	-1	-1	-1	-1	-1	-1	-1
NS10671S	2	1	6	2019	1	7	1968	54	3	-1	-1	1	1	-1	-1	-1	-1	-1	-1	-1	-1	-1	-1	-1	-1	-1
NS10672T	2	1	9	2018	1	1	1987	35	3	-1	-1	1	1	-1	-1	-1	-1	-1	-1	-1	-1	-1	-1	-1	-1	-1
NS10676Y	1	-1	-1	-1	-1	-1	-1	-1	1	7	2017	1	1	-1	-1	-1	-1	-1	-1	-1	-1	-1	-1	-1	-1	-1
NS10677Z	2	1	-8	2012	2	-9	-9	-9	3	-1	-1	1	1	-1	-1	-1	-1	-1	-1	-1	-1	-1	-1	-1	-1	-1
NS10680L	2	1	9	2018	2	7	1994	28	3	-1	-1	1	1	-1	-1	-1	-1	-1	-1	-1	-1	-1	-1	-1	-1	-1
NS10684Q	2	2	-1	-1	-1	-1	-1	-1	-1	-1	-1	-1	-1	-1	-1	-1	-1	-1	-1	-1	-1	-1	-1	-1	-1	-1
NS10685R	2	2	-1	-1	-1	-1	-1	-1	-1	-1	-1	-1	-1	-1	-1	-1	-1	-1	-1	-1	-1	-1	-1	-1	-1	-1
NS10686S	2	1	1	2017	2	3	1988	34	1	11	2019	1	1	-1	-1	-1	-1	-1	-1	-1	-1	-1	-1	-1	-1	-1
NS10689W	1	-1	-1	-1	-1	-1	-1	-1	-1	-1	-1	2	-1	1	1	1	2	1	1	2	2	12	2018	1	12	2019
NS10689W	2	1	12	2019	1	2	1980	42	1	7	2022	1	1	-1	-1	-1	-1	-1	-1	-1	-1	-1	-1	-1	-1	-1
NS10697N	2	1	2	2016	1	7	1988	33	1	10	2020	1	1	-1	-1	-1	-1	-1	-1	-1	-1	-1	-1	-1	-1	-1
NS10699Q	2	1	-8	2019	1	-8	-8	31	1	3	2020	1	1	-1	-1	-1	-1	-1	-1	-1	-1	-1	-1	-1	-1	-1
NS10702J	2	2	-1	-1	-1	-1	-1	-1	-1	-1	-1	-1	-1	-1	-1	-1	-1	-1	-1	-1	-1	-1	-1	-1	-1	-1
NS10704L	2	2	-1	-1	-1	-1	-1	-1	-1	-1	-1	-1	-1	-1	-1	-1	-1	-1	-1	-1	-1	-1	-1	-1	-1	-1
NS10709R	2	2	-1	-1	-1	-1	-1	-1	-1	-1	-1	-1	-1	-1	-1	-1	-1	-1	-1	-1	-1	-1	-1	-1	-1	-1
NS10710B	2	2	-1	-1	-1	-1	-1	-1	-1	-1	-1	-1	-1	-1	-1	-1	-1	-1	-1	-1	-1	-1	-1	-1	-1	-1
NS10711C	1	-1	-1	-1	-1	-1	-1	-1	3	-1	-1	1	1	-1	-1	-1	-1	-1	-1	-1	-1	-1	-1	-1	-1	-1
NS10712D	2	1	2	2020	1	1	1988	35	1	10	2019	1	1	-1	-1	-1	-1	-1	-1	-1	-1	-1	-1	-1	-1	-1
NS10714F	2	2	-1	-1	-1	-1	-1	-1	-1	-1	-1	-1	-1	-1	-1	-1	-1	-1	-1	-1	-1	-1	-1	-1	-1	-1
NS10719L	2	1	4	2017	2	9	1991	31	3	-1	-1	1	1	-1	-1	-1	-1	-1	-1	-1	-1	-1	-1	-1	-1	-1
NS10720W	2	2	-1	-1	-1	-1	-1	-1	-1	-1	-1	-1	-1	-1	-1	-1	-1	-1	-1	-1	-1	-1	-1	-1	-1	-1
NS10727D	2	1	3	2010	1	8	1961	60	1	6	2016	1	1	-1	-1	-1	-1	-1	-1	-1	-1	-1	-1	-1	-1	-1
NS10728E	2	1	2	2016	1	12	1992	30	3	-1	-1	1	1	-1	-1	-1	-1	-1	-1	-1	-1	-1	-1	-1	-1	-1
NS10729F	2	2	-1	-1	-1	-1	-1	-1	-1	-1	-1	-1	-1	-1	-1	-1	-1	-1	-1	-1	-1	-1	-1	-1	-1	-1
NS10732S	1	-1	-1	-1	-1	-1	-1	-1	-1	-1	-1	1	1	-1	-1	-1	-1	-1	-1	-1	-1	-1	-1	-1	-1	-1
NS10734V	2	2	-1	-1	-1	-1	-1	-1	-1	-1	-1	-1	-1	-1	-1	-1	-1	-1	-1	-1	-1	-1	-1	-1	-1	-1
NS10735W	2	1	7	2018	1	7	1988	33	1	7	2018	2	-1	1	1	1	2	2	2	2	2	11	2020	1	6	2021
NS10735W	3	2	-1	-1	-1	-1	-1	-1	-1	-1	-1	-1	-1	-1	-1	-1	-1	-1	-1	-1	-1	-1	-1	-1	-1	-1
NS10741L	2	1	6	2016	2	12	1990	31	1	12	2021	1	1	-1	-1	-1	-1	-1	-1	-1	-1	-1	-1	-1	-1	-1
NS10746R	2	1	7	2016	1	9	1986	36	3	-1	-1	1	1	-1	-1	-1	-1	-1	-1	-1	-1	-1	-1	-1	-1	-1
NS10747S	1	-1	-1	-1	-1	-1	-1	-1	1	8	2019	1	1	-1	-1	-1	-1	-1	-1	-1	-1	-1	-1	-1	-1	-1
NS10750E	1	-1	-1	-1	-1	-1	-1	-1	-1	-1	-1	1	1	-1	-1	-1	-1	-1	-1	-1	-1	-1	-1	-1	-1	-1
NS10752G	1	-1	-1	-1	-1	-1	-1	-1	-1	-1	-1	1	1	-1	-1	-1	-1	-1	-1	-1	-1	-1	-1	-1	-1	-1
NS10753H	2	1	2	2022	1	8	1991	31	1	2	2022	1	1	-1	-1	-1	-1	-1	-1	-1	-1	-1	-1	-1	-1	-1
NS10757M	1	-1	-1	-1	-1	-1	-1	-1	-1	-1	-1	1	1	-1	-1	-1	-1	-1	-1	-1	-1	-1	-1	-1	-1	-1
NS10763C	2	1	8	2016	1	4	1991	31	1	5	2021	1	1	-1	-1	-1	-1	-1	-1	-1	-1	-1	-1	-1	-1	-1
NS10768H	2	1	3	2016	2	9	1992	30	1	10	2019	1	1	-1	-1	-1	-1	-1	-1	-1	-1	-1	-1	-1	-1	-1
NS10769J	1	-1	-1	-1	-1	-1	-1	-1	3	-1	-1	2	-1	1	1	2	2	1	2	2	2	9	2017	-1	-1	-1
NS10769J	2	1	5	2018	1	11	1988	33	3	-1	-1	1	1	-1	-1	-1	-1	-1	-1	-1	-1	-1	-1	-1	-1	-1
NS10771V	1	-1	-1	-1	-1	-1	-1	-1	3	-1	-1	1	1	-1	-1	-1	-1	-1	-1	-1	-1	-1	-1	-1	-1	-1
NS10772W	2	2	-1	-1	-1	-1	-1	-1	-1	-1	-1	-1	-1	-1	-1	-1	-1	-1	-1	-1	-1	-1	-1	-1	-1	-1
NS10775Z	2	2	-1	-1	-1	-1	-1	-1	-1	-1	-1	-1	-1	-1	-1	-1	-1	-1	-1	-1	-1	-1	-1	-1	-1	-1
NS10780N	1	-1	-1	-1	-1	-1	-1	-1	1	8	2018	2	-1	1	1	2	2	2	2	2	2	7	2019	1	2	2020
NS10780N	2	1	5	2020	2	5	1989	32	3	-1	-1	1	1	-1	-1	-1	-1	-1	-1	-1	-1	-1	-1	-1	-1	-1
NS10781P	2	1	9	2020	2	-9	-9	32	3	-1	-1	1	1	-1	-1	-1	-1	-1	-1	-1	-1	-1	-1	-1	-1	-1
NS10783R	1	-1	-1	-1	-1	-1	-1	-1	-1	-1	-1	1	1	-1	-1	-1	-1	-1	-1	-1	-1	-1	-1	-1	-1	-1
NS10784S	2	1	4	2019	2	4	1988	34	3	-1	-1	1	1	-1	-1	-1	-1	-1	-1	-1	-1	-1	-1	-1	-1	-1
NS10785T	2	1	4	2016	1	1	1986	36	1	8	2018	1	1	-1	-1	-1	-1	-1	-1	-1	-1	-1	-1	-1	-1	-1
NS10786V	1	-1	-1	-1	-1	-1	-1	-1	-1	-1	-1	1	2	-1	-1	-1	-1	-1	-1	-1	-1	1	2016	2	-1	-1
NS10786V	2	2	-1	-1	-1	-1	-1	-1	-1	-1	-1	-1	-1	-1	-1	-1	-1	-1	-1	-1	-1	-1	-1	-1	-1	-1
NS10787W	2	2	-1	-1	-1	-1	-1	-1	-1	-1	-1	-1	-1	-1	-1	-1	-1	-1	-1	-1	-1	-1	-1	-1	-1	-1
NS10788X	2	2	-1	-1	-1	-1	-1	-1	-1	-1	-1	-1	-1	-1	-1	-1	-1	-1	-1	-1	-1	-1	-1	-1	-1	-1
NS10790H	1	-1	-1	-1	-1	-1	-1	-1	1	6	2022	1	1	-1	-1	-1	-1	-1	-1	-1	-1	-1	-1	-1	-1	-1
NS10791J	2	2	-1	-1	-1	-1	-1	-1	-1	-1	-1	-1	-1	-1	-1	-1	-1	-1	-1	-1	-1	-1	-1	-1	-1	-1
NS10792K	1	-1	-1	-1	-1	-1	-1	-1	-1	-1	-1	1	1	-1	-1	-1	-1	-1	-1	-1	-1	-1	-1	-1	-1	-1
NS10794M	2	2	-1	-1	-1	-1	-1	-1	-1	-1	-1	-1	-1	-1	-1	-1	-1	-1	-1	-1	-1	-1	-1	-1	-1	-1
NS10795N	2	2	-1	-1	-1	-1	-1	-1	-1	-1	-1	-1	-1	-1	-1	-1	-1	-1	-1	-1	-1	-1	-1	-1	-1	-1
NS10796P	2	1	1	2010	1	7	1990	33	1	1	2010	1	1	-1	-1	-1	-1	-1	-1	-1	-1	-1	-1	-1	-1	-1
NS10798R	2	1	9	2018	1	2	1991	31	3	-1	-1	2	-1	1	1	2	2	2	2	2	2	5	2021	-1	-1	-1
NS10798R	3	2	-1	-1	-1	-1	-1	-1	-1	-1	-1	-1	-1	-1	-1	-1	-1	-1	-1	-1	-1	-1	-1	-1	-1	-1
NS10800J	2	1	7	2016	1	2	1988	35	3	-1	-1	1	1	-1	-1	-1	-1	-1	-1	-1	-1	-1	-1	-1	-1	-1
NS10801K	1	-1	-1	-1	-1	-1	-1	-1	1	7	2021	1	1	-1	-1	-1	-1	-1	-1	-1	-1	-1	-1	-1	-1	-1
NS10802L	2	2	-1	-1	-1	-1	-1	-1	-1	-1	-1	-1	-1	-1	-1	-1	-1	-1	-1	-1	-1	-1	-1	-1	-1	-1
NS10803M	1	-1	-1	-1	-1	-1	-1	-1	1	2	2020	1	1	-1	-1	-1	-1	-1	-1	-1	-1	-1	-1	-1	-1	-1
NS10805P	2	1	9	2013	2	9	1990	32	3	-1	-1	2	-1	1	1	2	2	2	2	2	2	7	2016	-1	-1	-1
NS10805P	3	2	-1	-1	-1	-1	-1	-1	-1	-1	-1	-1	-1	-1	-1	-1	-1	-1	-1	-1	-1	-1	-1	-1	-1	-1
NS10806Q	1	-1	-1	-1	-1	-1	-1	-1	-1	-1	-1	2	-1	1	1	2	2	2	2	2	2	3	2018	1	12	2018
NS10806Q	2	2	-1	-1	-1	-1	-1	-1	-1	-1	-1	-1	-1	-1	-1	-1	-1	-1	-1	-1	-1	-1	-1	-1	-1	-1
NS10809T	2	1	3	2016	2	5	1993	30	3	-1	-1	1	1	-1	-1	-1	-1	-1	-1	-1	-1	-1	-1	-1	-1	-1
NS10811E	2	2	-1	-1	-1	-1	-1	-1	-1	-1	-1	-1	-1	-1	-1	-1	-1	-1	-1	-1	-1	-1	-1	-1	-1	-1
NS10813G	1	-1	-1	-1	-1	-1	-1	-1	3	-1	-1	2	-1	1	1	2	2	2	2	2	2	9	2021	-1	-1	-1
NS10813G	2	2	-1	-1	-1	-1	-1	-1	-1	-1	-1	-1	-1	-1	-1	-1	-1	-1	-1	-1	-1	-1	-1	-1	-1	-1
NS10816K	2	1	11	2017	2	1	1996	26	1	9	2021	1	1	-1	-1	-1	-1	-1	-1	-1	-1	-1	-1	-1	-1	-1
NS10818M	2	1	12	2021	2	4	1995	27	3	-1	-1	1	1	-1	-1	-1	-1	-1	-1	-1	-1	-1	-1	-1	-1	-1
NS10820Y	1	-1	-1	-1	-1	-1	-1	-1	1	5	2022	1	1	-1	-1	-1	-1	-1	-1	-1	-1	-1	-1	-1	-1	-1
NS10825D	1	-1	-1	-1	-1	-1	-1	-1	3	-1	-1	2	-1	1	1	2	2	2	2	2	2	1	2018	-1	-1	-1
NS10825D	2	1	12	2020	2	5	1988	34	2	11	2020	1	1	-1	-1	-1	-1	-1	-1	-1	-1	-1	-1	-1	-1	-1
NS10826E	1	-1	-1	-1	-1	-1	-1	-1	1	1	2022	1	1	-1	-1	-1	-1	-1	-1	-1	-1	-1	-1	-1	-1	-1
NS10827F	2	1	-8	2018	1	1	1987	35	3	-1	-1	1	1	-1	-1	-1	-1	-1	-1	-1	-1	-1	-1	-1	-1	-1
NS10828G	2	1	5	2021	2	5	1994	29	3	-1	-1	2	-1	1	1	2	2	2	2	2	2	4	2022	-1	-1	-1
NS10828G	3	2	-1	-1	-1	-1	-1	-1	-1	-1	-1	-1	-1	-1	-1	-1	-1	-1	-1	-1	-1	-1	-1	-1	-1	-1
NS10829H	1	-1	-1	-1	-1	-1	-1	-1	1	7	2016	2	-1	1	1	1	2	1	2	2	2	5	2018	1	4	2019
NS10829H	2	1	11	2018	1	11	1980	42	3	-1	-1	1	1	-1	-1	-1	-1	-1	-1	-1	-1	-1	-1	-1	-1	-1
NS10830S	2	1	12	2021	1	6	1985	36	3	-1	-1	1	1	-1	-1	-1	-1	-1	-1	-1	-1	-1	-1	-1	-1	-1
NS10832V	1	-1	-1	-1	-1	-1	-1	-1	1	7	2016	1	1	-1	-1	-1	-1	-1	-1	-1	-1	-1	-1	-1	-1	-1
NS10833W	2	2	-1	-1	-1	-1	-1	-1	-1	-1	-1	-1	-1	-1	-1	-1	-1	-1	-1	-1	-1	-1	-1	-1	-1	-1
NS10835Y	2	2	-1	-1	-1	-1	-1	-1	-1	-1	-1	-1	-1	-1	-1	-1	-1	-1	-1	-1	-1	-1	-1	-1	-1	-1
NS10837A	2	1	9	2016	1	11	1989	32	3	-1	-1	1	1	-1	-1	-1	-1	-1	-1	-1	-1	-1	-1	-1	-1	-1
NS10839C	2	2	-1	-1	-1	-1	-1	-1	-1	-1	-1	-1	-1	-1	-1	-1	-1	-1	-1	-1	-1	-1	-1	-1	-1	-1
NS10841N	1	-1	-1	-1	-1	-1	-1	-1	3	-1	-1	1	1	-1	-1	-1	-1	-1	-1	-1	-1	-1	-1	-1	-1	-1
NS10842P	2	2	-1	-1	-1	-1	-1	-1	-1	-1	-1	-1	-1	-1	-1	-1	-1	-1	-1	-1	-1	-1	-1	-1	-1	-1
NS10844R	2	2	-1	-1	-1	-1	-1	-1	-1	-1	-1	-1	-1	-1	-1	-1	-1	-1	-1	-1	-1	-1	-1	-1	-1	-1
NS10845S	2	1	10	2016	1	4	1990	32	1	5	2021	1	1	-1	-1	-1	-1	-1	-1	-1	-1	-1	-1	-1	-1	-1
NS10846T	2	1	7	2016	1	8	1987	35	3	-1	-1	1	1	-1	-1	-1	-1	-1	-1	-1	-1	-1	-1	-1	-1	-1
NS10847V	1	-1	-1	-1	-1	-1	-1	-1	-1	-1	-1	1	1	-1	-1	-1	-1	-1	-1	-1	-1	-1	-1	-1	-1	-1
NS10852J	2	1	9	2021	2	7	1990	32	3	-1	-1	1	1	-1	-1	-1	-1	-1	-1	-1	-1	-1	-1	-1	-1	-1
NS10859R	1	-1	-1	-1	-1	-1	-1	-1	3	-1	-1	2	-1	1	1	2	2	2	2	2	2	6	2019	-1	-1	-1
NS10859R	2	2	-1	-1	-1	-1	-1	-1	-1	-1	-1	-1	-1	-1	-1	-1	-1	-1	-1	-1	-1	-1	-1	-1	-1	-1
NS10861C	2	1	6	2020	1	8	1987	35	1	1	2020	1	1	-1	-1	-1	-1	-1	-1	-1	-1	-1	-1	-1	-1	-1
NS10862D	1	-1	-1	-1	-1	-1	-1	-1	-1	-1	-1	1	1	-1	-1	-1	-1	-1	-1	-1	-1	-1	-1	-1	-1	-1
NS10864F	2	2	-1	-1	-1	-1	-1	-1	-1	-1	-1	-1	-1	-1	-1	-1	-1	-1	-1	-1	-1	-1	-1	-1	-1	-1
NS10869L	2	1	2	2018	2	2	1999	23	1	2	2018	1	1	-1	-1	-1	-1	-1	-1	-1	-1	-1	-1	-1	-1	-1
NS10871X	2	2	-1	-1	-1	-1	-1	-1	-1	-1	-1	-1	-1	-1	-1	-1	-1	-1	-1	-1	-1	-1	-1	-1	-1	-1
NS10872Y	2	1	7	2014	2	1	1991	31	3	-1	-1	1	1	-1	-1	-1	-1	-1	-1	-1	-1	-1	-1	-1	-1	-1
NS10873Z	1	-1	-1	-1	-1	-1	-1	-1	-1	-1	-1	2	-1	1	1	2	2	2	2	2	2	10	2020	1	10	2021
NS10873Z	2	2	-1	-1	-1	-1	-1	-1	-1	-1	-1	-1	-1	-1	-1	-1	-1	-1	-1	-1	-1	-1	-1	-1	-1	-1
NS10875B	2	1	9	2018	1	1	1990	33	1	5	2019	1	1	-1	-1	-1	-1	-1	-1	-1	-1	-1	-1	-1	-1	-1
NS10876C	2	1	-8	2022	1	9	1989	33	3	-1	-1	2	-1	1	2	1	2	2	2	2	2	-8	2022	-1	-1	-1
NS10876C	3	2	-1	-1	-1	-1	-1	-1	-1	-1	-1	-1	-1	-1	-1	-1	-1	-1	-1	-1	-1	-1	-1	-1	-1	-1
NS10880Q	2	1	8	2020	2	9	1981	41	1	9	2022	1	1	-1	-1	-1	-1	-1	-1	-1	-1	-1	-1	-1	-1	-1
NS10881R	2	1	4	2019	1	10	1994	28	1	8	2019	1	1	-1	-1	-1	-1	-1	-1	-1	-1	-1	-1	-1	-1	-1
NS10884V	2	1	1	2017	2	2	1993	30	1	8	2021	1	1	-1	-1	-1	-1	-1	-1	-1	-1	-1	-1	-1	-1	-1
NS10885W	2	1	12	2016	2	2	1993	29	1	6	2019	1	1	-1	-1	-1	-1	-1	-1	-1	-1	-1	-1	-1	-1	-1
NS10886X	1	-1	-1	-1	-1	-1	-1	-1	1	6	2016	1	1	-1	-1	-1	-1	-1	-1	-1	-1	-1	-1	-1	-1	-1
NS10893N	2	1	8	2022	1	-9	-9	27	3	-1	-1	1	1	-1	-1	-1	-1	-1	-1	-1	-1	-1	-1	-1	-1	-1
NS10895Q	2	1	-8	2018	2	-8	-8	31	3	-1	-1	2	-1	1	1	2	2	2	2	2	2	-8	2020	-1	-1	-1
NS10895Q	3	2	-1	-1	-1	-1	-1	-1	-1	-1	-1	-1	-1	-1	-1	-1	-1	-1	-1	-1	-1	-1	-1	-1	-1	-1
NS10896R	1	-1	-1	-1	-1	-1	-1	-1	3	-1	-1	1	1	-1	-1	-1	-1	-1	-1	-1	-1	-1	-1	-1	-1	-1
NS10898T	2	1	11	2015	2	7	1989	33	1	6	2019	1	1	-1	-1	-1	-1	-1	-1	-1	-1	-1	-1	-1	-1	-1
NS10901M	2	2	-1	-1	-1	-1	-1	-1	-1	-1	-1	-1	-1	-1	-1	-1	-1	-1	-1	-1	-1	-1	-1	-1	-1	-1
NS10902N	2	2	-1	-1	-1	-1	-1	-1	-1	-1	-1	-1	-1	-1	-1	-1	-1	-1	-1	-1	-1	-1	-1	-1	-1	-1
NS10904Q	2	1	1	2020	1	7	1983	38	3	-1	-1	1	1	-1	-1	-1	-1	-1	-1	-1	-1	-1	-1	-1	-1	-1
NS10908V	2	2	-1	-1	-1	-1	-1	-1	-1	-1	-1	-1	-1	-1	-1	-1	-1	-1	-1	-1	-1	-1	-1	-1	-1	-1
NS10909W	2	1	2	2018	1	8	1978	44	3	-1	-1	1	1	-1	-1	-1	-1	-1	-1	-1	-1	-1	-1	-1	-1	-1
NS10911G	2	1	9	2016	2	5	1992	31	1	9	2019	1	1	-1	-1	-1	-1	-1	-1	-1	-1	-1	-1	-1	-1	-1
NS10912H	1	-1	-1	-1	-1	-1	-1	-1	3	-1	-1	1	1	-1	-1	-1	-1	-1	-1	-1	-1	-1	-1	-1	-1	-1
NS10922C	2	1	10	2012	1	-8	-8	35	3	-1	-1	2	-1	1	1	2	2	2	2	2	2	-8	2014	-1	-1	-1
NS10922C	3	1	4	2021	2	4	1985	37	3	-1	-1	1	1	-1	-1	-1	-1	-1	-1	-1	-1	-1	-1	-1	-1	-1
NS10925F	2	2	-1	-1	-1	-1	-1	-1	-1	-1	-1	-1	-1	-1	-1	-1	-1	-1	-1	-1	-1	-1	-1	-1	-1	-1
NS10926G	2	1	6	2021	2	7	1995	27	3	-1	-1	2	-1	1	1	2	2	2	2	2	2	12	2021	-1	-1	-1
NS10926G	3	2	-1	-1	-1	-1	-1	-1	-1	-1	-1	-1	-1	-1	-1	-1	-1	-1	-1	-1	-1	-1	-1	-1	-1	-1
NS10927H	2	1	6	2018	1	12	1988	34	1	6	2018	1	1	-1	-1	-1	-1	-1	-1	-1	-1	-1	-1	-1	-1	-1
NS10942R	1	-1	-1	-1	-1	-1	-1	-1	-1	-1	-1	1	1	-1	-1	-1	-1	-1	-1	-1	-1	-1	-1	-1	-1	-1
NS10947X	2	1	7	2018	1	6	1993	29	3	-1	-1	1	1	-1	-1	-1	-1	-1	-1	-1	-1	-1	-1	-1	-1	-1
NS10950J	2	2	-1	-1	-1	-1	-1	-1	-1	-1	-1	-1	-1	-1	-1	-1	-1	-1	-1	-1	-1	-1	-1	-1	-1	-1
NS10952L	2	2	-1	-1	-1	-1	-1	-1	-1	-1	-1	-1	-1	-1	-1	-1	-1	-1	-1	-1	-1	-1	-1	-1	-1	-1
NS10953M	1	-1	-1	-1	-1	-1	-1	-1	3	-1	-1	1	1	-1	-1	-1	-1	-1	-1	-1	-1	-1	-1	-1	-1	-1
NS10954N	1	-1	-1	-1	-1	-1	-1	-1	1	9	2018	1	1	-1	-1	-1	-1	-1	-1	-1	-1	-1	-1	-1	-1	-1
NS10955P	2	2	-1	-1	-1	-1	-1	-1	-1	-1	-1	-1	-1	-1	-1	-1	-1	-1	-1	-1	-1	-1	-1	-1	-1	-1
NS10956Q	1	-1	-1	-1	-1	-1	-1	-1	1	4	2019	1	1	-1	-1	-1	-1	-1	-1	-1	-1	-1	-1	-1	-1	-1
NS10957R	1	-1	-1	-1	-1	-1	-1	-1	1	10	2016	1	1	-1	-1	-1	-1	-1	-1	-1	-1	-1	-1	-1	-1	-1
NS10958S	2	2	-1	-1	-1	-1	-1	-1	-1	-1	-1	-1	-1	-1	-1	-1	-1	-1	-1	-1	-1	-1	-1	-1	-1	-1
NS10959T	2	1	10	2006	1	5	1987	35	1	7	2012	1	1	-1	-1	-1	-1	-1	-1	-1	-1	-1	-1	-1	-1	-1
NS10961E	2	1	12	2013	-9	11	1990	31	2	9	2013	1	1	-1	-1	-1	-1	-1	-1	-1	-1	-1	-1	-1	-1	-1
NS10962F	2	2	-1	-1	-1	-1	-1	-1	-1	-1	-1	-1	-1	-1	-1	-1	-1	-1	-1	-1	-1	-1	-1	-1	-1	-1
NS10963G	1	-1	-1	-1	-1	-1	-1	-1	1	7	2018	1	1	-1	-1	-1	-1	-1	-1	-1	-1	-1	-1	-1	-1	-1
NS10964H	2	2	-1	-1	-1	-1	-1	-1	-1	-1	-1	-1	-1	-1	-1	-1	-1	-1	-1	-1	-1	-1	-1	-1	-1	-1
NS10968M	2	1	8	2019	1	10	1988	34	1	4	2019	1	1	-1	-1	-1	-1	-1	-1	-1	-1	-1	-1	-1	-1	-1
NS10970Y	1	-1	-1	-1	-1	-1	-1	-1	3	-1	-1	2	-1	1	1	2	2	2	2	2	2	6	2021	-1	-1	-1
NS10970Y	2	2	-1	-1	-1	-1	-1	-1	-1	-1	-1	-1	-1	-1	-1	-1	-1	-1	-1	-1	-1	-1	-1	-1	-1	-1
NS10972A	2	1	8	2016	1	12	1988	34	1	8	2017	1	1	-1	-1	-1	-1	-1	-1	-1	-1	-1	-1	-1	-1	-1
NS10973B	1	-1	-1	-1	-1	-1	-1	-1	3	-1	-1	2	-1	1	1	2	2	2	2	2	2	3	2018	-1	-1	-1
NS10973B	2	2	-1	-1	-1	-1	-1	-1	-1	-1	-1	-1	-1	-1	-1	-1	-1	-1	-1	-1	-1	-1	-1	-1	-1	-1
NS10974C	2	1	8	2017	1	3	1987	36	1	8	2020	1	1	-1	-1	-1	-1	-1	-1	-1	-1	-1	-1	-1	-1	-1
NS10975D	1	-1	-1	-1	-1	-1	-1	-1	3	-1	-1	2	-1	1	1	2	2	2	1	2	2	1	2016	-1	-1	-1
NS10975D	2	1	5	2016	2	5	1992	29	3	-1	-1	1	1	-1	-1	-1	-1	-1	-1	-1	-1	-1	-1	-1	-1	-1
NS10976E	2	1	7	2016	1	2	1993	30	3	5	2023	1	1	-1	-1	-1	-1	-1	-1	-1	-1	-1	-1	-1	-1	-1
NS10982V	2	1	9	2011	1	6	-8	-8	3	-1	-1	2	-1	1	1	2	2	2	2	2	2	10	2013	-1	-1	-1
NS10982V	3	2	-1	-1	-1	-1	-1	-1	-1	-1	-1	-1	-1	-1	-1	-1	-1	-1	-1	-1	-1	-1	-1	-1	-1	-1
NS10983W	2	1	12	2010	2	3	1988	34	3	-1	-1	1	1	-1	-1	-1	-1	-1	-1	-1	-1	-1	-1	-1	-1	-1
NS10984X	1	-1	-1	-1	-1	-1	-1	-1	-1	-1	-1	1	1	-1	-1	-1	-1	-1	-1	-1	-1	-1	-1	-1	-1	-1
NS10985Y	2	2	-1	-1	-1	-1	-1	-1	-1	-1	-1	-1	-1	-1	-1	-1	-1	-1	-1	-1	-1	-1	-1	-1	-1	-1
NS10986Z	2	1	2	2019	2	2	1991	31	1	7	2022	1	1	-1	-1	-1	-1	-1	-1	-1	-1	-1	-1	-1	-1	-1
NS10988B	2	1	4	2017	1	-9	-9	-9	1	8	2017	1	1	-1	-1	-1	-1	-1	-1	-1	-1	-1	-1	-1	-1	-1
NS10989C	1	-1	-1	-1	-1	-1	-1	-1	3	-1	-1	1	1	-1	-1	-1	-1	-1	-1	-1	-1	-1	-1	-1	-1	-1
NS10990M	1	-1	-1	-1	-1	-1	-1	-1	3	-1	-1	2	-1	1	1	2	2	2	2	2	2	1	2022	-1	-1	-1
NS10990M	2	2	-1	-1	-1	-1	-1	-1	-1	-1	-1	-1	-1	-1	-1	-1	-1	-1	-1	-1	-1	-1	-1	-1	-1	-1
NS10991N	2	2	-1	-1	-1	-1	-1	-1	-1	-1	-1	-1	-1	-1	-1	-1	-1	-1	-1	-1	-1	-1	-1	-1	-1	-1
NS10996T	2	2	-1	-1	-1	-1	-1	-1	-1	-1	-1	-1	-1	-1	-1	-1	-1	-1	-1	-1	-1	-1	-1	-1	-1	-1
NS11002P	1	-1	-1	-1	-1	-1	-1	-1	1	9	2021	1	1	-1	-1	-1	-1	-1	-1	-1	-1	-1	-1	-1	-1	-1
NS11003Q	1	-1	-1	-1	-1	-1	-1	-1	3	-1	-1	1	1	-1	-1	-1	-1	-1	-1	-1	-1	-1	-1	-1	-1	-1
NS11006T	1	-1	-1	-1	-1	-1	-1	-1	1	4	2017	1	1	-1	-1	-1	-1	-1	-1	-1	-1	-1	-1	-1	-1	-1
NS11011H	2	1	10	2016	2	5	1992	30	1	8	2021	1	1	-1	-1	-1	-1	-1	-1	-1	-1	-1	-1	-1	-1	-1
NS11013K	2	1	7	2018	1	7	1989	33	1	7	2018	1	1	-1	-1	-1	-1	-1	-1	-1	-1	-1	-1	-1	-1	-1
NS11014L	1	-1	-1	-1	-1	-1	-1	-1	1	5	2016	1	1	-1	-1	-1	-1	-1	-1	-1	-1	-1	-1	-1	-1	-1
NS11019R	1	-1	-1	-1	-1	-1	-1	-1	-1	-1	-1	1	1	-1	-1	-1	-1	-1	-1	-1	-1	-1	-1	-1	-1	-1
NS11020B	2	1	2	2018	1	1	1988	34	3	-1	-1	1	1	-1	-1	-1	-1	-1	-1	-1	-1	-1	-1	-1	-1	-1
NS11022D	1	-1	-1	-1	-1	-1	-1	-1	3	-1	-1	2	-1	1	1	2	1	1	2	2	2	9	2019	-1	-1	-1
NS11022D	2	2	-1	-1	-1	-1	-1	-1	-1	-1	-1	-1	-1	-1	-1	-1	-1	-1	-1	-1	-1	-1	-1	-1	-1	-1
NS11023E	2	1	12	2015	1	9	1984	38	3	-1	-1	1	1	-1	-1	-1	-1	-1	-1	-1	-1	-1	-1	-1	-1	-1
NS11026H	2	2	-1	-1	-1	-1	-1	-1	-1	-1	-1	-1	-1	-1	-1	-1	-1	-1	-1	-1	-1	-1	-1	-1	-1	-1
NS11031X	2	1	8	2017	2	10	1987	34	3	-1	-1	1	1	-1	-1	-1	-1	-1	-1	-1	-1	-1	-1	-1	-1	-1
NS11035B	2	1	9	2011	1	2	1992	30	3	-1	-1	2	-1	1	1	2	2	2	2	2	2	9	2012	-1	-1	-1
NS11035B	3	1	7	2017	1	1	1992	31	3	-1	-1	2	-1	1	1	1	1	2	2	1	2	11	2017	-1	-1	-1
NS11035B	4	2	-1	-1	-1	-1	-1	-1	-1	-1	-1	-1	-1	-1	-1	-1	-1	-1	-1	-1	-1	-1	-1	-1	-1	-1
NS11038E	2	1	11	2020	-9	3	1991	32	3	-1	-1	1	1	-1	-1	-1	-1	-1	-1	-1	-1	-1	-1	-1	-1	-1
NS11039F	1	-1	-1	-1	-1	-1	-1	-1	-1	-1	-1	1	1	-1	-1	-1	-1	-1	-1	-1	-1	-1	-1	-1	-1	-1
NS11041R	2	1	11	2017	2	11	1986	36	1	9	2018	1	1	-1	-1	-1	-1	-1	-1	-1	-1	-1	-1	-1	-1	-1
NS11045W	2	2	-1	-1	-1	-1	-1	-1	-1	-1	-1	-1	-1	-1	-1	-1	-1	-1	-1	-1	-1	-1	-1	-1	-1	-1
NS11046X	2	2	-1	-1	-1	-1	-1	-1	-1	-1	-1	-1	-1	-1	-1	-1	-1	-1	-1	-1	-1	-1	-1	-1	-1	-1
NS11049A	2	1	4	2016	2	12	1990	31	1	10	2018	1	1	-1	-1	-1	-1	-1	-1	-1	-1	-1	-1	-1	-1	-1
NS11055Q	1	-1	-1	-1	-1	-1	-1	-1	-1	-1	-1	2	-1	1	1	2	2	2	2	2	2	10	2019	2	10	2019
NS11055Q	2	2	-1	-1	-1	-1	-1	-1	-1	-1	-1	-1	-1	-1	-1	-1	-1	-1	-1	-1	-1	-1	-1	-1	-1	-1
NS11057S	2	1	5	2020	2	7	1993	29	1	8	2022	1	1	-1	-1	-1	-1	-1	-1	-1	-1	-1	-1	-1	-1	-1
NS11058T	1	-1	-1	-1	-1	-1	-1	-1	-1	-1	-1	1	1	-1	-1	-1	-1	-1	-1	-1	-1	-1	-1	-1	-1	-1
NS11061F	2	1	7	2017	1	1	1987	35	1	7	2021	1	1	-1	-1	-1	-1	-1	-1	-1	-1	-1	-1	-1	-1	-1
NS11062G	1	-1	-1	-1	-1	-1	-1	-1	-1	-1	-1	1	1	-1	-1	-1	-1	-1	-1	-1	-1	-1	-1	-1	-1	-1
NS11064J	1	-1	-1	-1	-1	-1	-1	-1	-1	-1	-1	1	1	-1	-1	-1	-1	-1	-1	-1	-1	-1	-1	-1	-1	-1
NS11066L	2	1	4	2019	1	5	1988	34	3	-1	-1	1	1	-1	-1	-1	-1	-1	-1	-1	-1	-1	-1	-1	-1	-1
NS11067M	2	2	-1	-1	-1	-1	-1	-1	-1	-1	-1	-1	-1	-1	-1	-1	-1	-1	-1	-1	-1	-1	-1	-1	-1	-1
NS11070Z	2	1	10	2015	1	11	1987	35	1	10	2015	1	1	-1	-1	-1	-1	-1	-1	-1	-1	-1	-1	-1	-1	-1
NS11071A	2	1	4	2017	1	10	1984	37	1	8	2016	1	1	-1	-1	-1	-1	-1	-1	-1	-1	-1	-1	-1	-1	-1
NS11073C	1	-1	-1	-1	-1	-1	-1	-1	1	6	2022	1	1	-1	-1	-1	-1	-1	-1	-1	-1	-1	-1	-1	-1	-1
NS11076F	2	1	10	2020	1	6	1990	32	3	-1	-1	1	1	-1	-1	-1	-1	-1	-1	-1	-1	-1	-1	-1	-1	-1
NS11077G	1	-1	-1	-1	-1	-1	-1	-1	-1	-1	-1	1	1	-1	-1	-1	-1	-1	-1	-1	-1	-1	-1	-1	-1	-1
NS11078H	2	2	-1	-1	-1	-1	-1	-1	-1	-1	-1	-1	-1	-1	-1	-1	-1	-1	-1	-1	-1	-1	-1	-1	-1	-1
NS11080T	1	-1	-1	-1	-1	-1	-1	-1	-1	-1	-1	1	1	-1	-1	-1	-1	-1	-1	-1	-1	-1	-1	-1	-1	-1
NS11081V	1	-1	-1	-1	-1	-1	-1	-1	-1	-1	-1	1	1	-1	-1	-1	-1	-1	-1	-1	-1	-1	-1	-1	-1	-1
NS11082W	2	2	-1	-1	-1	-1	-1	-1	-1	-1	-1	-1	-1	-1	-1	-1	-1	-1	-1	-1	-1	-1	-1	-1	-1	-1
NS11088C	1	-1	-1	-1	-1	-1	-1	-1	1	9	2021	1	1	-1	-1	-1	-1	-1	-1	-1	-1	-1	-1	-1	-1	-1
NS11091P	2	1	4	2019	2	10	1990	32	3	-1	-1	1	1	-1	-1	-1	-1	-1	-1	-1	-1	-1	-1	-1	-1	-1
NS11094S	2	2	-1	-1	-1	-1	-1	-1	-1	-1	-1	-1	-1	-1	-1	-1	-1	-1	-1	-1	-1	-1	-1	-1	-1	-1
NS11095T	2	2	-1	-1	-1	-1	-1	-1	-1	-1	-1	-1	-1	-1	-1	-1	-1	-1	-1	-1	-1	-1	-1	-1	-1	-1
NS11097W	2	2	-1	-1	-1	-1	-1	-1	-1	-1	-1	-1	-1	-1	-1	-1	-1	-1	-1	-1	-1	-1	-1	-1	-1	-1
NS11099Y	2	1	9	2018	2	12	1990	32	3	-1	-1	1	1	-1	-1	-1	-1	-1	-1	-1	-1	-1	-1	-1	-1	-1
NS11108Y	2	1	6	2017	2	9	1988	34	3	-1	-1	1	1	-1	-1	-1	-1	-1	-1	-1	-1	-1	-1	-1	-1	-1
NS11109Z	2	2	-1	-1	-1	-1	-1	-1	-1	-1	-1	-1	-1	-1	-1	-1	-1	-1	-1	-1	-1	-1	-1	-1	-1	-1
NS11113M	2	1	2	2017	2	10	1989	33	3	-1	-1	2	-1	1	1	1	2	1	1	2	2	10	2022	-1	-1	-1
NS11113M	3	2	-1	-1	-1	-1	-1	-1	-1	-1	-1	-1	-1	-1	-1	-1	-1	-1	-1	-1	-1	-1	-1	-1	-1	-1
NS11115P	2	1	8	2016	2	3	1992	30	1	8	2017	1	1	-1	-1	-1	-1	-1	-1	-1	-1	-1	-1	-1	-1	-1
NS11116Q	2	1	11	2013	1	4	1980	42	1	10	2014	2	-1	1	1	2	2	2	2	2	2	7	2016	1	11	2019
NS11116Q	3	1	12	2019	1	6	1987	35	3	-1	-1	1	1	-1	-1	-1	-1	-1	-1	-1	-1	-1	-1	-1	-1	-1
NS11118S	2	2	-1	-1	-1	-1	-1	-1	-1	-1	-1	-1	-1	-1	-1	-1	-1	-1	-1	-1	-1	-1	-1	-1	-1	-1
NS11120D	2	2	-1	-1	-1	-1	-1	-1	-1	-1	-1	-1	-1	-1	-1	-1	-1	-1	-1	-1	-1	-1	-1	-1	-1	-1
NS11121E	1	-1	-1	-1	-1	-1	-1	-1	-1	-1	-1	1	1	-1	-1	-1	-1	-1	-1	-1	-1	-1	-1	-1	-1	-1
NS11122F	2	1	5	2016	2	8	1983	39	1	9	2021	1	1	-1	-1	-1	-1	-1	-1	-1	-1	-1	-1	-1	-1	-1
NS11128M	2	2	-1	-1	-1	-1	-1	-1	-1	-1	-1	-1	-1	-1	-1	-1	-1	-1	-1	-1	-1	-1	-1	-1	-1	-1
NS11129N	2	1	6	2020	2	-9	-9	28	3	-1	-1	1	1	-1	-1	-1	-1	-1	-1	-1	-1	-1	-1	-1	-1	-1
NS11131Z	2	2	-1	-1	-1	-1	-1	-1	-1	-1	-1	-1	-1	-1	-1	-1	-1	-1	-1	-1	-1	-1	-1	-1	-1	-1
NS11132A	1	-1	-1	-1	-1	-1	-1	-1	1	8	2017	1	1	-1	-1	-1	-1	-1	-1	-1	-1	-1	-1	-1	-1	-1
NS11133B	2	2	-1	-1	-1	-1	-1	-1	-1	-1	-1	-1	-1	-1	-1	-1	-1	-1	-1	-1	-1	-1	-1	-1	-1	-1
NS11134C	2	1	9	2018	2	5	1989	33	3	-1	-1	1	1	-1	-1	-1	-1	-1	-1	-1	-1	-1	-1	-1	-1	-1
NS11138G	2	1	10	2019	1	12	1987	34	1	12	2019	1	1	-1	-1	-1	-1	-1	-1	-1	-1	-1	-1	-1	-1	-1
NS11147A	2	1	11	2018	1	6	1990	31	1	11	2018	1	1	-1	-1	-1	-1	-1	-1	-1	-1	-1	-1	-1	-1	-1
NS11153Q	2	1	5	2015	1	12	1988	33	1	6	2016	1	1	-1	-1	-1	-1	-1	-1	-1	-1	-1	-1	-1	-1	-1
NS11154R	1	-1	-1	-1	-1	-1	-1	-1	-1	-1	-1	1	1	-1	-1	-1	-1	-1	-1	-1	-1	-1	-1	-1	-1	-1
NS11156T	2	1	6	2016	1	8	1991	31	1	9	2018	1	1	-1	-1	-1	-1	-1	-1	-1	-1	-1	-1	-1	-1	-1
NS11158W	2	2	-1	-1	-1	-1	-1	-1	-1	-1	-1	-1	-1	-1	-1	-1	-1	-1	-1	-1	-1	-1	-1	-1	-1	-1
NS11161H	2	1	11	2021	1	10	1979	43	3	-1	-1	1	1	-1	-1	-1	-1	-1	-1	-1	-1	-1	-1	-1	-1	-1
NS11163K	2	1	9	2019	2	3	1993	29	3	-1	-1	1	1	-1	-1	-1	-1	-1	-1	-1	-1	-1	-1	-1	-1	-1
NS11165M	1	-1	-1	-1	-1	-1	-1	-1	3	-1	-1	1	1	-1	-1	-1	-1	-1	-1	-1	-1	-1	-1	-1	-1	-1
NS11168Q	1	-1	-1	-1	-1	-1	-1	-1	3	-1	-1	2	-1	1	2	2	2	2	1	2	2	12	2021	-1	-1	-1
NS11168Q	2	2	-1	-1	-1	-1	-1	-1	-1	-1	-1	-1	-1	-1	-1	-1	-1	-1	-1	-1	-1	-1	-1	-1	-1	-1
NS11172D	2	1	1	2014	2	9	1989	33	3	-1	-1	2	-1	1	1	2	2	2	2	2	2	8	2016	-1	-1	-1
NS11172D	3	1	8	2022	2	12	1990	31	3	-1	-1	1	1	-1	-1	-1	-1	-1	-1	-1	-1	-1	-1	-1	-1	-1
NS11178K	1	-1	-1	-1	-1	-1	-1	-1	-1	-1	-1	2	-1	1	1	2	1	2	2	2	2	3	2022	2	-1	-1
NS11178K	2	2	-1	-1	-1	-1	-1	-1	-1	-1	-1	-1	-1	-1	-1	-1	-1	-1	-1	-1	-1	-1	-1	-1	-1	-1
NS11182Y	1	-1	-1	-1	-1	-1	-1	-1	3	-1	-1	1	1	-1	-1	-1	-1	-1	-1	-1	-1	-1	-1	-1	-1	-1
NS11183Z	2	1	9	2020	1	9	1988	34	1	8	2020	1	1	-1	-1	-1	-1	-1	-1	-1	-1	-1	-1	-1	-1	-1
NS11184A	2	1	11	2018	2	6	1989	33	3	-1	-1	1	1	-1	-1	-1	-1	-1	-1	-1	-1	-1	-1	-1	-1	-1
NS11185B	2	1	1	2018	2	2	1989	34	3	-1	-1	2	-1	1	1	2	2	2	2	1	2	10	2022	-1	-1	-1
NS11185B	3	2	-1	-1	-1	-1	-1	-1	-1	-1	-1	-1	-1	-1	-1	-1	-1	-1	-1	-1	-1	-1	-1	-1	-1	-1
NS11186C	2	2	-1	-1	-1	-1	-1	-1	-1	-1	-1	-1	-1	-1	-1	-1	-1	-1	-1	-1	-1	-1	-1	-1	-1	-1
NS11188E	1	-1	-1	-1	-1	-1	-1	-1	1	4	2019	1	1	-1	-1	-1	-1	-1	-1	-1	-1	-1	-1	-1	-1	-1
NS11198Z	2	1	11	2010	2	-8	-8	30	3	-1	-1	2	-1	1	1	2	2	2	2	2	2	11	2012	-1	-1	-1
NS11198Z	3	1	6	2013	2	-8	-8	30	3	-1	-1	2	-1	1	1	2	2	2	2	2	2	6	2014	-1	-1	-1
NS11198Z	4	1	10	2016	2	3	1993	29	1	5	2021	1	1	-1	-1	-1	-1	-1	-1	-1	-1	-1	-1	-1	-1	-1
NS11199A	1	-1	-1	-1	-1	-1	-1	-1	-1	-1	-1	1	1	-1	-1	-1	-1	-1	-1	-1	-1	-1	-1	-1	-1	-1
NS11200R	2	2	-1	-1	-1	-1	-1	-1	-1	-1	-1	-1	-1	-1	-1	-1	-1	-1	-1	-1	-1	-1	-1	-1	-1	-1
NS11201S	1	-1	-1	-1	-1	-1	-1	-1	3	-1	-1	1	2	-1	-1	-1	-1	-1	-1	-1	-1	-9	-9	-1	-1	-1
NS11201S	2	2	-1	-1	-1	-1	-1	-1	-1	-1	-1	-1	-1	-1	-1	-1	-1	-1	-1	-1	-1	-1	-1	-1	-1	-1
NS11202T	2	1	9	2020	2	11	1991	31	3	-1	-1	1	1	-1	-1	-1	-1	-1	-1	-1	-1	-1	-1	-1	-1	-1
NS11203V	2	2	-1	-1	-1	-1	-1	-1	-1	-1	-1	-1	-1	-1	-1	-1	-1	-1	-1	-1	-1	-1	-1	-1	-1	-1
NS11208A	2	1	4	2020	2	2	1994	29	1	8	2019	1	1	-1	-1	-1	-1	-1	-1	-1	-1	-1	-1	-1	-1	-1
NS11211M	2	1	12	2017	1	12	1987	35	3	-1	-1	1	1	-1	-1	-1	-1	-1	-1	-1	-1	-1	-1	-1	-1	-1
NS11214Q	2	2	-1	-1	-1	-1	-1	-1	-1	-1	-1	-1	-1	-1	-1	-1	-1	-1	-1	-1	-1	-1	-1	-1	-1	-1
NS11216S	2	1	7	2017	1	2	1990	33	1	4	2022	1	1	-1	-1	-1	-1	-1	-1	-1	-1	-1	-1	-1	-1	-1
NS11218V	1	-1	-1	-1	-1	-1	-1	-1	1	5	-1	2	-1	1	1	2	2	1	1	2	2	1	2018	1	6	2020
NS11218V	2	1	5	2018	1	1	1980	43	3	-1	-1	1	1	-1	-1	-1	-1	-1	-1	-1	-1	-1	-1	-1	-1	-1
NS11220F	1	-1	-1	-1	-1	-1	-1	-1	1	7	2018	1	1	-1	-1	-1	-1	-1	-1	-1	-1	-1	-1	-1	-1	-1
NS11223J	2	2	-1	-1	-1	-1	-1	-1	-1	-1	-1	-1	-1	-1	-1	-1	-1	-1	-1	-1	-1	-1	-1	-1	-1	-1
NS11224K	2	2	-1	-1	-1	-1	-1	-1	-1	-1	-1	-1	-1	-1	-1	-1	-1	-1	-1	-1	-1	-1	-1	-1	-1	-1
NS11227N	2	1	7	2016	2	8	1989	33	3	-1	-1	2	-1	1	1	1	1	2	2	2	2	11	2021	-1	-1	-1
NS11227N	3	2	-1	-1	-1	-1	-1	-1	-1	-1	-1	-1	-1	-1	-1	-1	-1	-1	-1	-1	-1	-1	-1	-1	-1	-1
NS11228P	2	1	5	2014	1	3	1989	33	3	-1	-1	2	-1	1	1	1	2	1	2	2	2	10	2014	-1	-1	-1
NS11228P	3	2	-1	-1	-1	-1	-1	-1	-1	-1	-1	-1	-1	-1	-1	-1	-1	-1	-1	-1	-1	-1	-1	-1	-1	-1
NS11233D	2	2	-1	-1	-1	-1	-1	-1	-1	-1	-1	-1	-1	-1	-1	-1	-1	-1	-1	-1	-1	-1	-1	-1	-1	-1
NS11235F	2	2	-1	-1	-1	-1	-1	-1	-1	-1	-1	-1	-1	-1	-1	-1	-1	-1	-1	-1	-1	-1	-1	-1	-1	-1
NS11237H	1	-1	-1	-1	-1	-1	-1	-1	3	-1	-1	1	1	-1	-1	-1	-1	-1	-1	-1	-1	-1	-1	-1	-1	-1
NS11238J	2	1	7	2017	2	3	1995	27	1	10	2017	1	1	-1	-1	-1	-1	-1	-1	-1	-1	-1	-1	-1	-1	-1
NS11239K	2	1	8	2017	2	6	1996	26	3	-1	-1	2	-1	1	1	2	2	2	2	2	2	9	2022	-1	-1	-1
NS11239K	3	2	-1	-1	-1	-1	-1	-1	-1	-1	-1	-1	-1	-1	-1	-1	-1	-1	-1	-1	-1	-1	-1	-1	-1	-1
NS11240V	1	-1	-1	-1	-1	-1	-1	-1	3	-1	-1	1	1	-1	-1	-1	-1	-1	-1	-1	-1	-1	-1	-1	-1	-1
NS11241W	1	-1	-1	-1	-1	-1	-1	-1	3	-1	-1	1	1	-1	-1	-1	-1	-1	-1	-1	-1	-1	-1	-1	-1	-1
NS11245A	2	2	-1	-1	-1	-1	-1	-1	-1	-1	-1	-1	-1	-1	-1	-1	-1	-1	-1	-1	-1	-1	-1	-1	-1	-1
NS11246B	1	-1	-1	-1	-1	-1	-1	-1	-1	-1	-1	1	1	-1	-1	-1	-1	-1	-1	-1	-1	-1	-1	-1	-1	-1
NS11247C	2	1	10	2017	2	7	1991	30	1	4	2017	1	1	-1	-1	-1	-1	-1	-1	-1	-1	-1	-1	-1	-1	-1
NS11249E	2	2	-1	-1	-1	-1	-1	-1	-1	-1	-1	-1	-1	-1	-1	-1	-1	-1	-1	-1	-1	-1	-1	-1	-1	-1
NS11251Q	1	-1	-1	-1	-1	-1	-1	-1	1	11	2018	2	-1	1	1	2	2	2	2	2	2	8	2022	2	-1	-1
NS11251Q	2	2	-1	-1	-1	-1	-1	-1	-1	-1	-1	-1	-1	-1	-1	-1	-1	-1	-1	-1	-1	-1	-1	-1	-1	-1
NS11253S	2	2	-1	-1	-1	-1	-1	-1	-1	-1	-1	-1	-1	-1	-1	-1	-1	-1	-1	-1	-1	-1	-1	-1	-1	-1
NS11257X	2	1	8	2021	1	8	1992	30	3	-1	-1	2	-1	1	2	2	2	2	2	1	2	8	2022	-1	-1	-1
NS11257X	3	2	-1	-1	-1	-1	-1	-1	-1	-1	-1	-1	-1	-1	-1	-1	-1	-1	-1	-1	-1	-1	-1	-1	-1	-1
NS11258Y	2	1	4	2021	2	12	1999	23	3	-1	-1	2	-1	1	1	2	2	2	2	2	2	2	2023	-1	-1	-1
NS11258Y	3	2	-1	-1	-1	-1	-1	-1	-1	-1	-1	-1	-1	-1	-1	-1	-1	-1	-1	-1	-1	-1	-1	-1	-1	-1
NS11259Z	2	2	-1	-1	-1	-1	-1	-1	-1	-1	-1	-1	-1	-1	-1	-1	-1	-1	-1	-1	-1	-1	-1	-1	-1	-1
NS11262L	1	-1	-1	-1	-1	-1	-1	-1	3	-1	-1	2	-1	1	1	2	2	2	2	2	2	3	2017	-1	-1	-1
NS11262L	2	1	9	2019	2	12	1992	29	3	-1	-1	1	1	-1	-1	-1	-1	-1	-1	-1	-1	-1	-1	-1	-1	-1
NS11263M	2	1	8	2017	1	2	1990	32	1	8	2017	1	1	-1	-1	-1	-1	-1	-1	-1	-1	-1	-1	-1	-1	-1
NS11273G	2	2	-1	-1	-1	-1	-1	-1	-1	-1	-1	-1	-1	-1	-1	-1	-1	-1	-1	-1	-1	-1	-1	-1	-1	-1
NS11274H	2	1	1	2018	1	9	1991	31	3	-1	-1	1	1	-1	-1	-1	-1	-1	-1	-1	-1	-1	-1	-1	-1	-1
NS11276K	1	-1	-1	-1	-1	-1	-1	-1	-1	-1	-1	1	1	-1	-1	-1	-1	-1	-1	-1	-1	-1	-1	-1	-1	-1
NS11277L	2	1	9	2015	2	5	1993	29	3	-1	-1	1	1	-1	-1	-1	-1	-1	-1	-1	-1	-1	-1	-1	-1	-1
NS11281Z	1	-1	-1	-1	-1	-1	-1	-1	3	-1	-1	1	1	-1	-1	-1	-1	-1	-1	-1	-1	-1	-1	-1	-1	-1
NS11286E	2	2	-1	-1	-1	-1	-1	-1	-1	-1	-1	-1	-1	-1	-1	-1	-1	-1	-1	-1	-1	-1	-1	-1	-1	-1
NS11287F	2	2	-1	-1	-1	-1	-1	-1	-1	-1	-1	-1	-1	-1	-1	-1	-1	-1	-1	-1	-1	-1	-1	-1	-1	-1
NS11290S	2	2	-1	-1	-1	-1	-1	-1	-1	-1	-1	-1	-1	-1	-1	-1	-1	-1	-1	-1	-1	-1	-1	-1	-1	-1
NS11292V	2	2	-1	-1	-1	-1	-1	-1	-1	-1	-1	-1	-1	-1	-1	-1	-1	-1	-1	-1	-1	-1	-1	-1	-1	-1
NS11293W	1	-1	-1	-1	-1	-1	-1	-1	-1	-1	-1	1	1	-1	-1	-1	-1	-1	-1	-1	-1	-1	-1	-1	-1	-1
NS11296Z	2	1	12	2016	1	11	1981	41	1	9	2018	1	1	-1	-1	-1	-1	-1	-1	-1	-1	-1	-1	-1	-1	-1
NS11299C	2	2	-1	-1	-1	-1	-1	-1	-1	-1	-1	-1	-1	-1	-1	-1	-1	-1	-1	-1	-1	-1	-1	-1	-1	-1
NS11303X	2	1	5	2017	2	6	1990	32	3	-1	-1	1	1	-1	-1	-1	-1	-1	-1	-1	-1	-1	-1	-1	-1	-1
NS11304Y	2	1	-8	2014	2	1	1995	28	2	-8	2014	1	1	-1	-1	-1	-1	-1	-1	-1	-1	-1	-1	-1	-1	-1
NS11305Z	1	-1	-1	-1	-1	-1	-1	-1	-1	-1	-1	1	1	-1	-1	-1	-1	-1	-1	-1	-1	-1	-1	-1	-1	-1
NS11308C	2	2	-1	-1	-1	-1	-1	-1	-1	-1	-1	-1	-1	-1	-1	-1	-1	-1	-1	-1	-1	-1	-1	-1	-1	-1
NS11309D	2	1	1	2021	2	8	1990	31	3	-1	-1	1	1	-1	-1	-1	-1	-1	-1	-1	-1	-1	-1	-1	-1	-1
NS11311P	2	1	3	2017	2	6	1989	33	3	-1	-1	2	-1	1	1	2	2	2	2	2	2	1	2018	-1	-1	-1
NS11311P	3	2	-1	-1	-1	-1	-1	-1	-1	-1	-1	-1	-1	-1	-1	-1	-1	-1	-1	-1	-1	-1	-1	-1	-1	-1
NS11312Q	2	1	3	2014	1	3	1989	33	3	-1	-1	1	1	-1	-1	-1	-1	-1	-1	-1	-1	-1	-1	-1	-1	-1
NS11315T	2	1	9	2011	1	11	1988	34	3	-1	-1	1	1	-1	-1	-1	-1	-1	-1	-1	-1	-1	-1	-1	-1	-1
NS11317W	2	2	-1	-1	-1	-1	-1	-1	-1	-1	-1	-1	-1	-1	-1	-1	-1	-1	-1	-1	-1	-1	-1	-1	-1	-1
NS11318X	2	2	-1	-1	-1	-1	-1	-1	-1	-1	-1	-1	-1	-1	-1	-1	-1	-1	-1	-1	-1	-1	-1	-1	-1	-1
NS11319Y	2	1	8	2020	2	3	1990	32	3	-1	-1	1	1	-1	-1	-1	-1	-1	-1	-1	-1	-1	-1	-1	-1	-1
NS11321J	1	-1	-1	-1	-1	-1	-1	-1	1	12	2021	1	1	-1	-1	-1	-1	-1	-1	-1	-1	-1	-1	-1	-1	-1
NS11322K	2	1	6	2017	2	9	1989	33	1	5	2017	1	1	-1	-1	-1	-1	-1	-1	-1	-1	-1	-1	-1	-1	-1
NS11326P	2	1	7	2017	1	2	1989	33	3	-1	-1	2	-1	1	1	2	2	2	2	2	2	8	2019	-1	-1	-1
NS11326P	3	2	-1	-1	-1	-1	-1	-1	-1	-1	-1	-1	-1	-1	-1	-1	-1	-1	-1	-1	-1	-1	-1	-1	-1	-1
NS11327Q	2	1	8	2020	2	9	1989	33	3	-1	-1	1	1	-1	-1	-1	-1	-1	-1	-1	-1	-1	-1	-1	-1	-1
NS11328R	2	2	-1	-1	-1	-1	-1	-1	-1	-1	-1	-1	-1	-1	-1	-1	-1	-1	-1	-1	-1	-1	-1	-1	-1	-1
NS11329S	2	2	-1	-1	-1	-1	-1	-1	-1	-1	-1	-1	-1	-1	-1	-1	-1	-1	-1	-1	-1	-1	-1	-1	-1	-1
NS11331D	2	1	8	2016	2	2	1992	30	1	8	2016	1	1	-1	-1	-1	-1	-1	-1	-1	-1	-1	-1	-1	-1	-1
NS11339M	2	2	-1	-1	-1	-1	-1	-1	-1	-1	-1	-1	-1	-1	-1	-1	-1	-1	-1	-1	-1	-1	-1	-1	-1	-1
NS11340X	2	1	3	2016	2	-8	1989	33	3	-1	-1	2	-1	1	1	2	2	2	2	2	2	8	2019	-1	-1	-1
NS11340X	3	2	-1	-1	-1	-1	-1	-1	-1	-1	-1	-1	-1	-1	-1	-1	-1	-1	-1	-1	-1	-1	-1	-1	-1	-1
NS11343A	2	2	-1	-1	-1	-1	-1	-1	-1	-1	-1	-1	-1	-1	-1	-1	-1	-1	-1	-1	-1	-1	-1	-1	-1	-1
NS11346D	2	2	-1	-1	-1	-1	-1	-1	-1	-1	-1	-1	-1	-1	-1	-1	-1	-1	-1	-1	-1	-1	-1	-1	-1	-1
NS11348F	1	-1	-1	-1	-1	-1	-1	-1	1	6	2016	1	1	-1	-1	-1	-1	-1	-1	-1	-1	-1	-1	-1	-1	-1
NS11350R	1	-1	-1	-1	-1	-1	-1	-1	-1	-1	-1	1	1	-1	-1	-1	-1	-1	-1	-1	-1	-1	-1	-1	-1	-1
NS11351S	2	2	-1	-1	-1	-1	-1	-1	-1	-1	-1	-1	-1	-1	-1	-1	-1	-1	-1	-1	-1	-1	-1	-1	-1	-1
NS11354W	2	1	8	2019	2	6	1994	28	1	8	2019	1	1	-1	-1	-1	-1	-1	-1	-1	-1	-1	-1	-1	-1	-1
NS11356Y	2	1	4	2017	1	4	1989	33	1	4	2017	1	1	-1	-1	-1	-1	-1	-1	-1	-1	-1	-1	-1	-1	-1
NS11359B	2	1	10	2008	2	6	1991	31	3	-1	-1	2	-1	1	1	2	2	2	2	2	2	8	2019	-1	-1	-1
NS11359B	3	1	10	2020	2	8	1996	26	3	-1	-1	1	1	-1	-1	-1	-1	-1	-1	-1	-1	-1	-1	-1	-1	-1
NS11364Q	2	1	9	2012	2	8	1990	33	1	9	2016	1	1	-1	-1	-1	-1	-1	-1	-1	-1	-1	-1	-1	-1	-1
NS11367T	2	1	8	2021	1	2	1986	37	3	-1	-1	2	-1	2	-1	-1	-1	-1	-1	-1	-1	4	2022	-1	-1	-1
NS11367T	3	2	-1	-1	-1	-1	-1	-1	-1	-1	-1	-1	-1	-1	-1	-1	-1	-1	-1	-1	-1	-1	-1	-1	-1	-1
NS11368V	2	2	-1	-1	-1	-1	-1	-1	-1	-1	-1	-1	-1	-1	-1	-1	-1	-1	-1	-1	-1	-1	-1	-1	-1	-1
NS11369W	2	1	12	2010	1	1	1990	32	3	-1	-1	2	-1	1	1	2	2	2	1	2	2	1	2017	-1	-1	-1
NS11369W	3	2	-1	-1	-1	-1	-1	-1	-1	-1	-1	-1	-1	-1	-1	-1	-1	-1	-1	-1	-1	-1	-1	-1	-1	-1
NS11372H	2	1	11	2017	1	12	1989	32	3	-1	-1	1	1	-1	-1	-1	-1	-1	-1	-1	-1	-1	-1	-1	-1	-1
NS11373J	2	1	3	2006	1	1	1986	37	3	-1	-1	1	1	-1	-1	-1	-1	-1	-1	-1	-1	-1	-1	-1	-1	-1
NS11374K	2	2	-1	-1	-1	-1	-1	-1	-1	-1	-1	-1	-1	-1	-1	-1	-1	-1	-1	-1	-1	-1	-1	-1	-1	-1
NS11375L	2	1	8	2017	1	1	1991	31	3	-1	-1	1	1	-1	-1	-1	-1	-1	-1	-1	-1	-1	-1	-1	-1	-1
NS11377N	2	2	-1	-1	-1	-1	-1	-1	-1	-1	-1	-1	-1	-1	-1	-1	-1	-1	-1	-1	-1	-1	-1	-1	-1	-1
NS11378P	2	1	12	2016	1	9	1990	32	1	7	2019	1	1	-1	-1	-1	-1	-1	-1	-1	-1	-1	-1	-1	-1	-1
NS11379Q	2	1	3	2020	2	4	1993	29	3	-1	-1	1	1	-1	-1	-1	-1	-1	-1	-1	-1	-1	-1	-1	-1	-1
NS11382C	2	2	-1	-1	-1	-1	-1	-1	-1	-1	-1	-1	-1	-1	-1	-1	-1	-1	-1	-1	-1	-1	-1	-1	-1	-1
NS11384E	2	2	-1	-1	-1	-1	-1	-1	-1	-1	-1	-1	-1	-1	-1	-1	-1	-1	-1	-1	-1	-1	-1	-1	-1	-1
NS11385F	2	2	-1	-1	-1	-1	-1	-1	-1	-1	-1	-1	-1	-1	-1	-1	-1	-1	-1	-1	-1	-1	-1	-1	-1	-1
NS11388J	2	1	5	2018	2	5	1988	34	2	5	2020	1	1	-1	-1	-1	-1	-1	-1	-1	-1	-1	-1	-1	-1	-1
NS11390V	2	1	3	2017	1	1	1992	30	1	6	2021	1	1	-1	-1	-1	-1	-1	-1	-1	-1	-1	-1	-1	-1	-1
NS11391W	2	1	4	2021	1	3	1987	35	3	-1	-1	1	1	-1	-1	-1	-1	-1	-1	-1	-1	-1	-1	-1	-1	-1
NS11394Z	2	1	11	2019	1	7	1989	33	3	-1	-1	1	1	-1	-1	-1	-1	-1	-1	-1	-1	-1	-1	-1	-1	-1
NS11395A	1	-1	-1	-1	-1	-1	-1	-1	3	-1	-1	1	1	-1	-1	-1	-1	-1	-1	-1	-1	-1	-1	-1	-1	-1
NS11398D	2	1	4	2015	1	-9	1956	66	3	-1	-1	1	1	-1	-1	-1	-1	-1	-1	-1	-1	-1	-1	-1	-1	-1
NS11399E	1	-1	-1	-1	-1	-1	-1	-1	3	-1	-1	1	1	-1	-1	-1	-1	-1	-1	-1	-1	-1	-1	-1	-1	-1
NS11400W	2	1	3	2014	2	9	1984	38	3	-1	-1	1	1	-1	-1	-1	-1	-1	-1	-1	-1	-1	-1	-1	-1	-1
NS11401X	1	-1	-1	-1	-1	-1	-1	-1	3	-1	-1	2	-1	1	1	2	2	2	2	2	2	4	2018	-1	-1	-1
NS11401X	2	1	11	2021	2	12	1988	33	3	-1	-1	1	1	-1	-1	-1	-1	-1	-1	-1	-1	-1	-1	-1	-1	-1
NS11405B	2	1	6	2008	1	12	1988	34	3	-1	-1	1	1	-1	-1	-1	-1	-1	-1	-1	-1	-1	-1	-1	-1	-1
NS11409F	1	-1	-1	-1	-1	-1	-1	-1	3	-1	-1	1	1	-1	-1	-1	-1	-1	-1	-1	-1	-1	-1	-1	-1	-1
NS11413T	2	1	10	2019	2	7	1993	28	3	-1	-1	2	-1	1	1	2	2	2	2	2	2	10	2020	-1	-1	-1
NS11413T	3	1	3	2022	2	7	1992	29	3	-1	-1	1	1	-1	-1	-1	-1	-1	-1	-1	-1	-1	-1	-1	-1	-1
NS11416X	2	1	6	2019	2	2	1996	26	3	-1	-1	1	1	-1	-1	-1	-1	-1	-1	-1	-1	-1	-1	-1	-1	-1
NS11417Y	2	1	9	2016	1	9	1989	33	1	7	2019	1	1	-1	-1	-1	-1	-1	-1	-1	-1	-1	-1	-1	-1	-1
NS11418Z	2	1	12	2017	1	6	1987	34	1	12	2017	1	1	-1	-1	-1	-1	-1	-1	-1	-1	-1	-1	-1	-1	-1
NS11420K	2	1	3	2021	1	1	1990	33	3	-1	-1	1	1	-1	-1	-1	-1	-1	-1	-1	-1	-1	-1	-1	-1	-1
NS11421L	2	1	9	2018	1	-9	-9	35	1	-9	-9	1	1	-1	-1	-1	-1	-1	-1	-1	-1	-1	-1	-1	-1	-1
NS11427S	2	1	4	2017	1	11	1986	36	1	5	2018	2	-1	1	1	2	2	2	1	2	2	5	2020	1	12	2021
NS11427S	3	2	-1	-1	-1	-1	-1	-1	-1	-1	-1	-1	-1	-1	-1	-1	-1	-1	-1	-1	-1	-1	-1	-1	-1	-1
NS11428T	2	2	-1	-1	-1	-1	-1	-1	-1	-1	-1	-1	-1	-1	-1	-1	-1	-1	-1	-1	-1	-1	-1	-1	-1	-1
NS11429V	2	1	1	2012	1	4	1985	37	1	6	2017	1	1	-1	-1	-1	-1	-1	-1	-1	-1	-1	-1	-1	-1	-1
NS11431F	2	2	-1	-1	-1	-1	-1	-1	-1	-1	-1	-1	-1	-1	-1	-1	-1	-1	-1	-1	-1	-1	-1	-1	-1	-1
NS11433H	2	1	6	2012	1	-9	-9	36	1	4	2017	2	-1	1	2	2	2	2	2	2	1	5	2018	1	10	2020
NS11433H	3	1	1	2020	1	7	1987	35	3	-1	-1	1	1	-1	-1	-1	-1	-1	-1	-1	-1	-1	-1	-1	-1	-1
NS11436L	2	1	3	2021	2	1	1994	29	3	-1	-1	1	1	-1	-1	-1	-1	-1	-1	-1	-1	-1	-1	-1	-1	-1
NS11437M	1	-1	-1	-1	-1	-1	-1	-1	1	9	2017	2	-1	1	1	2	2	2	2	2	2	5	2022	2	-1	-1
NS11437M	2	2	-1	-1	-1	-1	-1	-1	-1	-1	-1	-1	-1	-1	-1	-1	-1	-1	-1	-1	-1	-1	-1	-1	-1	-1
NS11438N	2	2	-1	-1	-1	-1	-1	-1	-1	-1	-1	-1	-1	-1	-1	-1	-1	-1	-1	-1	-1	-1	-1	-1	-1	-1
NS11439P	1	-1	-1	-1	-1	-1	-1	-1	1	5	2019	1	1	-1	-1	-1	-1	-1	-1	-1	-1	-1	-1	-1	-1	-1
NS11440Z	2	1	7	2010	2	3	1990	33	1	8	2021	1	1	-1	-1	-1	-1	-1	-1	-1	-1	-1	-1	-1	-1	-1
NS11441A	2	1	10	2022	2	8	1991	31	3	-1	-1	1	1	-1	-1	-1	-1	-1	-1	-1	-1	-1	-1	-1	-1	-1
NS11443C	1	-1	-1	-1	-1	-1	-1	-1	3	-1	-1	1	1	-1	-1	-1	-1	-1	-1	-1	-1	-1	-1	-1	-1	-1
NS11444D	2	1	7	2019	1	5	1989	33	3	-1	-1	1	1	-1	-1	-1	-1	-1	-1	-1	-1	-1	-1	-1	-1	-1
NS11448H	2	2	-1	-1	-1	-1	-1	-1	-1	-1	-1	-1	-1	-1	-1	-1	-1	-1	-1	-1	-1	-1	-1	-1	-1	-1
NS11451V	2	1	12	2018	1	1	1989	33	3	-1	-1	1	1	-1	-1	-1	-1	-1	-1	-1	-1	-1	-1	-1	-1	-1
NS11452W	2	1	8	2020	1	5	1992	30	1	8	2020	1	1	-1	-1	-1	-1	-1	-1	-1	-1	-1	-1	-1	-1	-1
NS11455Z	2	2	-1	-1	-1	-1	-1	-1	-1	-1	-1	-1	-1	-1	-1	-1	-1	-1	-1	-1	-1	-1	-1	-1	-1	-1
NS11456A	2	2	-1	-1	-1	-1	-1	-1	-1	-1	-1	-1	-1	-1	-1	-1	-1	-1	-1	-1	-1	-1	-1	-1	-1	-1
NS11459D	1	-1	-1	-1	-1	-1	-1	-1	1	9	2019	1	1	-1	-1	-1	-1	-1	-1	-1	-1	-1	-1	-1	-1	-1
NS11466V	2	1	8	2020	2	4	1990	32	1	9	2021	1	1	-1	-1	-1	-1	-1	-1	-1	-1	-1	-1	-1	-1	-1
NS11470H	2	2	-1	-1	-1	-1	-1	-1	-1	-1	-1	-1	-1	-1	-1	-1	-1	-1	-1	-1	-1	-1	-1	-1	-1	-1
NS11472K	2	2	-1	-1	-1	-1	-1	-1	-1	-1	-1	-1	-1	-1	-1	-1	-1	-1	-1	-1	-1	-1	-1	-1	-1	-1
NS11476P	1	-1	-1	-1	-1	-1	-1	-1	1	9	2019	1	1	-1	-1	-1	-1	-1	-1	-1	-1	-1	-1	-1	-1	-1
NS11477Q	2	1	10	2021	2	11	1991	31	1	5	2021	1	1	-1	-1	-1	-1	-1	-1	-1	-1	-1	-1	-1	-1	-1
NS11478R	2	1	1	2021	2	11	1990	32	3	-1	-1	1	1	-1	-1	-1	-1	-1	-1	-1	-1	-1	-1	-1	-1	-1
NS11479S	2	1	4	2012	1	12	1982	40	1	9	2012	1	1	-1	-1	-1	-1	-1	-1	-1	-1	-1	-1	-1	-1	-1
NS11480C	2	2	-1	-1	-1	-1	-1	-1	-1	-1	-1	-1	-1	-1	-1	-1	-1	-1	-1	-1	-1	-1	-1	-1	-1	-1
NS11481D	2	1	3	2020	2	-9	-9	32	3	-1	-1	2	-1	1	1	2	2	2	2	2	2	5	2020	-1	-1	-1
NS11481D	3	2	-1	-1	-1	-1	-1	-1	-1	-1	-1	-1	-1	-1	-1	-1	-1	-1	-1	-1	-1	-1	-1	-1	-1	-1
NS11486J	2	1	7	2013	1	-9	-9	42	3	-1	-1	1	1	-1	-1	-1	-1	-1	-1	-1	-1	-1	-1	-1	-1	-1
NS11487K	1	-1	-1	-1	-1	-1	-1	-1	3	-1	-1	2	-1	1	1	2	2	2	2	2	2	7	2018	-1	-1	-1
NS11487K	2	1	3	2020	2	2	1994	28	1	4	2022	1	1	-1	-1	-1	-1	-1	-1	-1	-1	-1	-1	-1	-1	-1
NS11488L	1	-1	-1	-1	-1	-1	-1	-1	-1	-1	-1	1	2	-1	-1	-1	-1	-1	-1	-1	-1	9	2022	2	-1	-1
NS11488L	2	2	-1	-1	-1	-1	-1	-1	-1	-1	-1	-1	-1	-1	-1	-1	-1	-1	-1	-1	-1	-1	-1	-1	-1	-1
NS11489M	2	2	-1	-1	-1	-1	-1	-1	-1	-1	-1	-1	-1	-1	-1	-1	-1	-1	-1	-1	-1	-1	-1	-1	-1	-1
NS11490X	2	1	9	2017	2	10	1990	32	1	9	2017	1	1	-1	-1	-1	-1	-1	-1	-1	-1	-1	-1	-1	-1	-1
NS11495C	1	-1	-1	-1	-1	-1	-1	-1	3	-1	-1	1	1	-1	-1	-1	-1	-1	-1	-1	-1	-1	-1	-1	-1	-1
NS11496D	1	-1	-1	-1	-1	-1	-1	-1	3	-1	-1	1	1	-1	-1	-1	-1	-1	-1	-1	-1	-1	-1	-1	-1	-1
NS11497E	2	1	8	2019	2	2	1988	35	3	-1	-1	1	1	-1	-1	-1	-1	-1	-1	-1	-1	-1	-1	-1	-1	-1
NS11500Y	1	-1	-1	-1	-1	-1	-1	-1	3	-1	-1	1	1	-1	-1	-1	-1	-1	-1	-1	-1	-1	-1	-1	-1	-1
NS11501Z	2	2	-1	-1	-1	-1	-1	-1	-1	-1	-1	-1	-1	-1	-1	-1	-1	-1	-1	-1	-1	-1	-1	-1	-1	-1
NS11503B	1	-1	-1	-1	-1	-1	-1	-1	3	-1	-1	1	1	-1	-1	-1	-1	-1	-1	-1	-1	-1	-1	-1	-1	-1
NS11507F	2	1	11	2016	1	8	1989	33	3	-1	-1	1	1	-1	-1	-1	-1	-1	-1	-1	-1	-1	-1	-1	-1	-1
NS11508G	1	-1	-1	-1	-1	-1	-1	-1	-1	-1	-1	2	-1	1	1	2	2	2	2	2	2	6	2018	-1	-1	-1
NS11508G	2	2	-1	-1	-1	-1	-1	-1	-1	-1	-1	-1	-1	-1	-1	-1	-1	-1	-1	-1	-1	-1	-1	-1	-1	-1
NS11509H	2	2	-1	-1	-1	-1	-1	-1	-1	-1	-1	-1	-1	-1	-1	-1	-1	-1	-1	-1	-1	-1	-1	-1	-1	-1
NS11510S	2	2	-1	-1	-1	-1	-1	-1	-1	-1	-1	-1	-1	-1	-1	-1	-1	-1	-1	-1	-1	-1	-1	-1	-1	-1
NS11511T	2	1	10	2017	1	5	1984	38	2	6	2017	1	1	-1	-1	-1	-1	-1	-1	-1	-1	-1	-1	-1	-1	-1
NS11512V	2	1	7	2019	2	8	1984	37	3	-1	-1	1	1	-1	-1	-1	-1	-1	-1	-1	-1	-1	-1	-1	-1	-1
NS11513W	2	1	8	2016	1	11	1989	33	3	-1	-1	1	1	-1	-1	-1	-1	-1	-1	-1	-1	-1	-1	-1	-1	-1
NS11514X	2	1	2	2017	1	7	1991	31	1	5	2021	1	1	-1	-1	-1	-1	-1	-1	-1	-1	-1	-1	-1	-1	-1
NS11520M	1	-1	-1	-1	-1	-1	-1	-1	3	-1	-1	2	-1	1	1	2	2	2	1	2	2	10	2016	-1	-1	-1
NS11520M	2	1	4	2018	1	12	1989	32	1	5	2021	1	1	-1	-1	-1	-1	-1	-1	-1	-1	-1	-1	-1	-1	-1
NS11527V	2	1	4	2017	1	10	1988	34	3	-1	-1	1	1	-1	-1	-1	-1	-1	-1	-1	-1	-1	-1	-1	-1	-1
NS11531H	2	2	-1	-1	-1	-1	-1	-1	-1	-1	-1	-1	-1	-1	-1	-1	-1	-1	-1	-1	-1	-1	-1	-1	-1	-1
NS11533K	1	-1	-1	-1	-1	-1	-1	-1	1	3	2017	1	1	-1	-1	-1	-1	-1	-1	-1	-1	-1	-1	-1	-1	-1
NS11534L	1	-1	-1	-1	-1	-1	-1	-1	-1	-1	-1	1	1	-1	-1	-1	-1	-1	-1	-1	-1	-1	-1	-1	-1	-1
NS11535M	1	-1	-1	-1	-1	-1	-1	-1	-1	-1	-1	1	1	-1	-1	-1	-1	-1	-1	-1	-1	-1	-1	-1	-1	-1
NS11537P	1	-1	-1	-1	-1	-1	-1	-1	3	-1	-1	2	-1	1	1	2	2	2	2	2	2	2	2018	-1	-1	-1
NS11537P	2	1	9	2018	1	2	1972	51	3	-1	-1	1	1	-1	-1	-1	-1	-1	-1	-1	-1	-1	-1	-1	-1	-1
NS11539R	2	2	-1	-1	-1	-1	-1	-1	-1	-1	-1	-1	-1	-1	-1	-1	-1	-1	-1	-1	-1	-1	-1	-1	-1	-1
NS11541C	1	-1	-1	-1	-1	-1	-1	-1	3	-1	-1	1	1	-1	-1	-1	-1	-1	-1	-1	-1	-1	-1	-1	-1	-1
NS11542D	1	-1	-1	-1	-1	-1	-1	-1	-1	-1	-1	1	1	-1	-1	-1	-1	-1	-1	-1	-1	-1	-1	-1	-1	-1
NS11543E	2	1	8	2019	1	5	1989	33	3	-1	-1	1	1	-1	-1	-1	-1	-1	-1	-1	-1	-1	-1	-1	-1	-1
NS11547J	2	2	-1	-1	-1	-1	-1	-1	-1	-1	-1	-1	-1	-1	-1	-1	-1	-1	-1	-1	-1	-1	-1	-1	-1	-1
NS11549L	2	1	7	2021	2	4	1990	32	3	-1	-1	1	1	-1	-1	-1	-1	-1	-1	-1	-1	-1	-1	-1	-1	-1
NS11550W	1	-1	-1	-1	-1	-1	-1	-1	-1	-1	-1	1	1	-1	-1	-1	-1	-1	-1	-1	-1	-1	-1	-1	-1	-1
NS11552Y	1	-1	-1	-1	-1	-1	-1	-1	-1	-1	-1	1	1	-1	-1	-1	-1	-1	-1	-1	-1	-1	-1	-1	-1	-1
NS11556C	2	1	9	2018	1	8	1988	34	3	-1	-1	1	1	-1	-1	-1	-1	-1	-1	-1	-1	-1	-1	-1	-1	-1
NS11558E	2	1	1	2018	1	1	1990	32	3	-1	-1	2	-1	1	1	2	2	2	2	2	2	10	2020	-1	-1	-1
NS11558E	3	1	11	2021	1	4	1985	37	3	-1	-1	1	2	-1	-1	-1	-1	-1	-1	-1	-1	4	2022	-1	-1	-1
NS11558E	4	2	-1	-1	-1	-1	-1	-1	-1	-1	-1	-1	-1	-1	-1	-1	-1	-1	-1	-1	-1	-1	-1	-1	-1	-1
NS11560Q	2	2	-1	-1	-1	-1	-1	-1	-1	-1	-1	-1	-1	-1	-1	-1	-1	-1	-1	-1	-1	-1	-1	-1	-1	-1
NS11561R	1	-1	-1	-1	-1	-1	-1	-1	3	-1	-1	2	-1	1	1	2	2	2	2	2	2	4	2019	-1	-1	-1
NS11561R	2	2	-1	-1	-1	-1	-1	-1	-1	-1	-1	-1	-1	-1	-1	-1	-1	-1	-1	-1	-1	-1	-1	-1	-1	-1
NS11564V	2	2	-1	-1	-1	-1	-1	-1	-1	-1	-1	-1	-1	-1	-1	-1	-1	-1	-1	-1	-1	-1	-1	-1	-1	-1
NS11566X	1	-1	-1	-1	-1	-1	-1	-1	3	-1	-1	2	-1	1	2	2	2	2	1	2	2	10	2017	-1	-1	-1
NS11566X	2	1	9	2021	1	4	1988	35	3	-1	-1	2	-1	1	1	2	2	2	2	2	2	3	2023	-1	-1	-1
NS11566X	3	2	-1	-1	-1	-1	-1	-1	-1	-1	-1	-1	-1	-1	-1	-1	-1	-1	-1	-1	-1	-1	-1	-1	-1	-1
NS11568Z	2	1	5	2018	1	3	1990	32	3	-1	-1	1	1	-1	-1	-1	-1	-1	-1	-1	-1	-1	-1	-1	-1	-1
NS11570K	2	1	6	-8	2	9	1986	36	1	8	2021	1	1	-1	-1	-1	-1	-1	-1	-1	-1	-1	-1	-1	-1	-1
NS11572M	1	-1	-1	-1	-1	-1	-1	-1	3	-1	-1	2	-1	1	1	2	2	2	2	2	2	9	2016	-1	-1	-1
NS11572M	2	1	5	2017	1	2	1988	34	3	-1	-1	2	-1	1	2	2	2	1	2	2	2	6	2020	-1	-1	-1
NS11572M	3	2	-1	-1	-1	-1	-1	-1	-1	-1	-1	-1	-1	-1	-1	-1	-1	-1	-1	-1	-1	-1	-1	-1	-1	-1
NS11580E	2	2	-1	-1	-1	-1	-1	-1	-1	-1	-1	-1	-1	-1	-1	-1	-1	-1	-1	-1	-1	-1	-1	-1	-1	-1
NS11581F	2	2	-1	-1	-1	-1	-1	-1	-1	-1	-1	-1	-1	-1	-1	-1	-1	-1	-1	-1	-1	-1	-1	-1	-1	-1
NS11583H	2	2	-1	-1	-1	-1	-1	-1	-1	-1	-1	-1	-1	-1	-1	-1	-1	-1	-1	-1	-1	-1	-1	-1	-1	-1
NS11585K	2	2	-1	-1	-1	-1	-1	-1	-1	-1	-1	-1	-1	-1	-1	-1	-1	-1	-1	-1	-1	-1	-1	-1	-1	-1
NS11588N	2	1	6	2008	1	4	1990	32	3	-1	-1	2	-1	1	1	2	2	2	1	2	2	7	2010	-1	-1	-1
NS11588N	3	1	9	2011	1	9	1992	30	1	9	2012	2	-1	1	1	1	2	2	2	1	2	8	2013	1	1	2014
NS11588N	4	1	10	2013	1	11	1972	49	1	5	2016	2	-1	1	1	2	2	2	2	2	2	8	2021	1	2	2022
NS11588N	5	2	-1	-1	-1	-1	-1	-1	-1	-1	-1	-1	-1	-1	-1	-1	-1	-1	-1	-1	-1	-1	-1	-1	-1	-1
NS11590Z	2	1	6	2020	2	9	1991	31	3	-1	-1	1	1	-1	-1	-1	-1	-1	-1	-1	-1	-1	-1	-1	-1	-1
NS11592B	2	2	-1	-1	-1	-1	-1	-1	-1	-1	-1	-1	-1	-1	-1	-1	-1	-1	-1	-1	-1	-1	-1	-1	-1	-1
NS11594D	2	2	-1	-1	-1	-1	-1	-1	-1	-1	-1	-1	-1	-1	-1	-1	-1	-1	-1	-1	-1	-1	-1	-1	-1	-1
NS11598H	1	-1	-1	-1	-1	-1	-1	-1	3	-1	-1	2	-1	1	1	2	2	2	2	2	2	8	2020	-1	-1	-1
NS11598H	2	2	-1	-1	-1	-1	-1	-1	-1	-1	-1	-1	-1	-1	-1	-1	-1	-1	-1	-1	-1	-1	-1	-1	-1	-1
NS11601B	2	1	3	2019	2	2	1981	41	3	-1	-1	1	1	-1	-1	-1	-1	-1	-1	-1	-1	-1	-1	-1	-1	-1
NS11602C	1	-1	-1	-1	-1	-1	-1	-1	-1	-1	-1	2	-1	1	1	2	2	2	2	2	2	4	2018	1	8	2018
NS11602C	2	2	-1	-1	-1	-1	-1	-1	-1	-1	-1	-1	-1	-1	-1	-1	-1	-1	-1	-1	-1	-1	-1	-1	-1	-1
NS11603D	1	-1	-1	-1	-1	-1	-1	-1	3	-1	-1	1	1	-1	-1	-1	-1	-1	-1	-1	-1	-1	-1	-1	-1	-1
NS11608J	2	2	-1	-1	-1	-1	-1	-1	-1	-1	-1	-1	-1	-1	-1	-1	-1	-1	-1	-1	-1	-1	-1	-1	-1	-1
NS11613Y	1	-1	-1	-1	-1	-1	-1	-1	-1	-1	-1	1	1	-1	-1	-1	-1	-1	-1	-1	-1	-1	-1	-1	-1	-1
NS11614Z	2	1	2	2021	2	6	1992	29	3	-1	-1	1	1	-1	-1	-1	-1	-1	-1	-1	-1	-1	-1	-1	-1	-1
NS11616B	2	2	-1	-1	-1	-1	-1	-1	-1	-1	-1	-1	-1	-1	-1	-1	-1	-1	-1	-1	-1	-1	-1	-1	-1	-1
NS11617C	2	1	3	2010	2	6	1991	31	3	-1	-1	1	1	-1	-1	-1	-1	-1	-1	-1	-1	-1	-1	-1	-1	-1
NS11618D	1	-1	-1	-1	-1	-1	-1	-1	3	-1	-1	1	1	-1	-1	-1	-1	-1	-1	-1	-1	-1	-1	-1	-1	-1
NS11619E	2	1	9	2017	2	3	1990	32	1	3	2018	1	1	-1	-1	-1	-1	-1	-1	-1	-1	-1	-1	-1	-1	-1
NS11621Q	2	1	8	2020	1	4	1986	36	3	-1	-1	1	1	-1	-1	-1	-1	-1	-1	-1	-1	-1	-1	-1	-1	-1
NS11622R	2	2	-1	-1	-1	-1	-1	-1	-1	-1	-1	-1	-1	-1	-1	-1	-1	-1	-1	-1	-1	-1	-1	-1	-1	-1
NS11624T	2	2	-1	-1	-1	-1	-1	-1	-1	-1	-1	-1	-1	-1	-1	-1	-1	-1	-1	-1	-1	-1	-1	-1	-1	-1
NS11625V	2	1	1	2017	1	-9	-9	35	3	-1	-1	1	2	-1	-1	-1	-1	-1	-1	-1	-1	-9	-9	-1	-1	-1
NS11625V	3	2	-1	-1	-1	-1	-1	-1	-1	-1	-1	-1	-1	-1	-1	-1	-1	-1	-1	-1	-1	-1	-1	-1	-1	-1
NS11627X	2	1	7	2016	2	4	1990	32	3	-1	-1	2	-1	1	1	2	2	2	2	2	2	1	2020	-1	-1	-1
NS11627X	3	2	-1	-1	-1	-1	-1	-1	-1	-1	-1	-1	-1	-1	-1	-1	-1	-1	-1	-1	-1	-1	-1	-1	-1	-1
NS11630J	2	2	-1	-1	-1	-1	-1	-1	-1	-1	-1	-1	-1	-1	-1	-1	-1	-1	-1	-1	-1	-1	-1	-1	-1	-1
NS11631K	2	2	-1	-1	-1	-1	-1	-1	-1	-1	-1	-1	-1	-1	-1	-1	-1	-1	-1	-1	-1	-1	-1	-1	-1	-1
NS11634N	2	2	-1	-1	-1	-1	-1	-1	-1	-1	-1	-1	-1	-1	-1	-1	-1	-1	-1	-1	-1	-1	-1	-1	-1	-1
NS11635P	1	-1	-1	-1	-1	-1	-1	-1	1	8	2018	1	1	-1	-1	-1	-1	-1	-1	-1	-1	-1	-1	-1	-1	-1
NS11636Q	2	1	10	2018	2	10	1996	26	3	-1	-1	1	1	-1	-1	-1	-1	-1	-1	-1	-1	-1	-1	-1	-1	-1
NS11639T	1	-1	-1	-1	-1	-1	-1	-1	3	-1	-1	2	-1	1	1	2	2	2	2	2	2	8	2019	-1	-1	-1
NS11639T	2	1	3	2021	2	12	1990	32	3	-1	-1	1	1	-1	-1	-1	-1	-1	-1	-1	-1	-1	-1	-1	-1	-1
NS11640D	2	1	5	2010	1	1	1989	33	1	8	2020	1	1	-1	-1	-1	-1	-1	-1	-1	-1	-1	-1	-1	-1	-1
NS11643G	2	1	10	2019	1	4	1986	36	3	-1	-1	1	1	-1	-1	-1	-1	-1	-1	-1	-1	-1	-1	-1	-1	-1
NS11644H	2	1	5	2016	1	12	1979	42	3	-1	-1	1	1	-1	-1	-1	-1	-1	-1	-1	-1	-1	-1	-1	-1	-1
NS11646K	2	2	-1	-1	-1	-1	-1	-1	-1	-1	-1	-1	-1	-1	-1	-1	-1	-1	-1	-1	-1	-1	-1	-1	-1	-1
NS11648M	2	2	-1	-1	-1	-1	-1	-1	-1	-1	-1	-1	-1	-1	-1	-1	-1	-1	-1	-1	-1	-1	-1	-1	-1	-1
NS11650Y	1	1	5	2017	2	-1	-1	-1	3	-1	-1	1	2	-1	-1	-1	-1	-1	-1	-1	-1	-1	-1	-1	-1	-1
NS11651Z	2	2	-1	-1	-1	-1	-1	-1	-1	-1	-1	-1	-1	-1	-1	-1	-1	-1	-1	-1	-1	-1	-1	-1	-1	-1
NS11652A	2	1	4	2017	2	7	1991	31	3	-1	-1	1	1	-1	-1	-1	-1	-1	-1	-1	-1	-1	-1	-1	-1	-1
NS11653B	1	-1	-1	-1	-1	-1	-1	-1	1	8	2017	1	1	-1	-1	-1	-1	-1	-1	-1	-1	-1	-1	-1	-1	-1
NS11659H	1	-1	-1	-1	-1	-1	-1	-1	3	-1	-1	2	-1	1	1	2	2	2	2	2	2	3	2018	-1	-1	-1
NS11659H	2	2	-1	-1	-1	-1	-1	-1	-1	-1	-1	-1	-1	-1	-1	-1	-1	-1	-1	-1	-1	-1	-1	-1	-1	-1
NS11660S	2	2	-1	-1	-1	-1	-1	-1	-1	-1	-1	-1	-1	-1	-1	-1	-1	-1	-1	-1	-1	-1	-1	-1	-1	-1
NS11661T	2	1	3	2017	1	4	1989	34	3	-1	-1	2	-1	1	1	2	2	2	2	2	2	12	2017	-1	-1	-1
NS11661T	3	1	6	2019	1	5	1989	34	1	10	2021	1	1	-1	-1	-1	-1	-1	-1	-1	-1	-1	-1	-1	-1	-1
NS11662V	2	2	-1	-1	-1	-1	-1	-1	-1	-1	-1	-1	-1	-1	-1	-1	-1	-1	-1	-1	-1	-1	-1	-1	-1	-1
NS11663W	2	2	-1	-1	-1	-1	-1	-1	-1	-1	-1	-1	-1	-1	-1	-1	-1	-1	-1	-1	-1	-1	-1	-1	-1	-1
NS11667A	1	-1	-1	-1	-1	-1	-1	-1	-1	-1	-1	1	1	-1	-1	-1	-1	-1	-1	-1	-1	-1	-1	-1	-1	-1
NS11669C	2	1	4	2017	2	-8	1989	33	3	-1	-1	2	-1	1	1	2	2	2	2	2	2	1	2019	-1	-1	-1
NS11669C	3	2	-1	-1	-1	-1	-1	-1	-1	-1	-1	-1	-1	-1	-1	-1	-1	-1	-1	-1	-1	-1	-1	-1	-1	-1
NS11671N	2	2	-1	-1	-1	-1	-1	-1	-1	-1	-1	-1	-1	-1	-1	-1	-1	-1	-1	-1	-1	-1	-1	-1	-1	-1
NS11673Q	2	2	-1	-1	-1	-1	-1	-1	-1	-1	-1	-1	-1	-1	-1	-1	-1	-1	-1	-1	-1	-1	-1	-1	-1	-1
NS11674R	2	1	-8	-8	2	7	1993	29	1	4	2016	1	1	-1	-1	-1	-1	-1	-1	-1	-1	-1	-1	-1	-1	-1
NS11675S	2	2	-1	-1	-1	-1	-1	-1	-1	-1	-1	-1	-1	-1	-1	-1	-1	-1	-1	-1	-1	-1	-1	-1	-1	-1
NS11676T	2	2	-1	-1	-1	-1	-1	-1	-1	-1	-1	-1	-1	-1	-1	-1	-1	-1	-1	-1	-1	-1	-1	-1	-1	-1
NS11677V	2	2	-1	-1	-1	-1	-1	-1	-1	-1	-1	-1	-1	-1	-1	-1	-1	-1	-1	-1	-1	-1	-1	-1	-1	-1
NS11679X	2	2	-1	-1	-1	-1	-1	-1	-1	-1	-1	-1	-1	-1	-1	-1	-1	-1	-1	-1	-1	-1	-1	-1	-1	-1
NS11681H	2	1	12	2017	2	9	1989	33	3	-1	-1	2	-1	1	2	2	2	2	2	2	1	1	2020	-1	-1	-1
NS11681H	3	2	-1	-1	-1	-1	-1	-1	-1	-1	-1	-1	-1	-1	-1	-1	-1	-1	-1	-1	-1	-1	-1	-1	-1	-1
NS11682J	1	-1	-1	-1	-1	-1	-1	-1	-1	-1	-1	2	-1	1	2	2	2	2	2	2	1	7	2019	1	10	2021
NS11682J	2	2	-1	-1	-1	-1	-1	-1	-1	-1	-1	-1	-1	-1	-1	-1	-1	-1	-1	-1	-1	-1	-1	-1	-1	-1
NS11683K	1	-1	-1	-1	-1	-1	-1	-1	3	-1	-1	1	1	-1	-1	-1	-1	-1	-1	-1	-1	-1	-1	-1	-1	-1
NS11685M	2	1	9	2018	1	5	1991	30	1	9	2018	1	1	-1	-1	-1	-1	-1	-1	-1	-1	-1	-1	-1	-1	-1
NS11690B	1	-1	-1	-1	-1	-1	-1	-1	1	12	2021	1	1	-1	-1	-1	-1	-1	-1	-1	-1	-1	-1	-1	-1	-1
NS11692D	2	1	9	2020	2	5	1990	31	3	-1	-1	2	-1	1	1	2	2	2	2	2	2	1	2022	-1	-1	-1
NS11692D	3	2	-1	-1	-1	-1	-1	-1	-1	-1	-1	-1	-1	-1	-1	-1	-1	-1	-1	-1	-1	-1	-1	-1	-1	-1
NS11694F	1	-1	-1	-1	-1	-1	-1	-1	3	-1	-1	2	-1	1	1	2	2	2	2	2	2	7	2017	-1	-1	-1
NS11694F	2	1	2	2019	2	3	1993	29	1	4	2021	1	1	-1	-1	-1	-1	-1	-1	-1	-1	-1	-1	-1	-1	-1
NS11696H	2	1	10	2018	1	12	1989	32	1	10	2018	1	1	-1	-1	-1	-1	-1	-1	-1	-1	-1	-1	-1	-1	-1
NS11701D	1	-1	-1	-1	-1	-1	-1	-1	1	7	2019	1	1	-1	-1	-1	-1	-1	-1	-1	-1	-1	-1	-1	-1	-1
NS11702E	2	2	-1	-1	-1	-1	-1	-1	-1	-1	-1	-1	-1	-1	-1	-1	-1	-1	-1	-1	-1	-1	-1	-1	-1	-1
NS11703F	1	-1	-1	-1	-1	-1	-1	-1	3	-1	-1	1	1	-1	-1	-1	-1	-1	-1	-1	-1	-1	-1	-1	-1	-1
NS11704G	2	1	8	2016	2	11	1989	33	1	7	2021	1	1	-1	-1	-1	-1	-1	-1	-1	-1	-1	-1	-1	-1	-1
NS11707K	2	2	-1	-1	-1	-1	-1	-1	-1	-1	-1	-1	-1	-1	-1	-1	-1	-1	-1	-1	-1	-1	-1	-1	-1	-1
NS11710X	1	-1	-1	-1	-1	-1	-1	-1	3	-1	-1	2	-1	1	1	2	2	2	2	2	2	2	2021	-1	-1	-1
NS11710X	2	2	-1	-1	-1	-1	-1	-1	-1	-1	-1	-1	-1	-1	-1	-1	-1	-1	-1	-1	-1	-1	-1	-1	-1	-1
NS11714B	2	1	10	2016	1	1	1990	32	3	-1	-1	2	-1	1	1	2	2	2	1	2	2	1	2018	-1	-1	-1
NS11714B	3	1	10	2021	1	8	1990	32	1	11	2021	1	1	-1	-1	-1	-1	-1	-1	-1	-1	-1	-1	-1	-1	-1
NS11716D	2	1	1	2019	1	5	1980	42	1	3	2022	1	1	-1	-1	-1	-1	-1	-1	-1	-1	1	2018	-1	-1	-1
NS11716D	3	1	-1	-1	-1	-1	-1	-1	-1	-1	-1	-1	-1	-1	-1	-1	-1	-1	-1	-1	-1	-1	-1	-1	-1	-1
NS11718F	2	2	-1	-1	-1	-1	-1	-1	-1	-1	-1	-1	-1	-1	-1	-1	-1	-1	-1	-1	-1	-1	-1	-1	-1	-1
NS11719G	2	1	9	2021	2	-9	-9	-9	1	2	2020	2	-1	1	2	2	2	2	2	2	1	-9	-9	2	-1	-1
NS11719G	3	2	-1	-1	-1	-1	-1	-1	-1	-1	-1	-1	-1	-1	-1	-1	-1	-1	-1	-1	-1	-1	-1	-1	-1	-1
NS11722T	2	1	8	2017	1	12	1982	40	1	8	2017	1	1	-1	-1	-1	-1	-1	-1	-1	-1	-1	-1	-1	-1	-1
NS11724W	2	2	-1	-1	-1	-1	-1	-1	-1	-1	-1	-1	-1	-1	-1	-1	-1	-1	-1	-1	-1	-1	-1	-1	-1	-1
NS11727Z	1	-1	-1	-1	-1	-1	-1	-1	3	-1	-1	1	1	-1	-1	-1	-1	-1	-1	-1	-1	-1	-1	-1	-1	-1
NS11728A	2	1	7	2019	2	8	1997	25	3	-1	-1	2	-1	1	1	2	2	2	2	2	2	6	2020	-1	-1	-1
NS11728A	3	2	-1	-1	-1	-1	-1	-1	-1	-1	-1	-1	-1	-1	-1	-1	-1	-1	-1	-1	-1	-1	-1	-1	-1	-1
NS11731M	1	-1	-1	-1	-1	-1	-1	-1	3	-1	-1	2	-1	1	2	2	2	2	2	2	1	9	2016	-1	-1	-1
NS11731M	2	1	10	2016	1	5	1994	28	3	-1	-1	1	1	-1	-1	-1	-1	-1	-1	-1	-1	-1	-1	-1	-1	-1
NS11732N	2	1	2	2019	2	9	1991	31	2	11	2020	1	1	-1	-1	-1	-1	-1	-1	-1	-1	-1	-1	-1	-1	-1
NS11734Q	2	1	11	2019	1	12	1989	32	1	11	2019	1	1	-1	-1	-1	-1	-1	-1	-1	-1	-1	-1	-1	-1	-1
NS11736S	2	2	-1	-1	-1	-1	-1	-1	-1	-1	-1	-1	-1	-1	-1	-1	-1	-1	-1	-1	-1	-1	-1	-1	-1	-1
NS11737T	2	1	4	2022	-9	-9	-9	41	3	-1	-1	2	-1	2	-1	-1	-1	-1	-1	-1	-1	1	2023	-1	-1	-1
NS11737T	3	2	-1	-1	-1	-1	-1	-1	-1	-1	-1	-1	-1	-1	-1	-1	-1	-1	-1	-1	-1	-1	-1	-1	-1	-1
NS11738V	2	1	10	2017	1	5	1987	35	1	5	2022	1	1	-1	-1	-1	-1	-1	-1	-1	-1	-1	-1	-1	-1	-1
NS11739W	2	2	-1	-1	-1	-1	-1	-1	-1	-1	-1	-1	-1	-1	-1	-1	-1	-1	-1	-1	-1	-1	-1	-1	-1	-1
NS11742H	1	-1	-1	-1	-1	-1	-1	-1	3	-1	-1	1	1	-1	-1	-1	-1	-1	-1	-1	-1	-1	-1	-1	-1	-1
NS11744K	2	2	-1	-1	-1	-1	-1	-1	-1	-1	-1	-1	-1	-1	-1	-1	-1	-1	-1	-1	-1	-1	-1	-1	-1	-1
NS11745L	2	2	-1	-1	-1	-1	-1	-1	-1	-1	-1	-1	-1	-1	-1	-1	-1	-1	-1	-1	-1	-1	-1	-1	-1	-1
NS11746M	2	2	-1	-1	-1	-1	-1	-1	-1	-1	-1	-1	-1	-1	-1	-1	-1	-1	-1	-1	-1	-1	-1	-1	-1	-1
NS11751B	2	2	-1	-1	-1	-1	-1	-1	-1	-1	-1	-1	-1	-1	-1	-1	-1	-1	-1	-1	-1	-1	-1	-1	-1	-1
NS11752C	2	2	-1	-1	-1	-1	-1	-1	-1	-1	-1	-1	-1	-1	-1	-1	-1	-1	-1	-1	-1	-1	-1	-1	-1	-1
NS11753D	2	1	8	2016	1	9	1988	34	1	6	2016	1	1	-1	-1	-1	-1	-1	-1	-1	-1	-1	-1	-1	-1	-1
NS11755F	2	1	8	2016	2	4	1990	32	1	7	2022	1	1	-1	-1	-1	-1	-1	-1	-1	-1	-1	-1	-1	-1	-1
NS11756G	2	1	8	2012	1	10	1987	35	1	7	2022	1	1	-1	-1	-1	-1	-1	-1	-1	-1	-1	-1	-1	-1	-1
NS11758J	2	2	-1	-1	-1	-1	-1	-1	-1	-1	-1	-1	-1	-1	-1	-1	-1	-1	-1	-1	-1	-1	-1	-1	-1	-1
NS11760V	2	2	-1	-1	-1	-1	-1	-1	-1	-1	-1	-1	-1	-1	-1	-1	-1	-1	-1	-1	-1	-1	-1	-1	-1	-1
NS11762X	2	1	8	2018	2	2	1992	30	3	-1	-1	1	1	-1	-1	-1	-1	-1	-1	-1	-1	-1	-1	-1	-1	-1
NS11765A	2	1	10	2018	2	2	1991	32	1	8	2018	1	1	-1	-1	-1	-1	-1	-1	-1	-1	-1	-1	-1	-1	-1
NS11767C	2	1	10	2021	2	12	1993	29	3	-1	-1	1	1	-1	-1	-1	-1	-1	-1	-1	-1	-1	-1	-1	-1	-1
NS11770P	2	1	5	2016	1	4	1986	37	3	-1	-1	2	-1	1	1	2	2	2	2	2	2	2	2019	-1	-1	-1
NS11770P	3	1	2	2021	1	10	1988	34	3	-1	-1	1	1	-1	-1	-1	-1	-1	-1	-1	-1	-1	-1	-1	-1	-1
NS11771Q	1	-1	-1	-1	-1	-1	-1	-1	1	9	2017	2	-1	1	1	2	2	2	2	2	2	1	2022	2	-1	-1
NS11771Q	2	2	-1	-1	-1	-1	-1	-1	-1	-1	-1	-1	-1	-1	-1	-1	-1	-1	-1	-1	-1	-1	-1	-1	-1	-1
NS11775V	1	-1	-1	-1	-1	-1	-1	-1	1	6	2018	1	1	-1	-1	-1	-1	-1	-1	-1	-1	-1	-1	-1	-1	-1
NS11777X	1	-1	-1	-1	-1	-1	-1	-1	-1	-1	-1	1	1	-1	-1	-1	-1	-1	-1	-1	-1	-1	-1	-1	-1	-1
NS11778Y	1	-1	-1	-1	-1	-1	-1	-1	1	8	2018	1	1	-1	-1	-1	-1	-1	-1	-1	-1	-1	-1	-1	-1	-1
NS11780J	2	1	3	2020	1	11	1989	33	3	-1	-1	1	1	-1	-1	-1	-1	-1	-1	-1	-1	-1	-1	-1	-1	-1
NS11781K	2	1	4	2023	1	2	1984	39	3	-1	-1	1	1	-1	-1	-1	-1	-1	-1	-1	-1	-1	-1	-1	-1	-1
NS11783M	1	-1	-1	-1	-1	-1	-1	-1	3	-1	-1	-9	-1	-1	-1	-1	-1	-1	-1	-1	-1	-1	-1	-1	-1	-1
NS11783M	2	2	-1	-1	-1	-1	-1	-1	-1	-1	-1	-1	-1	-1	-1	-1	-1	-1	-1	-1	-1	-1	-1	-1	-1	-1
NS11785P	2	1	11	2016	2	6	1992	30	3	-1	-1	1	1	-1	-1	-1	-1	-1	-1	-1	-1	-1	-1	-1	-1	-1
NS11786Q	2	1	12	2019	2	11	1995	27	1	8	2021	1	1	-1	-1	-1	-1	-1	-1	-1	-1	-1	-1	-1	-1	-1
NS11787R	2	1	5	2017	2	9	1989	33	3	-1	-1	1	1	-1	-1	-1	-1	-1	-1	-1	-1	-1	-1	-1	-1	-1
NS11788S	2	2	-1	-1	-1	-1	-1	-1	-1	-1	-1	-1	-1	-1	-1	-1	-1	-1	-1	-1	-1	-1	-1	-1	-1	-1
NS11791E	2	1	10	2011	2	2	1993	29	3	-1	-1	2	-1	1	1	2	2	2	2	2	2	-8	2014	-1	-1	-1
NS11791E	3	1	-8	2017	2	-9	-9	26	3	-1	-1	2	-1	1	1	2	2	2	2	2	2	-8	2019	-1	-1	-1
NS11791E	4	2	-1	-1	-1	-1	-1	-1	-1	-1	-1	-1	-1	-1	-1	-1	-1	-1	-1	-1	-1	-1	-1	-1	-1	-1
NS11796K	2	2	-1	-1	-1	-1	-1	-1	-1	-1	-1	-1	-1	-1	-1	-1	-1	-1	-1	-1	-1	-1	-1	-1	-1	-1
NS11799N	1	-1	-1	-1	-1	-1	-1	-1	-1	-1	-1	1	1	-1	-1	-1	-1	-1	-1	-1	-1	-1	-1	-1	-1	-1
NS11801F	2	2	-1	-1	-1	-1	-1	-1	-1	-1	-1	-1	-1	-1	-1	-1	-1	-1	-1	-1	-1	-1	-1	-1	-1	-1
NS11804J	2	1	8	2013	1	11	1988	34	3	-1	-1	1	1	-1	-1	-1	-1	-1	-1	-1	-1	-1	-1	-1	-1	-1
NS11809P	2	1	10	2015	2	7	1992	29	1	9	2019	1	1	-1	-1	-1	-1	-1	-1	-1	-1	-1	-1	-1	-1	-1
NS11811A	2	1	4	2016	2	6	1990	32	2	12	2020	1	1	-1	-1	-1	-1	-1	-1	-1	-1	-1	-1	-1	-1	-1
NS11815E	2	2	-1	-1	-1	-1	-1	-1	-1	-1	-1	-1	-1	-1	-1	-1	-1	-1	-1	-1	-1	-1	-1	-1	-1	-1
NS11816F	2	2	-1	-1	-1	-1	-1	-1	-1	-1	-1	-1	-1	-1	-1	-1	-1	-1	-1	-1	-1	-1	-1	-1	-1	-1
NS11817G	1	-1	-1	-1	-1	-1	-1	-1	3	-1	-1	1	1	-1	-1	-1	-1	-1	-1	-1	-1	-1	-1	-1	-1	-1
NS11823X	2	2	-1	-1	-1	-1	-1	-1	-1	-1	-1	-1	-1	-1	-1	-1	-1	-1	-1	-1	-1	-1	-1	-1	-1	-1
NS11825Z	2	1	3	2018	2	7	1989	32	3	-1	-1	2	-1	1	1	2	2	2	2	2	2	5	2020	-1	-1	-1
NS11825Z	3	2	-1	-1	-1	-1	-1	-1	-1	-1	-1	-1	-1	-1	-1	-1	-1	-1	-1	-1	-1	-1	-1	-1	-1	-1
NS11826A	2	2	-1	-1	-1	-1	-1	-1	-1	-1	-1	-1	-1	-1	-1	-1	-1	-1	-1	-1	-1	-1	-1	-1	-1	-1
NS11828C	2	2	-1	-1	-1	-1	-1	-1	-1	-1	-1	-1	-1	-1	-1	-1	-1	-1	-1	-1	-1	-1	-1	-1	-1	-1
NS11831P	2	2	-1	-1	-1	-1	-1	-1	-1	-1	-1	-1	-1	-1	-1	-1	-1	-1	-1	-1	-1	-1	-1	-1	-1	-1
NS11833R	2	1	12	2010	2	8	1990	32	3	-1	-1	1	1	-1	-1	-1	-1	-1	-1	-1	-1	-1	-1	-1	-1	-1
NS11837W	2	1	5	2022	2	6	1994	28	3	-1	-1	1	1	-1	-1	-1	-1	-1	-1	-1	-1	-1	-1	-1	-1	-1
NS11840H	2	1	2	2016	2	10	1989	33	1	10	2022	1	1	-1	-1	-1	-1	-1	-1	-1	-1	-1	-1	-1	-1	-1
NS11841J	2	2	-1	-1	-1	-1	-1	-1	-1	-1	-1	-1	-1	-1	-1	-1	-1	-1	-1	-1	-1	-1	-1	-1	-1	-1
NS11844M	2	1	11	2016	2	9	1989	33	3	-1	-1	1	1	-1	-1	-1	-1	-1	-1	-1	-1	-1	-1	-1	-1	-1
NS11846P	2	1	2	2018	2	12	1992	29	1	2	2018	1	1	-1	-1	-1	-1	-1	-1	-1	-1	-1	-1	-1	-1	-1
NS11848R	2	2	-1	-1	-1	-1	-1	-1	-1	-1	-1	-1	-1	-1	-1	-1	-1	-1	-1	-1	-1	-1	-1	-1	-1	-1
NS11852E	2	2	-1	-1	-1	-1	-1	-1	-1	-1	-1	-1	-1	-1	-1	-1	-1	-1	-1	-1	-1	-1	-1	-1	-1	-1
NS11853F	2	1	11	2016	1	6	1989	33	1	4	2022	1	1	-1	-1	-1	-1	-1	-1	-1	-1	-1	-1	-1	-1	-1
NS11854G	2	1	6	2016	2	5	1986	37	1	7	2018	1	1	-1	-1	-1	-1	-1	-1	-1	-1	-1	-1	-1	-1	-1
NS11855H	1	-1	-1	-1	-1	-1	-1	-1	3	-1	-1	2	-1	1	2	2	1	2	1	2	2	7	2021	-1	-1	-1
NS11855H	2	2	-1	-1	-1	-1	-1	-1	-1	-1	-1	-1	-1	-1	-1	-1	-1	-1	-1	-1	-1	-1	-1	-1	-1	-1
NS11856J	2	1	9	2016	1	4	1991	31	1	6	2022	1	1	-1	-1	-1	-1	-1	-1	-1	-1	-1	-1	-1	-1	-1
NS11857K	2	1	11	2018	2	8	1995	27	3	-1	-1	1	1	-1	-1	-1	-1	-1	-1	-1	-1	-1	-1	-1	-1	-1
NS11858L	2	2	-1	-1	-1	-1	-1	-1	-1	-1	-1	-1	-1	-1	-1	-1	-1	-1	-1	-1	-1	-1	-1	-1	-1	-1
NS11859M	2	1	6	2016	1	1	1988	34	1	6	2016	1	1	-1	-1	-1	-1	-1	-1	-1	-1	-1	-1	-1	-1	-1
NS11860X	2	2	-1	-1	-1	-1	-1	-1	-1	-1	-1	-1	-1	-1	-1	-1	-1	-1	-1	-1	-1	-1	-1	-1	-1	-1
NS11861Y	2	1	11	2015	1	6	1989	33	1	5	2019	1	1	-1	-1	-1	-1	-1	-1	-1	-1	-1	-1	-1	-1	-1
NS11863A	2	2	-1	-1	-1	-1	-1	-1	-1	-1	-1	-1	-1	-1	-1	-1	-1	-1	-1	-1	-1	-1	-1	-1	-1	-1
NS11864B	2	2	-1	-1	-1	-1	-1	-1	-1	-1	-1	-1	-1	-1	-1	-1	-1	-1	-1	-1	-1	-1	-1	-1	-1	-1
NS11866D	2	1	11	2018	2	8	1992	30	3	-1	-1	1	1	-1	-1	-1	-1	-1	-1	-1	-1	-1	-1	-1	-1	-1
NS11867E	2	1	2	2016	1	8	1990	32	1	9	2021	1	1	-1	-1	-1	-1	-1	-1	-1	-1	-1	-1	-1	-1	-1
NS11868F	1	-1	-1	-1	-1	-1	-1	-1	3	-1	-1	2	-1	1	1	2	2	2	2	2	2	7	2019	-1	-1	-1
NS11868F	2	2	-1	-1	-1	-1	-1	-1	-1	-1	-1	-1	-1	-1	-1	-1	-1	-1	-1	-1	-1	-1	-1	-1	-1	-1
NS11874W	1	-1	-1	-1	-1	-1	-1	-1	3	-1	-1	2	-1	1	1	2	2	2	2	2	2	6	2017	-1	-1	-1
NS11874W	2	2	-1	-1	-1	-1	-1	-1	-1	-1	-1	-1	-1	-1	-1	-1	-1	-1	-1	-1	-1	-1	-1	-1	-1	-1
NS11875X	2	1	4	2010	1	10	1985	37	3	-1	-1	1	1	-1	-1	-1	-1	-1	-1	-1	-1	-1	-1	-1	-1	-1
NS11876Y	2	1	10	2011	1	9	1986	36	1	10	2011	1	1	-1	-1	-1	-1	-1	-1	-1	-1	-1	-1	-1	-1	-1
NS11877Z	2	1	6	2021	2	7	1994	27	3	-1	-1	1	1	-1	-1	-1	-1	-1	-1	-1	-1	-1	-1	-1	-1	-1
NS11880L	2	2	-1	-1	-1	-1	-1	-1	-1	-1	-1	-1	-1	-1	-1	-1	-1	-1	-1	-1	-1	-1	-1	-1	-1	-1
NS11881M	2	1	9	2016	1	3	1991	31	1	12	2019	1	1	-1	-1	-1	-1	-1	-1	-1	-1	-1	-1	-1	-1	-1
NS11884Q	1	-1	-1	-1	-1	-1	-1	-1	-1	-1	-1	1	1	-1	-1	-1	-1	-1	-1	-1	-1	-1	-1	-1	-1	-1
NS11885R	2	2	-1	-1	-1	-1	-1	-1	-1	-1	-1	-1	-1	-1	-1	-1	-1	-1	-1	-1	-1	-1	-1	-1	-1	-1
NS11889W	2	1	3	2022	1	7	1990	32	3	-1	-1	1	1	-1	-1	-1	-1	-1	-1	-1	-1	-1	-1	-1	-1	-1
NS11890F	2	2	-1	-1	-1	-1	-1	-1	-1	-1	-1	-1	-1	-1	-1	-1	-1	-1	-1	-1	-1	-1	-1	-1	-1	-1
NS11894K	1	-1	-1	-1	-1	-1	-1	-1	1	5	2021	1	1	-1	-1	-1	-1	-1	-1	-1	-1	-1	-1	-1	-1	-1
NS11896M	1	-1	-1	-1	-1	-1	-1	-1	3	-1	-1	2	-1	1	1	2	2	2	2	2	2	3	2020	-1	-1	-1
NS11896M	2	2	-1	-1	-1	-1	-1	-1	-1	-1	-1	-1	-1	-1	-1	-1	-1	-1	-1	-1	-1	-1	-1	-1	-1	-1
NS11897N	2	1	8	2022	2	8	1995	28	3	-1	-1	1	1	-1	-1	-1	-1	-1	-1	-1	-1	-1	-1	-1	-1	-1
NS11902J	2	2	-1	-1	-1	-1	-1	-1	-1	-1	-1	-1	-1	-1	-1	-1	-1	-1	-1	-1	-1	-1	-1	-1	-1	-1
NS11903K	1	-1	-1	-1	-1	-1	-1	-1	3	-1	-1	1	1	-1	-1	-1	-1	-1	-1	-1	-1	-1	-1	-1	-1	-1
NS11904L	1	-1	-1	-1	-1	-1	-1	-1	-1	-1	-1	1	1	-1	-1	-1	-1	-1	-1	-1	-1	-1	-1	-1	-1	-1
NS11909R	1	-1	-1	-1	-1	-1	-1	-1	3	-1	-1	1	1	-1	-1	-1	-1	-1	-1	-1	-1	-1	-1	-1	-1	-1
NS11912D	1	-1	-1	-1	-1	-1	-1	-1	3	-1	-1	1	1	-1	-1	-1	-1	-1	-1	-1	-1	-1	-1	-1	-1	-1
NS11916H	2	1	4	2016	1	12	1980	42	3	-1	-1	1	1	-1	-1	-1	-1	-1	-1	-1	-1	-1	-1	-1	-1	-1
NS11917J	1	-1	-1	-1	-1	-1	-1	-1	3	-1	-1	2	-1	1	1	2	2	1	2	2	2	8	2016	-1	-1	-1
NS11917J	2	1	5	2018	2	9	1993	28	3	-1	-1	1	1	-1	-1	-1	-1	-1	-1	-1	-1	-1	-1	-1	-1	-1
NS11918K	2	1	4	2018	1	5	1990	33	3	-1	-1	2	-1	1	1	2	2	2	2	2	2	2	2020	-1	-1	-1
NS11918K	3	2	-1	-1	-1	-1	-1	-1	-1	-1	-1	-1	-1	-1	-1	-1	-1	-1	-1	-1	-1	-1	-1	-1	-1	-1
NS11920W	2	1	3	2021	2	5	1991	31	3	-1	-1	2	-1	1	1	2	2	2	2	2	2	11	2022	-1	-1	-1
NS11920W	3	2	-1	-1	-1	-1	-1	-1	-1	-1	-1	-1	-1	-1	-1	-1	-1	-1	-1	-1	-1	-1	-1	-1	-1	-1
NS11922Y	2	2	-1	-1	-1	-1	-1	-1	-1	-1	-1	-1	-1	-1	-1	-1	-1	-1	-1	-1	-1	-1	-1	-1	-1	-1
NS11925B	2	2	-1	-1	-1	-1	-1	-1	-1	-1	-1	-1	-1	-1	-1	-1	-1	-1	-1	-1	-1	-1	-1	-1	-1	-1
NS11928E	2	1	6	2022	2	9	1988	34	1	2	2023	2	-1	2	-1	-1	-1	-1	-1	-1	-1	2	2023	2	-1	-1
NS11928E	3	2	-1	-1	-1	-1	-1	-1	-1	-1	-1	-1	-1	-1	-1	-1	-1	-1	-1	-1	-1	-1	-1	-1	-1	-1
NS11929F	1	-1	-1	-1	-1	-1	-1	-1	3	-1	-1	1	1	-1	-1	-1	-1	-1	-1	-1	-1	-1	-1	-1	-1	-1
NS11930Q	2	1	7	2018	1	11	1990	32	3	-1	-1	2	-1	1	1	2	2	2	2	2	2	9	2022	-1	-1	-1
NS11930Q	3	2	-1	-1	-1	-1	-1	-1	-1	-1	-1	-1	-1	-1	-1	-1	-1	-1	-1	-1	-1	-1	-1	-1	-1	-1
NS11932S	2	1	11	2017	1	7	1984	37	3	-1	-1	1	1	-1	-1	-1	-1	-1	-1	-1	-1	-1	-1	-1	-1	-1
NS11933T	2	1	1	2017	1	4	1991	31	1	1	2022	1	1	-1	-1	-1	-1	-1	-1	-1	-1	-1	-1	-1	-1	-1
NS11934V	2	2	-1	-1	-1	-1	-1	-1	-1	-1	-1	-1	-1	-1	-1	-1	-1	-1	-1	-1	-1	-1	-1	-1	-1	-1
NS11935W	2	1	8	2017	2	8	1995	27	1	8	2022	1	1	-1	-1	-1	-1	-1	-1	-1	-1	-1	-1	-1	-1	-1
NS11937Y	2	1	1	2020	2	3	1993	29	3	-1	-1	1	1	-1	-1	-1	-1	-1	-1	-1	-1	-1	-1	-1	-1	-1
NS11939A	2	2	-1	-1	-1	-1	-1	-1	-1	-1	-1	-1	-1	-1	-1	-1	-1	-1	-1	-1	-1	-1	-1	-1	-1	-1
NS11941L	2	1	8	2017	1	10	1988	34	3	-1	-1	2	-1	1	2	2	2	2	1	2	2	9	2020	-1	-1	-1
NS11941L	3	2	-1	-1	-1	-1	-1	-1	-1	-1	-1	-1	-1	-1	-1	-1	-1	-1	-1	-1	-1	-1	-1	-1	-1	-1
NS11942M	2	2	-1	-1	-1	-1	-1	-1	-1	-1	-1	-1	-1	-1	-1	-1	-1	-1	-1	-1	-1	-1	-1	-1	-1	-1
NS11946R	2	1	2	2020	2	10	1990	32	1	2	2020	1	1	-1	-1	-1	-1	-1	-1	-1	-1	-1	-1	-1	-1	-1
NS11947S	1	-1	-1	-1	-1	-1	-1	-1	-1	-1	-1	1	1	-1	-1	-1	-1	-1	-1	-1	-1	-1	-1	-1	-1	-1
NS11948T	2	1	11	2018	2	9	1992	29	1	7	2018	1	1	-1	-1	-1	-1	-1	-1	-1	-1	-1	-1	-1	-1	-1
NS11950E	1	-1	-1	-1	-1	-1	-1	-1	1	7	2017	1	1	-1	-1	-1	-1	-1	-1	-1	-1	-1	-1	-1	-1	-1
NS11952G	1	-1	-1	-1	-1	-1	-1	-1	1	9	2018	1	1	-1	-1	-1	-1	-1	-1	-1	-1	-1	-1	-1	-1	-1
NS11953H	2	2	-1	-1	-1	-1	-1	-1	-1	-1	-1	-1	-1	-1	-1	-1	-1	-1	-1	-1	-1	-1	-1	-1	-1	-1
NS11961A	1	-1	-1	-1	-1	-1	-1	-1	3	-1	-1	1	1	-1	-1	-1	-1	-1	-1	-1	-1	-1	-1	-1	-1	-1
NS11964D	1	-1	-1	-1	-1	-1	-1	-1	-1	-1	-1	1	1	-1	-1	-1	-1	-1	-1	-1	-1	-1	-1	-1	-1	-1
NS11967G	2	1	2	2018	2	11	1992	30	1	2	2018	1	1	-1	-1	-1	-1	-1	-1	-1	-1	-1	-1	-1	-1	-1
NS11969J	2	2	-1	-1	-1	-1	-1	-1	-1	-1	-1	-1	-1	-1	-1	-1	-1	-1	-1	-1	-1	-1	-1	-1	-1	-1
NS11970T	2	2	-1	-1	-1	-1	-1	-1	-1	-1	-1	-1	-1	-1	-1	-1	-1	-1	-1	-1	-1	-1	-1	-1	-1	-1
NS11973X	2	1	10	2013	2	9	1990	32	1	7	2015	1	1	-1	-1	-1	-1	-1	-1	-1	-1	-1	-1	-1	-1	-1
NS11974Y	2	1	7	2018	1	10	1992	30	3	-1	-1	1	1	-1	-1	-1	-1	-1	-1	-1	-1	-1	-1	-1	-1	-1
NS11981P	1	-1	-1	-1	-1	-1	-1	-1	3	-1	-1	1	1	-1	-1	-1	-1	-1	-1	-1	-1	-1	-1	-1	-1	-1
NS11985T	1	-1	-1	-1	-1	-1	-1	-1	-1	-1	-1	1	1	-1	-1	-1	-1	-1	-1	-1	-1	-1	-1	-1	-1	-1
NS11986V	2	1	10	2011	1	7	1987	34	1	2	2019	1	1	-1	-1	-1	-1	-1	-1	-1	-1	-1	-1	-1	-1	-1
NS11987W	2	1	8	2013	1	12	1989	32	1	5	2019	1	1	-1	-1	-1	-1	-1	-1	-1	-1	-1	-1	-1	-1	-1
NS11991J	2	2	-1	-1	-1	-1	-1	-1	-1	-1	-1	-1	-1	-1	-1	-1	-1	-1	-1	-1	-1	-1	-1	-1	-1	-1
NS11993L	1	-1	-1	-1	-1	-1	-1	-1	3	-1	-1	1	1	-1	-1	-1	-1	-1	-1	-1	-1	-1	-1	-1	-1	-1
NS11999S	1	-1	-1	-1	-1	-1	-1	-1	1	2	2017	1	1	-1	-1	-1	-1	-1	-1	-1	-1	-1	-1	-1	-1	-1
NS12000H	1	-1	-1	-1	-1	-1	-1	-1	1	11	2018	1	1	-1	-1	-1	-1	-1	-1	-1	-1	-1	-1	-1	-1	-1
NS12003L	2	2	-1	-1	-1	-1	-1	-1	-1	-1	-1	-1	-1	-1	-1	-1	-1	-1	-1	-1	-1	-1	-1	-1	-1	-1
NS12006P	2	2	-1	-1	-1	-1	-1	-1	-1	-1	-1	-1	-1	-1	-1	-1	-1	-1	-1	-1	-1	-1	-1	-1	-1	-1
NS12008R	2	2	-1	-1	-1	-1	-1	-1	-1	-1	-1	-1	-1	-1	-1	-1	-1	-1	-1	-1	-1	-1	-1	-1	-1	-1
NS12009S	1	-1	-1	-1	-1	-1	-1	-1	3	-1	-1	1	2	-1	-1	-1	-1	-1	-1	-1	-1	1	2016	-1	-1	-1
NS12009S	2	2	-1	-1	-1	-1	-1	-1	-1	-1	-1	-1	-1	-1	-1	-1	-1	-1	-1	-1	-1	-1	-1	-1	-1	-1
NS12013F	2	2	-1	-1	-1	-1	-1	-1	-1	-1	-1	-1	-1	-1	-1	-1	-1	-1	-1	-1	-1	-1	-1	-1	-1	-1
NS12014G	2	1	10	2013	1	8	1989	33	1	6	2018	1	1	-1	-1	-1	-1	-1	-1	-1	-1	-1	-1	-1	-1	-1
NS12015H	2	1	1	2018	2	7	1993	28	1	10	2021	1	1	-1	-1	-1	-1	-1	-1	-1	-1	-1	-1	-1	-1	-1
NS12016J	1	-1	-1	-1	-1	-1	-1	-1	1	4	2017	1	1	-1	-1	-1	-1	-1	-1	-1	-1	-1	-1	-1	-1	-1
NS12019M	1	-1	-1	-1	-1	-1	-1	-1	1	4	2017	1	1	-1	-1	-1	-1	-1	-1	-1	-1	-1	-1	-1	-1	-1
NS12021Y	2	2	-1	-1	-1	-1	-1	-1	-1	-1	-1	-1	-1	-1	-1	-1	-1	-1	-1	-1	-1	-1	-1	-1	-1	-1
NS12022Z	2	1	1	2014	2	7	1991	30	1	6	2017	1	1	-1	-1	-1	-1	-1	-1	-1	-1	-1	-1	-1	-1	-1
NS12023A	1	-1	-1	-1	-1	-1	-1	-1	2	7	2020	1	1	-1	-1	-1	-1	-1	-1	-1	-1	-1	-1	-1	-1	-1
NS12024B	2	1	3	2017	2	11	1989	33	1	4	2019	1	1	-1	-1	-1	-1	-1	-1	-1	-1	-1	-1	-1	-1	-1
NS12026D	1	-1	-1	-1	-1	-1	-1	-1	3	-1	-1	1	1	-1	-1	-1	-1	-1	-1	-1	-1	-1	-1	-1	-1	-1
NS12029G	2	2	-1	-1	-1	-1	-1	-1	-1	-1	-1	-1	-1	-1	-1	-1	-1	-1	-1	-1	-1	-1	-1	-1	-1	-1
NS12030R	1	-1	-1	-1	-1	-1	-1	-1	-1	-1	-1	1	1	-1	-1	-1	-1	-1	-1	-1	-1	-1	-1	-1	-1	-1
NS12034W	1	-1	-1	-1	-1	-1	-1	-1	3	-1	-1	1	1	-1	-1	-1	-1	-1	-1	-1	-1	-1	-1	-1	-1	-1
NS12035X	2	1	6	2015	1	4	1987	35	3	-1	-1	2	-1	1	2	2	2	2	1	2	2	11	2017	-1	-1	-1
NS12035X	3	2	-1	-1	-1	-1	-1	-1	-1	-1	-1	-1	-1	-1	-1	-1	-1	-1	-1	-1	-1	-1	-1	-1	-1	-1
NS12037Z	1	-1	-1	-1	-1	-1	-1	-1	3	-1	-1	2	-1	1	1	2	2	2	2	2	2	11	2020	-1	-1	-1
NS12037Z	2	2	-1	-1	-1	-1	-1	-1	-1	-1	-1	-1	-1	-1	-1	-1	-1	-1	-1	-1	-1	-1	-1	-1	-1	-1
NS12042N	2	1	1	2020	1	12	1989	32	3	-1	-1	2	-1	1	1	1	2	2	2	2	2	12	2021	-1	-1	-1
NS12042N	3	2	-1	-1	-1	-1	-1	-1	-1	-1	-1	-1	-1	-1	-1	-1	-1	-1	-1	-1	-1	-1	-1	-1	-1	-1
NS12043P	2	1	4	2021	1	3	1989	33	1	4	2021	1	1	-1	-1	-1	-1	-1	-1	-1	-1	-1	-1	-1	-1	-1
NS12044Q	2	1	1	2010	1	6	1987	35	3	-1	-1	1	1	-1	-1	-1	-1	-1	-1	-1	-1	-1	-1	-1	-1	-1
NS12047T	1	-1	-1	-1	-1	-1	-1	-1	1	8	2018	1	1	-1	-1	-1	-1	-1	-1	-1	-1	-1	-1	-1	-1	-1
NS12048V	2	1	9	2019	1	5	1987	35	3	-1	-1	2	-1	1	2	2	2	2	1	2	2	12	2021	-1	-1	-1
NS12048V	3	2	-1	-1	-1	-1	-1	-1	-1	-1	-1	-1	-1	-1	-1	-1	-1	-1	-1	-1	-1	-1	-1	-1	-1	-1
NS12050F	2	1	9	2012	2	9	1990	32	1	8	2017	1	1	-1	-1	-1	-1	-1	-1	-1	-1	-1	-1	-1	-1	-1
NS12051G	1	-1	-1	-1	-1	-1	-1	-1	1	6	2019	1	1	-1	-1	-1	-1	-1	-1	-1	-1	-1	-1	-1	-1	-1
NS12052H	2	1	10	2017	2	5	1987	35	3	-1	-1	1	1	-1	-1	-1	-1	-1	-1	-1	-1	-1	-1	-1	-1	-1
NS12053J	2	2	-1	-1	-1	-1	-1	-1	-1	-1	-1	-1	-1	-1	-1	-1	-1	-1	-1	-1	-1	-1	-1	-1	-1	-1
NS12055L	2	2	-1	-1	-1	-1	-1	-1	-1	-1	-1	-1	-1	-1	-1	-1	-1	-1	-1	-1	-1	-1	-1	-1	-1	-1
NS12064E	2	1	7	2016	1	5	1990	32	1	8	2018	1	1	-1	-1	-1	-1	-1	-1	-1	-1	-1	-1	-1	-1	-1
NS12068J	2	1	7	2017	1	3	1993	29	3	-1	-1	1	1	-1	-1	-1	-1	-1	-1	-1	-1	-1	-1	-1	-1	-1
NS12071W	1	-1	-1	-1	-1	-1	-1	-1	-1	-1	-1	1	1	-1	-1	-1	-1	-1	-1	-1	-1	-1	-1	-1	-1	-1
NS12072X	2	2	-1	-1	-1	-1	-1	-1	-1	-1	-1	-1	-1	-1	-1	-1	-1	-1	-1	-1	-1	-1	-1	-1	-1	-1
NS12073Y	1	-1	-1	-1	-1	-1	-1	-1	1	8	2017	1	1	-1	-1	-1	-1	-1	-1	-1	-1	-1	-1	-1	-1	-1
NS12075A	1	-1	-1	-1	-1	-1	-1	-1	3	-1	-1	1	1	-1	-1	-1	-1	-1	-1	-1	-1	-1	-1	-1	-1	-1
NS12076B	2	1	6	2015	2	5	1990	32	3	-1	-1	2	-1	1	2	2	2	2	2	1	2	8	2021	-1	-1	-1
NS12076B	3	2	-1	-1	-1	-1	-1	-1	-1	-1	-1	-1	-1	-1	-1	-1	-1	-1	-1	-1	-1	-1	-1	-1	-1	-1
NS12077C	1	-1	-1	-1	-1	-1	-1	-1	1	9	2017	1	1	-1	-1	-1	-1	-1	-1	-1	-1	-1	-1	-1	-1	-1
NS12078D	1	-1	-1	-1	-1	-1	-1	-1	3	-1	-1	1	1	-1	-1	-1	-1	-1	-1	-1	-1	-1	-1	-1	-1	-1
NS12081Q	1	-1	-1	-1	-1	-1	-1	-1	3	-1	-1	2	-1	1	1	2	2	1	2	2	2	3	2017	-1	-1	-1
NS12081Q	2	2	-1	-1	-1	-1	-1	-1	-1	-1	-1	-1	-1	-1	-1	-1	-1	-1	-1	-1	-1	-1	-1	-1	-1	-1
NS12084T	2	1	7	2019	2	8	1990	31	1	7	2021	1	1	-1	-1	-1	-1	-1	-1	-1	-1	-1	-1	-1	-1	-1
NS12085V	2	1	12	2017	1	-9	-9	37	3	-1	-1	2	-1	1	1	2	2	2	2	2	2	6	2018	-1	-1	-1
NS12085V	3	1	4	2020	1	-9	-9	26	3	-1	-1	2	-1	1	1	2	2	2	2	2	2	10	2020	-1	-1	-1
NS12085V	4	2	-1	-1	-1	-1	-1	-1	-1	-1	-1	-1	-1	-1	-1	-1	-1	-1	-1	-1	-1	-1	-1	-1	-1	-1
NS12089Z	2	1	7	2016	2	11	1990	32	3	-1	-1	2	-1	1	1	2	2	2	2	2	2	7	2017	-1	-1	-1
NS12089Z	3	2	-1	-1	-1	-1	-1	-1	-1	-1	-1	-1	-1	-1	-1	-1	-1	-1	-1	-1	-1	-1	-1	-1	-1	-1
NS12090J	2	1	8	2018	1	-9	-9	-9	3	-1	-1	1	1	-1	-1	-1	-1	-1	-1	-1	-1	-1	-1	-1	-1	-1
NS12095P	2	2	-1	-1	-1	-1	-1	-1	-1	-1	-1	-1	-1	-1	-1	-1	-1	-1	-1	-1	-1	-1	-1	-1	-1	-1
NS12098S	2	2	-1	-1	-1	-1	-1	-1	-1	-1	-1	-1	-1	-1	-1	-1	-1	-1	-1	-1	-1	-1	-1	-1	-1	-1
NS12099T	2	2	-1	-1	-1	-1	-1	-1	-1	-1	-1	-1	-1	-1	-1	-1	-1	-1	-1	-1	-1	-1	-1	-1	-1	-1
NS12102M	2	1	1	2015	2	2	1993	29	1	8	2016	2	-1	1	2	2	2	2	2	2	1	10	2021	2	-1	-1
NS12102M	3	2	-1	-1	-1	-1	-1	-1	-1	-1	-1	-1	-1	-1	-1	-1	-1	-1	-1	-1	-1	-1	-1	-1	-1	-1
NS12104P	2	1	2	2013	2	10	1987	34	1	6	2017	1	1	-1	-1	-1	-1	-1	-1	-1	-1	-1	-1	-1	-1	-1
NS12106R	1	-1	-1	-1	-1	-1	-1	-1	3	-1	-1	1	1	-1	-1	-1	-1	-1	-1	-1	-1	-1	-1	-1	-1	-1
NS12107S	1	-1	-1	-1	-1	-1	-1	-1	3	-1	-1	2	-1	1	1	1	2	2	1	2	2	3	2016	-1	-1	-1
NS12107S	2	1	8	2016	2	5	1998	24	3	-1	-1	1	1	-1	-1	-1	-1	-1	-1	-1	-1	-1	-1	-1	-1	-1
NS12110E	2	1	-8	2014	1	12	1990	31	3	-1	-1	2	-1	1	1	2	2	2	2	2	2	2	2015	-1	-1	-1
NS12110E	3	2	-1	-1	1	1	1981	41	3	-1	-1	2	-1	1	2	2	2	2	2	2	1	1	2022	-1	-1	-1
NS12110E	4	2	-1	-1	-1	-1	-1	-1	-1	-1	-1	-1	-1	-1	-1	-1	-1	-1	-1	-1	-1	-1	-1	-1	-1	-1
NS12112G	2	1	3	2017	1	2	1990	32	1	6	2019	1	1	-1	-1	-1	-1	-1	-1	-1	-1	-1	-1	-1	-1	-1
NS12116L	2	1	10	2017	1	2	1986	36	1	5	2017	1	1	-1	-1	-1	-1	-1	-1	-1	-1	-1	-1	-1	-1	-1
NS12117M	2	1	4	2021	1	11	1988	34	3	-1	-1	1	1	-1	-1	-1	-1	-1	-1	-1	-1	-1	-1	-1	-1	-1
NS12118N	1	-1	-1	-1	-1	-1	-1	-1	1	4	2017	1	1	-1	-1	-1	-1	-1	-1	-1	-1	-1	-1	-1	-1	-1
NS12120Z	2	1	9	2020	1	8	1986	36	3	-1	-1	1	1	-1	-1	-1	-1	-1	-1	-1	-1	-1	-1	-1	-1	-1
NS12124D	2	1	7	2017	2	6	1994	28	-1	-1	-1	1	1	-1	-1	-1	-1	-1	-1	-1	-1	-1	-1	-1	-1	-1
NS12125E	2	2	-1	-1	-1	-1	-1	-1	-1	-1	-1	-1	-1	-1	-1	-1	-1	-1	-1	-1	-1	-1	-1	-1	-1	-1
NS12126F	2	1	7	2016	2	7	1990	32	1	8	2017	1	1	-1	-1	-1	-1	-1	-1	-1	-1	-1	-1	-1	-1	-1
NS12127G	2	2	-1	-1	-1	-1	-1	-1	-1	-1	-1	-1	-1	-1	-1	-1	-1	-1	-1	-1	-1	-1	-1	-1	-1	-1
NS12129J	2	1	7	2014	2	6	1992	30	1	5	2015	2	-1	1	2	2	2	2	2	2	1	8	2016	1	6	2018
NS12129J	3	2	-1	-1	-1	-1	-1	-1	-1	-1	-1	-1	-1	-1	-1	-1	-1	-1	-1	-1	-1	-1	-1	-1	-1	-1
NS12131V	2	1	10	2022	2	9	2000	22	1	12	2021	1	1	-1	-1	-1	-1	-1	-1	-1	-1	-1	-1	-1	-1	-1
NS12137B	2	1	7	2017	2	5	1992	29	3	-1	-1	2	-1	1	1	2	2	2	2	2	2	9	2020	-1	-1	-1
NS12137B	3	1	7	2021	2	7	1988	33	3	-1	-1	1	1	-1	-1	-1	-1	-1	-1	-1	-1	-1	-1	-1	-1	-1
NS12138C	2	1	7	2021	1	7	1988	34	1	7	2021	1	1	-1	-1	-1	-1	-1	-1	-1	-1	-1	-1	-1	-1	-1
NS12139D	2	2	-1	-1	-1	-1	-1	-1	-1	-1	-1	-1	-1	-1	-1	-1	-1	-1	-1	-1	-1	-1	-1	-1	-1	-1
NS12140N	2	2	-1	-1	-1	-1	-1	-1	-1	-1	-1	-1	-1	-1	-1	-1	-1	-1	-1	-1	-1	-1	-1	-1	-1	-1
NS12141P	1	-1	-1	-1	-1	-1	-1	-1	1	8	2017	1	1	-1	-1	-1	-1	-1	-1	-1	-1	-1	-1	-1	-1	-1
NS12142Q	2	1	8	2020	1	1	1980	43	3	-1	-1	1	1	-1	-1	-1	-1	-1	-1	-1	-1	-1	-1	-1	-1	-1
NS12143R	2	2	-1	-1	-1	-1	-1	-1	-1	-1	-1	-1	-1	-1	-1	-1	-1	-1	-1	-1	-1	-1	-1	-1	-1	-1
NS12147W	2	2	-1	-1	-1	-1	-1	-1	-1	-1	-1	-1	-1	-1	-1	-1	-1	-1	-1	-1	-1	-1	-1	-1	-1	-1
NS12148X	2	1	8	2017	2	12	1996	25	1	8	2017	1	1	-1	-1	-1	-1	-1	-1	-1	-1	-1	-1	-1	-1	-1
NS12150H	2	2	-1	-1	-1	-1	-1	-1	-1	-1	-1	-1	-1	-1	-1	-1	-1	-1	-1	-1	-1	-1	-1	-1	-1	-1
NS12151J	2	2	-1	-1	-1	-1	-1	-1	-1	-1	-1	-1	-1	-1	-1	-1	-1	-1	-1	-1	-1	-1	-1	-1	-1	-1
NS12152K	2	1	6	2020	1	8	1987	35	3	-1	-1	1	1	-1	-1	-1	-1	-1	-1	-1	-1	-1	-1	-1	-1	-1
NS12153L	1	-1	-1	-1	-1	-1	-1	-1	3	-1	-1	1	1	-1	-1	-1	-1	-1	-1	-1	-1	-1	-1	-1	-1	-1
NS12154M	1	-1	-1	-1	-1	-1	-1	-1	3	-1	-1	1	1	-1	-1	-1	-1	-1	-1	-1	-1	-1	-1	-1	-1	-1
NS12155N	1	-1	-1	-1	-1	-1	-1	-1	1	3	2021	1	1	-1	-1	-1	-1	-1	-1	-1	-1	-1	-1	-1	-1	-1
NS12160C	2	1	3	2018	1	5	1988	34	3	-1	-1	1	1	-1	-1	-1	-1	-1	-1	-1	-1	-1	-1	-1	-1	-1
NS12163F	1	-1	-1	-1	-1	-1	-1	-1	3	-1	-1	1	1	-1	-1	-1	-1	-1	-1	-1	-1	-1	-1	-1	-1	-1
NS12164G	2	2	-1	-1	-1	-1	-1	-1	-1	-1	-1	-1	-1	-1	-1	-1	-1	-1	-1	-1	-1	-1	-1	-1	-1	-1
NS12167K	2	1	1	2021	1	2	1992	30	3	-1	-1	1	1	-1	-1	-1	-1	-1	-1	-1	-1	-1	-1	-1	-1	-1
NS12168L	2	1	4	2017	1	3	1992	30	1	7	2019	1	1	-1	-1	-1	-1	-1	-1	-1	-1	-1	-1	-1	-1	-1
NS12170X	1	-1	-1	-1	-1	-1	-1	-1	3	-1	-1	2	-1	1	1	2	2	2	2	2	2	12	2020	-1	-1	-1
NS12170X	2	2	-1	-1	-1	-1	-1	-1	-1	-1	-1	-1	-1	-1	-1	-1	-1	-1	-1	-1	-1	-1	-1	-1	-1	-1
NS12175C	2	1	9	2016	1	1	1987	35	1	7	2022	1	1	-1	-1	-1	-1	-1	-1	-1	-1	-1	-1	-1	-1	-1
NS12176D	2	2	-1	-1	-1	-1	-1	-1	-1	-1	-1	-1	-1	-1	-1	-1	-1	-1	-1	-1	-1	-1	-1	-1	-1	-1
NS12178F	2	2	-1	-1	-1	-1	-1	-1	-1	-1	-1	-1	-1	-1	-1	-1	-1	-1	-1	-1	-1	-1	-1	-1	-1	-1
NS12179G	2	1	5	2017	2	1	1995	28	3	-1	-1	1	1	-1	-1	-1	-1	-1	-1	-1	-1	-1	-1	-1	-1	-1
NS12180R	2	2	-1	-1	-1	-1	-1	-1	-1	-1	-1	-1	-1	-1	-1	-1	-1	-1	-1	-1	-1	-1	-1	-1	-1	-1
NS12183V	2	2	-1	-1	-1	-1	-1	-1	-1	-1	-1	-1	-1	-1	-1	-1	-1	-1	-1	-1	-1	-1	-1	-1	-1	-1
NS12184W	2	1	8	2021	1	12	1987	34	1	8	2021	1	1	-1	-1	-1	-1	-1	-1	-1	-1	-1	-1	-1	-1	-1
NS12185X	1	-1	-1	-1	-1	-1	-1	-1	3	-1	-1	2	-1	1	1	2	2	2	2	2	2	7	2017	-1	-1	-1
NS12185X	2	1	2	2019	1	9	1987	35	1	6	2022	1	1	-1	-1	-1	-1	-1	-1	-1	-1	-1	-1	-1	-1	-1
NS12193P	2	2	-1	-1	-1	-1	-1	-1	-1	-1	-1	-1	-1	-1	-1	-1	-1	-1	-1	-1	-1	-1	-1	-1	-1	-1
NS12195R	2	1	1	2019	1	10	1987	35	3	-1	-1	2	-1	1	1	1	2	2	2	2	2	8	2019	-1	-1	-1
NS12195R	3	2	-1	-1	-1	-1	-1	-1	-1	-1	-1	-1	-1	-1	-1	-1	-1	-1	-1	-1	-1	-1	-1	-1	-1	-1
NS12196S	1	-1	-1	-1	-1	-1	-1	-1	-1	-1	-1	1	1	-1	-1	-1	-1	-1	-1	-1	-1	-1	-1	-1	-1	-1
NS12197T	1	-1	-1	-1	-1	-1	-1	-1	-1	-1	-1	1	1	-1	-1	-1	-1	-1	-1	-1	-1	-1	-1	-1	-1	-1
NS12199W	2	1	12	2017	2	9	1993	29	3	-1	-1	1	1	-1	-1	-1	-1	-1	-1	-1	-1	-1	-1	-1	-1	-1
NS12202P	2	2	-1	-1	-1	-1	-1	-1	-1	-1	-1	-1	-1	-1	-1	-1	-1	-1	-1	-1	-1	-1	-1	-1	-1	-1
NS12203Q	2	2	-1	-1	-1	-1	-1	-1	-1	-1	-1	-1	-1	-1	-1	-1	-1	-1	-1	-1	-1	-1	-1	-1	-1	-1
NS12205S	1	-1	-1	-1	-1	-1	-1	-1	1	5	2018	1	1	-1	-1	-1	-1	-1	-1	-1	-1	-1	-1	-1	-1	-1
NS12207V	2	1	1	2019	2	6	1995	27	3	-1	-1	1	1	-1	-1	-1	-1	-1	-1	-1	-1	-1	-1	-1	-1	-1
NS12209X	2	1	12	2017	2	5	1995	27	2	10	2017	1	1	-1	-1	-1	-1	-1	-1	-1	-1	-1	-1	-1	-1	-1
NS12211H	2	1	9	2018	2	11	1990	32	1	9	2018	1	1	-1	-1	-1	-1	-1	-1	-1	-1	-1	-1	-1	-1	-1
NS12218Q	1	-1	-1	-1	-1	-1	-1	-1	-1	-1	-1	1	1	-1	-1	-1	-1	-1	-1	-1	-1	-1	-1	-1	-1	-1
NS12219R	2	2	-1	-1	-1	-1	-1	-1	-1	-1	-1	-1	-1	-1	-1	-1	-1	-1	-1	-1	-1	-1	-1	-1	-1	-1
NS12222D	2	1	1	2018	2	5	1989	33	1	6	2022	1	1	-1	-1	-1	-1	-1	-1	-1	-1	-1	-1	-1	-1	-1
NS12223E	2	1	3	2021	1	3	1991	31	3	-1	-1	1	1	-1	-1	-1	-1	-1	-1	-1	-1	-1	-1	-1	-1	-1
NS12224F	1	-1	-1	-1	-1	-1	-1	-1	1	5	2018	1	1	-1	-1	-1	-1	-1	-1	-1	-1	-1	-1	-1	-1	-1
NS12229L	2	2	-1	-1	-1	-1	-1	-1	-1	-1	-1	-1	-1	-1	-1	-1	-1	-1	-1	-1	-1	-1	-1	-1	-1	-1
NS12230W	2	1	10	2016	2	9	1989	33	3	-1	-1	1	1	-1	-1	-1	-1	-1	-1	-1	-1	-1	-1	-1	-1	-1
NS12231X	2	1	8	2015	1	9	1990	32	1	8	2015	1	1	-1	-1	-1	-1	-1	-1	-1	-1	-1	-1	-1	-1	-1
NS12232Y	2	1	7	2017	1	2	1988	34	1	7	2017	1	1	-1	-1	-1	-1	-1	-1	-1	-1	-1	-1	-1	-1	-1
NS12238E	1	-1	-1	-1	-1	-1	-1	-1	-1	-1	-1	1	1	-1	-1	-1	-1	-1	-1	-1	-1	-1	-1	-1	-1	-1
NS12240Q	2	1	11	2019	2	11	1993	29	3	-1	-1	2	-1	2	-1	-1	-1	-1	-1	-1	-1	9	2021	-1	-1	-1
NS12240Q	3	2	-1	-1	-1	-1	-1	-1	-1	-1	-1	-1	-1	-1	-1	-1	-1	-1	-1	-1	-1	-1	-1	-1	-1	-1
NS12243T	2	1	1	2021	1	12	1970	51	3	-1	-1	2	-1	2	-1	-1	-1	-1	-1	-1	-1	10	2021	-1	-1	-1
NS12243T	3	2	-1	-1	-1	-1	-1	-1	-1	-1	-1	-1	-1	-1	-1	-1	-1	-1	-1	-1	-1	-1	-1	-1	-1	-1
NS12246X	2	1	4	2016	1	3	1989	33	3	-1	-1	2	-1	1	1	2	2	2	2	2	2	2	2022	-1	-1	-1
NS12246X	3	2	-1	-1	-1	-1	-1	-1	-1	-1	-1	-1	-1	-1	-1	-1	-1	-1	-1	-1	-1	-1	-1	-1	-1	-1
NS12253N	2	2	-1	-1	-1	-1	-1	-1	-1	-1	-1	-1	-1	-1	-1	-1	-1	-1	-1	-1	-1	-1	-1	-1	-1	-1
NS12254P	2	2	-1	-1	-1	-1	-1	-1	-1	-1	-1	-1	-1	-1	-1	-1	-1	-1	-1	-1	-1	-1	-1	-1	-1	-1
NS12255Q	2	1	2	2021	2	2	1992	30	3	-1	-1	1	1	-1	-1	-1	-1	-1	-1	-1	-1	-1	-1	-1	-1	-1
NS12257S	2	1	11	2020	1	11	1999	23	3	-1	-1	1	1	-1	-1	-1	-1	-1	-1	-1	-1	-1	-1	-1	-1	-1
NS12258T	1	-1	-1	-1	-1	-1	-1	-1	3	-1	-1	2	-1	1	1	2	2	2	2	2	2	8	2019	-1	-1	-1
NS12258T	2	2	-1	-1	-1	-1	-1	-1	-1	-1	-1	-1	-1	-1	-1	-1	-1	-1	-1	-1	-1	-1	-1	-1	-1	-1
NS12259V	1	-1	-1	-1	-1	-1	-1	-1	1	9	2016	1	1	-1	-1	-1	-1	-1	-1	-1	-1	-1	-1	-1	-1	-1
NS12260E	2	1	3	2018	1	11	1986	36	3	-1	-1	2	-1	1	1	2	2	2	2	2	2	1	2020	-1	-1	-1
NS12260E	3	2	-1	-1	-1	-1	-1	-1	-1	-1	-1	-1	-1	-1	-1	-1	-1	-1	-1	-1	-1	-1	-1	-1	-1	-1
NS12262G	2	1	2	2016	1	3	1991	31	3	-1	-1	1	1	-1	-1	-1	-1	-1	-1	-1	-1	-1	-1	-1	-1	-1
NS12264J	1	-1	-1	-1	-1	-1	-1	-1	-1	-1	-1	2	-1	1	1	1	2	2	1	2	2	9	2016	1	9	2017
NS12264J	2	1	6	2020	1	10	1984	38	3	-1	-1	1	1	-1	-1	-1	-1	-1	-1	-1	-1	-1	-1	-1	-1	-1
NS12270Z	2	1	4	2018	1	6	1994	28	1	8	2018	1	2	-1	-1	-1	-1	-1	-1	-1	-1	4	2021	-1	-1	-1
NS12270Z	3	2	-1	-1	-1	-1	-1	-1	-1	-1	-1	-1	-1	-1	-1	-1	-1	-1	-1	-1	-1	-1	-1	-1	-1	-1
NS12273C	2	1	-8	2013	2	-9	-9	-9	1	-9	2013	2	-1	1	2	2	2	2	2	2	1	-9	2022	1	-9	2022
NS12273C	3	1	9	2022	2	-8	-8	23	1	9	2022	1	1	-1	-1	-1	-1	-1	-1	-1	-1	-1	-1	-1	-1	-1
NS12274D	2	1	11	2017	1	6	1957	65	1	11	2022	1	1	-1	-1	-1	-1	-1	-1	-1	-1	-1	-1	-1	-1	-1
NS12275E	2	2	-1	-1	-1	-1	-1	-1	-1	-1	-1	-1	-1	-1	-1	-1	-1	-1	-1	-1	-1	-1	-1	-1	-1	-1
NS12276F	2	1	3	2021	2	1	1991	31	1	9	2021	1	1	-1	-1	-1	-1	-1	-1	-1	-1	-1	-1	-1	-1	-1
NS12277G	2	2	-1	-1	-1	-1	-1	-1	-1	-1	-1	-1	-1	-1	-1	-1	-1	-1	-1	-1	-1	-1	-1	-1	-1	-1
NS12278H	2	2	-1	-1	-1	-1	-1	-1	-1	-1	-1	-1	-1	-1	-1	-1	-1	-1	-1	-1	-1	-1	-1	-1	-1	-1
NS12279J	2	1	4	2013	1	7	1985	37	3	-1	-1	2	-1	1	1	2	2	2	2	2	2	5	2020	-1	-1	-1
NS12279J	3	2	-1	-1	-1	-1	-1	-1	-1	-1	-1	-1	-1	-1	-1	-1	-1	-1	-1	-1	-1	-1	-1	-1	-1	-1
NS12280T	2	1	5	2014	2	11	1988	34	2	6	2010	1	1	-1	-1	-1	-1	-1	-1	-1	-1	-1	-1	-1	-1	-1
NS12283X	2	1	2	2020	2	6	1993	28	3	-1	-1	1	1	-1	-1	-1	-1	-1	-1	-1	-1	-1	-1	-1	-1	-1
NS12284Y	2	2	-1	-1	-1	-1	-1	-1	-1	-1	-1	-1	-1	-1	-1	-1	-1	-1	-1	-1	-1	-1	-1	-1	-1	-1
NS12285Z	1	-1	-1	-1	-1	-1	-1	-1	3	-1	-1	1	1	-1	-1	-1	-1	-1	-1	-1	-1	-1	-1	-1	-1	-1
NS12286A	2	1	8	2011	1	1	1986	36	1	9	2014	1	1	-1	-1	-1	-1	-1	-1	-1	-1	-1	-1	-1	-1	-1
NS12288C	1	-1	-1	-1	-1	-1	-1	-1	-1	-1	-1	1	1	-1	-1	-1	-1	-1	-1	-1	-1	-1	-1	-1	-1	-1
NS12289D	2	2	-1	-1	-1	-1	-1	-1	-1	-1	-1	-1	-1	-1	-1	-1	-1	-1	-1	-1	-1	-1	-1	-1	-1	-1
NS12292Q	2	2	-1	-1	-1	-1	-1	-1	-1	-1	-1	-1	-1	-1	-1	-1	-1	-1	-1	-1	-1	-1	-1	-1	-1	-1
NS12294S	2	2	-1	-1	-1	-1	-1	-1	-1	-1	-1	-1	-1	-1	-1	-1	-1	-1	-1	-1	-1	-1	-1	-1	-1	-1
NS12295T	2	2	-1	-1	-1	-1	-1	-1	-1	-1	-1	-1	-1	-1	-1	-1	-1	-1	-1	-1	-1	-1	-1	-1	-1	-1
NS12297W	1	-1	-1	-1	-1	-1	-1	-1	3	-1	-1	1	1	-1	-1	-1	-1	-1	-1	-1	-1	-1	-1	-1	-1	-1
NS12300P	2	1	8	2020	2	9	2002	20	3	-1	-1	1	2	-1	-1	-1	-1	-1	-1	-1	-1	9	2022	-1	-1	-1
NS12300P	3	2	-1	-1	-1	-1	-1	-1	-1	-1	-1	-1	-1	-1	-1	-1	-1	-1	-1	-1	-1	-1	-1	-1	-1	-1
NS12302R	2	2	-1	-1	-1	-1	-1	-1	-1	-1	-1	-1	-1	-1	-1	-1	-1	-1	-1	-1	-1	-1	-1	-1	-1	-1
NS12303S	2	1	8	2019	1	1	1991	31	3	-1	-1	1	1	-1	-1	-1	-1	-1	-1	-1	-1	-1	-1	-1	-1	-1
NS12304T	2	1	4	2016	2	-8	-8	33	1	5	2019	1	1	-1	-1	-1	-1	-1	-1	-1	-1	-1	-1	-1	-1	-1
NS12306W	1	-1	-1	-1	-1	-1	-1	-1	-1	-1	-1	2	-1	1	1	2	2	2	2	2	2	3	2019	1	8	2022
NS12306W	2	1	1	2023	1	10	1990	32	3	-1	-1	1	1	-1	-1	-1	-1	-1	-1	-1	-1	-1	-1	-1	-1	-1
NS12307X	2	2	-1	-1	-1	-1	-1	-1	-1	-1	-1	-1	-1	-1	-1	-1	-1	-1	-1	-1	-1	-1	-1	-1	-1	-1
NS12309Z	1	-1	-1	-1	-1	-1	-1	-1	3	-1	-1	2	-1	1	1	2	2	2	2	2	2	-8	-8	-1	-1	-1
NS12309Z	2	1	6	2020	2	3	1997	25	1	11	2022	1	1	-1	-1	-1	-1	-1	-1	-1	-1	-1	-1	-1	-1	-1
NS12313M	2	2	-1	-1	-1	-1	-1	-1	-1	-1	-1	-1	-1	-1	-1	-1	-1	-1	-1	-1	-1	-1	-1	-1	-1	-1
NS12315P	1	-1	-1	-1	-1	-1	-1	-1	2	-8	-8	1	1	-1	-1	-1	-1	-1	-1	-1	-1	-1	-1	-1	-1	-1
NS12317R	1	-1	-1	-1	-1	-1	-1	-1	1	11	2016	1	1	-1	-1	-1	-1	-1	-1	-1	-1	-1	-1	-1	-1	-1
NS12318S	2	1	8	2012	2	7	1989	34	1	9	2017	1	1	-1	-1	-1	-1	-1	-1	-1	-1	-1	-1	-1	-1	-1
NS12320D	2	2	-1	-1	-1	-1	-1	-1	-1	-1	-1	-1	-1	-1	-1	-1	-1	-1	-1	-1	-1	-1	-1	-1	-1	-1
NS12322F	2	2	-1	-1	-1	-1	-1	-1	-1	-1	-1	-1	-1	-1	-1	-1	-1	-1	-1	-1	-1	-1	-1	-1	-1	-1
NS12323G	2	1	12	2017	2	10	1992	30	1	12	2018	1	1	-1	-1	-1	-1	-1	-1	-1	-1	-1	-1	-1	-1	-1
NS12325J	1	-1	-1	-1	-1	-1	-1	-1	-1	-1	-1	1	1	-1	-1	-1	-1	-1	-1	-1	-1	-1	-1	-1	-1	-1
NS12327L	2	1	10	2022	2	-8	-8	32	1	10	2022	1	1	-1	-1	-1	-1	-1	-1	-1	-1	-1	-1	-1	-1	-1
NS12330Y	2	2	-1	-1	-1	-1	-1	-1	-1	-1	-1	-1	-1	-1	-1	-1	-1	-1	-1	-1	-1	-1	-1	-1	-1	-1
NS12333B	2	2	-1	-1	-1	-1	-1	-1	-1	-1	-1	-1	-1	-1	-1	-1	-1	-1	-1	-1	-1	-1	-1	-1	-1	-1
NS12334C	2	1	6	2016	2	9	1990	32	1	10	2019	1	1	-1	-1	-1	-1	-1	-1	-1	-1	-1	-1	-1	-1	-1
NS12335D	1	-1	-1	-1	-1	-1	-1	-1	1	7	2017	1	1	-1	-1	-1	-1	-1	-1	-1	-1	-1	-1	-1	-1	-1
NS12336E	2	2	-1	-1	-1	-1	-1	-1	-1	-1	-1	-1	-1	-1	-1	-1	-1	-1	-1	-1	-1	-1	-1	-1	-1	-1
NS12338G	1	-1	-1	-1	-1	-1	-1	-1	-1	-1	-1	1	1	-1	-1	-1	-1	-1	-1	-1	-1	-1	-1	-1	-1	-1
NS12339H	2	2	-1	-1	-1	-1	-1	-1	-1	-1	-1	-1	-1	-1	-1	-1	-1	-1	-1	-1	-1	-1	-1	-1	-1	-1
NS12340S	2	1	9	2017	1	8	1990	32	3	-1	-1	1	1	-1	-1	-1	-1	-1	-1	-1	-1	-1	-1	-1	-1	-1
NS12342V	1	-1	-1	-1	-1	-1	-1	-1	-1	-1	-1	1	1	-1	-1	-1	-1	-1	-1	-1	-1	-1	-1	-1	-1	-1
NS12343W	2	1	3	2020	1	3	1991	31	3	-1	-1	1	1	-1	-1	-1	-1	-1	-1	-1	-1	-1	-1	-1	-1	-1
NS12344X	2	1	9	2018	1	12	1985	36	3	-1	-1	1	1	-1	-1	-1	-1	-1	-1	-1	-1	-1	-1	-1	-1	-1
NS12347A	2	2	-1	-1	-1	-1	-1	-1	-1	-1	-1	-1	-1	-1	-1	-1	-1	-1	-1	-1	-1	-1	-1	-1	-1	-1
NS12351N	2	1	1	2010	1	2	1983	40	1	9	2014	2	-1	1	1	2	2	2	2	2	2	9	2022	2	-1	-1
NS12351N	3	2	-1	-1	-1	-1	-1	-1	-1	-1	-1	-1	-1	-1	-1	-1	-1	-1	-1	-1	-1	-1	-1	-1	-1	-1
NS12354R	2	1	12	2015	1	1	1988	34	1	12	2015	1	1	-1	-1	-1	-1	-1	-1	-1	-1	-1	-1	-1	-1	-1
NS12355S	2	2	-1	-1	-1	-1	-1	-1	-1	-1	-1	-1	-1	-1	-1	-1	-1	-1	-1	-1	-1	-1	-1	-1	-1	-1
NS12358W	2	2	-1	-1	-1	-1	-1	-1	-1	-1	-1	-1	-1	-1	-1	-1	-1	-1	-1	-1	-1	-1	-1	-1	-1	-1
NS12360G	2	1	1	2018	1	3	1989	33	3	-1	-1	1	1	-1	-1	-1	-1	-1	-1	-1	-1	-1	-1	-1	-1	-1
NS12364L	2	2	-1	-1	-1	-1	-1	-1	-1	-1	-1	-1	-1	-1	-1	-1	-1	-1	-1	-1	-1	-1	-1	-1	-1	-1
NS12368Q	1	-1	-1	-1	-1	-1	-1	-1	3	-1	-1	1	1	-1	-1	-1	-1	-1	-1	-1	-1	-1	-1	-1	-1	-1
NS12370B	1	-1	-1	-1	-1	-1	-1	-1	1	10	2021	1	1	-1	-1	-1	-1	-1	-1	-1	-1	-1	-1	-1	-1	-1
NS12374F	2	2	-1	-1	-1	-1	-1	-1	-1	-1	-1	-1	-1	-1	-1	-1	-1	-1	-1	-1	-1	-1	-1	-1	-1	-1
NS12377J	1	-1	-1	-1	-1	-1	-1	-1	-1	-1	-1	1	1	-1	-1	-1	-1	-1	-1	-1	-1	-1	-1	-1	-1	-1
NS12378K	1	-1	-1	-1	-1	-1	-1	-1	-1	-1	-1	1	1	-1	-1	-1	-1	-1	-1	-1	-1	-1	-1	-1	-1	-1
NS12379L	2	1	1	2016	2	10	1990	32	1	6	2018	1	1	-1	-1	-1	-1	-1	-1	-1	-1	-1	-1	-1	-1	-1
NS12385B	2	1	3	2020	1	2	1991	31	3	-1	-1	1	1	-1	-1	-1	-1	-1	-1	-1	-1	-1	-1	-1	-1	-1
NS12387D	2	1	3	2020	2	5	1992	30	1	7	2020	1	1	-1	-1	-1	-1	-1	-1	-1	-1	-1	-1	-1	-1	-1
NS12389F	2	1	6	2016	1	1	1984	39	3	-1	-1	1	1	-1	-1	-1	-1	-1	-1	-1	-1	-1	-1	-1	-1	-1
NS12390Q	1	-1	-1	-1	-1	-1	-1	-1	-1	-1	-1	1	1	-1	-1	-1	-1	-1	-1	-1	-1	-1	-1	-1	-1	-1
NS12392S	1	-1	-1	-1	-1	-1	-1	-1	1	9	2017	1	1	-1	-1	-1	-1	-1	-1	-1	-1	-1	-1	-1	-1	-1
NS12393T	2	2	-1	-1	-1	-1	-1	-1	-1	-1	-1	-1	-1	-1	-1	-1	-1	-1	-1	-1	-1	-1	-1	-1	-1	-1
NS12396X	1	-1	-1	-1	-1	-1	-1	-1	-1	-1	-1	1	1	-1	-1	-1	-1	-1	-1	-1	-1	-1	-1	-1	-1	-1
NS12398Z	2	1	9	2016	2	3	1989	33	1	4	2022	1	1	-1	-1	-1	-1	-1	-1	-1	-1	-1	-1	-1	-1	-1
NS12400R	1	-1	-1	-1	-1	-1	-1	-1	-1	-1	-1	1	1	-1	-1	-1	-1	-1	-1	-1	-1	-1	-1	-1	-1	-1
NS12402T	2	1	7	2017	1	1	1989	33	1	6	2017	1	1	-1	-1	-1	-1	-1	-1	-1	-1	-1	-1	-1	-1	-1
NS12409B	2	2	-1	-1	-1	-1	-1	-1	-1	-1	-1	-1	-1	-1	-1	-1	-1	-1	-1	-1	-1	-1	-1	-1	-1	-1
NS12410L	2	1	7	2019	2	11	1988	34	3	-1	-1	1	1	-1	-1	-1	-1	-1	-1	-1	-1	-1	-1	-1	-1	-1
NS12414Q	1	-1	-1	-1	-1	-1	-1	-1	-1	-1	-1	1	1	-1	-1	-1	-1	-1	-1	-1	-1	-1	-1	-1	-1	-1
NS12415R	1	-1	-1	-1	-1	-1	-1	-1	-1	-1	-1	2	-1	1	1	2	2	2	2	2	2	3	2017	2	-1	-1
NS12415R	2	2	-1	-1	-1	-1	-1	-1	-1	-1	-1	-1	-1	-1	-1	-1	-1	-1	-1	-1	-1	-1	-1	-1	-1	-1
NS12416S	2	1	6	2017	1	4	1990	32	1	6	2021	1	1	-1	-1	-1	-1	-1	-1	-1	-1	-1	-1	-1	-1	-1
NS12419W	2	2	-1	-1	-1	-1	-1	-1	-1	-1	-1	-1	-1	-1	-1	-1	-1	-1	-1	-1	-1	-1	-1	-1	-1	-1
NS12422H	1	-1	-1	-1	-1	-1	-1	-1	1	6	2020	1	1	-1	-1	-1	-1	-1	-1	-1	-1	-1	-1	-1	-1	-1
NS12427N	2	1	8	2017	1	2	1990	32	1	7	2017	1	1	-1	-1	-1	-1	-1	-1	-1	-1	-1	-1	-1	-1	-1
NS12428P	2	1	9	2016	2	4	1993	29	3	-1	-1	1	1	-1	-1	-1	-1	-1	-1	-1	-1	-1	-1	-1	-1	-1
NS12430A	1	-1	-1	-1	-1	-1	-1	-1	-1	-1	-1	1	1	-1	-1	-1	-1	-1	-1	-1	-1	-1	-1	-1	-1	-1
NS12432C	2	1	11	2020	2	1	1991	32	3	-1	-1	2	-1	1	1	2	2	2	2	2	2	2	2021	-1	-1	-1
NS12432C	3	2	-1	-1	-1	-1	-1	-1	-1	-1	-1	-1	-1	-1	-1	-1	-1	-1	-1	-1	-1	-1	-1	-1	-1	-1
NS12434E	2	1	2	2020	1	10	1985	36	3	-1	-1	1	1	-1	-1	-1	-1	-1	-1	-1	-1	-1	-1	-1	-1	-1
NS12435F	2	1	10	2013	2	7	1991	31	3	-1	-1	1	2	-1	-1	-1	-1	-1	-1	-1	-1	6	2020	-1	-1	-1
NS12435F	3	2	-1	-1	-1	-1	-1	-1	-1	-1	-1	-1	-1	-1	-1	-1	-1	-1	-1	-1	-1	-1	-1	-1	-1	-1
NS12437H	1	-1	-1	-1	-1	-1	-1	-1	2	9	2018	1	1	-1	-1	-1	-1	-1	-1	-1	-1	-1	-1	-1	-1	-1
NS12439K	2	1	6	2020	2	11	1999	23	3	-1	-1	1	1	-1	-1	-1	-1	-1	-1	-1	-1	-1	-1	-1	-1	-1
NS12443Y	1	-1	-1	-1	-1	-1	-1	-1	-1	-1	-1	2	-1	1	2	1	2	2	2	2	2	4	2022	2	-1	-1
NS12443Y	2	2	-1	-1	-1	-1	-1	-1	-1	-1	-1	-1	-1	-1	-1	-1	-1	-1	-1	-1	-1	-1	-1	-1	-1	-1
NS12444Z	2	2	-1	-1	-1	-1	-1	-1	-1	-1	-1	-1	-1	-1	-1	-1	-1	-1	-1	-1	-1	-1	-1	-1	-1	-1
NS12445A	2	1	10	2018	2	4	1989	34	1	9	2021	1	1	-1	-1	-1	-1	-1	-1	-1	-1	-1	-1	-1	-1	-1
NS12447C	2	2	-1	-1	-1	-1	-1	-1	-1	-1	-1	-1	-1	-1	-1	-1	-1	-1	-1	-1	-1	-1	-1	-1	-1	-1
NS12448D	1	-1	-1	-1	-1	-1	-1	-1	-1	-1	-1	-9	-1	-1	-1	-1	-1	-1	-1	-1	-1	-1	-1	-9	-1	-1
NS12448D	2	-9	-1	-1	-1	-1	-1	-1	-1	-1	-1	-1	-1	-1	-1	-1	-1	-1	-1	-1	-1	-1	-1	-1	-1	-1
NS12449E	2	1	1	2016	1	4	1987	35	1	4	2016	1	1	-1	-1	-1	-1	-1	-1	-1	-1	-1	-1	-1	-1	-1
NS12463M	2	2	-1	-1	-1	-1	-1	-1	-1	-1	-1	-1	-1	-1	-1	-1	-1	-1	-1	-1	-1	-1	-1	-1	-1	-1
NS12464N	1	-1	-1	-1	-1	-1	-1	-1	-1	-1	-1	2	-1	1	1	2	2	2	2	2	2	8	2020	2	2	2023
NS12464N	2	2	-1	-1	-1	-1	-1	-1	-1	-1	-1	-1	-1	-1	-1	-1	-1	-1	-1	-1	-1	-1	-1	-1	-1	-1
NS12466Q	1	-1	-1	-1	-1	-1	-1	-1	3	-1	-1	1	1	-1	-1	-1	-1	-1	-1	-1	-1	-1	-1	-1	-1	-1
NS12468S	1	-1	-1	-1	-1	-1	-1	-1	1	12	2018	1	1	-1	-1	-1	-1	-1	-1	-1	-1	-1	-1	-1	-1	-1
NS12470D	1	-1	-1	-1	-1	-1	-1	-1	1	5	2018	1	1	-1	-1	-1	-1	-1	-1	-1	-1	-1	-1	-1	-1	-1
NS12472F	2	2	-1	-1	-1	-1	-1	-1	-1	-1	-1	-1	-1	-1	-1	-1	-1	-1	-1	-1	-1	-1	-1	-1	-1	-1
NS12473G	2	2	-1	-1	-1	-1	-1	-1	-1	-1	-1	-1	-1	-1	-1	-1	-1	-1	-1	-1	-1	-1	-1	-1	-1	-1
NS12474H	2	2	-1	-1	-1	-1	-1	-1	-1	-1	-1	-1	-1	-1	-1	-1	-1	-1	-1	-1	-1	-1	-1	-1	-1	-1
NS12476K	2	2	-1	-1	-1	-1	-1	-1	-1	-1	-1	-1	-1	-1	-1	-1	-1	-1	-1	-1	-1	-1	-1	-1	-1	-1
NS12478M	1	-1	-1	-1	-1	-1	-1	-1	3	-1	-1	1	1	-1	-1	-1	-1	-1	-1	-1	-1	-1	-1	-1	-1	-1
NS12479N	2	1	1	2017	1	6	1989	33	1	8	2016	1	1	-1	-1	-1	-1	-1	-1	-1	-1	-1	-1	-1	-1	-1
NS12480Y	2	2	-1	-1	-1	-1	-1	-1	-1	-1	-1	-1	-1	-1	-1	-1	-1	-1	-1	-1	-1	-1	-1	-1	-1	-1
NS12481Z	1	-1	-1	-1	-1	-1	-1	-1	3	-1	-1	1	1	-1	-1	-1	-1	-1	-1	-1	-1	-1	-1	-1	-1	-1
NS12483B	2	1	11	2018	2	11	1991	31	3	-1	-1	1	1	-1	-1	-1	-1	-1	-1	-1	-1	-1	-1	-1	-1	-1
NS12485D	2	1	5	2017	2	1	1992	31	1	1	2022	1	1	-1	-1	-1	-1	-1	-1	-1	-1	-1	-1	-1	-1	-1
NS12486E	1	-1	-1	-1	-1	-1	-1	-1	-1	-1	-1	1	1	-1	-1	-1	-1	-1	-1	-1	-1	-1	-1	-1	-1	-1
NS12487F	2	1	1	2016	2	8	1989	33	1	1	2016	1	1	-1	-1	-1	-1	-1	-1	-1	-1	-1	-1	-1	-1	-1
NS12488G	2	1	10	2014	1	11	1992	29	3	-1	-1	1	1	-1	-1	-1	-1	-1	-1	-1	-1	8	2016	-1	-1	-1
NS12488G	3	1	1	2017	1	-1	-1	-1	-1	-1	-1	-1	-1	-1	-1	-1	-1	-1	-1	-1	-1	-1	-1	-1	-1	-1
NS12490S	2	2	-1	-1	-1	-1	-1	-1	-1	-1	-1	-1	-1	-1	-1	-1	-1	-1	-1	-1	-1	-1	-1	-1	-1	-1
NS12492V	2	1	8	2020	2	2	1992	30	3	-1	-1	1	1	-1	-1	-1	-1	-1	-1	-1	-1	-1	-1	-1	-1	-1
NS12494X	2	1	8	2019	2	5	1994	27	3	-1	-1	1	1	-1	-1	-1	-1	-1	-1	-1	-1	-1	-1	-1	-1	-1
NS12496Z	1	-1	-1	-1	-1	-1	-1	-1	-1	-1	-1	2	-1	1	1	2	1	2	1	2	2	9	2019	2	-1	-1
NS12496Z	2	1	11	2021	1	12	1982	40	-1	-1	-1	1	1	-1	-1	-1	-1	-1	-1	-1	-1	-1	-1	-1	-1	-1
NS12499C	2	2	-1	-1	-1	-1	-1	-1	-1	-1	-1	-1	-1	-1	-1	-1	-1	-1	-1	-1	-1	-1	-1	-1	-1	-1
NS12500T	2	1	10	2021	2	7	1995	27	3	-1	-1	1	1	-1	-1	-1	-1	-1	-1	-1	-1	-1	-1	-1	-1	-1
NS12502W	2	2	-1	-1	-1	-1	-1	-1	-1	-1	-1	-1	-1	-1	-1	-1	-1	-1	-1	-1	-1	-1	-1	-1	-1	-1
NS12504Y	1	-1	-1	-1	-1	-1	-1	-1	2	8	2022	1	1	-1	-1	-1	-1	-1	-1	-1	-1	-1	-1	-1	-1	-1
NS12508C	2	1	1	2016	2	7	1993	29	3	-1	-1	1	1	-1	-1	-1	-1	-1	-1	-1	-1	-1	-1	-1	-1	-1
NS12510N	2	1	3	2018	1	10	1984	38	3	-1	-1	1	1	-1	-1	-1	-1	-1	-1	-1	-1	-1	-1	-1	-1	-1
NS12512Q	2	1	1	2015	1	11	1984	37	3	-1	-1	1	1	-1	-1	-1	-1	-1	-1	-1	-1	-1	-1	-1	-1	-1
NS12514S	2	1	1	2017	1	7	1990	32	1	6	2018	1	1	-1	-1	-1	-1	-1	-1	-1	-1	-1	-1	-1	-1	-1
NS12516V	2	1	1	2021	1	7	1985	37	1	8	2016	1	1	2	-1	-1	-1	-1	-1	-1	-1	-1	-1	-1	-1	-1
NS12517W	2	2	-1	-1	-1	-1	-1	-1	-1	-1	-1	-1	-1	-1	-1	-1	-1	-1	-1	-1	-1	-1	-1	-1	-1	-1
NS12518X	2	1	6	2019	1	10	1989	32	3	-1	-1	1	1	-1	-1	-1	-1	-1	-1	-1	-1	-1	-1	-1	-1	-1
NS12519Y	1	-1	-1	-1	-1	-1	-1	-1	1	11	2021	1	1	-1	-1	-1	-1	-1	-1	-1	-1	-1	-1	-1	-1	-1
NS12520H	2	1	1	2019	1	4	1983	39	1	12	2020	1	1	-1	-1	-1	-1	-1	-1	-1	-1	-1	-1	-1	-1	-1
NS12522K	2	1	10	2016	1	2	1977	45	3	-1	-1	1	1	-1	-1	-1	-1	-1	-1	-1	-1	-1	-1	-1	-1	-1
NS12523L	1	-1	-1	-1	-1	-1	-1	-1	-1	-1	-1	1	1	-1	-1	-1	-1	-1	-1	-1	-1	-1	-1	-1	-1	-1
NS12526P	2	1	7	2012	2	12	1984	38	3	-1	-1	1	1	-1	-1	-1	-1	-1	-1	-1	-1	-1	-1	-1	-1	-1
NS12527Q	1	-1	-1	-1	-1	-1	-1	-1	1	9	2018	1	1	-1	-1	-1	-1	-1	-1	-1	-1	-1	-1	-1	-1	-1
NS12529S	2	2	-1	-1	-1	-1	-1	-1	-1	-1	-1	-1	-1	-1	-1	-1	-1	-1	-1	-1	-1	-1	-1	-1	-1	-1
NS12530C	2	2	-1	-1	-1	-1	-1	-1	-1	-1	-1	-1	-1	-1	-1	-1	-1	-1	-1	-1	-1	-1	-1	-1	-1	-1
NS12531D	2	1	3	2020	2	2	1997	25	3	-1	-1	1	2	-1	-1	-1	-1	-1	-1	-1	-1	5	2020	-1	-1	-1
NS12531D	3	1	4	2021	2	2	1997	25	3	-1	-1	1	1	-1	-1	-1	-1	-1	-1	-1	-1	-1	-1	-1	-1	-1
NS12532E	2	1	6	2016	2	5	1992	30	1	9	2018	1	1	-1	-1	-1	-1	-1	-1	-1	-1	-1	-1	-1	-1	-1
NS12535H	2	1	4	2019	2	7	1996	26	3	-1	-1	2	-1	1	1	2	2	2	2	2	2	11	2019	-1	-1	-1
NS12535H	3	1	12	2022	2	12	1996	26	3	-1	-1	1	1	-1	-1	-1	-1	-1	-1	-1	-1	-1	-1	-1	-1	-1
NS12537K	2	2	-1	-1	-1	-1	-1	-1	-1	-1	-1	-1	-1	-1	-1	-1	-1	-1	-1	-1	-1	-1	-1	-1	-1	-1
NS12538L	2	1	8	2019	2	4	1990	32	1	10	2021	1	1	-1	-1	-1	-1	-1	-1	-1	-1	-1	-1	-1	-1	-1
NS12540X	2	1	2	2006	1	-8	-8	31	3	-1	-1	2	-1	1	1	2	2	2	2	2	2	12	2009	-1	-1	-1
NS12540X	3	2	-1	-1	-1	-1	-1	-1	-1	-1	-1	-1	-1	-1	-1	-1	-1	-1	-1	-1	-1	-1	-1	-1	-1	-1
NS12541Y	2	1	7	2020	2	10	1996	26	1	7	2020	1	1	-1	-1	-1	-1	-1	-1	-1	-1	-1	-1	-1	-1	-1
NS12543A	1	-1	-1	-1	-1	-1	-1	-1	-1	-1	-1	1	1	-1	-1	-1	-1	-1	-1	-1	-1	-1	-1	-1	-1	-1
NS12545C	1	-1	-1	-1	-1	-1	-1	-1	1	6	2021	1	1	-1	-1	-1	-1	-1	-1	-1	-1	-1	-1	-1	-1	-1
NS12546D	1	-1	-1	-1	-1	-1	-1	-1	-1	-1	-1	1	1	-1	-1	-1	-1	-1	-1	-1	-1	-1	-1	-1	-1	-1
NS12551S	2	2	-1	-1	-1	-1	-1	-1	-1	-1	-1	-1	-1	-1	-1	-1	-1	-1	-1	-1	-1	-1	-1	-1	-1	-1
NS12554W	2	2	-1	-1	-1	-1	-1	-1	-1	-1	-1	-1	-1	-1	-1	-1	-1	-1	-1	-1	-1	-1	-1	-1	-1	-1
NS12555X	2	1	9	2014	1	9	1988	34	1	9	2021	1	1	-1	-1	-1	-1	-1	-1	-1	-1	-1	-1	-1	-1	-1
NS12556Y	2	1	3	2022	1	4	1984	38	1	3	2022	1	1	-1	-1	-1	-1	-1	-1	-1	-1	-1	-1	-1	-1	-1
NS12557Z	1	-1	-1	-1	-1	-1	-1	-1	1	9	2021	1	1	-1	-1	-1	-1	-1	-1	-1	-1	-1	-1	-1	-1	-1
NS12558A	2	2	-1	-1	-1	-1	-1	-1	-1	-1	-1	-1	-1	-1	-1	-1	-1	-1	-1	-1	-1	-1	-1	-1	-1	-1
NS12560L	1	-1	-1	-1	-1	-1	-1	-1	1	7	2017	1	1	-1	-1	-1	-1	-1	-1	-1	-1	-1	-1	-1	-1	-1
NS12562N	1	-1	-1	-1	-1	-1	-1	-1	3	-1	-1	2	-1	1	1	2	1	1	2	2	2	12	2019	-1	-1	-1
NS12562N	2	2	-1	-1	-1	-1	-1	-1	-1	-1	-1	-1	-1	-1	-1	-1	-1	-1	-1	-1	-1	-1	-1	-1	-1	-1
NS12563P	2	2	-1	-1	-1	-1	-1	-1	-1	-1	-1	-1	-1	-1	-1	-1	-1	-1	-1	-1	-1	-1	-1	-1	-1	-1
NS12566S	1	-1	-1	-1	-1	-1	-1	-1	-1	-1	-1	1	1	-1	-1	-1	-1	-1	-1	-1	-1	11	2019	2	-1	-1
NS12566S	2	2	-1	-1	-1	-1	-1	-1	-1	-1	-1	-1	-1	-1	-1	-1	-1	-1	-1	-1	-1	-1	-1	-1	-1	-1
NS12569W	2	2	-1	-1	-1	-1	-1	-1	-1	-1	-1	-1	-1	-1	-1	-1	-1	-1	-1	-1	-1	-1	-1	-1	-1	-1
NS12571G	2	1	11	2017	2	2	1990	33	3	-1	-1	1	1	-1	-1	-1	-1	-1	-1	-1	-1	-1	-1	-1	-1	-1
NS12573J	2	1	9	2018	1	5	1987	35	1	8	2018	1	1	-1	-1	-1	-1	-1	-1	-1	-1	-1	-1	-1	-1	-1
NS12574K	1	-1	-1	-1	-1	-1	-1	-1	1	8	2017	1	1	-1	-1	-1	-1	-1	-1	-1	-1	-1	-1	-1	-1	-1
NS12575L	2	1	7	2010	1	4	1975	47	1	10	2014	2	-1	1	1	2	2	2	2	2	2	3	2019	1	9	2020
NS12575L	3	1	3	2020	1	5	1991	31	3	-1	-1	2	-1	1	1	2	2	2	2	2	2	5	2022	-1	-1	-1
NS12575L	4	2	-1	-1	-1	-1	-1	-1	-1	-1	-1	-1	-1	-1	-1	-1	-1	-1	-1	-1	-1	-1	-1	-1	-1	-1
NS12579Q	2	2	-1	-1	-1	-1	-1	-1	-1	-1	-1	-1	-1	-1	-1	-1	-1	-1	-1	-1	-1	-1	-1	-1	-1	-1
NS12580A	1	-1	-1	-1	-1	-1	-1	-1	-1	-1	-1	1	1	-1	-1	-1	-1	-1	-1	-1	-1	-1	-1	-1	-1	-1
NS12584E	2	1	3	2020	2	5	1990	32	1	8	2021	1	1	-1	-1	-1	-1	-1	-1	-1	-1	-1	-1	-1	-1	-1
NS12585F	2	2	-1	-1	-1	-1	-1	-1	-1	-1	-1	-1	-1	-1	-1	-1	-1	-1	-1	-1	-1	-1	-1	-1	-1	-1
NS12586G	2	2	-1	-1	-1	-1	-1	-1	-1	-1	-1	-1	-1	-1	-1	-1	-1	-1	-1	-1	-1	-1	-1	-1	-1	-1
NS12587H	2	2	-1	-1	-1	-1	-1	-1	-1	-1	-1	-1	-1	-1	-1	-1	-1	-1	-1	-1	-1	-1	-1	-1	-1	-1
NS12592X	2	1	1	2017	2	5	1989	34	1	5	2021	1	1	-1	-1	-1	-1	-1	-1	-1	-1	-1	-1	-1	-1	-1
NS12593Y	1	-1	-1	-1	-1	-1	-1	-1	-1	-1	-1	1	1	-1	-1	-1	-1	-1	-1	-1	-1	-1	-1	-1	-1	-1
NS12596B	1	-1	-1	-1	-1	-1	-1	-1	1	9	2015	1	1	-1	-1	-1	-1	-1	-1	-1	-1	-1	-1	-1	-1	-1
NS12597C	2	2	-1	-1	-1	-1	-1	-1	-1	-1	-1	-1	-1	-1	-1	-1	-1	-1	-1	-1	-1	-1	-1	-1	-1	-1
NS12598D	2	2	-1	-1	-1	-1	-1	-1	-1	-1	-1	-1	-1	-1	-1	-1	-1	-1	-1	-1	-1	-1	-1	-1	-1	-1
NS12603Z	2	2	-1	-1	-1	-1	-1	-1	-1	-1	-1	-1	-1	-1	-1	-1	-1	-1	-1	-1	-1	-1	-1	-1	-1	-1
NS12606C	2	2	-1	-1	-1	-1	-1	-1	-1	-1	-1	-1	-1	-1	-1	-1	-1	-1	-1	-1	-1	-1	-1	-1	-1	-1
NS12607D	2	2	-1	-1	-1	-1	-1	-1	-1	-1	-1	-1	-1	-1	-1	-1	-1	-1	-1	-1	-1	-1	-1	-1	-1	-1
NS12608E	2	2	-1	-1	-1	-1	-1	-1	-1	-1	-1	-1	-1	-1	-1	-1	-1	-1	-1	-1	-1	-1	-1	-1	-1	-1
NS12610Q	1	-1	-1	-1	-1	-1	-1	-1	-1	-1	-1	1	1	-1	-1	-1	-1	-1	-1	-1	-1	-1	-1	-1	-1	-1
NS12612S	2	2	-1	-1	-1	-1	-1	-1	-1	-1	-1	-1	-1	-1	-1	-1	-1	-1	-1	-1	-1	-1	-1	-1	-1	-1
NS12613T	2	2	-1	-1	-1	-1	-1	-1	-1	-1	-1	-1	-1	-1	-1	-1	-1	-1	-1	-1	-1	-1	-1	-1	-1	-1
NS12618Z	2	1	8	2017	1	4	1989	33	3	-1	-1	1	1	-1	-1	-1	-1	-1	-1	-1	-1	-1	-1	-1	-1	-1
NS12623N	2	2	-1	-1	-1	-1	-1	-1	-1	-1	-1	-1	-1	-1	-1	-1	-1	-1	-1	-1	-1	-1	-1	-1	-1	-1
NS12624P	2	2	-1	-1	-1	-1	-1	-1	-1	-1	-1	-1	-1	-1	-1	-1	-1	-1	-1	-1	-1	-1	-1	-1	-1	-1
NS12626R	2	2	-1	-1	-1	-1	-1	-1	-1	-1	-1	-1	-1	-1	-1	-1	-1	-1	-1	-1	-1	-1	-1	-1	-1	-1
NS12630E	2	1	8	2016	1	9	1989	33	2	8	2016	1	1	-1	-1	-1	-1	-1	-1	-1	-1	-1	-1	-1	-1	-1
NS12634J	2	1	12	2020	1	10	1990	32	3	-1	-1	1	1	-1	-1	-1	-1	-1	-1	-1	-1	-1	-1	-1	-1	-1
NS12636L	1	-1	-1	-1	-1	-1	-1	-1	-1	-1	-1	1	1	-1	-1	-1	-1	-1	-1	-1	-1	-1	-1	-1	-1	-1
NS12637M	2	2	-1	-1	-1	-1	-1	-1	-1	-1	-1	-1	-1	-1	-1	-1	-1	-1	-1	-1	-1	-1	-1	-1	-1	-1
NS12638N	1	-1	-1	-1	-1	-1	-1	-1	3	-1	-1	1	1	-1	-1	-1	-1	-1	-1	-1	-1	-1	-1	-1	-1	-1
NS12643C	1	-1	-1	-1	-1	-1	-1	-1	1	8	2019	1	1	-1	-1	-1	-1	-1	-1	-1	-1	-1	-1	-1	-1	-1
NS12644D	2	1	3	2021	2	10	1991	30	3	-1	-1	1	1	-1	-1	-1	-1	-1	-1	-1	-1	-1	-1	-1	-1	-1
NS12645E	2	1	7	2018	1	12	1988	34	3	-1	-1	1	1	-1	-1	-1	-1	-1	-1	-1	-1	-1	-1	-1	-1	-1
NS12649J	2	1	11	2022	2	12	1992	30	3	-1	-1	1	1	-1	-1	-1	-1	-1	-1	-1	-1	-1	-1	-1	-1	-1
NS12650T	1	-1	-1	-1	-1	-1	-1	-1	3	-1	-1	2	-1	1	1	2	1	2	2	2	2	9	2019	-1	-1	-1
NS12650T	2	2	-1	-1	-1	-1	-1	-1	-1	-1	-1	-1	-1	-1	-1	-1	-1	-1	-1	-1	-1	-1	-1	-1	-1	-1
NS12652W	2	1	7	2018	1	1	1981	41	3	-1	-1	1	1	-1	-1	-1	-1	-1	-1	-1	-1	-1	-1	-1	-1	-1
NS12653X	1	-1	-1	-1	-1	-1	-1	-1	1	9	2016	1	1	-1	-1	-1	-1	-1	-1	-1	-1	-1	-1	-1	-1	-1
NS12654Y	2	1	4	2007	1	1	1987	35	3	-1	-1	2	-1	1	1	2	2	2	1	2	2	10	2007	-1	-1	-1
NS12654Y	3	2	-1	-1	-1	-1	-1	-1	-1	-1	-1	-1	-1	-1	-1	-1	-1	-1	-1	-1	-1	-1	-1	-1	-1	-1
NS12655Z	2	1	3	2020	2	6	1982	40	3	-1	-1	1	1	-1	-1	-1	-1	-1	-1	-1	-1	-1	-1	-1	-1	-1
NS12658C	2	1	12	2017	2	11	1990	32	1	4	2016	1	1	-1	-1	-1	-1	-1	-1	-1	-1	-1	-1	-1	-1	-1
NS12662Q	2	1	12	2011	-9	1	1940	82	3	-1	-1	1	1	-1	-1	-1	-1	-1	-1	-1	-1	-1	-1	-1	-1	-1
NS12665T	2	2	-1	-1	-1	-1	-1	-1	-1	-1	-1	-1	-1	-1	-1	-1	-1	-1	-1	-1	-1	-1	-1	-1	-1	-1
NS12666V	1	-1	-1	-1	-1	-1	-1	-1	3	-1	-1	2	-1	1	1	1	2	1	1	2	2	4	2017	-1	-1	-1
NS12666V	2	1	10	2017	1	9	1991	31	3	-1	-1	2	-1	1	1	2	2	1	2	2	2	5	2020	-1	-1	-1
NS12666V	3	1	2	2022	1	10	1994	28	3	-1	-1	1	1	-1	-1	-1	-1	-1	-1	-1	-1	-1	-1	-1	-1	-1
NS12667W	2	2	-1	-1	-1	-1	-1	-1	-1	-1	-1	-1	-1	-1	-1	-1	-1	-1	-1	-1	-1	-1	-1	-1	-1	-1
NS12673L	1	-1	-1	-1	-1	-1	-1	-1	1	2	2019	1	1	-1	-1	-1	-1	-1	-1	-1	-1	-1	-1	-1	-1	-1
NS12674M	2	1	3	2010	1	3	1990	32	1	7	2021	1	1	-1	-1	-1	-1	-1	-1	-1	-1	-1	-1	-1	-1	-1
NS12675N	2	1	7	2017	1	1	1990	32	3	-1	-1	2	-1	1	1	2	2	2	1	2	2	7	2019	-1	-1	-1
NS12675N	3	2	-1	-1	-1	-1	-1	-1	-1	-1	-1	-1	-1	-1	-1	-1	-1	-1	-1	-1	-1	-1	-1	-1	-1	-1
NS12676P	2	1	1	2020	2	7	1991	31	3	-1	-1	1	1	-1	-1	-1	-1	-1	-1	-1	-1	-1	-1	-1	-1	-1
NS12677Q	1	-1	-1	-1	-1	-1	-1	-1	3	-1	-1	1	1	-1	-1	-1	-1	-1	-1	-1	-1	-1	-1	-1	-1	-1
NS12679S	1	-1	-1	-1	-1	-1	-1	-1	1	9	2021	1	1	-1	-1	-1	-1	-1	-1	-1	-1	-1	-1	-1	-1	-1
NS12681D	2	1	4	2016	1	7	1988	35	1	3	2016	1	1	-1	-1	-1	-1	-1	-1	-1	-1	-1	-1	-1	-1	-1
NS12683F	2	1	5	2010	1	8	1987	35	1	2	2010	2	-1	1	1	2	2	2	2	2	2	10	2014	1	6	2022
NS12683F	3	2	-1	-1	-1	-1	-1	-1	-1	-1	-1	-1	-1	-1	-1	-1	-1	-1	-1	-1	-1	-1	-1	-1	-1	-1
NS12684G	2	1	3	2023	2	5	1984	39	3	-1	-1	2	-1	2	-1	-1	-1	-1	-1	-1	-1	4	2023	-1	-1	-1
NS12684G	3	2	-1	-1	-1	-1	-1	-1	-1	-1	-1	-1	-1	-1	-1	-1	-1	-1	-1	-1	-1	-1	-1	-1	-1	-1
NS12688L	1	-1	-1	-1	-1	-1	-1	-1	3	-1	-1	2	-1	1	1	2	2	2	2	2	2	1	2018	-1	-1	-1
NS12688L	2	1	10	2019	1	4	1988	34	1	8	2022	1	1	-1	-1	-1	-1	-1	-1	-1	-1	-1	-1	-1	-1	-1
NS12689M	1	-1	-1	-1	-1	-1	-1	-1	-1	-1	-1	1	1	-1	-1	-1	-1	-1	-1	-1	-1	-1	-1	-1	-1	-1
NS12691Y	1	-1	-1	-1	-1	-1	-1	-1	3	-1	-1	1	1	-1	-1	-1	-1	-1	-1	-1	-1	-1	-1	-1	-1	-1
NS12693A	1	-1	-1	-1	-1	-1	-1	-1	-1	-1	-1	1	1	-1	-1	-1	-1	-1	-1	-1	-1	-1	-1	-1	-1	-1
NS12695C	1	-1	-1	-1	-1	-1	-1	-1	3	-1	-1	1	1	-1	-1	-1	-1	-1	-1	-1	-1	-1	-1	-1	-1	-1
NS12698F	2	1	1	2015	1	8	1986	36	1	6	2016	1	1	-1	-1	-1	-1	-1	-1	-1	-1	-1	-1	-1	-1	-1
NS12699G	1	-1	-1	-1	-1	-1	-1	-1	-1	-1	-1	1	1	-1	-1	-1	-1	-1	-1	-1	-1	-1	-1	-1	-1	-1
NS12700Y	1	-1	-1	-1	-1	-1	-1	-1	1	9	2022	1	1	-1	-1	-1	-1	-1	-1	-1	-1	-1	-1	-1	-1	-1
NS12703B	1	-1	-1	-1	-1	-1	-1	-1	1	8	2018	1	1	-1	-1	-1	-1	-1	-1	-1	-1	-1	-1	-1	-1	-1
NS12708G	2	1	11	2017	2	1	1989	34	3	-1	-1	1	1	-1	-1	-1	-1	-1	-1	-1	-1	-1	-1	-1	-1	-1
NS12713W	1	-1	-1	-1	-1	-1	-1	-1	-1	-1	-1	1	1	-1	-1	-1	-1	-1	-1	-1	-1	-1	-1	-1	-1	-1
NS12715Y	1	-1	-1	-1	-1	-1	-1	-1	-1	-1	-1	1	1	-1	-1	-1	-1	-1	-1	-1	-1	-1	-1	-1	-1	-1
NS12718B	1	-1	-1	-1	-1	-1	-1	-1	-1	-1	-1	2	-1	1	2	2	2	1	2	2	2	7	2016	1	8	2019
NS12718B	2	2	-1	-1	-1	-1	-1	-1	-1	-1	-1	-1	-1	-1	-1	-1	-1	-1	-1	-1	-1	-1	-1	-1	-1	-1
NS12720M	2	1	12	2018	1	10	1986	36	3	-1	-1	1	1	-1	-1	-1	-1	-1	-1	-1	-1	-1	-1	-1	-1	-1
NS12722P	2	2	-1	-1	-1	-1	-1	-1	-1	-1	-1	-1	-1	-1	-1	-1	-1	-1	-1	-1	-1	-1	-1	-1	-1	-1
NS12723Q	2	2	-1	-1	-1	-1	-1	-1	-1	-1	-1	-1	-1	-1	-1	-1	-1	-1	-1	-1	-1	-1	-1	-1	-1	-1
NS12724R	2	1	11	2019	1	6	1997	25	3	-1	-1	1	1	-1	-1	-1	-1	-1	-1	-1	-1	-1	-1	-1	-1	-1
NS12727V	2	2	-1	-1	-1	-1	-1	-1	-1	-1	-1	-1	-1	-1	-1	-1	-1	-1	-1	-1	-1	-1	-1	-1	-1	-1
NS12728W	1	-1	-1	-1	-1	-1	-1	-1	3	-1	-1	1	1	-1	-1	-1	-1	-1	-1	-1	-1	-1	-1	-1	-1	-1
NS12730G	2	2	-1	-1	-1	-1	-1	-1	-1	-1	-1	-1	-1	-1	-1	-1	-1	-1	-1	-1	-1	-1	-1	-1	-1	-1
NS12737P	1	-1	-1	-1	-1	-1	-1	-1	1	10	2016	1	1	-1	-1	-1	-1	-1	-1	-1	-1	-1	-1	-1	-1	-1
NS12739R	2	1	5	2016	2	12	1989	32	1	8	2016	1	1	-1	-1	-1	-1	-1	-1	-1	-1	-1	-1	-1	-1	-1
NS12740B	2	2	-1	-1	-1	-1	-1	-1	-1	-1	-1	-1	-1	-1	-1	-1	-1	-1	-1	-1	-1	-1	-1	-1	-1	-1
NS12741C	1	-1	-1	-1	-1	-1	-1	-1	3	-1	-1	1	1	-1	-1	-1	-1	-1	-1	-1	-1	-1	-1	-1	-1	-1
NS12742D	2	1	10	2016	1	7	1990	31	1	4	2019	1	1	-1	-1	-1	-1	-1	-1	-1	-1	-1	-1	-1	-1	-1
NS12746H	2	2	-1	-1	-1	-1	-1	-1	-1	-1	-1	-1	-1	-1	-1	-1	-1	-1	-1	-1	-1	-1	-1	-1	-1	-1
NS12748K	2	1	11	2017	1	8	1988	34	1	7	2018	1	1	-1	-1	-1	-1	-1	-1	-1	-1	-1	-1	-1	-1	-1
NS12749L	1	-1	-1	-1	-1	-1	-1	-1	3	-1	-1	1	1	-1	-1	-1	-1	-1	-1	-1	-1	-1	-1	-1	-1	-1
NS12753Z	2	1	8	2015	2	3	1981	41	3	-1	-1	2	-1	1	1	2	2	2	2	2	2	10	2017	-1	-1	-1
NS12753Z	3	2	-1	-1	-1	-1	-1	-1	-1	-1	-1	-1	-1	-1	-1	-1	-1	-1	-1	-1	-1	-1	-1	-1	-1	-1
NS12754A	2	2	-1	-1	-1	-1	-1	-1	-1	-1	-1	-1	-1	-1	-1	-1	-1	-1	-1	-1	-1	-1	-1	-1	-1	-1
NS12755B	2	1	5	2010	1	12	1983	38	3	-1	-1	2	-1	1	1	1	1	2	2	2	2	2	2020	-1	-1	-1
NS12755B	3	2	-1	-1	-1	-1	-1	-1	-1	-1	-1	-1	-1	-1	-1	-1	-1	-1	-1	-1	-1	-1	-1	-1	-1	-1
NS12762S	1	-1	-1	-1	-1	-1	-1	-1	3	-1	-1	2	-1	1	1	2	2	2	2	2	2	8	2017	-1	-1	-1
NS12762S	2	2	-1	-1	-1	-1	-1	-1	-1	-1	-1	-1	-1	-1	-1	-1	-1	-1	-1	-1	-1	-1	-1	-1	-1	-1
NS12763T	2	1	1	2020	2	11	1989	33	3	-1	-1	1	1	-1	-1	-1	-1	-1	-1	-1	-1	-1	-1	-1	-1	-1
NS12772M	1	-1	-1	-1	-1	-1	-1	-1	-1	-1	-1	1	1	-1	-1	-1	-1	-1	-1	-1	-1	-1	-1	-1	-1	-1
NS12773N	2	1	8	2018	2	9	1990	32	3	-1	-1	1	1	-1	-1	-1	-1	-1	-1	-1	-1	-1	-1	-1	-1	-1
NS12774P	2	1	7	2016	2	7	1991	31	3	-1	-1	1	1	-1	-1	-1	-1	-1	-1	-1	-1	-1	-1	-1	-1	-1
NS12776R	1	-1	-1	-1	-1	-1	-1	-1	1	10	2018	1	1	-1	-1	-1	-1	-1	-1	-1	-1	-1	-1	-1	-1	-1
NS12777S	1	-1	-1	-1	-1	-1	-1	-1	1	7	2018	1	1	-1	-1	-1	-1	-1	-1	-1	-1	-1	-1	-1	-1	-1
NS12779V	2	1	4	2014	2	10	1988	34	3	-1	-1	2	-1	1	2	2	2	2	2	2	1	8	2015	-1	-1	-1
NS12779V	3	2	-1	-1	-1	-1	-1	-1	-1	-1	-1	-1	-1	-1	-1	-1	-1	-1	-1	-1	-1	-1	-1	-1	-1	-1
NS12782G	2	2	-1	-1	-1	-1	-1	-1	-1	-1	-1	-1	-1	-1	-1	-1	-1	-1	-1	-1	-1	-1	-1	-1	-1	-1
NS12783H	1	-1	-1	-1	-1	-1	-1	-1	1	8	2016	1	1	-1	-1	-1	-1	-1	-1	-1	-1	-1	-1	-1	-1	-1
NS12787M	2	1	11	2018	2	8	1988	33	3	-1	-1	1	1	-1	-1	-1	-1	-1	-1	-1	-1	-1	-1	-1	-1	-1
NS12788N	1	-1	-1	-1	-1	-1	-1	-1	1	8	2017	1	1	-1	-1	-1	-1	-1	-1	-1	-1	-1	-1	-1	-1	-1
NS12790Z	2	1	1	2017	1	5	1990	31	1	7	2021	1	1	-1	-1	-1	-1	-1	-1	-1	-1	-1	-1	-1	-1	-1
NS12792B	2	1	3	2016	1	6	1987	35	3	-1	-1	1	1	-1	-1	-1	-1	-1	-1	-1	-1	-1	-1	-1	-1	-1
NS12793C	1	-1	-1	-1	-1	-1	-1	-1	1	2	2017	1	1	-1	-1	-1	-1	-1	-1	-1	-1	-1	-1	-1	-1	-1
NS12794D	1	-1	-1	-1	-1	-1	-1	-1	1	10	2017	1	1	-1	-1	-1	-1	-1	-1	-1	-1	-1	-1	-1	-1	-1
NS12796F	2	1	7	2018	2	-9	-9	-9	3	-1	-1	2	-1	1	1	2	2	2	2	2	2	-9	-9	-1	-1	-1
NS12796F	3	2	-1	-1	-1	-1	-1	-1	-1	-1	-1	-1	-1	-1	-1	-1	-1	-1	-1	-1	-1	-1	-1	-1	-1	-1
NS12797G	2	1	3	2020	1	1	1991	31	3	-1	-1	2	-1	1	2	2	2	2	1	1	2	12	2020	-1	-1	-1
NS12797G	3	2	-1	-1	-1	-1	-1	-1	-1	-1	-1	-1	-1	-1	-1	-1	-1	-1	-1	-1	-1	-1	-1	-1	-1	-1
NS12800A	2	2	-1	-1	-1	-1	-1	-1	-1	-1	-1	-1	-1	-1	-1	-1	-1	-1	-1	-1	-1	-1	-1	-1	-1	-1
NS12801B	2	2	-1	-1	-1	-1	-1	-1	-1	-1	-1	-1	-1	-1	-1	-1	-1	-1	-1	-1	-1	-1	-1	-1	-1	-1
NS12804E	1	-1	-1	-1	-1	-1	-1	-1	3	-1	-1	2	-1	1	1	2	2	2	2	2	2	7	2022	-1	-1	-1
NS12804E	2	2	-1	-1	-1	-1	-1	-1	-1	-1	-1	-1	-1	-1	-1	-1	-1	-1	-1	-1	-1	-1	-1	-1	-1	-1
NS12805F	2	1	7	2017	1	2	1985	37	3	-1	-1	1	1	-1	-1	-1	-1	-1	-1	-1	-1	-1	-1	-1	-1	-1
NS12807H	2	2	-1	-1	-1	-1	-1	-1	-1	-1	-1	-1	-1	-1	-1	-1	-1	-1	-1	-1	-1	-1	-1	-1	-1	-1
NS12808J	2	1	3	2022	2	12	1992	29	3	-1	-1	1	1	-1	-1	-1	-1	-1	-1	-1	-1	-1	-1	-1	-1	-1
NS12809K	2	1	9	2016	1	7	1988	34	3	-1	-1	1	1	-1	-1	-1	-1	-1	-1	-1	-1	-1	-1	-1	-1	-1
NS12810V	2	2	-1	-1	-1	-1	-1	-1	-1	-1	-1	-1	-1	-1	-1	-1	-1	-1	-1	-1	-1	-1	-1	-1	-1	-1
NS12811W	2	1	9	2018	2	1	1992	30	3	-1	-1	1	1	-1	-1	-1	-1	-1	-1	-1	-1	-1	-1	-1	-1	-1
NS12813Y	2	1	3	2016	2	5	1992	30	2	4	2016	1	1	-1	-1	-1	-1	-1	-1	-1	-1	-1	-1	-1	-1	-1
NS12814Z	1	-1	-1	-1	-1	-1	-1	-1	1	9	2017	1	1	-1	-1	-1	-1	-1	-1	-1	-1	-1	-1	-1	-1	-1
NS12817C	2	1	10	2010	1	8	1987	35	1	9	2012	1	1	-1	-1	-1	-1	-1	-1	-1	-1	-1	-1	-1	-1	-1
NS12818D	2	1	7	2017	2	8	1991	31	1	7	2017	1	1	-1	-1	-1	-1	-1	-1	-1	-1	-1	-1	-1	-1	-1
NS12820P	1	-1	-1	-1	-1	-1	-1	-1	-1	-1	-1	1	1	-1	-1	-1	-1	-1	-1	-1	-1	-1	-1	-1	-1	-1
NS12823S	1	-1	-1	-1	-1	-1	-1	-1	-1	-1	-1	1	1	-1	-1	-1	-1	-1	-1	-1	-1	-1	-1	-1	-1	-1
NS12825V	2	1	2	2019	1	-9	-9	36	3	-1	-1	1	1	-1	-1	-1	-1	-1	-1	-1	-1	-1	-1	-1	-1	-1
NS12830J	2	2	-1	-1	-1	-1	-1	-1	-1	-1	-1	-1	-1	-1	-1	-1	-1	-1	-1	-1	-1	-1	-1	-1	-1	-1
NS12831K	1	-1	-1	-1	-1	-1	-1	-1	-1	-1	-1	1	1	-1	-1	-1	-1	-1	-1	-1	-1	-1	-1	-1	-1	-1
NS12833M	1	-1	-1	-1	-1	-1	-1	-1	-1	-1	-1	1	1	-1	-1	-1	-1	-1	-1	-1	-1	-1	-1	-1	-1	-1
NS12836Q	1	-1	-1	-1	-1	-1	-1	-1	-1	-1	-1	1	1	-1	-1	-1	-1	-1	-1	-1	-1	-1	-1	-1	-1	-1
NS12837R	2	2	-1	-1	-1	-1	-1	-1	-1	-1	-1	-1	-1	-1	-1	-1	-1	-1	-1	-1	-1	-1	-1	-1	-1	-1
NS12841E	2	1	6	2019	2	-9	-9	-9	3	-1	-1	1	1	-1	-1	-1	-1	-1	-1	-1	-1	-1	-1	-1	-1	-1
NS12842F	2	1	6	2018	2	11	1990	32	1	6	2018	1	1	-1	-1	-1	-1	-1	-1	-1	-1	-1	-1	-1	-1	-1
NS12843G	1	-1	-1	-1	-1	-1	-1	-1	-1	-1	-1	1	1	-1	-1	-1	-1	-1	-1	-1	-1	-1	-1	-1	-1	-1
NS12844H	2	1	8	2017	2	9	1993	29	1	7	2017	1	1	-1	-1	-1	-1	-1	-1	-1	-1	-1	-1	-1	-1	-1
NS12848M	1	-1	-1	-1	-1	-1	-1	-1	-1	-1	-1	1	1	-1	-1	-1	-1	-1	-1	-1	-1	-1	-1	-1	-1	-1
NS12849N	1	-1	-1	-1	-1	-1	-1	-1	-1	-1	-1	1	1	-1	-1	-1	-1	-1	-1	-1	-1	-1	-1	-1	-1	-1
NS12854C	2	2	-1	-1	-1	-1	-1	-1	-1	-1	-1	-1	-1	-1	-1	-1	-1	-1	-1	-1	-1	-1	-1	-1	-1	-1
NS12860S	1	-1	-1	-1	-1	-1	-1	-1	1	3	2018	1	1	-1	-1	-1	-1	-1	-1	-1	-1	-1	-1	-1	-1	-1
NS12864X	2	2	-1	-1	-1	-1	-1	-1	-1	-1	-1	-1	-1	-1	-1	-1	-1	-1	-1	-1	-1	-1	-1	-1	-1	-1
NS12868B	2	1	6	2010	1	7	1982	40	3	-1	-1	2	-1	1	1	2	2	2	2	2	2	4	2012	-1	-1	-1
NS12868B	3	2	-1	-1	-1	-1	-1	-1	-1	-1	-1	-1	-1	-1	-1	-1	-1	-1	-1	-1	-1	-1	-1	-1	-1	-1
NS12869C	2	1	12	2018	1	11	1989	33	3	-1	-1	1	1	-1	-1	-1	-1	-1	-1	-1	-1	-1	-1	-1	-1	-1
NS12870M	2	1	7	2017	2	7	1990	32	3	-1	-1	2	-1	1	1	2	2	2	2	2	2	7	2020	-1	-1	-1
NS12870M	3	2	-1	-1	-1	-1	-1	-1	-1	-1	-1	-1	-1	-1	-1	-1	-1	-1	-1	-1	-1	-1	-1	-1	-1	-1
NS12871N	2	1	2	2019	1	1	1987	36	1	2	2019	2	-1	1	1	1	2	2	2	2	2	1	2022	1	1	2023
NS12871N	3	2	-1	-1	-1	-1	-1	-1	-1	-1	-1	-1	-1	-1	-1	-1	-1	-1	-1	-1	-1	-1	-1	-1	-1	-1
NS12872P	1	-1	-1	-1	-1	-1	-1	-1	3	-1	-1	1	1	-1	-1	-1	-1	-1	-1	-1	-1	-1	-1	-1	-1	-1
NS12874R	1	-1	-1	-1	-1	-1	-1	-1	3	-1	-1	1	1	-1	-1	-1	-1	-1	-1	-1	-1	-1	-1	-1	-1	-1
NS12876T	2	1	6	2008	1	12	1988	33	3	-1	-1	1	1	-1	-1	-1	-1	-1	-1	-1	-1	-1	-1	-1	-1	-1
NS12878W	2	1	5	2017	2	4	1994	28	1	4	2017	1	1	-1	-1	-1	-1	-1	-1	-1	-1	-1	-1	-1	-1	-1
NS12880G	1	-1	-1	-1	-1	-1	-1	-1	3	-1	-1	2	-1	1	1	2	2	2	2	2	2	6	2016	-1	-1	-1
NS12880G	2	1	12	2020	1	12	1985	37	1	12	2022	1	1	-1	-1	-1	-1	-1	-1	-1	-1	-1	-1	-1	-1	-1
NS12881H	2	1	3	2015	2	1	1990	33	1	3	2015	1	1	-1	-1	-1	-1	-1	-1	-1	-1	-1	-1	-1	-1	-1
NS12882J	2	1	7	2017	2	-9	1988	34	1	7	2017	1	1	-1	-1	-1	-1	-1	-1	-1	-1	-1	-1	-1	-1	-1
NS12883K	2	1	1	2013	2	9	1988	34	1	6	2016	1	1	-1	-1	-1	-1	-1	-1	-1	-1	-1	-1	-1	-1	-1
NS12885M	2	1	12	2016	1	9	1989	32	3	-1	-1	1	1	-1	-1	-1	-1	-1	-1	-1	-1	-1	-1	-1	-1	-1
NS12888Q	2	1	3	2012	2	5	1989	33	3	-1	-1	2	-1	1	1	2	2	2	2	2	2	6	2014	-1	-1	-1
NS12888Q	3	2	-1	-1	-1	-1	-1	-1	-1	-1	-1	-1	-1	-1	-1	-1	-1	-1	-1	-1	-1	-1	-1	-1	-1	-1
NS12890B	2	2	-1	-1	-1	-1	-1	-1	-1	-1	-1	-1	-1	-1	-1	-1	-1	-1	-1	-1	-1	-1	-1	-1	-1	-1
NS12891C	2	1	2	2011	1	9	1987	35	1	12	2009	1	-9	-1	-1	-1	-1	-1	-1	-1	-1	-1	-1	-1	-1	-1
NS12891C	3	2	-1	-1	-1	-1	-1	-1	-1	-1	-1	-1	-1	-1	-1	-1	-1	-1	-1	-1	-1	-1	-1	-1	-1	-1
NS12894F	2	1	6	2015	1	7	1982	40	1	5	2015	1	1	-1	-1	-1	-1	-1	-1	-1	-1	-1	-1	-1	-1	-1
NS12895G	2	1	5	2018	1	11	1982	39	3	-1	-1	2	-1	2	-1	-1	-1	-1	-1	-1	-1	4	2021	-1	-1	-1
NS12895G	3	2	-1	-1	-1	-1	-1	-1	-1	-1	-1	-1	-1	-1	-1	-1	-1	-1	-1	-1	-1	-1	-1	-1	-1	-1
NS12896H	2	2	-1	-1	-1	-1	-1	-1	-1	-1	-1	-1	-1	-1	-1	-1	-1	-1	-1	-1	-1	-1	-1	-1	-1	-1
NS12902E	2	2	-1	-1	-1	-1	-1	-1	-1	-1	-1	-1	-1	-1	-1	-1	-1	-1	-1	-1	-1	-1	-1	-1	-1	-1
NS12907K	1	-1	-1	-1	-1	-1	-1	-1	1	7	2019	1	1	-1	-1	-1	-1	-1	-1	-1	-1	-1	-1	-1	-1	-1
NS12909M	2	1	5	2019	2	8	1992	30	1	12	2022	1	1	-1	-1	-1	-1	-1	-1	-1	-1	-1	-1	-1	-1	-1
NS12910X	1	-1	-1	-1	-1	-1	-1	-1	3	-1	-1	2	-1	1	1	2	2	2	2	2	2	9	2020	-1	-1	-1
NS12910X	2	1	2	2022	2	1	1988	34	3	-1	-1	1	1	-1	-1	-1	-1	-1	-1	-1	-1	-1	-1	-1	-1	-1
NS12911Y	2	1	3	2011	1	-8	-8	38	3	-1	-1	2	-1	1	1	2	2	2	2	2	2	-8	2012	-1	-1	-1
NS12911Y	3	1	4	2014	1	10	1977	45	3	-1	-1	2	-1	1	1	2	2	2	2	2	2	10	2020	-1	-1	-1
NS12911Y	4	2	-1	-1	-1	-1	-1	-1	-1	-1	-1	-1	-1	-1	-1	-1	-1	-1	-1	-1	-1	-1	-1	-1	-1	-1
NS12913A	1	-1	-1	-1	-1	-1	-1	-1	1	6	2019	1	1	-1	-1	-1	-1	-1	-1	-1	-1	-1	-1	-1	-1	-1
NS12917E	1	-1	-1	-1	-1	-1	-1	-1	3	-1	-1	1	1	-1	-1	-1	-1	-1	-1	-1	-1	-1	-1	-1	-1	-1
NS12920R	1	-1	-1	-1	-1	-1	-1	-1	1	8	2020	1	1	-1	-1	-1	-1	-1	-1	-1	-1	-1	-1	-1	-1	-1
NS12921S	1	-1	-1	-1	-1	-1	-1	-1	1	9	2022	1	1	-1	-1	-1	-1	-1	-1	-1	-1	-1	-1	-1	-1	-1
NS12922T	2	1	4	2016	2	8	1990	32	3	-1	-1	2	-1	1	1	2	2	2	2	2	2	8	2021	-1	-1	-1
NS12922T	3	2	-1	-1	-1	-1	-1	-1	-1	-1	-1	-1	-1	-1	-1	-1	-1	-1	-1	-1	-1	-1	-1	-1	-1	-1
NS12926Y	2	1	7	2017	1	3	1989	33	1	8	2019	1	1	-1	-1	-1	-1	-1	-1	-1	-1	-1	-1	-1	-1	-1
NS12928A	2	2	-1	-1	-1	-1	-1	-1	-1	-1	-1	-1	-1	-1	-1	-1	-1	-1	-1	-1	-1	-1	-1	-1	-1	-1
NS12932N	2	2	-1	-1	-1	-1	-1	-1	-1	-1	-1	-1	-1	-1	-1	-1	-1	-1	-1	-1	-1	-1	-1	-1	-1	-1
NS12933P	1	-1	-1	-1	-1	-1	-1	-1	-1	-1	-1	1	1	-1	-1	-1	-1	-1	-1	-1	-1	-1	-1	-1	-1	-1
NS12935R	1	-1	-1	-1	-1	-1	-1	-1	1	9	2021	1	1	-1	-1	-1	-1	-1	-1	-1	-1	-1	-1	-1	-1	-1
NS12940F	1	-1	-1	-1	-1	-1	-1	-1	1	3	2016	1	1	-1	-1	-1	-1	-1	-1	-1	-1	-1	-1	-1	-1	-1
NS12942H	1	-1	-1	-1	-1	-1	-1	-1	1	5	2019	1	1	-1	-1	-1	-1	-1	-1	-1	-1	-1	-1	-1	-1	-1
NS12947N	2	1	4	2020	1	1	1989	34	3	-1	-1	1	1	-1	-1	-1	-1	-1	-1	-1	-1	-1	-1	-1	-1	-1
NS12948P	1	-1	-1	-1	-1	-1	-1	-1	1	11	2015	1	1	-1	-1	-1	-1	-1	-1	-1	-1	-1	-1	-1	-1	-1
NS12949Q	2	1	1	2016	1	-9	-9	36	1	7	2017	1	1	-1	-1	-1	-1	-1	-1	-1	-1	-1	-1	-1	-1	-1
NS12950A	1	-1	-1	-1	-1	-1	-1	-1	-1	-1	-1	1	1	-1	-1	-1	-1	-1	-1	-1	-1	-1	-1	-1	-1	-1
NS12951B	2	1	6	2020	2	6	1992	30	3	-1	-1	2	-1	1	1	2	2	2	2	2	2	8	2020	-1	-1	-1
NS12951B	3	2	-1	-1	-1	-1	-1	-1	-1	-1	-1	-1	-1	-1	-1	-1	-1	-1	-1	-1	-1	-1	-1	-1	-1	-1
NS12953D	2	1	-8	2017	2	5	1989	34	3	-1	-1	1	1	-1	-1	-1	-1	-1	-1	-1	-1	-1	-1	-1	-1	-1
NS12957H	2	2	-1	-1	-1	-1	-1	-1	-1	-1	-1	-1	-1	-1	-1	-1	-1	-1	-1	-1	-1	-1	-1	-1	-1	-1
NS12958J	1	-1	-1	-1	-1	-1	-1	-1	1	6	2012	1	1	-1	-1	-1	-1	-1	-1	-1	-1	-1	-1	-1	-1	-1
NS12961W	1	-1	-1	-1	-1	-1	-1	-1	1	5	2018	1	1	-1	-1	-1	-1	-1	-1	-1	-1	-1	-1	-1	-1	-1
NS12963Y	1	-1	-1	-1	-1	-1	-1	-1	-1	-1	-1	1	1	-1	-1	-1	-1	-1	-1	-1	-1	-1	-1	-1	-1	-1
NS12966B	2	1	9	2017	1	7	1986	35	3	-1	-1	1	1	-1	-1	-1	-1	-1	-1	-1	-1	-1	-1	-1	-1	-1
NS12967C	2	2	-1	-1	-1	-1	-1	-1	-1	-1	-1	-1	-1	-1	-1	-1	-1	-1	-1	-1	-1	-1	-1	-1	-1	-1
NS12968D	2	2	-1	-1	-1	-1	-1	-1	-1	-1	-1	-1	-1	-1	-1	-1	-1	-1	-1	-1	-1	-1	-1	-1	-1	-1
NS12969E	1	-1	-1	-1	-1	-1	-1	-1	1	4	2017	1	1	-1	-1	-1	-1	-1	-1	-1	-1	-1	-1	-1	-1	-1
NS12973S	2	2	-1	-1	-1	-1	-1	-1	-1	-1	-1	-1	-1	-1	-1	-1	-1	-1	-1	-1	-1	-1	-1	-1	-1	-1
NS12980J	1	-1	-1	-1	-1	-1	-1	-1	1	3	2019	1	1	-1	-1	-1	-1	-1	-1	-1	-1	-1	-1	-1	-1	-1
NS12982L	2	2	-1	-1	-1	-1	-1	-1	-1	-1	-1	-1	-1	-1	-1	-1	-1	-1	-1	-1	-1	-1	-1	-1	-1	-1
NS12985P	2	1	1	2022	2	10	1991	31	3	-1	-1	1	1	-1	-1	-1	-1	-1	-1	-1	-1	-1	-1	-1	-1	-1
NS12986Q	2	1	8	2013	2	3	1991	31	1	8	2013	1	1	-1	-1	-1	-1	-1	-1	-1	-1	-1	-1	-1	-1	-1
NS12987R	2	1	9	2017	2	1	1987	35	1	9	2017	1	1	-1	-1	-1	-1	-1	-1	-1	-1	-1	-1	-1	-1	-1
NS12991E	1	-1	-1	-1	-1	-1	-1	-1	1	12	2016	1	1	-1	-1	-1	-1	-1	-1	-1	-1	-1	-1	-1	-1	-1
NS12993G	2	1	5	2021	1	9	1987	34	1	5	2021	1	1	-1	-1	-1	-1	-1	-1	-1	-1	-1	-1	-1	-1	-1
NS12996K	2	1	8	2015	1	3	1988	34	1	4	2018	1	1	-1	-1	-1	-1	-1	-1	-1	-1	-1	-1	-1	-1	-1
NS12997L	2	2	-1	-1	-1	-1	-1	-1	-1	-1	-1	-1	-1	-1	-1	-1	-1	-1	-1	-1	-1	-1	-1	-1	-1	-1
NS13000D	2	1	12	2018	1	6	1987	35	1	12	2018	1	1	-1	-1	-1	-1	-1	-1	-1	-1	-1	-1	-1	-1	-1
NS13002F	1	-1	-1	-1	-1	-1	-1	-1	-1	-1	-1	2	-1	1	1	2	2	2	2	2	2	11	2020	1	2	2021
NS13002F	2	2	-1	-1	-1	-1	-1	-1	-1	-1	-1	-1	-1	-1	-1	-1	-1	-1	-1	-1	-1	-1	-1	-1	-1	-1
NS13005J	2	1	4	2019	1	3	1989	33	1	7	2020	1	1	-1	-1	-1	-1	-1	-1	-1	-1	-1	-1	-1	-1	-1
NS13006K	2	1	2	2016	2	3	1990	32	3	-1	-1	1	1	-1	-1	-1	-1	-1	-1	-1	-1	-1	-1	-1	-1	-1
NS13010Y	1	-1	-1	-1	-1	-1	-1	-1	3	-1	-1	1	1	-1	-1	-1	-1	-1	-1	-1	-1	-1	-1	-1	-1	-1
NS13011Z	2	1	11	2018	1	7	1982	41	2	3	2016	1	1	-1	-1	-1	-1	-1	-1	-1	-1	-1	-1	-1	-1	-1
NS13013B	1	-1	-1	-1	-1	-1	-1	-1	-1	-1	-1	1	1	-1	-1	-1	-1	-1	-1	-1	-1	-1	-1	-1	-1	-1
NS13015D	1	-1	-1	-1	-1	-1	-1	-1	-1	-1	-1	1	1	-1	-1	-1	-1	-1	-1	-1	-1	-1	-1	-1	-1	-1
NS13019H	1	-1	-1	-1	-1	-1	-1	-1	-1	-1	-1	1	1	-1	-1	-1	-1	-1	-1	-1	-1	-1	-1	-1	-1	-1
NS13021T	2	1	1	2016	2	3	1988	34	1	11	2018	1	1	-1	-1	-1	-1	-1	-1	-1	-1	-1	-1	-1	-1	-1
NS13024X	1	-1	-1	-1	-1	-1	-1	-1	-1	-1	-1	1	1	-1	-1	-1	-1	-1	-1	-1	-1	-1	-1	-1	-1	-1
NS13026Z	2	1	4	2011	1	5	1987	34	1	4	2014	2	-1	1	1	2	2	2	2	2	2	11	2014	1	8	2018
NS13026Z	3	1	1	2015	1	5	1993	28	1	9	2018	1	2	-1	-1	-1	-1	-1	-1	-1	-1	9	2020	-1	-1	-1
NS13026Z	4	1	6	2021	1	5	1993	28	1	9	2018	1	1	-1	-1	-1	-1	-1	-1	-1	-1	-1	-1	-1	-1	-1
NS13027A	2	1	8	2021	1	5	1992	30	3	-1	-1	1	1	-1	-1	-1	-1	-1	-1	-1	-1	-1	-1	-1	-1	-1
NS13033Q	2	1	10	2017	2	1	1992	30	3	-1	-1	1	1	-1	-1	-1	-1	-1	-1	-1	-1	-1	-1	-1	-1	-1
NS13034R	2	2	-1	-1	-1	-1	-1	-1	-1	-1	-1	-1	-1	-1	-1	-1	-1	-1	-1	-1	-1	-1	-1	-1	-1	-1
NS13035S	1	-1	-1	-1	-1	-1	-1	-1	-1	-1	-1	1	1	-1	-1	-1	-1	-1	-1	-1	-1	-1	-1	-1	-1	-1
NS13036T	2	2	-1	-1	-1	-1	-1	-1	-1	-1	-1	-1	-1	-1	-1	-1	-1	-1	-1	-1	-1	-1	-1	-1	-1	-1
NS13038W	2	1	6	2019	2	10	1995	27	1	5	2021	1	1	-1	-1	-1	-1	-1	-1	-1	-1	-1	-1	-1	-1	-1
NS13040G	2	1	12	2021	1	1	1990	33	3	-1	-1	2	-1	1	1	2	2	2	2	2	2	2	2023	-1	-1	-1
NS13040G	3	2	-1	-1	-1	-1	-1	-1	-1	-1	-1	-1	-1	-1	-1	-1	-1	-1	-1	-1	-1	-1	-1	-1	-1	-1
NS13042J	2	2	-1	-1	-1	-1	-1	-1	-1	-1	-1	-1	-1	-1	-1	-1	-1	-1	-1	-1	-1	-1	-1	-1	-1	-1
NS13043K	2	1	5	2022	1	11	1991	31	1	11	2021	1	1	-1	-1	-1	-1	-1	-1	-1	-1	-1	-1	-1	-1	-1
NS13044L	1	-1	-1	-1	-1	-1	-1	-1	3	-1	-1	2	-1	1	1	2	2	2	2	2	2	3	2017	-1	-1	-1
NS13044L	2	1	1	2020	2	12	1988	34	1	7	2022	1	1	-1	-1	-1	-1	-1	-1	-1	-1	-1	-1	-1	-1	-1
NS13047P	2	1	4	2019	2	9	1995	27	1	3	2018	1	1	-1	-1	-1	-1	-1	-1	-1	-1	-1	-1	-1	-1	-1
NS13056H	1	-1	-1	-1	-1	-1	-1	-1	3	-1	-1	2	-1	1	1	2	2	2	2	2	2	2	2017	-1	-1	-1
NS13056H	2	1	1	2018	1	3	1992	30	3	-1	-1	2	-1	1	1	2	2	2	2	2	2	5	2021	-1	-1	-1
NS13056H	3	2	-1	-1	-1	-1	-1	-1	-1	-1	-1	-1	-1	-1	-1	-1	-1	-1	-1	-1	-1	-1	-1	-1	-1	-1
NS13057J	1	-1	-1	-1	-1	-1	-1	-1	1	9	2020	1	1	-1	-1	-1	-1	-1	-1	-1	-1	-1	-1	-1	-1	-1
NS13058K	2	1	6	2016	2	2	1993	30	1	5	2021	1	1	-1	-1	-1	-1	-1	-1	-1	-1	-1	-1	-1	-1	-1
NS13065B	2	2	-1	-1	-1	-1	-1	-1	-1	-1	-1	-1	-1	-1	-1	-1	-1	-1	-1	-1	-1	-1	-1	-1	-1	-1
NS13069F	2	2	-1	-1	-1	-1	-1	-1	-1	-1	-1	-1	-1	-1	-1	-1	-1	-1	-1	-1	-1	-1	-1	-1	-1	-1
NS13070Q	2	1	3	2017	1	1	1991	32	3	-1	-1	2	-1	1	1	2	2	2	2	2	2	4	2019	-1	-1	-1
NS13070Q	3	2	-1	-1	-1	-1	-1	-1	-1	-1	-1	-1	-1	-1	-1	-1	-1	-1	-1	-1	-1	-1	-1	-1	-1	-1
NS13071R	2	2	-1	-1	-1	-1	-1	-1	-1	-1	-1	-1	-1	-1	-1	-1	-1	-1	-1	-1	-1	-1	-1	-1	-1	-1
NS13075W	2	1	8	2012	1	9	1989	32	1	10	2021	1	1	-1	-1	-1	-1	-1	-1	-1	-1	-1	-1	-1	-1	-1
NS13080K	2	2	-1	-1	-1	-1	-1	-1	-1	-1	-1	-1	-1	-1	-1	-1	-1	-1	-1	-1	-1	-1	-1	-1	-1	-1
NS13081L	2	2	-1	-1	-1	-1	-1	-1	-1	-1	-1	-1	-1	-1	-1	-1	-1	-1	-1	-1	-1	-1	-1	-1	-1	-1
NS13082M	2	2	-1	-1	-1	-1	-1	-1	-1	-1	-1	-1	-1	-1	-1	-1	-1	-1	-1	-1	-1	-1	-1	-1	-1	-1
NS13083N	2	1	4	2017	2	11	1990	32	1	7	2022	1	1	-1	-1	-1	-1	-1	-1	-1	-1	-1	-1	-1	-1	-1
NS13085Q	1	-1	-1	-1	-1	-1	-1	-1	1	11	2017	1	1	-1	-1	-1	-1	-1	-1	-1	-1	-1	-1	-1	-1	-1
NS13089V	2	1	5	2018	2	10	1991	31	1	2	2022	1	1	-1	-1	-1	-1	-1	-1	-1	-1	-1	-1	-1	-1	-1
NS13090E	2	1	2	2017	1	2	1986	36	3	-1	-1	2	-1	1	1	2	2	2	2	2	2	3	2020	-1	-1	-1
NS13090E	3	1	2	2021	1	10	1992	30	3	-1	-1	1	1	-1	-1	-1	-1	-1	-1	-1	-1	-1	-1	-1	-1	-1
NS13091F	2	1	7	2019	1	7	1988	34	3	-1	-1	2	-1	1	1	2	2	2	2	2	2	10	2020	-1	-1	-1
NS13091F	3	2	-1	-1	-1	-1	-1	-1	-1	-1	-1	-1	-1	-1	-1	-1	-1	-1	-1	-1	-1	-1	-1	-1	-1	-1
NS13092G	2	1	9	2018	1	12	1989	33	3	-1	-1	1	1	-1	-1	-1	-1	-1	-1	-1	-1	-1	-1	-1	-1	-1
NS13095K	1	-1	-1	-1	-1	-1	-1	-1	-1	-1	-1	1	1	-1	-1	-1	-1	-1	-1	-1	-1	-1	-1	-1	-1	-1
NS13097M	1	-1	-1	-1	-1	-1	-1	-1	3	-1	-1	1	1	-1	-1	-1	-1	-1	-1	-1	-1	-1	-1	-1	-1	-1
NS13099P	2	1	7	2016	1	12	1993	29	3	-1	-1	1	1	-1	-1	-1	-1	-1	-1	-1	-1	-1	-1	-1	-1	-1
NS13107N	1	-1	-1	-1	-1	-1	-1	-1	-1	-1	-1	1	1	-1	-1	-1	-1	-1	-1	-1	-1	-1	-1	-1	-1	-1
NS13110A	1	-1	-1	-1	-1	-1	-1	-1	3	-1	-1	1	1	-1	-1	-1	-1	-1	-1	-1	-1	-1	-1	-1	-1	-1
NS13112C	1	-1	-1	-1	-1	-1	-1	-1	3	-1	-1	2	-1	1	1	2	2	1	1	2	2	11	2016	-1	-1	-1
NS13112C	2	1	11	2018	1	8	1996	25	1	9	2018	1	1	-1	-1	-1	-1	-1	-1	-1	-1	-1	-1	-1	-1	-1
NS13117H	1	-1	-1	-1	-1	-1	-1	-1	-1	-1	-1	1	1	-1	-1	-1	-1	-1	-1	-1	-1	-1	-1	-1	-1	-1
NS13119K	2	2	-1	-1	-1	-1	-1	-1	-1	-1	-1	-1	-1	-1	-1	-1	-1	-1	-1	-1	-1	-1	-1	-1	-1	-1
NS13120V	2	2	-1	-1	-1	-1	-1	-1	-1	-1	-1	-1	-1	-1	-1	-1	-1	-1	-1	-1	-1	-1	-1	-1	-1	-1
NS13125A	1	-1	-1	-1	-1	-1	-1	-1	3	-1	-1	1	1	-1	-1	-1	-1	-1	-1	-1	-1	-1	-1	-1	-1	-1
NS13126B	2	2	-1	-1	-1	-1	-1	-1	-1	-1	-1	-1	-1	-1	-1	-1	-1	-1	-1	-1	-1	-1	-1	-1	-1	-1
NS13127C	2	1	8	2017	2	-9	-9	-9	3	-1	-1	1	1	-1	-1	-1	-1	-1	-1	-1	-1	-1	-1	-1	-1	-1
NS13128D	2	2	-1	-1	-1	-1	-1	-1	-1	-1	-1	-1	-1	-1	-1	-1	-1	-1	-1	-1	-1	-1	-1	-1	-1	-1
NS13129E	2	-9	-1	-1	-1	-1	-1	-1	-1	-1	-1	-1	-1	-1	-1	-1	-1	-1	-1	-1	-1	-1	-1	-1	-1	-1
NS13134T	1	-1	-1	-1	-1	-1	-1	-1	3	-1	-1	1	1	-1	-1	-1	-1	-1	-1	-1	-1	-1	-1	-1	-1	-1
NS13136W	1	-1	-1	-1	-1	-1	-1	-1	1	6	2019	1	1	-1	-1	-1	-1	-1	-1	-1	-1	-1	-1	-1	-1	-1
NS13141K	2	1	2	2016	1	1	1988	35	3	-1	-1	2	-1	1	2	2	2	2	1	2	2	7	2017	-1	-1	-1
NS13141K	3	2	-1	-1	-1	-1	-1	-1	-1	-1	-1	-1	-1	-1	-1	-1	-1	-1	-1	-1	-1	-1	-1	-1	-1	-1
NS13144N	1	-1	-1	-1	-1	-1	-1	-1	3	-1	-1	1	1	-1	-1	-1	-1	-1	-1	-1	-1	-1	-1	-1	-1	-1
NS13146Q	2	2	-1	-1	-1	-1	-1	-1	-1	-1	-1	-1	-1	-1	-1	-1	-1	-1	-1	-1	-1	-1	-1	-1	-1	-1
NS13147R	2	1	10	2018	2	5	1990	32	1	6	2019	2	-1	1	2	2	2	1	2	2	2	12	2020	1	8	2021
NS13147R	3	2	-1	-1	-1	-1	-1	-1	-1	-1	-1	-1	-1	-1	-1	-1	-1	-1	-1	-1	-1	-1	-1	-1	-1	-1
NS13150D	2	1	4	2019	2	12	1991	30	1	8	2020	1	1	-1	-1	-1	-1	-1	-1	-1	-1	-1	-1	-1	-1	-1
NS13152F	2	1	2	2017	1	3	1986	36	3	-1	-1	1	1	-1	-1	-1	-1	-1	-1	-1	-1	-1	-1	-1	-1	-1
NS13153G	1	-1	-1	-1	-1	-1	-1	-1	3	-1	-1	1	1	-1	-1	-1	-1	-1	-1	-1	-1	-1	-1	-1	-1	-1
NS13156K	2	2	-1	-1	-1	-1	-1	-1	-1	-1	-1	-1	-1	-1	-1	-1	-1	-1	-1	-1	-1	-1	-1	-1	-1	-1
NS13157L	2	1	10	2015	1	7	1990	32	1	5	2022	1	1	-1	-1	-1	-1	-1	-1	-1	-1	-1	-1	-1	-1	-1
NS13159N	1	-1	-1	-1	-1	-1	-1	-1	3	-1	-1	2	-1	1	1	2	2	2	2	2	2	3	2019	-1	-1	-1
NS13159N	2	1	4	2019	2	10	1980	42	3	-1	-1	1	1	-1	-1	-1	-1	-1	-1	-1	-1	-1	-1	-1	-1	-1
NS13160Y	1	-1	-1	-1	-1	-1	-1	-1	1	9	2017	1	1	-1	-1	-1	-1	-1	-1	-1	-1	-1	-1	-1	-1	-1
NS13161Z	2	2	-1	-1	-1	-1	-1	-1	-1	-1	-1	-1	-1	-1	-1	-1	-1	-1	-1	-1	-1	-1	-1	-1	-1	-1
NS13162A	2	2	-1	-1	-1	-1	-1	-1	-1	-1	-1	-1	-1	-1	-1	-1	-1	-1	-1	-1	-1	-1	-1	-1	-1	-1
NS13166E	1	-1	-1	-1	-1	-1	-1	-1	1	7	2018	1	1	-1	-1	-1	-1	-1	-1	-1	-1	-1	-1	-1	-1	-1
NS13170S	1	-1	-1	-1	-1	-1	-1	-1	3	-1	-1	1	1	-1	-1	-1	-1	-1	-1	-1	-1	-1	-1	-1	-1	-1
NS13175Y	1	-1	-1	-1	-1	-1	-1	-1	-1	-1	-1	1	1	-1	-1	-1	-1	-1	-1	-1	-1	-1	-1	-1	-1	-1
NS13177A	2	1	1	2016	1	6	1987	35	1	8	2022	1	1	-1	-1	-1	-1	-1	-1	-1	-1	-1	-1	-1	-1	-1
NS13178B	1	-1	-1	-1	-1	-1	-1	-1	1	8	2018	1	1	-1	-1	-1	-1	-1	-1	-1	-1	-1	-1	-1	-1	-1
NS13179C	2	1	3	2018	2	12	1997	25	3	-1	-1	1	1	-1	-1	-1	-1	-1	-1	-1	-1	-1	-1	-1	-1	-1
NS13183Q	2	1	10	2018	1	2	1990	32	3	-1	-1	1	1	-1	-1	-1	-1	-1	-1	-1	-1	-1	-1	-1	-1	-1
NS13185S	2	1	8	2015	1	5	1982	39	1	8	2015	1	1	-1	-1	-1	-1	-1	-1	-1	-1	-1	-1	-1	-1	-1
NS13187V	2	1	9	2014	1	2	1987	35	1	6	2017	1	1	-1	-1	-1	-1	-1	-1	-1	-1	-1	-1	-1	-1	-1
NS13188W	2	1	5	2017	1	5	1987	34	1	9	2018	1	1	-1	-1	-1	-1	-1	-1	-1	-1	-1	-1	-1	-1	-1
NS13191H	2	1	1	2012	1	5	1988	34	1	8	2018	2	-1	1	1	2	2	2	2	2	2	11	2021	2	-1	-1
NS13191H	3	2	-1	-1	-1	-1	-1	-1	-1	-1	-1	-1	-1	-1	-1	-1	-1	-1	-1	-1	-1	-1	-1	-1	-1	-1
NS13192J	1	-1	-1	-1	-1	-1	-1	-1	3	-1	-1	1	1	-1	-1	-1	-1	-1	-1	-1	-1	-1	-1	-1	-1	-1
NS13193K	2	2	-1	-1	-1	-1	-1	-1	-1	-1	-1	-1	-1	-1	-1	-1	-1	-1	-1	-1	-1	-1	-1	-1	-1	-1
NS13195M	2	2	-1	-1	-1	-1	-1	-1	-1	-1	-1	-1	-1	-1	-1	-1	-1	-1	-1	-1	-1	-1	-1	-1	-1	-1
NS13196N	2	1	1	2023	2	2	1992	31	3	-1	-1	1	1	-1	-1	-1	-1	-1	-1	-1	-1	-1	-1	-1	-1	-1
NS13198Q	2	2	-1	-1	-1	-1	-1	-1	-1	-1	-1	-1	-1	-1	-1	-1	-1	-1	-1	-1	-1	-1	-1	-1	-1	-1
NS13202K	2	1	1	2016	2	1	1990	32	3	-1	-1	1	2	-1	-1	-1	-1	-1	-1	-1	-1	1	2017	-1	-1	-1
NS13202K	3	2	-1	-1	-1	-1	-1	-1	-1	-1	-1	-1	-1	-1	-1	-1	-1	-1	-1	-1	-1	-1	-1	-1	-1	-1
NS13203L	1	-1	-1	-1	-1	-1	-1	-1	3	-1	-1	2	-1	1	1	2	2	2	2	2	2	1	2017	-1	-1	-1
NS13203L	2	1	4	2021	1	8	1986	36	3	-1	-1	1	1	-1	-1	-1	-1	-1	-1	-1	-1	-1	-1	-1	-1	-1
NS13207Q	1	-1	-1	-1	-1	-1	-1	-1	3	-1	-1	1	1	-1	-1	-1	-1	-1	-1	-1	-1	-1	-1	-1	-1	-1
NS13210C	2	1	6	2016	1	2	1987	35	3	-1	-1	1	1	-1	-1	-1	-1	-1	-1	-1	-1	-1	-1	-1	-1	-1
NS13214G	2	2	-1	-1	-1	-1	-1	-1	-1	-1	-1	-1	-1	-1	-1	-1	-1	-1	-1	-1	-1	-1	-1	-1	-1	-1
NS13215H	2	2	-1	-1	-1	-1	-1	-1	-1	-1	-1	-1	-1	-1	-1	-1	-1	-1	-1	-1	-1	-1	-1	-1	-1	-1
NS13219M	2	1	9	2014	1	6	1984	38	3	-1	-1	2	-1	1	1	2	2	2	2	2	2	2	2019	-1	-1	-1
NS13219M	3	2	-1	-1	-1	-1	-1	-1	-1	-1	-1	-1	-1	-1	-1	-1	-1	-1	-1	-1	-1	-1	-1	-1	-1	-1
NS13221Y	2	1	10	2016	2	3	1990	32	1	5	2021	1	1	-1	-1	-1	-1	-1	-1	-1	-1	-1	-1	-1	-1	-1
NS13222Z	2	2	-1	-1	-1	-1	-1	-1	-1	-1	-1	-1	-1	-1	-1	-1	-1	-1	-1	-1	-1	-1	-1	-1	-1	-1
NS13223A	1	-1	-1	-1	-1	-1	-1	-1	1	5	2018	1	1	-1	-1	-1	-1	-1	-1	-1	-1	-1	-1	-1	-1	-1
NS13224B	1	-1	-1	-1	-1	-1	-1	-1	3	-1	-1	1	1	-1	-1	-1	-1	-1	-1	-1	-1	-1	-1	-1	-1	-1
NS13227E	1	-1	-1	-1	-1	-1	-1	-1	-1	-1	-1	1	1	-1	-1	-1	-1	-1	-1	-1	-1	-1	-1	-1	-1	-1
NS13228F	1	-1	-1	-1	-1	-1	-1	-1	1	5	2017	1	1	-1	-1	-1	-1	-1	-1	-1	-1	-1	-1	-1	-1	-1
NS13234W	1	-1	-1	-1	-1	-1	-1	-1	3	-1	-1	2	-1	1	1	2	2	2	2	2	2	7	2017	-1	-1	-1
NS13234W	2	2	-1	-1	-1	-1	-1	-1	-1	-1	-1	-1	-1	-1	-1	-1	-1	-1	-1	-1	-1	-1	-1	-1	-1	-1
NS13236Y	2	1	6	2018	1	10	1996	26	3	-1	-1	2	-1	1	1	2	2	2	2	2	2	6	2021	-1	-1	-1
NS13236Y	3	2	-1	-1	-1	-1	-1	-1	-1	-1	-1	-1	-1	-1	-1	-1	-1	-1	-1	-1	-1	-1	-1	-1	-1	-1
NS13237Z	2	1	5	2014	1	8	1992	30	1	4	2018	1	1	-1	-1	-1	-1	-1	-1	-1	-1	-1	-1	-1	-1	-1
NS13238A	2	1	8	2017	1	2	1989	33	3	-1	-1	2	-1	1	1	2	2	2	2	2	2	12	2018	-1	-1	-1
NS13238A	3	2	-1	-1	-1	-1	-1	-1	-1	-1	-1	-1	-1	-1	-1	-1	-1	-1	-1	-1	-1	-1	-1	-1	-1	-1
NS13239B	1	-1	-1	-1	-1	-1	-1	-1	3	-1	-1	1	1	-1	-1	-1	-1	-1	-1	-1	-1	-1	-1	-1	-1	-1
NS13240L	2	2	-1	-1	-1	-1	-1	-1	-1	-1	-1	-1	-1	-1	-1	-1	-1	-1	-1	-1	-1	-1	-1	-1	-1	-1
NS13241M	2	1	10	2019	2	2	1988	35	3	-1	-1	1	1	-1	-1	-1	-1	-1	-1	-1	-1	-1	-1	-1	-1	-1
NS13242N	2	2	-1	-1	-1	-1	-1	-1	-1	-1	-1	-1	-1	-1	-1	-1	-1	-1	-1	-1	-1	-1	-1	-1	-1	-1
NS13243P	2	2	-1	-1	-1	-1	-1	-1	-1	-1	-1	-1	-1	-1	-1	-1	-1	-1	-1	-1	-1	-1	-1	-1	-1	-1
NS13251G	1	-1	-1	-1	-1	-1	-1	-1	1	6	2018	1	1	-1	-1	-1	-1	-1	-1	-1	-1	-1	-1	-1	-1	-1
NS13252H	1	-1	-1	-1	-1	-1	-1	-1	3	-1	-1	1	2	-1	-1	-1	-1	-1	-1	-1	-1	9	2019	-1	-1	-1
NS13252H	2	2	-1	-1	-1	-1	-1	-1	-1	-1	-1	-1	-1	-1	-1	-1	-1	-1	-1	-1	-1	-1	-1	-1	-1	-1
NS13253J	2	1	1	2020	1	10	1989	33	3	-1	-1	2	-1	1	2	2	2	1	2	2	2	9	2020	-1	-1	-1
NS13253J	3	2	-1	-1	-1	-1	-1	-1	-1	-1	-1	-1	-1	-1	-1	-1	-1	-1	-1	-1	-1	-1	-1	-1	-1	-1
NS13254K	2	1	8	2018	2	2	1990	32	1	8	2018	1	1	-1	-1	-1	-1	-1	-1	-1	-1	-1	-1	-1	-1	-1
NS13255L	1	-1	-1	-1	-1	-1	-1	-1	3	-1	-1	1	1	-1	-1	-1	-1	-1	-1	-1	-1	-1	-1	-1	-1	-1
NS13256M	2	1	12	2018	1	3	1986	36	3	-1	-1	1	1	-1	-1	-1	-1	-1	-1	-1	-1	-1	-1	-1	-1	-1
NS13257N	2	1	-8	2017	2	12	1988	34	2	12	2016	1	1	-1	-1	-1	-1	-1	-1	-1	-1	-1	-1	-1	-1	-1
NS13258P	2	1	11	2010	2	9	1993	29	3	-1	-1	2	-1	1	1	2	2	2	2	2	2	7	2012	-1	-1	-1
NS13258P	3	1	-8	-8	2	8	-8	24	3	-1	-1	2	-1	1	1	2	2	2	2	2	2	4	-9	-1	-1	-1
NS13258P	4	1	12	2022	2	12	1993	29	3	-1	-1	1	1	-1	-1	-1	-1	-1	-1	-1	-1	-1	-1	-1	-1	-1
NS13259Q	1	-1	-1	-1	-1	-1	-1	-1	1	7	2018	1	1	-1	-1	-1	-1	-1	-1	-1	-1	-1	-1	-1	-1	-1
NS13264E	2	1	6	2020	1	9	1983	39	3	-1	-1	1	1	-1	-1	-1	-1	-1	-1	-1	-1	-1	-1	-1	-1	-1
NS13265F	1	-1	-1	-1	-1	-1	-1	-1	3	-1	-1	2	-1	1	1	2	2	2	2	2	2	6	2017	-1	-1	-1
NS13265F	2	2	-1	-1	-1	-1	-1	-1	-1	-1	-1	-1	-1	-1	-1	-1	-1	-1	-1	-1	-1	-1	-1	-1	-1	-1
NS13267H	1	-1	-1	-1	-1	-1	-1	-1	1	10	2017	1	1	-1	-1	-1	-1	-1	-1	-1	-1	-1	-1	-1	-1	-1
NS13273Y	2	1	12	2008	1	8	1980	42	3	-1	-1	2	-1	1	1	1	1	1	2	2	2	12	2015	-1	-1	-1
NS13273Y	3	2	-1	-1	-1	-1	-1	-1	-1	-1	-1	-1	-1	-1	-1	-1	-1	-1	-1	-1	-1	-1	-1	-1	-1	-1
NS13275A	1	-1	-1	-1	-1	-1	-1	-1	3	-1	-1	1	1	-1	-1	-1	-1	-1	-1	-1	-1	-1	-1	-1	-1	-1
NS13276B	2	1	2	2016	1	7	1992	30	3	-1	-1	1	1	-1	-1	-1	-1	-1	-1	-1	-1	-1	-1	-1	-1	-1
NS13285V	2	1	7	2019	1	5	1989	32	3	-1	-1	1	1	-1	-1	-1	-1	-1	-1	-1	-1	-1	-1	-1	-1	-1
NS13286W	2	2	-1	-1	-1	-1	-1	-1	-1	-1	-1	-1	-1	-1	-1	-1	-1	-1	-1	-1	-1	-1	-1	-1	-1	-1
NS13288Y	2	2	-1	-1	-1	-1	-1	-1	-1	-1	-1	-1	-1	-1	-1	-1	-1	-1	-1	-1	-1	-1	-1	-1	-1	-1
NS13289Z	2	2	-1	-1	-1	-1	-1	-1	-1	-1	-1	-1	-1	-1	-1	-1	-1	-1	-1	-1	-1	-1	-1	-1	-1	-1
NS13291K	1	-1	-1	-1	-1	-1	-1	-1	1	4	2019	1	1	-1	-1	-1	-1	-1	-1	-1	-1	-1	-1	-1	-1	-1
NS13292L	2	2	-1	-1	-1	-1	-1	-1	-1	-1	-1	-1	-1	-1	-1	-1	-1	-1	-1	-1	-1	-1	-1	-1	-1	-1
NS13294N	1	-1	-1	-1	-1	-1	-1	-1	3	-1	-1	2	-1	1	1	2	1	2	2	2	2	9	2018	-1	-1	-1
NS13294N	2	1	1	2020	2	9	1995	27	1	9	2021	1	1	-1	-1	-1	-1	-1	-1	-1	-1	-1	-1	-1	-1	-1
NS13301L	2	2	-1	-1	-1	-1	-1	-1	-1	-1	-1	-1	-1	-1	-1	-1	-1	-1	-1	-1	-1	-1	-1	-1	-1	-1
NS13303N	2	2	-1	-1	-1	-1	-1	-1	-1	-1	-1	-1	-1	-1	-1	-1	-1	-1	-1	-1	-1	-1	-1	-1	-1	-1
NS13308T	2	1	7	2018	2	6	1995	27	1	7	2018	2	-1	2	-1	-1	-1	-1	-1	-1	-1	10	2018	2	-1	-1
NS13308T	3	2	-1	-1	-1	-1	-1	-1	-1	-1	-1	-1	-1	-1	-1	-1	-1	-1	-1	-1	-1	-1	-1	-1	-1	-1
NS13310E	2	1	7	2017	1	6	1989	33	1	7	2017	1	1	-1	-1	-1	-1	-1	-1	-1	-1	-1	-1	-1	-1	-1
NS13311F	2	1	9	2019	1	8	1988	33	3	-1	-1	1	1	-1	-1	-1	-1	-1	-1	-1	-1	-1	-1	-1	-1	-1
NS13313H	1	-1	-1	-1	-1	-1	-1	-1	1	4	2016	1	1	-1	-1	-1	-1	-1	-1	-1	-1	-1	-1	-1	-1	-1
NS13318N	2	1	10	2018	1	1	1981	41	1	9	2018	1	1	-1	-1	-1	-1	-1	-1	-1	-1	-1	-1	-1	-1	-1
NS13320Z	2	2	-1	-1	-1	-1	-1	-1	-1	-1	-1	-1	-1	-1	-1	-1	-1	-1	-1	-1	-1	-1	-1	-1	-1	-1
NS13321A	1	-1	-1	-1	-1	-1	-1	-1	3	-1	-1	2	-1	1	1	2	2	2	2	2	2	1	2019	-1	-1	-1
NS13321A	2	1	2	2019	1	3	2001	21	3	-1	-1	2	-1	1	1	2	2	2	2	2	2	7	2022	-1	-1	-1
NS13321A	3	2	-1	-1	-1	-1	-1	-1	-1	-1	-1	-1	-1	-1	-1	-1	-1	-1	-1	-1	-1	-1	-1	-1	-1	-1
NS13322B	1	-1	-1	-1	-1	-1	-1	-1	3	-1	-1	2	-1	-9	-1	-1	-1	-1	-1	-1	-1	-9	-9	-1	-1	-1
NS13322B	2	-9	-1	-1	-1	-1	-1	-1	-1	-1	-1	-1	-1	-1	-1	-1	-1	-1	-1	-1	-1	-1	-1	-1	-1	-1
NS13323C	2	2	-1	-1	-1	-1	-1	-1	-1	-1	-1	-1	-1	-1	-1	-1	-1	-1	-1	-1	-1	-1	-1	-1	-1	-1
NS13324D	1	-1	-1	-1	-1	-1	-1	-1	3	-1	-1	2	-1	1	1	2	2	2	1	2	2	12	2017	-1	-1	-1
NS13324D	2	1	10	2019	1	7	1989	33	3	-1	-1	1	1	-1	-1	-1	-1	-1	-1	-1	-1	-1	-1	-1	-1	-1
NS13328H	2	1	5	2015	1	4	1987	35	3	-1	-1	1	1	-1	-1	-1	-1	-1	-1	-1	-1	-1	-1	-1	-1	-1
NS13330T	1	-1	-1	-1	-1	-1	-1	-1	3	-1	-1	2	-1	1	1	2	2	2	2	2	2	4	2019	-1	-1	-1
NS13330T	2	1	7	2019	2	7	1997	25	3	-1	-1	1	1	-1	-1	-1	-1	-1	-1	-1	-1	-1	-1	-1	-1	-1
NS13331V	2	2	-1	-1	-1	-1	-1	-1	-1	-1	-1	-1	-1	-1	-1	-1	-1	-1	-1	-1	-1	-1	-1	-1	-1	-1
NS13338C	1	-1	-1	-1	-1	-1	-1	-1	3	-1	-1	1	1	-1	-1	-1	-1	-1	-1	-1	-1	-1	-1	-1	-1	-1
NS13342Q	1	-1	-1	-1	-1	-1	-1	-1	-1	-1	-1	1	1	-1	-1	-1	-1	-1	-1	-1	-1	-1	-1	-1	-1	-1
NS13347W	2	2	-1	-1	-1	-1	-1	-1	-1	-1	-1	-1	-1	-1	-1	-1	-1	-1	-1	-1	-1	-1	-1	-1	-1	-1
NS13349Y	1	-1	-1	-1	-1	-1	-1	-1	1	8	2016	1	1	-1	-1	-1	-1	-1	-1	-1	-1	-1	-1	-1	-1	-1
NS13350H	2	2	-1	-1	-1	-1	-1	-1	-1	-1	-1	-1	-1	-1	-1	-1	-1	-1	-1	-1	-1	-1	-1	-1	-1	-1
NS13351J	2	1	3	2017	1	3	1988	34	3	-1	-1	2	-1	1	1	2	2	2	2	2	2	11	2021	-1	-1	-1
NS13351J	3	2	-1	-1	-1	-1	-1	-1	-1	-1	-1	-1	-1	-1	-1	-1	-1	-1	-1	-1	-1	-1	-1	-1	-1	-1
NS13358R	1	-1	-1	-1	-1	-1	-1	-1	-1	-1	-1	1	1	-1	-1	-1	-1	-1	-1	-1	-1	-1	-1	-1	-1	-1
NS13360C	2	2	-1	-1	-1	-1	-1	-1	-1	-1	-1	-1	-1	-1	-1	-1	-1	-1	-1	-1	-1	-1	-1	-1	-1	-1
NS13362E	2	2	-1	-1	-1	-1	-1	-1	-1	-1	-1	-1	-1	-1	-1	-1	-1	-1	-1	-1	-1	-1	-1	-1	-1	-1
NS13363F	2	2	-1	-1	-1	-1	-1	-1	-1	-1	-1	-1	-1	-1	-1	-1	-1	-1	-1	-1	-1	-1	-1	-1	-1	-1
NS13364G	1	-1	-1	-1	-1	-1	-1	-1	1	5	2019	2	-1	1	1	1	1	2	1	2	2	3	2020	1	8	2020
NS13364G	2	2	-1	-1	-1	-1	-1	-1	-1	-1	-1	-1	-1	-1	-1	-1	-1	-1	-1	-1	-1	-1	-1	-1	-1	-1
NS13367K	2	1	8	2008	1	7	1986	37	1	8	2008	1	1	-1	-1	-1	-1	-1	-1	-1	-1	-1	-1	-1	-1	-1
NS13371Y	2	1	3	2017	1	5	1992	30	1	9	2020	1	1	-1	-1	-1	-1	-1	-1	-1	-1	-1	-1	-1	-1	-1
NS13372Z	1	-1	-1	-1	-1	-1	-1	-1	3	-1	-1	2	-1	1	1	2	2	2	2	2	2	2	2018	-1	-1	-1
NS13372Z	2	1	3	2018	1	12	1986	36	3	-1	-1	1	1	-1	-1	-1	-1	-1	-1	-1	-1	-1	-1	-1	-1	-1
NS13374B	1	-1	-1	-1	-1	-1	-1	-1	1	6	2018	1	1	-1	-1	-1	-1	-1	-1	-1	-1	-1	-1	-1	-1	-1
NS13375C	1	-1	-1	-1	-1	-1	-1	-1	3	-1	-1	2	-1	1	1	2	2	2	2	2	2	11	2016	-1	-1	-1
NS13375C	2	1	8	2018	2	9	1993	28	1	2	2021	2	-1	2	-1	-1	-1	-1	-1	-1	-1	4	2022	2	-1	-1
NS13375C	3	2	-1	-1	-1	-1	-1	-1	-1	-1	-1	-1	-1	-1	-1	-1	-1	-1	-1	-1	-1	-1	-1	-1	-1	-1
NS13376D	1	-1	-1	-1	-1	-1	-1	-1	3	-1	-1	2	-1	1	1	2	2	2	2	2	2	2	2017	-1	-1	-1
NS13376D	2	2	-1	-1	-1	-1	-1	-1	-1	-1	-1	-1	-1	-1	-1	-1	-1	-1	-1	-1	-1	-1	-1	-1	-1	-1
NS13378F	1	-1	-1	-1	-1	-1	-1	-1	3	-1	-1	1	1	-1	-1	-1	-1	-1	-1	-1	-1	-1	-1	-1	-1	-1
NS13382T	2	1	12	2020	2	1	1995	27	3	-1	-1	1	1	-1	-1	-1	-1	-1	-1	-1	-1	-1	-1	-1	-1	-1
NS13383V	2	1	9	2016	1	2	1989	33	1	9	2016	1	1	-1	-1	-1	-1	-1	-1	-1	-1	-1	-1	-1	-1	-1
NS13384W	3	2	-1	-1	-1	-1	-1	-1	-1	-1	-1	-1	-1	-1	-1	-1	-1	-1	-1	-1	-1	-1	-1	-1	-1	-1
NS13386Y	2	2	-1	-1	-1	-1	-1	-1	-1	-1	-1	-1	-1	-1	-1	-1	-1	-1	-1	-1	-1	-1	-1	-1	-1	-1
NS13389B	2	1	6	2020	1	1	1991	32	3	-1	-1	2	-1	1	1	1	1	1	1	2	2	2	2021	-1	-1	-1
NS13389B	3	2	-1	-1	-1	-1	-1	-1	-1	-1	-1	-1	-1	-1	-1	-1	-1	-1	-1	-1	-1	-1	-1	-1	-1	-1
NS13390L	1	-1	-1	-1	-1	-1	-1	-1	-1	-1	-1	2	-1	2	-1	-1	-1	-1	-1	-1	-1	6	2020	-8	-1	-1
NS13390L	2	2	-1	-1	-1	-1	-1	-1	-1	-1	-1	-1	-1	-1	-1	-1	-1	-1	-1	-1	-1	-1	-1	-1	-1	-1
NS13392N	2	2	-1	-1	-1	-1	-1	-1	-1	-1	-1	-1	-1	-1	-1	-1	-1	-1	-1	-1	-1	-1	-1	-1	-1	-1
NS13394Q	2	2	-1	-1	-1	-1	-1	-1	-1	-1	-1	-1	-1	-1	-1	-1	-1	-1	-1	-1	-1	-1	-1	-1	-1	-1
NS13397T	1	-1	-1	-1	-1	-1	-1	-1	3	-1	-1	2	-1	1	1	2	1	2	1	2	2	1	2023	-1	-1	-1
NS13397T	2	2	-1	-1	-1	-1	-1	-1	-1	-1	-1	-1	-1	-1	-1	-1	-1	-1	-1	-1	-1	-1	-1	-1	-1	-1
NS13398V	1	-1	-1	-1	-1	-1	-1	-1	3	-1	-1	2	-1	1	1	2	2	2	2	2	2	12	2015	-1	-1	-1
NS13398V	2	1	10	2019	1	4	1995	27	3	-1	-1	1	1	-1	-1	-1	-1	-1	-1	-1	-1	-1	-1	-1	-1	-1
NS13399W	2	2	-1	-1	-1	-1	-1	-1	-1	-1	-1	-1	-1	-1	-1	-1	-1	-1	-1	-1	-1	-1	-1	-1	-1	-1
NS13400M	2	1	2	2022	2	3	1991	31	1	5	2022	1	1	-1	-1	-1	-1	-1	-1	-1	-1	-1	-1	-1	-1	-1
NS13402P	1	-1	-1	-1	-1	-1	-1	-1	3	-1	-1	1	1	-1	-1	-1	-1	-1	-1	-1	-1	-1	-1	-1	-1	-1
NS13404R	1	-1	-1	-1	-1	-1	-1	-1	-1	-1	-1	1	1	-1	-1	-1	-1	-1	-1	-1	-1	-1	-1	-1	-1	-1
NS13405S	1	-1	-1	-1	-1	-1	-1	-1	1	5	2019	1	1	-1	-1	-1	-1	-1	-1	-1	-1	-1	-1	-1	-1	-1
NS13406T	1	-1	-1	-1	-1	-1	-1	-1	3	-1	-1	1	1	-1	-1	-1	-1	-1	-1	-1	-1	-1	-1	-1	-1	-1
NS13411H	2	1	5	2009	1	6	1986	36	3	-1	-1	2	-1	1	1	2	2	2	2	2	2	4	2010	-1	-1	-1
NS13411H	3	2	-1	-1	-1	-1	-1	-1	-1	-1	-1	-1	-1	-1	-1	-1	-1	-1	-1	-1	-1	-1	-1	-1	-1	-1
NS13412J	2	1	9	2020	1	3	1991	31	1	8	2022	1	1	-1	-1	-1	-1	-1	-1	-1	-1	-1	-1	-1	-1	-1
NS13415M	1	-1	-1	-1	-1	-1	-1	-1	1	6	2021	1	1	-1	-1	-1	-1	-1	-1	-1	-1	-1	-1	-1	-1	-1
NS13421C	2	1	2	2017	1	7	1990	31	3	-1	-1	1	1	-1	-1	-1	-1	-1	-1	-1	-1	-1	-1	-1	-1	-1
NS13424F	2	2	-1	-1	-1	-1	-1	-1	-1	-1	-1	-1	-1	-1	-1	-1	-1	-1	-1	-1	-1	-1	-1	-1	-1	-1
NS13433Z	2	2	-1	-1	-1	-1	-1	-1	-1	-1	-1	-1	-1	-1	-1	-1	-1	-1	-1	-1	-1	-1	-1	-1	-1	-1
NS13434A	2	1	8	2020	1	-9	-9	40	3	-1	-1	2	-1	1	2	2	2	2	2	2	1	1	2021	-1	-1	-1
NS13434A	3	2	-1	-1	-1	-1	-1	-1	-1	-1	-1	-1	-1	-1	-1	-1	-1	-1	-1	-1	-1	-1	-1	-1	-1	-1
NS13435B	2	1	5	2016	1	6	1986	36	1	5	2016	1	1	-1	-1	-1	-1	-1	-1	-1	-1	-1	-1	-1	-1	-1
NS13436C	2	1	12	2014	2	8	1985	37	3	-1	-1	1	1	-1	-1	-1	-1	-1	-1	-1	-1	-1	-1	-1	-1	-1
NS13437D	2	2	-1	-1	-1	-1	-1	-1	-1	-1	-1	-1	-1	-1	-1	-1	-1	-1	-1	-1	-1	-1	-1	-1	-1	-1
NS13439F	2	2	-1	-1	-1	-1	-1	-1	-1	-1	-1	-1	-1	-1	-1	-1	-1	-1	-1	-1	-1	-1	-1	-1	-1	-1
NS13450K	1	-1	-1	-1	-1	-1	-1	-1	-1	-1	-1	1	1	-1	-1	-1	-1	-1	-1	-1	-1	-1	-1	-1	-1	-1
NS13452M	2	2	-1	-1	-1	-1	-1	-1	-1	-1	-1	-1	-1	-1	-1	-1	-1	-1	-1	-1	-1	-1	-1	-1	-1	-1
NS13453N	1	-1	-1	-1	-1	-1	-1	-1	-1	-1	-1	1	1	-1	-1	-1	-1	-1	-1	-1	-1	-1	-1	-1	-1	-1
NS13454P	2	1	8	2022	2	10	1991	31	1	5	2022	1	1	-1	-1	-1	-1	-1	-1	-1	-1	-1	-1	-1	-1	-1
NS13458T	2	2	-1	-1	-1	-1	-1	-1	-1	-1	-1	-1	-1	-1	-1	-1	-1	-1	-1	-1	-1	-1	-1	-1	-1	-1
NS13459V	1	-1	-1	-1	-1	-1	-1	-1	-1	-1	-1	1	1	-1	-1	-1	-1	-1	-1	-1	-1	-1	-1	-1	-1	-1
NS13461F	2	1	3	2017	2	9	1984	38	3	-1	-1	1	1	-1	-1	-1	-1	-1	-1	-1	-1	-1	-1	-1	-1	-1
NS13464J	1	-1	-1	-1	-1	-1	-1	-1	1	8	2017	1	1	-1	-1	-1	-1	-1	-1	-1	-1	-1	-1	-1	-1	-1
NS13465K	2	2	-1	-1	-1	-1	-1	-1	-1	-1	-1	-1	-1	-1	-1	-1	-1	-1	-1	-1	-1	-1	-1	-1	-1	-1
NS13467M	2	1	3	2019	1	10	1988	34	1	2	2022	1	1	-1	-1	-1	-1	-1	-1	-1	-1	-1	-1	-1	-1	-1
NS13468N	2	1	5	2017	2	10	1990	32	3	-1	-1	1	1	-1	-1	-1	-1	-1	-1	-1	-1	-1	-1	-1	-1	-1
NS13470Z	1	-1	-1	-1	-1	-1	-1	-1	1	7	2016	1	1	-1	-1	-1	-1	-1	-1	-1	-1	-1	-1	-1	-1	-1
NS13474D	2	2	-1	-1	-1	-1	-1	-1	-1	-1	-1	-1	-1	-1	-1	-1	-1	-1	-1	-1	-1	-1	-1	-1	-1	-1
NS13477G	2	2	-1	-1	-1	-1	-1	-1	-1	-1	-1	-1	-1	-1	-1	-1	-1	-1	-1	-1	-1	-1	-1	-1	-1	-1
NS13478H	2	1	9	2016	1	8	1989	32	1	7	2019	1	1	-1	-1	-1	-1	-1	-1	-1	-1	-1	-1	-1	-1	-1
NS13480T	2	1	10	2017	1	3	1990	32	1	11	2021	1	1	-1	-1	-1	-1	-1	-1	-1	-1	-1	-1	-1	-1	-1
NS13485Z	2	1	7	2012	1	9	1989	34	1	7	2012	1	2	-1	-1	-1	-1	-1	-1	-1	-1	7	2013	-1	-1	-1
NS13485Z	3	2	-1	-1	-1	-1	-1	-1	-1	-1	-1	-1	-1	-1	-1	-1	-1	-1	-1	-1	-1	-1	-1	-1	-1	-1
NS13486A	1	-1	-1	-1	-1	-1	-1	-1	3	-1	-1	1	1	-1	-1	-1	-1	-1	-1	-1	-1	-1	-1	-1	-1	-1
NS13487B	2	2	-1	-1	-1	-1	-1	-1	-1	-1	-1	-1	-1	-1	-1	-1	-1	-1	-1	-1	-1	-1	-1	-1	-1	-1
NS13489D	2	2	-1	-1	-1	-1	-1	-1	-1	-1	-1	-1	-1	-1	-1	-1	-1	-1	-1	-1	-1	-1	-1	-1	-1	-1
NS13490N	2	1	10	2015	1	8	1989	33	1	10	2015	1	1	-1	-1	-1	-1	-1	-1	-1	-1	-1	-1	-1	-1	-1
NS13492Q	2	1	9	2018	1	2	1991	31	3	-1	-1	1	1	-1	-1	-1	-1	-1	-1	-1	-1	-1	-1	-1	-1	-1
NS13493R	1	-1	-1	-1	-1	-1	-1	-1	3	-1	-1	2	-1	1	1	2	2	2	2	2	2	8	2018	-1	-1	-1
NS13493R	2	1	6	2022	2	6	1992	30	3	-1	-1	1	1	-1	-1	-1	-1	-1	-1	-1	-1	-1	-1	-1	-1	-1
NS13494S	2	1	9	2021	1	12	1993	29	3	-1	-1	1	1	-1	-1	-1	-1	-1	-1	-1	-1	-1	-1	-1	-1	-1
NS13496V	2	1	4	2022	1	6	1983	39	3	-1	-1	1	1	-1	-1	-1	-1	-1	-1	-1	-1	-1	-1	-1	-1	-1
NS13498X	2	2	-1	-1	-1	-1	-1	-1	-1	-1	-1	-1	-1	-1	-1	-1	-1	-1	-1	-1	-1	-1	-1	-1	-1	-1
NS13499Y	2	2	-1	-1	-1	-1	-1	-1	-1	-1	-1	-1	-1	-1	-1	-1	-1	-1	-1	-1	-1	-1	-1	-1	-1	-1
NS13502R	2	1	1	2011	2	1	1990	33	1	4	2019	1	1	-1	-1	-1	-1	-1	-1	-1	-1	-1	-1	-1	-1	-1
NS13503S	2	1	3	2019	1	6	1985	37	3	-1	-1	1	1	-1	-1	-1	-1	-1	-1	-1	-1	-1	-1	-1	-1	-1
NS13504T	2	2	-1	-1	-1	-1	-1	-1	-1	-1	-1	-1	-1	-1	-1	-1	-1	-1	-1	-1	-1	-1	-1	-1	-1	-1
NS13505V	2	1	4	2017	2	8	1988	34	3	-1	-1	1	1	-1	-1	-1	-1	-1	-1	-1	-1	-1	-1	-1	-1	-1
NS13510J	2	1	10	2014	2	-8	1993	-8	3	-1	-1	2	-1	1	1	2	2	2	2	2	2	-8	2019	-1	-1	-1
NS13510J	3	1	11	2022	2	1	1991	32	3	-1	-1	1	1	-1	-1	-1	-1	-1	-1	-1	-1	-1	-1	-1	-1	-1
NS13514N	2	1	7	2018	2	1	1989	34	2	8	2022	1	1	-1	-1	-1	-1	-1	-1	-1	-1	-1	-1	-1	-1	-1
NS13516Q	1	-1	-1	-1	-1	-1	-1	-1	1	6	2016	1	1	-1	-1	-1	-1	-1	-1	-1	-1	-1	-1	-1	-1	-1
NS13517R	2	2	-1	-1	-1	-1	-1	-1	-1	-1	-1	-1	-1	-1	-1	-1	-1	-1	-1	-1	-1	-1	-1	-1	-1	-1
NS13519T	1	-1	-1	-1	-1	-1	-1	-1	1	1	2020	1	1	-1	-1	-1	-1	-1	-1	-1	-1	-1	-1	-1	-1	-1
NS13520D	2	1	3	2017	1	6	1984	38	1	8	2022	1	1	-1	-1	-1	-1	-1	-1	-1	-1	-1	-1	-1	-1	-1
NS13522F	2	1	7	2016	2	5	1992	30	1	1	2019	1	1	-1	-1	-1	-1	-1	-1	-1	-1	-1	-1	-1	-1	-1
NS13523G	1	-1	-1	-1	-1	-1	-1	-1	-1	-1	-1	2	-1	1	1	2	2	2	2	2	2	6	2017	1	6	2018
NS13523G	2	1	10	2021	2	2	1990	32	3	-1	-1	1	1	-1	-1	-1	-1	-1	-1	-1	-1	-1	-1	-1	-1	-1
NS13524H	2	2	-1	-1	-1	-1	-1	-1	-1	-1	-1	-1	-1	-1	-1	-1	-1	-1	-1	-1	-1	-1	-1	-1	-1	-1
NS13525J	1	-1	-1	-1	-1	-1	-1	-1	-1	-1	-1	1	1	-1	-1	-1	-1	-1	-1	-1	-1	-1	-1	-1	-1	-1
NS13526K	1	-1	-1	-1	-1	-1	-1	-1	3	-1	-1	2	-1	1	1	2	2	2	2	2	2	2	2017	-1	-1	-1
NS13526K	2	1	1	2018	1	9	1993	29	3	-1	-1	1	1	-1	-1	-1	-1	-1	-1	-1	-1	-1	-1	-1	-1	-1
NS13528M	2	1	6	2020	1	11	1989	32	3	-1	-1	1	1	-1	-1	-1	-1	-1	-1	-1	-1	-1	-1	-1	-1	-1
NS13529N	2	2	-1	-1	-1	-1	-1	-1	-1	-1	-1	-1	-1	-1	-1	-1	-1	-1	-1	-1	-1	-1	-1	-1	-1	-1
NS13530Y	2	2	-1	-1	-1	-1	-1	-1	-1	-1	-1	-1	-1	-1	-1	-1	-1	-1	-1	-1	-1	-1	-1	-1	-1	-1
NS13531Z	2	2	-1	-1	-1	-1	-1	-1	-1	-1	-1	-1	-1	-1	-1	-1	-1	-1	-1	-1	-1	-1	-1	-1	-1	-1
NS13537F	1	-1	-1	-1	-1	-1	-1	-1	1	8	2021	1	1	-1	-1	-1	-1	-1	-1	-1	-1	-1	-1	-1	-1	-1
NS13541T	1	-1	-1	-1	-1	-1	-1	-1	3	-1	-1	2	-1	2	-1	-1	-1	-1	-1	-1	-1	8	2016	-1	-1	-1
NS13541T	2	2	-1	-1	-1	-1	-1	-1	-1	-1	-1	-1	-1	-1	-1	-1	-1	-1	-1	-1	-1	-1	-1	-1	-1	-1
NS13543W	2	1	1	2022	2	12	1990	31	3	-1	-1	1	1	-1	-1	-1	-1	-1	-1	-1	-1	-1	-1	-1	-1	-1
NS13547A	2	2	-1	-1	-1	-1	-1	-1	-1	-1	-1	-1	-1	-1	-1	-1	-1	-1	-1	-1	-1	-1	-1	-1	-1	-1
NS13549C	2	1	2	2016	2	7	1991	32	1	7	2023	1	1	-1	-1	-1	-1	-1	-1	-1	-1	-1	-1	-1	-1	-1
NS13551N	1	-1	-1	-1	-1	-1	-1	-1	3	-1	-1	1	1	-1	-1	-1	-1	-1	-1	-1	-1	-1	-1	-1	-1	-1
NS13556T	2	2	-1	-1	-1	-1	-1	-1	-1	-1	-1	-1	-1	-1	-1	-1	-1	-1	-1	-1	-1	-1	-1	-1	-1	-1
NS13558W	1	-1	-1	-1	-1	-1	-1	-1	1	6	2022	1	1	-1	-1	-1	-1	-1	-1	-1	-1	-1	-1	-1	-1	-1
NS13559X	2	2	-1	-1	-1	-1	-1	-1	-1	-1	-1	-1	-1	-1	-1	-1	-1	-1	-1	-1	-1	-1	-1	-1	-1	-1
NS13561H	1	-1	-1	-1	-1	-1	-1	-1	3	-1	-1	1	1	-1	-1	-1	-1	-1	-1	-1	-1	-1	-1	-1	-1	-1
NS13563K	2	2	-1	-1	-1	-1	-1	-1	-1	-1	-1	-1	-1	-1	-1	-1	-1	-1	-1	-1	-1	-1	-1	-1	-1	-1
NS13568Q	2	2	-1	-1	-1	-1	-1	-1	-1	-1	-1	-1	-1	-1	-1	-1	-1	-1	-1	-1	-1	-1	-1	-1	-1	-1
NS13570B	2	2	-1	-1	-1	-1	-1	-1	-1	-1	-1	-1	-1	-1	-1	-1	-1	-1	-1	-1	-1	-1	-1	-1	-1	-1
NS13571C	1	-1	-1	-1	-1	-1	-1	-1	-1	-1	-1	1	1	-1	-1	-1	-1	-1	-1	-1	-1	-1	-1	-1	-1	-1
NS13574F	2	1	2	2017	1	4	1988	34	3	-1	-1	2	-1	1	1	2	2	2	2	2	2	9	2021	-1	-1	-1
NS13574F	3	1	1	2022	1	8	1992	29	3	-1	-1	1	1	-1	-1	-1	-1	-1	-1	-1	-1	-1	-1	-1	-1	-1
NS13577J	2	1	4	2017	1	7	1986	36	1	10	2016	1	2	-1	-1	-1	-1	-1	-1	-1	-1	3	2022	-1	-1	-1
NS13577J	3	2	-1	-1	-1	-1	-1	-1	-1	-1	-1	-1	-1	-1	-1	-1	-1	-1	-1	-1	-1	-1	-1	-1	-1	-1
NS13579L	2	2	-1	-1	-1	-1	-1	-1	-1	-1	-1	-1	-1	-1	-1	-1	-1	-1	-1	-1	-1	-1	-1	-1	-1	-1
NS13581X	2	1	10	2021	2	10	1989	33	3	-1	-1	1	1	-1	-1	-1	-1	-1	-1	-1	-1	-1	-1	-1	-1	-1
NS13585B	2	1	2	2021	2	10	1993	29	3	-1	-1	1	1	-1	-1	-1	-1	-1	-1	-1	-1	-1	-1	-1	-1	-1
NS13588E	2	1	3	2020	1	11	1975	47	3	-1	-1	1	1	-1	-1	-1	-1	-1	-1	-1	-1	-1	-1	-1	-1	-1
NS13589F	2	1	8	2015	1	9	1986	36	1	7	2018	1	1	-1	-1	-1	-1	-1	-1	-1	-1	-1	-1	-1	-1	-1
NS13591R	2	1	-8	2017	1	3	1990	32	3	-1	-1	2	-1	1	1	2	2	2	2	2	2	-8	2021	-1	-1	-1
NS13591R	3	2	-1	-1	-1	-1	-1	-1	-1	-1	-1	-1	-1	-1	-1	-1	-1	-1	-1	-1	-1	-1	-1	-1	-1	-1
NS13595W	2	-9	9	2016	2	11	1988	33	1	-1	-1	-1	-1	-1	-1	-1	-1	-1	-1	-1	-1	-1	-1	-1	-1	-1
NS13596X	2	2	-1	-1	-1	-1	-1	-1	-1	-1	-1	-1	-1	-1	-1	-1	-1	-1	-1	-1	-1	-1	-1	-1	-1	-1
NS13598Z	2	1	8	2014	1	8	1990	31	1	5	2015	1	1	-1	-1	-1	-1	-1	-1	-1	-1	-1	-1	-1	-1	-1
NS13599A	1	-1	-1	-1	-1	-1	-1	-1	3	-1	-1	2	-1	1	1	2	2	2	2	2	2	2	2017	-1	-1	-1
NS13599A	2	1	10	2019	1	12	1985	36	3	-1	-1	1	1	-1	-1	-1	-1	-1	-1	-1	-1	-1	-1	-1	-1	-1
NS13600R	2	1	12	2010	2	7	1991	31	3	-1	-1	2	-1	1	1	2	2	2	2	2	2	2	2022	-1	-1	-1
NS13600R	3	2	-1	-1	-1	-1	-1	-1	-1	-1	-1	-1	-1	-1	-1	-1	-1	-1	-1	-1	-1	-1	-1	-1	-1	-1
NS13605X	2	1	11	2016	2	8	1990	32	1	5	2022	1	1	-1	-1	-1	-1	-1	-1	-1	-1	-1	-1	-1	-1	-1
NS13607Z	2	1	8	2020	1	11	1991	31	1	8	2021	1	1	-1	-1	-1	-1	-1	-1	-1	-1	-1	-1	-1	-1	-1
NS13608A	2	1	6	2021	2	7	1990	32	3	-1	-1	1	1	-1	-1	-1	-1	-1	-1	-1	-1	-1	-1	-1	-1	-1
NS13611M	1	-1	-1	-1	-1	-1	-1	-1	1	5	2019	1	1	-1	-1	-1	-1	-1	-1	-1	-1	-1	-1	-1	-1	-1
NS13612N	2	1	9	2016	2	2	1992	30	1	5	2019	1	1	-1	-1	-1	-1	-1	-1	-1	-1	-1	-1	-1	-1	-1
NS13622H	1	-1	-1	-1	-1	-1	-1	-1	3	-1	-1	2	-1	1	1	2	2	2	2	2	2	8	2016	-1	-1	-1
NS13622H	2	1	2	2018	1	11	1982	39	3	-1	-1	2	-1	1	1	2	2	1	2	2	2	12	2021	-1	-1	-1
NS13622H	3	1	4	2022	1	6	1980	41	3	-1	-1	1	1	-1	-1	-1	-1	-1	-1	-1	-1	-1	-1	-1	-1	-1
NS13623J	2	1	1	2013	1	5	1987	35	3	-1	-1	2	-1	1	1	2	2	2	2	2	2	10	2015	-1	-1	-1
NS13623J	3	2	-1	-1	-1	-1	-1	-1	-1	-1	-1	-1	-1	-1	-1	-1	-1	-1	-1	-1	-1	-1	-1	-1	-1	-1
NS13625L	2	2	-1	-1	-1	-1	-1	-1	-1	-1	-1	-1	-1	-1	-1	-1	-1	-1	-1	-1	-1	-1	-1	-1	-1	-1
NS13628P	2	2	-1	-1	-1	-1	-1	-1	-1	-1	-1	-1	-1	-1	-1	-1	-1	-1	-1	-1	-1	-1	-1	-1	-1	-1
NS13629Q	2	1	3	2016	1	4	1990	32	3	-1	-1	1	1	-1	-1	-1	-1	-1	-1	-1	-1	-1	-1	-1	-1	-1
NS13631B	2	2	-1	-1	-1	-1	-1	-1	-1	-1	-1	-1	-1	-1	-1	-1	-1	-1	-1	-1	-1	-1	-1	-1	-1	-1
NS13634E	1	-1	-1	-1	-1	-1	-1	-1	3	-1	-1	2	-1	1	1	2	2	2	2	2	2	3	2018	-1	-1	-1
NS13634E	2	1	8	2019	2	1	1996	26	1	7	2020	1	1	-1	-1	-1	-1	-1	-1	-1	-1	-1	-1	-1	-1	-1
NS13637H	2	1	9	2016	2	6	1990	31	3	-1	-1	2	-1	1	1	2	2	2	2	2	2	2	2020	-1	-1	-1
NS13637H	3	2	-1	-1	-1	-1	-1	-1	-1	-1	-1	-1	-1	-1	-1	-1	-1	-1	-1	-1	-1	-1	-1	-1	-1	-1
NS13638J	2	1	-8	2009	2	-9	-9	-9	1	-9	2009	2	-1	1	2	2	2	2	2	2	1	-9	-9	1	-8	2010
NS13638J	3	2	-1	-1	-1	-1	-1	-1	-1	-1	-1	-1	-1	-1	-1	-1	-1	-1	-1	-1	-1	-1	-1	-1	-1	-1
NS13639K	2	2	-1	-1	-1	-1	-1	-1	-1	-1	-1	-1	-1	-1	-1	-1	-1	-1	-1	-1	-1	-1	-1	-1	-1	-1
NS13642X	2	2	-1	-1	-1	-1	-1	-1	-1	-1	-1	-1	-1	-1	-1	-1	-1	-1	-1	-1	-1	-1	-1	-1	-1	-1
NS13645A	2	1	10	2011	1	5	1989	33	3	-1	-1	2	-1	1	1	2	2	2	2	2	2	5	2014	-1	-1	-1
NS13645A	3	2	-1	-1	-1	-1	-1	-1	-1	-1	-1	-1	-1	-1	-1	-1	-1	-1	-1	-1	-1	-1	-1	-1	-1	-1
NS13646B	1	-1	-1	-1	-1	-1	-1	-1	1	6	2016	1	1	-1	-1	-1	-1	-1	-1	-1	-1	-1	-1	-1	-1	-1
NS13648D	2	1	7	2016	1	5	1987	35	3	-1	-1	1	1	-1	-1	-1	-1	-1	-1	-1	-1	-1	-1	-1	-1	-1
NS13650P	2	2	-1	-1	-1	-1	-1	-1	-1	-1	-1	-1	-1	-1	-1	-1	-1	-1	-1	-1	-1	-1	-1	-1	-1	-1
NS13653S	2	2	-1	-1	-1	-1	-1	-1	-1	-1	-1	-1	-1	-1	-1	-1	-1	-1	-1	-1	-1	-1	-1	-1	-1	-1
NS13654T	2	1	2	2021	2	2	1989	33	3	-1	-1	1	1	-1	-1	-1	-1	-1	-1	-1	-1	-1	-1	-1	-1	-1
NS13657X	2	2	-1	-1	-1	-1	-1	-1	-1	-1	-1	-1	-1	-1	-1	-1	-1	-1	-1	-1	-1	-1	-1	-1	-1	-1
NS13658Y	2	2	-1	-1	-1	-1	-1	-1	-1	-1	-1	-1	-1	-1	-1	-1	-1	-1	-1	-1	-1	-1	-1	-1	-1	-1
NS13659Z	1	-1	-1	-1	-1	-1	-1	-1	1	7	2017	1	1	-1	-1	-1	-1	-1	-1	-1	-1	-1	-1	-1	-1	-1
NS13662L	2	2	-1	-1	-1	-1	-1	-1	-1	-1	-1	-1	-1	-1	-1	-1	-1	-1	-1	-1	-1	-1	-1	-1	-1	-1
NS13665P	1	-1	-1	-1	-1	-1	-1	-1	3	-1	-1	2	-1	1	2	2	2	2	1	2	2	10	2017	-1	-1	-1
NS13665P	2	2	-1	-1	-1	-1	-1	-1	-1	-1	-1	-1	-1	-1	-1	-1	-1	-1	-1	-1	-1	-1	-1	-1	-1	-1
NS13666Q	2	1	3	2020	2	6	1993	30	3	-1	-1	1	1	-1	-1	-1	-1	-1	-1	-1	-1	-1	-1	-1	-1	-1
NS13669T	2	2	-1	-1	-1	-1	-1	-1	-1	-1	-1	-1	-1	-1	-1	-1	-1	-1	-1	-1	-1	-1	-1	-1	-1	-1
NS13671E	2	1	3	2020	1	1	1990	32	3	-1	-1	1	1	-1	-1	-1	-1	-1	-1	-1	-1	-1	-1	-1	-1	-1
NS13674H	2	2	-1	-1	-1	-1	-1	-1	-1	-1	-1	-1	-1	-1	-1	-1	-1	-1	-1	-1	-1	-1	-1	-1	-1	-1
NS13677L	2	1	9	2015	2	9	1990	31	1	4	2019	1	1	-1	-1	-1	-1	-1	-1	-1	-1	-1	-1	-1	-1	-1
NS13678M	1	-1	-1	-1	-1	-1	-1	-1	1	3	2023	1	1	-1	-1	-1	-1	-1	-1	-1	-1	-1	-1	-1	-1	-1
NS13681Z	2	2	-1	-1	-1	-1	-1	-1	-1	-1	-1	-1	-1	-1	-1	-1	-1	-1	-1	-1	-1	-1	-1	-1	-1	-1
NS13691T	2	2	-1	-1	-1	-1	-1	-1	-1	-1	-1	-1	-1	-1	-1	-1	-1	-1	-1	-1	-1	-1	-1	-1	-1	-1
NS13692V	1	-1	-1	-1	-1	-1	-1	-1	1	2	2017	2	-1	1	1	2	1	2	2	2	2	9	2018	1	1	2021
NS13692V	2	2	-1	-1	-1	-1	-1	-1	-1	-1	-1	-1	-1	-1	-1	-1	-1	-1	-1	-1	-1	-1	-1	-1	-1	-1
NS13698B	2	1	2	2019	2	4	1988	34	3	-1	-1	2	-1	1	1	2	2	2	2	2	2	12	2021	-1	-1	-1
NS13698B	3	2	-1	-1	-1	-1	-1	-1	-1	-1	-1	-1	-1	-1	-1	-1	-1	-1	-1	-1	-1	-1	-1	-1	-1	-1
NS13699C	2	2	-1	-1	-1	-1	-1	-1	-1	-1	-1	-1	-1	-1	-1	-1	-1	-1	-1	-1	-1	-1	-1	-1	-1	-1
NS13700T	1	-1	-1	-1	-1	-1	-1	-1	3	-1	-1	2	-1	1	1	2	2	2	2	2	2	3	2020	-1	-1	-1
NS13700T	2	1	11	2020	1	5	1990	32	3	-1	-1	1	1	-1	-1	-1	-1	-1	-1	-1	-1	-1	-1	-1	-1	-1
NS13703X	2	1	8	2022	1	9	1986	36	3	-1	-1	1	1	-1	-1	-1	-1	-1	-1	-1	-1	-1	-1	-1	-1	-1
NS13704Y	1	-1	-1	-1	-1	-1	-1	-1	-1	-1	-1	1	1	-1	-1	-1	-1	-1	-1	-1	-1	-1	-1	-1	-1	-1
NS13709D	2	2	-1	-1	-1	-1	-1	-1	-1	-1	-1	-1	-1	-1	-1	-1	-1	-1	-1	-1	-1	-1	-1	-1	-1	-1
NS13711P	1	-1	-1	-1	-1	-1	-1	-1	1	9	2016	1	1	-1	-1	-1	-1	-1	-1	-1	-1	-1	-1	-1	-1	-1
NS13712Q	1	-1	-1	-1	-1	-1	-1	-1	1	4	2022	1	1	-1	-1	-1	-1	-1	-1	-1	-1	-1	-1	-1	-1	-1
NS13715T	2	1	4	2016	2	7	1991	30	3	-1	-1	2	-1	1	1	2	2	2	2	2	2	4	2022	-1	-1	-1
NS13715T	3	2	-1	-1	-1	-1	-1	-1	-1	-1	-1	-1	-1	-1	-1	-1	-1	-1	-1	-1	-1	-1	-1	-1	-1	-1
NS13716V	1	-1	-1	-1	-1	-1	-1	-1	1	9	2017	1	1	-1	-1	-1	-1	-1	-1	-1	-1	-1	-1	-1	-1	-1
NS13717W	2	2	-1	-1	-1	-1	-1	-1	-1	-1	-1	-1	-1	-1	-1	-1	-1	-1	-1	-1	-1	-1	-1	-1	-1	-1
NS13722K	2	2	-1	-1	-1	-1	-1	-1	-1	-1	-1	-1	-1	-1	-1	-1	-1	-1	-1	-1	-1	-1	-1	-1	-1	-1
NS13724M	2	1	6	2019	2	3	1981	41	3	-1	-1	1	1	-1	-1	-1	-1	-1	-1	-1	-1	-1	-1	-1	-1	-1
NS13725N	2	1	7	2008	2	1	1990	33	1	10	2012	1	1	-1	-1	-1	-1	-1	-1	-1	-1	-1	-1	-1	-1	-1
NS13727Q	2	1	7	2014	1	2	1990	33	3	-1	-1	2	-1	1	2	2	1	1	2	2	2	3	2022	-1	-1	-1
NS13727Q	3	2	-1	-1	-1	-1	-1	-1	-1	-1	-1	-1	-1	-1	-1	-1	-1	-1	-1	-1	-1	-1	-1	-1	-1	-1
NS13728R	1	-1	-1	-1	-1	-1	-1	-1	-1	-1	-1	2	-1	1	1	2	2	2	2	2	2	2	2020	2	-1	-1
NS13728R	2	1	1	2021	1	3	1993	29	-1	-1	-1	1	1	-1	-1	-1	-1	-1	-1	-1	-1	-1	-1	-1	-1	-1
NS13729S	2	2	-1	-1	-1	-1	-1	-1	-1	-1	-1	-1	-1	-1	-1	-1	-1	-1	-1	-1	-1	-1	-1	-1	-1	-1
NS13733F	2	1	10	2020	1	6	1985	37	3	-1	-1	1	1	-1	-1	-1	-1	-1	-1	-1	-1	-1	-1	-1	-1	-1
NS13734G	2	1	4	2014	1	6	1986	36	1	7	2021	1	1	-1	-1	-1	-1	-1	-1	-1	-1	-1	-1	-1	-1	-1
NS13736J	2	1	4	2016	1	9	1985	36	3	-1	-1	1	1	-1	-1	-1	-1	-1	-1	-1	-1	-1	-1	-1	-1	-1
NS13737K	2	1	9	2010	2	8	1986	36	1	9	2013	1	1	-1	-1	-1	-1	-1	-1	-1	-1	-1	-1	-1	-1	-1
NS13739M	2	1	8	2018	2	7	1991	31	1	8	2019	1	1	-1	-1	-1	-1	-1	-1	-1	-1	-1	-1	-1	-1	-1
NS13741Y	2	2	-1	-1	-1	-1	-1	-1	-1	-1	-1	-1	-1	-1	-1	-1	-1	-1	-1	-1	-1	-1	-1	-1	-1	-1
NS13743A	2	2	-1	-1	-1	-1	-1	-1	-1	-1	-1	-1	-1	-1	-1	-1	-1	-1	-1	-1	-1	-1	-1	-1	-1	-1
NS13744B	1	-1	-1	-1	-1	-1	-1	-1	1	2	2018	1	1	-1	-1	-1	-1	-1	-1	-1	-1	-1	-1	-1	-1	-1
NS13745C	2	1	4	2019	2	8	1993	29	3	-1	-1	1	1	-1	-1	-1	-1	-1	-1	-1	-1	-1	-1	-1	-1	-1
NS13746D	2	1	8	2018	1	10	1989	32	3	-1	-1	1	1	-1	-1	-1	-1	-1	-1	-1	-1	-1	-1	-1	-1	-1
NS13749G	2	2	-1	-1	-1	-1	-1	-1	-1	-1	-1	-1	-1	-1	-1	-1	-1	-1	-1	-1	-1	-1	-1	-1	-1	-1
NS13751S	2	1	5	2015	2	11	1990	31	1	9	2019	1	1	-1	-1	-1	-1	-1	-1	-1	-1	-1	-1	-1	-1	-1
NS13754W	2	2	-1	-1	-1	-1	-1	-1	-1	-1	-1	-1	-1	-1	-1	-1	-1	-1	-1	-1	-1	-1	-1	-1	-1	-1
NS13755X	2	2	-1	-1	-1	-1	-1	-1	-1	-1	-1	-1	-1	-1	-1	-1	-1	-1	-1	-1	-1	-1	-1	-1	-1	-1
NS13757Z	2	1	8	2016	1	2	1993	29	1	8	2016	1	1	-1	-1	-1	-1	-1	-1	-1	-1	-1	-1	-1	-1	-1
NS13758A	2	2	-1	-1	-1	-1	-1	-1	-1	-1	-1	-1	-1	-1	-1	-1	-1	-1	-1	-1	-1	-1	-1	-1	-1	-1
NS13759B	2	1	7	2016	1	6	1991	30	1	7	2016	1	1	-1	-1	-1	-1	-1	-1	-1	-1	-1	-1	-1	-1	-1
NS13760L	1	-1	-1	-1	-1	-1	-1	-1	3	-1	-1	1	1	-1	-1	-1	-1	-1	-1	-1	-1	-1	-1	-1	-1	-1
NS13762N	2	2	-1	-1	-1	-1	-1	-1	-1	-1	-1	-1	-1	-1	-1	-1	-1	-1	-1	-1	-1	-1	-1	-1	-1	-1
NS13763P	2	1	6	2016	1	7	1991	31	1	10	2021	1	1	-1	-1	-1	-1	-1	-1	-1	-1	-1	-1	-1	-1	-1
NS13765R	2	1	7	2017	2	1	1984	38	3	-1	-1	1	1	-1	-1	-1	-1	-1	-1	-1	-1	-1	-1	-1	-1	-1
NS13771G	2	1	8	2018	1	-8	-8	-9	3	-1	-1	2	-1	1	2	2	2	2	2	1	2	8	2020	-1	-1	-1
NS13771G	3	2	-1	-1	-1	-1	-1	-1	-1	-1	-1	-1	-1	-1	-1	-1	-1	-1	-1	-1	-1	-1	-1	-1	-1	-1
NS13777N	1	-1	-1	-1	-1	-1	-1	-1	-1	-1	-1	2	-1	1	2	2	2	2	1	2	2	11	2016	1	1	2017
NS13777N	2	1	8	2017	1	1	1987	36	3	-1	-1	1	1	-1	-1	-1	-1	-1	-1	-1	-1	-1	-1	-1	-1	-1
NS13781B	2	1	1	2018	1	5	1993	29	3	-1	-1	2	-1	1	1	2	2	2	2	2	2	9	2019	-1	-1	-1
NS13781B	3	2	-1	-1	-1	-1	-1	-1	-1	-1	-1	-1	-1	-1	-1	-1	-1	-1	-1	-1	-1	-1	-1	-1	-1	-1
NS13788J	1	-1	-1	-1	-1	-1	-1	-1	3	-1	-1	1	1	-1	-1	-1	-1	-1	-1	-1	-1	-1	-1	-1	-1	-1
NS13790V	1	-1	-1	-1	-1	-1	-1	-1	1	8	2019	1	1	-1	-1	-1	-1	-1	-1	-1	-1	-1	-1	-1	-1	-1
NS13795A	1	-1	-1	-1	-1	-1	-1	-1	-1	-1	-1	1	1	-1	-1	-1	-1	-1	-1	-1	-1	-1	-1	-1	-1	-1
NS13798D	2	1	1	2016	-9	5	1990	32	3	-1	-1	1	1	1	2	2	2	2	2	2	1	1	2016	-1	-1	-1
NS13798D	3	2	-1	-1	-1	-1	-1	-1	-1	-1	-1	-1	-1	-1	-1	-1	-1	-1	-1	-1	-1	-1	-1	-1	-1	-1
NS13799E	2	1	6	2015	1	3	-8	-8	3	-1	-1	2	-1	1	1	2	2	2	2	2	2	2	2016	-1	-1	-1
NS13799E	3	2	-1	-1	-1	-1	-1	-1	-1	-1	-1	-1	-1	-1	-1	-1	-1	-1	-1	-1	-1	-1	-1	-1	-1	-1
NS13803Z	2	2	-1	-1	-1	-1	-1	-1	-1	-1	-1	-1	-1	-1	-1	-1	-1	-1	-1	-1	-1	-1	-1	-1	-1	-1
NS13804A	1	-1	-1	-1	-1	-1	-1	-1	1	5	2019	2	-1	1	1	2	2	2	2	2	2	3	2020	2	-1	-1
NS13804A	2	2	-1	-1	-1	-1	-1	-1	-1	-1	-1	-1	-1	-1	-1	-1	-1	-1	-1	-1	-1	-1	-1	-1	-1	-1
NS13806C	1	-1	-1	-1	-1	-1	-1	-1	3	-1	-1	2	-1	1	1	2	2	2	2	2	2	3	2017	-1	-1	-1
NS13806C	2	1	3	2018	2	12	1994	28	3	-1	-1	2	-1	1	1	2	2	2	2	2	2	1	2020	-1	-1	-1
NS13806C	3	1	6	2022	2	7	1988	34	3	-1	-1	1	1	-1	-1	-1	-1	-1	-1	-1	-1	-1	-1	-1	-1	-1
NS13808E	2	1	4	2018	1	1	1987	35	3	-1	-1	1	1	-1	-1	-1	-1	-1	-1	-1	-1	-1	-1	-1	-1	-1
NS13811R	1	-1	-1	-1	-1	-1	-1	-1	3	-1	-1	2	-1	1	1	2	2	2	2	2	2	8	2016	-1	-1	-1
NS13811R	2	1	1	2017	1	11	1984	38	1	4	2019	1	1	-1	-1	-1	-1	-1	-1	-1	-1	-1	-1	-1	-1	-1
NS13812S	2	1	5	2018	2	-8	-8	30	3	-1	-1	2	-1	1	1	2	2	2	2	2	2	11	2018	-1	-1	-1
NS13812S	3	2	-1	-1	-1	-1	-1	-1	-1	-1	-1	-1	-1	-1	-1	-1	-1	-1	-1	-1	-1	-1	-1	-1	-1	-1
NS13813T	1	-1	-1	-1	-1	-1	-1	-1	-1	-1	-1	1	1	-1	-1	-1	-1	-1	-1	-1	-1	-1	-1	-1	-1	-1
NS13815W	1	-1	-1	-1	-1	-1	-1	-1	3	-1	-1	1	1	-1	-1	-1	-1	-1	-1	-1	-1	-1	-1	-1	-1	-1
NS13816X	2	1	4	2020	1	2	1991	31	3	-1	-1	1	1	-1	-1	-1	-1	-1	-1	-1	-1	-1	-1	-1	-1	-1
NS13818Z	2	2	-1	-1	-1	-1	-1	-1	-1	-1	-1	-1	-1	-1	-1	-1	-1	-1	-1	-1	-1	-1	-1	-1	-1	-1
NS13819A	2	1	10	2021	2	4	1994	28	3	-1	-1	1	1	-1	-1	-1	-1	-1	-1	-1	-1	-1	-1	-1	-1	-1
NS13823N	1	-1	-1	-1	-1	-1	-1	-1	3	-1	-1	2	-1	1	1	2	2	2	2	2	2	10	2018	-1	-1	-1
NS13823N	2	2	-1	-1	-1	-1	-1	-1	-1	-1	-1	-1	-1	-1	-1	-1	-1	-1	-1	-1	-1	-1	-1	-1	-1	-1
NS13824P	2	1	7	2018	2	4	1994	28	1	7	2018	1	1	-1	-1	-1	-1	-1	-1	-1	-1	-1	-1	-1	-1	-1
NS13825Q	2	2	-1	-1	-1	-1	-1	-1	-1	-1	-1	-1	-1	-1	-1	-1	-1	-1	-1	-1	-1	-1	-1	-1	-1	-1
NS13826R	2	2	-1	-1	-1	-1	-1	-1	-1	-1	-1	-1	-1	-1	-1	-1	-1	-1	-1	-1	-1	-1	-1	-1	-1	-1
NS13827S	2	2	-1	-1	-1	-1	-1	-1	-1	-1	-1	-1	-1	-1	-1	-1	-1	-1	-1	-1	-1	-1	-1	-1	-1	-1
NS13828T	1	-1	-1	-1	-1	-1	-1	-1	1	7	2017	1	1	-1	-1	-1	-1	-1	-1	-1	-1	-1	-1	-1	-1	-1
NS13830E	1	-1	-1	-1	-1	-1	-1	-1	1	9	2021	1	1	-1	-1	-1	-1	-1	-1	-1	-1	-1	-1	-1	-1	-1
NS13834J	2	1	11	2022	-9	-9	-9	-9	3	-1	-1	1	1	-1	-1	-1	-1	-1	-1	-1	-1	-1	-1	-1	-1	-1
NS13835K	1	-1	-1	-1	-1	-1	-1	-1	1	7	2019	1	1	-1	-1	-1	-1	-1	-1	-1	-1	-1	-1	-1	-1	-1
NS13839P	2	1	8	2019	2	7	1994	27	3	-1	-1	1	1	-1	-1	-1	-1	-1	-1	-1	-1	-1	-1	-1	-1	-1
NS13842B	2	2	-1	-1	-1	-1	-1	-1	-1	-1	-1	-1	-1	-1	-1	-1	-1	-1	-1	-1	-1	-1	-1	-1	-1	-1
NS13843C	1	-1	-1	-1	-1	-1	-1	-1	3	-1	-1	1	1	-1	-1	-1	-1	-1	-1	-1	-1	-1	-1	-1	-1	-1
NS13845E	2	1	5	2015	1	11	1980	42	3	-1	-1	1	1	-1	-1	-1	-1	-1	-1	-1	-1	-1	-1	-1	-1	-1
NS13847G	2	1	6	2016	2	7	1987	34	1	6	2021	1	1	-1	-1	-1	-1	-1	-1	-1	-1	-1	-1	-1	-1	-1
NS13848H	2	1	1	2012	1	5	1986	36	3	-1	-1	1	1	-1	-1	-1	-1	-1	-1	-1	-1	-1	-1	-1	-1	-1
NS13849J	1	-1	-1	-1	-1	-1	-1	-1	1	6	2016	2	-1	1	1	2	2	1	2	2	2	8	2018	2	-1	-1
NS13849J	2	2	-1	-1	-1	-1	-1	-1	-1	-1	-1	-1	-1	-1	-1	-1	-1	-1	-1	-1	-1	-1	-1	-1	-1	-1
NS13852W	2	2	-1	-1	-1	-1	-1	-1	-1	-1	-1	-1	-1	-1	-1	-1	-1	-1	-1	-1	-1	-1	-1	-1	-1	-1
NS13854Y	2	2	-1	-1	-1	-1	-1	-1	-1	-1	-1	-1	-1	-1	-1	-1	-1	-1	-1	-1	-1	-1	-1	-1	-1	-1
NS13859D	2	2	-1	-1	-1	-1	-1	-1	-1	-1	-1	-1	-1	-1	-1	-1	-1	-1	-1	-1	-1	-1	-1	-1	-1	-1
NS13860N	2	2	-1	-1	-1	-1	-1	-1	-1	-1	-1	-1	-1	-1	-1	-1	-1	-1	-1	-1	-1	-1	-1	-1	-1	-1
NS13861P	1	-1	-1	-1	-1	-1	-1	-1	1	7	2018	1	1	-1	-1	-1	-1	-1	-1	-1	-1	-1	-1	-1	-1	-1
NS13864S	1	-1	-1	-1	-1	-1	-1	-1	1	2	2018	1	1	-1	-1	-1	-1	-1	-1	-1	-1	-1	-1	-1	-1	-1
NS13867W	1	-1	-1	-1	-1	-1	-1	-1	-1	-1	-1	1	1	-1	-1	-1	-1	-1	-1	-1	-1	-1	-1	-1	-1	-1
NS13871J	2	1	7	2021	1	10	1990	32	3	-1	-1	1	1	-1	-1	-1	-1	-1	-1	-1	-1	-1	-1	-1	-1	-1
NS13874M	2	2	-1	-1	-1	-1	-1	-1	-1	-1	-1	-1	-1	-1	-1	-1	-1	-1	-1	-1	-1	-1	-1	-1	-1	-1
NS13875N	2	2	-1	-1	-1	-1	-1	-1	-1	-1	-1	-1	-1	-1	-1	-1	-1	-1	-1	-1	-1	-1	-1	-1	-1	-1
NS13877Q	2	2	-1	-1	-1	-1	-1	-1	-1	-1	-1	-1	-1	-1	-1	-1	-1	-1	-1	-1	-1	-1	-1	-1	-1	-1
NS13878R	2	2	-1	-1	-1	-1	-1	-1	-1	-1	-1	-1	-1	-1	-1	-1	-1	-1	-1	-1	-1	-1	-1	-1	-1	-1
NS13881D	1	-1	-1	-1	-1	-1	-1	-1	-1	-1	-1	1	1	-1	-1	-1	-1	-1	-1	-1	-1	-1	-1	-1	-1	-1
NS13882E	2	2	-1	-1	-1	-1	-1	-1	-1	-1	-1	-1	-1	-1	-1	-1	-1	-1	-1	-1	-1	-1	-1	-1	-1	-1
NS13884G	1	-1	-1	-1	-1	-1	-1	-1	1	7	2017	1	1	-1	-1	-1	-1	-1	-1	-1	-1	-1	-1	-1	-1	-1
NS13892Z	2	1	2	2017	2	6	1989	33	1	4	2021	1	1	-1	-1	-1	-1	-1	-1	-1	-1	-1	-1	-1	-1	-1
NS13894B	2	1	2	2021	1	-9	-9	27	3	-1	-1	2	-1	1	2	2	2	2	2	2	1	7	2022	-1	-1	-1
NS13894B	3	2	-1	-1	-1	-1	-1	-1	-1	-1	-1	-1	-1	-1	-1	-1	-1	-1	-1	-1	-1	-1	-1	-1	-1	-1
NS13895C	2	1	10	2021	2	5	1980	42	3	-1	-1	1	1	-1	-1	-1	-1	-1	-1	-1	-1	-1	-1	-1	-1	-1
NS13896D	1	-1	-1	-1	-1	-1	-1	-1	-1	-1	-1	1	1	-1	-1	-1	-1	-1	-1	-1	-1	-1	-1	-1	-1	-1
NS13897E	2	1	9	2021	2	10	1992	30	3	-1	-1	1	1	-1	-1	-1	-1	-1	-1	-1	-1	-1	-1	-1	-1	-1
NS13898F	2	2	-1	-1	-1	-1	-1	-1	-1	-1	-1	-1	-1	-1	-1	-1	-1	-1	-1	-1	-1	-1	-1	-1	-1	-1
NS13900Y	2	2	-1	-1	-1	-1	-1	-1	-1	-1	-1	-1	-1	-1	-1	-1	-1	-1	-1	-1	-1	-1	-1	-1	-1	-1
NS13901Z	2	1	2	2019	2	12	1990	32	3	-1	-1	1	1	-1	-1	-1	-1	-1	-1	-1	-1	-1	-1	-1	-1	-1
NS13902A	1	-1	-1	-1	-1	-1	-1	-1	-1	-1	-1	1	1	-1	-1	-1	-1	-1	-1	-1	-1	-1	-1	-1	-1	-1
NS13903B	2	1	5	2019	2	8	1992	29	1	9	2021	1	1	-1	-1	-1	-1	-1	-1	-1	-1	-1	-1	-1	-1	-1
NS13904C	2	1	10	2017	2	5	1994	28	1	8	2021	1	1	-1	-1	-1	-1	-1	-1	-1	-1	-1	-1	-1	-1	-1
NS13905D	2	2	-1	-1	-1	-1	-1	-1	-1	-1	-1	-1	-1	-1	-1	-1	-1	-1	-1	-1	-1	-1	-1	-1	-1	-1
NS13908G	2	2	-1	-1	-1	-1	-1	-1	-1	-1	-1	-1	-1	-1	-1	-1	-1	-1	-1	-1	-1	-1	-1	-1	-1	-1
NS13909H	2	2	-1	-1	-1	-1	-1	-1	-1	-1	-1	-1	-1	-1	-1	-1	-1	-1	-1	-1	-1	-1	-1	-1	-1	-1
NS13914X	2	2	-1	-1	-1	-1	-1	-1	-1	-1	-1	-1	-1	-1	-1	-1	-1	-1	-1	-1	-1	-1	-1	-1	-1	-1
NS13915Y	2	2	-1	-1	-1	-1	-1	-1	-1	-1	-1	-1	-1	-1	-1	-1	-1	-1	-1	-1	-1	-1	-1	-1	-1	-1
NS13917A	1	-1	-1	-1	-1	-1	-1	-1	3	-1	-1	2	-1	1	1	2	2	2	2	2	2	1	2023	-1	-1	-1
NS13917A	2	2	-1	-1	-1	-1	-1	-1	-1	-1	-1	-1	-1	-1	-1	-1	-1	-1	-1	-1	-1	-1	-1	-1	-1	-1
NS13918B	2	2	-1	-1	-1	-1	-1	-1	-1	-1	-1	-1	-1	-1	-1	-1	-1	-1	-1	-1	-1	-1	-1	-1	-1	-1
NS13920M	2	2	-1	-1	-1	-1	-1	-1	-1	-1	-1	-1	-1	-1	-1	-1	-1	-1	-1	-1	-1	-1	-1	-1	-1	-1
NS13929X	1	-1	-1	-1	-1	-1	-1	-1	-1	-1	-1	1	1	-1	-1	-1	-1	-1	-1	-1	-1	-1	-1	-1	-1	-1
NS13930G	2	1	12	2019	2	5	1989	32	3	-1	-1	1	1	-1	-1	-1	-1	-1	-1	-1	-1	-1	-1	-1	-1	-1
NS13931H	2	1	1	2018	2	10	1987	34	1	6	2019	1	1	-1	-1	-1	-1	-1	-1	-1	-1	-1	-1	-1	-1	-1
NS13932J	2	1	4	2019	2	9	1991	31	1	10	2021	1	1	-1	-1	-1	-1	-1	-1	-1	-1	-1	-1	-1	-1	-1
NS13933K	2	2	-1	-1	-1	-1	-1	-1	-1	-1	-1	-1	-1	-1	-1	-1	-1	-1	-1	-1	-1	-1	-1	-1	-1	-1
NS13934L	2	2	-1	-1	-1	-1	-1	-1	-1	-1	-1	-1	-1	-1	-1	-1	-1	-1	-1	-1	-1	-1	-1	-1	-1	-1
NS13938Q	2	1	6	2016	1	9	1989	33	1	8	2018	1	1	-1	-1	-1	-1	-1	-1	-1	-1	-1	-1	-1	-1	-1
NS13941C	1	-1	-1	-1	-1	-1	-1	-1	3	-1	-1	1	1	-1	-1	-1	-1	-1	-1	-1	-1	-1	-1	-1	-1	-1
NS13942D	2	2	-1	-1	-1	-1	-1	-1	-1	-1	-1	-1	-1	-1	-1	-1	-1	-1	-1	-1	-1	-1	-1	-1	-1	-1
NS13945G	2	1	10	2017	1	10	1990	32	3	-1	-1	1	2	-1	-1	-1	-1	-1	-1	-1	-1	4	2020	-1	-1	-1
NS13945G	3	2	-1	-1	-1	-1	-1	-1	-1	-1	-1	-1	-1	-1	-1	-1	-1	-1	-1	-1	-1	-1	-1	-1	-1	-1
NS13947J	2	1	11	2017	1	12	1990	32	3	-1	-1	1	1	-1	-1	-1	-1	-1	-1	-1	-1	-1	-1	-1	-1	-1
NS13948K	2	2	-1	-1	-1	-1	-1	-1	-1	-1	-1	-1	-1	-1	-1	-1	-1	-1	-1	-1	-1	-1	-1	-1	-1	-1
NS13956C	1	-1	-1	-1	-1	-1	-1	-1	3	-1	-1	2	-1	1	1	2	1	2	2	2	2	4	2022	-1	-1	-1
NS13956C	2	2	-1	-1	-1	-1	-1	-1	-1	-1	-1	-1	-1	-1	-1	-1	-1	-1	-1	-1	-1	-1	-1	-1	-1	-1
NS13965W	1	-1	-1	-1	-1	-1	-1	-1	1	10	2018	1	1	-1	-1	-1	-1	-1	-1	-1	-1	-1	-1	-1	-1	-1
NS13969A	2	1	4	2018	2	2	1992	31	1	9	2022	1	1	-1	-1	-1	-1	-1	-1	-1	-1	-1	-1	-1	-1	-1
NS13970K	1	-1	-1	-1	-1	-1	-1	-1	3	-1	-1	1	1	-1	-1	-1	-1	-1	-1	-1	-1	-1	-1	-1	-1	-1
NS13971L	1	-1	-1	-1	-1	-1	-1	-1	3	-1	-1	2	-1	1	1	2	2	2	2	2	2	3	2017	-1	-1	-1
NS13971L	2	2	-1	-1	-1	-1	-1	-1	-1	-1	-1	-1	-1	-1	-1	-1	-1	-1	-1	-1	-1	-1	-1	-1	-1	-1
NS13972M	2	1	1	2020	2	6	1991	30	1	9	2019	1	1	-1	-1	-1	-1	-1	-1	-1	-1	-1	-1	-1	-1	-1
NS13975Q	2	1	6	2018	2	9	1991	31	3	-1	-1	2	-1	1	1	2	2	2	2	2	2	7	2020	-1	-1	-1
NS13975Q	3	1	10	2020	2	7	1992	30	1	8	2022	1	1	-1	-1	-1	-1	-1	-1	-1	-1	-1	-1	-1	-1	-1
NS13976R	2	1	4	2019	1	11	1993	29	1	4	2019	1	1	-1	-1	-1	-1	-1	-1	-1	-1	-1	-1	-1	-1	-1
NS13977S	2	1	2	2019	2	2	1993	29	3	-1	-1	1	1	-1	-1	-1	-1	-1	-1	-1	-1	-1	-1	-1	-1	-1
NS13979V	1	-1	-1	-1	-1	-1	-1	-1	-1	-1	-1	1	1	-1	-1	-1	-1	-1	-1	-1	-1	-1	-1	-1	-1	-1
NS13980E	1	-1	-1	-1	-1	-1	-1	-1	3	-1	-1	1	1	-1	-1	-1	-1	-1	-1	-1	-1	-1	-1	-1	-1	-1
NS13982G	1	-1	-1	-1	-1	-1	-1	-1	3	-1	-1	2	-1	1	2	2	2	2	2	2	1	1	2017	-1	-1	-1
NS13982G	2	2	-1	-1	-1	-1	-1	-1	-1	-1	-1	-1	-1	-1	-1	-1	-1	-1	-1	-1	-1	-1	-1	-1	-1	-1
NS13984J	1	-1	-1	-1	-1	-1	-1	-1	-1	-1	-1	1	1	-1	-1	-1	-1	-1	-1	-1	-1	-1	-1	-1	-1	-1
NS13985K	2	2	-1	-1	-1	-1	-1	-1	-1	-1	-1	-1	-1	-1	-1	-1	-1	-1	-1	-1	-1	-1	-1	-1	-1	-1
NS13988N	2	2	-1	-1	-1	-1	-1	-1	-1	-1	-1	-1	-1	-1	-1	-1	-1	-1	-1	-1	-1	-1	-1	-1	-1	-1
NS13990Z	1	-1	-1	-1	-1	-1	-1	-1	-1	-1	-1	1	1	-1	-1	-1	-1	-1	-1	-1	-1	-1	-1	-1	-1	-1
NS13991A	2	1	8	2016	1	3	1989	33	3	-1	-1	1	1	-1	-1	-1	-1	-1	-1	-1	-1	-1	-1	-1	-1	-1
NS13992B	2	1	5	2017	1	6	1989	33	1	9	2017	1	1	-1	-1	-1	-1	-1	-1	-1	-1	-1	-1	-1	-1	-1
NS13999J	2	1	10	2017	1	7	1991	31	1	10	2017	1	1	-1	-1	-1	-1	-1	-1	-1	-1	-1	-1	-1	-1	-1
NS14003C	2	2	-1	-1	-1	-1	-1	-1	-1	-1	-1	-1	-1	-1	-1	-1	-1	-1	-1	-1	-1	-1	-1	-1	-1	-1
NS14004D	2	2	-1	-1	-1	-1	-1	-1	-1	-1	-1	-1	-1	-1	-1	-1	-1	-1	-1	-1	-1	-1	-1	-1	-1	-1
NS14005E	2	1	2	2018	1	7	1989	32	3	-1	-1	1	1	-1	-1	-1	-1	-1	-1	-1	-1	-1	-1	-1	-1	-1
NS14008H	1	-1	-1	-1	-1	-1	-1	-1	-1	-1	-1	1	1	-1	-1	-1	-1	-1	-1	-1	-1	-1	-1	-1	-1	-1
NS14009J	2	1	10	2018	2	2	1992	30	1	1	2019	1	1	-1	-1	-1	-1	-1	-1	-1	-1	-1	-1	-1	-1	-1
NS14010T	2	2	-1	-1	-1	-1	-1	-1	-1	-1	-1	-1	-1	-1	-1	-1	-1	-1	-1	-1	-1	-1	-1	-1	-1	-1
NS14011V	2	2	-1	-1	-1	-1	-1	-1	-1	-1	-1	-1	-1	-1	-1	-1	-1	-1	-1	-1	-1	-1	-1	-1	-1	-1
NS14012W	2	1	3	2017	1	6	1990	32	1	5	2021	1	1	-1	-1	-1	-1	-1	-1	-1	-1	-1	-1	-1	-1	-1
NS14013X	2	1	9	2018	2	5	1990	32	1	7	2021	1	1	-1	-1	-1	-1	-1	-1	-1	-1	-1	-1	-1	-1	-1
NS14017B	1	-1	-1	-1	-1	-1	-1	-1	1	10	2021	1	1	-1	-1	-1	-1	-1	-1	-1	-1	-1	-1	-1	-1	-1
NS14018C	2	2	-1	-1	-1	-1	-1	-1	-1	-1	-1	-1	-1	-1	-1	-1	-1	-1	-1	-1	-1	-1	-1	-1	-1	-1
NS14020N	2	1	5	2017	1	3	1992	30	3	-1	-1	1	1	-1	-1	-1	-1	-1	-1	-1	-1	-1	-1	-1	-1	-1
NS14021P	2	2	-1	-1	-1	-1	-1	-1	-1	-1	-1	-1	-1	-1	-1	-1	-1	-1	-1	-1	-1	-1	-1	-1	-1	-1
NS14023R	2	2	-1	-1	-1	-1	-1	-1	-1	-1	-1	-1	-1	-1	-1	-1	-1	-1	-1	-1	-1	-1	-1	-1	-1	-1
NS14024S	1	-1	-1	-1	-1	-1	-1	-1	3	-1	-1	2	-1	1	1	1	2	1	2	2	2	6	2017	-1	-1	-1
NS14024S	2	1	1	2018	1	11	1989	33	3	-1	-1	2	-1	1	1	1	1	1	1	2	2	9	2020	-1	-1	-1
NS14024S	3	1	10	2021	1	12	1986	36	3	-1	-1	1	1	-1	-1	-1	-1	-1	-1	-1	-1	-1	-1	-1	-1	-1
NS14025T	1	-1	-1	-1	-1	-1	-1	-1	1	8	2018	1	1	-1	-1	-1	-1	-1	-1	-1	-1	-1	-1	-1	-1	-1
NS14029Y	2	2	-1	-1	-1	-1	-1	-1	-1	-1	-1	-1	-1	-1	-1	-1	-1	-1	-1	-1	-1	-1	-1	-1	-1	-1
NS14032K	2	2	-1	-1	-1	-1	-1	-1	-1	-1	-1	-1	-1	-1	-1	-1	-1	-1	-1	-1	-1	-1	-1	-1	-1	-1
NS14033L	2	2	-1	-1	-1	-1	-1	-1	-1	-1	-1	-1	-1	-1	-1	-1	-1	-1	-1	-1	-1	-1	-1	-1	-1	-1
NS14035N	2	1	8	2014	1	9	1989	33	1	6	2018	1	1	-1	-1	-1	-1	-1	-1	-1	-1	-1	-1	-1	-1	-1
NS14038R	2	1	2	2020	2	5	1991	31	3	-1	-1	1	1	-1	-1	-1	-1	-1	-1	-1	-1	-1	-1	-1	-1	-1
NS14039S	2	1	7	2016	1	9	1985	37	1	6	2019	1	1	-1	-1	-1	-1	-1	-1	-1	-1	-1	-1	-1	-1	-1
NS14040C	2	1	9	2012	1	11	1965	57	1	9	2019	2	-1	3	-1	-1	-1	-1	-1	-1	-1	11	2020	-1	-1	-1
NS14040C	3	2	-1	-1	-1	-1	-1	-1	-1	-1	-1	-1	-1	-1	-1	-1	-1	-1	-1	-1	-1	-1	-1	-1	-1	-1
NS14042E	2	2	-1	-1	-1	-1	-1	-1	-1	-1	-1	-1	-1	-1	-1	-1	-1	-1	-1	-1	-1	-1	-1	-1	-1	-1
NS14044G	2	1	3	2020	2	5	1993	29	3	-1	-1	1	1	-1	-1	-1	-1	-1	-1	-1	-1	-1	-1	-1	-1	-1
NS14050X	1	-1	-1	-1	-1	-1	-1	-1	3	-1	-1	1	1	-1	-1	-1	-1	-1	-1	-1	-1	-1	-1	-1	-1	-1
NS14052Z	2	1	6	2018	1	6	1987	36	3	-1	-1	2	-1	1	1	2	2	2	2	2	2	9	2019	-1	-1	-1
NS14052Z	3	2	-1	-1	-1	-1	-1	-1	-1	-1	-1	-1	-1	-1	-1	-1	-1	-1	-1	-1	-1	-1	-1	-1	-1	-1
NS14053A	1	-1	-1	-1	-1	-1	-1	-1	1	8	2017	1	1	-1	-1	-1	-1	-1	-1	-1	-1	-1	-1	-1	-1	-1
NS14060R	2	1	3	2016	2	5	1993	29	1	7	2018	1	1	-1	-1	-1	-1	-1	-1	-1	-1	-1	-1	-1	-1	-1
NS14062T	1	-1	-1	-1	-1	-1	-1	-1	-1	-1	-1	1	1	-1	-1	-1	-1	-1	-1	-1	-1	-1	-1	-1	-1	-1
NS14064W	2	1	8	2017	1	9	1989	33	3	-1	-1	1	1	-1	-1	-1	-1	-1	-1	-1	-1	-1	-1	-1	-1	-1
NS14066Y	2	2	-1	-1	-1	-1	-1	-1	-1	-1	-1	-1	-1	-1	-1	-1	-1	-1	-1	-1	-1	-1	-1	-1	-1	-1
NS14069B	1	-1	-1	-1	-1	-1	-1	-1	3	-1	-1	2	-1	2	-1	-1	-1	-1	-1	-1	-1	4	2021	-1	-1	-1
NS14069B	2	2	-1	-1	-1	-1	-1	-1	-1	-1	-1	-1	-1	-1	-1	-1	-1	-1	-1	-1	-1	-1	-1	-1	-1	-1
NS14074Q	2	1	11	2017	1	10	1988	34	3	-1	-1	1	1	-1	-1	-1	-1	-1	-1	-1	-1	-1	-1	-1	-1	-1
NS14076S	2	2	-1	-1	-1	-1	-1	-1	-1	-1	-1	-1	-1	-1	-1	-1	-1	-1	-1	-1	-1	-1	-1	-1	-1	-1
NS14079W	2	1	4	2017	1	1	1987	36	3	-1	-1	1	1	-1	-1	-1	-1	-1	-1	-1	-1	-1	-1	-1	-1	-1
NS14084K	1	-1	-1	-1	-1	-1	-1	-1	1	9	2019	1	1	-1	-1	-1	-1	-1	-1	-1	-1	-1	-1	-1	-1	-1
NS14089Q	1	-1	-1	-1	-1	-1	-1	-1	1	10	2017	1	1	-1	-1	-1	-1	-1	-1	-1	-1	-1	-1	-1	-1	-1
NS14090A	2	2	-1	-1	-1	-1	-1	-1	-1	-1	-1	-1	-1	-1	-1	-1	-1	-1	-1	-1	-1	-1	-1	-1	-1	-1
NS14092C	2	2	-1	-1	-1	-1	-1	-1	-1	-1	-1	-1	-1	-1	-1	-1	-1	-1	-1	-1	-1	-1	-1	-1	-1	-1
NS14095F	2	1	8	2014	2	2	1990	32	3	-1	-1	2	-1	1	1	2	2	2	2	2	2	4	2016	-1	-1	-1
NS14095F	3	1	3	2020	2	4	1993	29	3	-1	-1	1	1	-1	-1	-1	-1	-1	-1	-1	-1	-1	-1	-1	-1	-1
NS14097H	1	-1	-1	-1	-1	-1	-1	-1	1	8	2019	1	1	-1	-1	-1	-1	-1	-1	-1	-1	-1	-1	-1	-1	-1
NS14098J	2	2	-1	-1	-1	-1	-1	-1	-1	-1	-1	-1	-1	-1	-1	-1	-1	-1	-1	-1	-1	-1	-1	-1	-1	-1
NS14101C	2	1	6	2019	2	3	1996	26	3	-1	-1	1	1	-1	-1	-1	-1	-1	-1	-1	-1	-1	-1	-1	-1	-1
NS14102D	1	-1	-1	-1	-1	-1	-1	-1	-1	-1	-1	1	1	-1	-1	-1	-1	-1	-1	-1	-1	-1	-1	-1	-1	-1
NS14106H	2	1	-8	2018	2	-9	-9	27	3	-1	-1	2	-1	1	1	2	2	2	2	2	2	-8	2019	-1	-1	-1
NS14106H	3	2	-1	-1	-1	-1	-1	-1	-1	-1	-1	-1	-1	-1	-1	-1	-1	-1	-1	-1	-1	-1	-1	-1	-1	-1
NS14109L	2	2	-1	-1	-1	-1	-1	-1	-1	-1	-1	-1	-1	-1	-1	-1	-1	-1	-1	-1	-1	-1	-1	-1	-1	-1
NS14113Z	1	-1	-1	-1	-1	-1	-1	-1	3	-1	-1	1	1	-1	-1	-1	-1	-1	-1	-1	-1	-1	-1	-1	-1	-1
NS14116C	2	1	1	2020	2	-9	-9	-9	3	-1	-1	1	1	-1	-1	-1	-1	-1	-1	-1	-1	-1	-1	-1	-1	-1
NS14118E	2	1	9	2018	1	9	1991	31	3	-1	-1	1	1	-1	-1	-1	-1	-1	-1	-1	-1	-1	-1	-1	-1	-1
NS14121R	1	-1	-1	-1	-1	-1	-1	-1	1	10	2018	1	1	-1	-1	-1	-1	-1	-1	-1	-1	-1	-1	-1	-1	-1
NS14123T	1	-1	-1	-1	-1	-1	-1	-1	-1	-1	-1	1	1	-1	-1	-1	-1	-1	-1	-1	-1	-1	-1	-1	-1	-1
NS14126X	1	-1	-1	-1	-1	-1	-1	-1	1	8	2019	1	1	-1	-1	-1	-1	-1	-1	-1	-1	-1	-1	-1	-1	-1
NS14127Y	2	2	-1	-1	-1	-1	-1	-1	-1	-1	-1	-1	-1	-1	-1	-1	-1	-1	-1	-1	-1	-1	-1	-1	-1	-1
NS14130K	2	1	6	2019	1	12	1987	34	3	-1	-1	1	1	-1	-1	-1	-1	-1	-1	-1	-1	-1	-1	-1	-1	-1
NS14134P	2	2	-1	-1	-1	-1	-1	-1	-1	-1	-1	-1	-1	-1	-1	-1	-1	-1	-1	-1	-1	-1	-1	-1	-1	-1
NS14135Q	2	1	12	2016	1	9	1979	43	1	12	2016	1	1	-1	-1	-1	-1	-1	-1	-1	-1	-1	-1	-1	-1	-1
NS14136R	2	2	-1	-1	-1	-1	-1	-1	-1	-1	-1	-1	-1	-1	-1	-1	-1	-1	-1	-1	-1	-1	-1	-1	-1	-1
NS14138T	1	-1	-1	-1	-1	-1	-1	-1	3	-1	-1	2	-1	1	1	2	2	2	2	2	2	7	2021	-1	-1	-1
NS14138T	2	2	-1	-1	-1	-1	-1	-1	-1	-1	-1	-1	-1	-1	-1	-1	-1	-1	-1	-1	-1	-1	-1	-1	-1	-1
NS14139V	2	2	-1	-1	-1	-1	-1	-1	-1	-1	-1	-1	-1	-1	-1	-1	-1	-1	-1	-1	-1	-1	-1	-1	-1	-1
NS14143H	2	1	7	2018	2	12	1992	30	1	7	2018	1	1	-1	-1	-1	-1	-1	-1	-1	-1	-1	-1	-1	-1	-1
NS14145K	2	2	-1	-1	-1	-1	-1	-1	-1	-1	-1	-1	-1	-1	-1	-1	-1	-1	-1	-1	-1	-1	-1	-1	-1	-1
NS14148N	2	2	-1	-1	-1	-1	-1	-1	-1	-1	-1	-1	-1	-1	-1	-1	-1	-1	-1	-1	-1	-1	-1	-1	-1	-1
NS14153C	2	1	5	2022	2	9	1989	33	3	-1	-1	1	1	-1	-1	-1	-1	-1	-1	-1	-1	-1	-1	-1	-1	-1
NS14154D	2	2	-1	-1	-1	-1	-1	-1	-1	-1	-1	-1	-1	-1	-1	-1	-1	-1	-1	-1	-1	-1	-1	-1	-1	-1
NS14159J	1	-1	-1	-1	-1	-1	-1	-1	1	3	2017	1	1	-1	-1	-1	-1	-1	-1	-1	-1	-1	-1	-1	-1	-1
NS14160T	2	1	4	2019	2	6	1991	31	3	8	2023	1	1	-1	-1	-1	-1	-1	-1	-1	-1	-1	-1	-1	-1	-1
NS14161V	1	-1	-1	-1	-1	-1	-1	-1	3	-1	-1	1	1	-1	-1	-1	-1	-1	-1	-1	-1	-1	-1	-1	-1	-1
NS14162W	2	1	7	2020	1	8	1991	31	1	7	2020	1	1	-1	-1	-1	-1	-1	-1	-1	-1	-1	-1	-1	-1	-1
NS14165Z	2	1	2	2012	2	6	1991	31	1	5	2022	1	1	-1	-1	-1	-1	-1	-1	-1	-1	-1	-1	-1	-1	-1
NS14166A	1	-1	-1	-1	-1	-1	-1	-1	-1	-1	-1	1	1	-1	-1	-1	-1	-1	-1	-1	-1	-1	-1	-1	-1	-1
NS14169D	2	1	12	2020	1	9	1990	32	3	-1	-1	1	1	-1	-1	-1	-1	-1	-1	-1	-1	-1	-1	-1	-1	-1
NS14171P	2	1	10	2016	1	7	1987	35	1	9	2018	1	1	-1	-1	-1	-1	-1	-1	-1	-1	-1	-1	-1	-1	-1
NS14175T	2	2	-1	-1	-1	-1	-1	-1	-1	-1	-1	-1	-1	-1	-1	-1	-1	-1	-1	-1	-1	-1	-1	-1	-1	-1
NS14179Y	2	2	-1	-1	-1	-1	-1	-1	-1	-1	-1	-1	-1	-1	-1	-1	-1	-1	-1	-1	-1	-1	-1	-1	-1	-1
NS14180H	2	2	-1	-1	-1	-1	-1	-1	-1	-1	-1	-1	-1	-1	-1	-1	-1	-1	-1	-1	-1	-1	-1	-1	-1	-1
NS14186P	1	-1	-1	-1	-1	-1	-1	-1	1	2	2018	1	1	-1	-1	-1	-1	-1	-1	-1	-1	-1	-1	-1	-1	-1
NS14187Q	2	1	7	2015	2	8	1986	36	1	7	2015	1	1	-1	-1	-1	-1	-1	-1	-1	-1	-1	-1	-1	-1	-1
NS14189S	2	1	12	2020	2	-9	-9	33	1	12	2020	1	1	-1	-1	-1	-1	-1	-1	-1	-1	-1	-1	-1	-1	-1
NS14191D	1	-1	-1	-1	-1	-1	-1	-1	-1	-1	-1	2	-1	1	1	2	2	2	2	2	2	5	2021	2	-1	-1
NS14191D	2	2	-1	-1	-1	-1	-1	-1	-1	-1	-1	-1	-1	-1	-1	-1	-1	-1	-1	-1	-1	-1	-1	-1	-1	-1
NS14192E	2	1	7	2013	2	9	1991	31	1	9	2021	1	1	-1	-1	-1	-1	-1	-1	-1	-1	-1	-1	-1	-1	-1
NS14194G	1	-1	-1	-1	-1	-1	-1	-1	3	-1	-1	2	-1	1	1	2	2	2	2	2	2	-9	-9	-1	-1	-1
NS14194G	2	1	-8	-9	1	-9	-9	32	3	-1	-1	1	1	-1	-1	-1	-1	-1	-1	-1	-1	-1	-1	-1	-1	-1
NS14195H	2	1	12	2016	1	11	1987	35	3	-1	-1	2	-1	1	2	1	2	1	2	2	2	1	2022	-1	-1	-1
NS14195H	3	2	-1	-1	-1	-1	-1	-1	-1	-1	-1	-1	-1	-1	-1	-1	-1	-1	-1	-1	-1	-1	-1	-1	-1	-1
NS14196J	2	2	-1	-1	-1	-1	-1	-1	-1	-1	-1	-1	-1	-1	-1	-1	-1	-1	-1	-1	-1	-1	-1	-1	-1	-1
NS14197K	2	2	-1	-1	-1	-1	-1	-1	-1	-1	-1	-1	-1	-1	-1	-1	-1	-1	-1	-1	-1	-1	-1	-1	-1	-1
NS14198L	2	1	2	2018	1	-9	-9	40	3	-1	-1	2	-1	1	1	2	2	2	2	2	2	6	2019	-1	-1	-1
NS14198L	3	1	11	2020	1	-9	-9	40	3	-1	-1	2	-1	1	1	2	2	2	2	2	2	10	2021	-1	-1	-1
NS14198L	4	2	-1	-1	-1	-1	-1	-1	-1	-1	-1	-1	-1	-1	-1	-1	-1	-1	-1	-1	-1	-1	-1	-1	-1	-1
NS14200D	2	1	5	2016	2	10	1990	32	1	11	2017	1	1	-1	-1	-1	-1	-1	-1	-1	-1	-1	-1	-1	-1	-1
NS14205J	2	1	7	2013	1	6	1991	31	3	-1	-1	2	-1	2	-1	-1	-1	-1	-1	-1	-1	3	2018	-1	-1	-1
NS14205J	3	2	-1	-1	-1	-1	-1	-1	-1	-1	-1	-1	-1	-1	-1	-1	-1	-1	-1	-1	-1	-1	-1	-1	-1	-1
NS14208M	1	-1	-1	-1	-1	-1	-1	-1	1	4	2015	2	-1	1	1	2	1	2	2	2	2	2	2017	1	3	2018
NS14208M	2	2	-1	-1	-1	-1	-1	-1	-1	-1	-1	-1	-1	-1	-1	-1	-1	-1	-1	-1	-1	-1	-1	-1	-1	-1
NS14213B	2	1	7	2017	1	12	1990	32	3	-1	-1	1	1	-1	-1	-1	-1	-1	-1	-1	-1	-1	-1	-1	-1	-1
NS14214C	2	2	-1	-1	-1	-1	-1	-1	-1	-1	-1	-1	-1	-1	-1	-1	-1	-1	-1	-1	-1	-1	-1	-1	-1	-1
NS14220S	2	2	-1	-1	-1	-1	-1	-1	-1	-1	-1	-1	-1	-1	-1	-1	-1	-1	-1	-1	-1	-1	-1	-1	-1	-1
NS14223W	2	2	-1	-1	-1	-1	-1	-1	-1	-1	-1	-1	-1	-1	-1	-1	-1	-1	-1	-1	-1	-1	-1	-1	-1	-1
NS14224X	2	1	2	2016	2	-8	-8	26	1	2	2016	1	1	-1	-1	-1	-1	-1	-1	-1	-1	-1	-1	-1	-1	-1
NS14225Y	2	2	-1	-1	-1	-1	-1	-1	-1	-1	-1	-1	-1	-1	-1	-1	-1	-1	-1	-1	-1	-1	-1	-1	-1	-1
NS14227A	2	1	1	2016	1	4	1990	32	3	-1	-1	1	1	-1	-1	-1	-1	-1	-1	-1	-1	-1	-1	-1	-1	-1
NS14228B	2	1	8	2019	1	2	1981	41	3	-1	-1	1	1	-1	-1	-1	-1	-1	-1	-1	-1	-1	-1	-1	-1	-1
NS14229C	2	1	8	2019	2	8	1992	30	3	-1	-1	1	1	-1	-1	-1	-1	-1	-1	-1	-1	-1	-1	-1	-1	-1
NS14234R	2	1	10	2017	1	1	1986	37	1	10	2021	1	1	-1	-1	-1	-1	-1	-1	-1	-1	-1	-1	-1	-1	-1
NS14235S	2	2	-1	-1	-1	-1	-1	-1	-1	-1	-1	-1	-1	-1	-1	-1	-1	-1	-1	-1	-1	-1	-1	-1	-1	-1
NS14237V	2	1	7	2017	1	9	1987	34	1	11	2018	1	1	-1	-1	-1	-1	-1	-1	-1	-1	-1	-1	-1	-1	-1
NS14238W	2	1	3	2020	1	2	1991	31	3	-1	-1	2	-1	1	1	2	1	1	2	2	2	6	2022	-1	-1	-1
NS14238W	3	2	-1	-1	-1	-1	-1	-1	-1	-1	-1	-1	-1	-1	-1	-1	-1	-1	-1	-1	-1	-1	-1	-1	-1	-1
NS14239X	1	-1	-1	-1	-1	-1	-1	-1	1	6	2022	1	1	-1	-1	-1	-1	-1	-1	-1	-1	-1	-1	-1	-1	-1
NS14240G	1	-1	-1	-1	-1	-1	-1	-1	3	-1	-1	1	1	-1	-1	-1	-1	-1	-1	-1	-1	-1	-1	-1	-1	-1
NS14241H	2	1	3	2017	2	10	1990	32	3	-1	-1	1	1	-1	-1	-1	-1	-1	-1	-1	-1	-1	-1	-1	-1	-1
NS14242J	2	1	7	2013	1	12	1991	31	3	-1	-1	1	1	-1	-1	-1	-1	-1	-1	-1	-1	-1	-1	-1	-1	-1
NS14244L	1	-1	-1	-1	-1	-1	-1	-1	3	-1	-1	1	1	-1	-1	-1	-1	-1	-1	-1	-1	-1	-1	-1	-1	-1
NS14246N	2	1	3	2007	1	8	1989	33	3	10	-1	1	1	-1	-1	-1	-1	-1	-1	-1	-1	-1	-1	-1	-1	-1
NS14247P	2	2	-1	-1	-1	-1	-1	-1	-1	-1	-1	-1	-1	-1	-1	-1	-1	-1	-1	-1	-1	-1	-1	-1	-1	-1
NS14252D	1	-1	-1	-1	-1	-1	-1	-1	3	-1	-1	1	1	-1	-1	-1	-1	-1	-1	-1	-1	-1	-1	-1	-1	-1
NS14253E	1	-1	-1	-1	-1	-1	-1	-1	3	-1	-1	2	-1	1	1	2	2	2	2	1	2	7	2018	-1	-1	-1
NS14253E	2	2	-1	-1	-1	-1	-1	-1	-1	-1	-1	-1	-1	-1	-1	-1	-1	-1	-1	-1	-1	-1	-1	-1	-1	-1
NS14254F	2	1	5	2022	2	12	1998	23	3	-1	-1	1	1	-1	-1	-1	-1	-1	-1	-1	-1	-1	-1	-1	-1	-1
NS14255G	2	2	-1	-1	-1	-1	-1	-1	-1	-1	-1	-1	-1	-1	-1	-1	-1	-1	-1	-1	-1	-1	-1	-1	-1	-1
NS14256H	1	-1	-1	-1	-1	-1	-1	-1	1	6	2019	1	1	-1	-1	-1	-1	-1	-1	-1	-1	-1	-1	-1	-1	-1
NS14259L	1	-1	-1	-1	-1	-1	-1	-1	-1	-1	-1	1	1	-1	-1	-1	-1	-1	-1	-1	-1	-1	-1	-1	-1	-1
NS14260W	2	2	-1	-1	-1	-1	-1	-1	-1	-1	-1	-1	-1	-1	-1	-1	-1	-1	-1	-1	-1	-1	-1	-1	-1	-1
NS14261X	2	1	10	2016	1	11	1981	40	1	8	2021	1	1	-1	-1	-1	-1	-1	-1	-1	-1	-1	-1	-1	-1	-1
NS14262Y	1	-1	-1	-1	-1	-1	-1	-1	3	-1	-1	1	1	-1	-1	-1	-1	-1	-1	-1	-1	-1	-1	-1	-1	-1
NS14263Z	1	-1	-1	-1	-1	-1	-1	-1	1	10	2017	2	-1	1	1	2	2	2	2	2	2	12	2019	2	-1	-1
NS14263Z	2	2	-1	-1	-1	-1	-1	-1	-1	-1	-1	-1	-1	-1	-1	-1	-1	-1	-1	-1	-1	-1	-1	-1	-1	-1
NS14264A	2	1	5	2015	2	10	1992	30	3	-1	-1	2	-1	1	1	2	2	2	2	2	2	12	2016	-1	-1	-1
NS14264A	3	2	-1	-1	-1	-1	-1	-1	-1	-1	-1	-1	-1	-1	-1	-1	-1	-1	-1	-1	-1	-1	-1	-1	-1	-1
NS14274V	2	2	-1	-1	-1	-1	-1	-1	-1	-1	-1	-1	-1	-1	-1	-1	-1	-1	-1	-1	-1	-1	-1	-1	-1	-1
NS14277Y	2	1	11	2020	2	8	1995	26	3	-1	-1	1	1	-1	-1	-1	-1	-1	-1	-1	-1	-1	-1	-1	-1	-1
NS14282M	2	1	10	2019	2	3	1987	35	1	6	2022	1	1	-1	-1	-1	-1	-1	-1	-1	-1	-1	-1	-1	-1	-1
NS14283N	2	2	-1	-1	-1	-1	-1	-1	-1	-1	-1	-1	-1	-1	-1	-1	-1	-1	-1	-1	-1	-1	-1	-1	-1	-1
NS14285Q	2	1	9	2013	2	7	1991	31	1	5	2022	1	1	-1	-1	-1	-1	-1	-1	-1	-1	-1	-1	-1	-1	-1
NS14286R	2	1	8	2010	2	8	1989	34	1	7	2011	1	1	-1	-1	-1	-1	-1	-1	-1	-1	-1	-1	-1	-1	-1
NS14287S	2	1	4	2021	1	8	1992	29	3	-1	-1	1	1	-1	-1	-1	-1	-1	-1	-1	-1	-1	-1	-1	-1	-1
NS14295K	2	1	11	2018	1	11	1987	35	3	-1	-1	2	-1	1	1	2	2	2	2	2	2	6	2019	-1	-1	-1
NS14295K	3	2	-1	-1	-1	-1	-1	-1	-1	-1	-1	-1	-1	-1	-1	-1	-1	-1	-1	-1	-1	-1	-1	-1	-1	-1
NS14297M	2	2	-1	-1	-1	-1	-1	-1	-1	-1	-1	-1	-1	-1	-1	-1	-1	-1	-1	-1	-1	-1	-1	-1	-1	-1
NS14298N	2	2	-1	-1	-1	-1	-1	-1	-1	-1	-1	-1	-1	-1	-1	-1	-1	-1	-1	-1	-1	-1	-1	-1	-1	-1
NS14300F	2	1	3	2017	1	11	1989	33	1	5	2019	1	1	-1	-1	-1	-1	-1	-1	-1	-1	-1	-1	-1	-1	-1
NS14301G	1	-1	-1	-1	-1	-1	-1	-1	3	-1	-1	1	1	-1	-1	-1	-1	-1	-1	-1	-1	-1	-1	-1	-1	-1
NS14302H	2	1	8	2017	2	5	1996	26	1	9	2021	1	1	-1	-1	-1	-1	-1	-1	-1	-1	-1	-1	-1	-1	-1
NS14303J	1	-1	-1	-1	-1	-1	-1	-1	1	7	2018	2	-1	1	1	2	2	2	2	2	2	3	2021	2	-1	-1
NS14303J	2	2	-1	-1	-1	-1	-1	-1	-1	-1	-1	-1	-1	-1	-1	-1	-1	-1	-1	-1	-1	-1	-1	-1	-1	-1
NS14304K	1	-1	-1	-1	-1	-1	-1	-1	-1	-1	-1	1	1	-1	-1	-1	-1	-1	-1	-1	-1	-1	-1	-1	-1	-1
NS14306M	1	-1	-1	-1	-1	-1	-1	-1	-1	-1	-1	1	1	-1	-1	-1	-1	-1	-1	-1	-1	-1	-1	-1	-1	-1
NS14308P	2	1	9	2016	2	2	1993	30	1	6	2018	1	1	-1	-1	-1	-1	-1	-1	-1	-1	-1	-1	-1	-1	-1
NS14313D	2	1	3	2018	2	12	1988	34	3	-1	-1	2	-1	2	-1	-1	-1	-1	-1	-1	-1	-8	2022	-1	-1	-1
NS14313D	3	2	-1	-1	-1	-1	-1	-1	-1	-1	-1	-1	-1	-1	-1	-1	-1	-1	-1	-1	-1	-1	-1	-1	-1	-1
NS14315F	2	1	4	2019	1	6	1994	27	1	9	2021	1	1	-1	-1	-1	-1	-1	-1	-1	-1	-1	-1	-1	-1	-1
NS14316G	2	2	-1	-1	-1	-1	-1	-1	-1	-1	-1	-1	-1	-1	-1	-1	-1	-1	-1	-1	-1	-1	-1	-1	-1	-1
NS14322X	2	2	-1	-1	-1	-1	-1	-1	-1	-1	-1	-1	-1	-1	-1	-1	-1	-1	-1	-1	-1	-1	-1	-1	-1	-1
NS14323Y	2	1	1	2022	1	3	1984	39	3	-1	-1	1	1	-1	-1	-1	-1	-1	-1	-1	-1	-1	-1	-1	-1	-1
NS14327C	2	1	5	2020	2	9	1991	30	3	-1	-1	1	1	-1	-1	-1	-1	-1	-1	-1	-1	-1	-1	-1	-1	-1
NS14328D	2	1	2	2019	1	6	1986	36	3	-1	-1	1	1	-1	-1	-1	-1	-1	-1	-1	-1	-1	-1	-1	-1	-1
NS14331Q	2	2	-1	-1	-1	-1	-1	-1	-1	-1	-1	-1	-1	-1	-1	-1	-1	-1	-1	-1	-1	-1	-1	-1	-1	-1
NS14333S	2	2	-1	-1	-1	-1	-1	-1	-1	-1	-1	-1	-1	-1	-1	-1	-1	-1	-1	-1	-1	-1	-1	-1	-1	-1
NS14334T	1	-1	-1	-1	-1	-1	-1	-1	-1	-1	-1	1	1	-1	-1	-1	-1	-1	-1	-1	-1	-1	-1	-1	-1	-1
NS14336W	2	1	11	2019	2	12	1989	33	3	-1	-1	1	1	-1	-1	-1	-1	-1	-1	-1	-1	-1	-1	-1	-1	-1
NS14338Y	2	1	2	2012	2	5	1990	32	1	9	2017	1	1	-1	-1	-1	-1	-1	-1	-1	-1	-1	-1	-1	-1	-1
NS14339Z	1	-1	-1	-1	-1	-1	-1	-1	1	10	2017	1	1	-1	-1	-1	-1	-1	-1	-1	-1	-1	-1	-1	-1	-1
NS14340J	1	-1	-1	-1	-1	-1	-1	-1	1	8	2016	1	1	-1	-1	-1	-1	-1	-1	-1	-1	-1	-1	-1	-1	-1
NS14343M	2	1	4	2017	2	8	1989	33	1	6	2022	1	1	-1	-1	-1	-1	-1	-1	-1	-1	-1	-1	-1	-1	-1
NS14344N	2	2	-1	-1	-1	-1	-1	-1	-1	-1	-1	-1	-1	-1	-1	-1	-1	-1	-1	-1	-1	-1	-1	-1	-1	-1
NS14345P	2	1	10	2017	2	2	1991	32	3	-1	-1	1	1	-1	-1	-1	-1	-1	-1	-1	-1	-1	-1	-1	-1	-1
NS14346Q	2	1	12	2022	1	5	1990	32	3	-1	-1	1	1	-1	-1	-1	-1	-1	-1	-1	-1	-1	-1	-1	-1	-1
NS14347R	1	-1	-1	-1	-1	-1	-1	-1	3	-1	-1	1	1	-1	-1	-1	-1	-1	-1	-1	-1	-1	-1	-1	-1	-1
NS14350D	2	1	9	2015	2	1	1990	32	1	9	2021	1	1	-1	-1	-1	-1	-1	-1	-1	-1	-1	-1	-1	-1	-1
NS14354H	2	1	9	2014	1	2	1987	35	3	-1	-1	2	-1	1	1	2	2	2	2	2	2	9	2014	-1	-1	-1
NS14354H	3	2	-1	-1	-1	-1	-1	-1	-1	-1	-1	-1	-1	-1	-1	-1	-1	-1	-1	-1	-1	-1	-1	-1	-1	-1
NS14356K	1	-1	-1	-1	-1	-1	-1	-1	-1	-1	-1	1	1	-1	-1	-1	-1	-1	-1	-1	-1	-1	-1	-1	-1	-1
NS14358M	2	2	-1	-1	-1	-1	-1	-1	-1	-1	-1	-1	-1	-1	-1	-1	-1	-1	-1	-1	-1	-1	-1	-1	-1	-1
NS14361Z	2	1	9	2017	1	4	1989	33	1	7	2019	1	1	-1	-1	-1	-1	-1	-1	-1	-1	-1	-1	-1	-1	-1
NS14362A	2	1	8	2017	1	11	1990	31	1	8	2017	1	1	-1	-1	-1	-1	-1	-1	-1	-1	-1	-1	-1	-1	-1
NS14365D	1	-1	-1	-1	-1	-1	-1	-1	1	8	2016	1	1	-1	-1	-1	-1	-1	-1	-1	-1	-1	-1	-1	-1	-1
NS14369H	2	2	-1	-1	-1	-1	-1	-1	-1	-1	-1	-1	-1	-1	-1	-1	-1	-1	-1	-1	-1	-1	-1	-1	-1	-1
NS14372V	1	-1	-1	-1	-1	-1	-1	-1	-1	-1	-1	2	-1	1	1	2	2	2	2	2	2	4	2022	1	1	2023
NS14372V	2	2	-1	-1	-1	-1	-1	-1	-1	-1	-1	-1	-1	-1	-1	-1	-1	-1	-1	-1	-1	-1	-1	-1	-1	-1
NS14373W	1	-1	-1	-1	-1	-1	-1	-1	-1	-1	-1	1	1	-1	-1	-1	-1	-1	-1	-1	-1	-1	-1	-1	-1	-1
NS14374X	2	2	-1	-1	-1	-1	-1	-1	-1	-1	-1	-1	-1	-1	-1	-1	-1	-1	-1	-1	-1	-1	-1	-1	-1	-1
NS14375Y	2	2	-1	-1	-1	-1	-1	-1	-1	-1	-1	-1	-1	-1	-1	-1	-1	-1	-1	-1	-1	-1	-1	-1	-1	-1
NS14376Z	1	-1	-1	-1	-1	-1	-1	-1	1	4	2022	1	1	-1	-1	-1	-1	-1	-1	-1	-1	-1	-1	-1	-1	-1
NS14378B	2	2	-1	-1	-1	-1	-1	-1	-1	-1	-1	-1	-1	-1	-1	-1	-1	-1	-1	-1	-1	-1	-1	-1	-1	-1
NS14385S	2	2	-1	-1	-1	-1	-1	-1	-1	-1	-1	-1	-1	-1	-1	-1	-1	-1	-1	-1	-1	-1	-1	-1	-1	-1
NS14386T	1	-1	-1	-1	-1	-1	-1	-1	-1	-1	-1	1	1	-1	-1	-1	-1	-1	-1	-1	-1	-1	-1	-1	-1	-1
NS14392J	2	1	2	2017	2	3	1992	30	3	-1	-1	1	1	-1	-1	-1	-1	-1	-1	-1	-1	-1	-1	-1	-1	-1
NS14393K	2	1	2	2017	1	6	1991	31	3	-1	-1	1	1	-1	-1	-1	-1	-1	-1	-1	-1	-1	-1	-1	-1	-1
NS14396N	1	-1	-1	-1	-1	-1	-1	-1	1	3	2020	1	1	-1	-1	-1	-1	-1	-1	-1	-1	-1	-1	-1	-1	-1
NS14399R	2	2	-1	-1	-1	-1	-1	-1	-1	-1	-1	-1	-1	-1	-1	-1	-1	-1	-1	-1	-1	-1	-1	-1	-1	-1
NS14402K	2	1	11	2020	1	1	1984	39	3	-1	-1	1	1	-1	-1	-1	-1	-1	-1	-1	-1	-1	-1	-1	-1	-1
NS14403L	2	1	6	2016	2	10	1994	28	1	9	2019	1	1	-1	-1	-1	-1	-1	-1	-1	-1	-1	-1	-1	-1	-1
NS14409S	2	1	9	2015	1	8	1984	38	3	-1	-1	2	-1	1	1	2	2	2	2	2	2	7	2020	-1	-1	-1
NS14409S	3	2	-1	-1	-1	-1	-1	-1	-1	-1	-1	-1	-1	-1	-1	-1	-1	-1	-1	-1	-1	-1	-1	-1	-1	-1
NS14410C	2	1	9	2022	1	8	1991	31	3	-1	-1	1	1	-1	-1	-1	-1	-1	-1	-1	-1	-1	-1	-1	-1	-1
NS14411D	2	1	9	2014	1	5	1987	35	3	-1	-1	1	1	-1	-1	-1	-1	-1	-1	-1	-1	-1	-1	-1	-1	-1
NS14412E	2	2	-1	-1	-1	-1	-1	-1	-1	-1	-1	-1	-1	-1	-1	-1	-1	-1	-1	-1	-1	-1	-1	-1	-1	-1
NS14415H	2	1	2	2021	1	2	1991	35	3	-1	-1	1	1	-1	-1	-1	-1	-1	-1	-1	-1	-1	-1	-1	-1	-1
NS14416J	2	2	-1	-1	-1	-1	-1	-1	-1	-1	-1	-1	-1	-1	-1	-1	-1	-1	-1	-1	-1	-1	-1	-1	-1	-1
NS14418L	2	1	9	2018	2	1	1996	26	1	9	2018	1	1	-1	-1	-1	-1	-1	-1	-1	-1	-1	-1	-1	-1	-1
NS14419M	2	1	8	2018	1	8	1987	36	2	12	2015	1	1	-1	-1	-1	-1	-1	-1	-1	-1	-1	-1	-1	-1	-1
NS14421Y	2	1	8	2016	2	8	1989	32	1	4	2017	1	1	-1	-1	-1	-1	-1	-1	-1	-1	-1	-1	-1	-1	-1
NS14423A	2	1	1	2019	2	12	1990	32	3	-1	-1	1	1	-1	-1	-1	-1	-1	-1	-1	-1	-1	-1	-1	-1	-1
NS14426D	2	1	-8	2015	1	4	1990	33	1	7	2014	1	1	-1	-1	-1	-1	-1	-1	-1	-1	-1	-1	-1	-1	-1
NS14427E	1	-1	-1	-1	-1	-1	-1	-1	-1	-1	-1	1	1	-1	-1	-1	-1	-1	-1	-1	-1	-1	-1	-1	-1	-1
NS14428F	2	1	6	2014	2	10	1987	35	1	10	2021	1	1	-1	-1	-1	-1	-1	-1	-1	-1	-1	-1	-1	-1	-1
NS14429G	2	1	11	2016	1	4	1986	36	1	8	2021	1	1	-1	-1	-1	-1	-1	-1	-1	-1	-1	-1	-1	-1	-1
NS14431S	2	2	-1	-1	-1	-1	-1	-1	-1	-1	-1	-1	-1	-1	-1	-1	-1	-1	-1	-1	-1	-1	-1	-1	-1	-1
NS14435X	2	2	-1	-1	-1	-1	-1	-1	-1	-1	-1	-1	-1	-1	-1	-1	-1	-1	-1	-1	-1	-1	-1	-1	-1	-1
NS14436Y	2	1	-9	-9	1	6	1987	35	1	12	2021	1	1	-1	-1	-1	-1	-1	-1	-1	-1	-1	-1	-1	-1	-1
NS14437Z	2	1	-8	-8	2	9	1991	31	1	8	2015	1	1	-1	-1	-1	-1	-1	-1	-1	-1	-1	-1	-1	-1	-1
NS14438A	1	-1	-1	-1	-1	-1	-1	-1	-1	-1	-1	1	1	-1	-1	-1	-1	-1	-1	-1	-1	-1	-1	-1	-1	-1
NS14443P	1	-1	-1	-1	-1	-1	-1	-1	-1	-1	-1	1	1	-1	-1	-1	-1	-1	-1	-1	-1	-1	-1	-1	-1	-1
NS14444Q	2	2	-1	-1	-1	-1	-1	-1	-1	-1	-1	-1	-1	-1	-1	-1	-1	-1	-1	-1	-1	-1	-1	-1	-1	-1
NS14445R	1	-1	-1	-1	-1	-1	-1	-1	1	7	2016	1	1	-1	-1	-1	-1	-1	-1	-1	-1	-1	-1	-1	-1	-1
NS14447T	2	1	5	2019	1	1	1981	41	3	-1	-1	1	1	-1	-1	-1	-1	-1	-1	-1	-1	-1	-1	-1	-1	-1
NS14448V	2	1	1	2011	2	9	1989	33	1	6	2013	1	1	-1	-1	-1	-1	-1	-1	-1	-1	-1	-1	-1	-1	-1
NS14449W	1	-1	-1	-1	-1	-1	-1	-1	3	-1	-1	1	1	-1	-1	-1	-1	-1	-1	-1	-1	-1	-1	-1	-1	-1
NS14453J	2	1	12	2022	1	6	1986	36	3	-1	-1	1	1	-1	-1	-1	-1	-1	-1	-1	-1	-1	-1	-1	-1	-1
NS14455L	2	1	8	2017	1	8	1988	34	3	-1	-1	2	-1	1	1	2	2	2	2	2	2	10	2022	-1	-1	-1
NS14455L	3	2	-1	-1	-1	-1	-1	-1	-1	-1	-1	-1	-1	-1	-1	-1	-1	-1	-1	-1	-1	-1	-1	-1	-1	-1
NS14456M	2	1	10	2018	2	10	1990	32	3	-1	-1	1	1	-1	-1	-1	-1	-1	-1	-1	-1	-1	-1	-1	-1	-1
NS14459Q	2	1	1	2019	-9	3	1989	33	2	1	2010	2	-1	1	2	2	2	2	2	2	1	1	2015	2	-1	-1
NS14459Q	3	2	-1	-1	-1	-1	-1	-1	-1	-1	-1	-1	-1	-1	-1	-1	-1	-1	-1	-1	-1	-1	-1	-1	-1	-1
NS14462C	2	1	5	2019	1	6	1974	47	3	-1	-1	1	1	-1	-1	-1	-1	-1	-1	-1	-1	-1	-1	-1	-1	-1
NS14463D	2	2	-1	-1	-1	-1	-1	-1	-1	-1	-1	-1	-1	-1	-1	-1	-1	-1	-1	-1	-1	-1	-1	-1	-1	-1
NS14464E	2	2	-1	-1	-1	-1	-1	-1	-1	-1	-1	-1	-1	-1	-1	-1	-1	-1	-1	-1	-1	-1	-1	-1	-1	-1
NS14465F	2	1	10	2018	2	9	1992	29	3	-1	-1	1	1	-1	-1	-1	-1	-1	-1	-1	-1	-1	-1	-1	-1	-1
NS14468J	2	1	5	2017	1	4	1992	30	1	9	2018	1	1	-1	-1	-1	-1	-1	-1	-1	-1	-1	-1	-1	-1	-1
NS14469K	1	-1	-1	-1	-1	-1	-1	-1	1	3	2017	1	1	-1	-1	-1	-1	-1	-1	-1	-1	-1	-1	-1	-1	-1
NS14471W	2	1	11	2012	1	8	1990	31	3	-1	-1	1	1	-1	-1	-1	-1	-1	-1	-1	-1	-1	-1	-1	-1	-1
NS14473Y	2	2	-1	-1	-1	-1	-1	-1	-1	-1	-1	-1	-1	-1	-1	-1	-1	-1	-1	-1	-1	-1	-1	-1	-1	-1
NS14474Z	1	-1	-1	-1	-1	-1	-1	-1	3	-1	-1	1	1	-1	-1	-1	-1	-1	-1	-1	-1	-1	-1	-1	-1	-1
NS14475A	1	-1	-1	-1	-1	-1	-1	-1	-1	-1	-1	1	1	-1	-1	-1	-1	-1	-1	-1	-1	-1	-1	-1	-1	-1
NS14479E	2	1	6	2020	2	10	1997	25	3	-1	-1	1	1	-1	-1	-1	-1	-1	-1	-1	-1	-1	-1	-1	-1	-1
NS14480P	2	2	-1	-1	-1	-1	-1	-1	-1	-1	-1	-1	-1	-1	-1	-1	-1	-1	-1	-1	-1	-1	-1	-1	-1	-1
NS14481Q	1	-1	-1	-1	-1	-1	-1	-1	-1	-1	-1	1	1	-1	-1	-1	-1	-1	-1	-1	-1	-1	-1	-1	-1	-1
NS14493M	1	-1	-1	-1	-1	-1	-1	-1	1	7	2016	1	1	-1	-1	-1	-1	-1	-1	-1	-1	-1	-1	-1	-1	-1
NS14496Q	1	-1	-1	-1	-1	-1	-1	-1	3	-1	-1	1	2	-1	-1	-1	-1	-1	-1	-1	-1	9	2017	-1	-1	-1
NS14496Q	2	1	6	2021	1	1	1990	32	3	-1	-1	1	1	-1	-1	-1	-1	-1	-1	-1	-1	-1	-1	-1	-1	-1
NS14499T	1	-1	-1	-1	-1	-1	-1	-1	-1	-1	-1	1	1	-1	-1	-1	-1	-1	-1	-1	-1	-1	-1	-1	-1	-1
NS14501L	2	1	4	2010	2	5	1985	37	3	-1	-1	2	-1	1	1	2	2	2	2	2	2	9	2015	-1	-1	-1
NS14501L	3	2	-1	-1	-1	-1	-1	-1	-1	-1	-1	-1	-1	-1	-1	-1	-1	-1	-1	-1	-1	-1	-1	-1	-1	-1
NS14502M	2	1	7	2013	1	9	1988	33	1	2	2022	1	1	-1	-1	-1	-1	-1	-1	-1	-1	-1	-1	-1	-1	-1
NS14505Q	2	1	3	2012	1	12	1985	37	1	5	2017	1	1	-1	-1	-1	-1	-1	-1	-1	-1	-1	-1	-1	-1	-1
NS14508T	1	-1	-1	-1	-1	-1	-1	-1	-1	-1	-1	2	-1	1	1	2	2	2	2	2	2	11	2017	1	7	2018
NS14508T	2	1	8	2018	2	2	1988	34	1	5	2022	1	1	-1	-1	-1	-1	-1	-1	-1	-1	-1	-1	-1	-1	-1
NS14509V	2	1	4	2017	1	8	1990	33	3	-1	-1	2	-1	1	1	2	2	2	1	2	2	1	2021	-1	-1	-1
NS14509V	3	2	-1	-1	-1	-1	-1	-1	-1	-1	-1	-1	-1	-1	-1	-1	-1	-1	-1	-1	-1	-1	-1	-1	-1	-1
NS14510E	2	2	-1	-1	-1	-1	-1	-1	-1	-1	-1	-1	-1	-1	-1	-1	-1	-1	-1	-1	-1	-1	-1	-1	-1	-1
NS14511F	2	2	-1	-1	-1	-1	-1	-1	-1	-1	-1	-1	-1	-1	-1	-1	-1	-1	-1	-1	-1	-1	-1	-1	-1	-1
NS14513H	2	2	-1	-1	-1	-1	-1	-1	-1	-1	-1	-1	-1	-1	-1	-1	-1	-1	-1	-1	-1	-1	-1	-1	-1	-1
NS14514J	2	1	5	2013	2	10	1993	29	2	2	2012	1	1	-1	-1	-1	-1	-1	-1	-1	-1	-1	-1	-1	-1	-1
NS14517M	2	2	-1	-1	-1	-1	-1	-1	-1	-1	-1	-1	-1	-1	-1	-1	-1	-1	-1	-1	-1	-1	-1	-1	-1	-1
NS14518N	2	1	4	2021	2	7	1991	31	3	-1	-1	1	1	-1	-1	-1	-1	-1	-1	-1	-1	-1	-1	-1	-1	-1
NS14521A	2	2	-1	-1	-1	-1	-1	-1	-1	-1	-1	-1	-1	-1	-1	-1	-1	-1	-1	-1	-1	-1	-1	-1	-1	-1
NS14524D	1	-1	-1	-1	-1	-1	-1	-1	3	-1	-1	1	1	-1	-1	-1	-1	-1	-1	-1	-1	-1	-1	-1	-1	-1
NS14525E	2	2	-1	-1	-1	-1	-1	-1	-1	-1	-1	-1	-1	-1	-1	-1	-1	-1	-1	-1	-1	-1	-1	-1	-1	-1
NS14526F	1	-1	-1	-1	-1	-1	-1	-1	-1	-1	-1	2	-1	1	1	2	1	2	2	2	2	6	2017	1	1	2018
NS14526F	2	1	5	2020	1	12	-9	-9	3	-1	-1	1	2	-1	-1	-1	-1	-1	-1	-1	-1	8	2021	-1	-1	-1
NS14526F	3	2	-1	-1	-1	-1	-1	-1	-1	-1	-1	-1	-1	-1	-1	-1	-1	-1	-1	-1	-1	-1	-1	-1	-1	-1
NS14527G	1	-1	-1	-1	-1	-1	-1	-1	-1	-1	-1	1	1	-1	-1	-1	-1	-1	-1	-1	-1	-1	-1	-1	-1	-1
NS14527G	2	2	-1	-1	-1	-1	-1	-1	-1	-1	-1	-1	-1	-1	-1	-1	-1	-1	-1	-1	-1	-1	-1	-1	-1	-1
NS14529J	1	-1	-1	-1	-1	-1	-1	-1	3	-1	-1	1	1	-1	-1	-1	-1	-1	-1	-1	-1	-1	-1	-1	-1	-1
NS14531V	2	1	5	2020	1	2	1990	33	3	-1	-1	2	-1	1	1	2	2	2	2	2	2	10	2020	-1	-1	-1
NS14531V	3	2	-1	-1	-1	-1	-1	-1	-1	-1	-1	-1	-1	-1	-1	-1	-1	-1	-1	-1	-1	-1	-1	-1	-1	-1
NS14542Q	1	-1	-1	-1	-1	-1	-1	-1	1	8	2018	1	1	-1	-1	-1	-1	-1	-1	-1	-1	-1	-1	-1	-1	-1
NS14545T	2	1	3	2020	1	9	1995	27	3	-1	-1	1	1	-1	-1	-1	-1	-1	-1	-1	-1	-1	-1	-1	-1	-1
NS14547W	1	-1	-1	-1	-1	-1	-1	-1	3	-1	-1	1	1	-1	-1	-1	-1	-1	-1	-1	-1	-1	-1	-1	-1	-1
NS14549Y	1	-1	-1	-1	-1	-1	-1	-1	3	-1	-1	1	1	-1	-1	-1	-1	-1	-1	-1	-1	-1	-1	-1	-1	-1
NS14550H	1	-1	-1	-1	-1	-1	-1	-1	3	-1	-1	2	-1	1	1	2	2	2	2	2	2	9	2017	-1	-1	-1
NS14550H	2	2	-1	-1	-1	-1	-1	-1	-1	-1	-1	-1	-1	-1	-1	-1	-1	-1	-1	-1	-1	-1	-1	-1	-1	-1
NS14557Q	2	2	-1	-1	-1	-1	-1	-1	-1	-1	-1	-1	-1	-1	-1	-1	-1	-1	-1	-1	-1	-1	-1	-1	-1	-1
NS14559S	2	2	-1	-1	-1	-1	-1	-1	-1	-1	-1	-1	-1	-1	-1	-1	-1	-1	-1	-1	-1	-1	-1	-1	-1	-1
NS14560C	2	1	1	2017	2	10	1994	28	3	-1	-1	1	1	-1	-1	-1	-1	-1	-1	-1	-1	-1	-1	-1	-1	-1
NS14563F	1	-1	-1	-1	-1	-1	-1	-1	1	8	2021	1	1	-1	-1	-1	-1	-1	-1	-1	-1	-1	-1	-1	-1	-1
NS14564G	2	2	-1	-1	-1	-1	-1	-1	-1	-1	-1	-1	-1	-1	-1	-1	-1	-1	-1	-1	-1	-1	-1	-1	-1	-1
NS14566J	1	-1	-1	-1	-1	-1	-1	-1	-1	-1	-1	1	1	-1	-1	-1	-1	-1	-1	-1	-1	-1	-1	-1	-1	-1
NS14569M	2	2	-1	-1	-1	-1	-1	-1	-1	-1	-1	-1	-1	-1	-1	-1	-1	-1	-1	-1	-1	-1	-1	-1	-1	-1
NS14570X	2	2	-1	-1	-1	-1	-1	-1	-1	-1	-1	-1	-1	-1	-1	-1	-1	-1	-1	-1	-1	-1	-1	-1	-1	-1
NS14571Y	2	1	1	2017	1	2	1975	47	1	4	2019	1	1	-1	-1	-1	-1	-1	-1	-1	-1	-1	-1	-1	-1	-1
NS14573A	2	1	4	2015	1	8	1983	39	1	6	2019	1	1	-1	-1	-1	-1	-1	-1	-1	-1	-1	-1	-1	-1	-1
NS14574B	2	2	-1	-1	-1	-1	-1	-1	-1	-1	-1	-1	-1	-1	-1	-1	-1	-1	-1	-1	-1	-1	-1	-1	-1	-1
NS14577E	2	1	5	2014	2	11	1992	30	3	-1	-1	1	1	-1	-1	-1	-1	-1	-1	-1	-1	-1	-1	-1	-1	-1
NS14578F	1	-1	-1	-1	-1	-1	-1	-1	-1	-1	-1	1	1	-1	-1	-1	-1	-1	-1	-1	-1	-1	-1	-1	-1	-1
NS14581S	1	-1	-1	-1	-1	-1	-1	-1	1	7	2022	1	1	-1	-1	-1	-1	-1	-1	-1	-1	-1	-1	-1	-1	-1
NS14584W	1	-1	-1	-1	-1	-1	-1	-1	-1	-1	-1	1	1	-1	-1	-1	-1	-1	-1	-1	-1	-1	-1	-1	-1	-1
NS14585X	2	1	5	2016	2	10	1991	31	3	-1	-1	1	1	-1	-1	-1	-1	-1	-1	-1	-1	-1	-1	-1	-1	-1
NS14586Y	2	1	8	2010	2	4	1987	35	1	4	2012	2	-1	1	1	2	2	2	2	2	2	3	2021	1	1	2023
NS14586Y	3	2	-1	-1	-1	-1	-1	-1	-1	-1	-1	-1	-1	-1	-1	-1	-1	-1	-1	-1	-1	-1	-1	-1	-1	-1
NS14587Z	2	1	9	2018	1	9	1975	47	3	-1	-1	1	1	-1	-1	-1	-1	-1	-1	-1	-1	-1	-1	-1	-1	-1
NS14589B	2	1	7	2015	2	12	1989	32	1	6	2017	1	1	-1	-1	-1	-1	-1	-1	-1	-1	-1	-1	-1	-1	-1
NS14592N	2	2	-1	-1	-1	-1	-1	-1	-1	-1	-1	-1	-1	-1	-1	-1	-1	-1	-1	-1	-1	-1	-1	-1	-1	-1
NS14593P	2	1	9	2019	2	1	1994	29	2	1	2018	1	1	-1	-1	-1	-1	-1	-1	-1	-1	-1	-1	-1	-1	-1
NS14595R	2	2	-1	-1	-1	-1	-1	-1	-1	-1	-1	-1	-1	-1	-1	-1	-1	-1	-1	-1	-1	-1	-1	-1	-1	-1
NS14596S	2	1	1	2009	1	9	1987	35	1	8	2013	1	1	-1	-1	-1	-1	-1	-1	-1	-1	-1	-1	-1	-1	-1
NS14597T	1	-1	-1	-1	-1	-1	-1	-1	-1	-1	-1	2	-1	1	1	2	2	1	1	2	2	10	2018	1	2	2019
NS14597T	2	1	1	2020	1	9	1979	42	3	-1	-1	1	1	-1	-1	-1	-1	-1	-1	-1	-1	-1	-1	-1	-1	-1
NS14598V	2	2	-1	-1	-1	-1	-1	-1	-1	-1	-1	-1	-1	-1	-1	-1	-1	-1	-1	-1	-1	-1	-1	-1	-1	-1
NS14600M	2	1	4	2009	2	2	1990	33	3	-1	-1	2	-1	1	1	2	2	2	2	2	2	10	2008	-1	-1	-1
NS14600M	3	2	-1	-1	-1	-1	-1	-1	-1	-1	-1	-1	-1	-1	-1	-1	-1	-1	-1	-1	-1	-1	-1	-1	-1	-1
NS14602P	2	1	3	2022	1	4	1983	39	1	3	2022	2	-1	1	1	2	2	2	2	2	2	2	2023	1	3	2023
NS14602P	3	2	-1	-1	-1	-1	-1	-1	-1	-1	-1	-1	-1	-1	-1	-1	-1	-1	-1	-1	-1	-1	-1	-1	-1	-1
NS14603Q	2	2	-1	-1	-1	-1	-1	-1	-1	-1	-1	-1	-1	-1	-1	-1	-1	-1	-1	-1	-1	-1	-1	-1	-1	-1
NS14605S	2	1	1	2016	2	11	1989	32	1	9	2019	1	1	-1	-1	-1	-1	-1	-1	-1	-1	-1	-1	-1	-1	-1
NS14612J	2	2	-1	-1	-1	-1	-1	-1	-1	-1	-1	-1	-1	-1	-1	-1	-1	-1	-1	-1	-1	-1	-1	-1	-1	-1
NS14613K	1	-1	-1	-1	-1	-1	-1	-1	1	12	2019	1	1	-1	-1	-1	-1	-1	-1	-1	-1	-1	-1	-1	-1	-1
NS14617P	1	-1	-1	-1	-1	-1	-1	-1	-1	-1	-1	1	1	-1	-1	-1	-1	-1	-1	-1	-1	-1	-1	-1	-1	-1
NS14624F	1	-1	-1	-1	-1	-1	-1	-1	1	11	2016	1	1	-1	-1	-1	-1	-1	-1	-1	-1	-1	-1	-1	-1	-1
NS14625G	2	2	-1	-1	-1	-1	-1	-1	-1	-1	-1	-1	-1	-1	-1	-1	-1	-1	-1	-1	-1	-1	-1	-1	-1	-1
NS14626H	2	2	-1	-1	-1	-1	-1	-1	-1	-1	-1	-1	-1	-1	-1	-1	-1	-1	-1	-1	-1	-1	-1	-1	-1	-1
NS14638E	2	1	8	2021	1	-9	-9	-9	2	8	2021	1	1	-1	-1	-1	-1	-1	-1	-1	-1	-1	-1	-1	-1	-1
NS14640Q	2	1	11	2021	1	-9	-9	29	3	-1	-1	1	1	-1	-1	-1	-1	-1	-1	-1	-1	-1	-1	-1	-1	-1
NS14641R	1	-1	-1	-1	-1	-1	-1	-1	1	7	2019	1	1	-1	-1	-1	-1	-1	-1	-1	-1	-1	-1	-1	-1	-1
NS14642S	1	-1	-1	-1	-1	-1	-1	-1	3	-1	-1	2	-1	1	1	2	2	2	2	2	2	3	2017	-1	-1	-1
NS14642S	2	2	-1	-1	-1	-1	-1	-1	-1	-1	-1	-1	-1	-1	-1	-1	-1	-1	-1	-1	-1	-1	-1	-1	-1	-1
NS14646X	2	1	6	2017	2	6	1995	28	1	6	2023	1	1	-1	-1	-1	-1	-1	-1	-1	-1	-1	-1	-1	-1	-1
NS14652M	1	-1	-1	-1	-1	-1	-1	-1	1	5	2017	1	1	-1	-1	-1	-1	-1	-1	-1	-1	-1	-1	-1	-1	-1
NS14655Q	2	1	1	2016	2	3	1988	34	1	11	2018	1	1	-1	-1	-1	-1	-1	-1	-1	-1	-1	-1	-1	-1	-1
NS14656R	1	-1	-1	-1	-1	-1	-1	-1	-1	-1	-1	1	1	-1	-1	-1	-1	-1	-1	-1	-1	-1	-1	-1	-1	-1
NS14658T	2	1	2	2023	2	11	1988	34	3	-1	-1	1	1	-1	-1	-1	-1	-1	-1	-1	-1	-1	-1	-1	-1	-1
NS14662G	1	-1	-1	-1	-1	-1	-1	-1	1	7	2018	1	1	-1	-1	-1	-1	-1	-1	-1	-1	-1	-1	-1	-1	-1
NS14663H	2	2	-1	-1	-1	-1	-1	-1	-1	-1	-1	-1	-1	-1	-1	-1	-1	-1	-1	-1	-1	-1	-1	-1	-1	-1
NS14664J	2	2	-1	-1	-1	-1	-1	-1	-1	-1	-1	-1	-1	-1	-1	-1	-1	-1	-1	-1	-1	-1	-1	-1	-1	-1
NS14666L	1	-1	-1	-1	-1	-1	-1	-1	-1	-1	-1	2	-1	1	1	2	2	2	2	2	2	5	2017	1	9	2018
NS14666L	2	1	12	2017	1	9	1989	32	1	1	2021	1	1	-1	-1	-1	-1	-1	-1	-1	-1	-1	-1	-1	-1	-1
NS14667M	2	1	6	2016	2	6	1994	28	1	8	2021	1	1	-1	-1	-1	-1	-1	-1	-1	-1	-1	-1	-1	-1	-1
NS14668N	2	2	-1	-1	-1	-1	-1	-1	-1	-1	-1	-1	-1	-1	-1	-1	-1	-1	-1	-1	-1	-1	-1	-1	-1	-1
NS14669P	1	-1	-1	-1	-1	-1	-1	-1	-1	-1	-1	1	1	-1	-1	-1	-1	-1	-1	-1	-1	-1	-1	-1	-1	-1
NS14672B	2	1	8	2012	2	7	1992	30	1	8	2012	1	1	-1	-1	-1	-1	-1	-1	-1	-1	-1	-1	-1	-1	-1
NS14674D	2	1	1	2018	2	5	1990	32	3	-1	-1	1	1	1	1	2	2	2	2	2	2	-1	-1	-1	-1	-1
NS14677G	1	-1	-1	-1	-1	-1	-1	-1	3	-1	-1	2	-1	3	-1	-1	-1	-1	-1	-1	-1	6	2021	-1	-1	-1
NS14677G	2	2	-1	-1	-1	-1	-1	-1	-1	-1	-1	-1	-1	-1	-1	-1	-1	-1	-1	-1	-1	-1	-1	-1	-1	-1
NS14678H	2	2	-1	-1	-1	-1	-1	-1	-1	-1	-1	-1	-1	-1	-1	-1	-1	-1	-1	-1	-1	-1	-1	-1	-1	-1
NS14682W	2	1	7	2018	1	8	1980	41	1	10	2019	1	1	-1	-1	-1	-1	-1	-1	-1	-1	-1	-1	-1	-1	-1
NS14685Z	2	1	7	2014	2	4	1985	37	1	11	2017	1	1	-1	-1	-1	-1	-1	-1	-1	-1	-1	-1	-1	-1	-1
NS14686A	1	-1	-1	-1	-1	-1	-1	-1	1	10	2017	1	1	-1	-1	-1	-1	-1	-1	-1	-1	-1	-1	-1	-1	-1
NS14687B	2	1	5	2018	2	5	1993	29	1	1	2020	1	1	-1	-1	-1	-1	-1	-1	-1	-1	-1	-1	-1	-1	-1
NS14689D	1	-1	-1	-1	-1	-1	-1	-1	1	12	2015	1	1	-1	-1	-1	-1	-1	-1	-1	-1	-1	-1	-1	-1	-1
NS14690N	2	1	6	2006	-9	4	1990	32	3	-1	-1	2	-1	1	1	1	2	2	2	2	2	2	-9	-1	-1	-1
NS14690N	3	2	-1	-1	-1	-1	-1	-1	-1	-1	-1	-1	-1	-1	-1	-1	-1	-1	-1	-1	-1	-1	-1	-1	-1	-1
NS14691P	2	1	1	2022	2	12	1988	34	3	-1	-1	1	1	-1	-1	-1	-1	-1	-1	-1	-1	-1	-1	-1	-1	-1
NS14692Q	2	1	4	2018	2	7	1993	29	1	4	2018	1	1	-1	-1	-1	-1	-1	-1	-1	-1	-1	-1	-1	-1	-1
NS14694S	1	-1	-1	-1	-1	-1	-1	-1	3	9	2023	1	1	-1	-1	-1	-1	-1	-1	-1	-1	-1	-1	-1	-1	-1
NS14695T	1	-1	-1	-1	-1	-1	-1	-1	1	5	2022	1	1	-1	-1	-1	-1	-1	-1	-1	-1	-1	-1	-1	-1	-1
NS14697W	2	1	6	2010	1	5	1990	31	2	1	2011	1	1	-1	-1	-1	-1	-1	-1	-1	-1	-1	-1	-1	-1	-1
NS14698X	1	-1	-1	-1	-1	-1	-1	-1	3	-1	-1	2	-1	1	2	2	2	2	1	2	2	10	2020	-1	-1	-1
NS14698X	2	2	-1	-1	-1	-1	-1	-1	-1	-1	-1	-1	-1	-1	-1	-1	-1	-1	-1	-1	-1	-1	-1	-1	-1	-1
NS14701Q	2	2	-1	-1	-1	-1	-1	-1	-1	-1	-1	-1	-1	-1	-1	-1	-1	-1	-1	-1	-1	-1	-1	-1	-1	-1
NS14702R	2	1	6	2019	2	2	1992	30	1	12	2022	1	1	-1	-1	-1	-1	-1	-1	-1	-1	-1	-1	-1	-1	-1
NS14703S	2	1	2	2022	2	12	1994	28	1	2	2022	1	1	-1	-1	-1	-1	-1	-1	-1	-1	-1	-1	-1	-1	-1
NS14704T	1	-1	-1	-1	-1	-1	-1	-1	1	3	2016	1	1	-1	-1	-1	-1	-1	-1	-1	-1	-1	-1	-1	-1	-1
NS14705V	2	1	3	2018	2	4	2004	18	3	-1	-1	1	1	-1	-1	-1	-1	-1	-1	-1	-1	-1	-1	-1	-1	-1
NS14706W	1	-1	-1	-1	-1	-1	-1	-1	1	9	2019	1	1	-1	-1	-1	-1	-1	-1	-1	-1	-1	-1	-1	-1	-1
NS14707X	2	2	-1	-1	-1	-1	-1	-1	-1	-1	-1	-1	-1	-1	-1	-1	-1	-1	-1	-1	-1	-1	-1	-1	-1	-1
NS14710J	1	-1	-1	-1	-1	-1	-1	-1	-1	-1	-1	2	-1	1	1	2	2	2	2	2	2	1	2019	2	-1	-1
NS14710J	2	1	8	2020	2	8	1996	26	-1	-1	-1	2	-1	1	1	2	2	2	2	2	2	9	2022	-1	-1	-1
NS14710J	3	2	-1	-1	-1	-1	-1	-1	-1	-1	-1	-1	-1	-1	-1	-1	-1	-1	-1	-1	-1	-1	-1	-1	-1	-1
NS14711K	2	1	8	2016	2	7	1990	32	1	9	2021	1	1	-1	-1	-1	-1	-1	-1	-1	-1	-1	-1	-1	-1	-1
NS14712L	1	-1	-1	-1	-1	-1	-1	-1	3	-1	-1	1	1	-1	-1	-1	-1	-1	-1	-1	-1	-1	-1	-1	-1	-1
NS14713M	2	2	-1	-1	-1	-1	-1	-1	-1	-1	-1	-1	-1	-1	-1	-1	-1	-1	-1	-1	-1	-1	-1	-1	-1	-1
NS14715P	2	2	-1	-1	-1	-1	-1	-1	-1	-1	-1	-1	-1	-1	-1	-1	-1	-1	-1	-1	-1	-1	-1	-1	-1	-1
NS14716Q	1	-1	-1	-1	-1	-1	-1	-1	1	5	2015	1	1	-1	-1	-1	-1	-1	-1	-1	-1	-1	-1	-1	-1	-1
NS14720D	2	1	6	2014	1	8	1988	34	1	3	2018	1	1	-1	-1	-1	-1	-1	-1	-1	-1	-1	-1	-1	-1	-1
NS14722F	1	-1	-1	-1	-1	-1	-1	-1	3	-1	-1	1	1	-1	-1	-1	-1	-1	-1	-1	-1	-1	-1	-1	-1	-1
NS14724H	2	2	-1	-1	-1	-1	-1	-1	-1	-1	-1	-1	-1	-1	-1	-1	-1	-1	-1	-1	-1	-1	-1	-1	-1	-1
NS14725J	2	1	8	2016	1	2	1990	32	1	8	2014	1	1	-1	-1	-1	-1	-1	-1	-1	-1	-1	-1	-1	-1	-1
NS14726K	2	1	10	2015	2	12	1985	37	1	3	2019	1	1	-1	-1	-1	-1	-1	-1	-1	-1	-1	-1	-1	-1	-1
NS14730Y	1	-1	-1	-1	-1	-1	-1	-1	3	-1	-1	2	-1	1	1	2	2	2	2	2	2	7	2017	-1	-1	-1
NS14730Y	2	2	-1	-1	-1	-1	-1	-1	-1	-1	-1	-1	-1	-1	-1	-1	-1	-1	-1	-1	-1	-1	-1	-1	-1	-1
NS14731Z	2	1	8	2017	2	2	1994	28	1	8	2017	1	1	-1	-1	-1	-1	-1	-1	-1	-1	-1	-1	-1	-1	-1
NS14736E	2	1	5	2021	1	1	1984	38	1	9	2022	1	1	-1	-1	-1	-1	-1	-1	-1	-1	-1	-1	-1	-1	-1
NS14737F	1	-1	-1	-1	-1	-1	-1	-1	3	-1	-1	2	-1	1	1	2	2	2	2	2	2	11	2016	-1	-1	-1
NS14737F	2	1	3	2020	2	5	1993	28	3	-1	-1	1	1	-1	-1	-1	-1	-1	-1	-1	-1	-1	-1	-1	-1	-1
NS14738G	2	2	-1	-1	-1	-1	-1	-1	-1	-1	-1	-1	-1	-1	-1	-1	-1	-1	-1	-1	-1	-1	-1	-1	-1	-1
NS14744X	2	1	6	2019	2	1	1993	29	3	-1	-1	2	-1	1	1	2	2	2	2	2	2	2	2020	-1	-1	-1
NS14744X	3	2	-1	-1	-1	-1	-1	-1	-1	-1	-1	-1	-1	-1	-1	-1	-1	-1	-1	-1	-1	-1	-1	-1	-1	-1
NS14746Z	2	2	-1	-1	-1	-1	-1	-1	-1	-1	-1	-1	-1	-1	-1	-1	-1	-1	-1	-1	-1	-1	-1	-1	-1	-1
NS14748B	2	2	-1	-1	-1	-1	-1	-1	-1	-1	-1	-1	-1	-1	-1	-1	-1	-1	-1	-1	-1	-1	-1	-1	-1	-1
NS14749C	1	-1	-1	-1	-1	-1	-1	-1	3	-1	-1	2	-1	1	1	2	2	2	2	2	2	2	2017	-1	-1	-1
NS14749C	2	1	1	2021	1	5	1989	33	3	-1	-1	2	-1	1	1	2	2	2	2	2	2	1	2023	-1	-1	-1
NS14749C	3	2	-1	-1	-1	-1	-1	-1	-1	-1	-1	-1	-1	-1	-1	-1	-1	-1	-1	-1	-1	-1	-1	-1	-1	-1
NS14750M	2	2	-1	-1	-1	-1	-1	-1	-1	-1	-1	-1	-1	-1	-1	-1	-1	-1	-1	-1	-1	-1	-1	-1	-1	-1
NS14755S	2	1	12	2016	1	7	1986	36	1	8	2020	1	1	-1	-1	-1	-1	-1	-1	-1	-1	-1	-1	-1	-1	-1
NS14758W	1	-1	-1	-1	-1	-1	-1	-1	3	-1	-1	1	1	-1	-1	-1	-1	-1	-1	-1	-1	-1	-1	-1	-1	-1
NS14759X	2	2	-1	-1	-1	-1	-1	-1	-1	-1	-1	-1	-1	-1	-1	-1	-1	-1	-1	-1	-1	-1	-1	-1	-1	-1
NS14763K	2	2	-1	-1	-1	-1	-1	-1	-1	-1	-1	-1	-1	-1	-1	-1	-1	-1	-1	-1	-1	-1	-1	-1	-1	-1
NS14766N	2	2	-1	-1	-1	-1	-1	-1	-1	-1	-1	-1	-1	-1	-1	-1	-1	-1	-1	-1	-1	-1	-1	-1	-1	-1
NS14767P	1	-1	-1	-1	-1	-1	-1	-1	1	12	2016	1	1	-1	-1	-1	-1	-1	-1	-1	-1	-1	-1	-1	-1	-1
NS14770B	2	2	-1	-1	-1	-1	-1	-1	-1	-1	-1	-1	-1	-1	-1	-1	-1	-1	-1	-1	-1	-1	-1	-1	-1	-1
NS14772D	2	1	2	2020	2	12	1984	38	3	-1	-1	1	1	-1	-1	-1	-1	-1	-1	-1	-1	-1	-1	-1	-1	-1
NS14773E	2	1	1	2016	1	9	1991	31	1	4	2019	1	1	-1	-1	-1	-1	-1	-1	-1	-1	-1	-1	-1	-1	-1
NS14776H	2	2	-1	-1	-1	-1	-1	-1	-1	-1	-1	-1	-1	-1	-1	-1	-1	-1	-1	-1	-1	-1	-1	-1	-1	-1
NS14779L	2	1	2	2021	2	5	1991	31	3	-1	-1	1	1	-1	-1	-1	-1	-1	-1	-1	-1	-1	-1	-1	-1	-1
NS14781X	2	1	1	2017	1	12	1990	32	1	7	2018	1	1	-1	-1	-1	-1	-1	-1	-1	-1	-1	-1	-1	-1	-1
NS14782Y	2	2	-1	-1	-1	-1	-1	-1	-1	-1	-1	-1	-1	-1	-1	-1	-1	-1	-1	-1	-1	-1	-1	-1	-1	-1
NS14783Z	1	-1	-1	-1	-1	-1	-1	-1	-1	-1	-1	1	1	-1	-1	-1	-1	-1	-1	-1	-1	-1	-1	-1	-1	-1
NS14784A	2	2	-1	-1	-1	-1	-1	-1	-1	-1	-1	-1	-1	-1	-1	-1	-1	-1	-1	-1	-1	-1	-1	-1	-1	-1
NS14785B	2	2	-1	-1	-1	-1	-1	-1	-1	-1	-1	-1	-1	-1	-1	-1	-1	-1	-1	-1	-1	-1	-1	-1	-1	-1
NS14787D	2	1	3	2013	1	8	1989	32	1	3	2012	2	-1	1	1	2	2	1	1	2	2	12	2020	1	1	2021
NS14787D	3	2	-1	-1	-1	-1	-1	-1	-1	-1	-1	-1	-1	-1	-1	-1	-1	-1	-1	-1	-1	-1	-1	-1	-1	-1
NS14789F	2	1	8	2017	1	3	1987	35	3	-1	-1	1	1	-1	-1	-1	-1	-1	-1	-1	-1	-1	-1	-1	-1	-1
NS14794V	1	-1	-1	-1	-1	-1	-1	-1	-1	-1	-1	1	1	-1	-1	-1	-1	-1	-1	-1	-1	-1	-1	-1	-1	-1
NS14795W	1	-1	-1	-1	-1	-1	-1	-1	3	-1	-1	1	1	-1	-1	-1	-1	-1	-1	-1	-1	-1	-1	-1	-1	-1
NS14797Y	1	-1	-1	-1	-1	-1	-1	-1	1	9	2019	1	1	-1	-1	-1	-1	-1	-1	-1	-1	-1	-1	-1	-1	-1
NS14798Z	2	1	6	2020	1	8	1989	32	3	-1	-1	1	1	-1	-1	-1	-1	-1	-1	-1	-1	-1	-1	-1	-1	-1
NS14799A	2	1	5	2016	2	-8	-8	30	3	-1	-1	2	-1	2	-1	-1	-1	-1	-1	-1	-1	1	2022	-1	-1	-1
NS14799A	3	2	-1	-1	-1	-1	-1	-1	-1	-1	-1	-1	-1	-1	-1	-1	-1	-1	-1	-1	-1	-1	-1	-1	-1	-1
NS14800R	2	2	-1	-1	-1	-1	-1	-1	-1	-1	-1	-1	-1	-1	-1	-1	-1	-1	-1	-1	-1	-1	-1	-1	-1	-1
NS14801S	1	-1	-1	-1	-1	-1	-1	-1	1	6	2017	1	1	-1	-1	-1	-1	-1	-1	-1	-1	-1	-1	-1	-1	-1
NS14802T	2	1	1	2023	2	5	1993	29	3	-1	-1	1	1	-1	-1	-1	-1	-1	-1	-1	-1	-1	-1	-1	-1	-1
NS14803V	2	1	10	2021	2	1	1995	28	3	-1	-1	1	1	-1	-1	-1	-1	-1	-1	-1	-1	-1	-1	-1	-1	-1
NS14804W	2	1	7	2022	2	12	1988	34	3	-1	-1	2	-1	2	-1	-1	-1	-1	-1	-1	-1	12	2022	-1	-1	-1
NS14804W	3	2	-1	-1	-1	-1	-1	-1	-1	-1	-1	-1	-1	-1	-1	-1	-1	-1	-1	-1	-1	-1	-1	-1	-1	-1
NS14805X	2	1	1	2016	1	10	1988	34	3	-1	-1	1	1	-1	-1	-1	-1	-1	-1	-1	-1	-1	-1	-1	-1	-1
NS14806Y	2	2	-1	-1	-1	-1	-1	-1	-1	-1	-1	-1	-1	-1	-1	-1	-1	-1	-1	-1	-1	-1	-1	-1	-1	-1
NS14807Z	2	1	9	2017	2	11	1992	30	1	6	2022	1	1	-1	-1	-1	-1	-1	-1	-1	-1	-1	-1	-1	-1	-1
NS14809B	2	1	11	2014	2	9	1995	26	1	6	2012	1	1	-1	-1	-1	-1	-1	-1	-1	-1	-1	-1	-1	-1	-1
NS14821G	2	1	11	2012	1	6	1988	35	1	11	2013	2	-1	1	1	2	2	2	2	2	2	6	2023	2	-1	-1
NS14821G	3	2	-1	-1	-1	-1	-1	-1	-1	-1	-1	-1	-1	-1	-1	-1	-1	-1	-1	-1	-1	-1	-1	-1	-1	-1
NS14824K	2	1	9	2021	2	7	1994	27	3	-1	-1	1	1	-1	-1	-1	-1	-1	-1	-1	-1	-1	-1	-1	-1	-1
NS14833D	2	1	10	2015	2	1	1991	32	1	6	2018	1	1	-1	-1	-1	-1	-1	-1	-1	-1	-1	-1	-1	-1	-1
NS14834E	1	-1	-1	-1	-1	-1	-1	-1	3	-1	-1	1	1	-1	-1	-1	-1	-1	-1	-1	-1	-1	-1	-1	-1	-1
NS14836G	1	-1	-1	-1	-1	-1	-1	-1	1	8	2019	1	1	-1	-1	-1	-1	-1	-1	-1	-1	-1	-1	-1	-1	-1
NS14840V	2	1	5	2016	1	9	1990	32	2	2	2020	1	1	-1	-1	-1	-1	-1	-1	-1	-1	-1	-1	-1	-1	-1
NS14841W	1	-1	-1	-1	-1	-1	-1	-1	3	-1	-1	2	-1	1	1	2	2	2	2	2	2	10	2017	-1	-1	-1
NS14841W	2	1	10	2019	2	6	1992	31	3	-1	-1	1	1	-1	-1	-1	-1	-1	-1	-1	-1	-1	-1	-1	-1	-1
NS14844Z	2	1	9	2022	1	12	1989	33	3	-1	-1	1	1	-1	-1	-1	-1	-1	-1	-1	-1	-1	-1	-1	-1	-1
NS14847C	2	1	10	2018	1	10	1986	36	1	7	2022	1	1	-1	-1	-1	-1	-1	-1	-1	-1	-1	-1	-1	-1	-1
NS14848D	2	1	5	2015	2	4	1990	32	1	9	2017	1	1	-1	-1	-1	-1	-1	-1	-1	-1	-1	-1	-1	-1	-1
NS14851Q	2	2	-1	-1	-1	-1	-1	-1	-1	-1	-1	-1	-1	-1	-1	-1	-1	-1	-1	-1	-1	-1	-1	-1	-1	-1
NS14852R	1	-1	-1	-1	-1	-1	-1	-1	-1	-1	-1	1	1	-1	-1	-1	-1	-1	-1	-1	-1	-1	-1	-1	-1	-1
NS14854T	2	2	-1	-1	-1	-1	-1	-1	-1	-1	-1	-1	-1	-1	-1	-1	-1	-1	-1	-1	-1	-1	-1	-1	-1	-1
NS14855V	2	1	2	2021	1	1	1989	34	3	-1	-1	1	1	-1	-1	-1	-1	-1	-1	-1	-1	-1	-1	-1	-1	-1
NS14856W	2	1	10	2017	2	8	1991	31	1	8	2015	1	1	-1	-1	-1	-1	-1	-1	-1	-1	-1	-1	-1	-1	-1
NS14858Y	1	-1	-1	-1	-1	-1	-1	-1	3	-1	-1	1	1	-1	-1	-1	-1	-1	-1	-1	-1	-1	-1	-1	-1	-1
NS14861K	2	1	6	2017	1	9	1983	39	3	-1	-1	2	-1	1	1	2	2	2	2	1	2	-8	-9	-1	-1	-1
NS14861K	3	2	-1	-1	-1	-1	-1	-1	-1	-1	-1	-1	-1	-1	-1	-1	-1	-1	-1	-1	-1	-1	-1	-1	-1	-1
NS14865P	2	1	3	2020	1	9	1988	34	3	-1	-1	2	-1	1	1	2	2	2	2	2	2	2	2022	-1	-1	-1
NS14865P	3	2	-1	-1	-1	-1	-1	-1	-1	-1	-1	-1	-1	-1	-1	-1	-1	-1	-1	-1	-1	-1	-1	-1	-1	-1
NS14866Q	1	-1	-1	-1	-1	-1	-1	-1	-1	-1	-1	2	-1	1	1	2	2	2	2	2	2	11	2019	1	2	2021
NS14866Q	2	1	4	2021	1	7	1999	22	3	-1	-1	1	1	-1	-1	-1	-1	-1	-1	-1	-1	-1	-1	-1	-1	-1
NS14869T	2	1	6	2019	1	8	1988	34	3	-1	-1	1	1	-1	-1	-1	-1	-1	-1	-1	-1	-1	-1	-1	-1	-1
NS14872F	2	1	6	2018	2	12	1982	39	3	-1	-1	2	-1	1	1	2	2	2	2	2	2	1	2020	-1	-1	-1
NS14872F	3	1	3	2020	2	6	1992	30	3	-1	-1	1	1	-1	-1	-1	-1	-1	-1	-1	-1	-1	-1	-1	-1	-1
NS14874H	1	-1	-1	-1	-1	-1	-1	-1	-1	-1	-1	1	1	-1	-1	-1	-1	-1	-1	-1	-1	-1	-1	-1	-1	-1
NS14875J	1	-1	-1	-1	-1	-1	-1	-1	3	-1	-1	2	-1	1	1	2	2	2	2	2	2	1	2018	-1	-1	-1
NS14875J	2	1	4	2020	2	10	1991	31	3	-1	-1	1	1	-1	-1	-1	-1	-1	-1	-1	-1	-1	-1	-1	-1	-1
NS14880Y	1	-1	-1	-1	-1	-1	-1	-1	-1	-1	-1	1	1	-1	-1	-1	-1	-1	-1	-1	-1	-1	-1	-1	-1	-1
NS14881Z	2	1	9	2018	1	12	1988	34	3	-1	-1	2	-1	1	1	2	2	2	2	2	2	8	2022	-1	-1	-1
NS14881Z	3	2	-1	-1	-1	-1	-1	-1	-1	-1	-1	-1	-1	-1	-1	-1	-1	-1	-1	-1	-1	-1	-1	-1	-1	-1
NS14886E	2	2	-1	-1	-1	-1	-1	-1	-1	-1	-1	-1	-1	-1	-1	-1	-1	-1	-1	-1	-1	-1	-1	-1	-1	-1
NS14887F	2	2	-1	-1	-1	-1	-1	-1	-1	-1	-1	-1	-1	-1	-1	-1	-1	-1	-1	-1	-1	-1	-1	-1	-1	-1
NS14888G	2	2	-1	-1	-1	-1	-1	-1	-1	-1	-1	-1	-1	-1	-1	-1	-1	-1	-1	-1	-1	-1	-1	-1	-1	-1
NS14892V	2	2	-1	-1	-1	-1	-1	-1	-1	-1	-1	-1	-1	-1	-1	-1	-1	-1	-1	-1	-1	-1	-1	-1	-1	-1
NS14893W	1	-1	-1	-1	-1	-1	-1	-1	-1	-1	-1	2	-1	1	1	2	2	2	2	2	2	2	2018	1	7	2019
NS14893W	2	2	-1	-1	-1	-1	-1	-1	-1	-1	-1	-1	-1	-1	-1	-1	-1	-1	-1	-1	-1	-1	-1	-1	-1	-1
NS14896Z	2	1	10	2016	2	9	1992	30	1	10	2020	1	1	-1	-1	-1	-1	-1	-1	-1	-1	-1	-1	-1	-1	-1
NS14898B	2	2	-1	-1	-1	-1	-1	-1	-1	-1	-1	-1	-1	-1	-1	-1	-1	-1	-1	-1	-1	-1	-1	-1	-1	-1
NS14902W	2	1	6	2015	1	2	1992	31	3	-1	-1	2	-1	1	1	2	2	2	2	2	2	6	2016	-1	-1	-1
NS14902W	3	2	-1	-1	-1	-1	-1	-1	-1	-1	-1	-1	-1	-1	-1	-1	-1	-1	-1	-1	-1	-1	-1	-1	-1	-1
NS14906A	1	-1	-1	-1	-1	-1	-1	-1	3	-1	-1	1	1	-1	-1	-1	-1	-1	-1	-1	-1	-1	-1	-1	-1	-1
NS14907B	1	-1	-1	-1	-1	-1	-1	-1	1	7	2013	1	1	-1	-1	-1	-1	-1	-1	-1	-1	-1	-1	-1	-1	-1
NS14908C	2	2	-1	-1	-1	-1	-1	-1	-1	-1	-1	-1	-1	-1	-1	-1	-1	-1	-1	-1	-1	-1	-1	-1	-1	-1
NS14910N	2	1	3	2021	1	3	1988	35	3	-1	-1	2	-1	1	1	2	2	2	2	2	2	3	2022	-1	-1	-1
NS14910N	3	2	-1	-1	-1	-1	-1	-1	-1	-1	-1	-1	-1	-1	-1	-1	-1	-1	-1	-1	-1	-1	-1	-1	-1	-1
NS14911P	2	1	1	2020	2	4	1995	27	3	-1	-1	1	1	-1	-1	-1	-1	-1	-1	-1	-1	-1	-1	-1	-1	-1
NS14913R	1	-1	-1	-1	-1	-1	-1	-1	1	4	2019	1	1	-1	-1	-1	-1	-1	-1	-1	-1	-1	-1	-1	-1	-1
NS14914S	2	1	6	2019	1	8	1990	32	3	-1	-1	1	1	-1	-1	-1	-1	-1	-1	-1	-1	-1	-1	-1	-1	-1
NS14915T	2	2	-1	-1	-1	-1	-1	-1	-1	-1	-1	-1	-1	-1	-1	-1	-1	-1	-1	-1	-1	-1	-1	-1	-1	-1
NS14916V	2	2	-1	-1	-1	-1	-1	-1	-1	-1	-1	-1	-1	-1	-1	-1	-1	-1	-1	-1	-1	-1	-1	-1	-1	-1
NS14917W	2	1	1	2019	2	-8	-8	-8	3	-1	-1	2	-1	1	1	2	2	2	2	2	2	2	2020	-1	-1	-1
NS14917W	3	1	5	2022	2	4	1990	32	3	-1	-1	1	1	-1	-1	-1	-1	-1	-1	-1	-1	-1	-1	-1	-1	-1
NS14920H	2	1	11	2019	2	6	1990	32	1	5	2022	1	1	-1	-1	-1	-1	-1	-1	-1	-1	-1	-1	-1	-1	-1
NS14922K	1	-1	-1	-1	-1	-1	-1	-1	3	-1	-1	1	1	-1	-1	-1	-1	-1	-1	-1	-1	-1	-1	-1	-1	-1
NS14924M	2	2	-1	-1	-1	-1	-1	-1	-1	-1	-1	-1	-1	-1	-1	-1	-1	-1	-1	-1	-1	-1	-1	-1	-1	-1
NS14926P	2	2	-1	-1	-1	-1	-1	-1	-1	-1	-1	-1	-1	-1	-1	-1	-1	-1	-1	-1	-1	-1	-1	-1	-1	-1
NS14927Q	1	-1	-1	-1	-1	-1	-1	-1	1	6	2017	1	1	-1	-1	-1	-1	-1	-1	-1	-1	-1	-1	-1	-1	-1
NS14928R	2	2	-1	-1	-1	-1	-1	-1	-1	-1	-1	-1	-1	-1	-1	-1	-1	-1	-1	-1	-1	-1	-1	-1	-1	-1
NS14929S	1	-1	-1	-1	-1	-1	-1	-1	3	-1	-1	2	-1	1	1	1	2	2	2	2	2	6	2016	-1	-1	-1
NS14929S	2	2	-1	-1	-1	-1	-1	-1	-1	-1	-1	-1	-1	-1	-1	-1	-1	-1	-1	-1	-1	-1	-1	-1	-1	-1
NS14931D	2	2	-1	-1	-1	-1	-1	-1	-1	-1	-1	-1	-1	-1	-1	-1	-1	-1	-1	-1	-1	-1	-1	-1	-1	-1
NS14932E	1	-1	-1	-1	-1	-1	-1	-1	3	-1	-1	1	1	-1	-1	-1	-1	-1	-1	-1	-1	-1	-1	-1	-1	-1
NS14933F	2	1	2	2017	2	12	1992	29	3	-1	-1	2	-1	1	1	2	2	2	2	2	2	9	2017	-1	-1	-1
NS14933F	3	2	-1	-1	-1	-1	-1	-1	-1	-1	-1	-1	-1	-1	-1	-1	-1	-1	-1	-1	-1	-1	-1	-1	-1	-1
NS14934G	2	2	-1	-1	-1	-1	-1	-1	-1	-1	-1	-1	-1	-1	-1	-1	-1	-1	-1	-1	-1	-1	-1	-1	-1	-1
NS14935H	1	-1	-1	-1	-1	-1	-1	-1	-1	-1	-1	1	1	-1	-1	-1	-1	-1	-1	-1	-1	-1	-1	-1	-1	-1
NS14937K	2	1	4	2016	2	7	1991	31	1	12	2021	1	1	-1	-1	-1	-1	-1	-1	-1	-1	-1	-1	-1	-1	-1
NS14939M	1	-1	-1	-1	-1	-1	-1	-1	3	-1	-1	2	-1	1	1	2	2	2	2	2	2	9	2017	-1	-1	-1
NS14939M	2	2	-1	-1	-1	-1	-1	-1	-1	-1	-1	-1	-1	-1	-1	-1	-1	-1	-1	-1	-1	-1	-1	-1	-1	-1
NS14944B	2	1	8	2016	1	11	1988	34	3	-1	-1	1	1	-1	-1	-1	-1	-1	-1	-1	-1	-1	-1	-1	-1	-1
NS14948F	1	-1	-1	-1	-1	-1	-1	-1	3	-1	-1	2	-1	1	1	2	2	2	2	2	2	10	2019	-1	-1	-1
NS14948F	2	2	-1	-1	-1	-1	-1	-1	-1	-1	-1	-1	-1	-1	-1	-1	-1	-1	-1	-1	-1	-1	-1	-1	-1	-1
NS14951S	2	1	5	2022	2	7	1991	31	3	-1	-1	1	1	-1	-1	-1	-1	-1	-1	-1	-1	-1	-1	-1	-1	-1
NS14956Y	2	1	4	2016	2	6	1989	33	1	3	2019	1	1	-1	-1	-1	-1	-1	-1	-1	-1	-1	-1	-1	-1	-1
NS14958A	1	-1	-1	-1	-1	-1	-1	-1	1	10	2016	1	1	-1	-1	-1	-1	-1	-1	-1	-1	-1	-1	-1	-1	-1
NS14959B	2	2	-1	-1	-1	-1	-1	-1	-1	-1	-1	-1	-1	-1	-1	-1	-1	-1	-1	-1	-1	-1	-1	-1	-1	-1
NS14963P	1	-1	-1	-1	-1	-1	-1	-1	3	-1	-1	2	-1	1	1	2	2	2	2	2	2	4	2017	-1	-1	-1
NS14963P	2	1	6	2021	2	5	1989	33	3	-1	-1	1	1	-1	-1	-1	-1	-1	-1	-1	-1	-1	-1	-1	-1	-1
NS14966S	1	-1	-1	-1	-1	-1	-1	-1	-1	-1	-1	2	-1	1	2	2	2	2	1	2	2	2	2018	1	8	2021
NS14966S	2	2	-1	-1	-1	-1	-1	-1	-1	-1	-1	-1	-1	-1	-1	-1	-1	-1	-1	-1	-1	-1	-1	-1	-1	-1
NS14969W	1	-1	-1	-1	-1	-1	-1	-1	1	12	2020	1	1	-1	-1	-1	-1	-1	-1	-1	-1	-1	-1	-1	-1	-1
NS14971G	2	1	10	2017	1	10	1990	31	1	8	2021	1	1	-1	-1	-1	-1	-1	-1	-1	-1	-1	-1	-1	-1	-1
NS14977N	1	-1	-1	-1	-1	-1	-1	-1	-1	-1	-1	1	1	-1	-1	-1	-1	-1	-1	-1	-1	-1	-1	-1	-1	-1
NS14978P	2	1	8	2022	2	11	1987	35	3	-1	-1	1	1	-1	-1	-1	-1	-1	-1	-1	-1	-1	-1	-1	-1	-1
NS14983D	2	1	9	2018	1	-9	-9	33	3	-1	-1	1	1	-1	-1	-1	-1	-1	-1	-1	-1	-1	-1	-1	-1	-1
NS14984E	2	1	-8	2010	2	-9	-9	-9	-9	-1	-1	1	1	-1	-1	-1	-1	-1	-1	-1	-1	-1	-1	-1	-1	-1
NS14985F	2	1	6	2016	1	12	1987	34	1	7	2016	1	1	-1	-1	-1	-1	-1	-1	-1	-1	-1	-1	-1	-1	-1
NS14986G	1	-1	-1	-1	-1	-1	-1	-1	1	7	2020	1	1	-1	-1	-1	-1	-1	-1	-1	-1	-1	-1	-1	-1	-1
NS14988J	2	2	-1	-1	-1	-1	-1	-1	-1	-1	-1	-1	-1	-1	-1	-1	-1	-1	-1	-1	-1	-1	-1	-1	-1	-1
NS14990V	2	1	2	2020	2	1	1995	27	3	-1	-1	1	1	-1	-1	-1	-1	-1	-1	-1	-1	-1	-1	-1	-1	-1
NS14991W	2	1	9	2016	2	10	1982	40	3	-1	-1	1	1	-1	-1	-1	-1	-1	-1	-1	-1	-1	-1	-1	-1	-1
NS14995A	2	2	-1	-1	-1	-1	-1	-1	-1	-1	-1	-1	-1	-1	-1	-1	-1	-1	-1	-1	-1	-1	-1	-1	-1	-1
NS14998D	2	2	-1	-1	-1	-1	-1	-1	-1	-1	-1	-1	-1	-1	-1	-1	-1	-1	-1	-1	-1	-1	-1	-1	-1	-1
NS15002X	1	-1	-1	-1	-1	-1	-1	-1	3	-1	-1	1	1	-1	-1	-1	-1	-1	-1	-1	-1	-1	-1	-1	-1	-1
NS15009E	1	-1	-1	-1	-1	-1	-1	-1	1	9	2018	1	1	-1	-1	-1	-1	-1	-1	-1	-1	-1	-1	-1	-1	-1
NS15010P	1	-1	-1	-1	-1	-1	-1	-1	3	-1	-1	1	1	-1	-1	-1	-1	-1	-1	-1	-1	-1	-1	-1	-1	-1
NS15011Q	2	2	-1	-1	-1	-1	-1	-1	-1	-1	-1	-1	-1	-1	-1	-1	-1	-1	-1	-1	-1	-1	-1	-1	-1	-1
NS15014T	2	1	9	2011	1	4	1987	35	3	-1	-1	2	-1	1	1	2	2	2	2	2	2	8	2022	-1	-1	-1
NS15014T	3	2	-1	-1	-1	-1	-1	-1	-1	-1	-1	-1	-1	-1	-1	-1	-1	-1	-1	-1	-1	-1	-1	-1	-1	-1
NS15017X	1	-1	-1	-1	-1	-1	-1	-1	3	-1	-1	1	1	-1	-1	-1	-1	-1	-1	-1	-1	-1	-1	-1	-1	-1
NS15018Y	2	1	10	2016	1	7	1982	40	1	9	2018	1	1	-1	-1	-1	-1	-1	-1	-1	-1	-1	-1	-1	-1	-1
NS15019Z	1	-1	-1	-1	-1	-1	-1	-1	-1	-1	-1	1	1	-1	-1	-1	-1	-1	-1	-1	-1	-1	-1	-1	-1	-1
NS15023M	2	1	11	2020	2	10	1992	29	3	-1	-1	1	1	-1	-1	-1	-1	-1	-1	-1	-1	-1	-1	-1	-1	-1
NS15024N	1	-1	-1	-1	-1	-1	-1	-1	1	2	2017	1	1	-1	-1	-1	-1	-1	-1	-1	-1	-1	-1	-1	-1	-1
NS15025P	1	-1	-1	-1	-1	-1	-1	-1	1	7	2017	1	1	-1	-1	-1	-1	-1	-1	-1	-1	-1	-1	-1	-1	-1
NS15026Q	2	1	5	2016	2	8	1989	32	3	-1	-1	1	1	-1	-1	-1	-1	-1	-1	-1	-1	-1	-1	-1	-1	-1
NS15033G	2	1	11	2009	1	9	1985	37	1	12	2015	1	1	-1	-1	-1	-1	-1	-1	-1	-1	-1	-1	-1	-1	-1
NS15036K	1	-1	-1	-1	-1	-1	-1	-1	1	6	2017	1	1	-1	-1	-1	-1	-1	-1	-1	-1	-1	-1	-1	-1	-1
NS15037L	1	-1	-1	-1	-1	-1	-1	-1	1	5	2017	2	-1	1	1	2	2	2	2	2	2	8	2022	2	-1	-1
NS15037L	2	2	-1	-1	-1	-1	-1	-1	-1	-1	-1	-1	-1	-1	-1	-1	-1	-1	-1	-1	-1	-1	-1	-1	-1	-1
NS15039N	1	-1	-1	-1	-1	-1	-1	-1	1	3	2016	1	1	-1	-1	-1	-1	-1	-1	-1	-1	-1	-1	-1	-1	-1
NS15040Y	2	1	12	2017	2	11	1989	32	1	4	2018	1	1	-1	-1	-1	-1	-1	-1	-1	-1	-1	-1	-1	-1	-1
NS15041Z	2	1	4	2013	2	12	1986	36	3	-1	-1	1	1	-1	-1	-1	-1	-1	-1	-1	-1	-1	-1	-1	-1	-1
NS15042A	1	-1	-1	-1	-1	-1	-1	-1	1	5	2018	1	1	-1	-1	-1	-1	-1	-1	-1	-1	-1	-1	-1	-1	-1
NS15046E	2	1	3	2018	1	5	1991	31	3	-1	-1	1	1	-1	-1	-1	-1	-1	-1	-1	-1	-1	-1	-1	-1	-1
NS15049H	2	2	-1	-1	-1	-1	-1	-1	-1	-1	-1	-1	-1	-1	-1	-1	-1	-1	-1	-1	-1	-1	-1	-1	-1	-1
NS15050S	2	1	1	2018	1	10	1984	38	2	3	2017	1	1	-1	-1	-1	-1	-1	-1	-1	-1	-1	-1	-1	-1	-1
NS15051T	2	2	-1	-1	-1	-1	-1	-1	-1	-1	-1	-1	-1	-1	-1	-1	-1	-1	-1	-1	-1	-1	-1	-1	-1	-1
NS15057A	2	1	9	2016	2	4	1994	28	3	-1	-1	2	-1	1	1	2	2	2	2	2	2	2	2020	-1	-1	-1
NS15057A	3	2	-1	-1	-1	-1	-1	-1	-1	-1	-1	-1	-1	-1	-1	-1	-1	-1	-1	-1	-1	-1	-1	-1	-1	-1
NS15058B	1	-1	-1	-1	-1	-1	-1	-1	-1	-1	-1	2	-1	1	1	2	2	2	2	2	2	6	2019	1	10	2020
NS15058B	2	1	11	2019	1	4	1989	33	3	-1	-1	2	-1	1	2	2	2	1	2	2	2	3	2021	-1	-1	-1
NS15058B	3	2	-1	-1	-1	-1	-1	-1	-1	-1	-1	-1	-1	-1	-1	-1	-1	-1	-1	-1	-1	-1	-1	-1	-1	-1
NS15061N	1	-1	-1	-1	-1	-1	-1	-1	1	7	2022	1	1	-1	-1	-1	-1	-1	-1	-1	-1	-1	-1	-1	-1	-1
NS15062P	1	-1	-1	-1	-1	-1	-1	-1	1	4	2019	2	-1	1	2	2	2	1	2	2	2	7	2019	2	-1	-1
NS15062P	2	2	-1	-1	-1	-1	-1	-1	-1	-1	-1	-1	-1	-1	-1	-1	-1	-1	-1	-1	-1	-1	-1	-1	-1	-1
NS15066T	2	1	8	2018	1	11	1984	38	1	6	2018	1	1	-1	-1	-1	-1	-1	-1	-1	-1	-1	-1	-1	-1	-1
NS15068W	2	2	-1	-1	-1	-1	-1	-1	-1	-1	-1	-1	-1	-1	-1	-1	-1	-1	-1	-1	-1	-1	-1	-1	-1	-1
NS15072J	2	1	8	2020	2	9	1997	24	1	6	2020	1	1	-1	-1	-1	-1	-1	-1	-1	-1	-1	-1	-1	-1	-1
NS15079R	2	1	11	2021	2	7	1997	25	3	-1	-1	1	1	-1	-1	-1	-1	-1	-1	-1	-1	-1	-1	-1	-1	-1
NS15084F	2	1	6	2019	1	4	1990	32	3	-1	-1	1	1	-1	-1	-1	-1	-1	-1	-1	-1	-1	-1	-1	-1	-1
NS15087J	1	-1	-1	-1	-1	-1	-1	-1	1	6	2017	1	1	-1	-1	-1	-1	-1	-1	-1	-1	-1	-1	-1	-1	-1
NS15089L	1	-1	-1	-1	-1	-1	-1	-1	1	7	2018	1	1	-1	-1	-1	-1	-1	-1	-1	-1	-1	-1	-1	-1	-1
NS15094A	2	1	1	2015	1	-8	-8	37	3	-1	-1	2	-1	1	1	2	2	2	2	2	2	6	2017	-1	-1	-1
NS15094A	3	1	7	2019	1	11	1988	33	3	-1	-1	2	-1	1	1	2	2	2	2	2	2	11	2020	-1	-1	-1
NS15094A	4	1	9	2021	1	10	1991	31	3	-1	-1	1	1	-1	-1	-1	-1	-1	-1	-1	-1	-1	-1	-1	-1	-1
NS15097D	1	-1	-1	-1	-1	-1	-1	-1	3	-1	-1	2	-1	1	1	2	2	2	2	2	2	5	2018	-1	-1	-1
NS15097D	2	2	-1	-1	-1	-1	-1	-1	-1	-1	-1	-1	-1	-1	-1	-1	-1	-1	-1	-1	-1	-1	-1	-1	-1	-1
NS15098E	2	2	-1	-1	-1	-1	-1	-1	-1	-1	-1	-1	-1	-1	-1	-1	-1	-1	-1	-1	-1	-1	-1	-1	-1	-1
NS15099F	2	1	10	2016	2	1	1982	40	1	8	2017	2	-1	1	2	2	2	2	2	2	1	7	2018	2	-1	-1
NS15099F	3	2	-1	-1	-1	-1	-1	-1	-1	-1	-1	-1	-1	-1	-1	-1	-1	-1	-1	-1	-1	-1	-1	-1	-1	-1
NS15104B	2	1	12	2005	1	3	1985	38	1	12	2010	1	1	-1	-1	-1	-1	-1	-1	-1	-1	-1	-1	-1	-1	-1
NS15107E	2	1	11	2015	1	7	1990	32	3	-1	-1	1	1	-1	-1	-1	-1	-1	-1	-1	-1	-1	-1	-1	-1	-1
NS15112T	2	2	-1	-1	-1	-1	-1	-1	-1	-1	-1	-1	-1	-1	-1	-1	-1	-1	-1	-1	-1	-1	-1	-1	-1	-1
NS15113V	2	1	6	2015	1	12	1984	37	3	-1	-1	2	-1	1	1	2	2	2	2	2	2	1	2018	-1	-1	-1
NS15113V	3	2	-1	-1	-1	-1	-1	-1	-1	-1	-1	-1	-1	-1	-1	-1	-1	-1	-1	-1	-1	-1	-1	-1	-1	-1
NS15115X	2	2	-1	-1	-1	-1	-1	-1	-1	-1	-1	-1	-1	-1	-1	-1	-1	-1	-1	-1	-1	-1	-1	-1	-1	-1
NS15120L	2	2	-1	-1	-1	-1	-1	-1	-1	-1	-1	-1	-1	-1	-1	-1	-1	-1	-1	-1	-1	-1	-1	-1	-1	-1
NS15121M	2	1	6	2018	2	7	1985	37	1	7	2021	1	1	-1	-1	-1	-1	-1	-1	-1	-1	-1	-1	-1	-1	-1
NS15123P	2	1	8	2018	1	8	1989	33	1	8	2018	1	1	-1	-1	-1	-1	-1	-1	-1	-1	-1	-1	-1	-1	-1
NS15127T	2	1	3	2020	1	2	1994	28	3	-1	-1	2	-1	2	-1	-1	-1	-1	-1	-1	-1	9	2021	-1	-1	-1
NS15127T	3	2	-1	-1	-1	-1	-1	-1	-1	-1	-1	-1	-1	-1	-1	-1	-1	-1	-1	-1	-1	-1	-1	-1	-1	-1
NS15128V	2	2	-1	-1	-1	-1	-1	-1	-1	-1	-1	-1	-1	-1	-1	-1	-1	-1	-1	-1	-1	-1	-1	-1	-1	-1
NS15129W	1	-1	-1	-1	-1	-1	-1	-1	1	4	2019	1	1	-1	-1	-1	-1	-1	-1	-1	-1	-1	-1	-1	-1	-1
NS15130F	2	2	-1	-1	-1	-1	-1	-1	-1	-1	-1	-1	-1	-1	-1	-1	-1	-1	-1	-1	-1	-1	-1	-1	-1	-1
NS15134K	2	2	-1	-1	-1	-1	-1	-1	-1	-1	-1	-1	-1	-1	-1	-1	-1	-1	-1	-1	-1	-1	-1	-1	-1	-1
NS15137N	2	1	10	2017	2	4	1992	30	3	-1	-1	1	1	-1	-1	-1	-1	-1	-1	-1	-1	-1	-1	-1	-1	-1
NS15140A	2	1	7	2016	1	12	1989	33	1	2	2016	1	1	-1	-1	-1	-1	-1	-1	-1	-1	-1	-1	-1	-1	-1
NS15141B	1	-1	-1	-1	-1	-1	-1	-1	1	11	2018	1	1	-1	-1	-1	-1	-1	-1	-1	-1	-1	-1	-1	-1	-1
NS15144E	2	2	-1	-1	-1	-1	-1	-1	-1	-1	-1	-1	-1	-1	-1	-1	-1	-1	-1	-1	-1	-1	-1	-1	-1	-1
NS15147H	1	-1	-1	-1	-1	-1	-1	-1	1	7	2017	1	1	-1	-1	-1	-1	-1	-1	-1	-1	-1	-1	-1	-1	-1
NS15149K	1	-1	-1	-1	-1	-1	-1	-1	3	-1	-1	2	-1	1	1	2	2	2	2	2	2	6	2018	-1	-1	-1
NS15149K	2	1	8	2021	1	11	1993	29	3	-1	-1	1	1	-1	-1	-1	-1	-1	-1	-1	-1	-1	-1	-1	-1	-1
NS15152X	2	1	6	2015	2	11	1989	33	1	8	2021	1	1	-1	-1	-1	-1	-1	-1	-1	-1	-1	-1	-1	-1	-1
NS15157C	2	1	1	2018	2	7	1994	28	3	-1	-1	1	1	-1	-1	-1	-1	-1	-1	-1	-1	-1	-1	-1	-1	-1
NS15162R	2	1	7	2019	2	12	1991	31	3	-1	-1	1	1	-1	-1	-1	-1	-1	-1	-1	-1	-1	-1	-1	-1	-1
NS15164T	2	2	-1	-1	-1	-1	-1	-1	-1	-1	-1	-1	-1	-1	-1	-1	-1	-1	-1	-1	-1	-1	-1	-1	-1	-1
NS15165V	1	-1	-1	-1	-1	-1	-1	-1	3	-1	-1	2	-1	1	1	2	2	2	2	2	2	1	2017	-1	-1	-1
NS15165V	2	1	10	2017	1	1	1991	31	3	-1	-1	2	-1	1	1	2	2	2	2	2	2	9	2021	-1	-1	-1
NS15165V	3	2	-1	-1	-1	-1	-1	-1	-1	-1	-1	-1	-1	-1	-1	-1	-1	-1	-1	-1	-1	-1	-1	-1	-1	-1
NS15166W	2	2	-1	-1	-1	-1	-1	-1	-1	-1	-1	-1	-1	-1	-1	-1	-1	-1	-1	-1	-1	-1	-1	-1	-1	-1
NS15168Y	2	2	-1	-1	-1	-1	-1	-1	-1	-1	-1	-1	-1	-1	-1	-1	-1	-1	-1	-1	-1	-1	-1	-1	-1	-1
NS15169Z	2	1	11	2021	1	12	1989	33	3	-1	-1	1	1	-1	-1	-1	-1	-1	-1	-1	-1	-1	-1	-1	-1	-1
NS15172L	2	2	-1	-1	-1	-1	-1	-1	-1	-1	-1	-1	-1	-1	-1	-1	-1	-1	-1	-1	-1	-1	-1	-1	-1	-1
NS15174N	2	2	-1	-1	-1	-1	-1	-1	-1	-1	-1	-1	-1	-1	-1	-1	-1	-1	-1	-1	-1	-1	-1	-1	-1	-1
NS15180D	2	1	6	2014	1	7	1973	48	3	-1	-1	1	1	-1	-1	-1	-1	-1	-1	-1	-1	-1	-1	-1	-1	-1
NS15182F	1	-1	-1	-1	-1	-1	-1	-1	1	8	2022	1	1	-1	-1	-1	-1	-1	-1	-1	-1	-1	-1	-1	-1	-1
NS15187L	2	1	6	2017	1	7	1989	33	1	6	2017	1	1	-1	-1	-1	-1	-1	-1	-1	-1	-1	-1	-1	-1	-1
NS15189N	2	1	10	2011	1	9	1982	40	3	-1	-1	1	1	-1	-1	-1	-1	-1	-1	-1	-1	-1	-1	-1	-1	-1
NS15192A	1	-1	-1	-1	-1	-1	-1	-1	3	-1	-1	1	1	-1	-1	-1	-1	-1	-1	-1	-1	-1	-1	-1	-1	-1
NS15193B	2	1	9	2018	2	10	1991	31	3	-1	-1	2	-1	1	1	2	2	2	2	2	2	1	2021	-1	-1	-1
NS15193B	3	1	1	2022	2	5	1989	33	3	-1	-1	2	-1	1	1	2	2	2	2	2	2	8	2022	-1	-1	-1
NS15193B	4	2	-1	-1	-1	-1	-1	-1	-1	-1	-1	-1	-1	-1	-1	-1	-1	-1	-1	-1	-1	-1	-1	-1	-1	-1
NS15194C	2	1	2	2017	1	8	1985	38	1	2	2017	1	1	-1	-1	-1	-1	-1	-1	-1	-1	-1	-1	-1	-1	-1
NS15198G	2	1	12	2022	1	8	1986	36	3	-1	-1	1	1	-1	-1	-1	-1	-1	-1	-1	-1	-1	-1	-1	-1	-1
NS15199H	2	1	6	2018	1	1	1992	31	3	-1	-1	1	1	-1	-1	-1	-1	-1	-1	-1	-1	-1	-1	-1	-1	-1
NS15200Z	1	-1	-1	-1	-1	-1	-1	-1	1	5	2018	1	1	-1	-1	-1	-1	-1	-1	-1	-1	-1	-1	-1	-1	-1
NS15202B	1	-1	-1	-1	-1	-1	-1	-1	-1	-1	-1	1	1	-1	-1	-1	-1	-1	-1	-1	-1	-1	-1	-1	-1	-1
NS15206F	1	-1	-1	-1	-1	-1	-1	-1	3	-1	-1	1	1	-1	-1	-1	-1	-1	-1	-1	-1	-1	-1	-1	-1	-1
NS15207G	2	1	2	2022	2	1	1990	33	3	-1	-1	1	1	-1	-1	-1	-1	-1	-1	-1	-1	-1	-1	-1	-1	-1
NS15211V	2	2	-1	-1	-1	-1	-1	-1	-1	-1	-1	-1	-1	-1	-1	-1	-1	-1	-1	-1	-1	-1	-1	-1	-1	-1
NS15215Z	2	1	7	2019	2	12	1991	30	3	-1	-1	1	1	-1	-1	-1	-1	-1	-1	-1	-1	-1	-1	-1	-1	-1
NS15217B	2	2	-1	-1	-1	-1	-1	-1	-1	-1	-1	-1	-1	-1	-1	-1	-1	-1	-1	-1	-1	-1	-1	-1	-1	-1
NS15218C	2	2	-1	-1	-1	-1	-1	-1	-1	-1	-1	-1	-1	-1	-1	-1	-1	-1	-1	-1	-1	-1	-1	-1	-1	-1
NS15221P	2	1	4	2016	1	10	1986	36	1	1	2023	1	1	-1	-1	-1	-1	-1	-1	-1	-1	-1	-1	-1	-1	-1
NS15223R	2	2	-1	-1	-1	-1	-1	-1	-1	-1	-1	-1	-1	-1	-1	-1	-1	-1	-1	-1	-1	-1	-1	-1	-1	-1
NS15224S	2	1	7	2010	1	9	1985	37	1	1	2012	2	-1	1	1	1	2	2	2	2	2	9	2018	1	1	2021
NS15224S	3	1	9	2022	1	8	1997	25	3	-1	-1	1	1	-1	-1	-1	-1	-1	-1	-1	-1	-1	-1	-1	-1	-1
NS15228X	2	2	-1	-1	-1	-1	-1	-1	-1	-1	-1	-1	-1	-1	-1	-1	-1	-1	-1	-1	-1	-1	-1	-1	-1	-1
NS15230H	2	2	-1	-1	-1	-1	-1	-1	-1	-1	-1	-1	-1	-1	-1	-1	-1	-1	-1	-1	-1	-1	-1	-1	-1	-1
NS15232K	1	-1	-1	-1	-1	-1	-1	-1	-1	-1	-1	1	1	-1	-1	-1	-1	-1	-1	-1	-1	-1	-1	-1	-1	-1
NS15234M	2	1	12	2014	2	12	1992	30	3	-1	-1	1	1	-1	-1	-1	-1	-1	-1	-1	-1	-1	-1	-1	-1	-1
NS15237Q	2	2	-1	-1	-1	-1	-1	-1	-1	-1	-1	-1	-1	-1	-1	-1	-1	-1	-1	-1	-1	-1	-1	-1	-1	-1
NS15239S	2	1	6	2018	1	9	1990	32	3	-1	-1	1	1	-1	-1	-1	-1	-1	-1	-1	-1	-1	-1	-1	-1	-1
NS15241D	2	2	-1	-1	-1	-1	-1	-1	-1	-1	-1	-1	-1	-1	-1	-1	-1	-1	-1	-1	-1	-1	-1	-1	-1	-1
NS15246J	1	-1	-1	-1	-1	-1	-1	-1	-1	-1	-1	1	1	-1	-1	-1	-1	-1	-1	-1	-1	-1	-1	-1	-1	-1
NS15247K	2	2	-1	-1	-1	-1	-1	-1	-1	-1	-1	-1	-1	-1	-1	-1	-1	-1	-1	-1	-1	-1	-1	-1	-1	-1
NS15249M	1	-1	-1	-1	-1	-1	-1	-1	1	9	2016	1	1	-1	-1	-1	-1	-1	-1	-1	-1	-1	-1	-1	-1	-1
NS15251Y	1	-1	-1	-1	-1	-1	-1	-1	-1	-1	-1	1	1	-1	-1	-1	-1	-1	-1	-1	-1	-1	-1	-1	-1	-1
NS15253A	1	-1	-1	-1	-1	-1	-1	-1	1	10	2019	2	-1	1	1	2	2	2	2	2	2	7	2021	2	-1	-1
NS15253A	2	2	-1	-1	-1	-1	-1	-1	-1	-1	-1	-1	-1	-1	-1	-1	-1	-1	-1	-1	-1	-1	-1	-1	-1	-1
NS15255C	2	1	1	2014	2	5	1992	30	1	1	2018	1	1	-1	-1	-1	-1	-1	-1	-1	-1	-1	-1	-1	-1	-1
NS15257E	2	1	10	2018	2	1	1992	31	1	10	2018	1	1	-1	-1	-1	-1	-1	-1	-1	-1	-1	-1	-1	-1	-1
NS15262T	1	-1	-1	-1	-1	-1	-1	-1	-1	-1	-1	1	1	-1	-1	-1	-1	-1	-1	-1	-1	-1	-1	-1	-1	-1
NS15265X	2	2	-1	-1	-1	-1	-1	-1	-1	-1	-1	-1	-1	-1	-1	-1	-1	-1	-1	-1	-1	-1	-1	-1	-1	-1
NS15266Y	2	2	-1	-1	-1	-1	-1	-1	-1	-1	-1	-1	-1	-1	-1	-1	-1	-1	-1	-1	-1	-1	-1	-1	-1	-1
NS15267Z	2	1	10	2017	1	8	1971	50	3	-1	-1	1	1	-1	-1	-1	-1	-1	-1	-1	-1	-1	-1	-1	-1	-1
NS15268A	1	-1	-1	-1	-1	-1	-1	-1	1	7	2016	1	1	-1	-1	-1	-1	-1	-1	-1	-1	-1	-1	-1	-1	-1
NS15269B	2	1	7	2017	1	2	1987	35	1	7	2017	1	1	-1	-1	-1	-1	-1	-1	-1	-1	-1	-1	-1	-1	-1
NS15274Q	2	1	2	2018	1	11	1985	36	3	-1	-1	1	1	-1	-1	-1	-1	-1	-1	-1	-1	-1	-1	-1	-1	-1
NS15276S	1	-1	-1	-1	-1	-1	-1	-1	-1	-1	-1	1	1	-1	-1	-1	-1	-1	-1	-1	-1	-1	-1	-1	-1	-1
NS15277T	2	2	-1	-1	-1	-1	-1	-1	-1	-1	-1	-1	-1	-1	-1	-1	-1	-1	-1	-1	-1	-1	-1	-1	-1	-1
NS15279W	2	1	5	2018	2	12	1995	27	3	-1	-1	1	1	-1	-1	-1	-1	-1	-1	-1	-1	-1	-1	-1	-1	-1
NS15281G	2	1	9	2018	1	8	1991	31	3	-1	-1	1	1	-1	-1	-1	-1	-1	-1	-1	-1	-1	-1	-1	-1	-1
NS15283J	2	1	3	2020	2	7	1992	30	3	-1	-1	1	1	-1	-1	-1	-1	-1	-1	-1	-1	-1	-1	-1	-1	-1
NS15285L	2	1	5	2017	1	12	1990	32	3	-1	-1	2	-1	1	1	2	2	2	2	2	2	7	2022	-1	-1	-1
NS15285L	3	2	-1	-1	-1	-1	-1	-1	-1	-1	-1	-1	-1	-1	-1	-1	-1	-1	-1	-1	-1	-1	-1	-1	-1	-1
NS15286M	2	2	-1	-1	-1	-1	-1	-1	-1	-1	-1	-1	-1	-1	-1	-1	-1	-1	-1	-1	-1	-1	-1	-1	-1	-1
NS15287N	2	1	9	2018	2	4	1989	33	1	9	2020	1	1	-1	-1	-1	-1	-1	-1	-1	-1	-1	-1	-1	-1	-1
NS15289Q	2	1	4	2017	2	4	1991	31	3	-1	-1	1	1	-1	-1	-1	-1	-1	-1	-1	-1	-1	-1	-1	-1	-1
NS15290A	2	1	4	2021	2	3	1997	25	3	-1	-1	1	1	-1	-1	-1	-1	-1	-1	-1	-1	-1	-1	-1	-1	-1
NS15294E	1	-1	-1	-1	-1	-1	-1	-1	-1	-1	-1	1	1	-1	-1	-1	-1	-1	-1	-1	-1	-1	-1	-1	-1	-1
NS15297H	2	2	-1	-1	-1	-1	-1	-1	-1	-1	-1	-1	-1	-1	-1	-1	-1	-1	-1	-1	-1	-1	-1	-1	-1	-1
NS15298J	2	2	-1	-1	-1	-1	-1	-1	-1	-1	-1	-1	-1	-1	-1	-1	-1	-1	-1	-1	-1	-1	-1	-1	-1	-1
NS15300B	2	2	-1	-1	-1	-1	-1	-1	-1	-1	-1	-1	-1	-1	-1	-1	-1	-1	-1	-1	-1	-1	-1	-1	-1	-1
NS15301C	2	1	5	2022	1	10	1992	30	3	-1	-1	1	1	-1	-1	-1	-1	-1	-1	-1	-1	-1	-1	-1	-1	-1
NS15305G	1	-1	-1	-1	-1	-1	-1	-1	3	-1	-1	1	1	-1	-1	-1	-1	-1	-1	-1	-1	-1	-1	-1	-1	-1
NS15310W	2	1	7	2012	2	2	1992	30	3	-1	-1	1	1	-1	-1	-1	-1	-1	-1	-1	-1	-1	-1	-1	-1	-1
NS15311X	2	1	6	2019	2	8	1993	28	3	-1	-1	1	1	-1	-1	-1	-1	-1	-1	-1	-1	-1	-1	-1	-1	-1
NS15314A	1	-1	-1	-1	-1	-1	-1	-1	1	7	2019	1	1	-1	-1	-1	-1	-1	-1	-1	-1	-1	-1	-1	-1	-1
NS15315B	1	-1	-1	-1	-1	-1	-1	-1	-1	-1	-1	1	1	-1	-1	-1	-1	-1	-1	-1	-1	-1	-1	-1	-1	-1
NS15316C	1	-1	-1	-1	-1	-1	-1	-1	1	6	2019	1	1	-1	-1	-1	-1	-1	-1	-1	-1	-1	-1	-1	-1	-1
NS15317D	2	1	1	2010	1	11	1985	37	3	-1	-1	1	1	-1	-1	-1	-1	-1	-1	-1	-1	-1	-1	-1	-1	-1
NS15318E	2	2	-1	-1	-1	-1	-1	-1	-1	-1	-1	-1	-1	-1	-1	-1	-1	-1	-1	-1	-1	-1	-1	-1	-1	-1
NS15319F	1	-1	-1	-1	-1	-1	-1	-1	1	4	2017	1	1	-1	-1	-1	-1	-1	-1	-1	-1	-1	-1	-1	-1	-1
NS15320Q	2	1	5	2016	2	7	1995	27	3	-1	-1	1	1	-1	-1	-1	-1	-1	-1	-1	-1	-1	-1	-1	-1	-1
NS15321R	1	-1	-1	-1	-1	-1	-1	-1	1	9	2022	1	2	-1	-1	-1	-1	-1	-1	-1	-1	3	2020	-1	-1	-1
NS15321R	2	2	-1	-1	-1	-1	-1	-1	-1	-1	-1	-1	-1	-1	-1	-1	-1	-1	-1	-1	-1	-1	-1	-1	-1	-1
NS15324V	1	-1	-1	-1	-1	-1	-1	-1	3	-1	-1	1	1	-1	-1	-1	-1	-1	-1	-1	-1	-1	-1	-1	-1	-1
NS15325W	2	2	-1	-1	-1	-1	-1	-1	-1	-1	-1	-1	-1	-1	-1	-1	-1	-1	-1	-1	-1	-1	-1	-1	-1	-1
NS15327Y	2	1	12	2021	1	10	1983	39	1	10	2022	1	1	-1	-1	-1	-1	-1	-1	-1	-1	-1	-1	-1	-1	-1
NS15328Z	2	1	3	2017	2	8	1990	32	3	-1	-1	1	1	-1	-1	-1	-1	-1	-1	-1	-1	-1	-1	-1	-1	-1
NS15329A	2	1	7	2022	2	2	1994	29	3	-1	-1	1	1	-1	-1	-1	-1	-1	-1	-1	-1	-1	-1	-1	-1	-1
NS15331L	2	2	-1	-1	-1	-1	-1	-1	-1	-1	-1	-1	-1	-1	-1	-1	-1	-1	-1	-1	-1	-1	-1	-1	-1	-1
NS15333N	2	1	7	2017	2	2	1995	28	1	12	2021	1	1	-1	-1	-1	-1	-1	-1	-1	-1	-1	-1	-1	-1	-1
NS15338T	2	1	8	2016	2	4	1990	32	1	7	2017	1	1	-1	-1	-1	-1	-1	-1	-1	-1	-1	-1	-1	-1	-1
NS15339V	2	2	-1	-1	-1	-1	-1	-1	-1	-1	-1	-1	-1	-1	-1	-1	-1	-1	-1	-1	-1	-1	-1	-1	-1	-1
NS15341F	2	1	4	2017	2	10	1989	33	1	4	2017	1	1	-1	-1	-1	-1	-1	-1	-1	-1	-1	-1	-1	-1	-1
NS15342G	2	2	-1	-1	-1	-1	-1	-1	-1	-1	-1	-1	-1	-1	-1	-1	-1	-1	-1	-1	-1	-1	-1	-1	-1	-1
NS15345K	2	1	3	2020	2	1	1999	24	1	10	2022	1	1	-1	-1	-1	-1	-1	-1	-1	-1	-1	-1	-1	-1	-1
NS15351A	2	2	-1	-1	-1	-1	-1	-1	-1	-1	-1	-1	-1	-1	-1	-1	-1	-1	-1	-1	-1	-1	-1	-1	-1	-1
NS15352B	2	2	-1	-1	-1	-1	-1	-1	-1	-1	-1	-1	-1	-1	-1	-1	-1	-1	-1	-1	-1	-1	-1	-1	-1	-1
NS15353C	2	2	-1	-1	-1	-1	-1	-1	-1	-1	-1	-1	-1	-1	-1	-1	-1	-1	-1	-1	-1	-1	-1	-1	-1	-1
NS15354D	2	1	11	2019	1	3	1990	32	3	-1	-1	2	-1	1	1	1	2	2	2	2	2	5	2020	-1	-1	-1
NS15354D	3	2	-1	-1	-1	-1	-1	-1	-1	-1	-1	-1	-1	-1	-1	-1	-1	-1	-1	-1	-1	-1	-1	-1	-1	-1
NS15355E	2	2	-1	-1	-1	-1	-1	-1	-1	-1	-1	-1	-1	-1	-1	-1	-1	-1	-1	-1	-1	-1	-1	-1	-1	-1
NS15356F	1	-1	-1	-1	-1	-1	-1	-1	1	6	2021	1	1	-1	-1	-1	-1	-1	-1	-1	-1	-1	-1	-1	-1	-1
NS15359J	1	-1	-1	-1	-1	-1	-1	-1	3	-1	-1	2	-1	1	1	2	2	2	2	2	2	5	2017	-1	-1	-1
NS15359J	2	1	5	2021	2	7	1990	31	3	-1	-1	1	1	-1	-1	-1	-1	-1	-1	-1	-1	-1	-1	-1	-1	-1
NS15361V	1	-1	-1	-1	-1	-1	-1	-1	1	7	2017	1	1	-1	-1	-1	-1	-1	-1	-1	-1	-1	-1	-1	-1	-1
NS15363X	2	2	-1	-1	-1	-1	-1	-1	-1	-1	-1	-1	-1	-1	-1	-1	-1	-1	-1	-1	-1	-1	-1	-1	-1	-1
NS15365Z	2	1	9	2018	1	4	1982	40	3	-1	-1	2	-1	1	1	2	2	2	2	2	2	6	2021	-1	-1	-1
NS15365Z	3	2	-1	-1	-1	-1	-1	-1	-1	-1	-1	-1	-1	-1	-1	-1	-1	-1	-1	-1	-1	-1	-1	-1	-1	-1
NS15366A	2	1	10	2017	1	6	1986	35	3	-1	-1	1	1	-1	-1	-1	-1	-1	-1	-1	-1	-1	-1	-1	-1	-1
NS15368C	2	2	-1	-1	-1	-1	-1	-1	-1	-1	-1	-1	-1	-1	-1	-1	-1	-1	-1	-1	-1	-1	-1	-1	-1	-1
NS15369D	2	1	3	2008	2	10	1989	33	1	8	2013	1	1	-1	-1	-1	-1	-1	-1	-1	-1	-1	-1	-1	-1	-1
NS15370N	2	1	5	2017	1	1	1988	35	3	-1	-1	2	-1	1	1	2	2	2	2	2	2	1	2019	-1	-1	-1
NS15370N	3	2	-1	-1	-1	-1	-1	-1	-1	-1	-1	-1	-1	-1	-1	-1	-1	-1	-1	-1	-1	-1	-1	-1	-1	-1
NS15371P	1	-1	-1	-1	-1	-1	-1	-1	1	7	2016	1	1	-1	-1	-1	-1	-1	-1	-1	-1	-1	-1	-1	-1	-1
NS15376V	2	2	-1	-1	-1	-1	-1	-1	-1	-1	-1	-1	-1	-1	-1	-1	-1	-1	-1	-1	-1	-1	-1	-1	-1	-1
NS15377W	2	1	8	2012	1	8	1982	40	1	9	2017	1	1	-1	-1	-1	-1	-1	-1	-1	-1	-1	-1	-1	-1	-1
NS15378X	2	2	-1	-1	-1	-1	-1	-1	-1	-1	-1	-1	-1	-1	-1	-1	-1	-1	-1	-1	-1	-1	-1	-1	-1	-1
NS15379Y	2	1	9	2015	1	7	1989	33	3	-1	-1	1	1	-1	-1	-1	-1	-1	-1	-1	-1	-1	-1	-1	-1	-1
NS15380H	2	1	1	2009	2	2	1990	32	1	5	2017	1	1	-1	-1	-1	-1	-1	-1	-1	-1	-1	-1	-1	-1	-1
NS15382K	1	-1	-1	-1	-1	-1	-1	-1	1	10	2019	1	1	-1	-1	-1	-1	-1	-1	-1	-1	-1	-1	-1	-1	-1
NS15389S	2	1	7	2016	1	4	1982	40	3	-1	-1	2	-1	1	2	2	2	2	1	2	2	9	2016	-1	-1	-1
NS15389S	3	1	9	2019	1	10	1989	33	1	10	2021	1	1	-1	-1	-1	-1	-1	-1	-1	-1	-1	-1	-1	-1	-1
NS15392E	1	-1	-1	-1	-1	-1	-1	-1	3	-1	-1	1	1	-1	-1	-1	-1	-1	-1	-1	-1	-1	-1	-1	-1	-1
NS15397K	2	1	11	2017	1	5	1983	39	1	7	2019	1	1	-1	-1	-1	-1	-1	-1	-1	-1	-1	-1	-1	-1	-1
NS15401E	2	1	10	2016	2	12	1994	28	1	1	2022	1	1	-1	-1	-1	-1	-1	-1	-1	-1	-1	-1	-1	-1	-1
NS15404H	1	-1	-1	-1	-1	-1	-1	-1	3	-1	-1	1	1	-1	-1	-1	-1	-1	-1	-1	-1	-1	-1	-1	-1	-1
NS15406K	2	1	7	2016	2	4	1981	41	3	-1	-1	1	1	-1	-1	-1	-1	-1	-1	-1	-1	-1	-1	-1	-1	-1
NS15407L	2	1	5	2019	2	6	1990	32	3	-1	-1	1	1	-1	-1	-1	-1	-1	-1	-1	-1	-1	-1	-1	-1	-1
NS15409N	2	1	7	2018	2	1	1990	33	3	-1	-1	2	-1	1	1	2	2	2	2	2	2	1	2021	-1	-1	-1
NS15409N	3	1	3	2022	2	5	1990	32	3	-1	-1	2	-1	1	1	2	2	2	2	2	2	12	2022	-1	-1	-1
NS15409N	4	2	-1	-1	-1	-1	-1	-1	-1	-1	-1	-1	-1	-1	-1	-1	-1	-1	-1	-1	-1	-1	-1	-1	-1	-1
NS15410Y	2	2	-1	-1	-1	-1	-1	-1	-1	-1	-1	-1	-1	-1	-1	-1	-1	-1	-1	-1	-1	-1	-1	-1	-1	-1
NS15413B	2	2	-1	-1	-1	-1	-1	-1	-1	-1	-1	-1	-1	-1	-1	-1	-1	-1	-1	-1	-1	-1	-1	-1	-1	-1
NS15414C	2	1	-8	2006	1	-8	-8	-8	3	-1	-1	2	-1	1	2	2	2	2	1	2	2	-8	2007	-1	-1	-1
NS15414C	3	1	-8	2010	1	6	-8	35	3	-1	-1	2	-1	1	2	2	2	2	1	2	2	-8	2011	-1	-1	-1
NS15414C	4	1	-8	2014	1	-8	-8	-8	3	-1	-1	2	-1	1	1	2	2	2	2	2	2	-8	2016	-1	-1	-1
NS15414C	5	1	-8	2017	1	-8	-8	-8	3	-1	-1	2	-1	1	2	2	2	2	1	2	2	-8	2016	-1	-1	-1
NS15414C	6	1	11	2020	1	6	1988	34	3	-1	-1	2	-1	1	2	1	1	1	1	2	2	11	2021	-1	-1	-1
NS15414C	7	2	-1	-1	-1	-1	-1	-1	-1	-1	-1	-1	-1	-1	-1	-1	-1	-1	-1	-1	-1	-1	-1	-1	-1	-1
NS15427A	1	-1	-1	-1	-1	-1	-1	-1	3	-1	-1	1	1	-1	-1	-1	-1	-1	-1	-1	-1	-1	-1	-1	-1	-1
NS15428B	1	-1	-1	-1	-1	-1	-1	-1	1	4	2018	1	1	-1	-1	-1	-1	-1	-1	-1	-1	-1	-1	-1	-1	-1
NS15431N	2	2	-1	-1	-1	-1	-1	-1	-1	-1	-1	-1	-1	-1	-1	-1	-1	-1	-1	-1	-1	-1	-1	-1	-1	-1
NS15434R	2	2	-1	-1	-1	-1	-1	-1	-1	-1	-1	-1	-1	-1	-1	-1	-1	-1	-1	-1	-1	-1	-1	-1	-1	-1
NS15436T	2	2	-1	-1	-1	-1	-1	-1	-1	-1	-1	-1	-1	-1	-1	-1	-1	-1	-1	-1	-1	-1	-1	-1	-1	-1
NS15437V	2	2	-1	-1	-1	-1	-1	-1	-1	-1	-1	-1	-1	-1	-1	-1	-1	-1	-1	-1	-1	-1	-1	-1	-1	-1
NS15439X	2	1	1	2020	2	5	1984	39	3	-1	-1	2	-1	1	1	2	1	1	2	2	2	6	2021	-1	-1	-1
NS15439X	3	1	4	2023	2	12	1990	32	3	-1	-1	1	1	-1	-1	-1	-1	-1	-1	-1	-1	-1	-1	-1	-1	-1
NS15440G	2	2	-1	-1	-1	-1	-1	-1	-1	-1	-1	-1	-1	-1	-1	-1	-1	-1	-1	-1	-1	-1	-1	-1	-1	-1
NS15447P	2	1	6	2017	1	9	1978	44	1	4	2019	1	1	-1	-1	-1	-1	-1	-1	-1	-1	-1	-1	-1	-1	-1
NS15448Q	2	2	-1	-1	-1	-1	-1	-1	-1	-1	-1	-1	-1	-1	-1	-1	-1	-1	-1	-1	-1	-1	-1	-1	-1	-1
NS15452D	2	1	1	2017	1	11	1986	36	3	-1	-1	1	1	-1	-1	-1	-1	-1	-1	-1	-1	-1	-1	-1	-1	-1
NS15453E	2	1	8	2018	1	7	1990	32	1	3	2015	1	1	-1	-1	-1	-1	-1	-1	-1	-1	-1	-1	-1	-1	-1
NS15456H	1	-1	-1	-1	-1	-1	-1	-1	3	-1	-1	1	1	-1	-1	-1	-1	-1	-1	-1	-1	-1	-1	-1	-1	-1
NS15457J	2	2	-1	-1	-1	-1	-1	-1	-1	-1	-1	-1	-1	-1	-1	-1	-1	-1	-1	-1	-1	-1	-1	-1	-1	-1
NS15459L	2	2	-1	-1	-1	-1	-1	-1	-1	-1	-1	-1	-1	-1	-1	-1	-1	-1	-1	-1	-1	-1	-1	-1	-1	-1
NS15460W	2	1	4	2017	1	2	1988	34	1	4	2017	1	1	-1	-1	-1	-1	-1	-1	-1	-1	-1	-1	-1	-1	-1
NS15466C	2	2	-1	-1	-1	-1	-1	-1	-1	-1	-1	-1	-1	-1	-1	-1	-1	-1	-1	-1	-1	-1	-1	-1	-1	-1
NS15469F	2	1	1	2019	1	5	1984	38	3	-1	-1	1	1	-1	-1	-1	-1	-1	-1	-1	-1	-1	-1	-1	-1	-1
NS15470Q	1	-1	-1	-1	-1	-1	-1	-1	-1	-1	-1	1	1	-1	-1	-1	-1	-1	-1	-1	-1	-1	-1	-1	-1	-1
NS15471R	2	2	-1	-1	-1	-1	-1	-1	-1	-1	-1	-1	-1	-1	-1	-1	-1	-1	-1	-1	-1	-1	-1	-1	-1	-1
NS15472S	2	1	9	2020	1	8	1987	34	1	9	2020	1	1	-1	-1	-1	-1	-1	-1	-1	-1	-1	-1	-1	-1	-1
NS15474V	2	1	10	2019	1	7	1990	33	1	8	2023	1	1	-1	-1	-1	-1	-1	-1	-1	-1	-1	-1	-1	-1	-1
NS15476X	2	1	4	2019	1	10	1990	32	3	-1	-1	2	-1	1	1	1	2	2	2	2	2	9	2022	-1	-1	-1
NS15476X	3	2	-1	-1	-1	-1	-1	-1	-1	-1	-1	-1	-1	-1	-1	-1	-1	-1	-1	-1	-1	-1	-1	-1	-1	-1
NS15477Y	2	1	8	2017	1	11	1988	34	1	11	2021	1	1	-1	-1	-1	-1	-1	-1	-1	-1	-1	-1	-1	-1	-1
NS15479A	1	-1	-1	-1	-1	-1	-1	-1	3	-1	-1	1	1	-1	-1	-1	-1	-1	-1	-1	-1	-1	-1	-1	-1	-1
NS15480K	2	1	3	2009	1	7	1987	35	1	11	2014	1	1	-1	-1	-1	-1	-1	-1	-1	-1	-1	-1	-1	-1	-1
NS15483N	2	2	-1	-1	-1	-1	-1	-1	-1	-1	-1	-1	-1	-1	-1	-1	-1	-1	-1	-1	-1	-1	-1	-1	-1	-1
NS15484P	2	1	9	2014	1	2	1986	37	1	10	2019	1	1	-1	-1	-1	-1	-1	-1	-1	-1	-1	-1	-1	-1	-1
NS15485Q	2	2	-1	-1	-1	-1	-1	-1	-1	-1	-1	-1	-1	-1	-1	-1	-1	-1	-1	-1	-1	-1	-1	-1	-1	-1
NS15487S	2	1	9	2016	1	7	1992	30	3	-1	-1	1	1	-1	-1	-1	-1	-1	-1	-1	-1	-1	-1	-1	-1	-1
NS15488T	2	1	4	2021	-9	-9	-9	-9	1	-9	-9	2	-1	1	1	1	1	1	1	2	2	5	2022	1	5	2022
NS15488T	3	2	-1	-1	-1	-1	-1	-1	-1	-1	-1	-1	-1	-1	-1	-1	-1	-1	-1	-1	-1	-1	-1	-1	-1	-1
NS15489V	2	1	6	2021	1	11	1989	32	1	6	2021	1	1	-1	-1	-1	-1	-1	-1	-1	-1	-1	-1	-1	-1	-1
NS15491F	2	2	-1	-1	-1	-1	-1	-1	-1	-1	-1	-1	-1	-1	-1	-1	-1	-1	-1	-1	-1	-1	-1	-1	-1	-1
NS15492G	1	-1	-1	-1	-1	-1	-1	-1	1	6	2019	1	1	-1	-1	-1	-1	-1	-1	-1	-1	-1	-1	-1	-1	-1
NS15496L	2	1	1	2017	1	8	1995	27	3	-1	-1	1	1	-1	-1	-1	-1	-1	-1	-1	-1	-1	-1	-1	-1	-1
NS15500F	2	1	7	2013	1	3	1987	35	1	8	2014	1	1	-1	-1	-1	-1	-1	-1	-1	-1	-1	-1	-1	-1	-1
NS15503J	2	2	-1	-1	-1	-1	-1	-1	-1	-1	-1	-1	-1	-1	-1	-1	-1	-1	-1	-1	-1	-1	-1	-1	-1	-1
NS15506M	2	2	-1	-1	-1	-1	-1	-1	-1	-1	-1	-1	-1	-1	-1	-1	-1	-1	-1	-1	-1	-1	-1	-1	-1	-1
NS15507N	2	1	1	2019	2	5	1990	32	1	6	2018	1	1	-1	-1	-1	-1	-1	-1	-1	-1	-1	-1	-1	-1	-1
NS15511B	1	-1	-1	-1	-1	-1	-1	-1	1	7	2017	1	1	-1	-1	-1	-1	-1	-1	-1	-1	-1	-1	-1	-1	-1
NS15515F	2	1	2	2021	1	9	1984	38	3	-1	-1	1	1	-1	-1	-1	-1	-1	-1	-1	-1	-1	-1	-1	-1	-1
NS15517H	1	-1	-1	-1	-1	-1	-1	-1	-1	-1	-1	1	1	-1	-1	-1	-1	-1	-1	-1	-1	-1	-1	-1	-1	-1
NS15518J	2	2	-1	-1	-1	-1	-1	-1	-1	-1	-1	-1	-1	-1	-1	-1	-1	-1	-1	-1	-1	-1	-1	-1	-1	-1
NS15519K	1	-1	-1	-1	-1	-1	-1	-1	1	11	2022	1	1	-1	-1	-1	-1	-1	-1	-1	-1	-1	-1	-1	-1	-1
NS15521W	1	-1	-1	-1	-1	-1	-1	-1	1	6	2019	1	1	-1	-1	-1	-1	-1	-1	-1	-1	-1	-1	-1	-1	-1
NS15522X	2	1	8	2019	2	12	1988	34	1	8	2019	1	1	-1	-1	-1	-1	-1	-1	-1	-1	-1	-1	-1	-1	-1
NS15524Z	1	-1	-1	-1	-1	-1	-1	-1	1	8	2019	1	1	-1	-1	-1	-1	-1	-1	-1	-1	-1	-1	-1	-1	-1
NS15525A	1	-1	-1	-1	-1	-1	-1	-1	1	10	2017	1	1	-1	-1	-1	-1	-1	-1	-1	-1	-1	-1	-1	-1	-1
NS15527C	2	1	3	2020	1	8	1980	42	3	-1	-1	1	1	-1	-1	-1	-1	-1	-1	-1	-1	-1	-1	-1	-1	-1
NS15528D	2	1	5	2019	2	7	1991	32	3	-1	-1	2	-1	1	1	2	2	2	2	2	2	6	2021	-1	-1	-1
NS15528D	3	2	-1	-1	-1	-1	-1	-1	-1	-1	-1	-1	-1	-1	-1	-1	-1	-1	-1	-1	-1	-1	-1	-1	-1	-1
NS15530P	1	-1	-1	-1	-1	-1	-1	-1	-1	-1	-1	1	1	-1	-1	-1	-1	-1	-1	-1	-1	-1	-1	-1	-1	-1
NS15536W	2	2	-1	-1	-1	-1	-1	-1	-1	-1	-1	-1	-1	-1	-1	-1	-1	-1	-1	-1	-1	-1	-1	-1	-1	-1
NS15540J	1	-1	-1	-1	-1	-1	-1	-1	1	8	2016	1	1	-1	-1	-1	-1	-1	-1	-1	-1	-1	-1	-1	-1	-1
NS15542L	2	2	-1	-1	-1	-1	-1	-1	-1	-1	-1	-1	-1	-1	-1	-1	-1	-1	-1	-1	-1	-1	-1	-1	-1	-1
NS15548S	1	-1	-1	-1	-1	-1	-1	-1	-1	-1	-1	1	1	-1	-1	-1	-1	-1	-1	-1	-1	-1	-1	-1	-1	-1
NS15552F	2	1	7	2022	1	8	1992	30	3	-1	-1	1	1	-1	-1	-1	-1	-1	-1	-1	-1	-1	-1	-1	-1	-1
NS15553G	2	1	3	2018	1	11	1988	34	3	-1	-1	2	-1	1	1	2	2	2	2	2	2	8	2020	-1	-1	-1
NS15553G	3	2	-1	-1	-1	-1	-1	-1	-1	-1	-1	-1	-1	-1	-1	-1	-1	-1	-1	-1	-1	-1	-1	-1	-1	-1
NS15555J	2	1	4	2017	1	4	1988	34	3	-1	-1	1	1	-1	-1	-1	-1	-1	-1	-1	-1	-1	-1	-1	-1	-1
NS15558M	1	-1	-1	-1	-1	-1	-1	-1	3	-1	-1	1	1	-1	-1	-1	-1	-1	-1	-1	-1	-1	-1	-1	-1	-1
NS15560Y	2	2	-1	-1	-1	-1	-1	-1	-1	-1	-1	-1	-1	-1	-1	-1	-1	-1	-1	-1	-1	-1	-1	-1	-1	-1
NS15561Z	2	1	2	2020	1	1	1991	31	3	-1	-1	1	1	-1	-1	-1	-1	-1	-1	-1	-1	-1	-1	-1	-1	-1
NS15564C	2	1	8	2018	1	11	1986	36	3	-1	-1	1	1	-1	-1	-1	-1	-1	-1	-1	-1	-1	-1	-1	-1	-1
NS15565D	2	2	-1	-1	-1	-1	-1	-1	-1	-1	-1	-1	-1	-1	-1	-1	-1	-1	-1	-1	-1	-1	-1	-1	-1	-1
NS15566E	1	-1	-1	-1	-1	-1	-1	-1	1	6	2017	1	1	-1	-1	-1	-1	-1	-1	-1	-1	-1	-1	-1	-1	-1
NS15570S	2	1	1	2017	1	8	1986	35	1	9	2019	1	1	-1	-1	-1	-1	-1	-1	-1	-1	-1	-1	-1	-1	-1
NS15575Y	2	1	3	2020	2	7	1990	32	3	-1	-1	1	1	-1	-1	-1	-1	-1	-1	-1	-1	-1	-1	-1	-1	-1
NS15576Z	1	-1	-1	-1	-1	-1	-1	-1	3	-1	-1	1	1	-1	-1	-1	-1	-1	-1	-1	-1	-1	-1	-1	-1	-1
NS15578B	2	1	6	2018	1	8	1986	36	3	-1	-1	1	1	-1	-1	-1	-1	-1	-1	-1	-1	-1	-1	-1	-1	-1
NS15579C	1	-1	-1	-1	-1	-1	-1	-1	1	8	2019	1	1	-1	-1	-1	-1	-1	-1	-1	-1	-1	-1	-1	-1	-1
NS15583Q	2	1	3	2016	2	1	1987	35	3	7	2017	2	-1	1	1	2	2	2	2	2	2	1	2022	2	-1	-1
NS15583Q	3	2	-1	-1	-1	-1	-1	-1	-1	-1	-1	-1	-1	-1	-1	-1	-1	-1	-1	-1	-1	-1	-1	-1	-1	-1
NS15584R	2	1	2	2020	2	7	1989	33	1	9	2021	1	1	-1	-1	-1	-1	-1	-1	-1	-1	-1	-1	-1	-1	-1
NS15587V	2	1	4	2018	1	7	1987	35	3	-1	-1	2	-1	1	1	1	2	2	1	2	2	10	2018	-1	-1	-1
NS15587V	3	2	-1	-1	-1	-1	-1	-1	-1	-1	-1	-1	-1	-1	-1	-1	-1	-1	-1	-1	-1	-1	-1	-1	-1	-1
NS15591H	1	-1	-1	-1	-1	-1	-1	-1	1	6	2018	1	1	-1	-1	-1	-1	-1	-1	-1	-1	-1	-1	-1	-1	-1
NS15592J	2	2	-1	-1	-1	-1	-1	-1	-1	-1	-1	-1	-1	-1	-1	-1	-1	-1	-1	-1	-1	-1	-1	-1	-1	-1
NS15593K	1	-1	-1	-1	-1	-1	-1	-1	3	-1	-1	1	1	-1	-1	-1	-1	-1	-1	-1	-1	-1	-1	-1	-1	-1
NS15594L	2	1	9	2014	2	8	1994	28	3	-1	-1	2	-1	2	-1	-1	-1	-1	-1	-1	-1	3	2022	-1	-1	-1
NS15594L	3	2	-1	-1	-1	-1	-1	-1	-1	-1	-1	-1	-1	-1	-1	-1	-1	-1	-1	-1	-1	-1	-1	-1	-1	-1
NS15597P	2	1	11	2017	2	8	1996	26	3	-1	-1	2	-1	1	1	1	1	2	2	2	2	9	2022	-1	-1	-1
NS15597P	3	2	-1	-1	-1	-1	-1	-1	-1	-1	-1	-1	-1	-1	-1	-1	-1	-1	-1	-1	-1	-1	-1	-1	-1	-1
NS15598Q	2	1	10	2013	2	8	1990	33	3	-1	-1	1	1	-1	-1	-1	-1	-1	-1	-1	-1	-1	-1	-1	-1	-1
NS15599R	2	1	6	2017	2	1	1987	35	3	-1	-1	1	1	-1	-1	-1	-1	-1	-1	-1	-1	-1	-1	-1	-1	-1
NS15601J	2	1	3	2022	2	6	1991	31	3	-1	-1	1	1	-1	-1	-1	-1	-1	-1	-1	-1	-1	-1	-1	-1	-1
NS15602K	1	-1	-1	-1	-1	-1	-1	-1	3	-1	-1	2	-1	1	2	2	1	1	1	2	2	5	2016	-1	-1	-1
NS15602K	2	2	-1	-1	-1	-1	-1	-1	-1	-1	-1	-1	-1	-1	-1	-1	-1	-1	-1	-1	-1	-1	-1	-1	-1	-1
NS15605N	1	-1	-1	-1	-1	-1	-1	-1	-1	-1	-1	1	1	-1	-1	-1	-1	-1	-1	-1	-1	-1	-1	-1	-1	-1
NS15606P	2	2	-1	-1	-1	-1	-1	-1	-1	-1	-1	-1	-1	-1	-1	-1	-1	-1	-1	-1	-1	-1	-1	-1	-1	-1
NS15611D	2	2	-1	-1	-1	-1	-1	-1	-1	-1	-1	-1	-1	-1	-1	-1	-1	-1	-1	-1	-1	-1	-1	-1	-1	-1
NS15612E	2	1	2	2019	2	1	1952	71	3	-1	-1	1	1	-1	-1	-1	-1	-1	-1	-1	-1	-1	-1	-1	-1	-1
NS15618L	2	2	-1	-1	-1	-1	-1	-1	-1	-1	-1	-1	-1	-1	-1	-1	-1	-1	-1	-1	-1	-1	-1	-1	-1	-1
NS15619M	2	2	-1	-1	-1	-1	-1	-1	-1	-1	-1	-1	-1	-1	-1	-1	-1	-1	-1	-1	-1	-1	-1	-1	-1	-1
NS15622Z	2	2	-1	-1	-1	-1	-1	-1	-1	-1	-1	-1	-1	-1	-1	-1	-1	-1	-1	-1	-1	-1	-1	-1	-1	-1
NS15623A	2	2	-1	-1	-1	-1	-1	-1	-1	-1	-1	-1	-1	-1	-1	-1	-1	-1	-1	-1	-1	-1	-1	-1	-1	-1
NS15624B	2	2	-1	-1	-1	-1	-1	-1	-1	-1	-1	-1	-1	-1	-1	-1	-1	-1	-1	-1	-1	-1	-1	-1	-1	-1
NS15625C	1	-1	-1	-1	-1	-1	-1	-1	3	-1	-1	2	-1	1	1	2	2	2	2	2	2	4	2017	-1	-1	-1
NS15625C	2	1	8	2018	1	1	1992	30	3	-1	-1	2	-1	1	1	2	2	2	2	2	2	6	2019	-1	-1	-1
NS15625C	3	2	-1	-1	-1	-1	-1	-1	-1	-1	-1	-1	-1	-1	-1	-1	-1	-1	-1	-1	-1	-1	-1	-1	-1	-1
NS15627E	2	1	3	2014	2	8	1995	27	3	-1	-1	1	1	-1	-1	-1	-1	-1	-1	-1	-1	-1	-1	-1	-1	-1
NS15628F	1	-1	-1	-1	-1	-1	-1	-1	-1	-1	-1	1	1	-1	-1	-1	-1	-1	-1	-1	-1	-1	-1	-1	-1	-1
NS15629G	2	2	-1	-1	-1	-1	-1	-1	-1	-1	-1	-1	-1	-1	-1	-1	-1	-1	-1	-1	-1	-1	-1	-1	-1	-1
NS15633V	1	-1	-1	-1	-1	-1	-1	-1	3	-1	-1	2	-1	1	2	2	2	2	2	2	1	4	2022	-1	-1	-1
NS15633V	2	2	-1	-1	-1	-1	-1	-1	-1	-1	-1	-1	-1	-1	-1	-1	-1	-1	-1	-1	-1	-1	-1	-1	-1	-1
NS15634W	2	1	11	2019	2	5	1990	32	3	-1	-1	2	-1	1	1	2	1	2	2	2	2	12	2020	-1	-1	-1
NS15634W	3	2	-1	-1	-1	-1	-1	-1	-1	-1	-1	-1	-1	-1	-1	-1	-1	-1	-1	-1	-1	-1	-1	-1	-1	-1
NS15636Y	1	-1	-1	-1	-1	-1	-1	-1	3	-1	-1	1	1	-1	-1	-1	-1	-1	-1	-1	-1	-1	-1	-1	-1	-1
NS15637Z	2	2	-1	-1	-1	-1	-1	-1	-1	-1	-1	-1	-1	-1	-1	-1	-1	-1	-1	-1	-1	-1	-1	-1	-1	-1
NS15638A	2	1	9	2021	2	4	1994	29	1	5	2021	1	1	-1	-1	-1	-1	-1	-1	-1	-1	-1	-1	-1	-1	-1
NS15639B	1	-1	-1	-1	-1	-1	-1	-1	3	-1	-1	1	1	-1	-1	-1	-1	-1	-1	-1	-1	-1	-1	-1	-1	-1
NS15642N	1	-1	-1	-1	-1	-1	-1	-1	3	-1	-1	1	1	-1	-1	-1	-1	-1	-1	-1	-1	-1	-1	-1	-1	-1
NS15646S	1	1	2	2018	-8	6	1967	55	3	-1	-1	1	1	-1	-1	-1	-1	-1	-1	-1	-1	-1	-1	-1	-1	-1
NS15647T	2	2	-1	-1	-1	-1	-1	-1	-1	-1	-1	-1	-1	-1	-1	-1	-1	-1	-1	-1	-1	-1	-1	-1	-1	-1
NS15649W	2	1	4	2012	1	-8	-8	-8	3	-1	-1	2	-1	1	1	2	2	2	2	2	2	11	2013	-1	-1	-1
NS15649W	3	2	-1	-1	-1	-1	-1	-1	-1	-1	-1	-1	-1	-1	-1	-1	-1	-1	-1	-1	-1	-1	-1	-1	-1	-1
NS15650F	2	1	7	2020	2	10	1992	30	3	7	2019	2	-1	1	1	2	2	2	2	2	2	1	2021	2	-1	-1
NS15650F	3	2	-1	-1	-1	-1	-1	-1	-1	-1	-1	-1	-1	-1	-1	-1	-1	-1	-1	-1	-1	-1	-1	-1	-1	-1
NS15652H	2	1	1	2022	2	2	1996	27	3	-1	-1	1	1	-1	-1	-1	-1	-1	-1	-1	-1	-1	-1	-1	-1	-1
NS15653J	2	2	-1	-1	-1	-1	-1	-1	-1	-1	-1	-1	-1	-1	-1	-1	-1	-1	-1	-1	-1	-1	-1	-1	-1	-1
NS15654K	1	-1	-1	-1	-1	-1	-1	-1	1	4	2019	1	1	-1	-1	-1	-1	-1	-1	-1	-1	-1	-1	-1	-1	-1
NS15656M	1	-1	-1	-1	-1	-1	-1	-1	1	8	2016	1	1	-1	-1	-1	-1	-1	-1	-1	-1	-1	-1	-1	-1	-1
NS15658P	1	-1	-1	-1	-1	-1	-1	-1	1	5	2022	1	1	-1	-1	-1	-1	-1	-1	-1	-1	-1	-1	-1	-1	-1
NS15661B	2	1	8	2019	2	8	1995	27	1	8	2019	1	1	-1	-1	-1	-1	-1	-1	-1	-1	-1	-1	-1	-1	-1
NS15662C	2	2	-1	-1	-1	-1	-1	-1	-1	-1	-1	-1	-1	-1	-1	-1	-1	-1	-1	-1	-1	-1	-1	-1	-1	-1
NS15664E	2	2	-1	-1	-1	-1	-1	-1	-1	-1	-1	-1	-1	-1	-1	-1	-1	-1	-1	-1	-1	-1	-1	-1	-1	-1
NS15665F	2	1	11	2012	2	6	1995	27	3	-1	-1	1	1	-1	-1	-1	-1	-1	-1	-1	-1	-1	-1	-1	-1	-1
NS15667H	2	1	11	2017	1	1	1986	36	1	6	2021	1	1	-1	-1	-1	-1	-1	-1	-1	-1	-1	-1	-1	-1	-1
NS15671W	2	2	-1	-1	-1	-1	-1	-1	-1	-1	-1	-1	-1	-1	-1	-1	-1	-1	-1	-1	-1	-1	-1	-1	-1	-1
NS15675A	2	1	4	2020	2	3	1988	34	1	2	2020	1	1	-1	-1	-1	-1	-1	-1	-1	-1	-1	-1	-1	-1	-1
NS15679E	1	-1	-1	-1	-1	-1	-1	-1	3	-1	-1	1	1	-1	-1	-1	-1	-1	-1	-1	-1	-1	-1	-1	-1	-1
NS15684T	1	-1	-1	-1	-1	-1	-1	-1	3	-1	-1	1	1	-1	-1	-1	-1	-1	-1	-1	-1	-1	-1	-1	-1	-1
NS15686W	2	2	-1	-1	-1	-1	-1	-1	-1	-1	-1	-1	-1	-1	-1	-1	-1	-1	-1	-1	-1	-1	-1	-1	-1	-1
NS15687X	1	-1	-1	-1	-1	-1	-1	-1	-1	-1	-1	1	1	-1	-1	-1	-1	-1	-1	-1	-1	-1	-1	-1	-1	-1
NS15688Y	2	2	-1	-1	-1	-1	-1	-1	-1	-1	-1	-1	-1	-1	-1	-1	-1	-1	-1	-1	-1	-1	-1	-1	-1	-1
NS15689Z	1	-1	-1	-1	-1	-1	-1	-1	3	-1	-1	1	1	-1	-1	-1	-1	-1	-1	-1	-1	-1	-1	-1	-1	-1
NS15690J	1	-1	-1	-1	-1	-1	-1	-1	1	8	2017	1	1	-1	-1	-1	-1	-1	-1	-1	-1	-1	-1	-1	-1	-1
NS15693M	2	1	7	2014	2	6	1990	33	3	-1	-1	1	1	-1	-1	-1	-1	-1	-1	-1	-1	-1	-1	-1	-1	-1
NS15694N	2	2	-1	-1	-1	-1	-1	-1	-1	-1	-1	-1	-1	-1	-1	-1	-1	-1	-1	-1	-1	-1	-1	-1	-1	-1
NS15695P	1	-1	-1	-1	-1	-1	-1	-1	-1	-1	-1	2	-1	1	1	2	2	2	2	2	2	7	2016	1	7	2016
NS15695P	2	1	10	2017	2	11	1993	29	1	10	2017	2	-1	1	1	2	2	2	1	2	2	8	2020	1	8	2020
NS15695P	3	2	-1	-1	-1	-1	-1	-1	-1	-1	-1	-1	-1	-1	-1	-1	-1	-1	-1	-1	-1	-1	-1	-1	-1	-1
NS15696Q	1	-1	-1	-1	-1	-1	-1	-1	3	-1	-1	1	1	-1	-1	-1	-1	-1	-1	-1	-1	-1	-1	-1	-1	-1
NS15697R	2	1	5	2021	2	3	1999	24	3	-1	-1	1	1	-1	-1	-1	-1	-1	-1	-1	-1	-1	-1	-1	-1	-1
NS15701L	2	1	8	2020	2	5	1989	33	3	-1	-1	1	1	-1	-1	-1	-1	-1	-1	-1	-1	-1	-1	-1	-1	-1
NS15702M	2	1	9	2015	2	3	1992	30	1	9	2015	1	1	-1	-1	-1	-1	-1	-1	-1	-1	-1	-1	-1	-1	-1
NS15704P	1	-1	-1	-1	-1	-1	-1	-1	3	-1	-1	1	1	-1	-1	-1	-1	-1	-1	-1	-1	-1	-1	-1	-1	-1
NS15705Q	1	-1	-1	-1	-1	-1	-1	-1	-1	-1	-1	1	1	-1	-1	-1	-1	-1	-1	-1	-1	-1	-1	-1	-1	-1
NS15707S	2	1	11	2018	2	2	1996	26	3	-1	-1	2	-1	1	1	2	2	2	2	2	2	10	2020	-1	-1	-1
NS15707S	3	1	11	2021	1	11	1988	34	3	-1	-1	1	1	-1	-1	-1	-1	-1	-1	-1	-1	-1	-1	-1	-1	-1
NS15708T	2	1	5	2014	2	9	1988	34	3	-1	-1	1	1	2	-1	-1	-1	-1	-1	-1	-1	9	-1	-1	-1	-1
NS15710E	2	2	-1	-1	-1	-1	-1	-1	-1	-1	-1	-1	-1	-1	-1	-1	-1	-1	-1	-1	-1	-1	-1	-1	-1	-1
NS15711F	2	1	1	2018	1	-9	-9	34	3	-1	-1	2	-1	1	1	1	2	2	1	2	2	11	2019	-1	-1	-1
NS15711F	3	2	-1	-1	-1	-1	-1	-1	-1	-1	-1	-1	-1	-1	-1	-1	-1	-1	-1	-1	-1	-1	-1	-1	-1	-1
NS15714J	1	-1	-1	-1	-1	-1	-1	-1	3	-1	-1	1	1	-1	-1	-1	-1	-1	-1	-1	-1	-1	-1	-1	-1	-1
NS15715K	1	-1	-1	-1	-1	-1	-1	-1	1	8	2016	1	1	-1	-1	-1	-1	-1	-1	-1	-1	-1	-1	-1	-1	-1
NS15717M	2	2	-1	-1	-1	-1	-1	-1	-1	-1	-1	-1	-1	-1	-1	-1	-1	-1	-1	-1	-1	-1	-1	-1	-1	-1
NS15721A	1	-1	-1	-1	-1	-1	-1	-1	3	-1	-1	2	-1	1	1	1	1	1	2	2	2	8	2016	-1	-1	-1
NS15721A	2	1	6	2017	1	2	1990	32	1	11	2019	1	1	-1	-1	-1	-1	-1	-1	-1	-1	-1	-1	-1	-1	-1
NS15722B	2	1	7	2021	2	10	1991	31	1	7	2021	1	1	-1	-1	-1	-1	-1	-1	-1	-1	-1	-1	-1	-1	-1
NS15725E	1	-1	-1	-1	-1	-1	-1	-1	1	8	2021	1	1	-1	-1	-1	-1	-1	-1	-1	-1	-1	-1	-1	-1	-1
NS15727G	2	2	-1	-1	-1	-1	-1	-1	-1	-1	-1	-1	-1	-1	-1	-1	-1	-1	-1	-1	-1	-1	-1	-1	-1	-1
NS15728H	2	1	4	2017	1	4	1988	34	3	-1	-1	1	1	-1	-1	-1	-1	-1	-1	-1	-1	-1	-1	-1	-1	-1
NS15731V	2	1	1	2017	1	-8	-8	35	3	-1	-1	2	-1	1	1	2	2	2	1	2	2	6	2018	-1	-1	-1
NS15731V	3	1	4	2020	1	11	1995	26	3	-1	-1	1	1	-1	-1	-1	-1	-1	-1	-1	-1	-1	-1	-1	-1	-1
NS15736A	2	2	-1	-1	-1	-1	-1	-1	-1	-1	-1	-1	-1	-1	-1	-1	-1	-1	-1	-1	-1	-1	-1	-1	-1	-1
NS15737B	2	1	3	2016	1	6	1988	33	3	-1	-1	1	1	-1	-1	-1	-1	-1	-1	-1	-1	-1	-1	-1	-1	-1
NS15738C	2	2	-1	-1	-1	-1	-1	-1	-1	-1	-1	-1	-1	-1	-1	-1	-1	-1	-1	-1	-1	-1	-1	-1	-1	-1
NS15740N	2	1	3	2017	2	4	1990	32	1	9	2017	1	1	-1	-1	-1	-1	-1	-1	-1	-1	-1	-1	-1	-1	-1
NS15741P	2	2	-1	-1	-1	-1	-1	-1	-1	-1	-1	-1	-1	-1	-1	-1	-1	-1	-1	-1	-1	-1	-1	-1	-1	-1
NS15742Q	2	2	-1	-1	-1	-1	-1	-1	-1	-1	-1	-1	-1	-1	-1	-1	-1	-1	-1	-1	-1	-1	-1	-1	-1	-1
NS15745T	2	1	12	2016	1	11	1984	38	1	12	2015	1	1	-1	-1	-1	-1	-1	-1	-1	-1	-1	-1	-1	-1	-1
NS15746V	1	-1	-1	-1	-1	-1	-1	-1	1	3	2018	1	1	-1	-1	-1	-1	-1	-1	-1	-1	-1	-1	-1	-1	-1
NS15748X	2	1	2	2018	2	11	1990	31	1	10	2022	1	1	-1	-1	-1	-1	-1	-1	-1	-1	-1	-1	-1	-1	-1
NS15750H	1	-1	-1	-1	-1	-1	-1	-1	-1	-1	-1	1	1	-1	-1	-1	-1	-1	-1	-1	-1	-1	-1	-1	-1	-1
NS15751J	2	1	6	2015	2	2	1994	29	1	7	2019	1	1	-1	-1	-1	-1	-1	-1	-1	-1	-1	-1	-1	-1	-1
NS15752K	2	1	8	2012	1	11	1989	33	1	6	2012	1	1	-1	-1	-1	-1	-1	-1	-1	-1	-1	-1	-1	-1	-1
NS15759S	2	1	2	2019	1	1	1989	34	1	2	2019	1	1	-1	-1	-1	-1	-1	-1	-1	-1	-1	-1	-1	-1	-1
NS15760C	2	1	4	2020	2	11	1991	31	3	-1	-1	1	1	-1	-1	-1	-1	-1	-1	-1	-1	-1	-1	-1	-1	-1
NS15762E	2	1	9	2019	1	2	1989	33	3	-1	-1	1	1	-1	-1	-1	-1	-1	-1	-1	-1	-1	-1	-1	-1	-1
NS15764G	1	-1	-1	-1	-1	-1	-1	-1	1	6	2017	1	1	-1	-1	-1	-1	-1	-1	-1	-1	-1	-1	-1	-1	-1
NS15767K	2	2	-1	-1	-1	-1	-1	-1	-1	-1	-1	-1	-1	-1	-1	-1	-1	-1	-1	-1	-1	-1	-1	-1	-1	-1
NS15768L	2	1	9	2019	2	9	1981	41	2	1	2022	1	1	-1	-1	-1	-1	-1	-1	-1	-1	-1	-1	-1	-1	-1
NS15769M	1	-1	-1	-1	-1	-1	-1	-1	3	-1	-1	1	1	-1	-1	-1	-1	-1	-1	-1	-1	10	2019	-1	-1	-1
NS15769M	2	2	-1	-1	-1	-1	-1	-1	-1	-1	-1	-1	-1	-1	-1	-1	-1	-1	-1	-1	-1	-1	-1	-1	-1	-1
NS15773A	1	-1	-1	-1	-1	-1	-1	-1	-1	-1	-1	1	1	-1	-1	-1	-1	-1	-1	-1	-1	-1	-1	-1	-1	-1
NS15774B	2	2	-1	-1	-1	-1	-1	-1	-1	-1	-1	-1	-1	-1	-1	-1	-1	-1	-1	-1	-1	-1	-1	-1	-1	-1
NS15775C	2	2	-1	-1	-1	-1	-1	-1	-1	-1	-1	-1	-1	-1	-1	-1	-1	-1	-1	-1	-1	-1	-1	-1	-1	-1
NS15776D	2	1	7	2012	1	-9	-9	42	3	-1	-1	1	1	-1	-1	-1	-1	-1	-1	-1	-1	-1	-1	-1	-1	-1
NS15778F	1	-1	-1	-1	-1	-1	-1	-1	1	7	2017	1	1	-1	-1	-1	-1	-1	-1	-1	-1	-1	-1	-1	-1	-1
NS15779G	2	1	4	2022	2	8	1989	33	3	-1	-1	1	1	-1	-1	-1	-1	-1	-1	-1	-1	-1	-1	-1	-1	-1
NS15782T	2	1	12	2014	2	5	1990	32	1	12	2014	1	1	-1	-1	-1	-1	-1	-1	-1	-1	-1	-1	-1	-1	-1
NS15784W	2	2	-1	-1	-1	-1	-1	-1	-1	-1	-1	-1	-1	-1	-1	-1	-1	-1	-1	-1	-1	-1	-1	-1	-1	-1
NS15787Z	2	2	-1	-1	-1	-1	-1	-1	-1	-1	-1	-1	-1	-1	-1	-1	-1	-1	-1	-1	-1	-1	-1	-1	-1	-1
NS15789B	2	1	-9	-9	-9	-9	-9	-9	-9	-1	-1	-9	-1	-1	-1	-1	-1	-1	-1	-1	-1	-1	-1	-1	-1	-1
NS15789B	3	2	-1	-1	-1	-1	-1	-1	-1	-1	-1	-1	-1	-1	-1	-1	-1	-1	-1	-1	-1	-1	-1	-1	-1	-1
NS15790L	2	2	-1	-1	-1	-1	-1	-1	-1	-1	-1	-1	-1	-1	-1	-1	-1	-1	-1	-1	-1	-1	-1	-1	-1	-1
NS15794Q	2	2	-1	-1	-1	-1	-1	-1	-1	-1	-1	-1	-1	-1	-1	-1	-1	-1	-1	-1	-1	-1	-1	-1	-1	-1
NS15797T	1	-1	-1	-1	-1	-1	-1	-1	3	-1	-1	2	-1	1	1	2	2	2	2	2	2	10	2020	-1	-1	-1
NS15797T	2	2	-1	-1	-1	-1	-1	-1	-1	-1	-1	-1	-1	-1	-1	-1	-1	-1	-1	-1	-1	-1	-1	-1	-1	-1
NS15799W	2	1	9	2016	1	2	1983	40	1	7	2016	1	1	-1	-1	-1	-1	-1	-1	-1	-1	-1	-1	-1	-1	-1
NS15801N	2	1	8	2021	2	9	1988	34	1	8	2021	1	1	-1	-1	-1	-1	-1	-1	-1	-1	-1	-1	-1	-1	-1
NS15803Q	2	2	-1	-1	-1	-1	-1	-1	-1	-1	-1	-1	-1	-1	-1	-1	-1	-1	-1	-1	-1	-1	-1	-1	-1	-1
NS15806T	2	1	5	2021	2	11	1984	38	3	-1	-1	1	1	-1	-1	-1	-1	-1	-1	-1	-1	-1	-1	-1	-1	-1
NS15807V	2	1	8	2015	1	3	1987	35	1	8	2015	1	1	-1	-1	-1	-1	-1	-1	-1	-1	-1	-1	-1	-1	-1
NS15813K	2	2	-1	-1	-1	-1	-1	-1	-1	-1	-1	-1	-1	-1	-1	-1	-1	-1	-1	-1	-1	-1	-1	-1	-1	-1
NS15815M	2	1	6	2018	2	4	1990	32	3	-1	-1	1	1	-1	-1	-1	-1	-1	-1	-1	-1	-1	-1	-1	-1	-1
NS15816N	2	2	-1	-1	-1	-1	-1	-1	-1	-1	-1	-1	-1	-1	-1	-1	-1	-1	-1	-1	-1	-1	-1	-1	-1	-1
NS15817P	1	-1	-1	-1	-1	-1	-1	-1	3	-1	-1	1	1	-1	-1	-1	-1	-1	-1	-1	-1	-1	-1	-1	-1	-1
NS15819R	1	-1	-1	-1	-1	-1	-1	-1	3	-1	-1	2	-1	1	1	2	2	2	2	2	2	7	2017	-1	-1	-1
NS15819R	2	1	12	2021	1	-9	-9	29	3	-1	-1	1	1	-1	-1	-1	-1	-1	-1	-1	-1	-1	-1	-1	-1	-1
NS15822D	2	2	-1	-1	-1	-1	-1	-1	-1	-1	-1	-1	-1	-1	-1	-1	-1	-1	-1	-1	-1	-1	-1	-1	-1	-1
NS15823E	2	2	-1	-1	-1	-1	-1	-1	-1	-1	-1	-1	-1	-1	-1	-1	-1	-1	-1	-1	-1	-1	-1	-1	-1	-1
NS15825G	2	2	-1	-1	-1	-1	-1	-1	-1	-1	-1	-1	-1	-1	-1	-1	-1	-1	-1	-1	-1	-1	-1	-1	-1	-1
NS15826H	2	2	-1	-1	-1	-1	-1	-1	-1	-1	-1	-1	-1	-1	-1	-1	-1	-1	-1	-1	-1	-1	-1	-1	-1	-1
NS15827J	2	2	-1	-1	-1	-1	-1	-1	-1	-1	-1	-1	-1	-1	-1	-1	-1	-1	-1	-1	-1	-1	-1	-1	-1	-1
NS15832Y	1	-1	-1	-1	-1	-1	-1	-1	3	-1	-1	1	1	-1	-1	-1	-1	-1	-1	-1	-1	-1	-1	-1	-1	-1
NS15833Z	2	2	-1	-1	-1	-1	-1	-1	-1	-1	-1	-1	-1	-1	-1	-1	-1	-1	-1	-1	-1	-1	-1	-1	-1	-1
NS15836C	1	-1	-1	-1	-1	-1	-1	-1	-1	-1	-1	1	1	-1	-1	-1	-1	-1	-1	-1	-1	-1	-1	-1	-1	-1
NS15838E	1	-1	-1	-1	-1	-1	-1	-1	-1	-1	-1	1	1	-1	-1	-1	-1	-1	-1	-1	-1	-1	-1	-1	-1	-1
NS15839F	2	1	10	2016	1	3	1987	35	1	8	2022	1	1	-1	-1	-1	-1	-1	-1	-1	-1	-1	-1	-1	-1	-1
NS15840Q	2	2	-1	-1	-1	-1	-1	-1	-1	-1	-1	-1	-1	-1	-1	-1	-1	-1	-1	-1	-1	-1	-1	-1	-1	-1
NS15842S	2	2	-1	-1	-1	-1	-1	-1	-1	-1	-1	-1	-1	-1	-1	-1	-1	-1	-1	-1	-1	-1	-1	-1	-1	-1
NS15845W	1	-1	-1	-1	-1	-1	-1	-1	1	9	2018	1	1	-1	-1	-1	-1	-1	-1	-1	-1	-1	-1	-1	-1	-1
NS15848Z	2	1	5	2017	1	2	1989	33	3	-1	-1	2	-1	1	1	2	2	2	2	2	2	6	2020	-1	-1	-1
NS15848Z	3	2	-1	-1	-1	-1	-1	-1	-1	-1	-1	-1	-1	-1	-1	-1	-1	-1	-1	-1	-1	-1	-1	-1	-1	-1
NS15849A	2	1	2	2017	1	3	1987	35	3	-1	-1	2	-1	1	1	2	2	2	2	2	2	1	2019	-1	-1	-1
NS15849A	3	2	-1	-1	-1	-1	-1	-1	-1	-1	-1	-1	-1	-1	-1	-1	-1	-1	-1	-1	-1	-1	-1	-1	-1	-1
NS15853N	2	1	6	2010	2	4	1990	32	1	6	2010	1	1	-1	-1	-1	-1	-1	-1	-1	-1	-1	-1	-1	-1	-1
NS15854P	2	1	7	2022	2	6	1991	31	3	-1	-1	1	1	-1	-1	-1	-1	-1	-1	-1	-1	-1	-1	-1	-1	-1
NS15855Q	2	1	3	2020	1	3	1989	33	1	-8	2019	1	1	-1	-1	-1	-1	-1	-1	-1	-1	-1	-1	-1	-1	-1
NS15857S	1	-1	-1	-1	-1	-1	-1	-1	3	-1	-1	2	-1	1	1	2	2	2	2	2	2	9	2019	-1	-1	-1
NS15857S	2	1	6	2021	1	9	1990	32	3	-1	-1	1	1	-1	-1	-1	-1	-1	-1	-1	-1	-1	-1	-1	-1	-1
NS15859V	1	-1	-1	-1	-1	-1	-1	-1	3	-1	-1	1	1	-1	-1	-1	-1	-1	-1	-1	-1	-1	-1	-1	-1	-1
NS15860E	1	-1	-1	-1	-1	-1	-1	-1	-1	-1	-1	1	1	-1	-1	-1	-1	-1	-1	-1	-1	-1	-1	-1	-1	-1
NS15862G	2	1	6	2016	2	4	1993	29	3	-1	-1	2	-1	1	1	2	2	2	2	2	2	2	2018	-1	-1	-1
NS15862G	3	1	8	2019	2	4	1989	33	3	-1	-1	1	1	-1	-1	-1	-1	-1	-1	-1	-1	-1	-1	-1	-1	-1
NS15865K	2	2	-1	-1	-1	-1	-1	-1	-1	-1	-1	-1	-1	-1	-1	-1	-1	-1	-1	-1	-1	-1	-1	-1	-1	-1
NS15867M	2	1	5	2017	2	3	1992	30	1	3	2019	1	1	-1	-1	-1	-1	-1	-1	-1	-1	-1	-1	-1	-1	-1
NS15868N	2	2	-1	-1	-1	-1	-1	-1	-1	-1	-1	-1	-1	-1	-1	-1	-1	-1	-1	-1	-1	-1	-1	-1	-1	-1
NS15869P	2	1	4	2016	1	-9	-9	30	1	4	2016	2	-1	1	1	2	2	2	2	2	2	8	2020	1	3	2022
NS15869P	3	2	-1	-1	-1	-1	-1	-1	-1	-1	-1	-1	-1	-1	-1	-1	-1	-1	-1	-1	-1	-1	-1	-1	-1	-1
NS15872B	1	-1	-1	-1	-1	-1	-1	-1	3	-1	-1	1	1	-1	-1	-1	-1	-1	-1	-1	-1	-1	-1	-1	-1	-1
NS15874D	1	-1	-1	-1	-1	-1	-1	-1	1	8	2016	1	1	-1	-1	-1	-1	-1	-1	-1	-1	-1	-1	-1	-1	-1
NS15875E	2	2	-1	-1	-1	-1	-1	-1	-1	-1	-1	-1	-1	-1	-1	-1	-1	-1	-1	-1	-1	-1	-1	-1	-1	-1
NS15876F	1	-1	-1	-1	-1	-1	-1	-1	-1	-1	-1	1	1	-1	-1	-1	-1	-1	-1	-1	-1	-1	-1	-1	-1	-1
NS15877G	2	1	1	2010	1	11	1989	32	3	-1	-1	1	1	-1	-1	-1	-1	-1	-1	-1	-1	-1	-1	-1	-1	-1
NS15882W	2	1	7	2017	1	12	1989	33	1	7	2017	1	1	-1	-1	-1	-1	-1	-1	-1	-1	-1	-1	-1	-1	-1
NS15883X	2	1	1	2020	1	7	2004	19	3	-1	-1	2	-1	1	1	1	1	1	1	2	2	6	2020	-1	-1	-1
NS15883X	3	2	-1	-1	-1	-1	-1	-1	-1	-1	-1	-1	-1	-1	-1	-1	-1	-1	-1	-1	-1	-1	-1	-1	-1	-1
NS15886A	2	1	4	2019	1	4	1982	40	1	12	2015	1	1	-1	-1	-1	-1	-1	-1	-1	-1	-1	-1	-1	-1	-1
NS15890N	2	2	-1	-1	-1	-1	-1	-1	-1	-1	-1	-1	-1	-1	-1	-1	-1	-1	-1	-1	-1	-1	-1	-1	-1	-1
NS15892Q	2	1	11	2011	1	3	1989	33	1	6	2014	1	1	-1	-1	-1	-1	-1	-1	-1	-1	-1	-1	-1	-1	-1
NS15893R	2	1	6	2016	1	1	1984	39	1	12	2020	1	1	-1	-1	-1	-1	-1	-1	-1	-1	-1	-1	-1	-1	-1
NS15894S	2	1	11	2015	1	3	1979	43	1	6	2018	2	-1	1	1	2	2	2	2	2	2	11	2021	1	5	2022
NS15894S	3	2	-1	-1	-1	-1	-1	-1	-1	-1	-1	-1	-1	-1	-1	-1	-1	-1	-1	-1	-1	-1	-1	-1	-1	-1
NS15896V	2	1	6	2017	2	2	1985	37	3	-1	-1	2	-1	1	1	2	2	2	2	2	2	10	2017	-1	-1	-1
NS15896V	3	2	-1	-1	-1	-1	-1	-1	-1	-1	-1	-1	-1	-1	-1	-1	-1	-1	-1	-1	-1	-1	-1	-1	-1	-1
NS15897W	2	1	7	2020	1	8	1987	35	1	5	2021	1	1	-1	-1	-1	-1	-1	-1	-1	-1	-1	-1	-1	-1	-1
NS15898X	2	2	-1	-1	-1	-1	-1	-1	-1	-1	-1	-1	-1	-1	-1	-1	-1	-1	-1	-1	-1	-1	-1	-1	-1	-1
NS15899Y	2	1	3	2017	1	1	1988	34	3	-1	-1	1	1	-1	-1	-1	-1	-1	-1	-1	-1	-1	-1	-1	-1	-1
NS15901Q	2	2	-1	-1	-1	-1	-1	-1	-1	-1	-1	-1	-1	-1	-1	-1	-1	-1	-1	-1	-1	-1	-1	-1	-1	-1
NS15902R	2	2	-1	-1	-1	-1	-1	-1	-1	-1	-1	-1	-1	-1	-1	-1	-1	-1	-1	-1	-1	-1	-1	-1	-1	-1
NS15904T	2	2	-1	-1	-1	-1	-1	-1	-1	-1	-1	-1	-1	-1	-1	-1	-1	-1	-1	-1	-1	-1	-1	-1	-1	-1
NS15910J	1	-1	-1	-1	-1	-1	-1	-1	-1	-1	-1	1	1	-1	-1	-1	-1	-1	-1	-1	-1	-1	-1	-1	-1	-1
NS15911K	1	-1	-1	-1	-1	-1	-1	-1	-1	-1	-1	1	1	-1	-1	-1	-1	-1	-1	-1	-1	-1	-1	-1	-1	-1
NS15917R	2	2	-1	-1	-1	-1	-1	-1	-1	-1	-1	-1	-1	-1	-1	-1	-1	-1	-1	-1	-1	-1	-1	-1	-1	-1
NS15919T	1	-1	-1	-1	-1	-1	-1	-1	-1	-1	-1	1	1	-1	-1	-1	-1	-1	-1	-1	-1	-1	-1	-1	-1	-1
NS15920D	1	-1	-1	-1	-1	-1	-1	-1	1	9	2017	1	1	-1	-1	-1	-1	-1	-1	-1	-1	-1	-1	-1	-1	-1
NS15921E	2	1	8	2017	2	9	1992	30	1	9	2022	1	1	-1	-1	-1	-1	-1	-1	-1	-1	-1	-1	-1	-1	-1
NS15922F	1	-1	-1	-1	-1	-1	-1	-1	3	-1	-1	1	1	-1	-1	-1	-1	-1	-1	-1	-1	-1	-1	-1	-1	-1
NS15924H	2	1	2	2021	1	5	1984	37	3	-1	-1	1	1	-1	-1	-1	-1	-1	-1	-1	-1	-1	-1	-1	-1	-1
NS15927L	1	-1	-1	-1	-1	-1	-1	-1	1	12	2015	1	1	-1	-1	-1	-1	-1	-1	-1	-1	-1	-1	-1	-1	-1
NS15928M	2	1	9	2018	2	11	1992	30	3	-1	-1	1	1	-1	-1	-1	-1	-1	-1	-1	-1	-1	-1	-1	-1	-1
NS15929N	2	2	-1	-1	-1	-1	-1	-1	-1	-1	-1	-1	-1	-1	-1	-1	-1	-1	-1	-1	-1	-1	-1	-1	-1	-1
NS15931Z	2	1	9	2015	1	8	1990	32	3	-1	-1	2	-1	1	1	2	2	2	2	2	2	2	2021	-1	-1	-1
NS15931Z	3	1	3	2022	1	2	1992	30	3	-1	-1	1	1	-1	-1	-1	-1	-1	-1	-1	-1	-1	-1	-1	-1	-1
NS15937F	2	2	-1	-1	-1	-1	-1	-1	-1	-1	-1	-1	-1	-1	-1	-1	-1	-1	-1	-1	-1	-1	-1	-1	-1	-1
NS15938G	2	2	-1	-1	-1	-1	-1	-1	-1	-1	-1	-1	-1	-1	-1	-1	-1	-1	-1	-1	-1	-1	-1	-1	-1	-1
NS15941T	2	1	9	2018	2	5	1992	30	3	-1	-1	1	1	-1	-1	-1	-1	-1	-1	-1	-1	-1	-1	-1	-1	-1
NS15944X	2	1	4	2020	1	4	1983	39	3	-1	-1	1	2	-1	-1	-1	-1	-1	-1	-1	-1	12	2020	-1	-1	-1
NS15944X	3	2	-1	-1	-1	-1	-1	-1	-1	-1	-1	-1	-1	-1	-1	-1	-1	-1	-1	-1	-1	-1	-1	-1	-1	-1
NS15947A	2	2	-1	-1	-1	-1	-1	-1	-1	-1	-1	-1	-1	-1	-1	-1	-1	-1	-1	-1	-1	-1	-1	-1	-1	-1
NS15948B	2	1	4	2015	1	12	1988	34	1	2	2015	1	1	-1	-1	-1	-1	-1	-1	-1	-1	-1	-1	-1	-1	-1
NS15955S	2	2	-1	-1	-1	-1	-1	-1	-1	-1	-1	-1	-1	-1	-1	-1	-1	-1	-1	-1	-1	-1	-1	-1	-1	-1
NS15956T	2	2	-1	-1	-1	-1	-1	-1	-1	-1	-1	-1	-1	-1	-1	-1	-1	-1	-1	-1	-1	-1	-1	-1	-1	-1
NS15957V	2	1	9	2019	2	5	1995	27	3	-1	-1	1	1	-1	-1	-1	-1	-1	-1	-1	-1	-1	-1	-1	-1	-1
NS15959X	2	1	1	2022	2	3	1990	32	3	-1	-1	1	1	-1	-1	-1	-1	-1	-1	-1	-1	-1	-1	-1	-1	-1
NS15960G	2	2	-1	-1	-1	-1	-1	-1	-1	-1	-1	-1	-1	-1	-1	-1	-1	-1	-1	-1	-1	-1	-1	-1	-1	-1
NS15961H	2	1	10	2018	2	11	1990	32	3	-1	-1	1	1	-1	-1	-1	-1	-1	-1	-1	-1	-1	-1	-1	-1	-1
NS15962J	2	2	-1	-1	-1	-1	-1	-1	-1	-1	-1	-1	-1	-1	-1	-1	-1	-1	-1	-1	-1	-1	-1	-1	-1	-1
NS15963K	2	1	12	2018	2	2	1996	26	1	9	2022	1	1	-1	-1	-1	-1	-1	-1	-1	-1	-1	-1	-1	-1	-1
NS15968Q	1	-1	-1	-1	-1	-1	-1	-1	3	-1	-1	1	1	-1	-1	-1	-1	-1	-1	-1	-1	-1	-1	-1	-1	-1
NS15969R	1	-1	-1	-1	-1	-1	-1	-1	3	-1	-1	2	-1	1	1	2	2	2	2	2	2	4	2016	-1	-1	-1
NS15969R	2	2	-1	-1	-1	-1	-1	-1	-1	-1	-1	-1	-1	-1	-1	-1	-1	-1	-1	-1	-1	-1	-1	-1	-1	-1
NS15972D	2	1	5	2019	1	5	1990	32	3	-1	-1	1	1	-1	-1	-1	-1	-1	-1	-1	-1	-1	-1	-1	-1	-1
NS15974F	1	-1	-1	-1	-1	-1	-1	-1	3	-1	-1	2	-1	1	1	2	2	2	2	2	2	-8	2017	-1	-1	-1
NS15974F	2	1	10	2017	2	4	1996	26	3	-1	-1	1	1	-1	-1	-1	-1	-1	-1	-1	-1	-1	-1	-1	-1	-1
NS15976H	2	2	-1	-1	-1	-1	-1	-1	-1	-1	-1	-1	-1	-1	-1	-1	-1	-1	-1	-1	-1	-1	-1	-1	-1	-1
NS15977J	2	2	-1	-1	-1	-1	-1	-1	-1	-1	-1	-1	-1	-1	-1	-1	-1	-1	-1	-1	-1	-1	-1	-1	-1	-1
NS15978K	2	1	5	2022	1	12	1990	32	1	5	2022	1	1	-1	-1	-1	-1	-1	-1	-1	-1	-1	-1	-1	-1	-1
NS15980W	2	1	9	2013	2	8	1989	34	1	2	2020	1	1	-1	-1	-1	-1	-1	-1	-1	-1	-1	-1	-1	-1	-1
NS15981X	2	2	-1	-1	-1	-1	-1	-1	-1	-1	-1	-1	-1	-1	-1	-1	-1	-1	-1	-1	-1	-1	-1	-1	-1	-1
NS15983Z	1	-1	-1	-1	-1	-1	-1	-1	-1	-1	-1	1	1	-1	-1	-1	-1	-1	-1	-1	-1	-1	-1	-1	-1	-1
NS15984A	2	2	-1	-1	-1	-1	-1	-1	-1	-1	-1	-1	-1	-1	-1	-1	-1	-1	-1	-1	-1	-1	-1	-1	-1	-1
NS15985B	1	-1	-1	-1	-1	-1	-1	-1	1	8	2018	2	-1	1	1	2	2	2	2	2	2	7	2019	1	3	2020
NS15985B	2	1	3	2020	1	5	1995	27	3	-1	-1	1	1	-1	-1	-1	-1	-1	-1	-1	-1	-1	-1	-1	-1	-1
NS15989F	2	1	9	2011	2	12	1987	35	1	4	2013	1	1	-1	-1	-1	-1	-1	-1	-1	-1	-1	-1	-1	-1	-1
NS15990Q	1	-1	-1	-1	-1	-1	-1	-1	-1	-1	-1	1	1	-1	-1	-1	-1	-1	-1	-1	-1	-1	-1	-1	-1	-1
NS15993T	2	2	-1	-1	-1	-1	-1	-1	-1	-1	-1	-1	-1	-1	-1	-1	-1	-1	-1	-1	-1	-1	-1	-1	-1	-1
NS15995W	1	-1	-1	-1	-1	-1	-1	-1	1	8	2019	1	1	-1	-1	-1	-1	-1	-1	-1	-1	-1	-1	-1	-1	-1
NS15996X	2	1	10	2021	1	3	1991	31	3	-1	-1	1	1	-1	-1	-1	-1	-1	-1	-1	-1	-1	-1	-1	-1	-1
NS15997Y	2	1	11	2022	2	11	1995	27	3	-1	-1	1	1	-1	-1	-1	-1	-1	-1	-1	-1	-1	-1	-1	-1	-1
NS15999A	1	-1	-1	-1	-1	-1	-1	-1	-1	-1	-1	1	1	-1	-1	-1	-1	-1	-1	-1	-1	-1	-1	-1	-1	-1
NS16000Q	2	1	4	2017	2	11	1994	28	1	8	2021	1	1	-1	-1	-1	-1	-1	-1	-1	-1	-1	-1	-1	-1	-1
NS16001R	2	1	7	2018	1	11	1989	33	1	6	2018	1	2	-1	-1	-1	-1	-1	-1	-1	-1	-9	-9	-1	-1	-1
NS16001R	3	1	-9	-9	1	11	1989	33	1	6	2018	1	1	-1	-1	-1	-1	-1	-1	-1	-1	-1	-1	-1	-1	-1
NS16002S	2	2	-1	-1	-1	-1	-1	-1	-1	-1	-1	-1	-1	-1	-1	-1	-1	-1	-1	-1	-1	-1	-1	-1	-1	-1
NS16003T	1	-1	-1	-1	-1	-1	-1	-1	-1	-1	-1	1	1	-1	-1	-1	-1	-1	-1	-1	-1	-1	-1	-1	-1	-1
NS16005W	1	-1	-1	-1	-1	-1	-1	-1	3	-1	-1	1	1	-1	-1	-1	-1	-1	-1	-1	-1	-1	-1	-1	-1	-1
NS16006X	2	2	-1	-1	-1	-1	-1	-1	-1	-1	-1	-1	-1	-1	-1	-1	-1	-1	-1	-1	-1	-1	-1	-1	-1	-1
NS16008Z	1	-1	-1	-1	-1	-1	-1	-1	1	4	2021	1	1	-1	-1	-1	-1	-1	-1	-1	-1	-1	-1	-1	-1	-1
NS16009A	2	2	-1	-1	-1	-1	-1	-1	-1	-1	-1	-1	-1	-1	-1	-1	-1	-1	-1	-1	-1	-1	-1	-1	-1	-1
NS16010K	2	1	5	2017	1	4	1989	33	1	6	2019	1	1	-1	-1	-1	-1	-1	-1	-1	-1	-1	-1	-1	-1	-1
NS16011L	2	1	5	2020	1	9	1986	36	3	-1	-1	1	1	-1	-1	-1	-1	-1	-1	-1	-1	-1	-1	-1	-1	-1
NS16013N	2	1	9	2014	1	8	1989	32	1	5	2017	1	1	-1	-1	-1	-1	-1	-1	-1	-1	-1	-1	-1	-1	-1
NS16014P	2	1	8	2016	2	1	1989	33	3	-1	-1	1	1	-1	-1	-1	-1	-1	-1	-1	-1	-1	-1	-1	-1	-1
NS16016R	1	-1	-1	-1	-1	-1	-1	-1	3	-1	-1	2	-1	1	1	2	2	2	2	2	2	2	2016	-1	-1	-1
NS16016R	2	1	1	2021	1	6	1984	38	3	-1	-1	1	1	-1	-1	-1	-1	-1	-1	-1	-1	-1	-1	-1	-1	-1
NS16018T	2	2	-1	-1	-1	-1	-1	-1	-1	-1	-1	-1	-1	-1	-1	-1	-1	-1	-1	-1	-1	-1	-1	-1	-1	-1
NS16019V	2	1	12	2019	2	4	1993	29	1	4	2021	1	1	-1	-1	-1	-1	-1	-1	-1	-1	7	2021	-1	-1	-1
NS16019V	3	1	12	2021	2	4	1993	29	1	4	2021	-1	-1	-1	-1	-1	-1	-1	-1	-1	-1	-1	-1	-1	-1	-1
NS16028N	1	-1	-1	-1	-1	-1	-1	-1	3	-1	-1	2	-1	1	1	2	2	2	2	2	2	11	2017	-1	-1	-1
NS16028N	2	1	3	2020	1	-9	1989	33	1	6	2020	1	1	-1	-1	-1	-1	-1	-1	-1	-1	4	2020	-1	-1	-1
NS16028N	3	1	-1	-1	-1	-1	-1	-1	-1	-1	-1	-1	-1	-1	-1	-1	-1	-1	-1	-1	-1	-1	-1	-1	-1	-1
NS16029P	2	1	9	2011	2	11	1989	33	1	8	2020	1	1	-1	-1	-1	-1	-1	-1	-1	-1	-1	-1	-1	-1	-1
NS16031A	2	1	7	2021	1	8	1985	37	3	-1	-1	1	1	-1	-1	-1	-1	-1	-1	-1	-1	-1	-1	-1	-1	-1
NS16040T	1	-1	-1	-1	-1	-1	-1	-1	1	1	2018	1	1	-1	-1	-1	-1	-1	-1	-1	-1	-1	-1	-1	-1	-1
NS16042W	1	-1	-1	-1	-1	-1	-1	-1	1	3	2016	2	-1	1	1	2	2	2	1	2	2	7	2017	1	1	2018
NS16042W	2	1	5	2020	1	11	1984	38	3	-1	-1	1	1	-1	-1	-1	-1	-1	-1	-1	-1	-1	-1	-1	-1	-1
NS16043X	2	2	-1	-1	-1	-1	-1	-1	-1	-1	-1	-1	-1	-1	-1	-1	-1	-1	-1	-1	-1	-1	-1	-1	-1	-1
NS16044Y	2	1	8	2017	1	12	1990	31	1	8	2017	1	1	-1	-1	-1	-1	-1	-1	-1	-1	-1	-1	-1	-1	-1
NS16045Z	2	1	2	2018	2	8	1993	29	1	2	2018	1	1	-1	-1	-1	-1	-1	-1	-1	-1	-1	-1	-1	-1	-1
NS16046A	2	1	8	2018	1	4	1994	28	3	-1	-1	1	1	-1	-1	-1	-1	-1	-1	-1	-1	-1	-1	-1	-1	-1
NS16049D	1	-1	-1	-1	-1	-1	-1	-1	-1	-1	-1	1	1	-1	-1	-1	-1	-1	-1	-1	-1	-1	-1	-1	-1	-1
NS16050N	2	1	1	2017	2	10	1986	36	1	5	2019	1	1	-1	-1	-1	-1	-1	-1	-1	-1	-1	-1	-1	-1	-1
NS16051P	1	-1	-1	-1	-1	-1	-1	-1	3	-1	-1	2	-1	1	2	2	2	2	1	2	2	6	2017	-1	-1	-1
NS16051P	2	1	1	2021	1	10	1987	35	3	-1	-1	1	1	-1	-1	-1	-1	-1	-1	-1	-1	-1	-1	-1	-1	-1
NS16053R	1	-1	-1	-1	-1	-1	-1	-1	1	7	2017	1	1	-1	-1	-1	-1	-1	-1	-1	-1	-1	-1	-1	-1	-1
NS16056V	2	1	9	2016	2	2	1991	31	1	9	2016	1	1	-1	-1	-1	-1	-1	-1	-1	-1	-1	-1	-1	-1	-1
NS16057W	2	2	-1	-1	-1	-1	-1	-1	-1	-1	-1	-1	-1	-1	-1	-1	-1	-1	-1	-1	-1	-1	-1	-1	-1	-1
NS16059Y	2	1	2	2020	2	11	1990	32	3	-1	-1	1	1	-1	-1	-1	-1	-1	-1	-1	-1	-1	-1	-1	-1	-1
NS16061J	2	-9	-1	-1	-1	-1	-1	-1	-1	-1	-1	-1	-1	-1	-1	-1	-1	-1	-1	-1	-1	-1	-1	-1	-1	-1
NS16062K	2	1	3	2010	2	5	1989	33	3	-1	-1	2	-1	1	1	2	2	2	2	2	2	3	2012	-1	-1	-1
NS16062K	3	1	3	2015	2	3	1995	27	1	11	2016	2	-1	1	1	2	2	2	2	2	2	4	2019	2	-1	-1
NS16062K	4	2	-1	-1	-1	-1	-1	-1	-1	-1	-1	-1	-1	-1	-1	-1	-1	-1	-1	-1	-1	-1	-1	-1	-1	-1
NS16063L	2	1	4	2018	2	1	1990	33	1	5	2022	1	1	-1	-1	-1	-1	-1	-1	-1	-1	-1	-1	-1	-1	-1
NS16064M	2	2	-1	-1	-1	-1	-1	-1	-1	-1	-1	-1	-1	-1	-1	-1	-1	-1	-1	-1	-1	-1	-1	-1	-1	-1
NS16066P	1	-1	-1	-1	-1	-1	-1	-1	-1	-1	-1	1	1	-1	-1	-1	-1	-1	-1	-1	-1	-1	-1	-1	-1	-1
NS16069S	2	2	-1	-1	-1	-1	-1	-1	-1	-1	-1	-1	-1	-1	-1	-1	-1	-1	-1	-1	-1	-1	-1	-1	-1	-1
NS16071D	2	2	-1	-1	-1	-1	-1	-1	-1	-1	-1	-1	-1	-1	-1	-1	-1	-1	-1	-1	-1	-1	-1	-1	-1	-1
NS16072E	2	2	-1	-1	-1	-1	-1	-1	-1	-1	-1	-1	-1	-1	-1	-1	-1	-1	-1	-1	-1	-1	-1	-1	-1	-1
NS16075H	1	-1	-1	-1	-1	-1	-1	-1	3	-1	-1	1	1	-1	-1	-1	-1	-1	-1	-1	-1	-1	-1	-1	-1	-1
NS16078L	2	1	6	2013	1	7	1988	34	3	-1	-1	1	1	-1	-1	-1	-1	-1	-1	-1	-1	-1	-1	-1	-1	-1
NS16083A	2	2	-1	-1	-1	-1	-1	-1	-1	-1	-1	-1	-1	-1	-1	-1	-1	-1	-1	-1	-1	-1	-1	-1	-1	-1
NS16087E	2	1	6	2020	1	8	1992	30	2	6	2020	1	1	-1	-1	-1	-1	-1	-1	-1	-1	-1	-1	-1	-1	-1
NS16088F	2	2	-1	-1	-1	-1	-1	-1	-1	-1	-1	-1	-1	-1	-1	-1	-1	-1	-1	-1	-1	-1	-1	-1	-1	-1
NS16089G	2	1	9	2017	2	11	1991	31	1	9	2017	1	1	-1	-1	-1	-1	-1	-1	-1	-1	-1	-1	-1	-1	-1
NS16090R	2	2	-1	-1	-1	-1	-1	-1	-1	-1	-1	-1	-1	-1	-1	-1	-1	-1	-1	-1	-1	-1	-1	-1	-1	-1
NS16091S	1	-1	-1	-1	-1	-1	-1	-1	-1	-1	-1	1	1	-1	-1	-1	-1	-1	-1	-1	-1	-1	-1	-1	-1	-1
NS16097Z	2	1	10	2022	2	12	1990	32	3	-1	-1	1	1	-1	-1	-1	-1	-1	-1	-1	-1	-1	-1	-1	-1	-1
NS16098A	2	1	8	2007	1	9	1982	40	3	-1	-1	2	-1	1	1	1	1	1	1	2	2	2	2010	-1	-1	-1
NS16098A	3	1	6	2013	1	10	1988	34	3	-1	-1	2	-1	1	1	2	2	2	2	2	2	1	2021	-1	-1	-1
NS16098A	4	2	-1	-1	-1	-1	-1	-1	-1	-1	-1	-1	-1	-1	-1	-1	-1	-1	-1	-1	-1	-1	-1	-1	-1	-1
NS16099B	1	-1	-1	-1	-1	-1	-1	-1	3	-1	-1	2	-1	1	2	2	2	2	1	2	2	3	2017	-1	-1	-1
NS16099B	2	2	-1	-1	-1	-1	-1	-1	-1	-1	-1	-1	-1	-1	-1	-1	-1	-1	-1	-1	-1	-1	-1	-1	-1	-1
NS16100S	2	1	2	2018	2	-8	1995	27	3	-1	-1	1	2	-1	-1	-1	-1	-1	-1	-1	-1	8	2018	-1	-1	-1
NS16100S	3	2	-1	-1	-1	-1	-1	-1	-1	-1	-1	-1	-1	-1	-1	-1	-1	-1	-1	-1	-1	-1	-1	-1	-1	-1
NS16105Y	1	-1	-1	-1	-1	-1	-1	-1	3	-1	-1	1	1	-1	-1	-1	-1	-1	-1	-1	-1	-1	-1	-1	-1	-1
NS16108B	2	1	12	2017	2	4	1992	30	1	10	2021	1	1	-1	-1	-1	-1	-1	-1	-1	-1	-1	-1	-1	-1	-1
NS16111N	2	2	-1	-1	-1	-1	-1	-1	-1	-1	-1	-1	-1	-1	-1	-1	-1	-1	-1	-1	-1	-1	-1	-1	-1	-1
NS16112P	2	1	7	2018	2	4	1991	32	3	-1	-1	1	1	-1	-1	-1	-1	-1	-1	-1	-1	-1	-1	-1	-1	-1
NS16114R	2	2	-1	-1	-1	-1	-1	-1	-1	-1	-1	-1	-1	-1	-1	-1	-1	-1	-1	-1	-1	-1	-1	-1	-1	-1
NS16117V	1	-1	-1	-1	-1	-1	-1	-1	3	-1	-1	2	-1	1	1	1	1	2	1	2	2	10	2020	-1	-1	-1
NS16117V	2	2	-1	-1	-1	-1	-1	-1	-1	-1	-1	-1	-1	-1	-1	-1	-1	-1	-1	-1	-1	-1	-1	-1	-1	-1
NS16120G	2	1	2	2021	1	5	1991	30	3	-1	-1	1	1	-1	-1	-1	-1	-1	-1	-1	-1	-1	-1	-1	-1	-1
NS16121H	2	1	10	2020	2	9	1991	31	3	-1	-1	1	1	-1	-1	-1	-1	-1	-1	-1	-1	-1	-1	-1	-1	-1
NS16129R	2	2	-1	-1	-1	-1	-1	-1	-1	-1	-1	-1	-1	-1	-1	-1	-1	-1	-1	-1	-1	-1	-1	-1	-1	-1
NS16131C	2	2	-1	-1	-1	-1	-1	-1	-1	-1	-1	-1	-1	-1	-1	-1	-1	-1	-1	-1	-1	-1	-1	-1	-1	-1
NS16133E	2	2	-1	-1	-1	-1	-1	-1	-1	-1	-1	-1	-1	-1	-1	-1	-1	-1	-1	-1	-1	-1	-1	-1	-1	-1
NS16134F	1	-1	-1	-1	-1	-1	-1	-1	1	5	2016	1	1	-1	-1	-1	-1	-1	-1	-1	-1	-1	-1	-1	-1	-1
NS16136H	2	1	9	2017	1	5	1985	37	1	10	2018	1	1	-1	-1	-1	-1	-1	-1	-1	-1	-1	-1	-1	-1	-1
NS16137J	2	1	4	2016	2	10	1992	30	1	4	2016	1	1	-1	-1	-1	-1	-1	-1	-1	-1	-1	-1	-1	-1	-1
NS16138K	1	-1	-1	-1	-1	-1	-1	-1	3	-1	-1	1	1	-1	-1	-1	-1	-1	-1	-1	-1	-1	-1	-1	-1	-1
NS16142Y	2	1	5	2018	1	10	1988	34	1	5	2018	1	1	-1	-1	-1	-1	-1	-1	-1	-1	-1	-1	-1	-1	-1
NS16145B	1	-1	-1	-1	-1	-1	-1	-1	-1	-1	-1	1	1	-1	-1	-1	-1	-1	-1	-1	-1	-1	-1	-1	-1	-1
NS16146C	1	-1	-1	-1	-1	-1	-1	-1	-1	-1	-1	1	1	-1	-1	-1	-1	-1	-1	-1	-1	-1	-1	-1	-1	-1
NS16154V	1	-1	-1	-1	-1	-1	-1	-1	3	-1	-1	2	-1	1	1	2	2	1	2	2	2	10	2016	-1	-1	-1
NS16154V	2	1	12	2018	1	2	1981	42	1	11	2022	1	1	-1	-1	-1	-1	-1	-1	-1	-1	-1	-1	-1	-1	-1
NS16155W	1	-1	-1	-1	-1	-1	-1	-1	-1	-1	-1	2	-1	1	1	2	1	2	2	2	2	11	2015	1	6	2018
NS16155W	2	1	11	2018	2	9	1990	32	3	-1	-1	1	1	-1	-1	-1	-1	-1	-1	-1	-1	-1	-1	-1	-1	-1
NS16159A	2	1	4	2017	1	10	1987	35	1	4	2017	1	1	-1	-1	-1	-1	-1	-1	-1	-1	-1	-1	-1	-1	-1
NS16161L	2	2	-1	-1	-1	-1	-1	-1	-1	-1	-1	-1	-1	-1	-1	-1	-1	-1	-1	-1	-1	-1	-1	-1	-1	-1
NS16164P	2	2	-1	-1	-1	-1	-1	-1	-1	-1	-1	-1	-1	-1	-1	-1	-1	-1	-1	-1	-1	-1	-1	-1	-1	-1
NS16165Q	2	2	-1	-1	-1	-1	-1	-1	-1	-1	-1	-1	-1	-1	-1	-1	-1	-1	-1	-1	-1	-1	-1	-1	-1	-1
NS16166R	2	2	-1	-1	-1	-1	-1	-1	-1	-1	-1	-1	-1	-1	-1	-1	-1	-1	-1	-1	-1	-1	-1	-1	-1	-1
NS16168T	2	1	8	2019	2	10	1986	36	3	-1	-1	1	1	-1	-1	-1	-1	-1	-1	-1	-1	-1	-1	-1	-1	-1
NS16170E	2	1	2	2018	1	12	1984	38	3	-1	-1	2	-1	1	2	2	2	2	1	2	2	2	2019	-1	-1	-1
NS16170E	3	2	-1	-1	-1	-1	-1	-1	-1	-1	-1	-1	-1	-1	-1	-1	-1	-1	-1	-1	-1	-1	-1	-1	-1	-1
NS16174J	2	1	11	2022	1	8	1986	36	3	-1	-1	1	1	-1	-1	-1	-1	-1	-1	-1	-1	-1	-1	-1	-1	-1
NS16176L	2	1	7	2012	2	-9	-9	32	1	7	2012	1	1	-1	-1	-1	-1	-1	-1	-1	-1	-1	-1	-1	-1	-1
NS16180Z	1	-1	-1	-1	-1	-1	-1	-1	-1	-1	-1	1	1	-1	-1	-1	-1	-1	-1	-1	-1	-1	-1	-1	-1	-1
NS16183C	2	1	8	2017	1	7	1987	35	3	-1	-1	1	1	-1	-1	-1	-1	-1	-1	-1	-1	-1	-1	-1	-1	-1
NS16185E	2	1	6	2022	1	6	1991	31	3	-1	-1	1	1	-1	-1	-1	-1	-1	-1	-1	-1	-1	-1	-1	-1	-1
NS16186F	2	1	5	2019	1	2	1992	30	3	-1	-1	1	1	-1	-1	-1	-1	-1	-1	-1	-1	-1	-1	-1	-1	-1
NS16187G	2	1	6	2019	2	5	1987	35	3	-1	-1	1	1	-1	-1	-1	-1	-1	-1	-1	-1	-1	-1	-1	-1	-1
NS16190T	1	-1	-1	-1	-1	-1	-1	-1	-1	-1	-1	1	1	-1	-1	-1	-1	-1	-1	-1	-1	-1	-1	-1	-1	-1
NS16191V	2	1	11	2016	1	9	1986	36	1	12	2018	1	1	-1	-1	-1	-1	-1	-1	-1	-1	-1	-1	-1	-1	-1
NS16192W	2	1	4	2020	2	11	1992	30	3	-1	-1	1	1	-1	-1	-1	-1	-1	-1	-1	-1	-1	-1	-1	-1	-1
NS16193X	2	2	-1	-1	-1	-1	-1	-1	-1	-1	-1	-1	-1	-1	-1	-1	-1	-1	-1	-1	-1	-1	-1	-1	-1	-1
NS16195Z	2	1	7	2021	2	-9	-9	33	1	7	2021	1	1	-1	-1	-1	-1	-1	-1	-1	-1	-1	-1	-1	-1	-1
NS16196A	2	1	12	2016	1	7	1991	30	1	5	2018	1	1	-1	-1	-1	-1	-1	-1	-1	-1	12	2016	-1	-1	-1
NS16198C	1	-1	-1	-1	-1	-1	-1	-1	1	9	2016	1	1	-1	-1	-1	-1	-1	-1	-1	-1	-1	-1	-1	-1	-1
NS16201W	2	1	9	2017	1	3	1983	39	3	-1	-1	2	-1	1	1	1	2	1	1	2	2	3	2018	-1	-1	-1
NS16201W	3	1	2	2021	1	2	1989	33	3	-1	-1	1	1	-1	-1	-1	-1	-1	-1	-1	-1	-1	-1	-1	-1	-1
NS16203Y	2	2	-1	-1	-1	-1	-1	-1	-1	-1	-1	-1	-1	-1	-1	-1	-1	-1	-1	-1	-1	-1	-1	-1	-1	-1
NS16206B	2	1	1	2018	1	11	1989	32	3	-1	-1	1	1	-1	-1	-1	-1	-1	-1	-1	-1	-1	-1	-1	-1	-1
NS16207C	2	1	6	2018	2	8	1993	29	1	6	2021	1	1	-1	-1	-1	-1	-1	-1	-1	-1	-1	-1	-1	-1	-1
NS16210P	2	1	6	2018	1	5	1989	33	3	-1	-1	1	1	-1	-1	-1	-1	-1	-1	-1	-1	-1	-1	-1	-1	-1
NS16212R	1	-1	-1	-1	-1	-1	-1	-1	1	10	2019	1	1	-1	-1	-1	-1	-1	-1	-1	-1	-1	-1	-1	-1	-1
NS16214T	1	-1	-1	-1	-1	-1	-1	-1	-1	-1	-1	1	1	-1	-1	-1	-1	-1	-1	-1	-1	-1	-1	-1	-1	-1
NS16216W	2	1	9	2019	1	10	1989	33	1	6	2022	1	1	-1	-1	-1	-1	-1	-1	-1	-1	-1	-1	-1	-1	-1
NS16217X	1	-1	-1	-1	-1	-1	-1	-1	-1	-1	-1	1	1	-1	-1	-1	-1	-1	-1	-1	-1	-1	-1	-1	-1	-1
NS16219Z	2	1	2	2018	1	11	1986	35	3	-1	-1	1	1	-1	-1	-1	-1	-1	-1	-1	-1	-1	-1	-1	-1	-1
NS16221K	2	1	6	2010	1	8	1987	35	1	10	2022	1	1	-1	-1	-1	-1	-1	-1	-1	-1	-1	-1	-1	-1	-1
NS16222L	2	2	-1	-1	-1	-1	-1	-1	-1	-1	-1	-1	-1	-1	-1	-1	-1	-1	-1	-1	-1	-1	-1	-1	-1	-1
NS16223M	2	1	5	2010	1	2	1989	34	2	9	2007	1	1	-1	-1	-1	-1	-1	-1	-1	-1	-1	-1	-1	-1	-1
NS16224N	2	1	4	2009	1	7	1987	35	3	-1	-1	2	-1	1	1	2	2	2	1	2	2	11	2017	-1	-1	-1
NS16224N	3	2	-1	-1	-1	-1	-1	-1	-1	-1	-1	-1	-1	-1	-1	-1	-1	-1	-1	-1	-1	-1	-1	-1	-1	-1
NS16226Q	1	-1	-1	-1	-1	-1	-1	-1	1	6	2018	1	1	-1	-1	-1	-1	-1	-1	-1	-1	-1	-1	-1	-1	-1
NS16231E	2	2	-1	-1	-1	-1	-1	-1	-1	-1	-1	-1	-1	-1	-1	-1	-1	-1	-1	-1	-1	-1	-1	-1	-1	-1
NS16232F	2	2	-1	-1	-1	-1	-1	-1	-1	-1	-1	-1	-1	-1	-1	-1	-1	-1	-1	-1	-1	-1	-1	-1	-1	-1
NS16234H	2	2	-1	-1	-1	-1	-1	-1	-1	-1	-1	-1	-1	-1	-1	-1	-1	-1	-1	-1	-1	-1	-1	-1	-1	-1
NS16236K	2	2	-1	-1	-1	-1	-1	-1	-1	-1	-1	-1	-1	-1	-1	-1	-1	-1	-1	-1	-1	-1	-1	-1	-1	-1
NS16238M	1	-1	-1	-1	-1	-1	-1	-1	1	10	2020	1	1	-1	-1	-1	-1	-1	-1	-1	-1	-1	-1	-1	-1	-1
NS16240Y	2	2	-1	-1	-1	-1	-1	-1	-1	-1	-1	-1	-1	-1	-1	-1	-1	-1	-1	-1	-1	-1	-1	-1	-1	-1
NS16241Z	2	2	-1	-1	-1	-1	-1	-1	-1	-1	-1	-1	-1	-1	-1	-1	-1	-1	-1	-1	-1	-1	-1	-1	-1	-1
NS16242A	2	2	-1	-1	-1	-1	-1	-1	-1	-1	-1	-1	-1	-1	-1	-1	-1	-1	-1	-1	-1	-1	-1	-1	-1	-1
NS16243B	2	1	5	2008	2	9	1989	33	3	-1	-1	2	-1	1	1	2	2	2	2	2	2	5	2010	-1	-1	-1
NS16243B	3	1	6	2012	2	8	1992	30	2	6	2021	1	1	-1	-1	-1	-1	-1	-1	-1	-1	-1	-1	-1	-1	-1
NS16244C	1	-1	-1	-1	-1	-1	-1	-1	3	-1	-1	2	-1	1	1	2	2	2	2	2	2	-8	2017	-1	-1	-1
NS16244C	2	1	7	2020	1	9	1986	36	1	4	2021	2	-1	1	1	1	2	1	1	2	2	4	2022	2	-1	-1
NS16244C	3	2	-1	-1	-1	-1	-1	-1	-1	-1	-1	-1	-1	-1	-1	-1	-1	-1	-1	-1	-1	-1	-1	-1	-1	-1
NS16245D	2	1	9	2017	1	9	1990	32	3	-1	-1	1	1	-1	-1	-1	-1	-1	-1	-1	-1	-1	-1	-1	-1	-1
NS16246E	2	1	5	2010	1	6	1987	35	3	-1	-1	2	-1	1	1	2	2	2	2	2	2	6	2014	-1	-1	-1
NS16246E	3	1	1	2018	1	11	1987	34	3	-1	-1	2	-1	1	2	1	2	2	2	2	2	4	2021	-1	-1	-1
NS16246E	4	2	-1	-1	-1	-1	-1	-1	-1	-1	-1	-1	-1	-1	-1	-1	-1	-1	-1	-1	-1	-1	-1	-1	-1	-1
NS16250S	2	2	-1	-1	-1	-1	-1	-1	-1	-1	-1	-1	-1	-1	-1	-1	-1	-1	-1	-1	-1	-1	-1	-1	-1	-1
NS16253W	2	1	6	2021	2	1	1996	26	3	-1	-1	1	1	-1	-1	-1	-1	-1	-1	-1	-1	-1	-1	-1	-1	-1
NS16259C	2	1	8	2011	2	2	1990	32	3	-1	-1	2	-1	1	1	2	2	2	2	2	2	1	2022	-1	-1	-1
NS16259C	3	2	-1	-1	-1	-1	-1	-1	-1	-1	-1	-1	-1	-1	-1	-1	-1	-1	-1	-1	-1	-1	-1	-1	-1	-1
NS16260M	2	2	-1	-1	-1	-1	-1	-1	-1	-1	-1	-1	-1	-1	-1	-1	-1	-1	-1	-1	-1	-1	-1	-1	-1	-1
NS16264R	2	1	3	2016	2	10	1989	33	1	7	2021	1	1	-1	-1	-1	-1	-1	-1	-1	-1	-1	-1	-1	-1	-1
NS16265S	1	-1	-1	-1	-1	-1	-1	-1	1	6	2021	1	1	-1	-1	-1	-1	-1	-1	-1	-1	-1	-1	-1	-1	-1
NS16266T	1	-1	-1	-1	-1	-1	-1	-1	-1	-1	-1	1	1	-1	-1	-1	-1	-1	-1	-1	-1	-1	-1	-1	-1	-1
NS16267V	2	1	4	2019	1	4	1993	29	1	12	2018	1	1	-1	-1	-1	-1	-1	-1	-1	-1	-1	-1	-1	-1	-1
NS16268W	2	1	12	2016	1	10	1984	38	1	12	2016	2	-1	2	-1	-1	-1	-1	-1	-1	-1	12	2018	2	-1	-1
NS16268W	3	2	-1	-1	-1	-1	-1	-1	-1	-1	-1	-1	-1	-1	-1	-1	-1	-1	-1	-1	-1	-1	-1	-1	-1	-1
NS16269X	2	2	-1	-1	-1	-1	-1	-1	-1	-1	-1	-1	-1	-1	-1	-1	-1	-1	-1	-1	-1	-1	-1	-1	-1	-1
NS16276N	2	1	8	2022	1	9	1992	30	1	10	2021	1	1	-1	-1	-1	-1	-1	-1	-1	-1	-1	-1	-1	-1	-1
NS16277P	2	2	-1	-1	-1	-1	-1	-1	-1	-1	-1	-1	-1	-1	-1	-1	-1	-1	-1	-1	-1	-1	-1	-1	-1	-1
NS16278Q	2	1	7	2013	1	11	1986	36	1	7	2013	1	1	-1	-1	-1	-1	-1	-1	-1	-1	-1	-1	-1	-1	-1
NS16279R	1	-1	-1	-1	-1	-1	-1	-1	3	-1	-1	2	-1	1	1	2	2	2	1	2	2	3	2016	-1	-1	-1
NS16279R	2	2	-1	-1	-1	-1	-1	-1	-1	-1	-1	-1	-1	-1	-1	-1	-1	-1	-1	-1	-1	-1	-1	-1	-1	-1
NS16281C	1	-1	-1	-1	-1	-1	-1	-1	-1	-1	-1	1	1	-1	-1	-1	-1	-1	-1	-1	-1	-1	-1	-1	-1	-1
NS16283E	2	1	9	2009	1	4	1990	32	1	7	2016	1	2	-1	-1	-1	-1	-1	-1	-1	-1	5	2017	-1	-1	-1
NS16283E	3	2	-1	-1	-1	-1	-1	-1	-1	-1	-1	-1	-1	-1	-1	-1	-1	-1	-1	-1	-1	-1	-1	-1	-1	-1
NS16292Y	1	-1	-1	-1	-1	-1	-1	-1	1	5	2018	1	1	-1	-1	-1	-1	-1	-1	-1	-1	-1	-1	-1	-1	-1
NS16294A	1	-1	-1	-1	-1	-1	-1	-1	1	8	2016	1	1	-1	-1	-1	-1	-1	-1	-1	-1	-1	-1	-1	-1	-1
NS16295B	2	1	5	2020	2	1	1994	29	3	-1	-1	1	1	-1	-1	-1	-1	-1	-1	-1	-1	-1	-1	-1	-1	-1
NS16296C	2	1	11	2015	1	12	1984	38	1	8	2017	1	1	-1	-1	-1	-1	-1	-1	-1	-1	-1	-1	-1	-1	-1
NS16298E	2	2	-1	-1	-1	-1	-1	-1	-1	-1	-1	-1	-1	-1	-1	-1	-1	-1	-1	-1	-1	-1	-1	-1	-1	-1
NS16299F	2	1	8	2017	2	5	1991	31	1	8	2021	1	1	-1	-1	-1	-1	-1	-1	-1	-1	-1	-1	-1	-1	-1
NS16305C	2	1	6	2010	2	2	1993	30	1	12	2018	1	1	-1	-1	-1	-1	-1	-1	-1	-1	-1	-1	-1	-1	-1
NS16307E	2	1	8	2014	2	9	1990	31	1	5	2015	1	1	-1	-1	-1	-1	-1	-1	-1	-1	-1	-1	-1	-1	-1
NS16310R	1	-1	-1	-1	-1	-1	-1	-1	3	-1	-1	2	-1	3	-1	-1	-1	-1	-1	-1	-1	10	2020	-1	-1	-1
NS16310R	2	2	-1	-1	-1	-1	-1	-1	-1	-1	-1	-1	-1	-1	-1	-1	-1	-1	-1	-1	-1	-1	-1	-1	-1	-1
NS16311S	2	1	8	2019	2	3	1991	31	1	8	2019	1	1	-1	-1	-1	-1	-1	-1	-1	-1	-1	-1	-1	-1	-1
NS16312T	1	-1	-1	-1	-1	-1	-1	-1	3	-1	-1	2	-1	1	1	2	2	2	2	2	2	9	2017	-1	-1	-1
NS16312T	2	2	-1	-1	-1	-1	-1	-1	-1	-1	-1	-1	-1	-1	-1	-1	-1	-1	-1	-1	-1	-1	-1	-1	-1	-1
NS16313V	2	1	12	2020	1	8	1992	29	3	-1	-1	1	1	-1	-1	-1	-1	-1	-1	-1	-1	-1	-1	-1	-1	-1
NS16314W	1	-1	-1	-1	-1	-1	-1	-1	1	4	2017	1	1	-1	-1	-1	-1	-1	-1	-1	-1	-1	-1	-1	-1	-1
NS16315X	2	1	7	2017	2	3	1989	33	3	-1	-1	1	1	-1	-1	-1	-1	-1	-1	-1	-1	-1	-1	-1	-1	-1
NS16320L	1	-1	-1	-1	-1	-1	-1	-1	1	8	2018	1	1	-1	-1	-1	-1	-1	-1	-1	-1	-1	-1	-1	-1	-1
NS16321M	2	1	9	2021	2	-9	-9	31	1	12	2021	1	1	-1	-1	-1	-1	-1	-1	-1	-1	-1	-1	-1	-1	-1
NS16327T	2	1	10	2017	2	4	1982	40	3	-1	-1	1	1	-1	-1	-1	-1	-1	-1	-1	-1	-1	-1	-1	-1	-1
NS16330F	2	2	-1	-1	-1	-1	-1	-1	-1	-1	-1	-1	-1	-1	-1	-1	-1	-1	-1	-1	-1	-1	-1	-1	-1	-1
NS16334K	2	1	11	2020	1	1	1988	34	3	-1	-1	1	1	-1	-1	-1	-1	-1	-1	-1	-1	-1	-1	-1	-1	-1
NS16335L	2	1	12	2021	-9	-9	-9	-9	3	-1	-1	1	1	-1	-1	-1	-1	-1	-1	-1	-1	-1	-1	-1	-1	-1
NS16336M	2	2	-1	-1	-1	-1	-1	-1	-1	-1	-1	-1	-1	-1	-1	-1	-1	-1	-1	-1	-1	-1	-1	-1	-1	-1
NS16337N	2	2	-1	-1	-1	-1	-1	-1	-1	-1	-1	-1	-1	-1	-1	-1	-1	-1	-1	-1	-1	-1	-1	-1	-1	-1
NS16342C	2	2	-1	-1	-1	-1	-1	-1	-1	-1	-1	-1	-1	-1	-1	-1	-1	-1	-1	-1	-1	-1	-1	-1	-1	-1
NS16344E	2	2	-1	-1	-1	-1	-1	-1	-1	-1	-1	-1	-1	-1	-1	-1	-1	-1	-1	-1	-1	-1	-1	-1	-1	-1
NS16347H	2	1	1	2017	1	1	1992	30	3	-1	-1	1	1	-1	-1	-1	-1	-1	-1	-1	-1	-1	-1	-1	-1	-1
NS16348J	2	2	-1	-1	-1	-1	-1	-1	-1	-1	-1	-1	-1	-1	-1	-1	-1	-1	-1	-1	-1	-1	-1	-1	-1	-1
NS16352X	1	-1	-1	-1	-1	-1	-1	-1	-1	-1	-1	2	-1	1	1	1	2	1	2	2	2	8	2018	1	7	2019
NS16352X	2	1	4	2019	1	9	1989	33	1	8	2022	1	1	-1	-1	-1	-1	-1	-1	-1	-1	-1	-1	-1	-1	-1
NS16353Y	1	-1	-1	-1	-1	-1	-1	-1	1	6	2016	1	1	-1	-1	-1	-1	-1	-1	-1	-1	-1	-1	-1	-1	-1
NS16355A	2	1	10	2018	1	9	1987	34	1	10	2018	1	1	-1	-1	-1	-1	-1	-1	-1	-1	-1	-1	-1	-1	-1
NS16356B	2	1	8	2017	1	3	1990	33	1	8	2017	1	1	-1	-1	-1	-1	-1	-1	-1	-1	-1	-1	-1	-1	-1
NS16357C	2	1	8	2017	2	5	1990	32	3	-1	-1	1	1	-1	-1	-1	-1	-1	-1	-1	-1	-1	-1	-1	-1	-1
NS16358D	1	-1	-1	-1	-1	-1	-1	-1	3	-1	-1	2	-1	1	1	2	2	2	2	2	2	6	2017	-1	-1	-1
NS16358D	2	1	11	2022	1	11	1985	37	1	9	2022	1	1	-1	-1	-1	-1	-1	-1	-1	-1	-1	-1	-1	-1	-1
NS16359E	1	-1	-1	-1	-1	-1	-1	-1	3	-1	-1	2	-1	1	1	2	2	2	2	2	2	7	2018	-1	-1	-1
NS16359E	2	1	2	2019	1	10	1981	41	1	10	2022	1	1	-1	-1	-1	-1	-1	-1	-1	-1	-1	-1	-1	-1	-1
NS16360P	1	-1	-1	-1	-1	-1	-1	-1	-1	-1	-1	1	1	-1	-1	-1	-1	-1	-1	-1	-1	-1	-1	-1	-1	-1
NS16363S	2	2	-1	-1	-1	-1	-1	-1	-1	-1	-1	-1	-1	-1	-1	-1	-1	-1	-1	-1	-1	-1	-1	-1	-1	-1
NS16364T	1	-1	-1	-1	-1	-1	-1	-1	1	6	2017	1	1	-1	-1	-1	-1	-1	-1	-1	-1	-1	-1	-1	-1	-1
NS16365V	2	1	12	2021	2	6	1983	39	3	-1	-1	1	1	-1	-1	-1	-1	-1	-1	-1	-1	-1	-1	-1	-1	-1
NS16369Z	1	-1	-1	-1	-1	-1	-1	-1	1	12	2018	1	1	-1	-1	-1	-1	-1	-1	-1	-1	-1	-1	-1	-1	-1
NS16371K	1	-1	-1	-1	-1	-1	-1	-1	1	12	2016	1	1	-1	-1	-1	-1	-1	-1	-1	-1	-1	-1	-1	-1	-1
NS16374N	2	2	-1	-1	-1	-1	-1	-1	-1	-1	-1	-1	-1	-1	-1	-1	-1	-1	-1	-1	-1	-1	-1	-1	-1	-1
NS16375P	1	-1	-1	-1	-1	-1	-1	-1	3	-1	-1	1	1	-1	-1	-1	-1	-1	-1	-1	-1	-1	-1	-1	-1	-1
NS16376Q	2	2	-1	-1	-1	-1	-1	-1	-1	-1	-1	-1	-1	-1	-1	-1	-1	-1	-1	-1	-1	-1	-1	-1	-1	-1
NS16377R	2	1	4	2017	1	9	1989	33	1	8	2021	1	1	-1	-1	-1	-1	-1	-1	-1	-1	-1	-1	-1	-1	-1
NS16379T	2	1	7	2017	1	6	1987	35	1	8	2018	1	1	-1	-1	-1	-1	-1	-1	-1	-1	-1	-1	-1	-1	-1
NS16380D	2	1	3	2020	2	1	1994	29	3	-1	-1	1	1	-1	-1	-1	-1	-1	-1	-1	-1	-1	-1	-1	-1	-1
NS16382F	2	1	6	2020	1	10	1990	31	3	-1	-1	1	1	-1	-1	-1	-1	-1	-1	-1	-1	-1	-1	-1	-1	-1
NS16383G	1	-1	-1	-1	-1	-1	-1	-1	1	4	2018	1	1	-1	-1	-1	-1	-1	-1	-1	-1	-1	-1	-1	-1	-1
NS16386K	2	1	12	2011	2	2	1990	33	1	12	2011	1	1	-1	-1	-1	-1	-1	-1	-1	-1	-1	-1	-1	-1	-1
NS16388M	2	1	8	2020	1	5	1993	29	3	-1	-1	1	1	-1	-1	-1	-1	-1	-1	-1	-1	-1	-1	-1	-1	-1
NS16389N	2	1	5	2022	2	9	1995	27	3	-1	-1	1	1	-1	-1	-1	-1	-1	-1	-1	-1	-1	-1	-1	-1	-1
NS16390Y	2	2	-1	-1	-1	-1	-1	-1	-1	-1	-1	-1	-1	-1	-1	-1	-1	-1	-1	-1	-1	-1	-1	-1	-1	-1
NS16394C	1	-1	-1	-1	-1	-1	-1	-1	-1	-1	-1	1	1	-1	-1	-1	-1	-1	-1	-1	-1	-1	-1	-1	-1	-1
NS16395D	2	2	-1	-1	-1	-1	-1	-1	-1	-1	-1	-1	-1	-1	-1	-1	-1	-1	-1	-1	-1	-1	-1	-1	-1	-1
NS16397F	1	-1	-1	-1	-1	-1	-1	-1	1	7	2017	1	1	-1	-1	-1	-1	-1	-1	-1	-1	-1	-1	-1	-1	-1
NS16401A	2	2	-1	-1	-1	-1	-1	-1	-1	-1	-1	-1	-1	-1	-1	-1	-1	-1	-1	-1	-1	-1	-1	-1	-1	-1
NS16402B	2	1	8	2019	2	1	1990	32	3	-1	-1	2	-1	1	2	2	1	2	2	2	2	10	2020	-1	-1	-1
NS16402B	3	2	-1	-1	-1	-1	-1	-1	-1	-1	-1	-1	-1	-1	-1	-1	-1	-1	-1	-1	-1	-1	-1	-1	-1	-1
NS16403C	1	-1	-1	-1	-1	-1	-1	-1	1	8	2017	1	1	-1	-1	-1	-1	-1	-1	-1	-1	-1	-1	-1	-1	-1
NS16406F	2	1	7	2018	1	9	1987	35	3	-1	-1	1	1	-1	-1	-1	-1	-1	-1	-1	-1	-1	-1	-1	-1	-1
NS16407G	1	-1	-1	-1	-1	-1	-1	-1	-1	-1	-1	1	1	-1	-1	-1	-1	-1	-1	-1	-1	-1	-1	-1	-1	-1
NS16409J	2	1	10	2019	1	7	1988	33	3	-1	-1	1	1	-1	-1	-1	-1	-1	-1	-1	-1	-1	-1	-1	-1	-1
NS16415Z	1	-1	-1	-1	-1	-1	-1	-1	1	10	2016	1	1	-1	-1	-1	-1	-1	-1	-1	-1	-1	-1	-1	-1	-1
NS16420N	2	1	4	2011	1	11	1989	32	1	2	2017	1	1	-1	-1	-1	-1	-1	-1	-1	-1	-1	-1	-1	-1	-1
NS16421P	1	-1	-1	-1	-1	-1	-1	-1	-1	-1	-1	1	1	-1	-1	-1	-1	-1	-1	-1	-1	-1	-1	-1	-1	-1
NS16422Q	2	1	8	2018	2	2	1992	31	3	-1	-1	1	1	-1	-1	-1	-1	-1	-1	-1	-1	-1	-1	-1	-1	-1
NS16424S	1	-1	-1	-1	-1	-1	-1	-1	1	6	2021	1	1	-1	-1	-1	-1	-1	-1	-1	-1	-1	-1	-1	-1	-1
NS16425T	1	-1	-1	-1	-1	-1	-1	-1	1	5	2017	1	1	-1	-1	-1	-1	-1	-1	-1	-1	-1	-1	-1	-1	-1
NS16431J	1	-1	-1	-1	-1	-1	-1	-1	-1	-1	-1	1	1	-1	-1	-1	-1	-1	-1	-1	-1	-1	-1	-1	-1	-1
NS16432K	1	-1	-1	-1	-1	-1	-1	-1	3	-1	-1	2	-1	1	1	2	2	2	2	2	2	4	2018	-1	-1	-1
NS16432K	2	2	-1	-1	-1	-1	-1	-1	-1	-1	-1	-1	-1	-1	-1	-1	-1	-1	-1	-1	-1	-1	-1	-1	-1	-1
NS16434M	2	1	3	2021	2	12	1995	27	3	-1	-1	1	1	-1	-1	-1	-1	-1	-1	-1	-1	-1	-1	-1	-1	-1
NS16435N	2	1	9	2016	2	2	1992	31	3	-1	-1	1	1	-1	-1	-1	-1	-1	-1	-1	-1	-1	-1	-1	-1	-1
NS16438R	2	2	-1	-1	-1	-1	-1	-1	-1	-1	-1	-1	-1	-1	-1	-1	-1	-1	-1	-1	-1	-1	-1	-1	-1	-1
NS16440C	1	-1	-1	-1	-1	-1	-1	-1	1	8	2014	1	1	-1	-1	-1	-1	-1	-1	-1	-1	-1	-1	-1	-1	-1
NS16444G	2	1	11	2018	1	1	1975	47	3	-1	-1	1	1	-1	-1	-1	-1	-1	-1	-1	-1	-1	-1	-1	-1	-1
NS16448L	2	2	-1	-1	-1	-1	-1	-1	-1	-1	-1	-1	-1	-1	-1	-1	-1	-1	-1	-1	-1	-1	-1	-1	-1	-1
NS16449M	2	2	-1	-1	-1	-1	-1	-1	-1	-1	-1	-1	-1	-1	-1	-1	-1	-1	-1	-1	-1	-1	-1	-1	-1	-1
NS16451Y	2	2	-1	-1	-1	-1	-1	-1	-1	-1	-1	-1	-1	-1	-1	-1	-1	-1	-1	-1	-1	-1	-1	-1	-1	-1
NS16455C	2	2	-1	-1	-1	-1	-1	-1	-1	-1	-1	-1	-1	-1	-1	-1	-1	-1	-1	-1	-1	-1	-1	-1	-1	-1
NS16456D	2	1	6	2016	1	4	1981	41	1	7	2018	1	1	-1	-1	-1	-1	-1	-1	-1	-1	-1	-1	-1	-1	-1
NS16457E	1	-1	-1	-1	-1	-1	-1	-1	1	8	2018	1	1	-1	-1	-1	-1	-1	-1	-1	-1	-1	-1	-1	-1	-1
NS16458F	1	-1	-1	-1	-1	-1	-1	-1	3	-1	-1	1	1	-1	-1	-1	-1	-1	-1	-1	-1	-1	-1	-1	-1	-1
NS16459G	2	1	8	2021	1	-9	-9	33	1	8	2022	1	1	-1	-1	-1	-1	-1	-1	-1	-1	-1	-1	-1	-1	-1
NS16460R	2	1	11	2018	1	12	1980	41	3	-1	-1	2	-1	1	2	2	2	1	2	2	2	10	2020	-1	-1	-1
NS16460R	3	2	-1	-1	-1	-1	-1	-1	-1	-1	-1	-1	-1	-1	-1	-1	-1	-1	-1	-1	-1	-1	-1	-1	-1	-1
NS16461S	1	-1	-1	-1	-1	-1	-1	-1	3	-1	-1	1	1	-1	-1	-1	-1	-1	-1	-1	-1	-1	-1	-1	-1	-1
NS16462T	2	2	-1	-1	-1	-1	-1	-1	-1	-1	-1	-1	-1	-1	-1	-1	-1	-1	-1	-1	-1	-1	-1	-1	-1	-1
NS16469B	1	-1	-1	-1	-1	-1	-1	-1	1	4	2022	1	1	-1	-1	-1	-1	-1	-1	-1	-1	-1	-1	-1	-1	-1
NS16473P	2	1	8	2022	1	6	1988	34	1	7	2022	1	1	-1	-1	-1	-1	-1	-1	-1	-1	-1	-1	-1	-1	-1
NS16474Q	2	1	3	2020	1	11	1992	30	2	1	2022	1	1	-1	-1	-1	-1	-1	-1	-1	-1	-1	-1	-1	-1	-1
NS16475R	1	-1	-1	-1	-1	-1	-1	-1	3	-1	-1	1	1	-1	-1	-1	-1	-1	-1	-1	-1	-1	-1	-1	-1	-1
NS16476S	2	2	-1	-1	-1	-1	-1	-1	-1	-1	-1	-1	-1	-1	-1	-1	-1	-1	-1	-1	-1	-1	-1	-1	-1	-1
NS16478V	2	1	4	2019	1	10	1989	33	1	11	2015	1	1	-1	-1	-1	-1	-1	-1	-1	-1	-1	-1	-1	-1	-1
NS16479W	1	-1	-1	-1	-1	-1	-1	-1	3	-1	-1	2	-1	1	1	2	2	2	2	2	2	1	2022	-1	-1	-1
NS16479W	2	1	3	2022	2	10	1990	31	3	-1	-1	1	1	-1	-1	-1	-1	-1	-1	-1	-1	-1	-1	-1	-1	-1
NS16480F	2	1	8	2010	2	8	1987	35	1	8	2016	1	1	-1	-1	-1	-1	-1	-1	-1	-1	-1	-1	-1	-1	-1
NS16481G	2	1	11	2019	1	12	1987	34	3	-1	-1	1	1	-1	-1	-1	-1	-1	-1	-1	-1	-1	-1	-1	-1	-1
NS16483J	2	2	-1	-1	-1	-1	-1	-1	-1	-1	-1	-1	-1	-1	-1	-1	-1	-1	-1	-1	-1	-1	-1	-1	-1	-1
NS16485L	2	2	-1	-1	-1	-1	-1	-1	-1	-1	-1	-1	-1	-1	-1	-1	-1	-1	-1	-1	-1	-1	-1	-1	-1	-1
NS16486M	2	2	-1	-1	-1	-1	-1	-1	-1	-1	-1	-1	-1	-1	-1	-1	-1	-1	-1	-1	-1	-1	-1	-1	-1	-1
NS16487N	1	-1	-1	-1	-1	-1	-1	-1	3	-1	-1	2	-1	1	1	2	2	2	2	2	2	8	2018	-1	-1	-1
NS16487N	2	2	-1	-1	-1	-1	-1	-1	-1	-1	-1	-1	-1	-1	-1	-1	-1	-1	-1	-1	-1	-1	-1	-1	-1	-1
NS16492C	1	-1	-1	-1	-1	-1	-1	-1	1	9	2018	1	1	-1	-1	-1	-1	-1	-1	-1	-1	-1	-1	-1	-1	-1
NS16496G	2	2	-1	-1	-1	-1	-1	-1	-1	-1	-1	-1	-1	-1	-1	-1	-1	-1	-1	-1	-1	-1	-1	-1	-1	-1
NS16497H	2	1	5	2019	2	10	1995	27	1	2	2022	1	1	-1	-1	-1	-1	-1	-1	-1	-1	-1	-1	-1	-1	-1
NS16500B	2	1	8	2017	1	7	1991	31	3	-1	-1	1	1	-1	-1	-1	-1	-1	-1	-1	-1	-1	-1	-1	-1	-1
NS16503E	2	1	11	2015	2	12	1990	32	1	6	2017	1	1	-1	-1	-1	-1	-1	-1	-1	-1	-1	-1	-1	-1	-1
NS16506H	2	2	-1	-1	-1	-1	-1	-1	-1	-1	-1	-1	-1	-1	-1	-1	-1	-1	-1	-1	-1	-1	-1	-1	-1	-1
NS16507J	2	2	-1	-1	-1	-1	-1	-1	-1	-1	-1	-1	-1	-1	-1	-1	-1	-1	-1	-1	-1	-1	-1	-1	-1	-1
NS16508K	2	1	4	2020	2	1	1993	30	3	-1	-1	2	-1	1	1	2	2	2	2	2	2	7	2020	-1	-1	-1
NS16508K	3	2	-1	-1	-1	-1	-1	-1	-1	-1	-1	-1	-1	-1	-1	-1	-1	-1	-1	-1	-1	-1	-1	-1	-1	-1
NS16512Y	1	-1	-1	-1	-1	-1	-1	-1	-1	-1	-1	1	1	-1	-1	-1	-1	-1	-1	-1	-1	-1	-1	-1	-1	-1
NS16516C	2	1	7	2017	-9	-9	-9	-9	-9	-1	-1	-9	-1	-1	-1	-1	-1	-1	-1	-1	-1	-1	-1	-1	-1	-1
NS16516C	3	-9	-1	-1	-1	-1	-1	-1	-1	-1	-1	-1	-1	-1	-1	-1	-1	-1	-1	-1	-1	-1	-1	-1	-1	-1
NS16519F	2	2	-1	-1	-1	-1	-1	-1	-1	-1	-1	-1	-1	-1	-1	-1	-1	-1	-1	-1	-1	-1	-1	-1	-1	-1
NS16525W	2	2	-1	-1	-1	-1	-1	-1	-1	-1	-1	-1	-1	-1	-1	-1	-1	-1	-1	-1	-1	-1	-1	-1	-1	-1
NS16527Y	2	2	-1	-1	-1	-1	-1	-1	-1	-1	-1	-1	-1	-1	-1	-1	-1	-1	-1	-1	-1	-1	-1	-1	-1	-1
NS16533N	2	1	6	2017	2	12	1993	29	3	-1	-1	1	1	-1	-1	-1	-1	-1	-1	-1	-1	-1	-1	-1	-1	-1
NS16538T	1	-1	-1	-1	-1	-1	-1	-1	3	-1	-1	1	1	-1	-1	-1	-1	-1	-1	-1	-1	-1	-1	-1	-1	-1
NS16543H	2	1	6	2010	2	7	1992	30	3	-1	-1	2	-1	1	2	2	2	2	2	2	1	1	2015	-1	-1	-1
NS16543H	3	1	1	2021	2	1	1990	33	3	-1	-1	1	1	-1	-1	-1	-1	-1	-1	-1	-1	-1	-1	-1	-1	-1
NS16544J	2	2	-1	-1	-1	-1	-1	-1	-1	-1	-1	-1	-1	-1	-1	-1	-1	-1	-1	-1	-1	-1	-1	-1	-1	-1
NS16545K	1	-1	-1	-1	-1	-1	-1	-1	3	-1	-1	2	-1	1	1	2	2	2	2	2	2	9	2019	-1	-1	-1
NS16545K	2	1	4	2020	2	1	1995	28	3	-1	-1	2	-1	1	2	2	2	2	2	1	2	9	2020	-1	-1	-1
NS16545K	3	2	-1	-1	-1	-1	-1	-1	-1	-1	-1	-1	-1	-1	-1	-1	-1	-1	-1	-1	-1	-1	-1	-1	-1	-1
NS16546L	2	2	-1	-1	-1	-1	-1	-1	-1	-1	-1	-1	-1	-1	-1	-1	-1	-1	-1	-1	-1	-1	-1	-1	-1	-1
NS16548N	1	-1	-1	-1	-1	-1	-1	-1	3	-1	-1	1	1	-1	-1	-1	-1	-1	-1	-1	-1	-1	-1	-1	-1	-1
NS16549P	2	1	11	2017	1	9	1987	35	3	-1	-1	1	1	-1	-1	-1	-1	-1	-1	-1	-1	-1	-1	-1	-1	-1
NS16556F	2	2	-1	-1	-1	-1	-1	-1	-1	-1	-1	-1	-1	-1	-1	-1	-1	-1	-1	-1	-1	-1	-1	-1	-1	-1
NS16562W	1	-1	-1	-1	-1	-1	-1	-1	-1	-1	-1	1	1	-1	-1	-1	-1	-1	-1	-1	-1	-1	-1	-1	-1	-1
NS16564Y	2	1	8	2020	1	8	1993	29	3	-1	-1	1	1	-1	-1	-1	-1	-1	-1	-1	-1	-1	-1	-1	-1	-1
NS16565Z	2	1	2	2012	1	3	1985	38	1	8	2016	1	1	-1	-1	-1	-1	-1	-1	-1	-1	-1	-1	-1	-1	-1
NS16570N	1	-1	-1	-1	-1	-1	-1	-1	-1	-1	-1	1	1	-1	-1	-1	-1	-1	-1	-1	-1	-1	-1	-1	-1	-1
NS16579Y	2	2	-1	-1	-1	-1	-1	-1	-1	-1	-1	-1	-1	-1	-1	-1	-1	-1	-1	-1	-1	-1	-1	-1	-1	-1
NS16581J	1	-1	-1	-1	-1	-1	-1	-1	-1	-1	-1	1	1	-1	-1	-1	-1	-1	-1	-1	-1	-1	-1	-1	-1	-1
NS16583L	2	2	-1	-1	-1	-1	-1	-1	-1	-1	-1	-1	-1	-1	-1	-1	-1	-1	-1	-1	-1	-1	-1	-1	-1	-1
NS16587Q	1	-1	-1	-1	-1	-1	-1	-1	-1	-1	-1	1	1	-1	-1	-1	-1	-1	-1	-1	-1	-1	-1	-1	-1	-1
NS16588R	2	1	8	2016	2	3	1988	34	1	7	2016	1	1	-1	-1	-1	-1	-1	-1	-1	-1	-1	-1	-1	-1	-1
NS16590C	2	1	12	2017	1	1	1990	32	1	9	2019	1	1	-1	-1	-1	-1	-1	-1	-1	-1	-1	-1	-1	-1	-1
NS16591D	1	-1	-1	-1	-1	-1	-1	-1	1	7	2021	1	1	-1	-1	-1	-1	-1	-1	-1	-1	-1	-1	-1	-1	-1
NS16592E	2	1	7	2018	1	8	1977	45	2	12	2018	2	-1	1	2	2	2	1	2	2	2	10	2021	2	-1	-1
NS16592E	3	2	-1	-1	-1	-1	-1	-1	-1	-1	-1	-1	-1	-1	-1	-1	-1	-1	-1	-1	-1	-1	-1	-1	-1	-1
NS16595H	1	-1	-1	-1	-1	-1	-1	-1	3	-1	-1	1	1	-1	-1	-1	-1	-1	-1	-1	-1	-1	-1	-1	-1	-1
NS16596J	2	1	3	2017	1	12	1994	28	1	3	2016	1	1	-1	-1	-1	-1	-1	-1	-1	-1	-1	-1	-1	-1	-1
NS16598L	1	-1	-1	-1	-1	-1	-1	-1	3	-1	-1	2	-1	3	-1	-1	-1	-1	-1	-1	-1	6	2019	-1	-1	-1
NS16598L	2	1	3	2020	1	5	1987	35	1	9	2022	1	1	-1	-1	-1	-1	-1	-1	-1	-1	-1	-1	-1	-1	-1
NS16599M	1	-1	-1	-1	-1	-1	-1	-1	3	-1	-1	2	-1	1	1	2	2	2	1	2	2	6	2018	-1	-1	-1
NS16599M	2	2	-1	-1	-1	-1	-1	-1	-1	-1	-1	-1	-1	-1	-1	-1	-1	-1	-1	-1	-1	-1	-1	-1	-1	-1
NS16601E	2	1	2	2014	1	9	1976	46	1	4	2016	1	1	-1	-1	-1	-1	-1	-1	-1	-1	-1	-1	-1	-1	-1
NS16602F	2	2	-1	-1	-1	-1	-1	-1	-1	-1	-1	-1	-1	-1	-1	-1	-1	-1	-1	-1	-1	-1	-1	-1	-1	-1
NS16603G	2	1	4	2022	1	6	1992	30	3	-1	-1	2	-1	2	-1	-1	-1	-1	-1	-1	-1	10	2022	-1	-1	-1
NS16603G	3	2	-1	-1	-1	-1	-1	-1	-1	-1	-1	-1	-1	-1	-1	-1	-1	-1	-1	-1	-1	-1	-1	-1	-1	-1
NS16606K	1	-1	-1	-1	-1	-1	-1	-1	3	-1	-1	2	-1	1	2	2	2	2	2	2	1	-9	2018	-1	-1	-1
NS16606K	2	2	-1	-1	-1	-1	-1	-1	-1	-1	-1	-1	-1	-1	-1	-1	-1	-1	-1	-1	-1	-1	-1	-1	-1	-1
NS16609N	2	2	-1	-1	-1	-1	-1	-1	-1	-1	-1	-1	-1	-1	-1	-1	-1	-1	-1	-1	-1	-1	-1	-1	-1	-1
NS16610Y	2	2	-1	-1	-1	-1	-1	-1	-1	-1	-1	-1	-1	-1	-1	-1	-1	-1	-1	-1	-1	-1	-1	-1	-1	-1
NS16616E	2	1	7	2012	2	12	1992	30	3	-1	-1	2	-1	1	1	2	2	2	2	2	2	10	2018	-1	-1	-1
NS16616E	3	2	-1	-1	-1	-1	-1	-1	-1	-1	-1	-1	-1	-1	-1	-1	-1	-1	-1	-1	-1	-1	-1	-1	-1	-1
NS16617F	1	-1	-1	-1	-1	-1	-1	-1	-1	-1	-1	1	1	-1	-1	-1	-1	-1	-1	-1	-1	-1	-1	-1	-1	-1
NS16619H	1	-1	-1	-1	-1	-1	-1	-1	1	10	2018	1	1	-1	-1	-1	-1	-1	-1	-1	-1	-1	-1	-1	-1	-1
NS16620S	1	-1	-1	-1	-1	-1	-1	-1	-1	-1	-1	1	1	-1	-1	-1	-1	-1	-1	-1	-1	-1	-1	-1	-1	-1
NS16625Y	2	2	-1	-1	-1	-1	-1	-1	-1	-1	-1	-1	-1	-1	-1	-1	-1	-1	-1	-1	-1	-1	-1	-1	-1	-1
NS16627A	1	-1	-1	-1	-1	-1	-1	-1	-1	-1	-1	1	1	-1	-1	-1	-1	-1	-1	-1	-1	-1	-1	-1	-1	-1
NS16628B	2	2	-1	-1	-1	-1	-1	-1	-1	-1	-1	-1	-1	-1	-1	-1	-1	-1	-1	-1	-1	-1	-1	-1	-1	-1
NS16637V	1	-1	-1	-1	-1	-1	-1	-1	1	9	2016	2	-1	1	1	2	2	2	2	2	2	3	2019	1	9	2022
NS16637V	2	2	-1	-1	-1	-1	-1	-1	-1	-1	-1	-1	-1	-1	-1	-1	-1	-1	-1	-1	-1	-1	-1	-1	-1	-1
NS16640G	2	2	-1	-1	-1	-1	-1	-1	-1	-1	-1	-1	-1	-1	-1	-1	-1	-1	-1	-1	-1	-1	-1	-1	-1	-1
NS16641H	2	1	8	2016	2	3	1993	29	1	8	2016	1	1	-1	-1	-1	-1	-1	-1	-1	-1	-1	-1	-1	-1	-1
NS16642J	2	2	-1	-1	-1	-1	-1	-1	-1	-1	-1	-1	-1	-1	-1	-1	-1	-1	-1	-1	-1	-1	-1	-1	-1	-1
NS16643K	1	-1	-1	-1	-1	-1	-1	-1	-1	-1	-1	1	1	-1	-1	-1	-1	-1	-1	-1	-1	-1	-1	-1	-1	-1
NS16644L	2	1	6	2017	2	2	1990	33	1	8	2020	1	1	-1	-1	-1	-1	-1	-1	-1	-1	-1	-1	-1	-1	-1
NS16645M	2	1	4	2018	2	7	1991	31	3	-1	-1	1	1	-1	-1	-1	-1	-1	-1	-1	-1	-1	-1	-1	-1	-1
NS16648Q	2	2	-1	-1	-1	-1	-1	-1	-1	-1	-1	-1	-1	-1	-1	-1	-1	-1	-1	-1	-1	-1	-1	-1	-1	-1
NS16651C	2	1	5	2021	2	12	1988	33	3	-1	-1	1	1	-1	-1	-1	-1	-1	-1	-1	-1	-1	-1	-1	-1	-1
NS16652D	2	1	12	2012	2	12	1994	28	3	-1	-1	1	1	-1	-1	-1	-1	-1	-1	-1	-1	-1	-1	-1	-1	-1
NS16653E	1	-1	-1	-1	-1	-1	-1	-1	1	11	2021	1	1	-1	-1	-1	-1	-1	-1	-1	-1	-1	-1	-1	-1	-1
NS16657J	2	1	8	2019	1	7	1991	31	3	-1	-1	1	1	-1	-1	-1	-1	-1	-1	-1	-1	-1	-1	-1	-1	-1
NS16658K	1	-1	-1	-1	-1	-1	-1	-1	3	-1	-1	2	-1	1	1	2	2	2	2	2	2	7	2018	-1	-1	-1
NS16658K	2	1	7	2019	2	-8	-8	34	3	-1	-1	2	-1	1	1	2	2	2	2	2	2	10	2022	-1	-1	-1
NS16658K	3	2	-1	-1	-1	-1	-1	-1	-1	-1	-1	-1	-1	-1	-1	-1	-1	-1	-1	-1	-1	-1	-1	-1	-1	-1
NS16660W	2	1	9	2010	2	8	1986	36	1	4	2017	1	1	-1	-1	-1	-1	-1	-1	-1	-1	-1	-1	-1	-1	-1
NS16661X	2	1	6	2018	1	7	1990	31	3	-1	-1	1	1	-1	-1	-1	-1	-1	-1	-1	-1	-1	-1	-1	-1	-1
NS16665B	1	-1	-1	-1	-1	-1	-1	-1	-1	-1	-1	1	1	-1	-1	-1	-1	-1	-1	-1	-1	-1	-1	-1	-1	-1
NS16666C	2	2	-1	-1	-1	-1	-1	-1	-1	-1	-1	-1	-1	-1	-1	-1	-1	-1	-1	-1	-1	-1	-1	-1	-1	-1
NS16668E	2	1	8	2019	2	3	1993	29	3	-1	-1	1	1	-1	-1	-1	-1	-1	-1	-1	-1	-1	-1	-1	-1	-1
NS16669F	2	2	-1	-1	-1	-1	-1	-1	-1	-1	-1	-1	-1	-1	-1	-1	-1	-1	-1	-1	-1	-1	-1	-1	-1	-1
NS16670Q	2	1	9	2017	1	3	1992	30	1	11	2022	1	1	-1	-1	-1	-1	-1	-1	-1	-1	-1	-1	-1	-1	-1
NS16672S	1	-1	-1	-1	-1	-1	-1	-1	-1	-1	-1	1	1	-1	-1	-1	-1	-1	-1	-1	-1	-1	-1	-1	-1	-1
NS16676X	1	-1	-1	-1	-1	-1	-1	-1	3	-1	-1	1	1	-1	-1	-1	-1	-1	-1	-1	-1	-1	-1	-1	-1	-1
NS16678Z	2	1	6	2007	1	5	1985	37	3	-1	-1	2	-1	1	1	2	2	2	2	2	2	1	2010	-1	-1	-1
NS16678Z	3	1	7	2014	1	3	1979	43	1	9	2018	1	1	-1	-1	-1	-1	-1	-1	-1	-1	-1	-1	-1	-1	-1
NS16681L	1	-1	-1	-1	-1	-1	-1	-1	1	9	2022	1	1	-1	-1	-1	-1	-1	-1	-1	-1	-1	-1	-1	-1	-1
NS16684P	2	2	-1	-1	-1	-1	-1	-1	-1	-1	-1	-1	-1	-1	-1	-1	-1	-1	-1	-1	-1	-1	-1	-1	-1	-1
NS16686R	2	2	-1	-1	-1	-1	-1	-1	-1	-1	-1	-1	-1	-1	-1	-1	-1	-1	-1	-1	-1	-1	-1	-1	-1	-1
NS16689V	1	-1	-1	-1	-1	-1	-1	-1	1	8	2015	1	1	-1	-1	-1	-1	-1	-1	-1	-1	-1	-1	-1	-1	-1
NS16690E	2	1	6	2022	2	5	1991	31	1	2	2022	1	1	-1	-1	-1	-1	-1	-1	-1	-1	-1	-1	-1	-1	-1
NS16695K	1	-1	-1	-1	-1	-1	-1	-1	1	6	2019	1	1	-1	-1	-1	-1	-1	-1	-1	-1	-1	-1	-1	-1	-1
NS16696L	2	1	5	2017	2	12	1989	33	3	-1	-1	1	1	-1	-1	-1	-1	-1	-1	-1	-1	-1	-1	-1	-1	-1
NS16697M	2	2	-1	-1	-1	-1	-1	-1	-1	-1	-1	-1	-1	-1	-1	-1	-1	-1	-1	-1	-1	-1	-1	-1	-1	-1
NS16701G	2	2	-1	-1	-1	-1	-1	-1	-1	-1	-1	-1	-1	-1	-1	-1	-1	-1	-1	-1	-1	-1	-1	-1	-1	-1
NS16702H	1	-1	-1	-1	-1	-1	-1	-1	3	-1	-1	1	1	-1	-1	-1	-1	-1	-1	-1	-1	-1	-1	-1	-1	-1
NS16703J	2	1	11	2019	2	-9	-9	43	3	-1	-1	1	1	-1	-1	-1	-1	-1	-1	-1	-1	-1	-1	-1	-1	-1
NS16704K	2	1	9	2013	2	7	1984	38	1	7	2013	1	1	-1	-1	-1	-1	-1	-1	-1	-1	-1	-1	-1	-1	-1
NS16705L	2	2	-1	-1	-1	-1	-1	-1	-1	-1	-1	-1	-1	-1	-1	-1	-1	-1	-1	-1	-1	-1	-1	-1	-1	-1
NS16706M	2	1	7	2018	2	1	1990	33	1	6	2018	1	1	-1	-1	-1	-1	-1	-1	-1	-1	-1	-1	-1	-1	-1
NS16709Q	1	-1	-1	-1	-1	-1	-1	-1	2	3	2018	1	-9	-1	-1	-1	-1	-1	-1	-1	-1	-1	-1	-1	-1	-1
NS16709Q	2	2	-1	-1	-1	-1	-1	-1	-1	-1	-1	-1	-1	-1	-1	-1	-1	-1	-1	-1	-1	-1	-1	-1	-1	-1
NS16711B	1	-1	-1	-1	-1	-1	-1	-1	1	7	2022	1	1	-1	-1	-1	-1	-1	-1	-1	-1	-1	-1	-1	-1	-1
NS16712C	1	-1	-1	-1	-1	-1	-1	-1	1	7	2018	1	1	-1	-1	-1	-1	-1	-1	-1	-1	-1	-1	-1	-1	-1
NS16713D	2	1	2	2017	1	10	1983	38	1	2	2019	1	1	-1	-1	-1	-1	-1	-1	-1	-1	-1	-1	-1	-1	-1
NS16714E	1	-1	-1	-1	-1	-1	-1	-1	1	9	2018	1	1	-1	-1	-1	-1	-1	-1	-1	-1	-1	-1	-1	-1	-1
NS16715F	2	1	3	2020	2	5	1993	30	3	-1	-1	1	1	-1	-1	-1	-1	-1	-1	-1	-1	-1	-1	-1	-1	-1
NS16717H	2	1	3	2017	1	11	1989	33	2	10	2016	1	1	-1	-1	-1	-1	-1	-1	-1	-1	-1	-1	-1	-1	-1
NS16719K	2	1	1	2017	1	10	1993	29	3	-1	-1	1	1	-1	-1	-1	-1	-1	-1	-1	-1	-1	-1	-1	-1	-1
NS16720V	1	-1	-1	-1	-1	-1	-1	-1	-1	-1	-1	1	1	-1	-1	-1	-1	-1	-1	-1	-1	-1	-1	-1	-1	-1
NS16723Y	1	-1	-1	-1	-1	-1	-1	-1	3	-1	-1	2	-1	2	-1	-1	-1	-1	-1	-1	-1	8	2022	-1	-1	-1
NS16723Y	2	2	-1	-1	-1	-1	-1	-1	-1	-1	-1	-1	-1	-1	-1	-1	-1	-1	-1	-1	-1	-1	-1	-1	-1	-1
NS16727C	1	-1	-1	-1	-1	-1	-1	-1	-1	-1	-1	1	1	-1	-1	-1	-1	-1	-1	-1	-1	-1	-1	-1	-1	-1
NS16728D	2	1	7	2020	2	1	1988	35	3	-1	-1	1	1	-1	-1	-1	-1	-1	-1	-1	-1	-1	-1	-1	-1	-1
NS16729E	2	2	-1	-1	-1	-1	-1	-1	-1	-1	-1	-1	-1	-1	-1	-1	-1	-1	-1	-1	-1	-1	-1	-1	-1	-1
NS16732R	2	1	7	2019	2	6	1990	32	1	7	2019	1	1	-1	-1	-1	-1	-1	-1	-1	-1	-1	-1	-1	-1	-1
NS16733S	1	-1	-1	-1	-1	-1	-1	-1	1	5	2017	1	1	-1	-1	-1	-1	-1	-1	-1	-1	-1	-1	-1	-1	-1
NS16737X	1	-1	-1	-1	-1	-1	-1	-1	3	-1	-1	2	-1	1	1	2	2	2	2	2	2	6	2016	-1	-1	-1
NS16737X	2	1	7	2017	2	12	1989	33	1	11	2018	1	1	-1	-1	-1	-1	-1	-1	-1	-1	-1	-1	-1	-1	-1
NS16739Z	1	-1	-1	-1	-1	-1	-1	-1	1	7	2022	1	1	-1	-1	-1	-1	-1	-1	-1	-1	-1	-1	-1	-1	-1
NS16744N	2	1	8	2015	2	9	1989	33	1	8	2015	1	1	-1	-1	-1	-1	-1	-1	-1	-1	-1	-1	-1	-1	-1
NS16747R	2	2	-1	-1	-1	-1	-1	-1	-1	-1	-1	-1	-1	-1	-1	-1	-1	-1	-1	-1	-1	-1	-1	-1	-1	-1
NS16750D	1	-1	-1	-1	-1	-1	-1	-1	1	8	2016	1	1	-1	-1	-1	-1	-1	-1	-1	-1	-1	-1	-1	-1	-1
NS16756K	1	-1	-1	-1	-1	-1	-1	-1	1	7	2017	1	1	-1	-1	-1	-1	-1	-1	-1	-1	-1	-1	-1	-1	-1
NS16758M	1	-1	-1	-1	-1	-1	-1	-1	3	-1	-1	2	-1	1	1	2	2	2	2	2	2	11	2016	-1	-1	-1
NS16758M	2	1	3	2020	1	-9	-9	32	3	-1	-1	2	-1	1	1	2	2	2	2	2	2	6	2020	-1	-1	-1
NS16758M	3	2	-1	-1	-1	-1	-1	-1	-1	-1	-1	-1	-1	-1	-1	-1	-1	-1	-1	-1	-1	-1	-1	-1	-1	-1
NS16761Z	2	1	2	2020	2	-9	-9	30	3	-1	-1	2	-1	1	2	2	2	2	2	2	1	-9	-9	-1	-1	-1
NS16761Z	3	2	-1	-1	-1	-1	-1	-1	-1	-1	-1	-1	-1	-1	-1	-1	-1	-1	-1	-1	-1	-1	-1	-1	-1	-1
NS16762A	2	1	11	2018	1	5	1984	38	1	3	2018	2	-1	1	1	2	2	2	2	2	2	11	2022	2	-1	-1
NS16762A	3	2	-1	-1	-1	-1	-1	-1	-1	-1	-1	-1	-1	-1	-1	-1	-1	-1	-1	-1	-1	-1	-1	-1	-1	-1
NS16763B	1	-1	-1	-1	-1	-1	-1	-1	1	8	2021	1	1	-1	-1	-1	-1	-1	-1	-1	-1	-1	-1	-1	-1	-1
NS16765D	1	-1	-1	-1	-1	-1	-1	-1	1	9	2018	1	1	-1	-1	-1	-1	-1	-1	-1	-1	-1	-1	-1	-1	-1
NS16769H	2	1	6	2017	1	11	1989	33	1	8	2018	1	1	-1	-1	-1	-1	-1	-1	-1	-1	-1	-1	-1	-1	-1
NS16772V	2	2	-1	-1	-1	-1	-1	-1	-1	-1	-1	-1	-1	-1	-1	-1	-1	-1	-1	-1	-1	-1	-1	-1	-1	-1
NS16773W	1	-1	-1	-1	-1	-1	-1	-1	-1	-1	-1	1	1	-1	-1	-1	-1	-1	-1	-1	-1	-1	-1	-1	-1	-1
NS16775Y	1	-1	-1	-1	-1	-1	-1	-1	-1	-1	-1	1	1	-1	-1	-1	-1	-1	-1	-1	-1	-1	-1	-1	-1	-1
NS16776Z	2	1	2	2020	1	5	1988	34	3	-1	-1	1	1	-1	-1	-1	-1	-1	-1	-1	-1	-1	-1	-1	-1	-1
NS16779C	2	2	-1	-1	-1	-1	-1	-1	-1	-1	-1	-1	-1	-1	-1	-1	-1	-1	-1	-1	-1	-1	-1	-1	-1	-1
NS16780M	1	-1	-1	-1	-1	-1	-1	-1	-1	-1	-1	1	1	-1	-1	-1	-1	-1	-1	-1	-1	-1	-1	-1	-1	-1
NS16781N	2	2	-1	-1	-1	-1	-1	-1	-1	-1	-1	-1	-1	-1	-1	-1	-1	-1	-1	-1	-1	-1	-1	-1	-1	-1
NS16782P	1	-1	-1	-1	-1	-1	-1	-1	1	4	2018	1	1	-1	-1	-1	-1	-1	-1	-1	-1	-1	-1	-1	-1	-1
NS16784R	2	2	-1	-1	-1	-1	-1	-1	-1	-1	-1	-1	-1	-1	-1	-1	-1	-1	-1	-1	-1	-1	-1	-1	-1	-1
NS16786T	1	-1	-1	-1	-1	-1	-1	-1	1	10	2019	1	1	-1	-1	-1	-1	-1	-1	-1	-1	-1	-1	-1	-1	-1
NS16790G	2	1	12	2019	2	7	1991	31	3	-1	-1	1	1	-1	-1	-1	-1	-1	-1	-1	-1	-1	-1	-1	-1	-1
NS16791H	2	2	-1	-1	-1	-1	-1	-1	-1	-1	-1	-1	-1	-1	-1	-1	-1	-1	-1	-1	-1	-1	-1	-1	-1	-1
NS16793K	2	1	7	2018	1	9	1988	34	3	-1	-1	2	-1	1	1	2	2	1	1	2	2	8	2022	-1	-1	-1
NS16793K	3	2	-1	-1	-1	-1	-1	-1	-1	-1	-1	-1	-1	-1	-1	-1	-1	-1	-1	-1	-1	-1	-1	-1	-1	-1
NS16794L	2	2	-1	-1	-1	-1	-1	-1	-1	-1	-1	-1	-1	-1	-1	-1	-1	-1	-1	-1	-1	-1	-1	-1	-1	-1
NS16795M	2	1	7	2016	2	2	1990	32	3	-1	-1	1	1	-1	-1	-1	-1	-1	-1	-1	-1	-1	-1	-1	-1	-1
NS16797P	2	2	-1	-1	-1	-1	-1	-1	-1	-1	-1	-1	-1	-1	-1	-1	-1	-1	-1	-1	-1	-1	-1	-1	-1	-1
NS16798Q	2	1	1	2014	1	8	1982	40	1	9	2015	1	1	-1	-1	-1	-1	-1	-1	-1	-1	-1	-1	-1	-1	-1
NS16803L	2	1	6	2017	2	10	1986	36	1	6	2021	1	1	-1	-1	-1	-1	-1	-1	-1	-1	-1	-1	-1	-1	-1
NS16804M	2	2	-1	-1	-1	-1	-1	-1	-1	-1	-1	-1	-1	-1	-1	-1	-1	-1	-1	-1	-1	-1	-1	-1	-1	-1
NS16805N	1	-1	-1	-1	-1	-1	-1	-1	1	3	2016	1	1	-1	-1	-1	-1	-1	-1	-1	-1	-1	-1	-1	-1	-1
NS16806P	2	1	6	2018	1	4	1989	33	1	7	2022	1	1	-1	-1	-1	-1	-1	-1	-1	-1	-1	-1	-1	-1	-1
NS16807Q	1	-1	-1	-1	-1	-1	-1	-1	3	-1	-1	1	2	-1	-1	-1	-1	-1	-1	-1	-1	4	2019	-1	-1	-1
NS16807Q	2	2	-1	-1	-1	-1	-1	-1	-1	-1	-1	-1	-1	-1	-1	-1	-1	-1	-1	-1	-1	-1	-1	-1	-1	-1
NS16809S	1	-1	-1	-1	-1	-1	-1	-1	3	-1	-1	2	-1	1	1	2	2	2	2	2	2	12	2020	-1	-1	-1
NS16809S	2	2	-1	-1	-1	-1	-1	-1	-1	-1	-1	-1	-1	-1	-1	-1	-1	-1	-1	-1	-1	-1	-1	-1	-1	-1
NS16810C	2	1	7	2017	1	10	1988	34	3	-1	-1	1	1	-1	-1	-1	-1	-1	-1	-1	-1	-1	-1	-1	-1	-1
NS16811D	2	2	-1	-1	-1	-1	-1	-1	-1	-1	-1	-1	-1	-1	-1	-1	-1	-1	-1	-1	-1	-1	-1	-1	-1	-1
NS16812E	2	2	-1	-1	-1	-1	-1	-1	-1	-1	-1	-1	-1	-1	-1	-1	-1	-1	-1	-1	-1	-1	-1	-1	-1	-1
NS16813F	2	2	-1	-1	-1	-1	-1	-1	-1	-1	-1	-1	-1	-1	-1	-1	-1	-1	-1	-1	-1	-1	-1	-1	-1	-1
NS16814G	2	2	-1	-1	-1	-1	-1	-1	-1	-1	-1	-1	-1	-1	-1	-1	-1	-1	-1	-1	-1	-1	-1	-1	-1	-1
NS16815H	2	1	2	2017	1	4	1990	32	1	7	2019	1	1	-1	-1	-1	-1	-1	-1	-1	-1	-1	-1	-1	-1	-1
NS16820X	1	-1	-1	-1	-1	-1	-1	-1	1	8	2017	1	1	-1	-1	-1	-1	-1	-1	-1	-1	-1	-1	-1	-1	-1
NS16822Z	2	2	-1	-1	-1	-1	-1	-1	-1	-1	-1	-1	-1	-1	-1	-1	-1	-1	-1	-1	-1	-1	-1	-1	-1	-1
NS16827E	2	2	-1	-1	-1	-1	-1	-1	-1	-1	-1	-1	-1	-1	-1	-1	-1	-1	-1	-1	-1	-1	-1	-1	-1	-1
NS16831S	1	-1	-1	-1	-1	-1	-1	-1	-1	-1	-1	1	1	-1	-1	-1	-1	-1	-1	-1	-1	-1	-1	-1	-1	-1
NS16834W	2	2	-1	-1	-1	-1	-1	-1	-1	-1	-1	-1	-1	-1	-1	-1	-1	-1	-1	-1	-1	-1	-1	-1	-1	-1
NS16835X	2	2	-1	-1	-1	-1	-1	-1	-1	-1	-1	-1	-1	-1	-1	-1	-1	-1	-1	-1	-1	-1	-1	-1	-1	-1
NS16842N	1	-1	-1	-1	-1	-1	-1	-1	1	5	2021	1	1	-1	-1	-1	-1	-1	-1	-1	-1	-1	-1	-1	-1	-1
NS16844Q	2	1	10	2018	1	3	1989	33	1	10	2018	1	1	-1	-1	-1	-1	-1	-1	-1	-1	-1	-1	-1	-1	-1
NS16846S	1	-1	-1	-1	-1	-1	-1	-1	-1	-1	-1	2	-1	1	1	2	2	2	2	2	2	1	2023	2	-1	-1
NS16846S	2	2	-1	-1	-1	-1	-1	-1	-1	-1	-1	-1	-1	-1	-1	-1	-1	-1	-1	-1	-1	-1	-1	-1	-1	-1
NS16847T	2	2	-1	-1	-1	-1	-1	-1	-1	-1	-1	-1	-1	-1	-1	-1	-1	-1	-1	-1	-1	-1	-1	-1	-1	-1
NS16849W	2	1	9	2021	2	4	1992	30	3	-1	-1	1	1	-1	-1	-1	-1	-1	-1	-1	-1	-1	-1	-1	-1	-1
NS16852H	2	1	9	2017	2	10	1991	31	1	4	2022	1	1	-1	-1	-1	-1	-1	-1	-1	-1	-1	-1	-1	-1	-1
NS16855L	2	1	8	2017	1	7	1988	34	3	-1	-1	2	-1	1	2	2	2	2	2	2	1	3	2019	-1	-1	-1
NS16855L	3	2	-1	-1	-1	-1	-1	-1	-1	-1	-1	-1	-1	-1	-1	-1	-1	-1	-1	-1	-1	-1	-1	-1	-1	-1
NS16856M	2	2	-1	-1	-1	-1	-1	-1	-1	-1	-1	-1	-1	-1	-1	-1	-1	-1	-1	-1	-1	-1	-1	-1	-1	-1
NS16857N	2	2	-1	-1	-1	-1	-1	-1	-1	-1	-1	-1	-1	-1	-1	-1	-1	-1	-1	-1	-1	-1	-1	-1	-1	-1
NS16858P	2	1	8	2020	2	8	1994	28	1	8	2020	1	1	-1	-1	-1	-1	-1	-1	-1	-1	-1	-1	-1	-1	-1
NS16859Q	2	2	-1	-1	-1	-1	-1	-1	-1	-1	-1	-1	-1	-1	-1	-1	-1	-1	-1	-1	-1	-1	-1	-1	-1	-1
NS16860A	2	1	4	2016	2	10	1992	30	3	-1	-1	1	1	-1	-1	-1	-1	-1	-1	-1	-1	-1	-1	-1	-1	-1
NS16861B	2	1	4	2018	1	8	1989	32	3	-1	-1	2	-1	1	1	2	2	2	2	1	2	7	2021	-1	-1	-1
NS16861B	3	2	-1	-1	-1	-1	-1	-1	-1	-1	-1	-1	-1	-1	-1	-1	-1	-1	-1	-1	-1	-1	-1	-1	-1	-1
NS16862C	2	1	9	2018	2	8	1984	38	3	-1	-1	2	-1	-8	-1	-1	-1	-1	-1	-1	-1	9	2022	-1	-1	-1
NS16862C	3	2	-1	-1	-1	-1	-1	-1	-1	-1	-1	-1	-1	-1	-1	-1	-1	-1	-1	-1	-1	-1	-1	-1	-1	-1
NS16863D	1	-1	-1	-1	-1	-1	-1	-1	3	-1	-1	2	-1	1	1	2	2	2	2	2	2	1	2019	-1	-1	-1
NS16863D	2	1	9	2019	1	10	1994	28	3	-1	-1	1	1	-1	-1	-1	-1	-1	-1	-1	-1	-1	-1	-1	-1	-1
NS16864E	1	-1	-1	-1	-1	-1	-1	-1	-1	-1	-1	1	1	-1	-1	-1	-1	-1	-1	-1	-1	-1	-1	-1	-1	-1
NS16868J	2	1	6	2014	2	4	1994	28	3	-1	-1	1	1	-1	-1	-1	-1	-1	-1	-1	-1	-1	-1	-1	-1	-1
NS16869K	2	1	8	2022	1	5	1991	31	1	8	2022	1	1	-1	-1	-1	-1	-1	-1	-1	-1	-1	-1	-1	-1	-1
NS16870V	1	-1	-1	-1	-1	-1	-1	-1	1	4	2018	2	-1	1	1	2	2	2	2	2	2	12	2018	1	11	2019
NS16870V	2	1	3	2019	2	6	1991	31	3	-1	-1	1	1	-1	-1	-1	-1	-1	-1	-1	-1	-1	-1	-1	-1	-1
NS16871W	2	1	3	2020	2	7	1996	26	3	-1	-1	1	1	-1	-1	-1	-1	-1	-1	-1	-1	-1	-1	-1	-1	-1
NS16873Y	1	-1	-1	-1	-1	-1	-1	-1	-1	-1	-1	1	1	-1	-1	-1	-1	-1	-1	-1	-1	-1	-1	-1	-1	-1
NS16874Z	2	1	7	2016	2	1	1991	31	1	3	2019	1	1	-1	-1	-1	-1	-1	-1	-1	-1	-1	-1	-1	-1	-1
NS16875A	2	1	3	2019	2	10	1999	23	3	-1	-1	2	-1	1	2	2	2	2	2	1	2	7	2020	-1	-1	-1
NS16875A	3	2	-1	-1	-1	-1	-1	-1	-1	-1	-1	-1	-1	-1	-1	-1	-1	-1	-1	-1	-1	-1	-1	-1	-1	-1
NS16878D	2	1	11	2020	1	10	1989	32	3	-1	-1	1	1	-1	-1	-1	-1	-1	-1	-1	-1	-1	-1	-1	-1	-1
NS16879E	2	1	6	2016	2	8	1992	30	3	-1	-1	1	1	-1	-1	-1	-1	-1	-1	-1	-1	-1	-1	-1	-1	-1
NS16880P	2	1	7	2017	2	9	1990	32	1	9	2022	1	1	-1	-1	-1	-1	-1	-1	-1	-1	-1	-1	-1	-1	-1
NS16884T	1	-1	-1	-1	-1	-1	-1	-1	-1	-1	-1	2	-1	1	1	2	2	2	2	2	2	1	2021	2	-1	-1
NS16884T	2	2	-1	-1	-1	-1	-1	-1	-1	-1	-1	-1	-1	-1	-1	-1	-1	-1	-1	-1	-1	-1	-1	-1	-1	-1
NS16891K	2	1	5	2019	1	9	1990	32	3	-1	-1	2	-1	2	-1	-1	-1	-1	-1	-1	-1	10	2022	-1	-1	-1
NS16891K	3	2	-1	-1	-1	-1	-1	-1	-1	-1	-1	-1	-1	-1	-1	-1	-1	-1	-1	-1	-1	-1	-1	-1	-1	-1
NS16895P	2	2	-1	-1	-1	-1	-1	-1	-1	-1	-1	-1	-1	-1	-1	-1	-1	-1	-1	-1	-1	-1	-1	-1	-1	-1
NS16898S	2	1	-9	2019	2	7	-8	28	3	-1	-1	1	1	-1	-1	-1	-1	-1	-1	-1	-1	-1	-1	-1	-1	-1
NS16899T	1	-1	-1	-1	-1	-1	-1	-1	3	-1	-1	2	-1	1	2	2	2	1	2	2	2	3	2016	-1	-1	-1
NS16899T	2	2	-1	-1	-1	-1	-1	-1	-1	-1	-1	-1	-1	-1	-1	-1	-1	-1	-1	-1	-1	-1	-1	-1	-1	-1
NS16901L	1	-1	-1	-1	-1	-1	-1	-1	3	-1	-1	2	-1	1	1	2	2	2	2	2	2	12	2016	-1	-1	-1
NS16901L	2	1	5	2018	1	8	1989	34	3	-1	-1	1	1	-1	-1	-1	-1	-1	-1	-1	-1	-1	-1	-1	-1	-1
NS16904P	1	-1	-1	-1	-1	-1	-1	-1	-1	-1	-1	2	-1	1	1	2	2	2	2	2	2	6	2022	2	-1	-1
NS16904P	2	2	-1	-1	-1	-1	-1	-1	-1	-1	-1	-1	-1	-1	-1	-1	-1	-1	-1	-1	-1	-1	-1	-1	-1	-1
NS16907S	2	2	-1	-1	-1	-1	-1	-1	-1	-1	-1	-1	-1	-1	-1	-1	-1	-1	-1	-1	-1	-1	-1	-1	-1	-1
NS16908T	2	1	7	2019	2	3	1990	32	3	-1	-1	1	1	-1	-1	-1	-1	-1	-1	-1	-1	-1	-1	-1	-1	-1
NS16909V	1	-1	-1	-1	-1	-1	-1	-1	-1	-1	-1	2	-1	1	1	2	2	2	2	2	2	12	2022	2	-1	-1
NS16909V	2	2	-1	-1	-1	-1	-1	-1	-1	-1	-1	-1	-1	-1	-1	-1	-1	-1	-1	-1	-1	-1	-1	-1	-1	-1
NS16911F	2	2	-1	-1	-1	-1	-1	-1	-1	-1	-1	-1	-1	-1	-1	-1	-1	-1	-1	-1	-1	-1	-1	-1	-1	-1
NS16914J	1	-1	-1	-1	-1	-1	-1	-1	-1	-1	-1	1	1	-1	-1	-1	-1	-1	-1	-1	-1	-1	-1	-1	-1	-1
NS16916L	2	2	-1	-1	-1	-1	-1	-1	-1	-1	-1	-1	-1	-1	-1	-1	-1	-1	-1	-1	-1	-1	-1	-1	-1	-1
NS16918N	2	1	4	2017	2	12	1989	33	1	10	2021	1	1	-1	-1	-1	-1	-1	-1	-1	-1	-1	-1	-1	-1	-1
NS16919P	2	2	-1	-1	-1	-1	-1	-1	-1	-1	-1	-1	-1	-1	-1	-1	-1	-1	-1	-1	-1	-1	-1	-1	-1	-1
NS16924D	2	1	10	2017	2	6	1992	30	1	12	2016	1	1	-1	-1	-1	-1	-1	-1	-1	-1	-1	-1	-1	-1	-1
NS16925E	2	2	-1	-1	-1	-1	-1	-1	-1	-1	-1	-1	-1	-1	-1	-1	-1	-1	-1	-1	-1	-1	-1	-1	-1	-1
NS16926F	2	1	4	2015	2	8	1992	31	1	6	2017	1	1	-1	-1	-1	-1	-1	-1	-1	-1	-1	-1	-1	-1	-1
NS16934Y	2	1	-8	-8	2	4	1989	33	3	-1	-1	1	1	-1	-1	-1	-1	-1	-1	-1	-1	-1	-1	-1	-1	-1
NS16935Z	2	1	2	2020	1	10	1987	35	1	12	2019	1	1	-1	-1	-1	-1	-1	-1	-1	-1	-1	-1	-1	-1	-1
NS16937B	2	2	-1	-1	-1	-1	-1	-1	-1	-1	-1	-1	-1	-1	-1	-1	-1	-1	-1	-1	-1	-1	-1	-1	-1	-1
NS16939D	2	1	7	2018	1	1	1992	31	1	6	2018	2	-1	1	1	2	2	2	2	2	2	8	2019	1	8	2020
NS16939D	3	2	-1	-1	-1	-1	-1	-1	-1	-1	-1	-1	-1	-1	-1	-1	-1	-1	-1	-1	-1	-1	-1	-1	-1	-1
NS16941P	2	2	-1	-1	-1	-1	-1	-1	-1	-1	-1	-1	-1	-1	-1	-1	-1	-1	-1	-1	-1	-1	-1	-1	-1	-1
NS16942Q	2	1	3	2017	2	12	1979	42	3	-1	-1	2	-1	1	2	2	1	1	1	2	2	2	2020	-1	-1	-1
NS16942Q	3	2	-1	-1	-1	-1	-1	-1	-1	-1	-1	-1	-1	-1	-1	-1	-1	-1	-1	-1	-1	-1	-1	-1	-1	-1
NS16943R	2	2	-1	-1	-1	-1	-1	-1	-1	-1	-1	-1	-1	-1	-1	-1	-1	-1	-1	-1	-1	-1	-1	-1	-1	-1
NS16944S	2	2	-1	-1	-1	-1	-1	-1	-1	-1	-1	-1	-1	-1	-1	-1	-1	-1	-1	-1	-1	-1	-1	-1	-1	-1
NS16946V	1	-1	-1	-1	-1	-1	-1	-1	1	7	2017	1	1	-1	-1	-1	-1	-1	-1	-1	-1	-1	-1	-1	-1	-1
NS16947W	2	2	-1	-1	-1	-1	-1	-1	-1	-1	-1	-1	-1	-1	-1	-1	-1	-1	-1	-1	-1	-1	-1	-1	-1	-1
NS16948X	2	1	11	2010	1	9	1985	37	1	9	2010	1	1	-1	-1	-1	-1	-1	-1	-1	-1	-1	-1	-1	-1	-1
NS16953L	2	1	10	2017	1	10	1987	35	1	8	2018	1	1	-1	-1	-1	-1	-1	-1	-1	-1	-1	-1	-1	-1	-1
NS16955N	2	2	-1	-1	-1	-1	-1	-1	-1	-1	-1	-1	-1	-1	-1	-1	-1	-1	-1	-1	-1	-1	-1	-1	-1	-1
NS16956P	2	2	-1	-1	-1	-1	-1	-1	-1	-1	-1	-1	-1	-1	-1	-1	-1	-1	-1	-1	-1	-1	-1	-1	-1	-1
NS16958R	1	-1	-1	-1	-1	-1	-1	-1	3	-1	-1	2	-1	1	1	2	1	2	2	2	2	9	2017	-1	-1	-1
NS16958R	2	1	3	2018	1	3	1985	37	1	12	2020	1	1	-1	-1	-1	-1	-1	-1	-1	-1	-1	-1	-1	-1	-1
NS16960C	1	-1	-1	-1	-1	-1	-1	-1	1	7	2021	1	1	-1	-1	-1	-1	-1	-1	-1	-1	-1	-1	-1	-1	-1
NS16961D	2	1	8	2018	1	-9	1988	35	3	-1	-1	2	-1	1	1	2	2	2	2	2	2	1	2023	-1	-1	-1
NS16961D	3	2	-1	-1	-1	-1	-1	-1	-1	-1	-1	-1	-1	-1	-1	-1	-1	-1	-1	-1	-1	-1	-1	-1	-1	-1
NS16964G	2	2	-1	-1	-1	-1	-1	-1	-1	-1	-1	-1	-1	-1	-1	-1	-1	-1	-1	-1	-1	-1	-1	-1	-1	-1
NS16966J	2	1	8	2011	2	1	1991	32	1	5	2014	1	1	-1	-1	-1	-1	-1	-1	-1	-1	-1	-1	-1	-1	-1
NS16968L	1	-1	-1	-1	-1	-1	-1	-1	1	6	2018	1	1	-1	-1	-1	-1	-1	-1	-1	-1	-1	-1	-1	-1	-1
NS16970X	2	1	7	2016	2	10	1989	33	1	7	2017	1	1	-1	-1	-1	-1	-1	-1	-1	-1	-1	-1	-1	-1	-1
NS16973A	2	1	5	2017	2	-9	-9	-9	1	7	2018	1	1	-1	-1	-1	-1	-1	-1	-1	-1	-1	-1	-1	-1	-1
NS16976D	2	2	-1	-1	-1	-1	-1	-1	-1	-1	-1	-1	-1	-1	-1	-1	-1	-1	-1	-1	-1	-1	-1	-1	-1	-1
NS16981S	2	1	5	2017	1	6	1980	42	1	7	2021	1	1	-1	-1	-1	-1	-1	-1	-1	-1	-1	-1	-1	-1	-1
NS16982T	1	-1	-1	-1	-1	-1	-1	-1	1	3	2018	1	1	-1	-1	-1	-1	-1	-1	-1	-1	-1	-1	-1	-1	-1
NS16984W	2	1	6	2016	1	8	1989	33	3	-1	-1	1	1	-1	-1	-1	-1	-1	-1	-1	-1	-1	-1	-1	-1	-1
NS16986Y	2	1	3	2017	1	6	1990	31	1	7	2021	1	1	-1	-1	-1	-1	-1	-1	-1	-1	-1	-1	-1	-1	-1
NS16989B	2	1	-9	-9	1	-8	-8	34	3	-1	-1	2	-1	1	1	2	2	2	2	2	2	1	2013	-1	-1	-1
NS16989B	3	2	-1	-1	-1	-1	-1	-1	-1	-1	-1	-1	-1	-1	-1	-1	-1	-1	-1	-1	-1	-1	-1	-1	-1	-1
NS16992N	1	-1	-1	-1	-1	-1	-1	-1	3	-1	-1	2	-1	1	1	2	2	2	2	2	2	7	2019	-1	-1	-1
NS16992N	2	2	-1	-1	-1	-1	-1	-1	-1	-1	-1	-1	-1	-1	-1	-1	-1	-1	-1	-1	-1	-1	-1	-1	-1	-1
NS16996S	1	-1	-1	-1	-1	-1	-1	-1	3	-1	-1	2	-1	1	1	2	2	2	2	2	2	6	2016	-1	-1	-1
NS16996S	2	2	-1	-1	-1	-1	-1	-1	-1	-1	-1	-1	-1	-1	-1	-1	-1	-1	-1	-1	-1	-1	-1	-1	-1	-1
NS16997T	2	1	6	2022	1	1	1989	33	1	7	2022	1	1	-1	-1	-1	-1	-1	-1	-1	-1	-1	-1	-1	-1	-1
NS16998V	2	2	-1	-1	-1	-1	-1	-1	-1	-1	-1	-1	-1	-1	-1	-1	-1	-1	-1	-1	-1	-1	-1	-1	-1	-1
NS17002N	2	1	8	2017	1	9	1985	37	1	8	2017	1	1	-1	-1	-1	-1	-1	-1	-1	-1	-1	-1	-1	-1	-1
NS17003P	2	1	6	2012	2	5	1990	32	1	7	2016	1	1	-1	-1	-1	-1	-1	-1	-1	-1	-1	-1	-1	-1	-1
NS17010F	2	1	2	2020	1	10	1989	33	1	6	2021	1	1	-1	-1	-1	-1	-1	-1	-1	-1	-1	-1	-1	-1	-1
NS17012H	1	-1	-1	-1	-1	-1	-1	-1	3	-1	-1	2	-1	1	1	2	2	2	2	2	2	9	2019	-1	-1	-1
NS17012H	2	2	-1	-1	-1	-1	-1	-1	-1	-1	-1	-1	-1	-1	-1	-1	-1	-1	-1	-1	-1	-1	-1	-1	-1	-1
NS17013J	2	2	-1	-1	-1	-1	-1	-1	-1	-1	-1	-1	-1	-1	-1	-1	-1	-1	-1	-1	-1	-1	-1	-1	-1	-1
NS17015L	1	-1	-1	-1	-1	-1	-1	-1	3	-1	-1	2	-1	1	1	2	2	2	2	2	2	3	2018	-1	-1	-1
NS17015L	2	1	8	2019	1	5	1984	38	3	-1	-1	1	1	-1	-1	-1	-1	-1	-1	-1	-1	-1	-1	-1	-1	-1
NS17017N	1	-1	-1	-1	-1	-1	-1	-1	3	-1	-1	2	-1	1	1	2	2	2	2	2	2	9	2019	-1	-1	-1
NS17017N	2	2	-1	-1	-1	-1	-1	-1	-1	-1	-1	-1	-1	-1	-1	-1	-1	-1	-1	-1	-1	-1	-1	-1	-1	-1
NS17022C	2	1	3	2021	2	1	1991	32	3	-1	-1	1	1	-1	-1	-1	-1	-1	-1	-1	-1	-1	-1	-1	-1	-1
NS17023D	2	2	-1	-1	-1	-1	-1	-1	-1	-1	-1	-1	-1	-1	-1	-1	-1	-1	-1	-1	-1	-1	-1	-1	-1	-1
NS17024E	2	2	-1	-1	-1	-1	-1	-1	-1	-1	-1	-1	-1	-1	-1	-1	-1	-1	-1	-1	-1	-1	-1	-1	-1	-1
NS17026G	2	2	-1	-1	-1	-1	-1	-1	-1	-1	-1	-1	-1	-1	-1	-1	-1	-1	-1	-1	-1	-1	-1	-1	-1	-1
NS17028J	2	1	7	2018	2	7	1991	31	3	-1	-1	2	-1	1	1	2	2	2	2	2	2	10	2022	-1	-1	-1
NS17028J	3	2	-1	-1	-1	-1	-1	-1	-1	-1	-1	-1	-1	-1	-1	-1	-1	-1	-1	-1	-1	-1	-1	-1	-1	-1
NS17032X	2	1	6	2019	2	3	1994	28	1	6	2019	1	1	-1	-1	-1	-1	-1	-1	-1	-1	-1	-1	-1	-1	-1
NS17034Z	2	1	4	2023	2	12	1989	33	3	-1	-1	1	1	-1	-1	-1	-1	-1	-1	-1	-1	-1	-1	-1	-1	-1
NS17037C	1	-1	-1	-1	-1	-1	-1	-1	-1	-1	-1	1	1	-1	-1	-1	-1	-1	-1	-1	-1	-1	-1	-1	-1	-1
NS17039E	2	2	-1	-1	-1	-1	-1	-1	-1	-1	-1	-1	-1	-1	-1	-1	-1	-1	-1	-1	-1	-1	-1	-1	-1	-1
NS17045V	2	1	6	2019	2	4	1990	32	1	1	2020	1	1	-1	-1	-1	-1	-1	-1	-1	-1	-1	-1	-1	-1	-1
NS17047X	1	-1	-1	-1	-1	-1	-1	-1	-1	-1	-1	1	1	-1	-1	-1	-1	-1	-1	-1	-1	-1	-1	-1	-1	-1
NS17050J	2	1	1	2014	2	1	1990	33	1	4	2019	1	1	-1	-1	-1	-1	-1	-1	-1	-1	-1	-1	-1	-1	-1
NS17051K	2	1	8	2016	1	5	1990	32	3	-1	-1	1	1	-1	-1	-1	-1	-1	-1	-1	-1	-1	-1	-1	-1	-1
NS17052L	1	-1	-1	-1	-1	-1	-1	-1	-1	-1	-1	1	1	-1	-1	-1	-1	-1	-1	-1	-1	-1	-1	-1	-1	-1
NS17056Q	2	1	9	2016	1	7	1988	34	1	9	2016	2	-1	1	1	1	2	2	1	2	2	7	2019	1	7	2022
NS17056Q	3	2	-1	-1	-1	-1	-1	-1	-1	-1	-1	-1	-1	-1	-1	-1	-1	-1	-1	-1	-1	-1	-1	-1	-1	-1
NS17058S	2	2	-1	-1	-1	-1	-1	-1	-1	-1	-1	-1	-1	-1	-1	-1	-1	-1	-1	-1	-1	-1	-1	-1	-1	-1
NS17059T	2	1	6	2011	1	7	1987	35	1	9	2018	1	1	-1	-1	-1	-1	-1	-1	-1	-1	-1	-1	-1	-1	-1
NS17062F	2	2	-1	-1	-1	-1	-1	-1	-1	-1	-1	-1	-1	-1	-1	-1	-1	-1	-1	-1	-1	-1	-1	-1	-1	-1
NS17063G	1	-1	-1	-1	-1	-1	-1	-1	-1	-1	-1	1	1	-1	-1	-1	-1	-1	-1	-1	-1	-1	-1	-1	-1	-1
NS17065J	1	-1	-1	-1	-1	-1	-1	-1	3	-1	-1	1	1	-1	-1	-1	-1	-1	-1	-1	-1	-1	-1	-1	-1	-1
NS17066K	2	1	11	2018	2	10	1990	32	1	10	2017	1	1	-1	-1	-1	-1	-1	-1	-1	-1	-1	-1	-1	-1	-1
NS17067L	2	2	-1	-1	-1	-1	-1	-1	-1	-1	-1	-1	-1	-1	-1	-1	-1	-1	-1	-1	-1	-1	-1	-1	-1	-1
NS17069N	2	1	10	2020	1	2	1990	32	1	10	2020	1	1	-1	-1	-1	-1	-1	-1	-1	-1	-1	-1	-1	-1	-1
NS17071Z	1	-1	-1	-1	-1	-1	-1	-1	3	-1	-1	1	1	-1	-1	-1	-1	-1	-1	-1	-1	-1	-1	-1	-1	-1
NS17072A	2	2	-1	-1	-1	-1	-1	-1	-1	-1	-1	-1	-1	-1	-1	-1	-1	-1	-1	-1	-1	-1	-1	-1	-1	-1
NS17073B	1	-1	-1	-1	-1	-1	-1	-1	3	-1	-1	2	-1	1	1	2	2	2	2	2	2	12	2017	-1	-1	-1
NS17073B	2	1	12	2021	2	1	1996	27	3	-1	-1	1	1	-1	-1	-1	-1	-1	-1	-1	-1	-1	-1	-1	-1	-1
NS17074C	1	-1	-1	-1	-1	-1	-1	-1	1	9	2018	1	1	-1	-1	-1	-1	-1	-1	-1	-1	-1	-1	-1	-1	-1
NS17080S	1	-1	-1	-1	-1	-1	-1	-1	-1	-1	-1	1	1	-1	-1	-1	-1	-1	-1	-1	-1	-1	-1	-1	-1	-1
NS17082V	2	1	8	2017	1	-9	-9	33	3	-1	-1	1	1	-1	-1	-1	-1	-1	-1	-1	-1	-1	-1	-1	-1	-1
NS17083W	2	1	5	2018	1	4	1987	35	3	-1	-1	2	-1	1	2	2	1	2	2	2	2	11	2022	-1	-1	-1
NS17083W	3	2	-1	-1	-1	-1	-1	-1	-1	-1	-1	-1	-1	-1	-1	-1	-1	-1	-1	-1	-1	-1	-1	-1	-1	-1
NS17086Z	1	-1	-1	-1	-1	-1	-1	-1	-1	-1	-1	1	1	-1	-1	-1	-1	-1	-1	-1	-1	-1	-1	-1	-1	-1
NS17087A	1	-1	-1	-1	-1	-1	-1	-1	3	-1	-1	2	-1	1	1	2	2	2	2	2	2	3	2018	-1	-1	-1
NS17087A	2	2	-1	-1	-1	-1	-1	-1	-1	-1	-1	-1	-1	-1	-1	-1	-1	-1	-1	-1	-1	-1	-1	-1	-1	-1
NS17088B	2	1	3	2021	2	6	1981	41	3	-1	-1	1	1	-1	-1	-1	-1	-1	-1	-1	-1	-1	-1	-1	-1	-1
NS17091N	2	2	-1	-1	-1	-1	-1	-1	-1	-1	-1	-1	-1	-1	-1	-1	-1	-1	-1	-1	-1	-1	-1	-1	-1	-1
NS17092P	2	1	1	2020	1	7	-9	-9	1	11	2021	1	1	-1	-1	-1	-1	-1	-1	-1	-1	-1	-1	-1	-1	-1
NS17093Q	2	1	12	2017	2	11	1989	33	1	4	2021	1	1	-1	-1	-1	-1	-1	-1	-1	-1	-1	-1	-1	-1	-1
NS17094R	1	-1	-1	-1	-1	-1	-1	-1	-1	-1	-1	1	1	-1	-1	-1	-1	-1	-1	-1	-1	-1	-1	-1	-1	-1
NS17096T	2	1	6	2010	1	9	1994	27	3	-1	-1	2	-1	1	2	2	2	2	1	2	2	2	2018	-1	-1	-1
NS17096T	3	2	-1	-1	-1	-1	-1	-1	-1	-1	-1	-1	-1	-1	-1	-1	-1	-1	-1	-1	-1	-1	-1	-1	-1	-1
NS17097V	2	1	10	2019	2	10	1982	40	3	-1	-1	2	-1	2	-1	-1	-1	-1	-1	-1	-1	11	2021	-1	-1	-1
NS17097V	3	2	-1	-1	-1	-1	-1	-1	-1	-1	-1	-1	-1	-1	-1	-1	-1	-1	-1	-1	-1	-1	-1	-1	-1	-1
NS17105T	1	-1	-1	-1	-1	-1	-1	-1	3	-1	-1	1	1	-1	-1	-1	-1	-1	-1	-1	-1	-1	-1	-1	-1	-1
NS17107W	2	1	10	2018	2	4	1990	32	1	7	2022	1	1	-1	-1	-1	-1	-1	-1	-1	-1	-1	-1	-1	-1	-1
NS17111J	2	1	7	2013	1	4	1991	32	3	-1	-1	1	1	-1	-1	-1	-1	-1	-1	-1	-1	-1	-1	-1	-1	-1
NS17112K	2	1	12	2020	1	8	1991	31	3	-1	-1	1	1	-1	-1	-1	-1	-1	-1	-1	-1	-1	-1	-1	-1	-1
NS17113L	1	-1	-1	-1	-1	-1	-1	-1	-1	-1	-1	1	1	-1	-1	-1	-1	-1	-1	-1	-1	-1	-1	-1	-1	-1
NS17115N	2	1	7	2016	2	12	1990	31	3	-1	-1	1	1	-1	-1	-1	-1	-1	-1	-1	-1	-1	-1	-1	-1	-1
NS17116P	1	-1	-1	-1	-1	-1	-1	-1	1	8	2019	1	1	-1	-1	-1	-1	-1	-1	-1	-1	-1	-1	-1	-1	-1
NS17118R	1	-1	-1	-1	-1	-1	-1	-1	3	-1	-1	1	1	-1	-1	-1	-1	-1	-1	-1	-1	-1	-1	-1	-1	-1
NS17120C	1	-1	-1	-1	-1	-1	-1	-1	-1	-1	-1	1	1	-1	-1	-1	-1	-1	-1	-1	-1	-1	-1	-1	-1	-1
NS17121D	2	1	8	2015	2	4	1994	28	3	-1	-1	1	1	-1	-1	-1	-1	-1	-1	-1	-1	-1	-1	-1	-1	-1
NS17122E	1	-1	-1	-1	-1	-1	-1	-1	3	-1	-1	1	1	-1	-1	-1	-1	-1	-1	-1	-1	-1	-1	-1	-1	-1
NS17123F	2	1	9	2016	1	9	1984	38	3	-1	-1	1	1	-1	-1	-1	-1	-1	-1	-1	-1	-1	-1	-1	-1	-1
NS17124G	2	1	6	2019	1	5	1988	33	1	6	2019	2	-1	1	1	2	2	2	2	2	2	7	2021	1	3	2022
NS17124G	3	2	-1	-1	-1	-1	-1	-1	-1	-1	-1	-1	-1	-1	-1	-1	-1	-1	-1	-1	-1	-1	-1	-1	-1	-1
NS17125H	1	-1	-1	-1	-1	-1	-1	-1	3	-1	-1	1	1	-1	-1	-1	-1	-1	-1	-1	-1	-1	-1	-1	-1	-1
NS17126J	2	1	9	2019	1	5	1989	33	1	9	2019	1	1	-1	-1	-1	-1	-1	-1	-1	-1	-1	-1	-1	-1	-1
NS17131Y	2	2	-1	-1	-1	-1	-1	-1	-1	-1	-1	-1	-1	-1	-1	-1	-1	-1	-1	-1	-1	-1	-1	-1	-1	-1
NS17132Z	1	-1	-1	-1	-1	-1	-1	-1	3	-1	-1	1	1	-1	-1	-1	-1	-1	-1	-1	-1	-1	-1	-1	-1	-1
NS17133A	2	2	-1	-1	-1	-1	-1	-1	-1	-1	-1	-1	-1	-1	-1	-1	-1	-1	-1	-1	-1	-1	-1	-1	-1	-1
NS17134B	1	-1	-1	-1	-1	-1	-1	-1	1	10	2022	1	1	-1	-1	-1	-1	-1	-1	-1	-1	-1	-1	-1	-1	-1
NS17137E	2	1	5	2016	1	5	1987	35	1	6	2018	1	1	-1	-1	-1	-1	-1	-1	-1	-1	-1	-1	-1	-1	-1
NS17138F	1	-1	-1	-1	-1	-1	-1	-1	3	-1	-1	1	1	-1	-1	-1	-1	-1	-1	-1	-1	-1	-1	-1	-1	-1
NS17140R	2	2	-1	-1	-1	-1	-1	-1	-1	-1	-1	-1	-1	-1	-1	-1	-1	-1	-1	-1	-1	-1	-1	-1	-1	-1
NS17141S	2	1	10	2015	1	12	1991	30	1	12	2014	1	1	-1	-1	-1	-1	-1	-1	-1	-1	-1	-1	-1	-1	-1
NS17145X	1	-1	-1	-1	-1	-1	-1	-1	-1	-1	-1	1	1	-1	-1	-1	-1	-1	-1	-1	-1	-1	-1	-1	-1	-1
NS17146Y	2	1	12	2016	2	9	1990	32	3	-1	-1	2	-1	1	1	2	2	2	2	2	2	5	2018	-1	-1	-1
NS17146Y	3	1	3	2020	2	3	1985	37	1	12	2021	1	1	-1	-1	-1	-1	-1	-1	-1	-1	-1	-1	-1	-1	-1
NS17147Z	2	1	3	2011	2	6	1992	30	3	-1	-1	2	-1	1	1	2	2	2	2	2	2	9	2014	-1	-1	-1
NS17147Z	3	1	1	2019	2	2	1992	30	1	11	2020	1	1	-1	-1	-1	-1	-1	-1	-1	-1	-1	-1	-1	-1	-1
NS17154Q	2	2	-1	-1	-1	-1	-1	-1	-1	-1	-1	-1	-1	-1	-1	-1	-1	-1	-1	-1	-1	-1	-1	-1	-1	-1
NS17157T	1	-1	-1	-1	-1	-1	-1	-1	1	7	2022	1	1	-1	-1	-1	-1	-1	-1	-1	-1	-1	-1	-1	-1	-1
NS17158V	2	1	5	2020	2	7	1993	28	3	-1	-1	2	-1	1	1	2	1	2	1	2	2	1	2021	-1	-1	-1
NS17158V	3	2	-1	-1	-1	-1	-1	-1	-1	-1	-1	-1	-1	-1	-1	-1	-1	-1	-1	-1	-1	-1	-1	-1	-1	-1
NS17159W	1	-1	-1	-1	-1	-1	-1	-1	-1	-1	-1	1	1	-1	-1	-1	-1	-1	-1	-1	-1	-1	-1	-1	-1	-1
NS17160F	2	1	8	2010	2	6	1987	34	3	-1	-1	1	1	-1	-1	-1	-1	-1	-1	-1	-1	3	-1	-1	-1	-1
NS17161G	2	2	-1	-1	-1	-1	-1	-1	-1	-1	-1	-1	-1	-1	-1	-1	-1	-1	-1	-1	-1	-1	-1	-1	-1	-1
NS17164K	2	2	-1	-1	-1	-1	-1	-1	-1	-1	-1	-1	-1	-1	-1	-1	-1	-1	-1	-1	-1	-1	-1	-1	-1	-1
NS17165L	1	-1	-1	-1	-1	-1	-1	-1	1	8	2016	1	1	-1	-1	-1	-1	-1	-1	-1	-1	-1	-1	-1	-1	-1
NS17166M	2	2	-1	-1	-1	-1	-1	-1	-1	-1	-1	-1	-1	-1	-1	-1	-1	-1	-1	-1	-1	-1	-1	-1	-1	-1
NS17168P	1	-1	-1	-1	-1	-1	-1	-1	1	5	2019	1	1	-1	-1	-1	-1	-1	-1	-1	-1	-1	-1	-1	-1	-1
NS17170A	2	1	5	2020	1	3	1983	39	3	-1	-1	1	1	-1	-1	-1	-1	-1	-1	-1	-1	-1	-1	-1	-1	-1
NS17172C	2	2	-1	-1	-1	-1	-1	-1	-1	-1	-1	-1	-1	-1	-1	-1	-1	-1	-1	-1	-1	-1	-1	-1	-1	-1
NS17177H	2	1	1	2019	1	1	1991	32	3	-1	-1	2	-1	1	2	2	2	2	2	2	1	1	2022	-1	-1	-1
NS17177H	3	1	7	2022	-8	1	1996	27	3	-1	-1	1	1	-1	-1	-1	-1	-1	-1	-1	-1	-1	-1	-1	-1	-1
NS17180V	2	1	8	2017	1	8	1986	35	1	8	2017	1	1	-1	-1	-1	-1	-1	-1	-1	-1	-1	-1	-1	-1	-1
NS17181W	2	1	-8	2012	2	2	1990	33	1	8	2018	1	1	-1	-1	-1	-1	-1	-1	-1	-1	-1	-1	-1	-1	-1
NS17183Y	1	-1	-1	-1	-1	-1	-1	-1	1	10	2021	1	1	-1	-1	-1	-1	-1	-1	-1	-1	-1	-1	-1	-1	-1
NS17185A	2	1	3	2020	2	9	1993	29	3	-1	-1	2	-1	1	2	2	2	2	2	2	1	1	2021	-1	-1	-1
NS17185A	3	2	-1	-1	-1	-1	-1	-1	-1	-1	-1	-1	-1	-1	-1	-1	-1	-1	-1	-1	-1	-1	-1	-1	-1	-1
NS17191Q	2	2	-1	-1	-1	-1	-1	-1	-1	-1	-1	-1	-1	-1	-1	-1	-1	-1	-1	-1	-1	-1	-1	-1	-1	-1
NS17192R	1	-1	-1	-1	-1	-1	-1	-1	3	-1	-1	1	1	-1	-1	-1	-1	-1	-1	-1	-1	-1	-1	-1	-1	-1
NS17193S	2	1	1	2017	2	11	1988	34	2	10	2009	1	2	-1	-1	-1	-1	-1	-1	-1	-1	6	2019	-1	-1	-1
NS17193S	3	1	6	2021	2	11	1988	34	2	8	2020	1	1	-1	-1	-1	-1	-1	-1	-1	-1	-1	-1	-1	-1	-1
NS17195V	2	2	-1	-1	-1	-1	-1	-1	-1	-1	-1	-1	-1	-1	-1	-1	-1	-1	-1	-1	-1	-1	-1	-1	-1	-1
NS17198Y	2	2	-1	-1	-1	-1	-1	-1	-1	-1	-1	-1	-1	-1	-1	-1	-1	-1	-1	-1	-1	-1	-1	-1	-1	-1
NS17202S	2	2	-1	-1	-1	-1	-1	-1	-1	-1	-1	-1	-1	-1	-1	-1	-1	-1	-1	-1	-1	-1	-1	-1	-1	-1
NS17205W	2	2	-1	-1	-1	-1	-1	-1	-1	-1	-1	-1	-1	-1	-1	-1	-1	-1	-1	-1	-1	-1	-1	-1	-1	-1
NS17207Y	2	1	8	2012	2	5	1991	31	3	-1	-1	1	1	-1	-1	-1	-1	-1	-1	-1	-1	-1	-1	-1	-1	-1
NS17210K	1	-1	-1	-1	-1	-1	-1	-1	3	-1	-1	2	-1	1	1	2	2	2	2	2	2	12	2016	-1	-1	-1
NS17210K	2	1	12	2019	1	10	1986	36	3	-1	-1	1	1	-1	-1	-1	-1	-1	-1	-1	-1	-1	-1	-1	-1	-1
NS17214P	2	2	-1	-1	-1	-1	-1	-1	-1	-1	-1	-1	-1	-1	-1	-1	-1	-1	-1	-1	-1	-1	-1	-1	-1	-1
NS17216R	2	1	10	2012	2	8	1984	38	1	7	2016	1	1	-1	-1	-1	-1	-1	-1	-1	-1	-1	-1	-1	-1	-1
NS17218T	2	2	-1	-1	-1	-1	-1	-1	-1	-1	-1	-1	-1	-1	-1	-1	-1	-1	-1	-1	-1	-1	-1	-1	-1	-1
NS17220E	2	1	5	2017	2	8	1990	32	3	-1	-1	2	-1	1	1	2	2	2	2	2	2	9	2020	-1	-1	-1
NS17220E	3	1	1	2021	2	2	1990	32	3	-1	-1	1	1	-1	-1	-1	-1	-1	-1	-1	-1	-1	-1	-1	-1	-1
NS17222G	2	2	-1	-1	-1	-1	-1	-1	-1	-1	-1	-1	-1	-1	-1	-1	-1	-1	-1	-1	-1	-1	-1	-1	-1	-1
NS17223H	1	-1	-1	-1	-1	-1	-1	-1	-1	-1	-1	1	1	-1	-1	-1	-1	-1	-1	-1	-1	-1	-1	-1	-1	-1
NS17224J	1	-1	-1	-1	-1	-1	-1	-1	1	9	2019	1	1	-1	-1	-1	-1	-1	-1	-1	-1	-1	-1	-1	-1	-1
NS17226L	1	-1	-1	-1	-1	-1	-1	-1	3	-1	-1	1	1	-1	-1	-1	-1	-1	-1	-1	-1	-1	-1	-1	-1	-1
NS17227M	1	-1	-1	-1	-1	-1	-1	-1	-1	-1	-1	1	2	-1	-1	-1	-1	-1	-1	-1	-1	2	2018	2	-1	-1
NS17227M	2	1	5	2018	2	1	1986	37	-1	-1	-1	2	-1	1	2	2	2	2	2	1	2	6	2018	-1	-1	-1
NS17227M	3	1	11	2018	2	8	1987	35	1	8	2015	1	1	-1	-1	-1	-1	-1	-1	-1	-1	-1	-1	-1	-1	-1
NS17229P	2	1	10	2021	2	1	1991	32	3	-1	-1	1	1	-1	-1	-1	-1	-1	-1	-1	-1	-1	-1	-1	-1	-1
NS17230Z	2	1	7	2010	2	2	1985	37	1	12	2015	1	1	-1	-1	-1	-1	-1	-1	-1	-1	-1	-1	-1	-1	-1
NS17231A	2	2	-1	-1	-1	-1	-1	-1	-1	-1	-1	-1	-1	-1	-1	-1	-1	-1	-1	-1	-1	-1	-1	-1	-1	-1
NS17233C	1	-1	-1	-1	-1	-1	-1	-1	3	-1	-1	2	-1	1	2	2	2	2	2	1	2	2	2017	-1	-1	-1
NS17233C	2	1	12	2017	1	8	1985	37	3	-1	-1	2	-1	1	1	2	2	2	2	1	2	11	2021	-1	-1	-1
NS17233C	3	2	-1	-1	-1	-1	-1	-1	-1	-1	-1	-1	-1	-1	-1	-1	-1	-1	-1	-1	-1	-1	-1	-1	-1	-1
NS17234D	2	2	-1	-1	-1	-1	-1	-1	-1	-1	-1	-1	-1	-1	-1	-1	-1	-1	-1	-1	-1	-1	-1	-1	-1	-1
NS17235E	2	1	9	2011	2	3	1992	30	1	8	2021	1	1	-1	-1	-1	-1	-1	-1	-1	-1	-1	-1	-1	-1	-1
NS17237G	2	1	1	2018	2	4	1997	25	1	11	2021	1	1	-1	-1	-1	-1	-1	-1	-1	-1	-1	-1	-1	-1	-1
NS17239J	2	2	-1	-1	-1	-1	-1	-1	-1	-1	-1	-1	-1	-1	-1	-1	-1	-1	-1	-1	-1	-1	-1	-1	-1	-1
NS17244Y	1	-1	-1	-1	-1	-1	-1	-1	-1	-1	-1	2	-1	1	2	2	2	2	2	2	1	4	2016	1	4	2016
NS17244Y	2	2	-1	-1	-1	-1	-1	-1	-1	-1	-1	-1	-1	-1	-1	-1	-1	-1	-1	-1	-1	-1	-1	-1	-1	-1
NS17245Z	2	1	5	2019	1	10	1986	35	3	-1	-1	1	1	-1	-1	-1	-1	-1	-1	-1	-1	-1	-1	-1	-1	-1
NS17246A	2	1	2	2019	2	8	1989	33	1	9	2021	1	1	-1	-1	-1	-1	-1	-1	-1	-1	-1	-1	-1	-1	-1
NS17250N	2	1	-9	-9	2	8	1987	36	1	12	2014	1	1	-1	-1	-1	-1	-1	-1	-1	-1	-1	-1	-1	-1	-1
NS17251P	2	2	-1	-1	-1	-1	-1	-1	-1	-1	-1	-1	-1	-1	-1	-1	-1	-1	-1	-1	-1	-1	-1	-1	-1	-1
NS17253R	2	1	2	2018	1	8	1988	34	3	-1	-1	2	-1	2	-1	-1	-1	-1	-1	-1	-1	2	2020	-1	-1	-1
NS17253R	3	2	-1	-1	-1	-1	-1	-1	-1	-1	-1	-1	-1	-1	-1	-1	-1	-1	-1	-1	-1	-1	-1	-1	-1	-1
NS17254S	2	2	-1	-1	-1	-1	-1	-1	-1	-1	-1	-1	-1	-1	-1	-1	-1	-1	-1	-1	-1	-1	-1	-1	-1	-1
NS17260H	2	1	11	2016	1	2	1991	31	3	-1	-1	1	1	-1	-1	-1	-1	-1	-1	-1	-1	-1	-1	-1	-1	-1
NS17262K	2	2	-1	-1	-1	-1	-1	-1	-1	-1	-1	-1	-1	-1	-1	-1	-1	-1	-1	-1	-1	-1	-1	-1	-1	-1
NS17266P	2	1	9	2022	2	12	1991	30	3	-1	-1	1	1	-1	-1	-1	-1	-1	-1	-1	-1	-1	-1	-1	-1	-1
NS17267Q	2	1	8	2019	1	7	1987	35	1	7	2019	1	1	-1	-1	-1	-1	-1	-1	-1	-1	-1	-1	-1	-1	-1
NS17269S	2	1	2	2019	2	5	1991	31	3	-1	-1	1	1	-1	-1	-1	-1	-1	-1	-1	-1	-1	-1	-1	-1	-1
NS17270C	1	-1	-1	-1	-1	-1	-1	-1	1	8	2016	2	-1	1	1	2	1	2	1	2	2	1	2019	1	10	2021
NS17270C	2	1	3	2020	1	11	1985	37	3	-1	-1	1	1	-1	-1	-1	-1	-1	-1	-1	-1	-1	-1	-1	-1	-1
NS17273F	1	-1	-1	-1	-1	-1	-1	-1	1	6	2017	1	1	-1	-1	-1	-1	-1	-1	-1	-1	-1	-1	-1	-1	-1
NS17274G	2	2	-1	-1	-1	-1	-1	-1	-1	-1	-1	-1	-1	-1	-1	-1	-1	-1	-1	-1	-1	-1	-1	-1	-1	-1
NS17275H	2	1	5	2016	2	7	1990	32	1	4	2018	1	1	-1	-1	-1	-1	-1	-1	-1	-1	-1	-1	-1	-1	-1
NS17278L	1	-1	-1	-1	-1	-1	-1	-1	-1	-1	-1	1	1	-1	-1	-1	-1	-1	-1	-1	-1	-1	-1	-1	-1	-1
NS17279M	1	-1	-1	-1	-1	-1	-1	-1	3	-1	-1	1	1	-1	-1	-1	-1	-1	-1	-1	-1	-1	-1	-1	-1	-1
NS17280X	1	-1	-1	-1	-1	-1	-1	-1	1	10	2020	1	1	-1	-1	-1	-1	-1	-1	-1	-1	-1	-1	-1	-1	-1
NS17281Y	2	1	11	2018	2	1	1991	32	3	-1	-1	1	1	-1	-1	-1	-1	-1	-1	-1	-1	-1	-1	-1	-1	-1
NS17284B	2	1	1	2017	2	12	1990	32	1	12	2022	1	1	-1	-1	-1	-1	-1	-1	-1	-1	-1	-1	-1	-1	-1
NS17285C	2	1	5	2017	1	10	1994	28	3	-1	-1	2	-1	1	1	2	2	2	2	2	2	12	2020	-1	-1	-1
NS17285C	3	2	-1	-1	-1	-1	-1	-1	-1	-1	-1	-1	-1	-1	-1	-1	-1	-1	-1	-1	-1	-1	-1	-1	-1	-1
NS17286D	2	1	5	2015	1	4	1989	33	1	9	2019	1	1	-1	-1	-1	-1	-1	-1	-1	-1	-1	-1	-1	-1	-1
NS17287E	2	2	-1	-1	-1	-1	-1	-1	-1	-1	-1	-1	-1	-1	-1	-1	-1	-1	-1	-1	-1	-1	-1	-1	-1	-1
NS17289G	2	1	12	2015	2	6	1992	30	3	-1	-1	1	1	-1	-1	-1	-1	-1	-1	-1	-1	-1	-1	-1	-1	-1
NS17290R	2	1	9	2016	1	9	1989	33	1	7	2022	1	1	-1	-1	-1	-1	-1	-1	-1	-1	-1	-1	-1	-1	-1
NS17293V	2	2	-1	-1	-1	-1	-1	-1	-1	-1	-1	-1	-1	-1	-1	-1	-1	-1	-1	-1	-1	-1	-1	-1	-1	-1
NS17294W	2	1	5	2016	2	7	1982	40	3	-1	-1	2	-1	1	1	2	2	2	2	2	2	11	2022	-1	-1	-1
NS17294W	3	2	-1	-1	-1	-1	-1	-1	-1	-1	-1	-1	-1	-1	-1	-1	-1	-1	-1	-1	-1	-1	-1	-1	-1	-1
NS17297Z	2	1	5	2020	1	6	1989	33	1	7	2020	1	1	-1	-1	-1	-1	-1	-1	-1	-1	-1	-1	-1	-1	-1
NS17299B	2	1	8	2017	1	-9	1989	32	1	3	2016	1	1	-1	-1	-1	-1	-1	-1	-1	-1	-1	-1	-1	-1	-1
NS17301T	2	1	1	2020	2	6	1990	32	3	-1	-1	2	-1	1	1	2	2	2	2	1	2	4	2022	-1	-1	-1
NS17301T	3	2	-1	-1	-1	-1	-1	-1	-1	-1	-1	-1	-1	-1	-1	-1	-1	-1	-1	-1	-1	-1	-1	-1	-1	-1
NS17303W	1	-1	-1	-1	-1	-1	-1	-1	-1	-1	-1	1	1	-1	-1	-1	-1	-1	-1	-1	-1	-1	-1	-1	-1	-1
NS17306Z	1	-1	-1	-1	-1	-1	-1	-1	3	-1	-1	2	-1	2	-1	-1	-1	-1	-1	-1	-1	3	2019	-1	-1	-1
NS17306Z	2	2	-1	-1	-1	-1	-1	-1	-1	-1	-1	-1	-1	-1	-1	-1	-1	-1	-1	-1	-1	-1	-1	-1	-1	-1
NS17313Q	2	1	6	2020	2	1	1998	24	3	-1	-1	1	1	-1	-1	-1	-1	-1	-1	-1	-1	-1	-1	-1	-1	-1
NS17314R	1	-1	-1	-1	-1	-1	-1	-1	1	12	2022	1	1	-1	-1	-1	-1	-1	-1	-1	-1	-1	-1	-1	-1	-1
NS17317V	1	-1	-1	-1	-1	-1	-1	-1	1	5	2019	1	1	-1	-1	-1	-1	-1	-1	-1	-1	-1	-1	-1	-1	-1
NS17318W	2	1	10	2021	2	4	1991	32	3	-1	-1	2	-1	1	1	2	2	2	2	2	2	6	2022	-1	-1	-1
NS17318W	3	2	-1	-1	-1	-1	-1	-1	-1	-1	-1	-1	-1	-1	-1	-1	-1	-1	-1	-1	-1	-1	-1	-1	-1	-1
NS17320G	2	1	12	2016	2	1	1986	37	3	-1	-1	1	1	-1	-1	-1	-1	-1	-1	-1	-1	-1	-1	-1	-1	-1
NS17321H	2	1	1	2017	1	12	1990	32	1	7	2016	2	-1	2	-1	-1	-1	-1	-1	-1	-1	7	2020	2	-1	-1
NS17321H	3	2	-1	-1	-1	-1	-1	-1	-1	-1	-1	-1	-1	-1	-1	-1	-1	-1	-1	-1	-1	-1	-1	-1	-1	-1
NS17323K	2	1	6	2019	2	11	1989	33	3	-1	-1	1	1	-1	-1	-1	-1	-1	-1	-1	-1	-1	-1	-1	-1	-1
NS17325M	1	-1	-1	-1	-1	-1	-1	-1	1	9	2017	1	1	-1	-1	-1	-1	-1	-1	-1	-1	-1	-1	-1	-1	-1
NS17327P	2	1	3	2021	2	7	1989	33	3	-1	-1	1	1	-1	-1	-1	-1	-1	-1	-1	-1	-1	-1	-1	-1	-1
NS17329R	1	-1	-1	-1	-1	-1	-1	-1	1	7	2018	1	1	-1	-1	-1	-1	-1	-1	-1	-1	-1	-1	-1	-1	-1
NS17333E	2	1	1	2017	1	3	1990	32	3	-1	-1	2	-1	1	1	2	2	2	2	2	2	6	2020	-1	-1	-1
NS17333E	3	1	1	2023	1	12	1982	40	3	-1	-1	1	1	-1	-1	-1	-1	-1	-1	-1	-1	-1	-1	-1	-1	-1
NS17339L	1	-1	-1	-1	-1	-1	-1	-1	1	9	2017	1	1	-1	-1	-1	-1	-1	-1	-1	-1	-1	-1	-1	-1	-1
NS17341X	2	1	3	2019	1	7	1990	32	3	-1	-1	1	1	-1	-1	-1	-1	-1	-1	-1	-1	-1	-1	-1	-1	-1
NS17342Y	2	1	7	2011	2	7	1990	31	1	7	2020	1	1	-1	-1	-1	-1	-1	-1	-1	-1	-1	-1	-1	-1	-1
NS17343Z	2	1	10	2019	1	8	1990	32	3	-1	-1	1	1	-1	-1	-1	-1	-1	-1	-1	-1	-1	-1	-1	-1	-1
NS17344A	1	-1	-1	-1	-1	-1	-1	-1	-1	-1	-1	1	1	-1	-1	-1	-1	-1	-1	-1	-1	-1	-1	-1	-1	-1
NS17346C	2	2	-1	-1	-1	-1	-1	-1	-1	-1	-1	-1	-1	-1	-1	-1	-1	-1	-1	-1	-1	-1	-1	-1	-1	-1
NS17347D	2	1	8	2017	1	9	1989	33	1	7	2021	1	1	-1	-1	-1	-1	-1	-1	-1	-1	-1	-1	-1	-1	-1
NS17348E	2	1	6	2018	1	6	1985	37	1	9	2021	1	1	-1	-1	-1	-1	-1	-1	-1	-1	-1	-1	-1	-1	-1
NS17352S	1	-1	-1	-1	-1	-1	-1	-1	-1	-1	-1	1	1	-1	-1	-1	-1	-1	-1	-1	-1	-1	-1	-1	-1	-1
NS17353T	2	1	1	2020	2	5	1985	37	3	5	2023	1	1	-1	-1	-1	-1	-1	-1	-1	-1	-1	-1	-1	-1	-1
NS17358Z	2	1	10	2019	1	1	1987	35	1	6	2022	1	2	-1	-1	-1	-1	-1	-1	-1	-1	10	2020	-1	-1	-1
NS17358Z	3	2	-1	-1	-1	-1	-1	-1	-1	-1	-1	-1	-1	-1	-1	-1	-1	-1	-1	-1	-1	-1	-1	-1	-1	-1
NS17359A	2	1	9	2018	2	9	1994	28	1	8	2021	1	1	-1	-1	-1	-1	-1	-1	-1	-1	-1	-1	-1	-1	-1
NS17360K	1	-1	-1	-1	-1	-1	-1	-1	3	-1	-1	2	-1	1	2	2	2	2	1	2	2	1	2016	-1	-1	-1
NS17360K	2	2	-1	-1	-1	-1	-1	-1	-1	-1	-1	-1	-1	-1	-1	-1	-1	-1	-1	-1	-1	-1	-1	-1	-1	-1
NS17362M	2	1	4	2019	2	1	1991	32	3	-1	-1	1	1	-1	-1	-1	-1	-1	-1	-1	-1	-1	-1	-1	-1	-1
NS17367S	2	2	-1	-1	-1	-1	-1	-1	-1	-1	-1	-1	-1	-1	-1	-1	-1	-1	-1	-1	-1	-1	-1	-1	-1	-1
NS17368T	1	-1	-1	-1	-1	-1	-1	-1	3	-1	-1	1	1	-1	-1	-1	-1	-1	-1	-1	-1	-1	-1	-1	-1	-1
NS17369V	2	2	-1	-1	-1	-1	-1	-1	-1	-1	-1	-1	-1	-1	-1	-1	-1	-1	-1	-1	-1	-1	-1	-1	-1	-1
NS17370E	1	-1	-1	-1	-1	-1	-1	-1	1	8	2018	1	1	-1	-1	-1	-1	-1	-1	-1	-1	-1	-1	-1	-1	-1
NS17372G	2	2	-1	-1	-1	-1	-1	-1	-1	-1	-1	-1	-1	-1	-1	-1	-1	-1	-1	-1	-1	-1	-1	-1	-1	-1
NS17374J	2	1	11	2016	1	2	1990	33	3	-1	-1	1	1	-1	-1	-1	-1	-1	-1	-1	-1	-1	-1	-1	-1	-1
NS17378N	2	1	9	2021	2	7	1989	33	3	-1	-1	1	1	-1	-1	-1	-1	-1	-1	-1	-1	-1	-1	-1	-1	-1
NS17384D	2	1	6	2017	2	7	1990	32	3	-1	-1	2	-1	1	1	2	2	2	2	2	2	4	2020	-1	-1	-1
NS17384D	3	1	3	2021	2	7	1994	28	1	6	2022	1	1	-1	-1	-1	-1	-1	-1	-1	-1	-1	-1	-1	-1	-1
NS17387G	2	1	4	2019	1	6	1992	29	1	4	2019	1	1	-1	-1	-1	-1	-1	-1	-1	-1	-1	-1	-1	-1	-1
NS17391V	2	1	4	2017	1	1	1990	33	3	-1	-1	1	1	-1	-1	-1	-1	-1	-1	-1	-1	-1	-1	-1	-1	-1
NS17394Y	2	1	6	2018	2	8	1990	31	3	-1	-1	1	1	-1	-1	-1	-1	-1	-1	-1	-1	-1	-1	-1	-1	-1
NS17395Z	2	1	11	2018	2	10	1993	29	1	12	2021	1	1	-1	-1	-1	-1	-1	-1	-1	-1	-1	-1	-1	-1	-1
NS17396A	2	2	-1	-1	-1	-1	-1	-1	-1	-1	-1	-1	-1	-1	-1	-1	-1	-1	-1	-1	-1	-1	-1	-1	-1	-1
NS17397B	1	-1	-1	-1	-1	-1	-1	-1	3	-1	-1	1	1	-1	-1	-1	-1	-1	-1	-1	-1	-1	-1	-1	-1	-1
NS17400V	2	1	4	2022	2	7	1993	29	3	-1	-1	1	1	-1	-1	-1	-1	-1	-1	-1	-1	-1	-1	-1	-1	-1
NS17401W	2	1	1	2018	1	6	1983	39	3	-1	-1	1	1	-1	-1	-1	-1	-1	-1	-1	-1	-1	-1	-1	-1	-1
NS17405A	2	1	8	2016	1	1	1990	33	3	-1	-1	2	-1	1	1	1	2	2	2	1	2	3	2017	-1	-1	-1
NS17405A	3	2	-1	-1	-1	-1	-1	-1	-1	-1	-1	-1	-1	-1	-1	-1	-1	-1	-1	-1	-1	-1	-1	-1	-1	-1
NS17406B	2	1	4	2018	2	7	1990	31	1	4	2018	1	1	-1	-1	-1	-1	-1	-1	-1	-1	-1	-1	-1	-1	-1
NS17408D	2	1	2	2020	2	8	1994	28	1	3	2018	1	1	-1	-1	-1	-1	-1	-1	-1	-1	-1	-1	-1	-1	-1
NS17410P	2	1	11	2017	2	3	1988	34	1	7	2019	1	1	-1	-1	-1	-1	-1	-1	-1	-1	-1	-1	-1	-1	-1
NS17412R	2	1	5	2018	2	12	1989	32	1	7	2022	1	1	-1	-1	-1	-1	-1	-1	-1	-1	-1	-1	-1	-1	-1
NS17417X	2	1	6	2017	2	5	1989	33	3	-1	-1	1	1	-1	-1	-1	-1	-1	-1	-1	-1	-1	-1	-1	-1	-1
NS17424N	2	1	5	2018	1	5	1990	32	1	12	2020	1	1	-1	-1	-1	-1	-1	-1	-1	-1	-1	-1	-1	-1	-1
NS17426Q	2	2	-1	-1	-1	-1	-1	-1	-1	-1	-1	-1	-1	-1	-1	-1	-1	-1	-1	-1	-1	-1	-1	-1	-1	-1
NS17427R	2	1	9	2017	2	3	1992	30	3	-1	-1	2	-1	1	1	2	2	2	2	2	2	6	2017	-1	-1	-1
NS17427R	3	2	-1	-1	-1	-1	-1	-1	-1	-1	-1	-1	-1	-1	-1	-1	-1	-1	-1	-1	-1	-1	-1	-1	-1	-1
NS17430D	2	1	6	2022	2	3	1991	32	1	6	2022	1	1	-1	-1	-1	-1	-1	-1	-1	-1	-1	-1	-1	-1	-1
NS17434H	2	2	-1	-1	-1	-1	-1	-1	-1	-1	-1	-1	-1	-1	-1	-1	-1	-1	-1	-1	-1	-1	-1	-1	-1	-1
NS17437L	1	-1	-1	-1	-1	-1	-1	-1	3	-1	-1	2	-1	1	1	2	2	2	2	2	2	3	2016	-1	-1	-1
NS17437L	2	1	10	2018	1	3	1982	40	1	10	2019	1	1	-1	-1	-1	-1	-1	-1	-1	-1	-1	-1	-1	-1	-1
NS17438M	2	1	9	2011	1	6	1989	33	3	-1	-1	2	-1	1	1	2	2	2	2	2	2	10	2016	-1	-1	-1
NS17438M	3	2	-1	-1	-1	-1	-1	-1	-1	-1	-1	-1	-1	-1	-1	-1	-1	-1	-1	-1	-1	-1	-1	-1	-1	-1
NS17440Y	1	-1	-1	-1	-1	-1	-1	-1	1	9	2019	1	1	-1	-1	-1	-1	-1	-1	-1	-1	-1	-1	-1	-1	-1
NS17443B	2	1	4	2020	1	2	1960	63	3	-1	-1	1	1	-1	-1	-1	-1	-1	-1	-1	-1	-1	-1	-1	-1	-1
NS17444C	1	-1	-1	-1	-1	-1	-1	-1	1	6	2016	1	1	-1	-1	-1	-1	-1	-1	-1	-1	-1	-1	-1	-1	-1
NS17446E	1	-1	-1	-1	-1	-1	-1	-1	3	-1	-1	1	1	-1	-1	-1	-1	-1	-1	-1	-1	-1	-1	-1	-1	-1
NS17448G	2	2	-1	-1	-1	-1	-1	-1	-1	-1	-1	-1	-1	-1	-1	-1	-1	-1	-1	-1	-1	-1	-1	-1	-1	-1
NS17449H	2	2	-1	-1	-1	-1	-1	-1	-1	-1	-1	-1	-1	-1	-1	-1	-1	-1	-1	-1	-1	-1	-1	-1	-1	-1
NS17451T	2	1	9	2021	1	9	1993	29	3	-1	-1	1	1	-1	-1	-1	-1	-1	-1	-1	-1	-1	-1	-1	-1	-1
NS17456Z	2	1	7	2016	1	3	1989	33	3	-1	-1	1	1	-1	-1	-1	-1	-1	-1	-1	-1	-1	-1	-1	-1	-1
NS17459C	1	-1	-1	-1	-1	-1	-1	-1	-1	-1	-1	2	-1	1	1	2	2	2	2	2	2	6	2017	1	3	2019
NS17459C	2	1	1	2018	1	7	1988	33	3	-1	-1	2	-1	1	2	2	2	2	1	2	2	5	2020	-1	-1	-1
NS17459C	3	2	-1	-1	-1	-1	-1	-1	-1	-1	-1	-1	-1	-1	-1	-1	-1	-1	-1	-1	-1	-1	-1	-1	-1	-1
NS17460M	2	2	-1	-1	-1	-1	-1	-1	-1	-1	-1	-1	-1	-1	-1	-1	-1	-1	-1	-1	-1	-1	-1	-1	-1	-1
NS17463Q	1	-1	-1	-1	-1	-1	-1	-1	1	8	2016	1	1	-1	-1	-1	-1	-1	-1	-1	-1	-1	-1	-1	-1	-1
NS17466T	2	1	8	2018	2	1	1993	29	3	-1	-1	1	1	-1	-1	-1	-1	-1	-1	-1	-1	-1	-1	-1	-1	-1
NS17469X	2	1	5	2009	2	9	1987	34	3	-1	-1	2	-1	1	1	2	2	2	2	2	2	7	2010	-1	-1	-1
NS17469X	3	1	5	2021	2	5	1991	31	3	-1	-1	2	-1	-8	-1	-1	-1	-1	-1	-1	-1	7	2022	-1	-1	-1
NS17469X	4	2	-1	-1	-1	-1	-1	-1	-1	-1	-1	-1	-1	-1	-1	-1	-1	-1	-1	-1	-1	-1	-1	-1	-1	-1
NS17472J	1	-1	-1	-1	-1	-1	-1	-1	-1	-1	-1	1	1	-1	-1	-1	-1	-1	-1	-1	-1	-1	-1	-1	-1	-1
NS17476N	2	1	9	2018	1	9	1988	33	1	9	2018	1	1	-1	-1	-1	-1	-1	-1	-1	-1	-1	-1	-1	-1	-1
NS17477P	2	1	10	2018	1	8	1992	30	1	3	2019	1	1	-1	-1	-1	-1	-1	-1	-1	-1	-1	-1	-1	-1	-1
NS17478Q	2	1	8	2015	2	3	1990	32	1	6	2017	1	1	-1	-1	-1	-1	-1	-1	-1	-1	-1	-1	-1	-1	-1
NS17479R	2	2	-1	-1	-1	-1	-1	-1	-1	-1	-1	-1	-1	-1	-1	-1	-1	-1	-1	-1	-1	-1	-1	-1	-1	-1
NS17481C	2	2	-1	-1	-1	-1	-1	-1	-1	-1	-1	-1	-1	-1	-1	-1	-1	-1	-1	-1	-1	-1	-1	-1	-1	-1
NS17491X	2	1	5	2015	2	4	1993	29	1	7	2022	2	-1	2	-1	-1	-1	-1	-1	-1	-1	1	2023	2	-1	-1
NS17491X	3	2	-1	-1	-1	-1	-1	-1	-1	-1	-1	-1	-1	-1	-1	-1	-1	-1	-1	-1	-1	-1	-1	-1	-1	-1
NS17496C	1	-1	-1	-1	-1	-1	-1	-1	3	-1	-1	1	1	-1	-1	-1	-1	-1	-1	-1	-1	-1	-1	-1	-1	-1
NS17499F	2	2	-1	-1	-1	-1	-1	-1	-1	-1	-1	-1	-1	-1	-1	-1	-1	-1	-1	-1	-1	-1	-1	-1	-1	-1
NS17502Z	1	-1	-1	-1	-1	-1	-1	-1	1	10	2014	1	1	-1	-1	-1	-1	-1	-1	-1	-1	-1	-1	-1	-1	-1
NS17503A	2	1	5	2019	1	12	1990	31	1	5	2019	1	1	-1	-1	-1	-1	-1	-1	-1	-1	-1	-1	-1	-1	-1
NS17504B	2	2	-1	-1	-1	-1	-1	-1	-1	-1	-1	-1	-1	-1	-1	-1	-1	-1	-1	-1	-1	-1	-1	-1	-1	-1
NS17510R	2	1	3	2019	2	4	1988	34	3	-1	-1	2	-1	1	1	2	2	2	2	2	2	10	2021	-1	-1	-1
NS17510R	3	2	-1	-1	-1	-1	-1	-1	-1	-1	-1	-1	-1	-1	-1	-1	-1	-1	-1	-1	-1	-1	-1	-1	-1	-1
NS17512T	1	-1	-1	-1	-1	-1	-1	-1	-1	-1	-1	1	1	-1	-1	-1	-1	-1	-1	-1	-1	9	2016	2	-1	-1
NS17512T	2	2	-1	-1	-1	-1	-1	-1	-1	-1	-1	-1	-1	-1	-1	-1	-1	-1	-1	-1	-1	-1	-1	-1	-1	-1
NS17513V	2	1	7	2016	2	3	1985	37	3	-1	-1	1	1	-1	-1	-1	-1	-1	-1	-1	-1	-1	-1	-1	-1	-1
NS17514W	2	2	-1	-1	-1	-1	-1	-1	-1	-1	-1	-1	-1	-1	-1	-1	-1	-1	-1	-1	-1	-1	-1	-1	-1	-1
NS17516Y	1	-1	-1	-1	-1	-1	-1	-1	3	-1	-1	2	-1	2	-1	-1	-1	-1	-1	-1	-1	11	2017	-1	-1	-1
NS17516Y	2	2	-1	-1	-1	-1	-1	-1	-1	-1	-1	-1	-1	-1	-1	-1	-1	-1	-1	-1	-1	-1	-1	-1	-1	-1
NS17521M	2	2	-1	-1	-1	-1	-1	-1	-1	-1	-1	-1	-1	-1	-1	-1	-1	-1	-1	-1	-1	-1	-1	-1	-1	-1
NS17522N	2	2	-1	-1	-1	-1	-1	-1	-1	-1	-1	-1	-1	-1	-1	-1	-1	-1	-1	-1	-1	-1	-1	-1	-1	-1
NS17524Q	2	1	12	2011	2	11	1989	32	1	11	2022	1	1	-1	-1	-1	-1	-1	-1	-1	-1	-1	-1	-1	-1	-1
NS17525R	2	2	-1	-1	-1	-1	-1	-1	-1	-1	-1	-1	-1	-1	-1	-1	-1	-1	-1	-1	-1	-1	-1	-1	-1	-1
NS17530F	2	1	1	2015	2	11	1994	28	3	-1	-1	2	-1	1	1	2	2	2	2	2	2	11	2021	-1	-1	-1
NS17530F	3	1	12	2022	2	6	1999	23	3	-1	-1	1	1	-1	-1	-1	-1	-1	-1	-1	-1	-1	-1	-1	-1	-1
NS17531G	2	1	7	2017	2	-9	-9	31	3	-1	-1	2	-1	1	1	2	2	2	2	2	2	10	2019	-1	-1	-1
NS17531G	3	2	-1	-1	-1	-1	-1	-1	-1	-1	-1	-1	-1	-1	-1	-1	-1	-1	-1	-1	-1	-1	-1	-1	-1	-1
NS17536M	2	1	3	2020	1	-9	-9	34	3	-1	-1	2	-1	1	1	2	2	1	2	2	2	12	2022	-1	-1	-1
NS17536M	3	2	-1	-1	-1	-1	-1	-1	-1	-1	-1	-1	-1	-1	-1	-1	-1	-1	-1	-1	-1	-1	-1	-1	-1	-1
NS17540A	2	2	-1	-1	-1	-1	-1	-1	-1	-1	-1	-1	-1	-1	-1	-1	-1	-1	-1	-1	-1	-1	-1	-1	-1	-1
NS17543D	2	1	9	2020	2	11	1993	29	3	-1	-1	1	1	-1	-1	-1	-1	-1	-1	-1	-1	-1	-1	-1	-1	-1
NS17544E	2	1	5	2016	1	12	1991	31	3	-1	-1	1	1	-1	-1	-1	-1	-1	-1	-1	-1	-1	-1	-1	-1	-1
NS17546G	1	-1	-1	-1	-1	-1	-1	-1	3	-1	-1	2	-1	1	1	2	2	2	2	2	2	4	2016	-1	-1	-1
NS17546G	2	1	5	2017	2	6	1995	27	3	-1	-1	1	1	-1	-1	-1	-1	-1	-1	-1	-1	-1	-1	-1	-1	-1
NS17548J	2	2	-1	-1	-1	-1	-1	-1	-1	-1	-1	-1	-1	-1	-1	-1	-1	-1	-1	-1	-1	-1	-1	-1	-1	-1
NS17551W	2	1	8	2022	1	3	1994	28	3	-1	-1	1	1	-1	-1	-1	-1	-1	-1	-1	-1	-1	-1	-1	-1	-1
NS17552X	2	1	2	2018	1	11	1985	37	3	-1	-1	1	1	-1	-1	-1	-1	-1	-1	-1	-1	-1	-1	-1	-1	-1
NS17553Y	2	2	-1	-1	-1	-1	-1	-1	-1	-1	-1	-1	-1	-1	-1	-1	-1	-1	-1	-1	-1	-1	-1	-1	-1	-1
NS17554Z	1	-1	-1	-1	-1	-1	-1	-1	1	11	2017	1	1	-1	-1	-1	-1	-1	-1	-1	-1	-1	-1	-1	-1	-1
NS17555A	2	1	6	2018	2	10	1989	33	1	6	2018	1	1	-1	-1	-1	-1	-1	-1	-1	-1	-1	-1	-1	-1	-1
NS17559E	2	2	-1	-1	-1	-1	-1	-1	-1	-1	-1	-1	-1	-1	-1	-1	-1	-1	-1	-1	-1	-1	-1	-1	-1	-1
NS17561Q	2	1	11	2021	1	5	1990	32	3	-1	-1	2	-1	2	-1	-1	-1	-1	-1	-1	-1	1	2023	-1	-1	-1
NS17561Q	3	2	-1	-1	-1	-1	-1	-1	-1	-1	-1	-1	-1	-1	-1	-1	-1	-1	-1	-1	-1	-1	-1	-1	-1	-1
NS17562R	1	-1	-1	-1	-1	-1	-1	-1	3	-1	-1	1	1	-1	-1	-1	-1	-1	-1	-1	-1	-1	-1	-1	-1	-1
NS17563S	2	1	1	2018	1	10	1988	34	3	-1	-1	1	1	-1	-1	-1	-1	-1	-1	-1	-1	-1	-1	-1	-1	-1
NS17564T	2	1	3	2020	1	-8	-9	35	3	-1	-1	1	1	-1	-1	-1	-1	-1	-1	-1	-1	-1	-1	-1	-1	-1
NS17565V	2	1	7	2016	2	4	1992	30	1	7	2016	1	1	-1	-1	-1	-1	-1	-1	-1	-1	-1	-1	-1	-1	-1
NS17568Y	2	1	10	2017	2	8	1995	26	3	-1	-1	1	1	-1	-1	-1	-1	-1	-1	-1	-1	-1	-1	-1	-1	-1
NS17579T	2	2	-1	-1	-1	-1	-1	-1	-1	-1	-1	-1	-1	-1	-1	-1	-1	-1	-1	-1	-1	-1	-1	-1	-1	-1
NS17584H	2	1	4	2015	2	2	1991	32	1	4	2015	1	1	-1	-1	-1	-1	-1	-1	-1	-1	-1	-1	-1	-1	-1
NS17585J	2	1	9	2016	2	4	1990	32	3	-1	-1	1	1	-1	-1	-1	-1	-1	-1	-1	-1	-1	-1	-1	-1	-1
NS17586K	2	1	8	2016	1	3	1987	35	3	-1	-1	1	1	-1	-1	-1	-1	-1	-1	-1	-1	-1	-1	-1	-1	-1
NS17589N	2	2	-1	-1	-1	-1	-1	-1	-1	-1	-1	-1	-1	-1	-1	-1	-1	-1	-1	-1	-1	-1	-1	-1	-1	-1
NS17591Z	1	-1	-1	-1	-1	-1	-1	-1	1	6	2019	1	1	-1	-1	-1	-1	-1	-1	-1	-1	-1	-1	-1	-1	-1
NS17594C	2	2	-1	-1	-1	-1	-1	-1	-1	-1	-1	-1	-1	-1	-1	-1	-1	-1	-1	-1	-1	-1	-1	-1	-1	-1
NS17595D	2	1	1	2019	1	3	1985	37	3	-1	-1	2	-1	1	1	2	2	2	2	1	2	12	2019	-1	-1	-1
NS17595D	3	1	11	2022	1	11	1985	37	2	1	2023	1	1	-1	-1	-1	-1	-1	-1	-1	-1	-1	-1	-1	-1	-1
NS17600Z	1	-1	-1	-1	-1	-1	-1	-1	-1	-1	-1	2	-1	1	1	2	2	2	2	2	2	4	2022	2	-1	-1
NS17600Z	2	2	-1	-1	-1	-1	-1	-1	-1	-1	-1	-1	-1	-1	-1	-1	-1	-1	-1	-1	-1	-1	-1	-1	-1	-1
NS17602B	1	-1	-1	-1	-1	-1	-1	-1	1	9	2016	1	1	-1	-1	-1	-1	-1	-1	-1	-1	-1	-1	-1	-1	-1
NS17606F	2	2	-1	-1	-1	-1	-1	-1	-1	-1	-1	-1	-1	-1	-1	-1	-1	-1	-1	-1	-1	-1	-1	-1	-1	-1
NS17616A	1	-1	-1	-1	-1	-1	-1	-1	1	5	2018	1	1	-1	-1	-1	-1	-1	-1	-1	-1	-1	-1	-1	-1	-1
NS17619D	2	2	-1	-1	-1	-1	-1	-1	-1	-1	-1	-1	-1	-1	-1	-1	-1	-1	-1	-1	-1	-1	-1	-1	-1	-1
NS17622Q	1	-1	-1	-1	-1	-1	-1	-1	-1	-1	-1	1	1	-1	-1	-1	-1	-1	-1	-1	-1	-1	-1	-1	-1	-1
NS17626V	2	1	7	2020	1	11	1989	32	1	7	2020	1	1	-1	-1	-1	-1	-1	-1	-1	-1	-1	-1	-1	-1	-1
NS17627W	2	1	9	2019	1	7	1988	34	3	-1	-1	1	1	-1	-1	-1	-1	-1	-1	-1	-1	-1	-1	-1	-1	-1
NS17628X	2	1	9	2018	1	10	1989	33	1	9	2018	1	1	-1	-1	-1	-1	-1	-1	-1	-1	-1	-1	-1	-1	-1
NS17629Y	2	1	3	2011	1	2	1983	39	1	6	2014	2	-1	1	1	2	2	2	2	2	2	9	2014	1	8	2017
NS17629Y	3	2	-1	-1	-1	-1	-1	-1	-1	-1	-1	-1	-1	-1	-1	-1	-1	-1	-1	-1	-1	-1	-1	-1	-1	-1
NS17631J	1	-1	-1	-1	-1	-1	-1	-1	1	8	2021	1	1	-1	-1	-1	-1	-1	-1	-1	-1	-1	-1	-1	-1	-1
NS17638R	2	1	10	2018	1	7	1989	33	3	-1	-1	1	1	-1	-1	-1	-1	-1	-1	-1	-1	-1	-1	-1	-1	-1
NS17640C	1	-1	-1	-1	-1	-1	-1	-1	-1	-1	-1	1	1	-1	-1	-1	-1	-1	-1	-1	-1	-1	-1	-1	-1	-1
NS17642E	1	-1	-1	-1	-1	-1	-1	-1	-1	-1	-1	1	1	-1	-1	-1	-1	-1	-1	-1	-1	-1	-1	-1	-1	-1
NS17643F	1	-1	-1	-1	-1	-1	-1	-1	3	-1	-1	1	1	-1	-1	-1	-1	-1	-1	-1	-1	-1	-1	-1	-1	-1
NS17648L	2	1	9	2017	1	4	1989	33	1	9	2017	1	1	-1	-1	-1	-1	-1	-1	-1	-1	-1	-1	-1	-1	-1
NS17652Z	2	1	-8	-8	1	2	1984	38	1	12	2021	1	1	-1	-1	-1	-1	-1	-1	-1	-1	-1	-1	-1	-1	-1
NS17657E	1	-1	-1	-1	-1	-1	-1	-1	1	6	2016	1	1	-1	-1	-1	-1	-1	-1	-1	-1	-1	-1	-1	-1	-1
NS17659G	2	1	8	2013	1	8	1989	33	3	-1	-1	2	-1	1	2	2	2	2	1	2	2	12	2020	-1	-1	-1
NS17659G	3	2	-1	-1	-1	-1	-1	-1	-1	-1	-1	-1	-1	-1	-1	-1	-1	-1	-1	-1	-1	-1	-1	-1	-1	-1
NS17660R	2	2	-1	-1	-1	-1	-1	-1	-1	-1	-1	-1	-1	-1	-1	-1	-1	-1	-1	-1	-1	-1	-1	-1	-1	-1
NS17661S	2	1	3	2019	1	6	1984	38	3	-1	-1	2	-1	1	1	2	2	2	2	2	2	3	2021	-1	-1	-1
NS17661S	3	2	-1	-1	-1	-1	-1	-1	-1	-1	-1	-1	-1	-1	-1	-1	-1	-1	-1	-1	-1	-1	-1	-1	-1	-1
NS17663V	1	-1	-1	-1	-1	-1	-1	-1	-1	-1	-1	1	1	-1	-1	-1	-1	-1	-1	-1	-1	-1	-1	-1	-1	-1
NS17668A	2	1	9	2014	2	11	1989	32	3	-1	-1	1	1	-1	-1	-1	-1	-1	-1	-1	-1	-1	-1	-1	-1	-1
NS17674Q	2	2	-1	-1	-1	-1	-1	-1	-1	-1	-1	-1	-1	-1	-1	-1	-1	-1	-1	-1	-1	-1	-1	-1	-1	-1
NS17675R	2	2	-1	-1	-1	-1	-1	-1	-1	-1	-1	-1	-1	-1	-1	-1	-1	-1	-1	-1	-1	-1	-1	-1	-1	-1
NS17678V	2	2	-1	-1	-1	-1	-1	-1	-1	-1	-1	-1	-1	-1	-1	-1	-1	-1	-1	-1	-1	-1	-1	-1	-1	-1
NS17679W	2	2	-1	-1	-1	-1	-1	-1	-1	-1	-1	-1	-1	-1	-1	-1	-1	-1	-1	-1	-1	-1	-1	-1	-1	-1
NS17680F	2	1	1	2014	2	10	1994	28	3	-1	-1	2	-1	1	1	2	2	2	2	2	2	1	2016	-1	-1	-1
NS17680F	3	2	-1	-1	-1	-1	-1	-1	-1	-1	-1	-1	-1	-1	-1	-1	-1	-1	-1	-1	-1	-1	-1	-1	-1	-1
NS17681G	2	1	11	2017	2	2	1997	26	3	-1	-1	1	1	-1	-1	-1	-1	-1	-1	-1	-1	-1	-1	-1	-1	-1
NS17687N	1	-1	-1	-1	-1	-1	-1	-1	1	2	2019	1	1	-1	-1	-1	-1	-1	-1	-1	-1	-1	-1	-1	-1	-1
NS17688P	2	1	3	2018	2	1	1993	30	3	-1	-1	1	1	-1	-1	-1	-1	-1	-1	-1	-1	-1	-1	-1	-1	-1
NS17690A	2	2	-1	-1	-1	-1	-1	-1	-1	-1	-1	-1	-1	-1	-1	-1	-1	-1	-1	-1	-1	-1	-1	-1	-1	-1
NS17694E	1	-1	-1	-1	-1	-1	-1	-1	-1	-1	-1	1	1	-1	-1	-1	-1	-1	-1	-1	-1	-1	-1	-1	-1	-1
NS17696G	2	1	1	2022	2	3	1992	31	1	1	2022	1	1	-1	-1	-1	-1	-1	-1	-1	-1	-1	-1	-1	-1	-1
NS17701C	2	1	9	2018	1	10	1992	30	1	9	2018	1	1	-1	-1	-1	-1	-1	-1	-1	-1	-1	-1	-1	-1	-1
NS17702D	2	2	-1	-1	-1	-1	-1	-1	-1	-1	-1	-1	-1	-1	-1	-1	-1	-1	-1	-1	-1	-1	-1	-1	-1	-1
NS17703E	2	1	11	2016	2	12	1989	33	3	-1	-1	2	-1	1	1	2	2	2	2	2	2	6	2022	-1	-1	-1
NS17703E	3	2	-1	-1	-1	-1	-1	-1	-1	-1	-1	-1	-1	-1	-1	-1	-1	-1	-1	-1	-1	-1	-1	-1	-1	-1
NS17704F	2	1	3	2020	1	7	1996	26	3	-1	-1	1	1	-1	-1	-1	-1	-1	-1	-1	-1	-1	-1	-1	-1	-1
NS17706H	2	1	12	2022	2	5	1988	34	3	-1	-1	1	1	-1	-1	-1	-1	-1	-1	-1	-1	-1	-1	-1	-1	-1
NS17711X	2	1	2	2019	2	-9	-9	-9	1	-9	-9	1	1	-1	-1	-1	-1	-1	-1	-1	-1	-1	-1	-1	-1	-1
NS17713Z	2	1	11	2020	1	3	1989	34	3	-1	-1	1	1	-1	-1	-1	-1	-1	-1	-1	-1	-1	-1	-1	-1	-1
NS17714A	2	1	7	2016	1	10	1987	34	-1	-1	-1	1	1	-1	-1	-1	-1	-1	-1	-1	-1	-1	-1	-1	-1	-1
NS17716C	1	-1	-1	-1	-1	-1	-1	-1	1	9	2021	1	1	-1	-1	-1	-1	-1	-1	-1	-1	-1	-1	-1	-1	-1
NS17717D	2	2	-1	-1	-1	-1	-1	-1	-1	-1	-1	-1	-1	-1	-1	-1	-1	-1	-1	-1	-1	-1	-1	-1	-1	-1
NS17718E	1	-1	-1	-1	-1	-1	-1	-1	3	-1	-1	1	1	-1	-1	-1	-1	-1	-1	-1	-1	-1	-1	-1	-1	-1
NS17721R	1	-1	-1	-1	-1	-1	-1	-1	3	-1	-1	1	1	-1	-1	-1	-1	-1	-1	-1	-1	-1	-1	-1	-1	-1
NS17722S	1	-1	-1	-1	-1	-1	-1	-1	3	-1	-1	2	-1	1	1	2	2	2	2	2	2	10	2016	-1	-1	-1
NS17722S	2	1	8	2019	1	7	1992	30	3	-1	-1	1	1	-1	-1	-1	-1	-1	-1	-1	-1	-1	-1	-1	-1	-1
NS17730K	1	-1	-1	-1	-1	-1	-1	-1	-1	-1	-1	1	1	-1	-1	-1	-1	-1	-1	-1	-1	-1	-1	-1	-1	-1
NS17732M	2	1	11	2020	1	1	1990	32	3	-1	-1	2	-1	1	2	2	2	2	2	2	1	5	2022	-1	-1	-1
NS17732M	3	2	-1	-1	-1	-1	-1	-1	-1	-1	-1	-1	-1	-1	-1	-1	-1	-1	-1	-1	-1	-1	-1	-1	-1	-1
NS17733N	2	1	11	2021	1	11	1989	32	3	-1	-1	1	1	-1	-1	-1	-1	-1	-1	-1	-1	-1	-1	-1	-1	-1
NS17734P	1	-1	-1	-1	-1	-1	-1	-1	3	-1	-1	1	1	-1	-1	-1	-1	-1	-1	-1	-1	-1	-1	-1	-1	-1
NS17735Q	2	1	1	2009	1	6	1990	32	1	7	2016	2	-1	2	-1	-1	-1	-1	-1	-1	-1	4	2021	2	-1	-1
NS17735Q	3	2	-1	-1	-1	-1	-1	-1	-1	-1	-1	-1	-1	-1	-1	-1	-1	-1	-1	-1	-1	-1	-1	-1	-1	-1
NS17736R	1	-1	-1	-1	-1	-1	-1	-1	-1	-1	-1	1	1	-1	-1	-1	-1	-1	-1	-1	-1	-1	-1	-1	-1	-1
NS17743H	1	-1	-1	-1	-1	-1	-1	-1	3	-1	-1	1	1	-1	-1	-1	-1	-1	-1	-1	-1	-1	-1	-1	-1	-1
NS17746L	1	-1	-1	-1	-1	-1	-1	-1	3	-1	-1	1	1	-1	-1	-1	-1	-1	-1	-1	-1	-1	-1	-1	-1	-1
NS17747M	2	1	10	2020	1	5	1988	34	3	-1	-1	1	1	-1	-1	-1	-1	-1	-1	-1	-1	-1	-1	-1	-1	-1
NS17751A	2	1	6	2021	1	12	1988	34	3	-1	-1	1	1	-1	-1	-1	-1	-1	-1	-1	-1	-1	-1	-1	-1	-1
NS17754D	1	-1	-1	-1	-1	-1	-1	-1	-1	-1	-1	1	1	-1	-1	-1	-1	-1	-1	-1	-1	-1	-1	-1	-1	-1
NS17757G	2	1	11	2016	1	7	1993	29	3	-1	-1	2	-1	1	1	2	2	2	2	2	2	8	2020	-1	-1	-1
NS17757G	3	1	12	2022	1	12	1990	32	3	-1	-1	1	1	-1	-1	-1	-1	-1	-1	-1	-1	-1	-1	-1	-1	-1
NS17759J	1	-1	-1	-1	-1	-1	-1	-1	1	3	2018	1	1	-1	-1	-1	-1	-1	-1	-1	-1	-1	-1	-1	-1	-1
NS17766A	2	2	-1	-1	-1	-1	-1	-1	-1	-1	-1	-1	-1	-1	-1	-1	-1	-1	-1	-1	-1	-1	-1	-1	-1	-1
NS17768C	2	2	-1	-1	-1	-1	-1	-1	-1	-1	-1	-1	-1	-1	-1	-1	-1	-1	-1	-1	-1	-1	-1	-1	-1	-1
NS17769D	2	1	12	2018	1	9	1987	34	3	-1	-1	1	1	-1	-1	-1	-1	-1	-1	-1	-1	-1	-1	-1	-1	-1
NS17771P	2	1	1	2007	1	1	1985	38	3	-1	-1	2	-1	1	1	2	2	2	2	2	2	2	2014	-1	-1	-1
NS17771P	3	1	8	2014	1	9	1988	34	3	-1	-1	2	-1	1	1	2	2	2	2	2	2	1	2018	-1	-1	-1
NS17771P	4	1	9	2018	1	6	1985	37	3	-1	-1	1	1	-1	-1	-1	-1	-1	-1	-1	-1	-1	-1	-1	-1	-1
NS17776V	1	-1	-1	-1	-1	-1	-1	-1	3	-1	-1	1	1	-1	-1	-1	-1	-1	-1	-1	-1	-1	-1	-1	-1	-1
NS17777W	2	1	1	2017	1	4	1988	34	3	-1	-1	2	-1	1	2	2	2	2	2	2	1	4	2019	-1	-1	-1
NS17777W	3	2	-1	-1	-1	-1	-1	-1	-1	-1	-1	-1	-1	-1	-1	-1	-1	-1	-1	-1	-1	-1	-1	-1	-1	-1
NS17781J	2	2	-1	-1	-1	-1	-1	-1	-1	-1	-1	-1	-1	-1	-1	-1	-1	-1	-1	-1	-1	-1	-1	-1	-1	-1
NS17785N	2	1	2	2017	1	1	1985	38	3	-1	-1	1	1	-1	-1	-1	-1	-1	-1	-1	-1	-1	-1	-1	-1	-1
NS17789S	2	2	-1	-1	-1	-1	-1	-1	-1	-1	-1	-1	-1	-1	-1	-1	-1	-1	-1	-1	-1	-1	-1	-1	-1	-1
NS17790C	2	1	5	2017	1	6	1989	33	1	5	2019	1	1	-1	-1	-1	-1	-1	-1	-1	-1	-1	-1	-1	-1	-1
NS17792E	2	1	10	2019	2	5	1988	34	3	-1	-1	1	1	-1	-1	-1	-1	-1	-1	-1	-1	-1	-1	-1	-1	-1
NS17794G	2	2	-1	-1	-1	-1	-1	-1	-1	-1	-1	-1	-1	-1	-1	-1	-1	-1	-1	-1	-1	-1	-1	-1	-1	-1
NS17795H	1	-1	-1	-1	-1	-1	-1	-1	3	-1	-1	1	1	-1	-1	-1	-1	-1	-1	-1	-1	-1	-1	-1	-1	-1
NS17803G	2	2	-1	-1	-1	-1	-1	-1	-1	-1	-1	-1	-1	-1	-1	-1	-1	-1	-1	-1	-1	-1	-1	-1	-1	-1
NS17804H	1	-1	-1	-1	-1	-1	-1	-1	1	7	2018	1	1	-1	-1	-1	-1	-1	-1	-1	-1	-1	-1	-1	-1	-1
NS17805J	2	2	-1	-1	-1	-1	-1	-1	-1	-1	-1	-1	-1	-1	-1	-1	-1	-1	-1	-1	-1	-1	-1	-1	-1	-1
NS17809N	2	2	-1	-1	-1	-1	-1	-1	-1	-1	-1	-1	-1	-1	-1	-1	-1	-1	-1	-1	-1	-1	-1	-1	-1	-1
NS17811Z	2	1	6	2018	2	9	1993	29	1	6	2018	1	1	-1	-1	-1	-1	-1	-1	-1	-1	-1	-1	-1	-1	-1
NS17812A	2	2	-1	-1	-1	-1	-1	-1	-1	-1	-1	-1	-1	-1	-1	-1	-1	-1	-1	-1	-1	-1	-1	-1	-1	-1
NS17817F	1	-1	-1	-1	-1	-1	-1	-1	1	8	2019	1	1	-1	-1	-1	-1	-1	-1	-1	-1	-1	-1	-1	-1	-1
NS17818G	2	2	-1	-1	-1	-1	-1	-1	-1	-1	-1	-1	-1	-1	-1	-1	-1	-1	-1	-1	-1	-1	-1	-1	-1	-1
NS17819H	2	2	-1	-1	-1	-1	-1	-1	-1	-1	-1	-1	-1	-1	-1	-1	-1	-1	-1	-1	-1	-1	-1	-1	-1	-1
NS17822V	2	1	8	2018	1	-9	-9	-9	3	-1	-1	1	1	-1	-1	-1	-1	-1	-1	-1	-1	-1	-1	-1	-1	-1
NS17823W	1	-1	-1	-1	-1	-1	-1	-1	3	-1	-1	1	1	-1	-1	-1	-1	-1	-1	-1	-1	-1	-1	-1	-1	-1
NS17824X	1	-1	-1	-1	-1	-1	-1	-1	3	-1	-1	2	-1	1	1	2	2	2	2	2	2	8	2016	-1	-1	-1
NS17824X	2	1	2	2021	1	10	1971	51	3	-1	-1	1	1	-1	-1	-1	-1	-1	-1	-1	-1	-1	-1	-1	-1	-1
NS17826Z	2	2	-1	-1	-1	-1	-1	-1	-1	-1	-1	-1	-1	-1	-1	-1	-1	-1	-1	-1	-1	-1	-1	-1	-1	-1
NS17830M	2	1	1	2017	1	11	1988	33	1	2	2017	1	1	-1	-1	-1	-1	-1	-1	-1	-1	-1	-1	-1	-1	-1
NS17831N	2	2	-1	-1	-1	-1	-1	-1	-1	-1	-1	-1	-1	-1	-1	-1	-1	-1	-1	-1	-1	-1	-1	-1	-1	-1
NS17832P	2	1	2	2018	2	5	1991	31	3	-1	-1	1	1	-1	-1	-1	-1	-1	-1	-1	-1	-1	-1	-1	-1	-1
NS17837V	2	2	-1	-1	-1	-1	-1	-1	-1	-1	-1	-1	-1	-1	-1	-1	-1	-1	-1	-1	-1	-1	-1	-1	-1	-1
NS17838W	2	1	6	2021	2	10	1992	30	1	6	2021	1	1	-1	-1	-1	-1	-1	-1	-1	-1	-1	-1	-1	-1	-1
NS17841H	2	1	10	2017	2	6	1992	29	1	9	2018	1	1	-1	-1	-1	-1	-1	-1	-1	-1	-1	-1	-1	-1	-1
NS17843K	2	1	10	2021	1	12	1986	36	3	-1	-1	1	1	-1	-1	-1	-1	-1	-1	-1	-1	-1	-1	-1	-1	-1
NS17848Q	1	-1	-1	-1	-1	-1	-1	-1	3	-1	-1	1	1	-1	-1	-1	-1	-1	-1	-1	-1	-1	-1	-1	-1	-1
NS17849R	2	1	5	2018	2	7	1988	34	3	-1	-1	1	1	-1	-1	-1	-1	-1	-1	-1	-1	-1	-1	-1	-1	-1
NS17852D	2	1	6	2019	2	10	1989	33	1	6	2019	1	1	-1	-1	-1	-1	-1	-1	-1	-1	-1	-1	-1	-1	-1
NS17853E	2	2	-1	-1	-1	-1	-1	-1	-1	-1	-1	-1	-1	-1	-1	-1	-1	-1	-1	-1	-1	-1	-1	-1	-1	-1
NS17854F	2	1	6	2015	2	3	1988	34	3	-1	-1	1	1	-1	-1	-1	-1	-1	-1	-1	-1	-1	-1	-1	-1	-1
NS17856H	2	1	7	2019	2	1	1983	40	1	9	2022	1	1	-1	-1	-1	-1	-1	-1	-1	-1	-1	-1	-1	-1	-1
NS17857J	2	2	-1	-1	-1	-1	-1	-1	-1	-1	-1	-1	-1	-1	-1	-1	-1	-1	-1	-1	-1	-1	-1	-1	-1	-1
NS17858K	2	1	4	2017	1	11	1989	32	3	-1	-1	2	-1	1	1	2	2	2	2	2	2	2	2019	-1	-1	-1
NS17858K	3	1	7	2019	1	7	1985	36	3	-1	-1	1	1	-1	-1	-1	-1	-1	-1	-1	-1	-1	-1	-1	-1	-1
NS17862Y	2	1	9	2017	1	10	1984	38	1	8	2020	1	1	-1	-1	-1	-1	-1	-1	-1	-1	-1	-1	-1	-1	-1
NS17863Z	1	-1	-1	-1	-1	-1	-1	-1	1	7	2017	1	1	-1	-1	-1	-1	-1	-1	-1	-1	-1	-1	-1	-1	-1
NS17865B	2	2	-1	-1	-1	-1	-1	-1	-1	-1	-1	-1	-1	-1	-1	-1	-1	-1	-1	-1	-1	-1	-1	-1	-1	-1
NS17866C	1	-1	-1	-1	-1	-1	-1	-1	3	-1	-1	2	-1	1	1	2	2	2	2	2	2	4	2020	-1	-1	-1
NS17866C	2	2	-1	-1	-1	-1	-1	-1	-1	-1	-1	-1	-1	-1	-1	-1	-1	-1	-1	-1	-1	-1	-1	-1	-1	-1
NS17867D	2	2	-1	-1	-1	-1	-1	-1	-1	-1	-1	-1	-1	-1	-1	-1	-1	-1	-1	-1	-1	-1	-1	-1	-1	-1
NS17868E	2	2	-1	-1	-1	-1	-1	-1	-1	-1	-1	-1	-1	-1	-1	-1	-1	-1	-1	-1	-1	-1	-1	-1	-1	-1
NS17870Q	1	-1	-1	-1	-1	-1	-1	-1	1	12	2018	1	1	-1	-1	-1	-1	-1	-1	-1	-1	-1	-1	-1	-1	-1
NS17871R	1	-1	-1	-1	-1	-1	-1	-1	-1	-1	-1	1	1	-1	-1	-1	-1	-1	-1	-1	-1	-1	-1	-1	-1	-1
NS17874V	1	-1	-1	-1	-1	-1	-1	-1	-1	-1	-1	1	1	-1	-1	-1	-1	-1	-1	-1	-1	-1	-1	-1	-1	-1
NS17879A	2	2	-1	-1	-1	-1	-1	-1	-1	-1	-1	-1	-1	-1	-1	-1	-1	-1	-1	-1	-1	-1	-1	-1	-1	-1
NS17880K	2	1	3	2020	2	11	1985	37	3	-1	-1	1	1	-1	-1	-1	-1	-1	-1	-1	-1	-1	-1	-1	-1	-1
NS17882M	2	1	3	2020	2	11	1994	28	3	-1	-1	2	-1	1	1	2	2	2	2	2	2	10	2021	-1	-1	-1
NS17882M	3	2	-1	-1	-1	-1	-1	-1	-1	-1	-1	-1	-1	-1	-1	-1	-1	-1	-1	-1	-1	-1	-1	-1	-1	-1
NS17883N	2	1	6	2010	2	8	1990	32	3	-1	-1	2	-1	1	1	2	2	2	2	2	2	7	2015	-1	-1	-1
NS17883N	3	1	10	2020	2	4	1999	23	3	-1	-1	2	-1	1	1	2	2	2	2	2	2	1	2022	-1	-1	-1
NS17883N	4	2	-1	-1	-1	-1	-1	-1	-1	-1	-1	-1	-1	-1	-1	-1	-1	-1	-1	-1	-1	-1	-1	-1	-1	-1
NS17886R	1	-1	-1	-1	-1	-1	-1	-1	-1	-1	-1	2	-1	1	1	2	2	2	2	2	2	10	2016	1	1	2017
NS17886R	2	1	6	2019	1	7	1995	27	1	6	2019	1	1	-1	-1	-1	-1	-1	-1	-1	-1	-1	-1	-1	-1	-1
NS17887S	2	1	10	2015	2	6	1992	31	1	10	2015	1	1	-1	-1	-1	-1	-1	-1	-1	-1	-1	-1	-1	-1	-1
NS17889V	2	1	9	2016	2	2	1991	32	1	8	2021	1	1	-1	-1	-1	-1	-1	-1	-1	-1	-1	-1	-1	-1	-1
NS17892G	1	-1	-1	-1	-1	-1	-1	-1	3	-1	-1	2	-1	1	1	2	2	2	2	2	2	1	2016	-1	-1	-1
NS17892G	2	1	3	2016	2	5	1990	32	1	11	2019	1	1	-1	-1	-1	-1	-1	-1	-1	-1	-1	-1	-1	-1	-1
NS17894J	1	-1	-1	-1	-1	-1	-1	-1	1	8	2017	2	-1	1	1	2	2	2	2	2	2	3	2020	1	3	2021
NS17894J	2	2	-1	-1	-1	-1	-1	-1	-1	-1	-1	-1	-1	-1	-1	-1	-1	-1	-1	-1	-1	-1	-1	-1	-1	-1
NS17895K	2	2	-1	-1	-1	-1	-1	-1	-1	-1	-1	-1	-1	-1	-1	-1	-1	-1	-1	-1	-1	-1	-1	-1	-1	-1
NS17900F	2	2	-1	-1	-1	-1	-1	-1	-1	-1	-1	-1	-1	-1	-1	-1	-1	-1	-1	-1	-1	-1	-1	-1	-1	-1
NS17901G	1	-1	-1	-1	-1	-1	-1	-1	1	7	2022	1	1	-1	-1	-1	-1	-1	-1	-1	-1	-1	-1	-1	-1	-1
NS17903J	1	-1	-1	-1	-1	-1	-1	-1	-1	-1	-1	1	1	-1	-1	-1	-1	-1	-1	-1	-1	-1	-1	-1	-1	-1
NS17904K	2	2	-1	-1	-1	-1	-1	-1	-1	-1	-1	-1	-1	-1	-1	-1	-1	-1	-1	-1	-1	-1	-1	-1	-1	-1
NS17906M	2	2	-1	-1	-1	-1	-1	-1	-1	-1	-1	-1	-1	-1	-1	-1	-1	-1	-1	-1	-1	-1	-1	-1	-1	-1
NS17914E	2	2	-1	-1	-1	-1	-1	-1	-1	-1	-1	-1	-1	-1	-1	-1	-1	-1	-1	-1	-1	-1	-1	-1	-1	-1
NS17922X	2	2	-1	-1	-1	-1	-1	-1	-1	-1	-1	-1	-1	-1	-1	-1	-1	-1	-1	-1	-1	-1	-1	-1	-1	-1
NS17923Y	2	2	-1	-1	-1	-1	-1	-1	-1	-1	-1	-1	-1	-1	-1	-1	-1	-1	-1	-1	-1	-1	-1	-1	-1	-1
NS17924Z	2	1	4	2018	2	5	1992	30	1	4	2018	1	1	-1	-1	-1	-1	-1	-1	-1	-1	-1	-1	-1	-1	-1
NS17936W	2	2	-1	-1	-1	-1	-1	-1	-1	-1	-1	-1	-1	-1	-1	-1	-1	-1	-1	-1	-1	-1	-1	-1	-1	-1
NS17939Z	2	1	3	2020	2	8	1988	34	1	3	2021	1	1	-1	-1	-1	-1	-1	-1	-1	-1	-1	-1	-1	-1	-1
NS17940J	1	-1	-1	-1	-1	-1	-1	-1	1	7	2020	1	1	-1	-1	-1	-1	-1	-1	-1	-1	-1	-1	-1	-1	-1
NS17941K	2	1	9	2016	1	12	1987	35	1	9	2016	1	1	-1	-1	-1	-1	-1	-1	-1	-1	-1	-1	-1	-1	-1
NS17942L	1	-1	-1	-1	-1	-1	-1	-1	1	4	2018	1	1	-1	-1	-1	-1	-1	-1	-1	-1	-1	-1	-1	-1	-1
NS17943M	1	-1	-1	-1	-1	-1	-1	-1	3	-1	-1	1	1	-1	-1	-1	-1	-1	-1	-1	-1	-1	-1	-1	-1	-1
NS17944N	2	2	-1	-1	-1	-1	-1	-1	-1	-1	-1	-1	-1	-1	-1	-1	-1	-1	-1	-1	-1	-1	-1	-1	-1	-1
NS17945P	2	2	-1	-1	-1	-1	-1	-1	-1	-1	-1	-1	-1	-1	-1	-1	-1	-1	-1	-1	-1	-1	-1	-1	-1	-1
NS17949T	2	2	-1	-1	-1	-1	-1	-1	-1	-1	-1	-1	-1	-1	-1	-1	-1	-1	-1	-1	-1	-1	-1	-1	-1	-1
NS17950D	2	2	-1	-1	-1	-1	-1	-1	-1	-1	-1	-1	-1	-1	-1	-1	-1	-1	-1	-1	-1	-1	-1	-1	-1	-1
NS17952F	2	1	9	2012	1	5	1989	34	1	8	2016	1	1	-1	-1	-1	-1	-1	-1	-1	-1	-1	-1	-1	-1	-1
NS17953G	2	1	1	2021	2	2	1988	35	3	-1	-1	1	1	-1	-1	-1	-1	-1	-1	-1	-1	-1	-1	-1	-1	-1
NS17955J	2	2	-1	-1	-1	-1	-1	-1	-1	-1	-1	-1	-1	-1	-1	-1	-1	-1	-1	-1	-1	-1	-1	-1	-1	-1
NS17957L	1	-1	-1	-1	-1	-1	-1	-1	1	10	2022	1	1	-1	-1	-1	-1	-1	-1	-1	-1	-1	-1	-1	-1	-1
NS17958M	1	-1	-1	-1	-1	-1	-1	-1	1	10	2022	1	2	-1	-1	-1	-1	-1	-1	-1	-1	5	2021	-1	-1	-1
NS17958M	2	2	-1	-1	-1	-1	-1	-1	-1	-1	-1	-1	-1	-1	-1	-1	-1	-1	-1	-1	-1	-1	-1	-1	-1	-1
NS17962A	2	2	-1	-1	-1	-1	-1	-1	-1	-1	-1	-1	-1	-1	-1	-1	-1	-1	-1	-1	-1	-1	-1	-1	-1	-1
NS17965D	1	-1	-1	-1	-1	-1	-1	-1	-1	-1	-1	1	1	-1	-1	-1	-1	-1	-1	-1	-1	9	2019	1	1	2020
NS17965D	2	2	-1	-1	-1	-1	-1	-1	-1	-1	-1	-1	-1	-1	-1	-1	-1	-1	-1	-1	-1	-1	-1	-1	-1	-1
NS17967F	2	1	9	2016	1	5	1987	35	3	-1	-1	2	-1	1	1	2	2	2	2	2	2	9	2017	-1	-1	-1
NS17967F	3	1	9	2020	1	11	1988	33	3	-1	-1	1	1	-1	-1	-1	-1	-1	-1	-1	-1	-1	-1	-1	-1	-1
NS17968G	2	2	-1	-1	-1	-1	-1	-1	-1	-1	-1	-1	-1	-1	-1	-1	-1	-1	-1	-1	-1	-1	-1	-1	-1	-1
NS17969H	2	2	-1	-1	-1	-1	-1	-1	-1	-1	-1	-1	-1	-1	-1	-1	-1	-1	-1	-1	-1	-1	-1	-1	-1	-1
NS17975Y	2	2	-1	-1	-1	-1	-1	-1	-1	-1	-1	-1	-1	-1	-1	-1	-1	-1	-1	-1	-1	-1	-1	-1	-1	-1
NS17976Z	1	-1	-1	-1	-1	-1	-1	-1	3	-1	-1	1	1	-1	-1	-1	-1	-1	-1	-1	-1	-1	-1	-1	-1	-1
NS17978B	2	1	4	2013	2	1	1989	34	1	9	2013	2	-1	1	1	2	2	2	2	2	2	4	2019	1	9	2020
NS17978B	3	2	-1	-1	-1	-1	-1	-1	-1	-1	-1	-1	-1	-1	-1	-1	-1	-1	-1	-1	-1	-1	-1	-1	-1	-1
NS17979C	2	1	2	2021	1	11	1994	28	3	-1	-1	1	1	-1	-1	-1	-1	-1	-1	-1	-1	-1	-1	-1	-1	-1
NS17980M	1	-1	-1	-1	-1	-1	-1	-1	-1	-1	-1	1	1	-1	-1	-1	-1	-1	-1	-1	-1	-1	-1	-1	-1	-1
NS17983Q	2	2	-1	-1	-1	-1	-1	-1	-1	-1	-1	-1	-1	-1	-1	-1	-1	-1	-1	-1	-1	-1	-1	-1	-1	-1
NS17986T	2	2	-1	-1	-1	-1	-1	-1	-1	-1	-1	-1	-1	-1	-1	-1	-1	-1	-1	-1	-1	-1	-1	-1	-1	-1
NS17990G	2	2	-1	-1	-1	-1	-1	-1	-1	-1	-1	-1	-1	-1	-1	-1	-1	-1	-1	-1	-1	-1	-1	-1	-1	-1
NS17991H	1	-1	-1	-1	-1	-1	-1	-1	3	-1	-1	2	-1	1	1	2	2	2	2	2	2	5	2018	-1	-1	-1
NS17991H	2	1	4	2020	1	1	1986	36	3	-1	-1	2	-1	1	1	2	2	2	2	2	2	4	2022	-1	-1	-1
NS17991H	3	2	-1	-1	-1	-1	-1	-1	-1	-1	-1	-1	-1	-1	-1	-1	-1	-1	-1	-1	-1	-1	-1	-1	-1	-1
NS17995M	1	-1	-1	-1	-1	-1	-1	-1	3	10	2007	1	1	-1	-1	-1	-1	-1	-1	-1	-1	-1	-1	-1	-1	-1
NS17996N	1	-1	-1	-1	-1	-1	-1	-1	1	8	2019	1	1	-1	-1	-1	-1	-1	-1	-1	-1	-1	-1	-1	-1	-1
NS17997P	2	2	-1	-1	-1	-1	-1	-1	-1	-1	-1	-1	-1	-1	-1	-1	-1	-1	-1	-1	-1	-1	-1	-1	-1	-1
NS17998Q	1	-1	-1	-1	-1	-1	-1	-1	3	-1	-1	1	1	-1	-1	-1	-1	-1	-1	-1	-1	-1	-1	-1	-1	-1
NS18005M	2	1	1	2019	2	1	1988	35	3	-1	-1	2	-1	1	1	2	2	2	2	2	2	6	2019	-1	-1	-1
NS18005M	3	1	4	2020	2	3	1992	31	3	-1	-1	1	1	-1	-1	-1	-1	-1	-1	-1	-1	-1	-1	-1	-1	-1
NS18009R	2	1	6	2008	1	10	1978	44	3	-1	-1	1	1	-1	-1	-1	-1	-1	-1	-1	-1	-1	-1	-1	-1	-1
NS18010B	1	-1	-1	-1	-1	-1	-1	-1	1	10	2016	1	1	-1	-1	-1	-1	-1	-1	-1	-1	-1	-1	-1	-1	-1
NS18013E	1	-1	-1	-1	-1	-1	-1	-1	-1	-1	-1	2	-1	1	1	2	2	2	2	2	2	7	2021	1	9	2022
NS18013E	2	2	-1	-1	-1	-1	-1	-1	-1	-1	-1	-1	-1	-1	-1	-1	-1	-1	-1	-1	-1	-1	-1	-1	-1	-1
NS18014F	2	2	-1	-1	-1	-1	-1	-1	-1	-1	-1	-1	-1	-1	-1	-1	-1	-1	-1	-1	-1	-1	-1	-1	-1	-1
NS18017J	1	-1	-1	-1	-1	-1	-1	-1	-1	-1	-1	1	1	-1	-1	-1	-1	-1	-1	-1	-1	-1	-1	-1	-1	-1
NS18020W	1	-1	-1	-1	-1	-1	-1	-1	1	8	2019	1	1	-1	-1	-1	-1	-1	-1	-1	-1	-1	-1	-1	-1	-1
NS18022Y	1	-1	-1	-1	-1	-1	-1	-1	3	-1	-1	1	1	-1	-1	-1	-1	-1	-1	-1	-1	-1	-1	-1	-1	-1
NS18025B	1	-1	-1	-1	-1	-1	-1	-1	3	-1	-1	1	1	-1	-1	-1	-1	-1	-1	-1	-1	-1	-1	-1	-1	-1
NS18026C	2	1	10	2019	2	11	1996	26	3	-1	-1	1	2	-1	-1	-1	-1	-1	-1	-1	-1	3	2020	-1	-1	-1
NS18026C	3	1	9	2022	2	11	1996	26	3	-1	-1	1	1	-1	-1	-1	-1	-1	-1	-1	-1	-1	-1	-1	-1	-1
NS18027D	2	1	3	2020	1	2	1992	30	3	-1	-1	1	1	-1	-1	-1	-1	-1	-1	-1	-1	-1	-1	-1	-1	-1
NS18029F	2	2	-1	-1	-1	-1	-1	-1	-1	-1	-1	-1	-1	-1	-1	-1	-1	-1	-1	-1	-1	-1	-1	-1	-1	-1
NS18033T	2	1	-8	2016	1	-9	-9	57	1	4	2018	1	1	-1	-1	-1	-1	-1	-1	-1	-1	-1	-1	-1	-1	-1
NS18035W	1	-1	-1	-1	-1	-1	-1	-1	-1	-1	-1	1	1	-1	-1	-1	-1	-1	-1	-1	-1	-1	-1	-1	-1	-1
NS18036X	2	1	4	2007	1	8	1990	31	3	-1	-1	2	-1	1	1	2	2	2	2	2	2	3	2015	-1	-1	-1
NS18036X	3	1	4	2017	1	4	1994	28	3	-1	-1	2	-1	1	1	2	2	2	2	2	2	3	2018	-1	-1	-1
NS18036X	4	2	-1	-1	-1	-1	-1	-1	-1	-1	-1	-1	-1	-1	-1	-1	-1	-1	-1	-1	-1	-1	-1	-1	-1	-1
NS18038Z	2	1	10	2019	2	7	1992	30	3	-1	-1	1	1	-1	-1	-1	-1	-1	-1	-1	-1	-1	-1	-1	-1	-1
NS18048T	1	-1	-1	-1	-1	-1	-1	-1	1	6	2018	1	1	-1	-1	-1	-1	-1	-1	-1	-1	-1	-1	-1	-1	-1
NS18054J	2	1	12	2013	1	12	1978	43	1	10	2016	1	1	-1	-1	-1	-1	-1	-1	-1	-1	-1	-1	-1	-1	-1
NS18057M	2	2	-1	-1	-1	-1	-1	-1	-1	-1	-1	-1	-1	-1	-1	-1	-1	-1	-1	-1	-1	-1	-1	-1	-1	-1
NS18060Z	2	1	6	2018	2	11	1990	32	1	6	2021	1	1	-1	-1	-1	-1	-1	-1	-1	-1	-1	-1	-1	-1	-1
NS18062B	2	1	11	2021	2	8	1992	30	3	-1	-1	1	1	-1	-1	-1	-1	-1	-1	-1	-1	-1	-1	-1	-1	-1
NS18063C	1	-1	-1	-1	-1	-1	-1	-1	-1	-1	-1	1	1	-1	-1	-1	-1	-1	-1	-1	-1	-1	-1	-1	-1	-1
NS18066F	2	2	-1	-1	-1	-1	-1	-1	-1	-1	-1	-1	-1	-1	-1	-1	-1	-1	-1	-1	-1	-1	-1	-1	-1	-1
NS18067G	1	-1	-1	-1	-1	-1	-1	-1	-1	-1	-1	1	1	-1	-1	-1	-1	-1	-1	-1	-1	-1	-1	-1	-1	-1
NS18068H	1	-1	-1	-1	-1	-1	-1	-1	3	-1	-1	2	-1	1	1	2	2	2	2	2	2	8	2018	-1	-1	-1
NS18068H	2	1	6	2021	1	1	1984	39	3	-1	-1	1	2	-1	-1	-1	-1	-1	-1	-1	-1	3	2022	-1	-1	-1
NS18068H	3	2	-1	-1	-1	-1	-1	-1	-1	-1	-1	-1	-1	-1	-1	-1	-1	-1	-1	-1	-1	-1	-1	-1	-1	-1
NS18070T	2	1	1	2021	2	7	1992	30	3	-1	-1	1	1	-1	-1	-1	-1	-1	-1	-1	-1	-1	-1	-1	-1	-1
NS18072W	2	2	-1	-1	-1	-1	-1	-1	-1	-1	-1	-1	-1	-1	-1	-1	-1	-1	-1	-1	-1	-1	-1	-1	-1	-1
NS18073X	1	-1	-1	-1	-1	-1	-1	-1	-1	-1	-1	2	-1	1	2	2	2	2	1	2	2	4	2022	2	-1	-1
NS18073X	2	2	-1	-1	-1	-1	-1	-1	-1	-1	-1	-1	-1	-1	-1	-1	-1	-1	-1	-1	-1	-1	-1	-1	-1	-1
NS18076A	2	1	4	2018	2	4	1989	33	3	-1	-1	1	1	-1	-1	-1	-1	-1	-1	-1	-1	-1	-1	-1	-1	-1
NS18080N	1	-1	-1	-1	-1	-1	-1	-1	1	7	2018	1	1	-1	-1	-1	-1	-1	-1	-1	-1	-1	-1	-1	-1	-1
NS18083R	2	1	5	2019	2	8	1991	31	3	-1	-1	1	1	-1	-1	-1	-1	-1	-1	-1	-1	-1	-1	-1	-1	-1
NS18087W	2	1	5	2017	2	3	1992	30	1	7	2019	1	1	-1	-1	-1	-1	-1	-1	-1	-1	-1	-1	-1	-1	-1
NS18091J	2	2	-1	-1	-1	-1	-1	-1	-1	-1	-1	-1	-1	-1	-1	-1	-1	-1	-1	-1	-1	-1	-1	-1	-1	-1
NS18092K	2	1	10	2016	2	8	1992	30	1	8	2019	1	1	-1	-1	-1	-1	-1	-1	-1	-1	-1	-1	-1	-1	-1
NS18093L	1	-1	-1	-1	-1	-1	-1	-1	3	-1	-1	1	1	-1	-1	-1	-1	-1	-1	-1	-1	-1	-1	-1	-1	-1
NS18094M	1	-1	-1	-1	-1	-1	-1	-1	1	2	2016	1	1	-1	-1	-1	-1	-1	-1	-1	-1	-1	-1	-1	-1	-1
NS18098R	1	-1	-1	-1	-1	-1	-1	-1	-1	-1	-1	1	1	-1	-1	-1	-1	-1	-1	-1	-1	-1	-1	-1	-1	-1
NS18100J	2	1	2	2023	2	6	1990	32	3	-1	-1	1	1	-1	-1	-1	-1	-1	-1	-1	-1	-1	-1	-1	-1	-1
NS18101K	1	-1	-1	-1	-1	-1	-1	-1	3	-1	-1	2	-1	1	2	2	2	2	1	1	2	11	2018	-1	-1	-1
NS18101K	2	2	-1	-1	-1	-1	-1	-1	-1	-1	-1	-1	-1	-1	-1	-1	-1	-1	-1	-1	-1	-1	-1	-1	-1	-1
NS18104N	2	1	7	2013	2	8	1991	31	1	6	2017	1	1	-1	-1	-1	-1	-1	-1	-1	-1	-1	-1	-1	-1	-1
NS18108S	2	1	7	2016	2	3	1993	29	1	7	2016	1	1	-1	-1	-1	-1	-1	-1	-1	-1	-1	-1	-1	-1	-1
NS18109T	2	2	-1	-1	-1	-1	-1	-1	-1	-1	-1	-1	-1	-1	-1	-1	-1	-1	-1	-1	-1	-1	-1	-1	-1	-1
NS18110D	2	2	-1	-1	-1	-1	-1	-1	-1	-1	-1	-1	-1	-1	-1	-1	-1	-1	-1	-1	-1	-1	-1	-1	-1	-1
NS18113G	2	1	2	2017	1	8	1990	32	1	8	2022	1	2	-1	-1	-1	-1	-1	-1	-1	-1	9	2020	-1	-1	-1
NS18113G	3	1	5	2021	1	8	1990	32	1	8	2022	1	1	-1	-1	-1	-1	-1	-1	-1	-1	-1	-1	-1	-1	-1
NS18114H	1	-1	-1	-1	-1	-1	-1	-1	-1	-1	-1	1	1	-1	-1	-1	-1	-1	-1	-1	-1	-1	-1	-1	-1	-1
NS18116K	2	2	-1	-1	-1	-1	-1	-1	-1	-1	-1	-1	-1	-1	-1	-1	-1	-1	-1	-1	-1	-1	-1	-1	-1	-1
NS18117L	1	-1	-1	-1	-1	-1	-1	-1	-1	-1	-1	1	1	-1	-1	-1	-1	-1	-1	-1	-1	-1	-1	-1	-1	-1
NS18118M	2	1	1	2019	2	3	1991	31	3	-1	-1	1	1	-1	-1	-1	-1	-1	-1	-1	-1	-1	-1	-1	-1	-1
NS18119N	2	1	10	2016	1	6	1987	34	1	5	2019	1	1	-1	-1	-1	-1	-1	-1	-1	-1	-1	-1	-1	-1	-1
NS18122A	1	-1	-1	-1	-1	-1	-1	-1	1	6	2017	1	1	-1	-1	-1	-1	-1	-1	-1	-1	-1	-1	-1	-1	-1
NS18123B	1	-1	-1	-1	-1	-1	-1	-1	-1	-1	-1	1	1	-1	-1	-1	-1	-1	-1	-1	-1	-1	-1	-1	-1	-1
NS18127F	2	2	-1	-1	-1	-1	-1	-1	-1	-1	-1	-1	-1	-1	-1	-1	-1	-1	-1	-1	-1	-1	-1	-1	-1	-1
NS18128G	2	1	5	2017	2	5	1995	27	3	-1	-1	2	-1	1	1	2	2	2	2	2	2	9	2019	-1	-1	-1
NS18128G	3	1	2	2021	2	10	1992	30	3	-1	-1	2	-1	1	1	2	1	2	1	2	2	2	2022	-1	-1	-1
NS18128G	4	2	-1	-1	-1	-1	-1	-1	-1	-1	-1	-1	-1	-1	-1	-1	-1	-1	-1	-1	-1	-1	-1	-1	-1	-1
NS18130S	2	1	8	2016	2	11	1987	35	1	4	2019	1	1	-1	-1	-1	-1	-1	-1	-1	-1	-1	-1	-1	-1	-1
NS18132V	2	1	3	2017	1	4	1990	32	1	12	2016	1	1	-1	-1	-1	-1	-1	-1	-1	-1	-1	-1	-1	-1	-1
NS18133W	2	2	-1	-1	-1	-1	-1	-1	-1	-1	-1	-1	-1	-1	-1	-1	-1	-1	-1	-1	-1	-1	-1	-1	-1	-1
NS18137A	2	1	1	2021	1	2	1991	31	1	6	2021	1	1	-1	-1	-1	-1	-1	-1	-1	-1	-1	-1	-1	-1	-1
NS18139C	2	2	-1	-1	-1	-1	-1	-1	-1	-1	-1	-1	-1	-1	-1	-1	-1	-1	-1	-1	-1	-1	-1	-1	-1	-1
NS18140M	2	1	9	2019	1	2	1990	32	3	-1	-1	1	1	-1	-1	-1	-1	-1	-1	-1	-1	-1	-1	-1	-1	-1
NS18141N	2	2	-1	-1	-1	-1	-1	-1	-1	-1	-1	-1	-1	-1	-1	-1	-1	-1	-1	-1	-1	-1	-1	-1	-1	-1
NS18144R	2	1	8	2015	1	4	1989	33	1	8	2015	1	1	-1	-1	-1	-1	-1	-1	-1	-1	-1	-1	-1	-1	-1
NS18145S	2	2	-1	-1	-1	-1	-1	-1	-1	-1	-1	-1	-1	-1	-1	-1	-1	-1	-1	-1	-1	-1	-1	-1	-1	-1
NS18146T	2	1	3	2017	2	10	1991	31	1	5	2019	1	1	-1	-1	-1	-1	-1	-1	-1	-1	-1	-1	-1	-1	-1
NS18147V	1	-1	-1	-1	-1	-1	-1	-1	1	9	2018	1	1	-1	-1	-1	-1	-1	-1	-1	-1	-1	-1	-1	-1	-1
NS18151H	1	-1	-1	-1	-1	-1	-1	-1	1	9	2018	1	1	-1	-1	-1	-1	-1	-1	-1	-1	-1	-1	-1	-1	-1
NS18154L	2	1	3	2019	2	7	1983	39	1	3	2022	1	1	-1	-1	-1	-1	-1	-1	-1	-1	-1	-1	-1	-1	-1
NS18158Q	1	-1	-1	-1	-1	-1	-1	-1	1	4	2022	1	1	-1	-1	-1	-1	-1	-1	-1	-1	-1	-1	-1	-1	-1
NS18160B	2	1	1	2019	2	10	1985	37	1	7	2022	1	1	-1	-1	-1	-1	-1	-1	-1	-1	-1	-1	-1	-1	-1
NS18163E	1	-1	-1	-1	-1	-1	-1	-1	1	10	2021	1	1	-1	-1	-1	-1	-1	-1	-1	-1	-1	-1	-1	-1	-1
NS18164F	2	2	-1	-1	-1	-1	-1	-1	-1	-1	-1	-1	-1	-1	-1	-1	-1	-1	-1	-1	-1	-1	-1	-1	-1	-1
NS18165G	2	1	12	2018	2	3	1995	27	1	12	2018	1	1	-1	-1	-1	-1	-1	-1	-1	-1	-1	-1	-1	-1	-1
NS18166H	2	1	7	2020	1	5	1978	44	3	-1	-1	2	-1	2	-1	-1	-1	-1	-1	-1	-1	9	2020	-1	-1	-1
NS18166H	3	2	-1	-1	-1	-1	-1	-1	-1	-1	-1	-1	-1	-1	-1	-1	-1	-1	-1	-1	-1	-1	-1	-1	-1	-1
NS18167J	1	-1	-1	-1	-1	-1	-1	-1	1	8	2021	1	1	-1	-1	-1	-1	-1	-1	-1	-1	-1	-1	-1	-1	-1
NS18168K	2	1	3	2020	1	12	1982	39	3	-1	-1	2	-1	1	1	2	2	2	2	2	2	4	2022	-1	-1	-1
NS18168K	3	2	-1	-1	-1	-1	-1	-1	-1	-1	-1	-1	-1	-1	-1	-1	-1	-1	-1	-1	-1	-1	-1	-1	-1	-1
NS18174A	2	1	3	2017	2	5	1991	31	1	4	2017	1	1	-1	-1	-1	-1	-1	-1	-1	-1	-1	-1	-1	-1	-1
NS18177D	2	1	11	2010	1	6	1988	34	3	-1	-1	1	1	-1	-1	-1	-1	-1	-1	-1	-1	-1	-1	-1	-1	-1
NS18178E	2	2	-1	-1	-1	-1	-1	-1	-1	-1	-1	-1	-1	-1	-1	-1	-1	-1	-1	-1	-1	-1	-1	-1	-1	-1
NS18182S	2	1	1	2022	1	7	1996	26	3	-1	-1	1	1	-1	-1	-1	-1	-1	-1	-1	-1	-1	-1	-1	-1	-1
NS18185W	2	1	6	2017	1	8	1990	32	1	5	2021	1	1	-1	-1	-1	-1	-1	-1	-1	-1	-1	-1	-1	-1	-1
NS18186X	2	2	-1	-1	-1	-1	-1	-1	-1	-1	-1	-1	-1	-1	-1	-1	-1	-1	-1	-1	-1	-1	-1	-1	-1	-1
NS18187Y	1	-1	-1	-1	-1	-1	-1	-1	1	6	2016	1	1	-1	-1	-1	-1	-1	-1	-1	-1	-1	-1	-1	-1	-1
NS18188Z	1	-1	-1	-1	-1	-1	-1	-1	1	5	2016	2	-1	1	1	2	2	2	2	2	2	11	2018	1	5	2019
NS18188Z	2	1	7	2019	1	6	1987	35	3	-1	-1	2	-1	1	1	2	2	2	2	2	2	10	2019	-1	-1	-1
NS18188Z	3	2	-1	-1	-1	-1	-1	-1	-1	-1	-1	-1	-1	-1	-1	-1	-1	-1	-1	-1	-1	-1	-1	-1	-1	-1
NS18189A	1	-1	-1	-1	-1	-1	-1	-1	1	12	2017	1	1	-1	-1	-1	-1	-1	-1	-1	-1	-1	-1	-1	-1	-1
NS18195Q	2	2	-1	-1	-1	-1	-1	-1	-1	-1	-1	-1	-1	-1	-1	-1	-1	-1	-1	-1	-1	-1	-1	-1	-1	-1
NS18196R	2	1	6	2019	2	1	1990	33	3	-1	-1	1	1	-1	-1	-1	-1	-1	-1	-1	-1	-1	-1	-1	-1	-1
NS18197S	1	-1	-1	-1	-1	-1	-1	-1	3	-1	-1	1	1	-1	-1	-1	-1	-1	-1	-1	-1	-1	-1	-1	-1	-1
NS18199V	2	2	-1	-1	-1	-1	-1	-1	-1	-1	-1	-1	-1	-1	-1	-1	-1	-1	-1	-1	-1	-1	-1	-1	-1	-1
NS18200L	2	1	2	2019	2	12	1989	33	1	11	2018	1	1	-1	-1	-1	-1	-1	-1	-1	-1	-1	-1	-1	-1	-1
NS18203P	2	1	-9	-9	2	3	1990	32	1	9	2019	1	1	-1	-1	-1	-1	-1	-1	-1	-1	-1	-1	-1	-1	-1
NS18204Q	2	2	-1	-1	-1	-1	-1	-1	-1	-1	-1	-1	-1	-1	-1	-1	-1	-1	-1	-1	-1	-1	-1	-1	-1	-1
NS18207T	1	-1	-1	-1	-1	-1	-1	-1	-1	-1	-1	2	-1	1	1	2	2	2	2	2	2	9	2017	1	5	2018
NS18207T	2	1	8	2018	1	6	1985	36	3	-1	-1	1	1	-1	-1	-1	-1	-1	-1	-1	-1	-1	-1	-1	-1	-1
NS18208V	2	1	3	2020	1	9	1971	51	3	-1	-1	2	-1	2	-1	-1	-1	-1	-1	-1	-1	7	2020	-1	-1	-1
NS18208V	3	2	-1	-1	-1	-1	-1	-1	-1	-1	-1	-1	-1	-1	-1	-1	-1	-1	-1	-1	-1	-1	-1	-1	-1	-1
NS18209W	2	2	-1	-1	-1	-1	-1	-1	-1	-1	-1	-1	-1	-1	-1	-1	-1	-1	-1	-1	-1	-1	-1	-1	-1	-1
NS18213J	1	-1	-1	-1	-1	-1	-1	-1	1	12	2015	1	1	-1	-1	-1	-1	-1	-1	-1	-1	-1	-1	-1	-1	-1
NS18214K	2	1	8	2017	1	8	1989	33	3	-1	-1	2	-1	2	-1	-1	-1	-1	-1	-1	-1	8	2022	-1	-1	-1
NS18214K	3	2	-1	-1	-1	-1	-1	-1	-1	-1	-1	-1	-1	-1	-1	-1	-1	-1	-1	-1	-1	-1	-1	-1	-1	-1
NS18215L	2	1	9	2018	1	4	1990	32	3	-1	-1	1	1	-1	-1	-1	-1	-1	-1	-1	-1	-1	-1	-1	-1	-1
NS18217N	1	-1	-1	-1	-1	-1	-1	-1	1	10	2020	1	1	-1	-1	-1	-1	-1	-1	-1	-1	-1	-1	-1	-1	-1
NS18220A	2	1	6	2014	2	8	1989	33	1	7	2021	2	-1	2	-1	-1	-1	-1	-1	-1	-1	8	2022	2	-1	-1
NS18220A	3	2	-1	-1	-1	-1	-1	-1	-1	-1	-1	-1	-1	-1	-1	-1	-1	-1	-1	-1	-1	-1	-1	-1	-1	-1
NS18223D	1	-1	-1	-1	-1	-1	-1	-1	-1	-1	-1	1	1	-1	-1	-1	-1	-1	-1	-1	-1	-1	-1	-1	-1	-1
NS18225F	2	1	7	2020	2	12	1989	33	3	-1	-1	1	1	-1	-1	-1	-1	-1	-1	-1	-1	-1	-1	-1	-1	-1
NS18227H	2	1	5	2016	1	10	1989	32	1	12	2021	1	1	-1	-1	-1	-1	-1	-1	-1	-1	-1	-1	-1	-1	-1
NS18229K	2	2	-1	-1	-1	-1	-1	-1	-1	-1	-1	-1	-1	-1	-1	-1	-1	-1	-1	-1	-1	-1	-1	-1	-1	-1
NS18232X	2	1	3	2019	2	8	1994	28	1	7	2022	1	1	-1	-1	-1	-1	-1	-1	-1	-1	-1	-1	-1	-1	-1
NS18236B	2	2	-1	-1	-1	-1	-1	-1	-1	-1	-1	-1	-1	-1	-1	-1	-1	-1	-1	-1	-1	-1	-1	-1	-1	-1
NS18237C	2	1	6	2015	1	9	1992	30	3	-1	-1	1	1	-1	-1	-1	-1	-1	-1	-1	-1	-1	-1	-1	-1	-1
NS18238D	2	2	-1	-1	-1	-1	-1	-1	-1	-1	-1	-1	-1	-1	-1	-1	-1	-1	-1	-1	-1	-1	-1	-1	-1	-1
NS18239E	1	-1	-1	-1	-1	-1	-1	-1	1	8	2022	1	1	-1	-1	-1	-1	-1	-1	-1	-1	-1	-1	-1	-1	-1
NS18242R	2	1	8	2014	2	9	1990	32	1	8	2014	1	1	-1	-1	-1	-1	-1	-1	-1	-1	-1	-1	-1	-1	-1
NS18244T	2	1	5	2018	1	2	1989	34	1	7	2021	1	1	-1	-1	-1	-1	-1	-1	-1	-1	-1	-1	-1	-1	-1
NS18245V	1	-1	-1	-1	-1	-1	-1	-1	-1	-1	-1	1	1	-1	-1	-1	-1	-1	-1	-1	-1	-1	-1	-1	-1	-1
NS18248Y	2	1	6	2020	2	6	1992	30	3	-1	-1	1	1	-1	-1	-1	-1	-1	-1	-1	-1	-1	-1	-1	-1	-1
NS18250J	2	1	3	2017	2	10	1990	32	3	-1	-1	1	1	-1	-1	-1	-1	-1	-1	-1	-1	-1	-1	-1	-1	-1
NS18251K	2	1	2	2016	1	4	1990	32	1	7	2018	1	1	-1	-1	-1	-1	-1	-1	-1	-1	-1	-1	-1	-1	-1
NS18253M	1	-1	-1	-1	-1	-1	-1	-1	1	10	2018	1	1	-1	-1	-1	-1	-1	-1	-1	-1	-1	-1	-1	-1	-1
NS18254N	1	-1	-1	-1	-1	-1	-1	-1	1	8	2022	1	1	-1	-1	-1	-1	-1	-1	-1	-1	-1	-1	-1	-1	-1
NS18255P	1	-1	-1	-1	-1	-1	-1	-1	3	-1	-1	1	1	-1	-1	-1	-1	-1	-1	-1	-1	-1	-1	-1	-1	-1
NS18258S	1	-1	-1	-1	-1	-1	-1	-1	-1	-1	-1	2	-1	2	-1	-1	-1	-1	-1	-1	-1	10	2021	2	-1	-1
NS18258S	2	2	-1	-1	-1	-1	-1	-1	-1	-1	-1	-1	-1	-1	-1	-1	-1	-1	-1	-1	-1	-1	-1	-1	-1	-1
NS18265J	1	-1	-1	-1	-1	-1	-1	-1	3	-1	-1	1	1	-1	-1	-1	-1	-1	-1	-1	-1	-1	-1	-1	-1	-1
NS18267L	2	1	8	2022	2	4	1993	29	3	-1	-1	1	1	-1	-1	-1	-1	-1	-1	-1	-1	-1	-1	-1	-1	-1
NS18270Y	2	2	-1	-1	-1	-1	-1	-1	-1	-1	-1	-1	-1	-1	-1	-1	-1	-1	-1	-1	-1	-1	-1	-1	-1	-1
NS18271Z	2	1	5	2019	1	2	1992	30	3	-1	-1	2	-1	1	1	1	1	1	2	2	2	6	2020	-1	-1	-1
NS18271Z	3	2	-1	-1	-1	-1	-1	-1	-1	-1	-1	-1	-1	-1	-1	-1	-1	-1	-1	-1	-1	-1	-1	-1	-1	-1
NS18272A	1	-1	-1	-1	-1	-1	-1	-1	3	-1	-1	1	1	-1	-1	-1	-1	-1	-1	-1	-1	-1	-1	-1	-1	-1
NS18273B	2	2	-1	-1	-1	-1	-1	-1	-1	-1	-1	-1	-1	-1	-1	-1	-1	-1	-1	-1	-1	-1	-1	-1	-1	-1
NS18276E	1	-1	-1	-1	-1	-1	-1	-1	-1	-1	-1	1	1	-1	-1	-1	-1	-1	-1	-1	-1	-1	-1	-1	-1	-1
NS18277F	1	-1	-1	-1	-1	-1	-1	-1	1	10	2018	1	1	-1	-1	-1	-1	-1	-1	-1	-1	-1	-1	-1	-1	-1
NS18278G	2	2	-1	-1	-1	-1	-1	-1	-1	-1	-1	-1	-1	-1	-1	-1	-1	-1	-1	-1	-1	-1	-1	-1	-1	-1
NS18283W	2	1	5	2020	2	-9	-9	32	3	-1	-1	1	1	-1	-1	-1	-1	-1	-1	-1	-1	-1	-1	-1	-1	-1
NS18285Y	2	1	9	2018	1	1	1982	40	1	8	2018	1	1	-1	-1	-1	-1	-1	-1	-1	-1	-1	-1	-1	-1	-1
NS18287A	2	1	6	2017	2	7	1990	31	1	8	2021	1	1	-1	-1	-1	-1	-1	-1	-1	-1	-1	-1	-1	-1	-1
NS18288B	1	-1	-1	-1	-1	-1	-1	-1	1	8	2016	1	1	-1	-1	-1	-1	-1	-1	-1	-1	-1	-1	-1	-1	-1
NS18290M	2	2	-1	-1	-1	-1	-1	-1	-1	-1	-1	-1	-1	-1	-1	-1	-1	-1	-1	-1	-1	-1	-1	-1	-1	-1
NS18292P	2	1	3	2013	2	12	1994	27	3	-1	-1	2	-1	1	1	1	2	1	2	2	2	12	2019	-1	-1	-1
NS18292P	3	2	-1	-1	-1	-1	-1	-1	-1	-1	-1	-1	-1	-1	-1	-1	-1	-1	-1	-1	-1	-1	-1	-1	-1	-1
NS18293Q	2	2	-1	-1	-1	-1	-1	-1	-1	-1	-1	-1	-1	-1	-1	-1	-1	-1	-1	-1	-1	-1	-1	-1	-1	-1
NS18295S	2	1	3	2020	2	10	1991	31	3	-1	-1	2	-1	1	1	2	2	2	2	2	2	7	2022	-1	-1	-1
NS18295S	3	2	-1	-1	-1	-1	-1	-1	-1	-1	-1	-1	-1	-1	-1	-1	-1	-1	-1	-1	-1	-1	-1	-1	-1	-1
NS18296T	2	2	-1	-1	-1	-1	-1	-1	-1	-1	-1	-1	-1	-1	-1	-1	-1	-1	-1	-1	-1	-1	-1	-1	-1	-1
NS18297V	2	2	-1	-1	-1	-1	-1	-1	-1	-1	-1	-1	-1	-1	-1	-1	-1	-1	-1	-1	-1	-1	-1	-1	-1	-1
NS18299X	2	2	-1	-1	-1	-1	-1	-1	-1	-1	-1	-1	-1	-1	-1	-1	-1	-1	-1	-1	-1	-1	-1	-1	-1	-1
NS18307W	2	1	4	2016	2	8	1985	37	1	9	2018	2	-1	1	1	2	2	2	2	2	2	1	2022	2	-1	-1
NS18307W	3	2	-1	-1	-1	-1	-1	-1	-1	-1	-1	-1	-1	-1	-1	-1	-1	-1	-1	-1	-1	-1	-1	-1	-1	-1
NS18308X	2	1	12	2017	2	7	1994	29	3	-1	-1	2	-1	1	1	2	2	2	2	2	2	5	2019	-1	-1	-1
NS18308X	3	1	12	2022	2	7	1991	32	3	-1	-1	1	1	-1	-1	-1	-1	-1	-1	-1	-1	-1	-1	-1	-1	-1
NS18314M	2	1	7	2018	2	-8	-8	32	3	-1	-1	2	-1	1	1	2	2	2	2	2	2	6	2019	-1	-1	-1
NS18314M	3	1	3	2022	2	8	1991	31	3	-1	-1	2	-1	1	2	2	2	2	2	2	1	4	2022	-1	-1	-1
NS18314M	4	2	-1	-1	-1	-1	-1	-1	-1	-1	-1	-1	-1	-1	-1	-1	-1	-1	-1	-1	-1	-1	-1	-1	-1	-1
NS18315N	1	-1	-1	-1	-1	-1	-1	-1	3	-1	-1	2	-1	1	2	2	2	1	2	2	2	9	2017	-1	-1	-1
NS18315N	2	2	-1	-1	-1	-1	-1	-1	-1	-1	-1	-1	-1	-1	-1	-1	-1	-1	-1	-1	-1	-1	-1	-1	-1	-1
NS18316P	2	2	-1	-1	-1	-1	-1	-1	-1	-1	-1	-1	-1	-1	-1	-1	-1	-1	-1	-1	-1	-1	-1	-1	-1	-1
NS18317Q	2	2	-1	-1	-1	-1	-1	-1	-1	-1	-1	-1	-1	-1	-1	-1	-1	-1	-1	-1	-1	-1	-1	-1	-1	-1
NS18321D	2	1	3	2011	1	7	1991	30	3	-1	-1	2	-1	1	1	2	2	2	2	2	2	1	2015	-1	-1	-1
NS18321D	3	2	-1	-1	-1	-1	-1	-1	-1	-1	-1	-1	-1	-1	-1	-1	-1	-1	-1	-1	-1	-1	-1	-1	-1	-1
NS18322E	2	1	8	2015	1	11	1988	34	3	-1	-1	1	1	-1	-1	-1	-1	-1	-1	-1	-1	-1	-1	-1	-1	-1
NS18328L	2	1	4	2017	1	11	1989	33	1	8	2013	1	1	-1	-1	-1	-1	-1	-1	-1	-1	-1	-1	-1	-1	-1
NS18331Y	2	2	-1	-1	-1	-1	-1	-1	-1	-1	-1	-1	-1	-1	-1	-1	-1	-1	-1	-1	-1	-1	-1	-1	-1	-1
NS18332Z	2	2	-1	-1	-1	-1	-1	-1	-1	-1	-1	-1	-1	-1	-1	-1	-1	-1	-1	-1	-1	-1	-1	-1	-1	-1
NS18334B	1	-1	-1	-1	-1	-1	-1	-1	1	7	2017	1	1	-1	-1	-1	-1	-1	-1	-1	-1	-1	-1	-1	-1	-1
NS18335C	2	1	3	2020	1	5	1990	32	1	12	2019	1	1	-1	-1	-1	-1	-1	-1	-1	-1	-1	-1	-1	-1	-1
NS18336D	1	-1	-1	-1	-1	-1	-1	-1	1	7	2019	1	1	-1	-1	-1	-1	-1	-1	-1	-1	-1	-1	-1	-1	-1
NS18337E	1	-1	-1	-1	-1	-1	-1	-1	-1	-1	-1	1	1	-1	-1	-1	-1	-1	-1	-1	-1	-1	-1	-1	-1	-1
NS18338F	2	1	3	2016	1	12	1989	32	1	3	2016	1	1	-1	-1	-1	-1	-1	-1	-1	-1	-1	-1	-1	-1	-1
NS18340R	1	-1	-1	-1	-1	-1	-1	-1	-1	-1	-1	1	1	-1	-1	-1	-1	-1	-1	-1	-1	-1	-1	-1	-1	-1
NS18343V	2	2	-1	-1	-1	-1	-1	-1	-1	-1	-1	-1	-1	-1	-1	-1	-1	-1	-1	-1	-1	-1	-1	-1	-1	-1
NS18345X	2	1	3	2017	2	1	1988	35	1	7	2021	1	1	-1	-1	-1	-1	-1	-1	-1	-1	-1	-1	-1	-1	-1
NS18348A	2	1	4	2018	1	7	1988	33	1	4	2018	1	1	-1	-1	-1	-1	-1	-1	-1	-1	-1	-1	-1	-1	-1
NS18350L	2	1	9	2020	2	10	1988	34	3	-1	-1	1	1	-1	-1	-1	-1	-1	-1	-1	-1	-1	-1	-1	-1	-1
NS18352N	2	1	2	2018	2	6	1987	35	2	11	2019	1	2	-1	-1	-1	-1	-1	-1	-1	-1	1	2020	-1	-1	-1
NS18352N	3	2	-1	-1	-1	-1	-1	-1	-1	-1	-1	-1	-1	-1	-1	-1	-1	-1	-1	-1	-1	-1	-1	-1	-1	-1
NS18353P	2	2	-1	-1	-1	-1	-1	-1	-1	-1	-1	-1	-1	-1	-1	-1	-1	-1	-1	-1	-1	-1	-1	-1	-1	-1
NS18354Q	1	-1	-1	-1	-1	-1	-1	-1	3	-1	-1	1	1	-1	-1	-1	-1	-1	-1	-1	-1	-1	-1	-1	-1	-1
NS18356S	1	-1	-1	-1	-1	-1	-1	-1	3	-1	-1	2	-1	1	1	2	2	2	2	2	2	3	2017	-1	-1	-1
NS18356S	2	1	3	2018	1	8	1988	34	3	-1	-1	1	1	-1	-1	-1	-1	-1	-1	-1	-1	-1	-1	-1	-1	-1
NS18359W	2	1	10	2016	2	9	1993	29	1	10	2021	1	1	-1	-1	-1	-1	-1	-1	-1	-1	-1	-1	-1	-1	-1
NS18361G	2	1	3	2017	2	11	1996	25	2	5	2018	2	-1	1	1	2	2	2	2	2	2	8	2022	1	8	2022
NS18361G	3	2	-1	-1	-1	-1	-1	-1	-1	-1	-1	-1	-1	-1	-1	-1	-1	-1	-1	-1	-1	-1	-1	-1	-1	-1
NS18367N	1	-1	-1	-1	-1	-1	-1	-1	-1	-1	-1	1	1	-1	-1	-1	-1	-1	-1	-1	-1	-1	-1	-1	-1	-1
NS18368P	2	1	8	2018	1	8	1981	41	1	7	2018	1	1	-1	-1	-1	-1	-1	-1	-1	-1	-1	-1	-1	-1	-1
NS18369Q	1	-1	-1	-1	-1	-1	-1	-1	-1	-1	-1	1	1	-1	-1	-1	-1	-1	-1	-1	-1	-1	-1	-1	-1	-1
NS18370A	2	1	6	2010	1	7	1987	35	1	5	2012	1	1	-1	-1	-1	-1	-1	-1	-1	-1	-1	-1	-1	-1	-1
NS18371B	2	2	-1	-1	-1	-1	-1	-1	-1	-1	-1	-1	-1	-1	-1	-1	-1	-1	-1	-1	-1	-1	-1	-1	-1	-1
NS18373D	2	1	12	2018	1	4	1989	33	1	12	2018	2	-1	2	-1	-1	-1	-1	-1	-1	-1	2	2019	2	-1	-1
NS18373D	3	2	-1	-1	-1	-1	-1	-1	-1	-1	-1	-1	-1	-1	-1	-1	-1	-1	-1	-1	-1	-1	-1	-1	-1	-1
NS18374E	2	1	4	2016	2	11	1991	30	1	8	2022	1	1	-1	-1	-1	-1	-1	-1	-1	-1	-1	-1	-1	-1	-1
NS18375F	1	-1	-1	-1	-1	-1	-1	-1	1	7	2017	1	1	-1	-1	-1	-1	-1	-1	-1	-1	-1	-1	-1	-1	-1
NS18378J	2	2	-1	-1	-1	-1	-1	-1	-1	-1	-1	-1	-1	-1	-1	-1	-1	-1	-1	-1	-1	-1	-1	-1	-1	-1
NS18380V	2	2	-1	-1	-1	-1	-1	-1	-1	-1	-1	-1	-1	-1	-1	-1	-1	-1	-1	-1	-1	-1	-1	-1	-1	-1
NS18382X	1	-1	-1	-1	-1	-1	-1	-1	1	6	2019	1	1	-1	-1	-1	-1	-1	-1	-1	-1	-1	-1	-1	-1	-1
NS18385A	1	-1	-1	-1	-1	-1	-1	-1	-1	-1	-1	1	1	-1	-1	-1	-1	-1	-1	-1	-1	-1	-1	-1	-1	-1
NS18386B	1	-1	-1	-1	-1	-1	-1	-1	1	2	2017	1	1	-1	-1	-1	-1	-1	-1	-1	-1	-1	-1	-1	-1	-1
NS18388D	2	1	4	2018	2	6	1993	29	1	6	2022	1	1	-1	-1	-1	-1	-1	-1	-1	-1	-1	-1	-1	-1	-1
NS18390P	2	1	7	2017	2	11	1989	33	3	-1	-1	1	1	-1	-1	-1	-1	-1	-1	-1	-1	-1	-1	-1	-1	-1
NS18392R	2	1	12	2013	2	1	1990	33	1	7	2022	1	1	-1	-1	-1	-1	-1	-1	-1	-1	-1	-1	-1	-1	-1
NS18395V	2	2	-1	-1	-1	-1	-1	-1	-1	-1	-1	-1	-1	-1	-1	-1	-1	-1	-1	-1	-1	-1	-1	-1	-1	-1
NS18396W	1	-1	-1	-1	-1	-1	-1	-1	1	8	2019	1	1	-1	-1	-1	-1	-1	-1	-1	-1	-1	-1	-1	-1	-1
NS18397X	2	1	6	2019	2	8	1994	28	3	-1	-1	2	-1	1	1	2	1	2	2	2	2	7	2021	-1	-1	-1
NS18397X	3	2	-1	-1	-1	-1	-1	-1	-1	-1	-1	-1	-1	-1	-1	-1	-1	-1	-1	-1	-1	-1	-1	-1	-1	-1
NS18400Q	2	1	2	2016	1	8	1990	31	1	9	2017	1	1	-1	-1	-1	-1	-1	-1	-1	-1	-1	-1	-1	-1	-1
NS18403T	2	1	6	2017	1	2	1988	34	3	-1	-1	1	1	-1	-1	-1	-1	-1	-1	-1	-1	-1	-1	-1	-1	-1
NS18407Y	2	1	12	2019	1	5	1990	31	3	-1	-1	1	1	-1	-1	-1	-1	-1	-1	-1	-1	-1	-1	-1	-1	-1
NS18410K	1	-1	-1	-1	-1	-1	-1	-1	1	8	2016	1	1	-1	-1	-1	-1	-1	-1	-1	-1	-1	-1	-1	-1	-1
NS18413N	2	2	-1	-1	-1	-1	-1	-1	-1	-1	-1	-1	-1	-1	-1	-1	-1	-1	-1	-1	-1	-1	-1	-1	-1	-1
NS18415Q	1	-1	-1	-1	-1	-1	-1	-1	-1	-1	-1	1	1	-1	-1	-1	-1	-1	-1	-1	-1	-1	-1	-1	-1	-1
NS18416R	1	-1	-1	-1	-1	-1	-1	-1	3	-1	-1	1	1	-1	-1	-1	-1	-1	-1	-1	-1	-1	-1	-1	-1	-1
NS18418T	1	-1	-1	-1	-1	-1	-1	-1	-1	-1	-1	1	1	-1	-1	-1	-1	-1	-1	-1	-1	-1	-1	-1	-1	-1
NS18419V	2	2	-1	-1	-1	-1	-1	-1	-1	-1	-1	-1	-1	-1	-1	-1	-1	-1	-1	-1	-1	-1	-1	-1	-1	-1
NS18422G	1	-1	-1	-1	-1	-1	-1	-1	-1	-1	-1	2	-1	1	2	2	2	2	2	2	1	8	2018	2	-1	-1
NS18422G	2	2	-1	-1	-1	-1	-1	-1	-1	-1	-1	-1	-1	-1	-1	-1	-1	-1	-1	-1	-1	-1	-1	-1	-1	-1
NS18424J	1	-1	-1	-1	-1	-1	-1	-1	-1	-1	-1	1	1	-1	-1	-1	-1	-1	-1	-1	-1	-1	-1	-1	-1	-1
NS18425K	1	-1	-1	-1	-1	-1	-1	-1	1	9	2018	1	1	-1	-1	-1	-1	-1	-1	-1	-1	-1	-1	-1	-1	-1
NS18426L	2	1	2	2022	1	1	1994	28	3	-1	-1	1	1	-1	-1	-1	-1	-1	-1	-1	-1	-1	-1	-1	-1	-1
NS18427M	2	1	12	2020	1	8	1991	31	3	-1	-1	1	1	-1	-1	-1	-1	-1	-1	-1	-1	-1	-1	-1	-1	-1
NS18433C	2	2	-1	-1	-1	-1	-1	-1	-1	-1	-1	-1	-1	-1	-1	-1	-1	-1	-1	-1	-1	-1	-1	-1	-1	-1
NS18435E	1	-1	-1	-1	-1	-1	-1	-1	1	7	2018	1	1	-1	-1	-1	-1	-1	-1	-1	-1	-1	-1	-1	-1	-1
NS18437G	2	2	-1	-1	-1	-1	-1	-1	-1	-1	-1	-1	-1	-1	-1	-1	-1	-1	-1	-1	-1	-1	-1	-1	-1	-1
NS18438H	2	1	1	2014	1	7	1987	34	1	6	2015	1	1	-1	-1	-1	-1	-1	-1	-1	-1	-1	-1	-1	-1	-1
NS18439J	2	1	5	2013	2	5	1989	33	1	5	2018	1	1	-1	-1	-1	-1	-1	-1	-1	-1	-1	-1	-1	-1	-1
NS18446A	2	2	-1	-1	-1	-1	-1	-1	-1	-1	-1	-1	-1	-1	-1	-1	-1	-1	-1	-1	-1	-1	-1	-1	-1	-1
NS18449D	2	1	6	2019	1	12	1985	36	1	9	2019	1	1	-1	-1	-1	-1	-1	-1	-1	-1	-1	-1	-1	-1	-1
NS18450N	2	2	-1	-1	-1	-1	-1	-1	-1	-1	-1	-1	-1	-1	-1	-1	-1	-1	-1	-1	-1	-1	-1	-1	-1	-1
NS18451P	2	2	-1	-1	-1	-1	-1	-1	-1	-1	-1	-1	-1	-1	-1	-1	-1	-1	-1	-1	-1	-1	-1	-1	-1	-1
NS18454S	2	1	4	2016	2	10	1990	32	1	9	2018	1	1	-1	-1	-1	-1	-1	-1	-1	-1	-1	-1	-1	-1	-1
NS18456V	2	1	2	2020	2	-9	-9	-9	3	-1	-1	1	1	-1	-1	-1	-1	-1	-1	-1	-1	-1	-1	-1	-1	-1
NS18457W	2	2	-1	-1	-1	-1	-1	-1	-1	-1	-1	-1	-1	-1	-1	-1	-1	-1	-1	-1	-1	-1	-1	-1	-1	-1
NS18460H	2	2	-1	-1	-1	-1	-1	-1	-1	-1	-1	-1	-1	-1	-1	-1	-1	-1	-1	-1	-1	-1	-1	-1	-1	-1
NS18464M	1	-1	-1	-1	-1	-1	-1	-1	3	-1	-1	2	-1	1	1	2	2	2	2	2	2	5	2017	-1	-1	-1
NS18464M	2	1	1	2022	1	4	1988	34	3	-1	-1	1	1	-1	-1	-1	-1	-1	-1	-1	-1	-1	-1	-1	-1	-1
NS18465N	1	-1	-1	-1	-1	-1	-1	-1	-1	-1	-1	1	1	-1	-1	-1	-1	-1	-1	-1	-1	-1	-1	-1	-1	-1
NS18468R	2	1	2	2016	1	1	1985	37	1	10	2016	1	1	-1	-1	-1	-1	-1	-1	-1	-1	-1	-1	-1	-1	-1
NS18469S	2	2	-1	-1	-1	-1	-1	-1	-1	-1	-1	-1	-1	-1	-1	-1	-1	-1	-1	-1	-1	-1	-1	-1	-1	-1
NS18474G	2	1	6	2017	1	1	1984	38	3	-1	-1	1	1	-1	-1	-1	-1	-1	-1	-1	-1	-1	-1	-1	-1	-1
NS18476J	1	-1	-1	-1	-1	-1	-1	-1	1	8	2021	1	1	-1	-1	-1	-1	-1	-1	-1	-1	-1	-1	-1	-1	-1
NS18478L	1	-1	-1	-1	-1	-1	-1	-1	1	6	2022	1	1	-1	-1	-1	-1	-1	-1	-1	-1	-1	-1	-1	-1	-1
NS18480X	2	2	-1	-1	-1	-1	-1	-1	-1	-1	-1	-1	-1	-1	-1	-1	-1	-1	-1	-1	-1	-1	-1	-1	-1	-1
NS18481Y	1	-1	-1	-1	-1	-1	-1	-1	-1	-1	-1	1	1	-1	-1	-1	-1	-1	-1	-1	-1	-1	-1	-1	-1	-1
NS18483A	1	-1	-1	-1	-1	-1	-1	-1	-1	-1	-1	1	1	-1	-1	-1	-1	-1	-1	-1	-1	-1	-1	-1	-1	-1
NS18486D	2	1	5	2016	1	2	1988	34	3	-1	-1	1	1	-1	-1	-1	-1	-1	-1	-1	-1	-1	-1	-1	-1	-1
NS18488F	2	1	3	2022	2	11	1991	31	3	-1	-1	1	1	-1	-1	-1	-1	-1	-1	-1	-1	-1	-1	-1	-1	-1
NS18489G	2	1	1	2018	1	8	1987	34	1	4	2022	1	1	-1	-1	-1	-1	-1	-1	-1	-1	-1	-1	-1	-1	-1
NS18490R	1	-1	-1	-1	-1	-1	-1	-1	-1	-1	-1	2	-1	2	-1	-1	-1	-1	-1	-1	-1	7	2017	2	-1	-1
NS18490R	2	2	-1	-1	-1	-1	-1	-1	-1	-1	-1	-1	-1	-1	-1	-1	-1	-1	-1	-1	-1	-1	-1	-1	-1	-1
NS18491S	2	2	-1	-1	-1	-1	-1	-1	-1	-1	-1	-1	-1	-1	-1	-1	-1	-1	-1	-1	-1	-1	-1	-1	-1	-1
NS18492T	2	2	-1	-1	-1	-1	-1	-1	-1	-1	-1	-1	-1	-1	-1	-1	-1	-1	-1	-1	-1	-1	-1	-1	-1	-1
NS18493V	2	1	10	2017	1	11	1991	31	3	-1	-1	2	-1	1	1	2	2	2	2	2	2	10	2020	-1	-1	-1
NS18493V	3	1	11	2021	1	12	1986	36	3	-1	-1	1	1	-1	-1	-1	-1	-1	-1	-1	-1	-1	-1	-1	-1	-1
NS18496Y	1	-1	-1	-1	-1	-1	-1	-1	1	7	2017	1	1	-1	-1	-1	-1	-1	-1	-1	-1	-1	-1	-1	-1	-1
NS18497Z	2	1	10	2019	1	8	1983	39	1	8	2018	1	1	-1	-1	-1	-1	-1	-1	-1	-1	-1	-1	-1	-1	-1
NS18499B	2	1	7	2017	1	1	1992	30	1	5	2022	1	1	-1	-1	-1	-1	-1	-1	-1	-1	-1	-1	-1	-1	-1
NS18500S	2	1	2	2017	2	3	1991	31	3	-1	-1	1	1	-1	-1	-1	-1	-1	-1	-1	-1	-1	-1	-1	-1	-1
NS18501T	2	2	-1	-1	-1	-1	-1	-1	-1	-1	-1	-1	-1	-1	-1	-1	-1	-1	-1	-1	-1	-1	-1	-1	-1	-1
NS18503W	1	-1	-1	-1	-1	-1	-1	-1	-1	-1	-1	2	-1	1	1	2	2	2	2	2	2	4	2018	1	4	2018
NS18503W	2	2	-1	-1	-1	-1	-1	-1	-1	-1	-1	-1	-1	-1	-1	-1	-1	-1	-1	-1	-1	-1	-1	-1	-1	-1
NS18505Y	2	2	-1	-1	-1	-1	-1	-1	-1	-1	-1	-1	-1	-1	-1	-1	-1	-1	-1	-1	-1	-1	-1	-1	-1	-1
NS18507A	2	1	6	2017	1	6	1985	37	3	-1	-1	1	1	-1	-1	-1	-1	-1	-1	-1	-1	-1	-1	-1	-1	-1
NS18508B	2	2	-1	-1	-1	-1	-1	-1	-1	-1	-1	-1	-1	-1	-1	-1	-1	-1	-1	-1	-1	-1	-1	-1	-1	-1
NS18509C	2	2	-1	-1	-1	-1	-1	-1	-1	-1	-1	-1	-1	-1	-1	-1	-1	-1	-1	-1	-1	-1	-1	-1	-1	-1
NS18510M	2	2	-1	-1	-1	-1	-1	-1	-1	-1	-1	-1	-1	-1	-1	-1	-1	-1	-1	-1	-1	-1	-1	-1	-1	-1
NS18513Q	2	1	2	2020	2	1	1992	31	3	-1	-1	1	1	-1	-1	-1	-1	-1	-1	-1	-1	-1	-1	-1	-1	-1
NS18514R	1	-1	-1	-1	-1	-1	-1	-1	3	-1	-1	2	-1	1	1	2	2	2	2	2	2	6	2017	-1	-1	-1
NS18514R	2	1	12	2017	1	11	1986	36	3	-1	-1	2	-1	1	1	2	2	2	2	2	2	6	2021	-1	-1	-1
NS18514R	3	2	-1	-1	-1	-1	-1	-1	-1	-1	-1	-1	-1	-1	-1	-1	-1	-1	-1	-1	-1	-1	-1	-1	-1	-1
NS18515S	2	2	-1	-1	-1	-1	-1	-1	-1	-1	-1	-1	-1	-1	-1	-1	-1	-1	-1	-1	-1	-1	-1	-1	-1	-1
NS18518W	1	-1	-1	-1	-1	-1	-1	-1	1	5	2018	1	1	-1	-1	-1	-1	-1	-1	-1	-1	-1	-1	-1	-1	-1
NS18519X	2	1	2	2017	2	6	1992	29	1	9	2020	1	1	-1	-1	-1	-1	-1	-1	-1	-1	-1	-1	-1	-1	-1
NS18522J	2	1	7	2016	2	3	1988	34	1	9	2018	1	1	-1	-1	-1	-1	-1	-1	-1	-1	-1	-1	-1	-1	-1
NS18524L	1	-1	-1	-1	-1	-1	-1	-1	1	6	2017	1	1	-1	-1	-1	-1	-1	-1	-1	-1	-1	-1	-1	-1	-1
NS18526N	1	-1	-1	-1	-1	-1	-1	-1	3	-1	-1	2	-1	1	1	2	2	2	2	2	2	2	2019	-1	-1	-1
NS18526N	2	1	3	2020	1	3	1990	32	3	-1	-1	1	1	-1	-1	-1	-1	-1	-1	-1	-1	-1	-1	-1	-1	-1
NS18527P	1	-1	-1	-1	-1	-1	-1	-1	3	-1	-1	2	-1	1	1	2	2	2	2	2	2	2	2017	-1	-1	-1
NS18527P	2	1	6	2018	1	7	1990	32	3	-1	-1	2	-1	1	1	2	2	2	2	2	2	10	2021	-1	-1	-1
NS18527P	3	1	11	2022	1	9	1993	29	3	-1	-1	1	1	-1	-1	-1	-1	-1	-1	-1	-1	-1	-1	-1	-1	-1
NS18528Q	2	1	10	2019	2	10	1992	30	1	10	2019	1	1	-1	-1	-1	-1	-1	-1	-1	-1	-1	-1	-1	-1	-1
NS18530B	2	2	-1	-1	-1	-1	-1	-1	-1	-1	-1	-1	-1	-1	-1	-1	-1	-1	-1	-1	-1	-1	-1	-1	-1	-1
NS18535G	2	2	-1	-1	-1	-1	-1	-1	-1	-1	-1	-1	-1	-1	-1	-1	-1	-1	-1	-1	-1	-1	-1	-1	-1	-1
NS18537J	2	1	10	2016	2	12	1989	33	1	10	2017	1	1	-1	-1	-1	-1	-1	-1	-1	-1	-1	-1	-1	-1	-1
NS18542Y	2	2	-1	-1	-1	-1	-1	-1	-1	-1	-1	-1	-1	-1	-1	-1	-1	-1	-1	-1	-1	-1	-1	-1	-1	-1
NS18543Z	2	1	10	2017	2	1	1994	29	1	10	2019	1	1	-1	-1	-1	-1	-1	-1	-1	-1	-1	-1	-1	-1	-1
NS18546C	2	2	-1	-1	-1	-1	-1	-1	-1	-1	-1	-1	-1	-1	-1	-1	-1	-1	-1	-1	-1	-1	-1	-1	-1	-1
NS18547D	2	2	-1	-1	-1	-1	-1	-1	-1	-1	-1	-1	-1	-1	-1	-1	-1	-1	-1	-1	-1	-1	-1	-1	-1	-1
NS18548E	1	-1	-1	-1	-1	-1	-1	-1	-1	-1	-1	1	1	-1	-1	-1	-1	-1	-1	-1	-1	-1	-1	-1	-1	-1
NS18553T	2	2	-1	-1	-1	-1	-1	-1	-1	-1	-1	-1	-1	-1	-1	-1	-1	-1	-1	-1	-1	-1	-1	-1	-1	-1
NS18556X	2	2	-1	-1	-1	-1	-1	-1	-1	-1	-1	-1	-1	-1	-1	-1	-1	-1	-1	-1	-1	-1	-1	-1	-1	-1
NS18557Y	2	1	10	2018	2	9	1991	31	3	-1	-1	1	1	-1	-1	-1	-1	-1	-1	-1	-1	-1	-1	-1	-1	-1
NS18559A	2	1	3	2016	2	2	1990	32	1	3	2016	1	1	-1	-1	-1	-1	-1	-1	-1	-1	-1	-1	-1	-1	-1
NS18560K	2	1	7	2012	1	8	1990	32	1	4	2018	1	1	-1	-1	-1	-1	-1	-1	-1	-1	-1	-1	-1	-1	-1
NS18563N	2	2	-1	-1	-1	-1	-1	-1	-1	-1	-1	-1	-1	-1	-1	-1	-1	-1	-1	-1	-1	-1	-1	-1	-1	-1
NS18564P	1	-1	-1	-1	-1	-1	-1	-1	3	-1	-1	2	-1	1	2	2	2	2	1	2	2	5	2018	-1	-1	-1
NS18564P	2	2	-1	-1	-1	-1	-1	-1	-1	-1	-1	-1	-1	-1	-1	-1	-1	-1	-1	-1	-1	-1	-1	-1	-1	-1
NS18566R	1	-1	-1	-1	-1	-1	-1	-1	-1	-1	-1	1	1	-1	-1	-1	-1	-1	-1	-1	-1	-1	-1	-1	-1	-1
NS18568T	1	-1	-1	-1	-1	-1	-1	-1	1	5	2019	2	-1	1	1	2	2	2	2	2	2	10	2020	2	-1	-1
NS18568T	2	2	-1	-1	-1	-1	-1	-1	-1	-1	-1	-1	-1	-1	-1	-1	-1	-1	-1	-1	-1	-1	-1	-1	-1	-1
NS18569V	1	-1	-1	-1	-1	-1	-1	-1	3	-1	-1	2	-1	1	1	2	2	2	2	2	2	7	2016	-1	-1	-1
NS18569V	2	1	8	2018	1	4	1985	37	3	-1	-1	2	-1	1	1	2	2	2	2	2	2	6	2021	-1	-1	-1
NS18569V	3	2	-1	-1	-1	-1	-1	-1	-1	-1	-1	-1	-1	-1	-1	-1	-1	-1	-1	-1	-1	-1	-1	-1	-1	-1
NS18573H	1	-1	-1	-1	-1	-1	-1	-1	-1	-1	-1	1	1	-1	-1	-1	-1	-1	-1	-1	-1	-1	-1	-1	-1	-1
NS18576L	2	1	8	2016	2	8	1992	30	3	-1	-1	1	1	-1	-1	-1	-1	-1	-1	-1	-1	-1	-1	-1	-1	-1
NS18577M	1	-1	-1	-1	-1	-1	-1	-1	1	11	2021	1	1	-1	-1	-1	-1	-1	-1	-1	-1	-1	-1	-1	-1	-1
NS18579P	2	1	10	2022	1	12	1992	30	3	-1	-1	1	1	-1	-1	-1	-1	-1	-1	-1	-1	-1	-1	-1	-1	-1
NS18580Z	2	2	-1	-1	-1	-1	-1	-1	-1	-1	-1	-1	-1	-1	-1	-1	-1	-1	-1	-1	-1	-1	-1	-1	-1	-1
NS18581A	2	2	-1	-1	-1	-1	-1	-1	-1	-1	-1	-1	-1	-1	-1	-1	-1	-1	-1	-1	-1	-1	-1	-1	-1	-1
NS18586F	2	1	-8	2018	1	-9	-9	32	3	-1	-1	1	1	-1	-1	-1	-1	-1	-1	-1	-1	-1	-1	-1	-1	-1
NS18589J	2	1	5	2017	1	12	1984	38	3	-1	-1	2	-1	1	1	2	2	2	2	2	2	6	2022	-1	-1	-1
NS18589J	3	2	-1	-1	-1	-1	-1	-1	-1	-1	-1	-1	-1	-1	-1	-1	-1	-1	-1	-1	-1	-1	-1	-1	-1	-1
NS18593X	2	1	1	2017	1	2	1991	31	3	-1	-1	1	1	-1	-1	-1	-1	-1	-1	-1	-1	-1	-1	-1	-1	-1
NS18594Y	2	1	6	2016	2	2	1990	32	1	6	2016	2	-1	1	1	2	2	2	2	2	2	9	2018	1	7	2019
NS18594Y	3	1	6	2021	2	2	1988	34	3	-1	-1	1	1	-1	-1	-1	-1	-1	-1	-1	-1	-1	-1	-1	-1	-1
NS18597B	2	2	-1	-1	-1	-1	-1	-1	-1	-1	-1	-1	-1	-1	-1	-1	-1	-1	-1	-1	-1	-1	-1	-1	-1	-1
NS18598C	2	1	6	2016	2	9	1988	34	1	10	2019	1	1	-1	-1	-1	-1	-1	-1	-1	-1	-1	-1	-1	-1	-1
NS18599D	2	2	-1	-1	-1	-1	-1	-1	-1	-1	-1	-1	-1	-1	-1	-1	-1	-1	-1	-1	-1	-1	-1	-1	-1	-1
NS18600V	2	1	7	2016	2	7	1991	31	1	9	2017	1	1	-1	-1	-1	-1	-1	-1	-1	-1	-1	-1	-1	-1	-1
NS18601W	2	-9	-1	-1	-1	-1	-1	-1	-1	-1	-1	-1	-1	-1	-1	-1	-1	-1	-1	-1	-1	-1	-1	-1	-1	-1
NS18602X	2	1	6	2016	1	1	1991	32	3	-1	-1	1	1	-1	-1	-1	-1	-1	-1	-1	-1	-1	-1	-1	-1	-1
NS18603Y	1	-1	-1	-1	-1	-1	-1	-1	3	-1	-1	2	-1	1	1	2	2	2	2	2	2	12	2016	-1	-1	-1
NS18603Y	2	1	6	2022	1	10	1991	31	3	-1	-1	1	1	-1	-1	-1	-1	-1	-1	-1	-1	-1	-1	-1	-1	-1
NS18604Z	1	-1	-1	-1	-1	-1	-1	-1	-1	-1	-1	1	1	-1	-1	-1	-1	-1	-1	-1	-1	-1	-1	-1	-1	-1
NS18605A	1	-1	-1	-1	-1	-1	-1	-1	3	-1	-1	2	-1	1	1	2	2	2	2	2	2	4	2011	-1	-1	-1
NS18605A	2	2	-1	-1	-1	-1	-1	-1	-1	-1	-1	-1	-1	-1	-1	-1	-1	-1	-1	-1	-1	-1	-1	-1	-1	-1
NS18606B	2	1	12	2020	2	12	1994	28	3	-1	-1	1	1	-1	-1	-1	-1	-1	-1	-1	-1	-1	-1	-1	-1	-1
NS18607C	2	1	8	2019	1	11	1990	32	3	-1	-1	2	-1	1	1	2	2	2	2	2	2	11	2022	-1	-1	-1
NS18607C	3	2	-1	-1	-1	-1	-1	-1	-1	-1	-1	-1	-1	-1	-1	-1	-1	-1	-1	-1	-1	-1	-1	-1	-1	-1
NS18609E	2	1	8	2022	1	4	1991	31	3	-1	-1	1	1	-1	-1	-1	-1	-1	-1	-1	-1	-1	-1	-1	-1	-1
NS18611Q	2	1	11	2019	2	8	1986	36	3	-1	-1	1	1	-1	-1	-1	-1	-1	-1	-1	-1	-1	-1	-1	-1	-1
NS18612R	2	1	9	2015	2	4	1990	32	3	-1	-1	2	-1	1	1	2	2	2	2	2	2	1	2019	-1	-1	-1
NS18612R	3	2	-1	-1	-1	-1	-1	-1	-1	-1	-1	-1	-1	-1	-1	-1	-1	-1	-1	-1	-1	-1	-1	-1	-1	-1
NS18615V	2	2	-1	-1	-1	-1	-1	-1	-1	-1	-1	-1	-1	-1	-1	-1	-1	-1	-1	-1	-1	-1	-1	-1	-1	-1
NS18618Y	2	1	4	2020	1	8	1990	32	3	-1	-1	2	-1	1	1	2	2	2	2	2	2	8	2022	-1	-1	-1
NS18618Y	3	2	-1	-1	-1	-1	-1	-1	-1	-1	-1	-1	-1	-1	-1	-1	-1	-1	-1	-1	-1	-1	-1	-1	-1	-1
NS18620J	2	1	3	2018	1	1	1990	33	1	5	2022	1	1	-1	-1	-1	-1	-1	-1	-1	-1	-1	-1	-1	-1	-1
NS18623M	2	1	10	2016	2	6	1990	31	1	10	2016	1	1	-1	-1	-1	-1	-1	-1	-1	-1	-1	-1	-1	-1	-1
NS18624N	2	1	10	2013	1	9	1989	33	1	10	2015	1	1	-1	-1	-1	-1	-1	-1	-1	-1	-1	-1	-1	-1	-1
NS18628S	1	-1	-1	-1	-1	-1	-1	-1	3	-1	-1	2	-1	1	1	2	2	2	2	2	2	10	2018	-1	-1	-1
NS18628S	2	2	-1	-1	-1	-1	-1	-1	-1	-1	-1	-1	-1	-1	-1	-1	-1	-1	-1	-1	-1	-1	-1	-1	-1	-1
NS18632F	1	-1	-1	-1	-1	-1	-1	-1	1	8	2018	1	1	-1	-1	-1	-1	-1	-1	-1	-1	-1	-1	-1	-1	-1
NS18637L	2	1	1	2018	1	1	1992	30	3	-1	-1	2	-1	1	1	2	2	2	2	2	2	1	2019	-1	-1	-1
NS18637L	3	1	5	2020	1	1	1993	29	3	-1	-1	2	-1	1	1	2	2	2	2	2	2	7	2022	-1	-1	-1
NS18637L	4	2	-1	-1	-1	-1	-1	-1	-1	-1	-1	-1	-1	-1	-1	-1	-1	-1	-1	-1	-1	-1	-1	-1	-1	-1
NS18638M	2	2	-1	-1	-1	-1	-1	-1	-1	-1	-1	-1	-1	-1	-1	-1	-1	-1	-1	-1	-1	-1	-1	-1	-1	-1
NS18639N	2	2	-1	-1	-1	-1	-1	-1	-1	-1	-1	-1	-1	-1	-1	-1	-1	-1	-1	-1	-1	-1	-1	-1	-1	-1
NS18641Z	2	1	10	2020	2	10	1996	26	3	-1	-1	1	1	-1	-1	-1	-1	-1	-1	-1	-1	-1	-1	-1	-1	-1
NS18645D	2	1	11	2014	1	9	1989	33	3	-1	-1	1	1	-1	-1	-1	-1	-1	-1	-1	-1	-1	-1	-1	-1	-1
NS18647F	2	2	-1	-1	-1	-1	-1	-1	-1	-1	-1	-1	-1	-1	-1	-1	-1	-1	-1	-1	-1	-1	-1	-1	-1	-1
NS18650S	2	2	-1	-1	-1	-1	-1	-1	-1	-1	-1	-1	-1	-1	-1	-1	-1	-1	-1	-1	-1	-1	-1	-1	-1	-1
NS18651T	2	2	-1	-1	-1	-1	-1	-1	-1	-1	-1	-1	-1	-1	-1	-1	-1	-1	-1	-1	-1	-1	-1	-1	-1	-1
NS18653W	2	1	8	2016	1	1	1990	33	1	8	2016	1	1	-1	-1	-1	-1	-1	-1	-1	-1	-1	-1	-1	-1	-1
NS18655Y	1	-1	-1	-1	-1	-1	-1	-1	1	3	2017	1	1	-1	-1	-1	-1	-1	-1	-1	-1	-1	-1	-1	-1	-1
NS18657A	2	2	-1	-1	-1	-1	-1	-1	-1	-1	-1	-1	-1	-1	-1	-1	-1	-1	-1	-1	-1	-1	-1	-1	-1	-1
NS18661N	2	2	-1	-1	-1	-1	-1	-1	-1	-1	-1	-1	-1	-1	-1	-1	-1	-1	-1	-1	-1	-1	-1	-1	-1	-1
NS18662P	1	-1	-1	-1	-1	-1	-1	-1	-1	-1	-1	1	1	-1	-1	-1	-1	-1	-1	-1	-1	-1	-1	-1	-1	-1
NS18665S	2	2	-1	-1	-1	-1	-1	-1	-1	-1	-1	-1	-1	-1	-1	-1	-1	-1	-1	-1	-1	-1	-1	-1	-1	-1
NS18670G	2	2	-1	-1	-1	-1	-1	-1	-1	-1	-1	-1	-1	-1	-1	-1	-1	-1	-1	-1	-1	-1	-1	-1	-1	-1
NS18671H	1	-1	-1	-1	-1	-1	-1	-1	1	4	2017	1	1	-1	-1	-1	-1	-1	-1	-1	-1	-1	-1	-1	-1	-1
NS18673K	1	-1	-1	-1	-1	-1	-1	-1	-1	-1	-1	1	1	-1	-1	-1	-1	-1	-1	-1	-1	-1	-1	-1	-1	-1
NS18674L	2	2	-1	-1	-1	-1	-1	-1	-1	-1	-1	-1	-1	-1	-1	-1	-1	-1	-1	-1	-1	-1	-1	-1	-1	-1
NS18675M	2	1	6	2018	1	8	1992	30	3	-1	-1	1	1	-1	-1	-1	-1	-1	-1	-1	-1	-1	-1	-1	-1	-1
NS18677P	1	-1	-1	-1	-1	-1	-1	-1	1	10	2021	1	1	-1	-1	-1	-1	-1	-1	-1	-1	-1	-1	-1	-1	-1
NS18678Q	1	-1	-1	-1	-1	-1	-1	-1	3	-1	-1	2	-1	1	1	2	2	2	2	2	2	7	2019	-1	-1	-1
NS18678Q	2	2	-1	-1	-1	-1	-1	-1	-1	-1	-1	-1	-1	-1	-1	-1	-1	-1	-1	-1	-1	-1	-1	-1	-1	-1
NS18680B	1	-1	-1	-1	-1	-1	-1	-1	1	6	2021	1	1	-1	-1	-1	-1	-1	-1	-1	-1	-1	-1	-1	-1	-1
NS18682D	2	2	-1	-1	-1	-1	-1	-1	-1	-1	-1	-1	-1	-1	-1	-1	-1	-1	-1	-1	-1	-1	-1	-1	-1	-1
NS18683E	2	1	8	2018	2	3	1996	26	3	-1	-1	1	1	-1	-1	-1	-1	-1	-1	-1	-1	-1	-1	-1	-1	-1
NS18685G	2	2	-1	-1	-1	-1	-1	-1	-1	-1	-1	-1	-1	-1	-1	-1	-1	-1	-1	-1	-1	-1	-1	-1	-1	-1
NS18686H	2	1	6	2018	2	5	1991	31	3	-1	-1	1	1	-1	-1	-1	-1	-1	-1	-1	-1	-1	-1	-1	-1	-1
NS18687J	2	1	7	2017	1	1	1986	36	1	7	2017	1	1	-1	-1	-1	-1	-1	-1	-1	-1	-1	-1	-1	-1	-1
NS18688K	1	-1	-1	-1	-1	-1	-1	-1	3	-1	-1	2	-1	1	1	2	2	2	2	2	2	2	2016	-1	-1	-1
NS18688K	2	1	10	2017	1	5	1983	39	3	-1	-1	1	1	-1	-1	-1	-1	-1	-1	-1	-1	-1	-1	-1	-1	-1
NS18692Y	2	2	-1	-1	-1	-1	-1	-1	-1	-1	-1	-1	-1	-1	-1	-1	-1	-1	-1	-1	-1	-1	-1	-1	-1	-1
NS18693Z	1	-1	-1	-1	-1	-1	-1	-1	1	8	2021	1	1	-1	-1	-1	-1	-1	-1	-1	-1	-1	-1	-1	-1	-1
NS18694A	1	-1	-1	-1	-1	-1	-1	-1	3	-1	-1	2	-1	1	1	2	2	2	2	2	2	9	2017	-1	-1	-1
NS18694A	2	1	12	2019	2	7	1991	32	3	-1	-1	2	-1	1	1	2	2	1	2	2	2	1	2021	-1	-1	-1
NS18694A	3	2	-1	-1	-1	-1	-1	-1	-1	-1	-1	-1	-1	-1	-1	-1	-1	-1	-1	-1	-1	-1	-1	-1	-1	-1
NS18695B	1	-1	-1	-1	-1	-1	-1	-1	3	-1	-1	1	1	-1	-1	-1	-1	-1	-1	-1	-1	-1	-1	-1	-1	-1
NS18697D	2	1	12	2017	2	7	1990	32	1	4	2016	1	1	-1	-1	-1	-1	-1	-1	-1	-1	-1	-1	-1	-1	-1
NS18698E	1	-1	-1	-1	-1	-1	-1	-1	-1	-1	-1	1	1	-1	-1	-1	-1	-1	-1	-1	-1	-1	-1	-1	-1	-1
NS18700X	1	-1	-1	-1	-1	-1	-1	-1	3	-1	-1	1	1	-1	-1	-1	-1	-1	-1	-1	-1	-1	-1	-1	-1	-1
NS18701Y	2	1	5	2018	2	10	1986	36	3	-1	-1	1	1	-1	-1	-1	-1	-1	-1	-1	-1	-1	-1	-1	-1	-1
NS18709G	2	2	-1	-1	-1	-1	-1	-1	-1	-1	-1	-1	-1	-1	-1	-1	-1	-1	-1	-1	-1	-1	-1	-1	-1	-1
NS18710R	2	1	4	2016	2	5	1994	27	1	8	2019	1	1	-1	-1	-1	-1	-1	-1	-1	-1	-1	-1	-1	-1	-1
NS18712T	2	1	8	2015	1	-9	-9	33	1	-9	-9	1	1	-1	-1	-1	-1	-1	-1	-1	-1	-1	-1	-1	-1	-1
NS18715X	1	-1	-1	-1	-1	-1	-1	-1	3	-1	-1	2	-1	1	1	2	2	2	2	2	2	8	2017	-1	-1	-1
NS18715X	2	2	-1	-1	-1	-1	-1	-1	-1	-1	-1	-1	-1	-1	-1	-1	-1	-1	-1	-1	-1	-1	-1	-1	-1	-1
NS18716Y	1	-1	-1	-1	-1	-1	-1	-1	-1	-1	-1	1	1	-1	-1	-1	-1	-1	-1	-1	-1	-1	-1	-1	-1	-1
NS18717Z	1	-1	-1	-1	-1	-1	-1	-1	3	-1	-1	1	1	-1	-1	-1	-1	-1	-1	-1	-1	-1	-1	-1	-1	-1
NS18720L	2	2	-1	-1	-1	-1	-1	-1	-1	-1	-1	-1	-1	-1	-1	-1	-1	-1	-1	-1	-1	-1	-1	-1	-1	-1
NS18721M	1	-1	-1	-1	-1	-1	-1	-1	1	4	2017	1	1	-1	-1	-1	-1	-1	-1	-1	-1	-1	-1	-1	-1	-1
NS18722N	1	-1	-1	-1	-1	-1	-1	-1	-1	-1	-1	2	-1	1	1	2	2	2	2	2	2	1	2016	2	-1	-1
NS18722N	2	1	10	2021	1	5	1986	35	-1	-1	-1	1	1	-1	-1	-1	-1	-1	-1	-1	-1	-1	-1	-1	-1	-1
NS18724Q	2	1	3	2009	2	4	1989	33	1	8	2017	1	1	-1	-1	-1	-1	-1	-1	-1	-1	-1	-1	-1	-1	-1
NS18725R	1	-1	-1	-1	-1	-1	-1	-1	-1	-1	-1	2	-1	1	1	2	2	2	2	2	2	2	2023	1	2	2023
NS18725R	2	2	-1	-1	-1	-1	-1	-1	-1	-1	-1	-1	-1	-1	-1	-1	-1	-1	-1	-1	-1	-1	-1	-1	-1	-1
NS18729W	2	1	6	2017	1	5	1989	33	1	7	2020	1	1	-1	-1	-1	-1	-1	-1	-1	-1	-1	-1	-1	-1	-1
NS18731G	1	-1	-1	-1	-1	-1	-1	-1	3	-1	-1	2	-1	1	1	2	2	2	2	2	2	7	2016	-1	-1	-1
NS18731G	2	1	2	2020	2	9	1992	30	3	-1	-1	2	-1	1	1	2	2	2	2	2	2	9	2020	-1	-1	-1
NS18731G	3	2	-1	-1	-1	-1	-1	-1	-1	-1	-1	-1	-1	-1	-1	-1	-1	-1	-1	-1	-1	-1	-1	-1	-1	-1
NS18732H	2	1	6	2016	2	1	1991	32	1	6	2016	1	1	-1	-1	-1	-1	-1	-1	-1	-1	-1	-1	-1	-1	-1
NS18733J	1	-1	-1	-1	-1	-1	-1	-1	3	-1	-1	2	-1	1	1	2	2	2	1	2	2	11	2020	-1	-1	-1
NS18733J	2	1	12	2021	2	1	1994	28	3	-1	-1	1	1	-1	-1	-1	-1	-1	-1	-1	-1	-1	-1	-1	-1	-1
NS18735L	1	-1	-1	-1	-1	-1	-1	-1	-1	-1	-1	1	1	-1	-1	-1	-1	-1	-1	-1	-1	-1	-1	-1	-1	-1
NS18736M	2	1	3	2017	1	11	1993	28	1	9	2018	1	1	-1	-1	-1	-1	-1	-1	-1	-1	-1	-1	-1	-1	-1
NS18737N	2	2	-1	-1	-1	-1	-1	-1	-1	-1	-1	-1	-1	-1	-1	-1	-1	-1	-1	-1	-1	-1	-1	-1	-1	-1
NS18742C	2	1	4	2017	1	8	1990	32	3	-1	-1	1	1	-1	-1	-1	-1	-1	-1	-1	-1	-1	-1	-1	-1	-1
NS18744E	2	1	9	2017	2	5	1988	34	1	4	2019	1	1	-1	-1	-1	-1	-1	-1	-1	-1	-1	-1	-1	-1	-1
NS18747H	2	1	4	2017	1	12	1980	41	3	-1	-1	2	-1	1	1	2	2	2	2	2	2	12	2019	-1	-1	-1
NS18747H	3	2	-1	-1	-1	-1	-1	-1	-1	-1	-1	-1	-1	-1	-1	-1	-1	-1	-1	-1	-1	-1	-1	-1	-1	-1
NS18749K	2	1	1	2008	1	5	1983	39	1	7	2010	1	1	-1	-1	-1	-1	-1	-1	-1	-1	-1	-1	-1	-1	-1
NS18750V	2	2	-1	-1	-1	-1	-1	-1	-1	-1	-1	-1	-1	-1	-1	-1	-1	-1	-1	-1	-1	-1	-1	-1	-1	-1
NS18751W	2	1	12	2016	1	3	1989	33	1	12	2016	2	-1	1	1	2	2	2	2	2	2	1	2022	2	-1	-1
NS18751W	3	2	-1	-1	-1	-1	-1	-1	-1	-1	-1	-1	-1	-1	-1	-1	-1	-1	-1	-1	-1	-1	-1	-1	-1	-1
NS18752X	2	1	6	2017	1	9	1990	32	3	-1	-1	2	-1	2	-1	-1	-1	-1	-1	-1	-1	7	2019	-1	-1	-1
NS18752X	3	2	-1	-1	-1	-1	-1	-1	-1	-1	-1	-1	-1	-1	-1	-1	-1	-1	-1	-1	-1	-1	-1	-1	-1	-1
NS18754Z	2	1	7	2016	2	1	1992	31	3	-1	-1	2	-1	1	1	2	2	2	2	2	2	2	2020	-1	-1	-1
NS18754Z	3	2	-1	-1	-1	-1	-1	-1	-1	-1	-1	-1	-1	-1	-1	-1	-1	-1	-1	-1	-1	-1	-1	-1	-1	-1
NS18758D	1	-1	-1	-1	-1	-1	-1	-1	3	-1	-1	2	-1	1	1	2	2	2	2	2	2	6	2017	-1	-1	-1
NS18758D	2	1	8	2021	1	12	1987	35	3	-1	-1	1	1	-1	-1	-1	-1	-1	-1	-1	-1	-1	-1	-1	-1	-1
NS18766W	2	1	12	2014	2	3	1991	31	1	8	2021	1	1	-1	-1	-1	-1	-1	-1	-1	-1	-1	-1	-1	-1	-1
NS18768Y	1	-1	-1	-1	-1	-1	-1	-1	-1	-1	-1	1	1	-1	-1	-1	-1	-1	-1	-1	-1	-1	-1	-1	-1	-1
NS18769Z	2	2	-1	-1	-1	-1	-1	-1	-1	-1	-1	-1	-1	-1	-1	-1	-1	-1	-1	-1	-1	-1	-1	-1	-1	-1
NS18770J	2	1	1	2018	2	5	1995	27	1	3	2018	1	1	-1	-1	-1	-1	-1	-1	-1	-1	-1	-1	-1	-1	-1
NS18771K	2	2	-1	-1	-1	-1	-1	-1	-1	-1	-1	-1	-1	-1	-1	-1	-1	-1	-1	-1	-1	-1	-1	-1	-1	-1
NS18772L	1	-1	-1	-1	-1	-1	-1	-1	1	8	2019	1	1	-1	-1	-1	-1	-1	-1	-1	-1	-1	-1	-1	-1	-1
NS18776Q	2	1	12	2016	1	5	1990	32	3	-1	-1	1	1	-1	-1	-1	-1	-1	-1	-1	-1	-1	-1	-1	-1	-1
NS18779T	2	2	-1	-1	-1	-1	-1	-1	-1	-1	-1	-1	-1	-1	-1	-1	-1	-1	-1	-1	-1	-1	-1	-1	-1	-1
NS18780D	1	-1	-1	-1	-1	-1	-1	-1	3	-1	-1	1	1	-1	-1	-1	-1	-1	-1	-1	-1	-1	-1	-1	-1	-1
NS18783G	1	-1	-1	-1	-1	-1	-1	-1	3	-1	-1	2	-1	1	2	2	2	2	2	2	1	10	2017	-1	-1	-1
NS18783G	2	2	-1	-1	-1	-1	-1	-1	-1	-1	-1	-1	-1	-1	-1	-1	-1	-1	-1	-1	-1	-1	-1	-1	-1	-1
NS18785J	2	1	9	2019	1	7	1995	27	3	-1	-1	1	2	-1	-1	-1	-1	-1	-1	-1	-1	9	2020	-1	-1	-1
NS18785J	3	2	-1	-1	-1	-1	-1	-1	-1	-1	-1	-1	-1	-1	-1	-1	-1	-1	-1	-1	-1	-1	-1	-1	-1	-1
NS18789N	2	2	-1	-1	-1	-1	-1	-1	-1	-1	-1	-1	-1	-1	-1	-1	-1	-1	-1	-1	-1	-1	-1	-1	-1	-1
NS18790Y	2	2	-1	-1	-1	-1	-1	-1	-1	-1	-1	-1	-1	-1	-1	-1	-1	-1	-1	-1	-1	-1	-1	-1	-1	-1
NS18795D	2	2	-1	-1	-1	-1	-1	-1	-1	-1	-1	-1	-1	-1	-1	-1	-1	-1	-1	-1	-1	-1	-1	-1	-1	-1
NS18798G	1	-1	-1	-1	-1	-1	-1	-1	1	9	2017	1	1	-1	-1	-1	-1	-1	-1	-1	-1	-1	-1	-1	-1	-1
NS18800Z	2	1	10	2017	2	11	1989	33	3	-1	-1	2	-1	1	1	2	2	2	2	2	2	12	2019	-1	-1	-1
NS18800Z	3	1	10	2021	2	3	1987	36	3	-1	-1	1	1	-1	-1	-1	-1	-1	-1	-1	-1	-1	-1	-1	-1	-1
NS18802B	2	2	-1	-1	-1	-1	-1	-1	-1	-1	-1	-1	-1	-1	-1	-1	-1	-1	-1	-1	-1	-1	-1	-1	-1	-1
NS18809J	2	1	3	2020	2	11	1989	33	3	-1	-1	2	-1	1	1	2	2	2	2	2	2	2	2023	-1	-1	-1
NS18809J	3	2	-1	-1	-1	-1	-1	-1	-1	-1	-1	-1	-1	-1	-1	-1	-1	-1	-1	-1	-1	-1	-1	-1	-1	-1
NS18810T	2	2	-1	-1	-1	-1	-1	-1	-1	-1	-1	-1	-1	-1	-1	-1	-1	-1	-1	-1	-1	-1	-1	-1	-1	-1
NS18815Z	2	2	-1	-1	-1	-1	-1	-1	-1	-1	-1	-1	-1	-1	-1	-1	-1	-1	-1	-1	-1	-1	-1	-1	-1	-1
NS18816A	2	2	-1	-1	-1	-1	-1	-1	-1	-1	-1	-1	-1	-1	-1	-1	-1	-1	-1	-1	-1	-1	-1	-1	-1	-1
NS18817B	2	1	12	2019	1	2	1992	30	1	1	2019	1	1	-1	-1	-1	-1	-1	-1	-1	-1	-1	-1	-1	-1	-1
NS18824S	1	-1	-1	-1	-1	-1	-1	-1	1	2	2017	1	1	-1	-1	-1	-1	-1	-1	-1	-1	-1	-1	-1	-1	-1
NS18825T	2	2	-1	-1	-1	-1	-1	-1	-1	-1	-1	-1	-1	-1	-1	-1	-1	-1	-1	-1	-1	-1	-1	-1	-1	-1
NS18831J	2	1	4	2011	1	4	1982	40	3	-1	-1	1	1	-1	-1	-1	-1	-1	-1	-1	-1	-1	-1	-1	-1	-1
NS18832K	1	-1	-1	-1	-1	-1	-1	-1	3	-1	-1	2	-1	1	1	2	2	2	2	2	2	11	2018	-1	-1	-1
NS18832K	2	2	-1	-1	-1	-1	-1	-1	-1	-1	-1	-1	-1	-1	-1	-1	-1	-1	-1	-1	-1	-1	-1	-1	-1	-1
NS18833L	1	-1	-1	-1	-1	-1	-1	-1	3	-1	-1	1	1	-1	-1	-1	-1	-1	-1	-1	-1	-1	-1	-1	-1	-1
NS18835N	2	2	-1	-1	-1	-1	-1	-1	-1	-1	-1	-1	-1	-1	-1	-1	-1	-1	-1	-1	-1	-1	-1	-1	-1	-1
NS18837Q	1	-1	-1	-1	-1	-1	-1	-1	1	9	2019	1	1	-1	-1	-1	-1	-1	-1	-1	-1	-1	-1	-1	-1	-1
NS18838R	1	-1	-1	-1	-1	-1	-1	-1	3	-1	-1	1	1	-1	-1	-1	-1	-1	-1	-1	-1	-1	-1	-1	-1	-1
NS18841D	2	1	2	2011	1	5	1990	32	3	-1	-1	2	-1	1	1	1	1	2	2	2	2	6	2011	-1	-1	-1
NS18841D	3	1	11	2014	1	8	1988	35	3	-1	-1	2	-1	1	2	2	2	2	1	2	2	11	2016	-1	-1	-1
NS18841D	4	1	6	2017	1	4	1992	31	3	-1	-1	1	1	-1	-1	-1	-1	-1	-1	-1	-1	-1	-1	-1	-1	-1
NS18842E	2	1	8	2021	1	11	1991	31	3	-1	-1	1	1	-1	-1	-1	-1	-1	-1	-1	-1	-1	-1	-1	-1	-1
NS18843F	1	-1	-1	-1	-1	-1	-1	-1	3	-1	-1	2	-1	1	1	2	2	2	2	2	2	1	2016	-1	-1	-1
NS18843F	2	1	9	2019	2	1	1990	33	3	-1	-1	2	-1	1	1	2	2	2	2	2	2	3	2020	-1	-1	-1
NS18843F	3	2	-1	-1	-1	-1	-1	-1	-1	-1	-1	-1	-1	-1	-1	-1	-1	-1	-1	-1	-1	-1	-1	-1	-1	-1
NS18844G	1	-1	-1	-1	-1	-1	-1	-1	-1	-1	-1	1	1	-1	-1	-1	-1	-1	-1	-1	-1	-1	-1	-1	-1	-1
NS18846J	1	-1	-1	-1	-1	-1	-1	-1	3	-1	-1	1	1	-1	-1	-1	-1	-1	-1	-1	-1	-1	-1	-1	-1	-1
NS18849M	1	-1	-1	-1	-1	-1	-1	-1	3	-1	-1	1	1	-1	-1	-1	-1	-1	-1	-1	-1	-1	-1	-1	-1	-1
NS18850X	2	1	1	2018	2	1	2000	23	1	11	2019	1	1	-1	-1	-1	-1	-1	-1	-1	-1	-1	-1	-1	-1	-1
NS18851Y	2	1	2	2017	2	4	1993	29	1	7	2019	1	1	-1	-1	-1	-1	-1	-1	-1	-1	-1	-1	-1	-1	-1
NS18853A	1	-1	-1	-1	-1	-1	-1	-1	1	11	2017	1	1	-1	-1	-1	-1	-1	-1	-1	-1	-1	-1	-1	-1	-1
NS18854B	2	1	4	2019	1	5	1990	32	1	8	2019	1	1	-1	-1	-1	-1	-1	-1	-1	-1	-1	-1	-1	-1	-1
NS18859G	2	1	3	2017	1	3	1994	28	3	-1	-1	1	1	-1	-1	-1	-1	-1	-1	-1	-1	-1	-1	-1	-1	-1
NS18860R	2	1	9	2018	2	5	1993	30	1	5	2022	1	1	-1	-1	-1	-1	-1	-1	-1	-1	-1	-1	-1	-1	-1
NS18861S	2	1	3	2015	2	-8	-8	28	3	-1	-1	2	-1	1	1	1	2	2	1	2	2	9	2021	-1	-1	-1
NS18861S	3	1	3	2022	2	1	1995	27	3	-1	-1	1	1	-1	-1	-1	-1	-1	-1	-1	-1	-1	-1	-1	-1	-1
NS18862T	1	-1	-1	-1	-1	-1	-1	-1	1	9	2017	1	1	-1	-1	-1	-1	-1	-1	-1	-1	-1	-1	-1	-1	-1
NS18863V	2	1	1	2019	2	5	1994	27	3	-1	-1	2	-1	2	-1	-1	-1	-1	-1	-1	-1	2	2020	-1	-1	-1
NS18863V	3	2	-1	-1	-1	-1	-1	-1	-1	-1	-1	-1	-1	-1	-1	-1	-1	-1	-1	-1	-1	-1	-1	-1	-1	-1
NS18865X	2	1	2	2012	1	1	1990	32	3	-1	-1	2	-1	1	1	2	2	2	2	2	2	2	2014	-1	-1	-1
NS18865X	3	2	-1	-1	-1	-1	-1	-1	-1	-1	-1	-1	-1	-1	-1	-1	-1	-1	-1	-1	-1	-1	-1	-1	-1	-1
NS18868A	1	-1	-1	-1	-1	-1	-1	-1	3	-1	-1	2	-1	1	1	2	2	2	2	2	2	10	2022	-1	-1	-1
NS18868A	2	2	-1	-1	-1	-1	-1	-1	-1	-1	-1	-1	-1	-1	-1	-1	-1	-1	-1	-1	-1	-1	-1	-1	-1	-1
NS18877T	2	1	7	2017	1	4	1990	33	1	2	2016	1	1	-1	-1	-1	-1	-1	-1	-1	-1	-1	-1	-1	-1	-1
NS18878V	2	1	12	2021	1	5	1987	35	3	-1	-1	1	1	-1	-1	-1	-1	-1	-1	-1	-1	-1	-1	-1	-1	-1
NS18881G	2	1	11	2019	2	2	1999	23	1	7	2019	1	1	-1	-1	-1	-1	-1	-1	-1	-1	-1	-1	-1	-1	-1
NS18882H	2	2	-1	-1	-1	-1	-1	-1	-1	-1	-1	-1	-1	-1	-1	-1	-1	-1	-1	-1	-1	-1	-1	-1	-1	-1
NS18883J	2	2	-1	-1	-1	-1	-1	-1	-1	-1	-1	-1	-1	-1	-1	-1	-1	-1	-1	-1	-1	-1	-1	-1	-1	-1
NS18885L	2	2	-1	-1	-1	-1	-1	-1	-1	-1	-1	-1	-1	-1	-1	-1	-1	-1	-1	-1	-1	-1	-1	-1	-1	-1
NS18888P	2	2	-1	-1	-1	-1	-1	-1	-1	-1	-1	-1	-1	-1	-1	-1	-1	-1	-1	-1	-1	-1	-1	-1	-1	-1
NS18889Q	1	-1	-1	-1	-1	-1	-1	-1	3	-1	-1	2	-1	1	1	2	2	2	1	2	2	7	2019	-1	-1	-1
NS18889Q	2	2	-1	-1	-1	-1	-1	-1	-1	-1	-1	-1	-1	-1	-1	-1	-1	-1	-1	-1	-1	-1	-1	-1	-1	-1
NS18894E	1	-1	-1	-1	-1	-1	-1	-1	-1	-1	-1	1	1	-1	-1	-1	-1	-1	-1	-1	-1	-1	-1	-1	-1	-1
NS18895F	1	-1	-1	-1	-1	-1	-1	-1	1	2	2018	1	1	-1	-1	-1	-1	-1	-1	-1	-1	-1	-1	-1	-1	-1
NS18896G	2	1	1	2014	2	11	1993	29	3	-1	-1	2	-1	1	2	2	1	2	2	1	2	2	2021	-1	-1	-1
NS18896G	3	2	-1	-1	-1	-1	-1	-1	-1	-1	-1	-1	-1	-1	-1	-1	-1	-1	-1	-1	-1	-1	-1	-1	-1	-1
NS18897H	1	-1	-1	-1	-1	-1	-1	-1	-1	-1	-1	1	1	-1	-1	-1	-1	-1	-1	-1	-1	-1	-1	-1	-1	-1
NS18899K	2	1	3	2021	1	2	1985	37	3	10	2012	1	1	-1	-1	-1	-1	-1	-1	-1	-1	-1	-1	-1	-1	-1
NS18909L	2	2	-1	-1	-1	-1	-1	-1	-1	-1	-1	-1	-1	-1	-1	-1	-1	-1	-1	-1	-1	-1	-1	-1	-1	-1
NS18910W	2	2	-1	-1	-1	-1	-1	-1	-1	-1	-1	-1	-1	-1	-1	-1	-1	-1	-1	-1	-1	-1	-1	-1	-1	-1
NS18912Y	2	2	-1	-1	-1	-1	-1	-1	-1	-1	-1	-1	-1	-1	-1	-1	-1	-1	-1	-1	-1	-1	-1	-1	-1	-1
NS18913Z	2	2	-1	-1	-1	-1	-1	-1	-1	-1	-1	-1	-1	-1	-1	-1	-1	-1	-1	-1	-1	-1	-1	-1	-1	-1
NS18914A	2	1	1	2018	1	11	1995	26	3	-1	-1	2	-1	1	1	2	2	2	2	2	2	7	2019	-1	-1	-1
NS18914A	3	2	-1	-1	-1	-1	-1	-1	-1	-1	-1	-1	-1	-1	-1	-1	-1	-1	-1	-1	-1	-1	-1	-1	-1	-1
NS18917D	2	-9	-1	-1	-1	-1	-1	-1	-1	-1	-1	-1	-1	-1	-1	-1	-1	-1	-1	-1	-1	-1	-1	-1	-1	-1
NS18919F	2	1	4	2019	1	4	1989	33	1	4	2019	1	1	-1	-1	-1	-1	-1	-1	-1	-1	-1	-1	-1	-1	-1
NS18924V	2	1	8	2015	2	4	1990	33	1	7	2021	1	1	-1	-1	-1	-1	-1	-1	-1	-1	-1	-1	-1	-1	-1
NS18925W	2	2	-1	-1	-1	-1	-1	-1	-1	-1	-1	-1	-1	-1	-1	-1	-1	-1	-1	-1	-1	-1	-1	-1	-1	-1
NS18926X	2	1	2	2018	2	2	1992	30	1	2	2018	1	1	-1	-1	-1	-1	-1	-1	-1	-1	-1	-1	-1	-1	-1
NS18927Y	1	-1	-1	-1	-1	-1	-1	-1	-1	-1	-1	1	1	-1	-1	-1	-1	-1	-1	-1	-1	-1	-1	-1	-1	-1
NS18931L	2	2	-1	-1	-1	-1	-1	-1	-1	-1	-1	-1	-1	-1	-1	-1	-1	-1	-1	-1	-1	-1	-1	-1	-1	-1
NS18932M	2	1	10	2016	1	2	1988	34	3	-1	-1	1	1	-1	-1	-1	-1	-1	-1	-1	-1	-1	-1	-1	-1	-1
NS18935Q	2	1	5	2016	1	5	1990	33	1	9	2021	1	1	-1	-1	-1	-1	-1	-1	-1	-1	-1	-1	-1	-1	-1
NS18938T	2	1	1	2017	2	9	1994	27	1	11	2019	2	-1	1	1	2	2	2	2	2	2	3	2020	1	3	2020
NS18938T	3	2	-1	-1	-1	-1	-1	-1	-1	-1	-1	-1	-1	-1	-1	-1	-1	-1	-1	-1	-1	-1	-1	-1	-1	-1
NS18945K	1	-1	-1	-1	-1	-1	-1	-1	3	-1	-1	2	-1	1	1	2	2	2	2	2	2	4	2017	-1	-1	-1
NS18945K	2	1	8	2018	1	3	1990	32	1	10	2019	1	1	-1	-1	-1	-1	-1	-1	-1	-1	-1	-1	-1	-1	-1
NS18948N	2	1	9	2019	1	7	1986	36	3	-1	-1	1	1	-1	-1	-1	-1	-1	-1	-1	-1	-1	-1	-1	-1	-1
NS18953C	2	2	-1	-1	-1	-1	-1	-1	-1	-1	-1	-1	-1	-1	-1	-1	-1	-1	-1	-1	-1	-1	-1	-1	-1	-1
NS18955E	1	-1	-1	-1	-1	-1	-1	-1	1	7	2021	1	1	-1	-1	-1	-1	-1	-1	-1	-1	-1	-1	-1	-1	-1
NS18956F	1	-1	-1	-1	-1	-1	-1	-1	-1	-1	-1	1	1	-1	-1	-1	-1	-1	-1	-1	-1	-1	-1	-1	-1	-1
NS18958H	2	2	-1	-1	-1	-1	-1	-1	-1	-1	-1	-1	-1	-1	-1	-1	-1	-1	-1	-1	-1	-1	-1	-1	-1	-1
NS18962W	2	1	9	2016	2	11	1989	32	1	8	2019	1	1	-1	-1	-1	-1	-1	-1	-1	-1	-1	-1	-1	-1	-1
NS18963X	2	1	10	2019	2	8	1992	30	1	8	2019	1	1	-1	-1	-1	-1	-1	-1	-1	-1	-1	-1	-1	-1	-1
NS18964Y	1	-1	-1	-1	-1	-1	-1	-1	-1	-1	-1	1	1	-1	-1	-1	-1	-1	-1	-1	-1	-1	-1	-1	-1	-1
NS18965Z	2	2	-1	-1	-1	-1	-1	-1	-1	-1	-1	-1	-1	-1	-1	-1	-1	-1	-1	-1	-1	-1	-1	-1	-1	-1
NS18966A	2	1	1	2016	1	6	1991	31	3	-1	-1	2	-1	1	1	2	2	2	2	2	2	2	2019	-1	-1	-1
NS18966A	3	1	6	2019	1	8	1986	36	3	-1	-1	2	-1	1	1	1	1	1	1	2	2	6	2022	-1	-1	-1
NS18966A	4	2	-1	-1	-1	-1	-1	-1	-1	-1	-1	-1	-1	-1	-1	-1	-1	-1	-1	-1	-1	-1	-1	-1	-1	-1
NS18970N	2	1	6	2015	2	2	1992	30	3	-1	-1	1	1	-1	-1	-1	-1	-1	-1	-1	-1	-1	-1	-1	-1	-1
NS18972Q	2	2	-1	-1	-1	-1	-1	-1	-1	-1	-1	-1	-1	-1	-1	-1	-1	-1	-1	-1	-1	-1	-1	-1	-1	-1
NS18974S	2	1	4	2017	1	1	1990	33	3	-1	-1	1	1	-1	-1	-1	-1	-1	-1	-1	-1	-1	-1	-1	-1	-1
NS18975T	2	1	8	2019	2	-9	1989	33	1	-9	2021	1	1	-1	-1	-1	-1	-1	-1	-1	-1	-1	-1	-1	-1	-1
NS18977W	1	-1	-1	-1	-1	-1	-1	-1	-1	-1	-1	1	1	-1	-1	-1	-1	-1	-1	-1	-1	-1	-1	-1	-1	-1
NS18980H	1	-1	-1	-1	-1	-1	-1	-1	-1	-1	-1	1	1	-1	-1	-1	-1	-1	-1	-1	-1	-1	-1	-1	-1	-1
NS18981J	2	2	-1	-1	-1	-1	-1	-1	-1	-1	-1	-1	-1	-1	-1	-1	-1	-1	-1	-1	-1	-1	-1	-1	-1	-1
NS18982K	1	-1	-1	-1	-1	-1	-1	-1	-1	-1	-1	1	1	-1	-1	-1	-1	-1	-1	-1	-1	-1	-1	-1	-1	-1
NS18985N	2	1	7	2017	2	9	1991	31	1	7	2017	1	1	-1	-1	-1	-1	-1	-1	-1	-1	-1	-1	-1	-1	-1
NS18986P	2	1	1	2017	2	3	1991	31	1	6	2022	1	1	-1	-1	-1	-1	-1	-1	-1	-1	-1	-1	-1	-1	-1
NS18987Q	2	2	-1	-1	-1	-1	-1	-1	-1	-1	-1	-1	-1	-1	-1	-1	-1	-1	-1	-1	-1	-1	-1	-1	-1	-1
NS18989S	2	1	2	2022	2	1	1997	25	3	-1	-1	1	1	-1	-1	-1	-1	-1	-1	-1	-1	-1	-1	-1	-1	-1
NS18991D	2	1	4	2020	2	7	1989	33	3	-1	-1	1	1	-1	-1	-1	-1	-1	-1	-1	-1	-1	-1	-1	-1	-1
NS18992E	2	2	-1	-1	-1	-1	-1	-1	-1	-1	-1	-1	-1	-1	-1	-1	-1	-1	-1	-1	-1	-1	-1	-1	-1	-1
NS18994G	2	1	3	2021	1	4	1990	32	3	-1	-1	2	-1	1	1	2	1	2	2	2	2	3	2023	-1	-1	-1
NS18994G	3	2	-1	-1	-1	-1	-1	-1	-1	-1	-1	-1	-1	-1	-1	-1	-1	-1	-1	-1	-1	-1	-1	-1	-1	-1
NS18996J	2	1	4	2020	2	9	1989	33	1	7	2021	1	1	-1	-1	-1	-1	-1	-1	-1	-1	-1	-1	-1	-1	-1
NS18997K	2	2	-1	-1	-1	-1	-1	-1	-1	-1	-1	-1	-1	-1	-1	-1	-1	-1	-1	-1	-1	-1	-1	-1	-1	-1
NS18998L	1	-1	-1	-1	-1	-1	-1	-1	-1	-1	-1	2	-1	2	-1	-1	-1	-1	-1	-1	-1	12	2019	1	12	2019
NS18998L	2	2	-1	-1	-1	-1	-1	-1	-1	-1	-1	-1	-1	-1	-1	-1	-1	-1	-1	-1	-1	-1	-1	-1	-1	-1
NS19000C	2	2	-1	-1	-1	-1	-1	-1	-1	-1	-1	-1	-1	-1	-1	-1	-1	-1	-1	-1	-1	-1	-1	-1	-1	-1
NS19003F	2	1	7	2019	2	11	1994	28	1	7	2019	1	1	-1	-1	-1	-1	-1	-1	-1	-1	-1	-1	-1	-1	-1
NS19004G	2	1	10	2020	1	11	1988	34	3	-1	-1	1	1	-1	-1	-1	-1	-1	-1	-1	-1	-1	-1	-1	-1	-1
NS19005H	2	2	-1	-1	-1	-1	-1	-1	-1	-1	-1	-1	-1	-1	-1	-1	-1	-1	-1	-1	-1	-1	-1	-1	-1	-1
NS19010X	1	-1	-1	-1	-1	-1	-1	-1	-1	-1	-1	1	1	-1	-1	-1	-1	-1	-1	-1	-1	-1	-1	-1	-1	-1
NS19013A	2	1	3	2020	1	1	1990	33	3	-1	-1	1	1	-1	-1	-1	-1	-1	-1	-1	-1	-1	-1	-1	-1	-1
NS19014B	2	1	5	2018	2	3	1989	33	1	9	2021	1	1	-1	-1	-1	-1	-1	-1	-1	-1	-1	-1	-1	-1	-1
NS19015C	2	1	7	2019	1	8	1989	33	1	4	2021	1	1	-1	-1	-1	-1	-1	-1	-1	-1	-1	-1	-1	-1	-1
NS19017E	1	-1	-1	-1	-1	-1	-1	-1	3	-1	-1	1	1	-1	-1	-1	-1	-1	-1	-1	-1	-1	-1	-1	-1	-1
NS19018F	1	-1	-1	-1	-1	-1	-1	-1	-1	-1	-1	1	1	-1	-1	-1	-1	-1	-1	-1	-1	-1	-1	-1	-1	-1
NS19019G	2	2	-1	-1	-1	-1	-1	-1	-1	-1	-1	-1	-1	-1	-1	-1	-1	-1	-1	-1	-1	-1	-1	-1	-1	-1
NS19021S	2	1	6	2016	2	1	1993	30	1	12	2020	1	1	-1	-1	-1	-1	-1	-1	-1	-1	-1	-1	-1	-1	-1
NS19023V	1	-1	-1	-1	-1	-1	-1	-1	1	6	2019	1	1	-1	-1	-1	-1	-1	-1	-1	-1	-1	-1	-1	-1	-1
NS19024W	1	-1	-1	-1	-1	-1	-1	-1	1	6	2018	1	1	-1	-1	-1	-1	-1	-1	-1	-1	-1	-1	-1	-1	-1
NS19026Y	2	1	12	2016	2	1	1991	32	1	12	2016	1	1	-1	-1	-1	-1	-1	-1	-1	-1	-1	-1	-1	-1	-1
NS19030L	2	2	-1	-1	-1	-1	-1	-1	-1	-1	-1	-1	-1	-1	-1	-1	-1	-1	-1	-1	-1	-1	-1	-1	-1	-1
NS19031M	2	1	9	2016	1	6	1972	50	1	11	2018	1	1	-1	-1	-1	-1	-1	-1	-1	-1	-1	-1	-1	-1	-1
NS19032N	2	1	5	2016	1	8	1986	36	3	-1	-1	2	-1	1	1	2	2	2	2	2	2	7	2021	-1	-1	-1
NS19032N	3	2	-1	-1	-1	-1	-1	-1	-1	-1	-1	-1	-1	-1	-1	-1	-1	-1	-1	-1	-1	-1	-1	-1	-1	-1
NS19035R	2	2	-1	-1	-1	-1	-1	-1	-1	-1	-1	-1	-1	-1	-1	-1	-1	-1	-1	-1	-1	-1	-1	-1	-1	-1
NS19036S	1	-1	-1	-1	-1	-1	-1	-1	3	-1	-1	1	1	-1	-1	-1	-1	-1	-1	-1	-1	-1	-1	-1	-1	-1
NS19037T	2	1	7	2016	1	6	1986	36	1	8	2021	1	1	-1	-1	-1	-1	-1	-1	-1	-1	-1	-1	-1	-1	-1
NS19038V	2	2	-1	-1	-1	-1	-1	-1	-1	-1	-1	-1	-1	-1	-1	-1	-1	-1	-1	-1	-1	-1	-1	-1	-1	-1
NS19039W	2	1	3	2017	1	3	1990	32	1	7	2021	1	1	-1	-1	-1	-1	-1	-1	-1	-1	-1	-1	-1	-1	-1
NS19040F	1	-1	-1	-1	-1	-1	-1	-1	3	-1	-1	1	1	-1	-1	-1	-1	-1	-1	-1	-1	-1	-1	-1	-1	-1
NS19041G	2	1	3	2019	1	8	1982	40	1	6	2021	1	1	-1	-1	-1	-1	-1	-1	-1	-1	-1	-1	-1	-1	-1
NS19043J	2	1	6	2016	1	6	1987	35	1	12	2018	1	1	-1	-1	-1	-1	-1	-1	-1	-1	-1	-1	-1	-1	-1
NS19044K	2	2	-1	-1	-1	-1	-1	-1	-1	-1	-1	-1	-1	-1	-1	-1	-1	-1	-1	-1	-1	-1	-1	-1	-1	-1
NS19045L	2	1	3	2017	1	3	1988	34	1	10	2021	1	1	-1	-1	-1	-1	-1	-1	-1	-1	-1	-1	-1	-1	-1
NS19046M	1	-1	-1	-1	-1	-1	-1	-1	-1	-1	-1	1	1	-1	-1	-1	-1	-1	-1	-1	-1	-1	-1	-1	-1	-1
NS19048P	2	2	-1	-1	-1	-1	-1	-1	-1	-1	-1	-1	-1	-1	-1	-1	-1	-1	-1	-1	-1	-1	-1	-1	-1	-1
NS19049Q	2	1	7	2021	2	9	1988	35	3	-1	-1	1	1	-1	-1	-1	-1	-1	-1	-1	-1	-1	-1	-1	-1	-1
NS19050A	1	-1	-1	-1	-1	-1	-1	-1	3	-1	-1	2	-1	1	2	2	2	2	1	2	2	2	2016	-1	-1	-1
NS19050A	2	1	6	2020	2	3	1992	31	3	-1	-1	2	-1	1	1	2	2	2	2	1	2	3	2023	-1	-1	-1
NS19050A	3	2	-1	-1	-1	-1	-1	-1	-1	-1	-1	-1	-1	-1	-1	-1	-1	-1	-1	-1	-1	-1	-1	-1	-1	-1
NS19053D	2	2	-1	-1	-1	-1	-1	-1	-1	-1	-1	-1	-1	-1	-1	-1	-1	-1	-1	-1	-1	-1	-1	-1	-1	-1
NS19054E	2	1	1	2017	2	6	1995	26	3	-1	-1	1	1	-1	-1	-1	-1	-1	-1	-1	-1	-1	-1	-1	-1	-1
NS19056G	1	-1	-1	-1	-1	-1	-1	-1	-1	-1	-1	1	1	-1	-1	-1	-1	-1	-1	-1	-1	-1	-1	-1	-1	-1
NS19059K	1	-1	-1	-1	-1	-1	-1	-1	1	8	2021	1	1	-1	-1	-1	-1	-1	-1	-1	-1	-1	-1	-1	-1	-1
NS19060V	2	1	7	2016	2	4	1991	31	1	5	2018	1	1	-1	-1	-1	-1	-1	-1	-1	-1	-1	-1	-1	-1	-1
NS19063Y	2	1	10	2017	1	7	1988	34	3	-1	-1	1	1	-1	-1	-1	-1	-1	-1	-1	-1	-1	-1	-1	-1	-1
NS19064Z	1	-1	-1	-1	-1	-1	-1	-1	1	10	2017	1	1	-1	-1	-1	-1	-1	-1	-1	-1	-1	-1	-1	-1	-1
NS19067C	2	1	3	2020	2	8	1989	32	3	-1	-1	1	1	-1	-1	-1	-1	-1	-1	-1	-1	-1	-1	-1	-1	-1
NS19068D	2	2	-1	-1	-1	-1	-1	-1	-1	-1	-1	-1	-1	-1	-1	-1	-1	-1	-1	-1	-1	-1	-1	-1	-1	-1
NS19071Q	2	1	10	2022	2	5	1993	29	1	4	2022	1	1	-1	-1	-1	-1	-1	-1	-1	-1	-1	-1	-1	-1	-1
NS19072R	2	1	8	2021	1	5	1990	32	3	-1	-1	1	1	-1	-1	-1	-1	-1	-1	-1	-1	-1	-1	-1	-1	-1
NS19073S	1	-1	-1	-1	-1	-1	-1	-1	3	-1	-1	2	-1	1	2	2	2	1	2	2	2	3	2016	-1	-1	-1
NS19073S	2	1	6	2017	1	12	1994	28	3	-1	-1	2	-1	1	2	2	2	1	2	2	2	10	2018	-1	-1	-1
NS19073S	3	2	-1	-1	-1	-1	-1	-1	-1	-1	-1	-1	-1	-1	-1	-1	-1	-1	-1	-1	-1	-1	-1	-1	-1	-1
NS19074T	1	-1	-1	-1	-1	-1	-1	-1	3	-1	-1	2	-1	1	1	2	2	2	2	2	2	8	2019	-1	-1	-1
NS19074T	2	1	8	2021	2	6	1993	29	3	-1	-1	1	1	-1	-1	-1	-1	-1	-1	-1	-1	-1	-1	-1	-1	-1
NS19075V	2	1	12	2021	1	6	1986	36	3	-1	-1	1	1	-1	-1	-1	-1	-1	-1	-1	-1	-1	-1	-1	-1	-1
NS19080J	2	1	5	2017	1	7	1986	36	1	7	2021	1	1	-1	-1	-1	-1	-1	-1	-1	-1	-1	-1	-1	-1	-1
NS19082L	2	2	-1	-1	-1	-1	-1	-1	-1	-1	-1	-1	-1	-1	-1	-1	-1	-1	-1	-1	-1	-1	-1	-1	-1	-1
NS19083M	2	2	-1	-1	-1	-1	-1	-1	-1	-1	-1	-1	-1	-1	-1	-1	-1	-1	-1	-1	-1	-1	-1	-1	-1	-1
NS19085P	2	2	-1	-1	-1	-1	-1	-1	-1	-1	-1	-1	-1	-1	-1	-1	-1	-1	-1	-1	-1	-1	-1	-1	-1	-1
NS19086Q	2	1	9	2016	2	6	1991	31	1	5	2022	1	1	-1	-1	-1	-1	-1	-1	-1	-1	-1	-1	-1	-1	-1
NS19087R	2	1	10	2016	2	6	1993	28	3	-1	-1	1	1	-1	-1	-1	-1	-1	-1	-1	-1	-1	-1	-1	-1	-1
NS19092F	2	1	6	2016	1	8	1986	36	3	-1	-1	2	-1	1	1	1	1	2	2	2	2	10	2022	-1	-1	-1
NS19092F	3	2	-1	-1	-1	-1	-1	-1	-1	-1	-1	-1	-1	-1	-1	-1	-1	-1	-1	-1	-1	-1	-1	-1	-1	-1
NS19096K	1	-1	-1	-1	-1	-1	-1	-1	3	-1	-1	1	1	-1	-1	-1	-1	-1	-1	-1	-1	-1	-1	-1	-1	-1
NS19098M	2	1	1	2014	1	9	1985	37	1	7	2018	1	1	-1	-1	-1	-1	-1	-1	-1	-1	-1	-1	-1	-1	-1
NS19099N	2	1	8	2018	1	3	1991	31	3	-1	-1	1	1	-1	-1	-1	-1	-1	-1	-1	-1	-1	-1	-1	-1	-1
NS19101F	2	1	4	2015	2	-9	-9	-9	3	-1	-1	1	2	-1	-1	-1	-1	-1	-1	-1	-1	-9	-9	-1	-1	-1
NS19101F	3	1	-9	-9	2	-9	-9	-9	3	-1	-1	1	1	-1	-1	-1	-1	-1	-1	-1	-1	-1	-1	-1	-1	-1
NS19102G	1	-1	-1	-1	-1	-1	-1	-1	1	6	2017	1	1	-1	-1	-1	-1	-1	-1	-1	-1	-1	-1	-1	-1	-1
NS19104J	1	-1	-1	-1	-1	-1	-1	-1	-1	-1	-1	1	1	-1	-1	-1	-1	-1	-1	-1	-1	-1	-1	-1	-1	-1
NS19105K	2	2	-1	-1	-1	-1	-1	-1	-1	-1	-1	-1	-1	-1	-1	-1	-1	-1	-1	-1	-1	-1	-1	-1	-1	-1
NS19106L	1	-1	-1	-1	-1	-1	-1	-1	3	-1	-1	2	-1	1	1	2	2	2	2	2	2	12	2019	-1	-1	-1
NS19106L	2	2	-1	-1	-1	-1	-1	-1	-1	-1	-1	-1	-1	-1	-1	-1	-1	-1	-1	-1	-1	-1	-1	-1	-1	-1
NS19107M	2	1	8	2018	2	2	1992	30	1	8	2018	1	1	-1	-1	-1	-1	-1	-1	-1	-1	-1	-1	-1	-1	-1
NS19109P	2	1	1	2016	1	2	1990	32	1	4	2018	2	-1	1	1	2	2	2	2	2	2	3	2021	1	9	2021
NS19109P	3	2	-1	-1	-1	-1	-1	-1	-1	-1	-1	-1	-1	-1	-1	-1	-1	-1	-1	-1	-1	-1	-1	-1	-1	-1
NS19110Z	1	-1	-1	-1	-1	-1	-1	-1	3	-1	-1	1	1	-1	-1	-1	-1	-1	-1	-1	-1	-1	-1	-1	-1	-1
NS19113C	2	1	7	2017	1	10	1986	36	1	7	2017	1	1	-1	-1	-1	-1	-1	-1	-1	-1	-1	-1	-1	-1	-1
NS19114D	1	-1	-1	-1	-1	-1	-1	-1	-1	-1	-1	1	1	-1	-1	-1	-1	-1	-1	-1	-1	-1	-1	-1	-1	-1
NS19116F	2	1	7	2018	2	8	1989	33	1	7	2018	1	1	-1	-1	-1	-1	-1	-1	-1	-1	-1	-1	-1	-1	-1
NS19118H	1	-1	-1	-1	-1	-1	-1	-1	2	3	2018	1	1	-1	-1	-1	-1	-1	-1	-1	-1	-1	-1	-1	-1	-1
NS19120T	2	1	6	2016	1	3	1986	36	3	-1	-1	1	1	-1	-1	-1	-1	-1	-1	-1	-1	-1	-1	-1	-1	-1
NS19121V	2	1	9	2016	2	2	1992	30	3	-1	-1	2	-1	1	1	2	1	2	2	2	2	4	2022	-1	-1	-1
NS19121V	3	2	-1	-1	-1	-1	-1	-1	-1	-1	-1	-1	-1	-1	-1	-1	-1	-1	-1	-1	-1	-1	-1	-1	-1	-1
NS19123X	2	2	-1	-1	-1	-1	-1	-1	-1	-1	-1	-1	-1	-1	-1	-1	-1	-1	-1	-1	-1	-1	-1	-1	-1	-1
NS19127B	2	2	-1	-1	-1	-1	-1	-1	-1	-1	-1	-1	-1	-1	-1	-1	-1	-1	-1	-1	-1	-1	-1	-1	-1	-1
NS19129D	2	2	-1	-1	-1	-1	-1	-1	-1	-1	-1	-1	-1	-1	-1	-1	-1	-1	-1	-1	-1	-1	-1	-1	-1	-1
NS19131P	2	1	6	2020	1	5	1985	37	3	-1	-1	1	1	-1	-1	-1	-1	-1	-1	-1	-1	-1	-1	-1	-1	-1
NS19132Q	2	1	3	2013	1	10	1988	34	1	9	2010	2	-1	1	1	2	2	2	2	2	2	11	2014	2	-1	-1
NS19132Q	3	2	-1	-1	-1	-1	-1	-1	-1	-1	-1	-1	-1	-1	-1	-1	-1	-1	-1	-1	-1	-1	-1	-1	-1	-1
NS19135T	2	1	8	2016	1	10	1990	32	1	7	2021	1	1	-1	-1	-1	-1	-1	-1	-1	-1	-1	-1	-1	-1	-1
NS19140H	1	-1	-1	-1	-1	-1	-1	-1	-1	-1	-1	1	1	-1	-1	-1	-1	-1	-1	-1	-1	-1	-1	-1	-1	-1
NS19141J	2	2	-1	-1	-1	-1	-1	-1	-1	-1	-1	-1	-1	-1	-1	-1	-1	-1	-1	-1	-1	-1	-1	-1	-1	-1
NS19143L	2	1	6	2016	1	9	1986	36	3	-1	-1	1	1	-1	-1	-1	-1	-1	-1	-1	-1	-1	-1	-1	-1	-1
NS19146P	2	2	-1	-1	-1	-1	-1	-1	-1	-1	-1	-1	-1	-1	-1	-1	-1	-1	-1	-1	-1	-1	-1	-1	-1	-1
NS19149S	2	1	9	2018	2	3	1994	28	1	8	2020	1	1	-1	-1	-1	-1	-1	-1	-1	-1	-1	-1	-1	-1	-1
NS19150C	2	1	2	2018	1	2	1988	34	3	-1	-1	1	1	-1	-1	-1	-1	-1	-1	-1	-1	-1	-1	-1	-1	-1
NS19153F	2	1	5	2020	2	7	1996	26	3	-1	-1	1	1	-1	-1	-1	-1	-1	-1	-1	-1	-1	-1	-1	-1	-1
NS19155H	2	2	-1	-1	-1	-1	-1	-1	-1	-1	-1	-1	-1	-1	-1	-1	-1	-1	-1	-1	-1	-1	-1	-1	-1	-1
NS19157K	1	-1	-1	-1	-1	-1	-1	-1	1	9	2016	1	1	-1	-1	-1	-1	-1	-1	-1	-1	-1	-1	-1	-1	-1
NS19159M	1	-1	-1	-1	-1	-1	-1	-1	-1	-1	-1	1	1	-1	-1	-1	-1	-1	-1	-1	-1	-1	-1	-1	-1	-1
NS19160X	2	2	-1	-1	-1	-1	-1	-1	-1	-1	-1	-1	-1	-1	-1	-1	-1	-1	-1	-1	-1	-1	-1	-1	-1	-1
NS19164B	1	-1	-1	-1	-1	-1	-1	-1	-1	-1	-1	1	1	-1	-1	-1	-1	-1	-1	-1	-1	-1	-1	-1	-1	-1
NS19166D	1	-1	-1	-1	-1	-1	-1	-1	-1	-1	-1	1	1	-1	-1	-1	-1	-1	-1	-1	-1	-1	-1	-1	-1	-1
NS19167E	2	2	-1	-1	-1	-1	-1	-1	-1	-1	-1	-1	-1	-1	-1	-1	-1	-1	-1	-1	-1	-1	-1	-1	-1	-1
NS19171S	2	1	6	2019	2	1	1991	32	3	-1	-1	1	1	-1	-1	-1	-1	-1	-1	-1	-1	-1	-1	-1	-1	-1
NS19173V	1	-1	-1	-1	-1	-1	-1	-1	1	6	2019	1	1	-1	-1	-1	-1	-1	-1	-1	-1	-1	-1	-1	-1	-1
NS19177Z	2	2	-1	-1	-1	-1	-1	-1	-1	-1	-1	-1	-1	-1	-1	-1	-1	-1	-1	-1	-1	-1	-1	-1	-1	-1
NS19179B	2	1	9	2018	2	6	1990	32	3	-1	-1	1	1	-1	-1	-1	-1	-1	-1	-1	-1	-1	-1	-1	-1	-1
NS19180L	2	1	12	2018	1	10	1983	39	3	-1	-1	1	1	-1	-1	-1	-1	-1	-1	-1	-1	-1	-1	-1	-1	-1
NS19182N	2	1	3	2020	1	12	1990	31	3	-1	-1	1	1	-1	-1	-1	-1	-1	-1	-1	-1	-1	-1	-1	-1	-1
NS19184Q	2	2	-1	-1	-1	-1	-1	-1	-1	-1	-1	-1	-1	-1	-1	-1	-1	-1	-1	-1	-1	-1	-1	-1	-1	-1
NS19186S	2	2	-1	-1	-1	-1	-1	-1	-1	-1	-1	-1	-1	-1	-1	-1	-1	-1	-1	-1	-1	-1	-1	-1	-1	-1
NS19188V	2	1	3	2022	1	6	1992	31	1	9	2023	1	1	-1	-1	-1	-1	-1	-1	-1	-1	-1	-1	-1	-1	-1
NS19191G	2	2	-1	-1	-1	-1	-1	-1	-1	-1	-1	-1	-1	-1	-1	-1	-1	-1	-1	-1	-1	-1	-1	-1	-1	-1
NS19193J	2	1	9	2018	1	7	1988	34	1	9	2018	1	1	-1	-1	-1	-1	-1	-1	-1	-1	-1	-1	-1	-1	-1
NS19194K	2	1	-8	-8	2	-8	-8	-9	3	-1	-1	1	1	-1	-1	-1	-1	-1	-1	-1	-1	-1	-1	-1	-1	-1
NS19196M	1	-1	-1	-1	-1	-1	-1	-1	3	-1	-1	1	1	-1	-1	-1	-1	-1	-1	-1	-1	-1	-1	-1	-1	-1
NS19198P	1	-1	-1	-1	-1	-1	-1	-1	3	-1	-1	1	1	-1	-1	-1	-1	-1	-1	-1	-1	-1	-1	-1	-1	-1
NS19200G	2	2	-1	-1	-1	-1	-1	-1	-1	-1	-1	-1	-1	-1	-1	-1	-1	-1	-1	-1	-1	-1	-1	-1	-1	-1
NS19204L	2	1	3	2019	2	4	1992	30	3	-1	-1	1	1	-1	-1	-1	-1	-1	-1	-1	-1	-1	-1	-1	-1	-1
NS19205M	2	1	9	2016	2	8	1988	34	3	-1	-1	1	1	-1	-1	-1	-1	-1	-1	-1	-1	-1	-1	-1	-1	-1
NS19206N	2	1	10	2017	1	8	1992	29	1	4	2017	1	1	-1	-1	-1	-1	-1	-1	-1	-1	-1	-1	-1	-1	-1
NS19209R	1	-1	-1	-1	-1	-1	-1	-1	1	9	2017	1	1	-1	-1	-1	-1	-1	-1	-1	-1	-1	-1	-1	-1	-1
NS19210B	2	1	3	2016	2	12	1992	30	3	-1	-1	1	1	-1	-1	-1	-1	-1	-1	-1	-1	-1	-1	-1	-1	-1
NS19213E	2	2	-1	-1	-1	-1	-1	-1	-1	-1	-1	-1	-1	-1	-1	-1	-1	-1	-1	-1	-1	-1	-1	-1	-1	-1
NS19214F	2	1	6	2019	1	-9	-9	26	3	-1	-1	2	-1	1	2	2	2	2	2	2	1	7	2022	-1	-1	-1
NS19214F	3	2	-1	-1	-1	-1	-1	-1	-1	-1	-1	-1	-1	-1	-1	-1	-1	-1	-1	-1	-1	-1	-1	-1	-1	-1
NS19215G	1	-1	-1	-1	-1	-1	-1	-1	1	9	2020	1	1	-1	-1	-1	-1	-1	-1	-1	-1	-1	-1	-1	-1	-1
NS19217J	2	1	9	2021	2	12	1988	33	3	-1	-1	1	1	-1	-1	-1	-1	-1	-1	-1	-1	-1	-1	-1	-1	-1
NS19221X	1	-1	-1	-1	-1	-1	-1	-1	3	-1	-1	2	-1	1	1	2	2	2	2	2	2	6	2018	-1	-1	-1
NS19221X	2	1	2	2020	1	11	1987	35	3	-1	-1	1	1	-1	-1	-1	-1	-1	-1	-1	-1	-1	-1	-1	-1	-1
NS19224A	2	2	-1	-1	-1	-1	-1	-1	-1	-1	-1	-1	-1	-1	-1	-1	-1	-1	-1	-1	-1	-1	-1	-1	-1	-1
NS19228E	2	2	-1	-1	-1	-1	-1	-1	-1	-1	-1	-1	-1	-1	-1	-1	-1	-1	-1	-1	-1	-1	-1	-1	-1	-1
NS19230Q	2	1	4	2018	1	7	1991	31	3	-1	-1	1	1	-1	-1	-1	-1	-1	-1	-1	-1	-1	-1	-1	-1	-1
NS19231R	2	1	2	2016	1	3	1990	32	1	2	2016	2	-1	1	2	2	2	1	1	2	2	4	2020	1	5	2022
NS19231R	3	2	-1	-1	-1	-1	-1	-1	-1	-1	-1	-1	-1	-1	-1	-1	-1	-1	-1	-1	-1	-1	-1	-1	-1	-1
NS19232S	1	-1	-1	-1	-1	-1	-1	-1	1	6	2017	1	1	-1	-1	-1	-1	-1	-1	-1	-1	-1	-1	-1	-1	-1
NS19236X	2	2	-1	-1	-1	-1	-1	-1	-1	-1	-1	-1	-1	-1	-1	-1	-1	-1	-1	-1	-1	-1	-1	-1	-1	-1
NS19239A	1	-1	-1	-1	-1	-1	-1	-1	3	-1	-1	2	-1	1	1	2	2	2	2	2	2	8	2017	-1	-1	-1
NS19239A	2	2	-1	-1	-1	-1	-1	-1	-1	-1	-1	-1	-1	-1	-1	-1	-1	-1	-1	-1	-1	-1	-1	-1	-1	-1
NS19244P	2	1	4	2020	1	1	1992	31	3	-1	-1	2	-1	1	1	2	2	2	2	2	2	7	2020	-1	-1	-1
NS19244P	3	2	-1	-1	-1	-1	-1	-1	-1	-1	-1	-1	-1	-1	-1	-1	-1	-1	-1	-1	-1	-1	-1	-1	-1	-1
NS19245Q	2	1	7	2018	2	9	1988	34	1	10	2020	1	1	-1	-1	-1	-1	-1	-1	-1	-1	-1	-1	-1	-1	-1
NS19246R	1	-1	-1	-1	-1	-1	-1	-1	3	-1	-1	2	-1	1	1	2	2	2	2	2	2	11	2017	-1	-1	-1
NS19246R	2	1	12	2018	1	5	1992	30	3	-1	-1	1	1	-1	-1	-1	-1	-1	-1	-1	-1	-1	-1	-1	-1	-1
NS19249V	2	1	1	2018	2	10	1989	33	1	9	2019	1	1	-1	-1	-1	-1	-1	-1	-1	-1	-1	-1	-1	-1	-1
NS19251F	2	1	2	2018	1	4	1991	31	3	-1	-1	1	1	-1	-1	-1	-1	-1	-1	-1	-1	-1	-1	-1	-1	-1
NS19252G	2	1	5	2018	2	12	1989	33	3	-1	-1	2	-1	1	1	2	1	2	2	2	2	10	2021	-1	-1	-1
NS19252G	3	2	-1	-1	-1	-1	-1	-1	-1	-1	-1	-1	-1	-1	-1	-1	-1	-1	-1	-1	-1	-1	-1	-1	-1	-1
NS19254J	2	1	11	2018	2	3	1995	27	1	12	2017	1	1	-1	-1	-1	-1	-1	-1	-1	-1	-1	-1	-1	-1	-1
NS19255K	2	1	11	2019	1	-9	-9	-9	3	-1	-1	2	-1	2	-1	-1	-1	-1	-1	-1	-1	12	2021	-1	-1	-1
NS19255K	3	2	-1	-1	-1	-1	-1	-1	-1	-1	-1	-1	-1	-1	-1	-1	-1	-1	-1	-1	-1	-1	-1	-1	-1	-1
NS19257M	2	2	-1	-1	-1	-1	-1	-1	-1	-1	-1	-1	-1	-1	-1	-1	-1	-1	-1	-1	-1	-1	-1	-1	-1	-1
NS19260Z	2	2	-1	-1	-1	-1	-1	-1	-1	-1	-1	-1	-1	-1	-1	-1	-1	-1	-1	-1	-1	-1	-1	-1	-1	-1
NS19262B	2	2	-1	-1	-1	-1	-1	-1	-1	-1	-1	-1	-1	-1	-1	-1	-1	-1	-1	-1	-1	-1	-1	-1	-1	-1
NS19264D	1	-1	-1	-1	-1	-1	-1	-1	1	8	2019	1	1	-1	-1	-1	-1	-1	-1	-1	-1	-1	-1	-1	-1	-1
NS19265E	2	2	-1	-1	-1	-1	-1	-1	-1	-1	-1	-1	-1	-1	-1	-1	-1	-1	-1	-1	-1	-1	-1	-1	-1	-1
NS19267G	1	-1	-1	-1	-1	-1	-1	-1	3	-1	-1	2	-1	1	1	2	2	2	2	2	2	4	2017	-1	-1	-1
NS19267G	2	1	11	2017	1	6	1986	36	3	-1	-1	1	1	-1	-1	-1	-1	-1	-1	-1	-1	-1	-1	-1	-1	-1
NS19268H	1	-1	-1	-1	-1	-1	-1	-1	-1	-1	-1	1	1	-1	-1	-1	-1	-1	-1	-1	-1	-1	-1	-1	-1	-1
NS19269J	2	2	-1	-1	-1	-1	-1	-1	-1	-1	-1	-1	-1	-1	-1	-1	-1	-1	-1	-1	-1	-1	-1	-1	-1	-1
NS19271V	2	1	12	2016	2	4	1990	32	1	12	2016	1	1	-1	-1	-1	-1	-1	-1	-1	-1	-1	-1	-1	-1	-1
NS19281P	2	2	-1	-1	-1	-1	-1	-1	-1	-1	-1	-1	-1	-1	-1	-1	-1	-1	-1	-1	-1	-1	-1	-1	-1	-1
NS19288X	1	-1	-1	-1	-1	-1	-1	-1	-1	-1	-1	1	1	-1	-1	-1	-1	-1	-1	-1	-1	-1	-1	-1	-1	-1
NS19289Y	2	1	5	2010	1	9	1989	33	1	7	2018	1	1	-1	-1	-1	-1	-1	-1	-1	-1	-1	-1	-1	-1	-1
NS19291J	1	-1	-1	-1	-1	-1	-1	-1	-1	-1	-1	1	1	-1	-1	-1	-1	-1	-1	-1	-1	-1	-1	-1	-1	-1
NS19293L	2	2	-1	-1	-1	-1	-1	-1	-1	-1	-1	-1	-1	-1	-1	-1	-1	-1	-1	-1	-1	-1	-1	-1	-1	-1
NS19294M	2	1	6	2018	2	4	1992	30	3	-1	-1	2	-1	1	1	2	2	2	2	2	2	2	2019	-1	-1	-1
NS19294M	3	1	4	2019	2	8	1988	34	1	11	2021	1	1	-1	-1	-1	-1	-1	-1	-1	-1	-1	-1	-1	-1	-1
NS19295N	2	1	5	2016	2	9	1993	29	3	-1	-1	1	1	-1	-1	-1	-1	-1	-1	-1	-1	-1	-1	-1	-1	-1
NS19297Q	2	2	-1	-1	-1	-1	-1	-1	-1	-1	-1	-1	-1	-1	-1	-1	-1	-1	-1	-1	-1	-1	-1	-1	-1	-1
NS19298R	2	1	2	2019	1	2	1968	54	1	10	2019	1	1	-1	-1	-1	-1	-1	-1	-1	-1	-1	-1	-1	-1	-1
NS19299S	2	2	-1	-1	-1	-1	-1	-1	-1	-1	-1	-1	-1	-1	-1	-1	-1	-1	-1	-1	-1	-1	-1	-1	-1	-1
NS19300J	2	1	4	2016	2	5	1988	34	1	1	2021	1	1	-1	-1	-1	-1	-1	-1	-1	-1	-1	-1	-1	-1	-1
NS19302L	2	1	12	2018	2	8	1994	27	3	-1	-1	2	-1	2	-1	-1	-1	-1	-1	-1	-1	3	2019	-1	-1	-1
NS19302L	3	2	-1	-1	-1	-1	-1	-1	-1	-1	-1	-1	-1	-1	-1	-1	-1	-1	-1	-1	-1	-1	-1	-1	-1	-1
NS19304N	1	-1	-1	-1	-1	-1	-1	-1	1	7	2016	2	-1	1	1	2	2	2	2	2	2	6	2020	2	-1	-1
NS19304N	2	2	-1	-1	-1	-1	-1	-1	-1	-1	-1	-1	-1	-1	-1	-1	-1	-1	-1	-1	-1	-1	-1	-1	-1	-1
NS19309T	2	2	-1	-1	-1	-1	-1	-1	-1	-1	-1	-1	-1	-1	-1	-1	-1	-1	-1	-1	-1	-1	-1	-1	-1	-1
NS19310D	1	-1	-1	-1	-1	-1	-1	-1	1	10	2016	1	1	-1	-1	-1	-1	-1	-1	-1	-1	-1	-1	-1	-1	-1
NS19312F	2	2	-1	-1	-1	-1	-1	-1	-1	-1	-1	-1	-1	-1	-1	-1	-1	-1	-1	-1	-1	-1	-1	-1	-1	-1
NS19313G	1	-1	-1	-1	-1	-1	-1	-1	3	-1	-1	1	1	-1	-1	-1	-1	-1	-1	-1	-1	-1	-1	-1	-1	-1
NS19314H	2	1	9	2021	2	11	1989	33	3	-1	-1	1	1	-1	-1	-1	-1	-1	-1	-1	-1	-1	-1	-1	-1	-1
NS19315J	2	2	-1	-1	-1	-1	-1	-1	-1	-1	-1	-1	-1	-1	-1	-1	-1	-1	-1	-1	-1	-1	-1	-1	-1	-1
NS19317L	1	-1	-1	-1	-1	-1	-1	-1	-1	-1	-1	1	1	-1	-1	-1	-1	-1	-1	-1	-1	-1	-1	-1	-1	-1
NS19319N	2	1	9	2018	2	3	1990	32	3	-1	-1	1	1	-1	-1	-1	-1	-1	-1	-1	-1	-1	-1	-1	-1	-1
NS19320Y	2	1	11	2017	2	10	1996	26	1	10	2017	1	1	-1	-1	-1	-1	-1	-1	-1	-1	-1	-1	-1	-1	-1
NS19325D	2	1	11	2022	1	10	1984	38	3	-1	-1	1	1	-1	-1	-1	-1	-1	-1	-1	-1	-1	-1	-1	-1	-1
NS19328G	2	1	10	2010	1	12	1979	43	1	5	2018	1	1	-1	-1	-1	-1	-1	-1	-1	-1	-1	-1	-1	-1	-1
NS19329H	2	1	1	2016	1	2	1991	31	1	2	2020	1	1	-1	-1	-1	-1	-1	-1	-1	-1	1	2019	-1	-1	-1
NS19331T	2	1	10	2017	1	1	1987	35	3	-1	-1	1	1	-1	-1	-1	-1	-1	-1	-1	-1	-1	-1	-1	-1	-1
NS19333W	2	1	6	2020	1	12	1981	41	2	1	2019	1	1	-1	-1	-1	-1	-1	-1	-1	-1	-1	-1	-1	-1	-1
NS19334X	2	1	1	2017	1	5	1991	31	3	-1	-1	2	-1	1	2	2	2	2	1	2	2	2	2023	-1	-1	-1
NS19334X	3	2	-1	-1	-1	-1	-1	-1	-1	-1	-1	-1	-1	-1	-1	-1	-1	-1	-1	-1	-1	-1	-1	-1	-1	-1
NS19339C	2	1	5	2009	1	5	1992	30	3	-1	-1	1	1	-1	-1	-1	-1	-1	-1	-1	-1	-1	-1	-1	-1	-1
NS19341N	2	2	-1	-1	-1	-1	-1	-1	-1	-1	-1	-1	-1	-1	-1	-1	-1	-1	-1	-1	-1	-1	-1	-1	-1	-1
NS19342P	1	-1	-1	-1	-1	-1	-1	-1	1	8	2019	1	1	-1	-1	-1	-1	-1	-1	-1	-1	-1	-1	-1	-1	-1
NS19343Q	2	2	-1	-1	-1	-1	-1	-1	-1	-1	-1	-1	-1	-1	-1	-1	-1	-1	-1	-1	-1	-1	-1	-1	-1	-1
NS19345S	2	2	-1	-1	-1	-1	-1	-1	-1	-1	-1	-1	-1	-1	-1	-1	-1	-1	-1	-1	-1	-1	-1	-1	-1	-1
NS19346T	2	1	12	2016	2	-9	-9	-9	3	-1	-1	1	1	-1	-1	-1	-1	-1	-1	-1	-1	-1	-1	-1	-1	-1
NS19347V	1	-1	-1	-1	-1	-1	-1	-1	1	6	2019	1	1	-1	-1	-1	-1	-1	-1	-1	-1	-1	-1	-1	-1	-1
NS19348W	2	2	-1	-1	-1	-1	-1	-1	-1	-1	-1	-1	-1	-1	-1	-1	-1	-1	-1	-1	-1	-1	-1	-1	-1	-1
NS19350G	1	-1	-1	-1	-1	-1	-1	-1	1	10	2022	1	1	-1	-1	-1	-1	-1	-1	-1	-1	-1	-1	-1	-1	-1
NS19354L	2	1	4	2018	1	2	1990	32	1	4	2018	1	1	-1	-1	-1	-1	-1	-1	-1	-1	-1	-1	-1	-1	-1
NS19357P	2	1	10	2014	2	11	1991	30	3	-1	-1	1	1	-1	-1	-1	-1	-1	-1	-1	-1	-1	-1	-1	-1	-1
NS19360B	2	1	3	2020	1	2	1990	32	1	6	2021	1	1	-1	-1	-1	-1	-1	-1	-1	-1	-1	-1	-1	-1	-1
NS19363E	1	-1	-1	-1	-1	-1	-1	-1	1	4	2018	1	1	-1	-1	-1	-1	-1	-1	-1	-1	-1	-1	-1	-1	-1
NS19369L	2	1	10	2020	1	7	1991	31	2	8	2021	1	1	-1	-1	-1	-1	-1	-1	-1	-1	-1	-1	-1	-1	-1
NS19370W	2	1	6	2008	2	5	1993	29	3	-1	-1	2	-1	1	1	2	2	2	2	2	2	9	2022	-1	-1	-1
NS19370W	3	1	2	2023	2	5	1994	28	3	-1	-1	1	1	-1	-1	-1	-1	-1	-1	-1	-1	-1	-1	-1	-1	-1
NS19372Y	1	-1	-1	-1	-1	-1	-1	-1	-1	-1	-1	1	1	-1	-1	-1	-1	-1	-1	-1	-1	-1	-1	-1	-1	-1
NS19375B	2	1	7	2018	2	3	1993	29	3	-1	-1	1	1	-1	-1	-1	-1	-1	-1	-1	-1	-1	-1	-1	-1	-1
NS19376C	2	1	10	2020	2	4	1994	28	1	5	2022	1	1	-1	-1	-1	-1	-1	-1	-1	-1	-1	-1	-1	-1	-1
NS19378E	2	1	4	2021	2	7	1989	32	1	4	2021	1	1	-1	-1	-1	-1	-1	-1	-1	-1	-1	-1	-1	-1	-1
NS19383T	1	-1	-1	-1	-1	-1	-1	-1	-1	-1	-1	1	1	-1	-1	-1	-1	-1	-1	-1	-1	-1	-1	-1	-1	-1
NS19388Z	2	1	9	2012	2	4	1990	32	3	-1	-1	1	1	-1	-1	-1	-1	-1	-1	-1	-1	-1	-1	-1	-1	-1
NS19389A	2	1	12	2016	1	-9	1984	38	2	1	2021	1	1	-1	-1	-1	-1	-1	-1	-1	-1	-1	-1	-1	-1	-1
NS19394P	1	-1	-1	-1	-1	-1	-1	-1	3	-1	-1	1	1	-1	-1	-1	-1	-1	-1	-1	-1	-1	-1	-1	-1	-1
NS19395Q	2	1	10	2018	2	8	1985	36	3	-1	-1	1	1	-1	-1	-1	-1	-1	-1	-1	-1	-1	-1	-1	-1	-1
NS19396R	1	-1	-1	-1	-1	-1	-1	-1	3	-1	-1	1	1	-1	-1	-1	-1	-1	-1	-1	-1	-1	-1	-1	-1	-1
NS19400L	1	-1	-1	-1	-1	-1	-1	-1	1	10	2019	1	1	-1	-1	-1	-1	-1	-1	-1	-1	-1	-1	-1	-1	-1
NS19402N	2	1	6	2009	1	11	1982	40	1	11	2010	2	-1	1	1	2	2	2	2	2	2	10	2016	1	3	2021
NS19402N	3	1	9	2018	1	11	1989	33	3	-1	-1	1	1	-1	-1	-1	-1	-1	-1	-1	-1	-1	-1	-1	-1	-1
NS19403P	2	2	-1	-1	-1	-1	-1	-1	-1	-1	-1	-1	-1	-1	-1	-1	-1	-1	-1	-1	-1	-1	-1	-1	-1	-1
NS19404Q	2	2	-1	-1	-1	-1	-1	-1	-1	-1	-1	-1	-1	-1	-1	-1	-1	-1	-1	-1	-1	-1	-1	-1	-1	-1
NS19408V	1	-1	-1	-1	-1	-1	-1	-1	3	-1	-1	2	-1	2	-1	-1	-1	-1	-1	-1	-1	1	2022	-1	-1	-1
NS19408V	2	2	-1	-1	-1	-1	-1	-1	-1	-1	-1	-1	-1	-1	-1	-1	-1	-1	-1	-1	-1	-1	-1	-1	-1	-1
NS19412H	1	-1	-1	-1	-1	-1	-1	-1	1	12	2018	1	1	-1	-1	-1	-1	-1	-1	-1	-1	-1	-1	-1	-1	-1
NS19417N	2	1	8	2016	2	11	1992	30	1	2	2020	1	1	-1	-1	-1	-1	-1	-1	-1	-1	-1	-1	-1	-1	-1
NS19419Q	2	2	-1	-1	-1	-1	-1	-1	-1	-1	-1	-1	-1	-1	-1	-1	-1	-1	-1	-1	-1	-1	-1	-1	-1	-1
NS19420A	1	-1	-1	-1	-1	-1	-1	-1	-1	-1	-1	2	-1	1	2	2	2	1	1	2	2	8	2016	1	10	2016
NS19420A	2	2	-1	-1	-1	-1	-1	-1	-1	-1	-1	-1	-1	-1	-1	-1	-1	-1	-1	-1	-1	-1	-1	-1	-1	-1
NS19422C	2	1	1	2022	1	4	1993	29	1	2	2022	1	1	-1	-1	-1	-1	-1	-1	-1	-1	-1	-1	-1	-1	-1
NS19424E	2	1	1	2023	1	2	1993	29	3	-1	-1	1	1	-1	-1	-1	-1	-1	-1	-1	-1	-1	-1	-1	-1	-1
NS19425F	1	-1	-1	-1	-1	-1	-1	-1	-1	-1	-1	1	1	-1	-1	-1	-1	-1	-1	-1	-1	-1	-1	-1	-1	-1
NS19426G	2	1	3	2018	2	3	1990	32	3	-1	-1	1	1	-1	-1	-1	-1	-1	-1	-1	-1	-1	-1	-1	-1	-1
NS19432X	2	2	-1	-1	-1	-1	-1	-1	-1	-1	-1	-1	-1	-1	-1	-1	-1	-1	-1	-1	-1	-1	-1	-1	-1	-1
NS19435A	1	-1	-1	-1	-1	-1	-1	-1	1	8	2016	1	1	-1	-1	-1	-1	-1	-1	-1	-1	-1	-1	-1	-1	-1
NS19436B	1	-1	-1	-1	-1	-1	-1	-1	-1	-1	-1	1	1	-1	-1	-1	-1	-1	-1	-1	-1	-1	-1	-1	-1	-1
NS19437C	2	1	-8	2013	1	10	1989	33	1	7	2017	1	1	-1	-1	-1	-1	-1	-1	-1	-1	-1	-1	-1	-1	-1
NS19440P	1	-1	-1	-1	-1	-1	-1	-1	1	5	2022	1	1	-1	-1	-1	-1	-1	-1	-1	-1	-1	-1	-1	-1	-1
NS19441Q	2	2	-1	-1	-1	-1	-1	-1	-1	-1	-1	-1	-1	-1	-1	-1	-1	-1	-1	-1	-1	-1	-1	-1	-1	-1
NS19443S	2	1	3	2020	2	2	1993	29	3	-1	-1	2	-1	2	-1	-1	-1	-1	-1	-1	-1	5	2020	-1	-1	-1
NS19443S	3	2	-1	-1	-1	-1	-1	-1	-1	-1	-1	-1	-1	-1	-1	-1	-1	-1	-1	-1	-1	-1	-1	-1	-1	-1
NS19444T	2	1	11	2017	2	9	1988	34	1	10	2021	1	1	-1	-1	-1	-1	-1	-1	-1	-1	-1	-1	-1	-1	-1
NS19445V	2	1	2	2017	1	-9	-9	33	3	-1	-1	2	-1	1	2	2	1	2	2	2	2	-8	2020	-1	-1	-1
NS19445V	3	2	-1	-1	-1	-1	-1	-1	-1	-1	-1	-1	-1	-1	-1	-1	-1	-1	-1	-1	-1	-1	-1	-1	-1	-1
NS19446W	1	-1	-1	-1	-1	-1	-1	-1	3	-1	-1	2	-1	1	1	2	2	1	2	2	2	10	2019	-1	-1	-1
NS19446W	2	1	11	2020	1	12	1983	39	3	-1	-1	1	1	-1	-1	-1	-1	-1	-1	-1	-1	-1	-1	-1	-1	-1
NS19447X	2	2	-1	-1	-1	-1	-1	-1	-1	-1	-1	-1	-1	-1	-1	-1	-1	-1	-1	-1	-1	-1	-1	-1	-1	-1
NS19448Y	2	1	3	2016	1	6	1989	34	1	4	2023	1	1	-1	-1	-1	-1	-1	-1	-1	-1	-1	-1	-1	-1	-1
NS19449Z	2	1	4	2020	1	9	1987	35	3	-1	-1	1	1	-1	-1	-1	-1	-1	-1	-1	-1	-1	-1	-1	-1	-1
NS19452L	2	1	9	2021	2	10	1995	27	3	-1	-1	1	1	-1	-1	-1	-1	-1	-1	-1	-1	-1	-1	-1	-1	-1
NS19453M	2	1	11	2019	2	3	1995	27	1	2	2020	1	1	-1	-1	-1	-1	-1	-1	-1	-1	-1	-1	-1	-1	-1
NS19455P	2	1	2	2022	2	2	1995	27	3	-1	-1	1	1	-1	-1	-1	-1	-1	-1	-1	-1	-1	-1	-1	-1	-1
NS19456Q	2	2	-1	-1	-1	-1	-1	-1	-1	-1	-1	-1	-1	-1	-1	-1	-1	-1	-1	-1	-1	-1	-1	-1	-1	-1
NS19458S	2	2	-1	-1	-1	-1	-1	-1	-1	-1	-1	-1	-1	-1	-1	-1	-1	-1	-1	-1	-1	-1	-1	-1	-1	-1
NS19460D	2	1	9	2018	1	3	1988	34	3	-1	-1	2	-1	1	2	1	2	2	2	2	2	6	2020	-1	-1	-1
NS19460D	3	2	-1	-1	-1	-1	-1	-1	-1	-1	-1	-1	-1	-1	-1	-1	-1	-1	-1	-1	-1	-1	-1	-1	-1	-1
NS19461E	2	2	-1	-1	-1	-1	-1	-1	-1	-1	-1	-1	-1	-1	-1	-1	-1	-1	-1	-1	-1	-1	-1	-1	-1	-1
NS19462F	2	1	7	2019	1	12	1991	31	3	-1	-1	1	1	-1	-1	-1	-1	-1	-1	-1	-1	-1	-1	-1	-1	-1
NS19465J	1	-1	-1	-1	-1	-1	-1	-1	-1	-1	-1	1	1	-1	-1	-1	-1	-1	-1	-1	-1	-1	-1	-1	-1	-1
NS19466K	1	-1	-1	-1	-1	-1	-1	-1	3	-1	-1	1	1	-1	-1	-1	-1	-1	-1	-1	-1	-1	-1	-1	-1	-1
NS19469N	2	1	9	2022	1	10	1986	36	1	8	2022	1	1	-1	-1	-1	-1	-1	-1	-1	-1	-1	-1	-1	-1	-1
NS19472A	2	2	-1	-1	-1	-1	-1	-1	-1	-1	-1	-1	-1	-1	-1	-1	-1	-1	-1	-1	-1	-1	-1	-1	-1	-1
NS19474C	2	1	-8	2009	1	-8	1989	33	3	-1	-1	2	-1	1	2	2	2	2	1	2	2	9	2010	-1	-1	-1
NS19474C	3	1	9	2011	2	9	1988	34	3	-1	-1	2	-1	1	1	2	2	2	2	2	2	8	2014	-1	-1	-1
NS19474C	4	1	4	2015	1	6	1993	29	3	-1	-1	1	1	-1	-1	-1	-1	-1	-1	-1	-1	-1	-1	-1	-1	-1
NS19475D	1	-1	-1	-1	-1	-1	-1	-1	-1	-1	-1	1	1	-1	-1	-1	-1	-1	-1	-1	-1	-1	-1	-1	-1	-1
NS19477F	2	2	-1	-1	-1	-1	-1	-1	-1	-1	-1	-1	-1	-1	-1	-1	-1	-1	-1	-1	-1	-1	-1	-1	-1	-1
NS19479H	2	2	-1	-1	-1	-1	-1	-1	-1	-1	-1	-1	-1	-1	-1	-1	-1	-1	-1	-1	-1	-1	-1	-1	-1	-1
NS19481T	1	-1	-1	-1	-1	-1	-1	-1	1	7	2017	1	1	-1	-1	-1	-1	-1	-1	-1	-1	-1	-1	-1	-1	-1
NS19485Y	1	-1	-1	-1	-1	-1	-1	-1	1	8	2018	1	1	-1	-1	-1	-1	-1	-1	-1	-1	-1	-1	-1	-1	-1
NS19486Z	1	-1	-1	-1	-1	-1	-1	-1	-1	-1	-1	1	1	-1	-1	-1	-1	-1	-1	-1	-1	-1	-1	-1	-1	-1
NS19487A	1	-1	-1	-1	-1	-1	-1	-1	-1	-1	-1	1	1	-1	-1	-1	-1	-1	-1	-1	-1	-1	-1	-1	-1	-1
NS19489C	2	1	10	2022	2	10	1993	29	3	-1	-1	1	1	2	-1	-1	-1	-1	-1	-1	-1	-1	-1	-1	-1	-1
NS19490M	1	-1	-1	-1	-1	-1	-1	-1	1	6	2020	1	1	-1	-1	-1	-1	-1	-1	-1	-1	-1	-1	-1	-1	-1
NS19492P	2	1	1	2021	2	12	1995	27	3	-1	-1	1	1	-1	-1	-1	-1	-1	-1	-1	-1	-1	-1	-1	-1	-1
NS19493Q	2	2	-1	-1	-1	-1	-1	-1	-1	-1	-1	-1	-1	-1	-1	-1	-1	-1	-1	-1	-1	-1	-1	-1	-1	-1
NS19495S	1	-1	-1	-1	-1	-1	-1	-1	1	10	2018	1	1	-1	-1	-1	-1	-1	-1	-1	-1	-1	-1	-1	-1	-1
NS19496T	1	-1	-1	-1	-1	-1	-1	-1	1	9	2019	1	1	-1	-1	-1	-1	-1	-1	-1	-1	-1	-1	-1	-1	-1
NS19499X	1	-1	-1	-1	-1	-1	-1	-1	-1	-1	-1	1	1	-1	-1	-1	-1	-1	-1	-1	-1	-1	-1	-1	-1	-1
NS19501P	1	-1	-1	-1	-1	-1	-1	-1	1	4	2018	1	1	-1	-1	-1	-1	-1	-1	-1	-1	-1	-1	-1	-1	-1
NS19503R	2	1	7	2021	1	1	1988	35	1	7	2021	1	1	-1	-1	-1	-1	-1	-1	-1	-1	-1	-1	-1	-1	-1
NS19505T	2	2	-1	-1	-1	-1	-1	-1	-1	-1	-1	-1	-1	-1	-1	-1	-1	-1	-1	-1	-1	-1	-1	-1	-1	-1
NS19507W	1	-1	-1	-1	-1	-1	-1	-1	1	5	2016	1	1	-1	-1	-1	-1	-1	-1	-1	-1	-1	-1	-1	-1	-1
NS19511J	2	2	-1	-1	-1	-1	-1	-1	-1	-1	-1	-1	-1	-1	-1	-1	-1	-1	-1	-1	-1	-1	-1	-1	-1	-1
NS19513L	2	2	-1	-1	-1	-1	-1	-1	-1	-1	-1	-1	-1	-1	-1	-1	-1	-1	-1	-1	-1	-1	-1	-1	-1	-1
NS19514M	2	1	1	2017	1	11	1983	38	3	-1	-1	1	1	-1	-1	-1	-1	-1	-1	-1	-1	-1	-1	-1	-1	-1
NS19515N	1	-1	-1	-1	-1	-1	-1	-1	1	9	2017	2	-1	1	1	2	2	2	2	2	2	7	2021	1	12	2022
NS19515N	2	2	-1	-1	-1	-1	-1	-1	-1	-1	-1	-1	-1	-1	-1	-1	-1	-1	-1	-1	-1	-1	-1	-1	-1	-1
NS19517Q	1	-1	-1	-1	-1	-1	-1	-1	3	-1	-1	1	1	-1	-1	-1	-1	-1	-1	-1	-1	-1	-1	-1	-1	-1
NS19523F	2	2	-1	-1	-1	-1	-1	-1	-1	-1	-1	-1	-1	-1	-1	-1	-1	-1	-1	-1	-1	-1	-1	-1	-1	-1
NS19524G	2	1	6	2010	2	3	1990	32	3	-1	-1	2	-1	1	1	2	2	2	2	2	2	7	2016	-1	-1	-1
NS19524G	3	1	4	2017	2	1	1988	34	1	8	2021	1	1	-1	-1	-1	-1	-1	-1	-1	-1	-1	-1	-1	-1	-1
NS19525H	1	-1	-1	-1	-1	-1	-1	-1	3	-1	-1	1	1	-1	-1	-1	-1	-1	-1	-1	-1	-1	-1	-1	-1	-1
NS19526J	2	1	3	2017	2	4	1995	27	1	5	2018	1	1	-1	-1	-1	-1	-1	-1	-1	-1	-1	-1	-1	-1	-1
NS19527K	1	-1	-1	-1	-1	-1	-1	-1	3	-1	-1	2	-1	1	1	2	2	2	2	2	2	3	2016	-1	-1	-1
NS19527K	2	1	10	2017	1	9	1987	34	3	-1	-1	1	1	-1	-1	-1	-1	-1	-1	-1	-1	-1	-1	-1	-1	-1
NS19535C	2	2	-1	-1	-1	-1	-1	-1	-1	-1	-1	-1	-1	-1	-1	-1	-1	-1	-1	-1	-1	-1	-1	-1	-1	-1
NS19538F	2	1	6	2016	2	5	1989	33	3	-1	-1	1	1	-1	-1	-1	-1	-1	-1	-1	-1	-1	-1	-1	-1	-1
NS19550L	2	2	-1	-1	-1	-1	-1	-1	-1	-1	-1	-1	-1	-1	-1	-1	-1	-1	-1	-1	-1	-1	-1	-1	-1	-1
NS19551M	2	1	8	2016	2	1	1992	30	3	-1	-1	2	-1	1	1	1	2	2	2	2	2	5	2020	-1	-1	-1
NS19551M	3	2	-1	-1	-1	-1	-1	-1	-1	-1	-1	-1	-1	-1	-1	-1	-1	-1	-1	-1	-1	-1	-1	-1	-1	-1
NS19553P	2	2	-1	-1	-1	-1	-1	-1	-1	-1	-1	-1	-1	-1	-1	-1	-1	-1	-1	-1	-1	-1	-1	-1	-1	-1
NS19554Q	1	-1	-1	-1	-1	-1	-1	-1	1	5	2019	1	1	-1	-1	-1	-1	-1	-1	-1	-1	-1	-1	-1	-1	-1
NS19558V	1	-1	-1	-1	-1	-1	-1	-1	1	6	2016	1	1	-1	-1	-1	-1	-1	-1	-1	-1	-1	-1	-1	-1	-1
NS19560F	1	-1	-1	-1	-1	-1	-1	-1	-1	-1	-1	1	1	-1	-1	-1	-1	-1	-1	-1	-1	-1	-1	-1	-1	-1
NS19564K	1	-1	-1	-1	-1	-1	-1	-1	3	-1	-1	1	1	-1	-1	-1	-1	-1	-1	-1	-1	-1	-1	-1	-1	-1
NS19565L	2	1	4	2018	2	2	1990	32	1	4	2018	1	1	-1	-1	-1	-1	-1	-1	-1	-1	-1	-1	-1	-1	-1
NS19567N	2	1	6	2019	2	5	1990	32	3	-1	-1	1	1	-1	-1	-1	-1	-1	-1	-1	-1	-1	-1	-1	-1	-1
NS19570A	2	1	10	2016	2	9	1994	27	1	3	2016	1	1	-1	-1	-1	-1	-1	-1	-1	-1	-1	-1	-1	-1	-1
NS19571B	2	2	-1	-1	-1	-1	-1	-1	-1	-1	-1	-1	-1	-1	-1	-1	-1	-1	-1	-1	-1	-1	-1	-1	-1	-1
NS19574E	2	1	9	2018	2	7	1995	27	3	-1	-1	2	-1	1	1	2	2	2	2	2	2	5	2022	-1	-1	-1
NS19574E	3	1	9	2022	2	12	1976	46	3	-1	-1	1	1	-1	-1	-1	-1	-1	-1	-1	-1	-1	-1	-1	-1	-1
NS19576G	2	1	6	2010	2	9	1991	31	3	-1	-1	1	1	-1	-1	-1	-1	-1	-1	-1	-1	-1	-1	-1	-1	-1
NS19577H	2	2	-1	-1	-1	-1	-1	-1	-1	-1	-1	-1	-1	-1	-1	-1	-1	-1	-1	-1	-1	-1	-1	-1	-1	-1
NS19578J	1	-1	-1	-1	-1	-1	-1	-1	1	10	2016	1	1	-1	-1	-1	-1	-1	-1	-1	-1	-1	-1	-1	-1	-1
NS19584Z	2	1	5	2013	1	6	1986	36	1	10	2016	1	1	-1	-1	-1	-1	-1	-1	-1	-1	-1	-1	-1	-1	-1
NS19586B	1	-1	-1	-1	-1	-1	-1	-1	3	-1	-1	1	1	-1	-1	-1	-1	-1	-1	-1	-1	-1	-1	-1	-1	-1
NS19588D	2	1	9	2016	2	11	1991	30	3	-1	-1	2	-1	1	1	2	2	2	2	2	2	10	2020	-1	-1	-1
NS19588D	3	2	-1	-1	-1	-1	-1	-1	-1	-1	-1	-1	-1	-1	-1	-1	-1	-1	-1	-1	-1	-1	-1	-1	-1	-1
NS19591Q	2	2	-1	-1	-1	-1	-1	-1	-1	-1	-1	-1	-1	-1	-1	-1	-1	-1	-1	-1	-1	-1	-1	-1	-1	-1
NS19594T	2	1	12	2019	1	12	1991	31	3	-1	-1	1	2	-1	-1	-1	-1	-1	-1	-1	-1	7	2022	-1	-1	-1
NS19594T	3	1	9	2022	1	12	1991	31	3	-1	-1	1	1	-1	-1	-1	-1	-1	-1	-1	-1	-1	-1	-1	-1	-1
NS19599Z	1	-1	-1	-1	-1	-1	-1	-1	-1	-1	-1	1	1	-1	-1	-1	-1	-1	-1	-1	-1	-1	-1	-1	-1	-1
NS19600Q	2	1	5	2017	1	4	1985	36	3	-1	-1	1	1	-1	-1	-1	-1	-1	-1	-1	-1	-1	-1	-1	-1	-1
NS19602S	2	1	1	2012	1	7	1984	38	3	-1	-1	1	1	-1	-1	-1	-1	-1	-1	-1	-1	-1	-1	-1	-1	-1
NS19603T	2	2	-1	-1	-1	-1	-1	-1	-1	-1	-1	-1	-1	-1	-1	-1	-1	-1	-1	-1	-1	-1	-1	-1	-1	-1
NS19604V	2	1	5	2019	2	2	1997	25	3	-1	-1	1	1	-1	-1	-1	-1	-1	-1	-1	-1	-1	-1	-1	-1	-1
NS19614P	2	1	8	2015	2	4	1990	32	1	7	2019	1	1	-1	-1	-1	-1	-1	-1	-1	-1	-1	-1	-1	-1	-1
NS19616R	1	-1	-1	-1	-1	-1	-1	-1	3	-1	-1	1	1	-1	-1	-1	-1	-1	-1	-1	-1	-1	-1	-1	-1	-1
NS19623H	1	-1	-1	-1	-1	-1	-1	-1	3	-1	-1	2	-1	1	1	2	2	1	1	2	2	9	2016	-1	-1	-1
NS19623H	2	1	12	2016	1	4	1991	30	3	-1	-1	2	-1	1	1	2	2	2	2	2	2	4	2019	-1	-1	-1
NS19623H	3	1	8	2019	1	12	1984	37	1	8	2021	1	1	-1	-1	-1	-1	-1	-1	-1	-1	-1	-1	-1	-1	-1
NS19630Z	2	1	12	2019	-9	-9	-9	-9	3	-1	-1	2	-1	1	1	2	2	2	2	2	2	8	2020	-1	-1	-1
NS19630Z	3	2	-1	-1	-1	-1	-1	-1	-1	-1	-1	-1	-1	-1	-1	-1	-1	-1	-1	-1	-1	-1	-1	-1	-1	-1
NS19634D	1	-1	-1	-1	-1	-1	-1	-1	-1	-1	-1	1	1	-1	-1	-1	-1	-1	-1	-1	-1	-1	-1	-1	-1	-1
NS19636F	2	1	6	2017	1	9	1987	35	1	8	2021	1	1	-1	-1	-1	-1	-1	-1	-1	-1	-1	-1	-1	-1	-1
NS19637G	2	1	2	2018	2	2	1992	31	3	-1	-1	1	1	-1	-1	-1	-1	-1	-1	-1	-1	-1	-1	-1	-1	-1
NS19640T	2	1	5	2017	1	6	1986	36	3	-1	-1	2	-1	1	1	2	2	2	2	2	2	8	2018	-1	-1	-1
NS19640T	3	2	-1	-1	-1	-1	-1	-1	-1	-1	-1	-1	-1	-1	-1	-1	-1	-1	-1	-1	-1	-1	-1	-1	-1	-1
NS19641V	2	1	9	2022	1	9	1996	26	3	-1	-1	1	1	-1	-1	-1	-1	-1	-1	-1	-1	-1	-1	-1	-1	-1
NS19642W	1	-1	-1	-1	-1	-1	-1	-1	-1	-1	-1	1	1	-1	-1	-1	-1	-1	-1	-1	-1	-1	-1	-1	-1	-1
NS19643X	1	-1	-1	-1	-1	-1	-1	-1	1	8	2016	1	1	-1	-1	-1	-1	-1	-1	-1	-1	-1	-1	-1	-1	-1
NS19647B	2	1	9	2016	1	7	1990	32	1	9	2016	1	1	-1	-1	-1	-1	-1	-1	-1	-1	-1	-1	-1	-1	-1
NS19658X	2	1	6	2017	2	5	1982	40	1	4	2021	1	1	-1	-1	-1	-1	-1	-1	-1	-1	-1	-1	-1	-1	-1
NS19662K	2	2	-1	-1	-1	-1	-1	-1	-1	-1	-1	-1	-1	-1	-1	-1	-1	-1	-1	-1	-1	-1	-1	-1	-1	-1
NS19664M	1	-1	-1	-1	-1	-1	-1	-1	3	-1	-1	1	1	-1	-1	-1	-1	-1	-1	-1	-1	-1	-1	-1	-1	-1
NS19667Q	2	2	-1	-1	-1	-1	-1	-1	-1	-1	-1	-1	-1	-1	-1	-1	-1	-1	-1	-1	-1	-1	-1	-1	-1	-1
NS19668R	2	1	8	2018	1	3	1987	35	1	12	2020	1	1	-1	-1	-1	-1	-1	-1	-1	-1	-1	-1	-1	-1	-1
NS19673F	2	2	-1	-1	-1	-1	-1	-1	-1	-1	-1	-1	-1	-1	-1	-1	-1	-1	-1	-1	-1	-1	-1	-1	-1	-1
NS19676J	2	1	12	2016	1	7	1986	36	1	12	2016	1	1	-1	-1	-1	-1	-1	-1	-1	-1	-1	-1	-1	-1	-1
NS19678L	1	-1	-1	-1	-1	-1	-1	-1	3	-1	-1	2	-1	1	1	2	2	2	2	2	2	3	2020	-1	-1	-1
NS19678L	2	2	-1	-1	-1	-1	-1	-1	-1	-1	-1	-1	-1	-1	-1	-1	-1	-1	-1	-1	-1	-1	-1	-1	-1	-1
NS19679M	2	2	-1	-1	-1	-1	-1	-1	-1	-1	-1	-1	-1	-1	-1	-1	-1	-1	-1	-1	-1	-1	-1	-1	-1	-1
NS19680X	2	1	9	2019	1	11	1987	35	3	-1	-1	1	1	-1	-1	-1	-1	-1	-1	-1	-1	-1	-1	-1	-1	-1
NS19681Y	1	-1	-1	-1	-1	-1	-1	-1	1	7	2019	1	1	-1	-1	-1	-1	-1	-1	-1	-1	-1	-1	-1	-1	-1
NS19682Z	2	1	8	2018	2	5	1990	32	1	3	2022	1	1	-1	-1	-1	-1	-1	-1	-1	-1	-1	-1	-1	-1	-1
NS19684B	1	-1	-1	-1	-1	-1	-1	-1	3	-1	-1	2	-1	1	1	2	2	2	2	2	2	9	2018	-1	-1	-1
NS19684B	2	1	5	2019	2	10	1997	24	3	-1	-1	1	1	-1	-1	-1	-1	-1	-1	-1	-1	-1	-1	-1	-1	-1
NS19685C	1	-1	-1	-1	-1	-1	-1	-1	1	5	2017	1	1	-1	-1	-1	-1	-1	-1	-1	-1	-1	-1	-1	-1	-1
NS19688F	2	2	-1	-1	-1	-1	-1	-1	-1	-1	-1	-1	-1	-1	-1	-1	-1	-1	-1	-1	-1	-1	-1	-1	-1	-1
NS19689G	2	1	6	2016	2	8	1991	31	2	11	2018	1	1	-1	-1	-1	-1	-1	-1	-1	-1	-1	-1	-1	-1	-1
NS19692T	2	2	-1	-1	-1	-1	-1	-1	-1	-1	-1	-1	-1	-1	-1	-1	-1	-1	-1	-1	-1	-1	-1	-1	-1	-1
NS19693V	1	-1	-1	-1	-1	-1	-1	-1	3	-1	-1	1	1	-1	-1	-1	-1	-1	-1	-1	-1	-1	-1	-1	-1	-1
NS19695X	1	-1	-1	-1	-1	-1	-1	-1	3	-1	-1	1	1	-1	-1	-1	-1	-1	-1	-1	-1	-1	-1	-1	-1	-1
NS19698A	2	2	-1	-1	-1	-1	-1	-1	-1	-1	-1	-1	-1	-1	-1	-1	-1	-1	-1	-1	-1	-1	-1	-1	-1	-1
NS19701T	2	2	-1	-1	-1	-1	-1	-1	-1	-1	-1	-1	-1	-1	-1	-1	-1	-1	-1	-1	-1	-1	-1	-1	-1	-1
NS19704X	2	1	8	2011	2	8	1991	31	1	6	2015	1	1	-1	-1	-1	-1	-1	-1	-1	-1	-1	-1	-1	-1	-1
NS19705Y	2	2	-1	-1	-1	-1	-1	-1	-1	-1	-1	-1	-1	-1	-1	-1	-1	-1	-1	-1	-1	-1	-1	-1	-1	-1
NS19706Z	1	-1	-1	-1	-1	-1	-1	-1	3	-1	-1	2	-1	1	1	1	1	2	2	2	2	10	2018	-1	-1	-1
NS19706Z	2	1	7	2020	2	10	1990	32	3	-1	-1	1	1	-1	-1	-1	-1	-1	-1	-1	-1	-1	-1	-1	-1	-1
NS19708B	2	2	-1	-1	-1	-1	-1	-1	-1	-1	-1	-1	-1	-1	-1	-1	-1	-1	-1	-1	-1	-1	-1	-1	-1	-1
NS19713Q	1	-1	-1	-1	-1	-1	-1	-1	1	4	2018	1	1	-1	-1	-1	-1	-1	-1	-1	-1	-1	-1	-1	-1	-1
NS19717V	2	2	-1	-1	-1	-1	-1	-1	-1	-1	-1	-1	-1	-1	-1	-1	-1	-1	-1	-1	-1	-1	-1	-1	-1	-1
NS19718W	2	2	-1	-1	-1	-1	-1	-1	-1	-1	-1	-1	-1	-1	-1	-1	-1	-1	-1	-1	-1	-1	-1	-1	-1	-1
NS19719X	2	1	9	2015	2	3	1990	32	3	-1	-1	1	1	-1	-1	-1	-1	-1	-1	-1	-1	-1	-1	-1	-1	-1
NS19720G	1	-1	-1	-1	-1	-1	-1	-1	3	-1	-1	2	-1	1	2	2	2	1	1	2	2	-8	2016	-1	-1	-1
NS19720G	2	1	1	2022	1	9	1987	34	3	-1	-1	1	1	-1	-1	-1	-1	-1	-1	-1	-1	-1	-1	-1	-1	-1
NS19721H	2	2	-1	-1	-1	-1	-1	-1	-1	-1	-1	-1	-1	-1	-1	-1	-1	-1	-1	-1	-1	-1	-1	-1	-1	-1
NS19723K	1	-1	-1	-1	-1	-1	-1	-1	3	-1	-1	1	1	-1	-1	-1	-1	-1	-1	-1	-1	-1	-1	-1	-1	-1
NS19724L	2	1	1	2015	2	10	1992	29	3	-1	-1	1	1	-1	-1	-1	-1	-1	-1	-1	-1	-1	-1	-1	-1	-1
NS19725M	2	2	-1	-1	-1	-1	-1	-1	-1	-1	-1	-1	-1	-1	-1	-1	-1	-1	-1	-1	-1	-1	-1	-1	-1	-1
NS19727P	2	1	5	2017	1	11	1979	43	1	5	2017	1	1	-1	-1	-1	-1	-1	-1	-1	-1	-1	-1	-1	-1	-1
NS19731C	2	2	-1	-1	-1	-1	-1	-1	-1	-1	-1	-1	-1	-1	-1	-1	-1	-1	-1	-1	-1	-1	-1	-1	-1	-1
NS19733E	2	2	-1	-1	-1	-1	-1	-1	-1	-1	-1	-1	-1	-1	-1	-1	-1	-1	-1	-1	-1	-1	-1	-1	-1	-1
NS19734F	2	1	4	2014	2	12	1992	30	1	8	2022	1	1	-1	-1	-1	-1	-1	-1	-1	-1	-1	-1	-1	-1	-1
NS19735G	2	1	7	2021	1	12	1990	31	1	7	2021	1	1	-1	-1	-1	-1	-1	-1	-1	-1	10	2021	-1	-1	-1
NS19735G	3	1	1	2022	1	12	1990	31	1	7	2021	-1	-1	-1	-1	-1	-1	-1	-1	-1	-1	-1	-1	-1	-1	-1
NS19738K	1	-1	-1	-1	-1	-1	-1	-1	-1	-1	-1	1	1	-1	-1	-1	-1	-1	-1	-1	-1	-1	-1	-1	-1	-1
NS19741X	2	1	7	2019	1	-9	-9	-9	1	9	2022	1	1	-1	-1	-1	-1	-1	-1	-1	-1	-1	-1	-1	-1	-1
NS19746C	2	1	8	2018	1	12	1989	33	1	8	2022	1	1	-1	-1	-1	-1	-1	-1	-1	-1	-1	-1	-1	-1	-1
NS19747D	1	-1	-1	-1	-1	-1	-1	-1	-1	-1	-1	1	1	-1	-1	-1	-1	-1	-1	-1	-1	-1	-1	-1	-1	-1
NS19749F	2	2	-1	-1	-1	-1	-1	-1	-1	-1	-1	-1	-1	-1	-1	-1	-1	-1	-1	-1	-1	-1	-1	-1	-1	-1
NS19750Q	1	-1	-1	-1	-1	-1	-1	-1	3	-1	-1	2	-1	1	1	2	2	2	2	2	2	8	2020	-1	-1	-1
NS19750Q	2	2	-1	-1	-1	-1	-1	-1	-1	-1	-1	-1	-1	-1	-1	-1	-1	-1	-1	-1	-1	-1	-1	-1	-1	-1
NS19751R	2	2	-1	-1	-1	-1	-1	-1	-1	-1	-1	-1	-1	-1	-1	-1	-1	-1	-1	-1	-1	-1	-1	-1	-1	-1
NS19752S	2	1	12	2017	2	9	1988	34	3	-1	-1	1	1	-1	-1	-1	-1	-1	-1	-1	-1	-1	-1	-1	-1	-1
NS19753T	2	1	4	2018	2	9	1990	32	1	9	2021	1	1	-1	-1	-1	-1	-1	-1	-1	-1	-1	-1	-1	-1	-1
NS19757Y	2	1	2	2010	2	2	1986	36	1	10	2021	1	1	-1	-1	-1	-1	-1	-1	-1	-1	-1	-1	-1	-1	-1
NS19758Z	2	1	6	2013	1	8	1985	37	3	-1	-1	2	-1	1	1	1	1	2	2	2	2	12	2021	-1	-1	-1
NS19758Z	3	2	-1	-1	-1	-1	-1	-1	-1	-1	-1	-1	-1	-1	-1	-1	-1	-1	-1	-1	-1	-1	-1	-1	-1	-1
NS19759A	2	1	11	2016	1	10	1989	33	1	12	2019	1	1	-1	-1	-1	-1	-1	-1	-1	-1	-1	-1	-1	-1	-1
NS19761L	2	1	5	2008	1	5	1987	35	3	-1	-1	2	-1	1	1	2	2	2	2	2	2	2	2023	-1	-1	-1
NS19761L	3	2	-1	-1	-1	-1	-1	-1	-1	-1	-1	-1	-1	-1	-1	-1	-1	-1	-1	-1	-1	-1	-1	-1	-1	-1
NS19764P	2	1	4	2022	2	8	1997	24	3	-1	-1	2	-1	2	-1	-1	-1	-1	-1	-1	-1	4	2022	-1	-1	-1
NS19764P	3	2	-1	-1	-1	-1	-1	-1	-1	-1	-1	-1	-1	-1	-1	-1	-1	-1	-1	-1	-1	-1	-1	-1	-1	-1
NS19766R	2	1	4	2022	2	7	1990	31	1	3	2022	1	1	-1	-1	-1	-1	-1	-1	-1	-1	-1	-1	-1	-1	-1
NS19769V	2	2	-1	-1	-1	-1	-1	-1	-1	-1	-1	-1	-1	-1	-1	-1	-1	-1	-1	-1	-1	-1	-1	-1	-1	-1
NS19770E	2	1	9	2008	1	6	1990	32	3	-1	-1	2	-1	2	-1	-1	-1	-1	-1	-1	-1	5	2013	-1	-1	-1
NS19770E	3	2	-1	-1	-1	-1	-1	-1	-1	-1	-1	-1	-1	-1	-1	-1	-1	-1	-1	-1	-1	-1	-1	-1	-1	-1
NS19772G	2	2	-1	-1	-1	-1	-1	-1	-1	-1	-1	-1	-1	-1	-1	-1	-1	-1	-1	-1	-1	-1	-1	-1	-1	-1
NS19775K	2	2	-1	-1	-1	-1	-1	-1	-1	-1	-1	-1	-1	-1	-1	-1	-1	-1	-1	-1	-1	-1	-1	-1	-1	-1
NS19776L	1	-1	-1	-1	-1	-1	-1	-1	1	6	2018	1	1	-1	-1	-1	-1	-1	-1	-1	-1	-1	-1	-1	-1	-1
NS19778N	2	2	-1	-1	-1	-1	-1	-1	-1	-1	-1	-1	-1	-1	-1	-1	-1	-1	-1	-1	-1	-1	-1	-1	-1	-1
NS19780Z	1	-1	-1	-1	-1	-1	-1	-1	3	-1	-1	2	-1	1	1	2	2	2	2	2	2	2	2018	-1	-1	-1
NS19780Z	2	1	2	2018	1	10	1993	29	3	-1	-1	2	-1	1	1	2	2	2	1	2	2	10	2022	-1	-1	-1
NS19780Z	3	2	-1	-1	-1	-1	-1	-1	-1	-1	-1	-1	-1	-1	-1	-1	-1	-1	-1	-1	-1	-1	-1	-1	-1	-1
NS19784D	1	-1	-1	-1	-1	-1	-1	-1	1	6	2021	1	1	-1	-1	-1	-1	-1	-1	-1	-1	-1	-1	-1	-1	-1
NS19785E	2	1	9	2017	2	8	1976	45	1	9	2017	1	1	-1	-1	-1	-1	-1	-1	-1	-1	-1	-1	-1	-1	-1
NS19786F	2	1	1	2019	1	5	1990	32	3	-1	-1	1	1	-1	-1	-1	-1	-1	-1	-1	-1	-1	-1	-1	-1	-1
NS19787G	2	2	-1	-1	-1	-1	-1	-1	-1	-1	-1	-1	-1	-1	-1	-1	-1	-1	-1	-1	-1	-1	-1	-1	-1	-1
NS19788H	1	-1	-1	-1	-1	-1	-1	-1	1	4	2017	1	1	-1	-1	-1	-1	-1	-1	-1	-1	-1	-1	-1	-1	-1
NS19790T	2	2	-1	-1	-1	-1	-1	-1	-1	-1	-1	-1	-1	-1	-1	-1	-1	-1	-1	-1	-1	-1	-1	-1	-1	-1
NS19791V	1	-1	-1	-1	-1	-1	-1	-1	2	8	2004	1	1	-1	-1	-1	-1	-1	-1	-1	-1	-1	-1	-1	-1	-1
NS19792W	2	2	-1	-1	-1	-1	-1	-1	-1	-1	-1	-1	-1	-1	-1	-1	-1	-1	-1	-1	-1	-1	-1	-1	-1	-1
NS19793X	2	2	-1	-1	-1	-1	-1	-1	-1	-1	-1	-1	-1	-1	-1	-1	-1	-1	-1	-1	-1	-1	-1	-1	-1	-1
NS19794Y	2	1	12	2019	1	4	1989	33	1	12	2019	1	1	-1	-1	-1	-1	-1	-1	-1	-1	-1	-1	-1	-1	-1
NS19795Z	2	1	9	2016	2	3	1991	31	3	-1	-1	2	-1	2	-1	-1	-1	-1	-1	-1	-1	9	2017	-1	-1	-1
NS19795Z	3	1	10	2018	2	3	1991	31	3	-1	-1	2	-1	2	-1	-1	-1	-1	-1	-1	-1	4	2019	-1	-1	-1
NS19795Z	4	2	-1	-1	-1	-1	-1	-1	-1	-1	-1	-1	-1	-1	-1	-1	-1	-1	-1	-1	-1	-1	-1	-1	-1	-1
NS19799D	2	1	7	2017	1	5	1990	31	3	-1	-1	1	1	-1	-1	-1	-1	-1	-1	-1	-1	-1	-1	-1	-1	-1
NS19801W	1	-1	-1	-1	-1	-1	-1	-1	1	8	2021	1	1	-1	-1	-1	-1	-1	-1	-1	-1	-1	-1	-1	-1	-1
NS19802X	2	1	3	2021	2	1	1992	31	1	3	2020	1	1	-1	-1	-1	-1	-1	-1	-1	-1	-1	-1	-1	-1	-1
NS19806B	1	-1	-1	-1	-1	-1	-1	-1	1	4	2022	1	2	-1	-1	-1	-1	-1	-1	-1	-1	8	2017	-1	-1	-1
NS19806B	2	2	-1	-1	-1	-1	-1	-1	-1	-1	-1	-1	-1	-1	-1	-1	-1	-1	-1	-1	-1	-1	-1	-1	-1	-1
NS19807C	2	1	1	2016	1	10	1990	32	1	5	2016	1	1	-1	-1	-1	-1	-1	-1	-1	-1	-1	-1	-1	-1	-1
NS19809E	2	1	8	2015	2	4	1995	27	3	-1	-1	1	1	-1	-1	-1	-1	-1	-1	-1	-1	-1	-1	-1	-1	-1
NS19810P	2	2	-1	-1	-1	-1	-1	-1	-1	-1	-1	-1	-1	-1	-1	-1	-1	-1	-1	-1	-1	-1	-1	-1	-1	-1
NS19811Q	2	1	8	2021	2	1	1991	32	1	8	2021	1	1	-1	-1	-1	-1	-1	-1	-1	-1	-1	-1	-1	-1	-1
NS19812R	2	1	2	2019	2	8	1990	31	1	12	2020	1	1	-1	-1	-1	-1	-1	-1	-1	-1	-1	-1	-1	-1	-1
NS19813S	2	2	-1	-1	-1	-1	-1	-1	-1	-1	-1	-1	-1	-1	-1	-1	-1	-1	-1	-1	-1	-1	-1	-1	-1	-1
NS19814T	2	1	1	2017	1	6	1989	33	1	2	2016	1	1	-1	-1	-1	-1	-1	-1	-1	-1	-1	-1	-1	-1	-1
NS19815V	1	-1	-1	-1	-1	-1	-1	-1	1	5	2016	1	1	-1	-1	-1	-1	-1	-1	-1	-1	-1	-1	-1	-1	-1
NS19816W	1	-1	-1	-1	-1	-1	-1	-1	3	-1	-1	2	-1	1	1	1	2	1	2	2	2	1	2016	-1	-1	-1
NS19816W	2	2	-1	-1	-1	-1	-1	-1	-1	-1	-1	-1	-1	-1	-1	-1	-1	-1	-1	-1	-1	-1	-1	-1	-1	-1
NS19817X	2	1	8	2018	2	4	1992	30	1	9	2020	1	1	-1	-1	-1	-1	-1	-1	-1	-1	-1	-1	-1	-1	-1
NS19828S	1	-1	-1	-1	-1	-1	-1	-1	-1	-1	-1	1	1	-1	-1	-1	-1	-1	-1	-1	-1	-1	-1	-1	-1	-1
NS19832F	2	2	-1	-1	-1	-1	-1	-1	-1	-1	-1	-1	-1	-1	-1	-1	-1	-1	-1	-1	-1	-1	-1	-1	-1	-1
NS19842A	2	1	7	2021	2	3	1993	29	1	10	2021	1	1	-1	-1	-1	-1	-1	-1	-1	-1	-1	-1	-1	-1	-1
NS19843B	2	2	-1	-1	-1	-1	-1	-1	-1	-1	-1	-1	-1	-1	-1	-1	-1	-1	-1	-1	-1	-1	-1	-1	-1	-1
NS19845D	1	-1	-1	-1	-1	-1	-1	-1	-1	-1	-1	2	-1	1	2	2	2	1	2	2	2	8	2016	2	-1	-1
NS19845D	2	2	-1	-1	-1	-1	-1	-1	-1	-1	-1	-1	-1	-1	-1	-1	-1	-1	-1	-1	-1	-1	-1	-1	-1	-1
NS19853W	2	2	-1	-1	-1	-1	-1	-1	-1	-1	-1	-1	-1	-1	-1	-1	-1	-1	-1	-1	-1	-1	-1	-1	-1	-1
NS19854X	1	-1	-1	-1	-1	-1	-1	-1	1	8	2016	1	1	-1	-1	-1	-1	-1	-1	-1	-1	-1	-1	-1	-1	-1
NS19855Y	1	-1	-1	-1	-1	-1	-1	-1	3	-1	-1	1	1	-1	-1	-1	-1	-1	-1	-1	-1	-1	-1	-1	-1	-1
NS19856Z	2	1	3	2016	2	-8	-8	34	3	-1	-1	2	-1	1	1	2	2	2	2	2	2	6	2017	-1	-1	-1
NS19856Z	3	2	-1	-1	-1	-1	-1	-1	-1	-1	-1	-1	-1	-1	-1	-1	-1	-1	-1	-1	-1	-1	-1	-1	-1	-1
NS19857A	2	2	-1	-1	-1	-1	-1	-1	-1	-1	-1	-1	-1	-1	-1	-1	-1	-1	-1	-1	-1	-1	-1	-1	-1	-1
NS19859C	1	-1	-1	-1	-1	-1	-1	-1	3	-1	-1	1	1	-1	-1	-1	-1	-1	-1	-1	-1	-1	-1	-1	-1	-1
NS19864R	1	-1	-1	-1	-1	-1	-1	-1	1	8	2018	1	1	-1	-1	-1	-1	-1	-1	-1	-1	-1	-1	-1	-1	-1
NS19865S	2	2	-1	-1	-1	-1	-1	-1	-1	-1	-1	-1	-1	-1	-1	-1	-1	-1	-1	-1	-1	-1	-1	-1	-1	-1
NS19866T	2	2	-1	-1	-1	-1	-1	-1	-1	-1	-1	-1	-1	-1	-1	-1	-1	-1	-1	-1	-1	-1	-1	-1	-1	-1
NS19867V	2	1	9	2020	2	6	1992	29	1	8	2019	1	1	-1	-1	-1	-1	-1	-1	-1	-1	-1	-1	-1	-1	-1
NS19868W	1	-1	-1	-1	-1	-1	-1	-1	3	-1	-1	2	-1	1	1	2	2	2	2	2	2	11	2017	-1	-1	-1
NS19868W	2	2	-1	-1	-1	-1	-1	-1	-1	-1	-1	-1	-1	-1	-1	-1	-1	-1	-1	-1	-1	-1	-1	-1	-1	-1
NS19869X	2	2	-1	-1	-1	-1	-1	-1	-1	-1	-1	-1	-1	-1	-1	-1	-1	-1	-1	-1	-1	-1	-1	-1	-1	-1
NS19870G	2	1	6	2022	2	11	1991	31	1	10	2020	1	1	-1	-1	-1	-1	-1	-1	-1	-1	-1	-1	-1	-1	-1
NS19872J	1	-1	-1	-1	-1	-1	-1	-1	1	8	2016	1	1	-1	-1	-1	-1	-1	-1	-1	-1	-1	-1	-1	-1	-1
NS19876N	1	-1	-1	-1	-1	-1	-1	-1	3	-1	-1	1	1	-1	-1	-1	-1	-1	-1	-1	-1	-1	-1	-1	-1	-1
NS19877P	1	-1	-1	-1	-1	-1	-1	-1	-1	-1	-1	1	1	-1	-1	-1	-1	-1	-1	-1	-1	-1	-1	-1	-1	-1
NS19879R	1	-1	-1	-1	-1	-1	-1	-1	1	7	2019	1	1	-1	-1	-1	-1	-1	-1	-1	-1	-1	-1	-1	-1	-1
NS19884F	2	1	4	2018	1	-9	-9	33	1	4	2018	1	1	-1	-1	-1	-1	-1	-1	-1	-1	-1	-1	-1	-1	-1
NS19885G	2	1	10	2021	1	5	1989	33	1	10	2021	1	1	-1	-1	-1	-1	-1	-1	-1	-1	-1	-1	-1	-1	-1
NS19888K	2	1	4	2016	1	-9	-9	-9	3	-1	-1	1	1	-1	-1	-1	-1	-1	-1	-1	-1	-1	-1	-1	-1	-1
NS19892Y	1	-1	-1	-1	-1	-1	-1	-1	1	10	2016	1	1	-1	-1	-1	-1	-1	-1	-1	-1	-1	-1	-1	-1	-1
NS19898E	1	-1	-1	-1	-1	-1	-1	-1	-1	-1	-1	1	1	-1	-1	-1	-1	-1	-1	-1	-1	-1	-1	-1	-1	-1
NS19899F	2	1	6	2017	2	6	1989	32	3	-1	-1	1	1	-1	-1	-1	-1	-1	-1	-1	-1	-1	-1	-1	-1	-1
NS19901Y	1	-1	-1	-1	-1	-1	-1	-1	1	4	2022	1	1	-1	-1	-1	-1	-1	-1	-1	-1	-1	-1	-1	-1	-1
NS19903A	2	2	-1	-1	-1	-1	-1	-1	-1	-1	-1	-1	-1	-1	-1	-1	-1	-1	-1	-1	-1	-1	-1	-1	-1	-1
NS19906D	2	1	3	2018	1	10	1985	36	3	-1	-1	1	1	-1	-1	-1	-1	-1	-1	-1	-1	-1	-1	-1	-1	-1
NS19909G	1	-1	-1	-1	-1	-1	-1	-1	1	4	2017	1	1	-1	-1	-1	-1	-1	-1	-1	-1	-1	-1	-1	-1	-1
NS19910R	2	1	9	2017	1	4	1984	38	1	9	2017	1	1	-1	-1	-1	-1	-1	-1	-1	-1	-1	-1	-1	-1	-1
NS19912T	2	2	-1	-1	-1	-1	-1	-1	-1	-1	-1	-1	-1	-1	-1	-1	-1	-1	-1	-1	-1	-1	-1	-1	-1	-1
NS19915X	2	2	-1	-1	-1	-1	-1	-1	-1	-1	-1	-1	-1	-1	-1	-1	-1	-1	-1	-1	-1	-1	-1	-1	-1	-1
NS19916Y	2	2	-1	-1	-1	-1	-1	-1	-1	-1	-1	-1	-1	-1	-1	-1	-1	-1	-1	-1	-1	-1	-1	-1	-1	-1
NS19918A	2	2	-1	-1	-1	-1	-1	-1	-1	-1	-1	-1	-1	-1	-1	-1	-1	-1	-1	-1	-1	-1	-1	-1	-1	-1
NS19920L	2	1	8	2010	1	4	1987	35	3	-1	-1	2	-1	1	1	2	2	2	2	2	2	3	2014	-1	-1	-1
NS19920L	3	1	5	2014	1	1	1979	44	3	-1	-1	2	-1	1	1	2	2	2	2	2	2	8	2017	-1	-1	-1
NS19920L	4	2	-1	-1	-1	-1	-1	-1	-1	-1	-1	-1	-1	-1	-1	-1	-1	-1	-1	-1	-1	-1	-1	-1	-1	-1
NS19921M	2	1	5	2022	2	-9	-9	29	1	5	2022	1	1	-1	-1	-1	-1	-1	-1	-1	-1	-1	-1	-1	-1	-1
NS19922N	1	-1	-1	-1	-1	-1	-1	-1	-1	-1	-1	1	1	-1	-1	-1	-1	-1	-1	-1	-1	-1	-1	-1	-1	-1
NS19927T	2	1	6	2012	1	8	1991	30	3	-1	-1	2	-1	1	1	2	2	2	2	2	2	8	2019	-1	-1	-1
NS19927T	3	2	-1	-1	-1	-1	-1	-1	-1	-1	-1	-1	-1	-1	-1	-1	-1	-1	-1	-1	-1	-1	-1	-1	-1	-1
NS19934K	1	-1	-1	-1	-1	-1	-1	-1	-1	-1	-1	2	-1	1	1	2	2	2	2	2	2	6	2016	1	1	2017
NS19934K	2	1	6	2019	2	2	1992	30	3	-1	-1	2	-1	1	1	2	2	2	2	2	2	12	2021	-1	-1	-1
NS19934K	3	2	-1	-1	-1	-1	-1	-1	-1	-1	-1	-1	-1	-1	-1	-1	-1	-1	-1	-1	-1	-1	-1	-1	-1	-1
NS19940A	2	1	3	2013	2	11	1990	32	1	3	2015	1	1	-1	-1	-1	-1	-1	-1	-1	-1	-1	-1	-1	-1	-1
NS19942C	1	-1	-1	-1	-1	-1	-1	-1	3	-1	-1	1	1	-1	-1	-1	-1	-1	-1	-1	-1	-1	-1	-1	-1	-1
NS19943D	2	1	3	2020	1	10	1990	32	3	-1	-1	1	1	-1	-1	-1	-1	-1	-1	-1	-1	-1	-1	-1	-1	-1
NS19944E	2	2	-1	-1	-1	-1	-1	-1	-1	-1	-1	-1	-1	-1	-1	-1	-1	-1	-1	-1	-1	-1	-1	-1	-1	-1
NS19947H	2	2	-1	-1	-1	-1	-1	-1	-1	-1	-1	-1	-1	-1	-1	-1	-1	-1	-1	-1	-1	-1	-1	-1	-1	-1
NS19949K	2	2	-1	-1	-1	-1	-1	-1	-1	-1	-1	-1	-1	-1	-1	-1	-1	-1	-1	-1	-1	-1	-1	-1	-1	-1
NS19950V	2	1	-8	-8	1	3	1989	33	3	-1	-1	1	1	-1	-1	-1	-1	-1	-1	-1	-1	-1	-1	-1	-1	-1
NS19952X	2	1	1	2022	1	9	1986	36	3	-1	-1	1	1	-1	-1	-1	-1	-1	-1	-1	-1	-1	-1	-1	-1	-1
NS19953Y	2	2	-1	-1	-1	-1	-1	-1	-1	-1	-1	-1	-1	-1	-1	-1	-1	-1	-1	-1	-1	-1	-1	-1	-1	-1
NS19954Z	2	2	-1	-1	-1	-1	-1	-1	-1	-1	-1	-1	-1	-1	-1	-1	-1	-1	-1	-1	-1	-1	-1	-1	-1	-1
NS19956B	2	1	6	2017	1	10	1987	35	1	11	2021	1	1	-1	-1	-1	-1	-1	-1	-1	-1	-1	-1	-1	-1	-1
NS19962R	2	1	1	2022	1	3	1990	32	3	-1	-1	1	1	2	-1	-1	-1	-1	-1	-1	-1	-1	-1	-1	-1	-1
NS19963S	2	2	-1	-1	-1	-1	-1	-1	-1	-1	-1	-1	-1	-1	-1	-1	-1	-1	-1	-1	-1	-1	-1	-1	-1	-1
NS19967X	2	1	3	2020	2	7	1990	32	3	-1	-1	2	-1	2	-1	-1	-1	-1	-1	-1	-1	6	2020	-1	-1	-1
NS19967X	3	2	-1	-1	-1	-1	-1	-1	-1	-1	-1	-1	-1	-1	-1	-1	-1	-1	-1	-1	-1	-1	-1	-1	-1	-1
NS19970J	2	1	9	2018	1	10	1980	42	3	-1	-1	1	1	-1	-1	-1	-1	-1	-1	-1	-1	-1	-1	-1	-1	-1
NS19980D	2	2	-1	-1	-1	-1	-1	-1	-1	-1	-1	-1	-1	-1	-1	-1	-1	-1	-1	-1	-1	-1	-1	-1	-1	-1
NS19984H	2	1	7	2019	2	7	1998	24	3	-1	-1	1	1	-1	-1	-1	-1	-1	-1	-1	-1	-1	-1	-1	-1	-1
NS19985J	2	2	-1	-1	-1	-1	-1	-1	-1	-1	-1	-1	-1	-1	-1	-1	-1	-1	-1	-1	-1	-1	-1	-1	-1	-1
NS19986K	1	-1	-1	-1	-1	-1	-1	-1	3	-1	-1	1	1	-1	-1	-1	-1	-1	-1	-1	-1	-1	-1	-1	-1	-1
NS19987L	2	2	-1	-1	-1	-1	-1	-1	-1	-1	-1	-1	-1	-1	-1	-1	-1	-1	-1	-1	-1	-1	-1	-1	-1	-1
NS19993B	2	1	6	2016	2	5	1992	30	3	-1	-1	1	1	-1	-1	-1	-1	-1	-1	-1	-1	-1	-1	-1	-1	-1
NS19997F	2	1	10	2013	2	4	1987	35	1	5	2015	1	1	-1	-1	-1	-1	-1	-1	-1	-1	-1	-1	-1	-1	-1
NS19999H	2	2	-1	-1	-1	-1	-1	-1	-1	-1	-1	-1	-1	-1	-1	-1	-1	-1	-1	-1	-1	-1	-1	-1	-1	-1
NS20003E	2	2	-1	-1	-1	-1	-1	-1	-1	-1	-1	-1	-1	-1	-1	-1	-1	-1	-1	-1	-1	-1	-1	-1	-1	-1
NS20007J	1	-1	-1	-1	-1	-1	-1	-1	3	-1	-1	2	-1	1	1	2	2	2	1	2	2	8	2016	-1	-1	-1
NS20007J	2	1	6	2017	1	5	1992	30	3	-1	-1	2	-1	1	1	2	2	2	2	2	2	1	2018	-1	-1	-1
NS20007J	3	1	3	2020	1	9	1988	34	3	-1	-1	1	2	-1	-1	-1	-1	-1	-1	-1	-1	1	2021	-1	-1	-1
NS20007J	4	1	1	2022	1	9	1988	34	3	-1	-1	1	1	-1	-1	-1	-1	-1	-1	-1	-1	-1	-1	-1	-1	-1
NS20008K	1	-1	-1	-1	-1	-1	-1	-1	-1	-1	-1	1	1	-1	-1	-1	-1	-1	-1	-1	-1	-1	-1	-1	-1	-1
NS20009L	2	2	-1	-1	-1	-1	-1	-1	-1	-1	-1	-1	-1	-1	-1	-1	-1	-1	-1	-1	-1	-1	-1	-1	-1	-1
NS20012Y	1	-1	-1	-1	-1	-1	-1	-1	3	-1	-1	1	1	-1	-1	-1	-1	-1	-1	-1	-1	-1	-1	-1	-1	-1
NS20013Z	1	-1	-1	-1	-1	-1	-1	-1	3	-1	-1	2	-1	1	1	1	2	2	2	2	2	8	2016	-1	-1	-1
NS20013Z	2	1	8	2018	2	9	1991	31	3	-1	-1	1	1	-1	-1	-1	-1	-1	-1	-1	-1	-1	-1	-1	-1	-1
NS20014A	2	1	10	2018	2	1	1994	29	1	8	2021	1	1	-1	-1	-1	-1	-1	-1	-1	-1	-1	-1	-1	-1	-1
NS20015B	1	-1	-1	-1	-1	-1	-1	-1	1	5	2017	1	1	-1	-1	-1	-1	-1	-1	-1	-1	-1	-1	-1	-1	-1
NS20016C	1	-1	-1	-1	-1	-1	-1	-1	1	9	2017	1	1	-1	-1	-1	-1	-1	-1	-1	-1	-1	-1	-1	-1	-1
NS20017D	1	-1	-1	-1	-1	-1	-1	-1	3	-1	-1	2	-1	1	1	2	2	2	2	2	2	12	2019	-1	-1	-1
NS20017D	2	2	-1	-1	-1	-1	-1	-1	-1	-1	-1	-1	-1	-1	-1	-1	-1	-1	-1	-1	-1	-1	-1	-1	-1	-1
NS20020Q	2	2	-1	-1	-1	-1	-1	-1	-1	-1	-1	-1	-1	-1	-1	-1	-1	-1	-1	-1	-1	-1	-1	-1	-1	-1
NS20021R	1	-1	-1	-1	-1	-1	-1	-1	3	-1	-1	1	1	-1	-1	-1	-1	-1	-1	-1	-1	-1	-1	-1	-1	-1
NS20024V	2	1	2	2017	2	10	1993	29	1	8	2021	1	1	-1	-1	-1	-1	-1	-1	-1	-1	-1	-1	-1	-1	-1
NS20026X	2	1	5	2022	1	6	1994	28	3	-1	-1	2	-1	1	2	2	2	2	2	1	2	8	2022	-1	-1	-1
NS20026X	3	2	-1	-1	-1	-1	-1	-1	-1	-1	-1	-1	-1	-1	-1	-1	-1	-1	-1	-1	-1	-1	-1	-1	-1	-1
NS20030K	1	-1	-1	-1	-1	-1	-1	-1	-1	-1	-1	1	1	-1	-1	-1	-1	-1	-1	-1	-1	-1	-1	-1	-1	-1
NS20032M	1	-1	-1	-1	-1	-1	-1	-1	1	3	2020	1	1	-1	-1	-1	-1	-1	-1	-1	-1	-1	-1	-1	-1	-1
NS20035Q	2	1	3	2010	1	10	1989	33	3	-1	-1	2	-1	1	1	1	1	1	2	2	2	9	2013	-1	-1	-1
NS20035Q	3	2	-1	-1	-1	-1	-1	-1	-1	-1	-1	-1	-1	-1	-1	-1	-1	-1	-1	-1	-1	-1	-1	-1	-1	-1
NS20036R	1	-1	-1	-1	-1	-1	-1	-1	3	-1	-1	1	1	-1	-1	-1	-1	-1	-1	-1	-1	-1	-1	-1	-1	-1
NS20039V	2	1	3	2020	-9	7	1997	25	3	-1	-1	2	-1	1	1	2	2	2	2	1	2	9	2020	-1	-1	-1
NS20039V	3	2	-1	-1	-1	-1	-1	-1	-1	-1	-1	-1	-1	-1	-1	-1	-1	-1	-1	-1	-1	-1	-1	-1	-1	-1
NS20040E	2	1	9	2020	2	6	1993	29	1	9	2020	1	1	-1	-1	-1	-1	-1	-1	-1	-1	-1	-1	-1	-1	-1
NS20041F	1	-1	-1	-1	-1	-1	-1	-1	1	5	2022	1	1	-1	-1	-1	-1	-1	-1	-1	-1	-1	-1	-1	-1	-1
NS20042G	1	-1	-1	-1	-1	-1	-1	-1	3	-1	-1	1	1	-1	-1	-1	-1	-1	-1	-1	-1	-1	-1	-1	-1	-1
NS20043H	2	1	4	2018	2	11	1989	33	3	-1	-1	1	1	-1	-1	-1	-1	-1	-1	-1	-1	-1	-1	-1	-1	-1
NS20052B	2	1	4	2013	2	8	1991	31	1	10	2018	1	1	-1	-1	-1	-1	-1	-1	-1	-1	-1	-1	-1	-1	-1
NS20057G	2	2	-1	-1	-1	-1	-1	-1	-1	-1	-1	-1	-1	-1	-1	-1	-1	-1	-1	-1	-1	-1	-1	-1	-1	-1
NS20059J	2	2	-1	-1	-1	-1	-1	-1	-1	-1	-1	-1	-1	-1	-1	-1	-1	-1	-1	-1	-1	-1	-1	-1	-1	-1
NS20064Y	2	2	-1	-1	-1	-1	-1	-1	-1	-1	-1	-1	-1	-1	-1	-1	-1	-1	-1	-1	-1	-1	-1	-1	-1	-1
NS20068C	2	2	-1	-1	-1	-1	-1	-1	-1	-1	-1	-1	-1	-1	-1	-1	-1	-1	-1	-1	-1	-1	-1	-1	-1	-1
NS20069D	2	1	3	2017	2	11	1988	34	1	3	2017	1	1	-1	-1	-1	-1	-1	-1	-1	-1	-1	-1	-1	-1	-1
NS20071P	1	-1	-1	-1	-1	-1	-1	-1	1	5	2018	1	1	-1	-1	-1	-1	-1	-1	-1	-1	-1	-1	-1	-1	-1
NS20072Q	1	-1	-1	-1	-1	-1	-1	-1	-1	-1	-1	1	1	-1	-1	-1	-1	-1	-1	-1	-1	-1	-1	-1	-1	-1
NS20074S	2	2	-1	-1	-1	-1	-1	-1	-1	-1	-1	-1	-1	-1	-1	-1	-1	-1	-1	-1	-1	-1	-1	-1	-1	-1
NS20075T	2	2	-1	-1	-1	-1	-1	-1	-1	-1	-1	-1	-1	-1	-1	-1	-1	-1	-1	-1	-1	-1	-1	-1	-1	-1
NS20078X	2	2	-1	-1	-1	-1	-1	-1	-1	-1	-1	-1	-1	-1	-1	-1	-1	-1	-1	-1	-1	-1	-1	-1	-1	-1
NS20080H	2	2	-1	-1	-1	-1	-1	-1	-1	-1	-1	-1	-1	-1	-1	-1	-1	-1	-1	-1	-1	-1	-1	-1	-1	-1
NS20081J	2	1	9	2012	1	4	1970	52	1	5	2017	1	1	-1	-1	-1	-1	-1	-1	-1	-1	-1	-1	-1	-1	-1
NS20085N	1	-1	-1	-1	-1	-1	-1	-1	-1	-1	-1	2	-1	1	1	2	1	2	2	2	2	2	2019	1	1	2022
NS20085N	2	1	2	2022	2	8	2000	22	3	-1	-1	1	1	-1	-1	-1	-1	-1	-1	-1	-1	-1	-1	-1	-1	-1
NS20086P	2	-9	-1	-1	-1	-1	-1	-1	-1	-1	-1	-1	-1	-1	-1	-1	-1	-1	-1	-1	-1	-1	-1	-1	-1	-1
NS20088R	1	-1	-1	-1	-1	-1	-1	-1	1	8	2022	1	1	-1	-1	-1	-1	-1	-1	-1	-1	-1	-1	-1	-1	-1
NS20089S	2	2	-1	-1	-1	-1	-1	-1	-1	-1	-1	-1	-1	-1	-1	-1	-1	-1	-1	-1	-1	-1	-1	-1	-1	-1
NS20094G	2	2	-1	-1	-1	-1	-1	-1	-1	-1	-1	-1	-1	-1	-1	-1	-1	-1	-1	-1	-1	-1	-1	-1	-1	-1
NS20095H	2	2	-1	-1	-1	-1	-1	-1	-1	-1	-1	-1	-1	-1	-1	-1	-1	-1	-1	-1	-1	-1	-1	-1	-1	-1
NS20099M	2	1	6	2020	1	7	1990	31	3	-1	-1	1	1	-1	-1	-1	-1	-1	-1	-1	-1	-1	-1	-1	-1	-1
NS20100D	2	2	-1	-1	-1	-1	-1	-1	-1	-1	-1	-1	-1	-1	-1	-1	-1	-1	-1	-1	-1	-1	-1	-1	-1	-1
NS20102F	2	1	6	2016	1	6	1986	36	3	-1	-1	1	1	-1	-1	-1	-1	-1	-1	-1	-1	-1	-1	-1	-1	-1
NS20105J	1	-1	-1	-1	-1	-1	-1	-1	1	11	2017	1	1	-1	-1	-1	-1	-1	-1	-1	-1	-1	-1	-1	-1	-1
NS20106K	2	1	8	2016	1	4	1989	33	1	8	2016	1	1	-1	-1	-1	-1	-1	-1	-1	-1	-1	-1	-1	-1	-1
NS20110Y	2	1	9	2010	2	11	1989	33	1	7	2011	1	1	-1	-1	-1	-1	-1	-1	-1	-1	-1	-1	-1	-1	-1
NS20111Z	1	-1	-1	-1	-1	-1	-1	-1	3	-1	-1	1	1	-1	-1	-1	-1	-1	-1	-1	-1	-1	-1	-1	-1	-1
NS20112A	1	-1	-1	-1	-1	-1	-1	-1	1	9	2016	1	1	-1	-1	-1	-1	-1	-1	-1	-1	-1	-1	-1	-1	-1
NS20114C	1	-1	-1	-1	-1	-1	-1	-1	1	4	2016	1	1	-1	-1	-1	-1	-1	-1	-1	-1	-1	-1	-1	-1	-1
NS20116E	1	-1	-1	-1	-1	-1	-1	-1	-1	-1	-1	1	1	-1	-1	-1	-1	-1	-1	-1	-1	-1	-1	-1	-1	-1
NS20118G	2	1	8	2011	2	12	1989	33	1	8	2011	1	1	-1	-1	-1	-1	-1	-1	-1	-1	-1	-1	-1	-1	-1
NS20120S	2	2	-1	-1	-1	-1	-1	-1	-1	-1	-1	-1	-1	-1	-1	-1	-1	-1	-1	-1	-1	-1	-1	-1	-1	-1
NS20121T	2	1	6	2017	1	3	1989	33	3	-1	-1	2	-1	2	-1	-1	-1	-1	-1	-1	-1	5	2021	-1	-1	-1
NS20121T	3	2	-1	-1	-1	-1	-1	-1	-1	-1	-1	-1	-1	-1	-1	-1	-1	-1	-1	-1	-1	-1	-1	-1	-1	-1
NS20123W	2	1	-8	-8	1	-8	-8	-8	3	-1	-1	2	-1	1	2	2	2	1	2	2	2	-8	2018	-1	-1	-1
NS20123W	3	1	8	2020	1	6	1983	39	3	-1	-1	1	1	-1	-1	-1	-1	-1	-1	-1	-1	-1	-1	-1	-1	-1
NS20124X	1	-1	-1	-1	-1	-1	-1	-1	-1	-1	-1	1	1	-1	-1	-1	-1	-1	-1	-1	-1	-1	-1	-1	-1	-1
NS20126Z	2	2	-1	-1	-1	-1	-1	-1	-1	-1	-1	-1	-1	-1	-1	-1	-1	-1	-1	-1	-1	-1	-1	-1	-1	-1
NS20127A	2	1	5	2017	1	12	1991	30	3	-1	-1	1	1	-1	-1	-1	-1	-1	-1	-1	-1	-1	-1	-1	-1	-1
NS20129C	2	2	-1	-1	-1	-1	-1	-1	-1	-1	-1	-1	-1	-1	-1	-1	-1	-1	-1	-1	-1	-1	-1	-1	-1	-1
NS20133Q	2	1	8	2015	2	9	1991	31	3	-1	-1	2	-1	1	1	2	2	2	2	2	2	11	2019	-1	-1	-1
NS20133Q	3	2	-1	-1	-1	-1	-1	-1	-1	-1	-1	-1	-1	-1	-1	-1	-1	-1	-1	-1	-1	-1	-1	-1	-1	-1
NS20147P	2	2	-1	-1	-1	-1	-1	-1	-1	-1	-1	-1	-1	-1	-1	-1	-1	-1	-1	-1	-1	-1	-1	-1	-1	-1
NS20148Q	1	-1	-1	-1	-1	-1	-1	-1	3	-1	-1	2	-1	1	2	2	2	2	1	2	2	12	2018	-1	-1	-1
NS20148Q	2	2	-1	-1	-1	-1	-1	-1	-1	-1	-1	-1	-1	-1	-1	-1	-1	-1	-1	-1	-1	-1	-1	-1	-1	-1
NS20152D	2	1	10	2021	1	12	1990	32	1	10	2022	1	1	-1	-1	-1	-1	-1	-1	-1	-1	-1	-1	-1	-1	-1
NS20154F	2	1	10	2021	2	6	1990	32	1	10	2021	1	1	-1	-1	-1	-1	-1	-1	-1	-1	-1	-1	-1	-1	-1
NS20155G	1	-1	-1	-1	-1	-1	-1	-1	1	11	2021	1	1	-1	-1	-1	-1	-1	-1	-1	-1	-1	-1	-1	-1	-1
NS20157J	2	2	-1	-1	-1	-1	-1	-1	-1	-1	-1	-1	-1	-1	-1	-1	-1	-1	-1	-1	-1	-1	-1	-1	-1	-1
NS20159L	2	2	-1	-1	-1	-1	-1	-1	-1	-1	-1	-1	-1	-1	-1	-1	-1	-1	-1	-1	-1	-1	-1	-1	-1	-1
NS20163Z	1	-1	-1	-1	-1	-1	-1	-1	3	-1	-1	2	-1	1	1	2	2	2	2	2	2	5	2017	-1	-1	-1
NS20163Z	2	1	2	2020	2	5	1976	46	3	-1	-1	2	-1	1	1	2	2	2	2	2	2	7	2021	-1	-1	-1
NS20163Z	3	2	-1	-1	-1	-1	-1	-1	-1	-1	-1	-1	-1	-1	-1	-1	-1	-1	-1	-1	-1	-1	-1	-1	-1	-1
NS20165B	1	-1	-1	-1	-1	-1	-1	-1	-1	-1	-1	1	1	-1	-1	-1	-1	-1	-1	-1	-1	-1	-1	-1	-1	-1
NS20166C	1	-1	-1	-1	-1	-1	-1	-1	3	-1	-1	2	-1	1	1	2	2	2	2	2	2	8	2017	-1	-1	-1
NS20166C	2	1	11	2017	2	1	1990	32	1	12	2021	1	1	-1	-1	-1	-1	-1	-1	-1	-1	-1	-1	-1	-1	-1
NS20168E	2	1	11	2020	1	6	1974	47	3	-1	-1	2	-1	2	-1	-1	-1	-1	-1	-1	-1	4	2021	-1	-1	-1
NS20168E	3	2	-1	-1	-1	-1	-1	-1	-1	-1	-1	-1	-1	-1	-1	-1	-1	-1	-1	-1	-1	-1	-1	-1	-1	-1
NS20169F	1	-1	-1	-1	-1	-1	-1	-1	-1	-1	-1	2	-1	1	1	2	1	1	1	2	2	10	2021	2	-1	-1
NS20169F	2	2	-1	-1	-1	-1	-1	-1	-1	-1	-1	-1	-1	-1	-1	-1	-1	-1	-1	-1	-1	-1	-1	-1	-1	-1
NS20172S	1	-1	-1	-1	-1	-1	-1	-1	3	-1	-1	1	1	-1	-1	-1	-1	-1	-1	-1	-1	-1	-1	-1	-1	-1
NS20173T	2	2	-1	-1	-1	-1	-1	-1	-1	-1	-1	-1	-1	-1	-1	-1	-1	-1	-1	-1	-1	-1	-1	-1	-1	-1
NS20177Y	2	1	4	2021	2	6	1988	34	3	-1	-1	1	1	-1	-1	-1	-1	-1	-1	-1	-1	-1	-1	-1	-1	-1
NS20179A	2	1	2	2022	2	1	1996	27	3	-1	-1	1	1	-1	-1	-1	-1	-1	-1	-1	-1	-1	-1	-1	-1	-1
NS20180K	2	1	8	2015	2	5	1990	32	1	9	2017	1	1	-1	-1	-1	-1	-1	-1	-1	-1	-1	-1	-1	-1	-1
NS20184P	2	1	7	2020	2	2	1990	32	1	7	2020	1	1	-1	-1	-1	-1	-1	-1	-1	-1	-1	-1	-1	-1	-1
NS20186R	2	1	6	2016	1	10	1989	32	3	-1	-1	2	-1	1	1	2	2	2	2	2	2	3	2019	-1	-1	-1
NS20186R	3	2	-1	-1	-1	-1	-1	-1	-1	-1	-1	-1	-1	-1	-1	-1	-1	-1	-1	-1	-1	-1	-1	-1	-1	-1
NS20187S	2	2	-1	-1	-1	-1	-1	-1	-1	-1	-1	-1	-1	-1	-1	-1	-1	-1	-1	-1	-1	-1	-1	-1	-1	-1
NS20189V	2	1	8	2009	1	6	1984	38	3	-1	-1	2	-1	1	1	2	2	2	2	2	2	1	2015	-1	-1	-1
NS20189V	3	1	10	2021	1	2	1991	31	3	-1	-1	1	1	-1	-1	-1	-1	-1	-1	-1	-1	-1	-1	-1	-1	-1
NS20190E	2	1	6	2017	1	1	1984	38	-1	-1	-1	1	1	-1	-1	-1	-1	-1	-1	-1	-1	-1	-1	-1	-1	-1
NS20195K	1	-1	-1	-1	-1	-1	-1	-1	3	-1	-1	2	-1	1	1	2	2	2	2	2	2	6	2022	-1	-1	-1
NS20195K	2	2	-1	-1	-1	-1	-1	-1	-1	-1	-1	-1	-1	-1	-1	-1	-1	-1	-1	-1	-1	-1	-1	-1	-1	-1
NS20197M	1	-1	-1	-1	-1	-1	-1	-1	3	-1	-1	2	-1	1	2	2	2	2	1	2	2	11	2022	-1	-1	-1
NS20197M	2	2	-1	-1	-1	-1	-1	-1	-1	-1	-1	-1	-1	-1	-1	-1	-1	-1	-1	-1	-1	-1	-1	-1	-1	-1
NS20198N	1	-1	-1	-1	-1	-1	-1	-1	-1	-1	-1	1	1	-1	-1	-1	-1	-1	-1	-1	-1	-1	-1	-1	-1	-1
NS20200F	2	2	-1	-1	-1	-1	-1	-1	-1	-1	-1	-1	-1	-1	-1	-1	-1	-1	-1	-1	-1	-1	-1	-1	-1	-1
NS20201G	2	1	9	2016	2	5	1986	36	1	9	2021	1	1	-1	-1	-1	-1	-1	-1	-1	-1	-1	-1	-1	-1	-1
NS20202H	2	2	-1	-1	-1	-1	-1	-1	-1	-1	-1	-1	-1	-1	-1	-1	-1	-1	-1	-1	-1	-1	-1	-1	-1	-1
NS20203J	1	-1	-1	-1	-1	-1	-1	-1	3	-1	-1	2	-1	1	1	2	2	2	2	2	2	5	2017	-1	-1	-1
NS20203J	2	2	-1	-1	-1	-1	-1	-1	-1	-1	-1	-1	-1	-1	-1	-1	-1	-1	-1	-1	-1	-1	-1	-1	-1	-1
NS20206M	1	-1	-1	-1	-1	-1	-1	-1	-1	-1	-1	1	1	-1	-1	-1	-1	-1	-1	-1	-1	-1	-1	-1	-1	-1
NS20207N	2	1	10	2020	2	4	1996	26	3	-1	-1	1	1	-1	-1	-1	-1	-1	-1	-1	-1	-1	-1	-1	-1	-1
NS20209Q	2	1	7	2017	1	11	1990	31	1	11	2021	1	1	-1	-1	-1	-1	-1	-1	-1	-1	-1	-1	-1	-1	-1
NS20210A	2	1	11	2017	1	6	1989	32	3	-1	-1	1	2	-1	-1	-1	-1	-1	-1	-1	-1	4	2019	-1	-1	-1
NS20210A	3	2	-1	-1	-1	-1	-1	-1	-1	-1	-1	-1	-1	-1	-1	-1	-1	-1	-1	-1	-1	-1	-1	-1	-1	-1
NS20212C	2	2	-1	-1	-1	-1	-1	-1	-1	-1	-1	-1	-1	-1	-1	-1	-1	-1	-1	-1	-1	-1	-1	-1	-1	-1
NS20215F	2	1	4	2017	1	6	1985	37	1	4	2017	1	1	-1	-1	-1	-1	-1	-1	-1	-1	-1	-1	-1	-1	-1
NS20220V	2	1	12	2013	2	3	1987	35	1	12	2013	1	1	-1	-1	-1	-1	-1	-1	-1	-1	-1	-1	-1	-1	-1
NS20223Y	2	1	8	2020	2	6	1989	33	3	-1	-1	1	1	-1	-1	-1	-1	-1	-1	-1	-1	-1	-1	-1	-1	-1
NS20224Z	1	-1	-1	-1	-1	-1	-1	-1	3	-1	-1	1	1	-1	-1	-1	-1	-1	-1	-1	-1	-1	-1	-1	-1	-1
NS20226B	2	1	11	2019	1	3	1995	27	3	-1	-1	1	1	-1	-1	-1	-1	-1	-1	-1	-1	-1	-1	-1	-1	-1
NS20227C	2	1	9	2020	-9	11	1995	27	3	-1	-1	2	-1	1	1	2	2	2	2	1	2	10	2021	-1	-1	-1
NS20227C	3	2	-1	-1	-1	-1	-1	-1	-1	-1	-1	-1	-1	-1	-1	-1	-1	-1	-1	-1	-1	-1	-1	-1	-1	-1
NS20228D	2	1	12	2015	1	-9	-9	32	3	-1	-1	1	1	-1	-1	-1	-1	-1	-1	-1	-1	-1	-1	-1	-1	-1
NS20231Q	2	1	1	2014	2	4	1994	28	3	-1	-1	2	-1	1	1	2	2	2	2	2	2	8	2017	-1	-1	-1
NS20231Q	3	2	-1	-1	-1	-1	-1	-1	-1	-1	-1	-1	-1	-1	-1	-1	-1	-1	-1	-1	-1	-1	-1	-1	-1	-1
NS20243M	1	-1	-1	-1	-1	-1	-1	-1	1	5	2019	1	1	-1	-1	-1	-1	-1	-1	-1	-1	-1	-1	-1	-1	-1
NS20244N	1	-1	-1	-1	-1	-1	-1	-1	-1	-1	-1	1	1	-1	-1	-1	-1	-1	-1	-1	-1	-1	-1	-1	-1	-1
NS20246Q	2	2	-1	-1	-1	-1	-1	-1	-1	-1	-1	-1	-1	-1	-1	-1	-1	-1	-1	-1	-1	-1	-1	-1	-1	-1
NS20247R	2	1	11	2018	1	12	1989	32	1	3	2016	1	1	-1	-1	-1	-1	-1	-1	-1	-1	-1	-1	-1	-1	-1
NS20249T	1	-1	-1	-1	-1	-1	-1	-1	1	4	2019	1	1	-1	-1	-1	-1	-1	-1	-1	-1	-1	-1	-1	-1	-1
NS20252F	2	2	-1	-1	-1	-1	-1	-1	-1	-1	-1	-1	-1	-1	-1	-1	-1	-1	-1	-1	-1	-1	-1	-1	-1	-1
NS20253G	2	1	9	2016	1	3	1987	35	1	9	2016	1	1	-1	-1	-1	-1	-1	-1	-1	-1	-1	-1	-1	-1	-1
NS20255J	2	1	5	2018	2	1	1988	35	1	5	2021	1	1	-1	-1	-1	-1	-1	-1	-1	-1	-1	-1	-1	-1	-1
NS20264C	1	-1	-1	-1	-1	-1	-1	-1	1	3	2016	1	1	-1	-1	-1	-1	-1	-1	-1	-1	-1	-1	-1	-1	-1
NS20268G	2	2	-1	-1	-1	-1	-1	-1	-1	-1	-1	-1	-1	-1	-1	-1	-1	-1	-1	-1	-1	-1	-1	-1	-1	-1
NS20271T	2	1	7	2018	1	3	1990	32	1	12	2016	1	1	-1	-1	-1	-1	-1	-1	-1	-1	-1	-1	-1	-1	-1
NS20274X	1	-1	-1	-1	-1	-1	-1	-1	3	-1	-1	2	-1	1	2	2	2	2	2	1	2	3	2016	-1	-1	-1
NS20274X	2	1	4	2017	1	7	1985	37	1	5	2019	1	1	-1	-1	-1	-1	-1	-1	-1	-1	-1	-1	-1	-1	-1
NS20275Y	2	1	8	2011	1	3	1990	32	1	5	2016	1	1	-1	-1	-1	-1	-1	-1	-1	-1	-1	-1	-1	-1	-1
NS20278B	2	1	8	2023	2	4	1992	31	3	-1	-1	1	1	-1	-1	-1	-1	-1	-1	-1	-1	-1	-1	-1	-1	-1
NS20279C	1	-1	-1	-1	-1	-1	-1	-1	1	10	2021	1	1	-1	-1	-1	-1	-1	-1	-1	-1	-1	-1	-1	-1	-1
NS20281N	1	-1	-1	-1	-1	-1	-1	-1	3	-1	-1	1	1	-1	-1	-1	-1	-1	-1	-1	-1	-1	-1	-1	-1	-1
NS20284R	2	1	8	2012	1	5	1989	33	3	-1	-1	2	-1	1	1	2	2	2	2	2	2	2	2016	-1	-1	-1
NS20284R	3	1	9	2016	1	12	1995	27	3	-1	-1	2	-1	1	1	2	2	2	2	2	2	12	2021	-1	-1	-1
NS20284R	4	2	-1	-1	-1	-1	-1	-1	-1	-1	-1	-1	-1	-1	-1	-1	-1	-1	-1	-1	-1	-1	-1	-1	-1	-1
NS20285S	1	-1	-1	-1	-1	-1	-1	-1	1	9	2018	1	1	-1	-1	-1	-1	-1	-1	-1	-1	-1	-1	-1	-1	-1
NS20287V	2	2	-1	-1	-1	-1	-1	-1	-1	-1	-1	-1	-1	-1	-1	-1	-1	-1	-1	-1	-1	-1	-1	-1	-1	-1
NS20288W	1	-1	-1	-1	-1	-1	-1	-1	3	-1	-1	1	1	-1	-1	-1	-1	-1	-1	-1	-1	-1	-1	-1	-1	-1
NS20289X	2	2	-1	-1	-1	-1	-1	-1	-1	-1	-1	-1	-1	-1	-1	-1	-1	-1	-1	-1	-1	-1	-1	-1	-1	-1
NS20290G	1	-1	-1	-1	-1	-1	-1	-1	-1	-1	-1	1	1	-1	-1	-1	-1	-1	-1	-1	-1	-1	-1	-1	-1	-1
NS20293K	2	1	1	2019	2	3	1990	32	3	-1	-1	2	-1	1	1	2	2	2	2	2	2	3	2021	-1	-1	-1
NS20293K	3	2	-1	-1	-1	-1	-1	-1	-1	-1	-1	-1	-1	-1	-1	-1	-1	-1	-1	-1	-1	-1	-1	-1	-1	-1
NS20294L	2	2	-1	-1	-1	-1	-1	-1	-1	-1	-1	-1	-1	-1	-1	-1	-1	-1	-1	-1	-1	-1	-1	-1	-1	-1
NS20297P	1	-1	-1	-1	-1	-1	-1	-1	1	9	2016	1	1	-1	-1	-1	-1	-1	-1	-1	-1	-1	-1	-1	-1	-1
NS20298Q	1	-1	-1	-1	-1	-1	-1	-1	3	-1	-1	1	1	-1	-1	-1	-1	-1	-1	-1	-1	-1	-1	-1	-1	-1
NS20299R	2	1	4	2018	1	1	1991	31	3	-1	-1	1	1	-1	-1	-1	-1	-1	-1	-1	-1	-1	-1	-1	-1	-1
NS20300H	2	1	3	2020	1	10	1980	42	3	-1	-1	1	1	-1	-1	-1	-1	-1	-1	-1	-1	-1	-1	-1	-1	-1
NS20303L	2	2	-1	-1	-1	-1	-1	-1	-1	-1	-1	-1	-1	-1	-1	-1	-1	-1	-1	-1	-1	-1	-1	-1	-1	-1
NS20304M	2	2	-1	-1	-1	-1	-1	-1	-1	-1	-1	-1	-1	-1	-1	-1	-1	-1	-1	-1	-1	-1	-1	-1	-1	-1
NS20306P	2	2	-1	-1	-1	-1	-1	-1	-1	-1	-1	-1	-1	-1	-1	-1	-1	-1	-1	-1	-1	-1	-1	-1	-1	-1
NS20307Q	1	-1	-1	-1	-1	-1	-1	-1	1	6	2017	1	1	-1	-1	-1	-1	-1	-1	-1	-1	-1	-1	-1	-1	-1
NS20308R	2	1	7	2017	1	10	1990	32	3	-1	-1	1	1	-1	-1	-1	-1	-1	-1	-1	-1	-1	-1	-1	-1	-1
NS20313F	2	2	-1	-1	-1	-1	-1	-1	-1	-1	-1	-1	-1	-1	-1	-1	-1	-1	-1	-1	-1	-1	-1	-1	-1	-1
NS20314G	1	-1	-1	-1	-1	-1	-1	-1	3	-1	-1	1	1	-1	-1	-1	-1	-1	-1	-1	-1	-1	-1	-1	-1	-1
NS20315H	2	1	5	2017	1	7	1991	31	1	6	2021	1	1	-1	-1	-1	-1	-1	-1	-1	-1	-1	-1	-1	-1	-1
NS20316J	2	2	-1	-1	-1	-1	-1	-1	-1	-1	-1	-1	-1	-1	-1	-1	-1	-1	-1	-1	-1	-1	-1	-1	-1	-1
NS20318L	1	-1	-1	-1	-1	-1	-1	-1	1	9	2019	1	1	-1	-1	-1	-1	-1	-1	-1	-1	-1	-1	-1	-1	-1
NS20325C	2	1	12	2013	2	12	1993	28	1	12	2013	1	1	-1	-1	-1	-1	-1	-1	-1	-1	-1	-1	-1	-1	-1
NS20326D	2	1	7	2016	1	4	1986	36	1	4	2017	1	1	-1	-1	-1	-1	-1	-1	-1	-1	-1	-1	-1	-1	-1
NS20328F	1	-1	-1	-1	-1	-1	-1	-1	-1	-1	-1	1	1	-1	-1	-1	-1	-1	-1	-1	-1	-1	-1	-1	-1	-1
NS20329G	1	-1	-1	-1	-1	-1	-1	-1	-1	-1	-1	1	1	-1	-1	-1	-1	-1	-1	-1	-1	-1	-1	-1	-1	-1
NS20331S	2	1	1	2017	1	10	1988	34	3	-1	-1	2	-1	1	1	2	2	2	2	2	2	6	2021	-1	-1	-1
NS20331S	3	2	-1	-1	-1	-1	-1	-1	-1	-1	-1	-1	-1	-1	-1	-1	-1	-1	-1	-1	-1	-1	-1	-1	-1	-1
NS20335X	2	1	4	2014	2	10	1992	30	1	3	2016	2	-1	1	1	2	2	2	2	2	2	4	2020	1	1	2022
NS20335X	3	2	-1	-1	-1	-1	-1	-1	-1	-1	-1	-1	-1	-1	-1	-1	-1	-1	-1	-1	-1	-1	-1	-1	-1	-1
NS20337Z	2	1	3	2018	1	5	1986	36	3	-1	-1	1	1	-1	-1	-1	-1	-1	-1	-1	-1	-1	-1	-1	-1	-1
NS20339B	2	2	-1	-1	-1	-1	-1	-1	-1	-1	-1	-1	-1	-1	-1	-1	-1	-1	-1	-1	-1	-1	-1	-1	-1	-1
NS20340L	2	1	6	2012	1	2	1983	39	1	7	2013	1	1	-1	-1	-1	-1	-1	-1	-1	-1	-1	-1	-1	-1	-1
NS20344Q	2	1	12	2021	1	9	1989	33	3	-1	-1	1	1	-1	-1	-1	-1	-1	-1	-1	-1	-1	-1	-1	-1	-1
NS20345R	2	2	-1	-1	-1	-1	-1	-1	-1	-1	-1	-1	-1	-1	-1	-1	-1	-1	-1	-1	-1	-1	-1	-1	-1	-1
NS20348V	2	1	3	2016	2	11	1989	33	2	-9	-9	1	1	-1	-1	-1	-1	-1	-1	-1	-1	-1	-1	-1	-1	-1
NS20353J	2	1	8	2016	2	1	1993	30	1	7	2021	1	1	-1	-1	-1	-1	-1	-1	-1	-1	-1	-1	-1	-1	-1
NS20355L	2	1	6	2019	1	7	1993	28	3	-1	-1	1	1	-1	-1	-1	-1	-1	-1	-1	-1	-1	-1	-1	-1	-1
NS20360A	2	1	9	2016	1	9	1990	32	3	-1	-1	1	1	-1	-1	-1	-1	-1	-1	-1	-1	-1	-1	-1	-1	-1
NS20362C	2	1	2	2018	2	6	1991	30	3	-1	-1	1	1	-1	-1	-1	-1	-1	-1	-1	-1	-1	-1	-1	-1	-1
NS20364E	2	2	-1	-1	-1	-1	-1	-1	-1	-1	-1	-1	-1	-1	-1	-1	-1	-1	-1	-1	-1	-1	-1	-1	-1	-1
NS20367H	1	-1	-1	-1	-1	-1	-1	-1	-1	-1	-1	2	-1	1	1	2	2	2	2	2	2	12	2015	1	3	2016
NS20367H	2	2	-1	-1	-1	-1	-1	-1	-1	-1	-1	-1	-1	-1	-1	-1	-1	-1	-1	-1	-1	-1	-1	-1	-1	-1
NS20368J	1	-1	-1	-1	-1	-1	-1	-1	3	-1	-1	2	-1	1	1	2	2	2	2	2	2	8	2018	-1	-1	-1
NS20368J	2	1	11	2019	1	5	1992	30	3	-1	-1	1	1	-1	-1	-1	-1	-1	-1	-1	-1	-1	-1	-1	-1	-1
NS20370V	2	2	-1	-1	-1	-1	-1	-1	-1	-1	-1	-1	-1	-1	-1	-1	-1	-1	-1	-1	-1	-1	-1	-1	-1	-1
NS20371W	1	-1	-1	-1	-1	-1	-1	-1	3	-1	-1	2	-1	1	1	2	2	2	2	2	2	8	2019	-1	-1	-1
NS20371W	2	2	-1	-1	-1	-1	-1	-1	-1	-1	-1	-1	-1	-1	-1	-1	-1	-1	-1	-1	-1	-1	-1	-1	-1	-1
NS20375A	2	1	6	2015	2	11	1988	34	3	-1	-1	1	1	-1	-1	-1	-1	-1	-1	-1	-1	-1	-1	-1	-1	-1
NS20377C	1	-1	-1	-1	-1	-1	-1	-1	-1	-1	-1	1	1	-1	-1	-1	-1	-1	-1	-1	-1	-1	-1	-1	-1	-1
NS20379E	1	-1	-1	-1	-1	-1	-1	-1	-1	-1	-1	1	1	-1	-1	-1	-1	-1	-1	-1	-1	-1	-1	-1	-1	-1
NS20382R	2	1	5	2017	2	10	1991	31	1	4	2017	1	1	-1	-1	-1	-1	-1	-1	-1	-1	-1	-1	-1	-1	-1
NS20386W	1	-1	-1	-1	-1	-1	-1	-1	1	9	2020	1	1	-1	-1	-1	-1	-1	-1	-1	-1	-1	-1	-1	-1	-1
NS20387X	2	1	9	2017	1	11	1988	33	1	9	2017	1	1	-1	-1	-1	-1	-1	-1	-1	-1	-1	-1	-1	-1	-1
NS20388Y	2	2	-1	-1	-1	-1	-1	-1	-1	-1	-1	-1	-1	-1	-1	-1	-1	-1	-1	-1	-1	-1	-1	-1	-1	-1
NS20391K	1	-1	-1	-1	-1	-1	-1	-1	3	-1	-1	2	-1	1	2	2	2	2	2	2	1	6	2017	-1	-1	-1
NS20391K	2	1	4	2018	1	1	1995	27	3	-1	-1	1	1	-1	-1	-1	-1	-1	-1	-1	-1	-1	-1	-1	-1	-1
NS20397R	2	1	3	2018	1	11	1990	31	3	-1	-1	1	1	-1	-1	-1	-1	-1	-1	-1	-1	-1	-1	-1	-1	-1
NS20400K	2	-9	-1	-1	-1	-1	-1	-1	-1	-1	-1	-1	-1	-1	-1	-1	-1	-1	-1	-1	-1	-1	-1	-1	-1	-1
NS20402M	2	1	4	2020	1	6	1986	36	3	-1	-1	1	1	-1	-1	-1	-1	-1	-1	-1	-1	-1	-1	-1	-1	-1
NS20404P	1	-1	-1	-1	-1	-1	-1	-1	-1	-1	-1	1	1	-1	-1	-1	-1	-1	-1	-1	-1	-1	-1	-1	-1	-1
NS20405Q	2	2	-1	-1	-1	-1	-1	-1	-1	-1	-1	-1	-1	-1	-1	-1	-1	-1	-1	-1	-1	-1	-1	-1	-1	-1
NS20406R	2	2	-1	-1	-1	-1	-1	-1	-1	-1	-1	-1	-1	-1	-1	-1	-1	-1	-1	-1	-1	-1	-1	-1	-1	-1
NS20407S	2	2	-1	-1	-1	-1	-1	-1	-1	-1	-1	-1	-1	-1	-1	-1	-1	-1	-1	-1	-1	-1	-1	-1	-1	-1
NS20409V	1	-1	-1	-1	-1	-1	-1	-1	3	-1	-1	2	-1	1	1	1	2	2	2	2	2	4	2017	-1	-1	-1
NS20409V	2	1	5	2021	2	1	1990	33	3	-1	-1	1	1	-1	-1	-1	-1	-1	-1	-1	-1	-1	-1	-1	-1	-1
NS20413H	2	1	8	2017	2	6	1989	33	3	-1	-1	1	1	-1	-1	-1	-1	-1	-1	-1	-1	-1	-1	-1	-1	-1
NS20414J	2	1	9	2016	1	9	1990	31	1	9	2016	1	1	-1	-1	-1	-1	-1	-1	-1	-1	-1	-1	-1	-1	-1
NS20418N	2	2	-1	-1	-1	-1	-1	-1	-1	-1	-1	-1	-1	-1	-1	-1	-1	-1	-1	-1	-1	-1	-1	-1	-1	-1
NS20420Z	2	1	9	2017	2	5	1987	35	1	10	2017	1	1	-1	-1	-1	-1	-1	-1	-1	-1	-1	-1	-1	-1	-1
NS20421A	2	2	-1	-1	-1	-1	-1	-1	-1	-1	-1	-1	-1	-1	-1	-1	-1	-1	-1	-1	-1	-1	-1	-1	-1	-1
NS20426F	1	-1	-1	-1	-1	-1	-1	-1	1	9	2019	1	1	-1	-1	-1	-1	-1	-1	-1	-1	-1	-1	-1	-1	-1
NS20428H	2	1	9	2014	2	12	1991	30	1	9	2014	1	1	-1	-1	-1	-1	-1	-1	-1	-1	-1	-1	-1	-1	-1
NS20429J	2	2	-1	-1	-1	-1	-1	-1	-1	-1	-1	-1	-1	-1	-1	-1	-1	-1	-1	-1	-1	-1	-1	-1	-1	-1
NS20430T	2	1	7	2016	2	8	1993	29	3	-1	-1	2	-1	1	1	2	1	2	2	2	2	4	2019	-1	-1	-1
NS20430T	3	2	-1	-1	-1	-1	-1	-1	-1	-1	-1	-1	-1	-1	-1	-1	-1	-1	-1	-1	-1	-1	-1	-1	-1	-1
NS20432W	1	-1	-1	-1	-1	-1	-1	-1	-1	-1	-1	1	1	-1	-1	-1	-1	-1	-1	-1	-1	-1	-1	-1	-1	-1
NS20433X	1	-1	-1	-1	-1	-1	-1	-1	-1	-1	-1	2	-1	1	1	2	2	2	2	2	2	9	2017	1	10	2017
NS20433X	2	1	11	2017	2	7	1991	31	3	-1	-1	1	1	-1	-1	-1	-1	-1	-1	-1	-1	-1	-1	-1	-1	-1
NS20434Y	2	1	5	2023	2	2	1996	27	3	-1	-1	1	1	-1	-1	-1	-1	-1	-1	-1	-1	-1	-1	-1	-1	-1
NS20442Q	2	1	3	2017	1	6	1989	33	1	9	2017	1	1	-1	-1	-1	-1	-1	-1	-1	-1	-1	-1	-1	-1	-1
NS20444S	1	-1	-1	-1	-1	-1	-1	-1	1	9	2017	1	1	-1	-1	-1	-1	-1	-1	-1	-1	-1	-1	-1	-1	-1
NS20446V	2	1	11	2021	2	2	1991	31	3	-1	-1	1	1	-1	-1	-1	-1	-1	-1	-1	-1	-1	-1	-1	-1	-1
NS20456P	2	1	10	2017	2	4	1990	32	1	9	2021	1	1	-1	-1	-1	-1	-1	-1	-1	-1	-1	-1	-1	-1	-1
NS20458R	1	-1	-1	-1	-1	-1	-1	-1	-1	-1	-1	1	1	-1	-1	-1	-1	-1	-1	-1	-1	-1	-1	-1	-1	-1
NS20460C	2	1	12	2017	1	9	1987	35	3	-1	-1	1	1	-1	-1	-1	-1	-1	-1	-1	-1	-1	-1	-1	-1	-1
NS20465H	2	1	1	2017	1	7	1980	42	3	-1	-1	1	1	-1	-1	-1	-1	-1	-1	-1	-1	-1	-1	-1	-1	-1
NS20468L	1	-1	-1	-1	-1	-1	-1	-1	3	-1	-1	1	1	-1	-1	-1	-1	-1	-1	-1	-1	-1	-1	-1	-1	-1
NS20470X	2	1	12	2015	1	12	1989	33	3	-1	-1	1	1	-1	-1	-1	-1	-1	-1	-1	-1	-1	-1	-1	-1	-1
NS20475C	2	1	7	2016	1	-8	-8	-8	3	-1	-1	2	-1	1	1	2	2	2	2	2	2	1	2017	-1	-1	-1
NS20475C	3	1	7	2017	1	4	1996	26	3	-1	-1	1	1	-1	-1	-1	-1	-1	-1	-1	-1	-1	-1	-1	-1	-1
NS20476D	2	1	10	2018	1	1	1990	32	3	-1	-1	1	1	-1	-1	-1	-1	-1	-1	-1	-1	-1	-1	-1	-1	-1
NS20477E	2	1	7	2020	1	5	1992	30	2	7	2020	1	1	-1	-1	-1	-1	-1	-1	-1	-1	-1	-1	-1	-1	-1
NS20478F	2	1	3	2016	2	1	1995	28	3	-1	-1	1	1	-1	-1	-1	-1	-1	-1	-1	-1	-1	-1	-1	-1	-1
NS20483V	2	1	9	2015	2	12	1992	29	1	6	2018	1	1	-1	-1	-1	-1	-1	-1	-1	-1	-1	-1	-1	-1	-1
NS20484W	2	2	-1	-1	-1	-1	-1	-1	-1	-1	-1	-1	-1	-1	-1	-1	-1	-1	-1	-1	-1	-1	-1	-1	-1	-1
NS20489B	2	1	7	2015	1	4	1987	35	1	7	2015	1	1	-1	-1	-1	-1	-1	-1	-1	-1	-1	-1	-1	-1	-1
NS20493P	1	-1	-1	-1	-1	-1	-1	-1	-1	-1	-1	1	1	-1	-1	-1	-1	-1	-1	-1	-1	-1	-1	-1	-1	-1
NS20495R	2	1	9	2018	1	12	1988	33	1	9	2018	1	1	-1	-1	-1	-1	-1	-1	-1	-1	-1	-1	-1	-1	-1
NS20497T	1	-1	-1	-1	-1	-1	-1	-1	1	8	2017	1	1	-1	-1	-1	-1	-1	-1	-1	-1	-1	-1	-1	-1	-1
NS20499W	1	-1	-1	-1	-1	-1	-1	-1	-1	-1	-1	1	1	-1	-1	-1	-1	-1	-1	-1	-1	-1	-1	-1	-1	-1
NS20500M	2	1	1	2010	2	10	1989	33	1	11	2010	1	1	-1	-1	-1	-1	-1	-1	-1	-1	-1	-1	-1	-1	-1
NS20501N	2	2	-1	-1	-1	-1	-1	-1	-1	-1	-1	-1	-1	-1	-1	-1	-1	-1	-1	-1	-1	-1	-1	-1	-1	-1
NS20502P	2	1	7	2019	1	8	1987	35	3	-1	-1	1	1	-1	-1	-1	-1	-1	-1	-1	-1	-1	-1	-1	-1	-1
NS20503Q	2	2	-1	-1	-1	-1	-1	-1	-1	-1	-1	-1	-1	-1	-1	-1	-1	-1	-1	-1	-1	-1	-1	-1	-1	-1
NS20505S	2	1	8	2022	1	5	1990	32	1	8	2022	1	1	-1	-1	-1	-1	-1	-1	-1	-1	-1	-1	-1	-1	-1
NS20506T	2	2	-1	-1	-1	-1	-1	-1	-1	-1	-1	-1	-1	-1	-1	-1	-1	-1	-1	-1	-1	-1	-1	-1	-1	-1
NS20507V	2	2	-1	-1	-1	-1	-1	-1	-1	-1	-1	-1	-1	-1	-1	-1	-1	-1	-1	-1	-1	-1	-1	-1	-1	-1
NS20508W	1	-1	-1	-1	-1	-1	-1	-1	1	5	2018	1	1	-1	-1	-1	-1	-1	-1	-1	-1	-1	-1	-1	-1	-1
NS20511H	2	1	5	2017	2	9	1990	33	1	5	2022	1	1	-1	-1	-1	-1	-1	-1	-1	-1	-1	-1	-1	-1	-1
NS20515M	2	1	8	2010	1	1	1987	36	3	-1	-1	2	-1	1	2	2	2	1	2	2	2	10	2012	-1	-1	-1
NS20515M	3	2	-1	-1	-1	-1	-1	-1	-1	-1	-1	-1	-1	-1	-1	-1	-1	-1	-1	-1	-1	-1	-1	-1	-1	-1
NS20517P	2	2	-1	-1	-1	-1	-1	-1	-1	-1	-1	-1	-1	-1	-1	-1	-1	-1	-1	-1	-1	-1	-1	-1	-1	-1
NS20518Q	2	1	12	2020	1	10	1986	36	3	-1	-1	1	1	-1	-1	-1	-1	-1	-1	-1	-1	-1	-1	-1	-1	-1
NS20521C	2	1	7	2019	2	2	1994	28	1	10	2022	1	1	-1	-1	-1	-1	-1	-1	-1	-1	-1	-1	-1	-1	-1
NS20527J	1	-1	-1	-1	-1	-1	-1	-1	1	10	2022	1	1	-1	-1	-1	-1	-1	-1	-1	-1	-1	-1	-1	-1	-1
NS20528K	2	1	6	2012	1	9	1987	35	1	5	2019	1	1	-1	-1	-1	-1	-1	-1	-1	-1	-1	-1	-1	-1	-1
NS20530W	2	1	10	2019	2	3	1995	27	3	-1	-1	1	1	-1	-1	-1	-1	-1	-1	-1	-1	-1	-1	-1	-1	-1
NS20531X	2	2	-1	-1	-1	-1	-1	-1	-1	-1	-1	-1	-1	-1	-1	-1	-1	-1	-1	-1	-1	-1	-1	-1	-1	-1
NS20532Y	2	2	-1	-1	-1	-1	-1	-1	-1	-1	-1	-1	-1	-1	-1	-1	-1	-1	-1	-1	-1	-1	-1	-1	-1	-1
NS20533Z	2	2	-1	-1	-1	-1	-1	-1	-1	-1	-1	-1	-1	-1	-1	-1	-1	-1	-1	-1	-1	-1	-1	-1	-1	-1
NS20539F	1	-1	-1	-1	-1	-1	-1	-1	-1	-1	-1	1	1	-1	-1	-1	-1	-1	-1	-1	-1	-1	-1	-1	-1	-1
NS20540Q	2	2	-1	-1	-1	-1	-1	-1	-1	-1	-1	-1	-1	-1	-1	-1	-1	-1	-1	-1	-1	-1	-1	-1	-1	-1
NS20542S	2	1	1	2020	2	6	1992	31	1	8	2023	1	1	-1	-1	-1	-1	-1	-1	-1	-1	-1	-1	-1	-1	-1
NS20545W	2	1	11	2016	1	2	1992	30	1	7	2022	1	1	-1	-1	-1	-1	-1	-1	-1	-1	-1	-1	-1	-1	-1
NS20547Y	2	1	5	2019	2	3	1992	30	3	-1	-1	1	1	-1	-1	-1	-1	-1	-1	-1	-1	-1	-1	-1	-1	-1
NS20551L	2	1	7	2018	1	10	1997	25	3	-1	-1	2	-1	1	2	2	2	2	1	2	2	12	2020	-1	-1	-1
NS20551L	3	2	-1	-1	-1	-1	-1	-1	-1	-1	-1	-1	-1	-1	-1	-1	-1	-1	-1	-1	-1	-1	-1	-1	-1	-1
NS20557S	1	-1	-1	-1	-1	-1	-1	-1	3	-1	-1	1	1	-1	-1	-1	-1	-1	-1	-1	-1	-1	-1	-1	-1	-1
NS20558T	2	1	-8	2018	1	3	1976	46	3	-1	-1	1	1	-1	-1	-1	-1	-1	-1	-1	-1	-1	-1	-1	-1	-1
NS20559V	1	-1	-1	-1	-1	-1	-1	-1	3	-1	-1	2	-1	2	-1	-1	-1	-1	-1	-1	-1	7	2021	-1	-1	-1
NS20559V	2	2	-1	-1	-1	-1	-1	-1	-1	-1	-1	-1	-1	-1	-1	-1	-1	-1	-1	-1	-1	-1	-1	-1	-1	-1
NS20561F	2	1	9	2015	1	7	1995	26	1	1	2022	1	1	-1	-1	-1	-1	-1	-1	-1	-1	-1	-1	-1	-1	-1
NS20562G	2	2	-1	-1	-1	-1	-1	-1	-1	-1	-1	-1	-1	-1	-1	-1	-1	-1	-1	-1	-1	-1	-1	-1	-1	-1
NS20565K	1	-1	-1	-1	-1	-1	-1	-1	3	-1	-1	2	-1	1	1	1	1	2	2	2	2	3	2019	-1	-1	-1
NS20565K	2	2	-1	-1	-1	-1	-1	-1	-1	-1	-1	-1	-1	-1	-1	-1	-1	-1	-1	-1	-1	-1	-1	-1	-1	-1
NS20567M	1	-1	-1	-1	-1	-1	-1	-1	-1	-1	-1	1	1	-1	-1	-1	-1	-1	-1	-1	-1	-1	-1	-1	-1	-1
NS20569P	2	1	6	2017	1	1	1992	30	3	-1	-1	1	1	-1	-1	-1	-1	-1	-1	-1	-1	-1	-1	-1	-1	-1
NS20573C	1	-1	-1	-1	-1	-1	-1	-1	3	-1	-1	2	-1	1	1	2	2	1	2	2	2	3	2018	-1	-1	-1
NS20573C	2	1	10	2020	1	7	1991	31	3	-1	-1	1	1	-1	-1	-1	-1	-1	-1	-1	-1	-1	-1	-1	-1	-1
NS20575E	2	1	7	2016	1	10	1980	42	1	9	2019	1	1	-1	-1	-1	-1	-1	-1	-1	-1	-1	-1	-1	-1	-1
NS20576F	1	-1	-1	-1	-1	-1	-1	-1	1	8	2016	1	1	-1	-1	-1	-1	-1	-1	-1	-1	-1	-1	-1	-1	-1
NS20578H	2	1	10	2009	2	-8	1988	-8	3	-1	-1	2	-1	1	1	2	2	2	2	2	2	9	2014	-1	-1	-1
NS20578H	3	1	1	2018	2	11	1979	43	3	-1	-1	1	1	-1	-1	-1	-1	-1	-1	-1	-1	-1	-1	-1	-1	-1
NS20579J	2	2	-1	-1	-1	-1	-1	-1	-1	-1	-1	-1	-1	-1	-1	-1	-1	-1	-1	-1	-1	-1	-1	-1	-1	-1
NS20581V	2	2	-1	-1	-1	-1	-1	-1	-1	-1	-1	-1	-1	-1	-1	-1	-1	-1	-1	-1	-1	-1	-1	-1	-1	-1
NS20584Y	1	-1	-1	-1	-1	-1	-1	-1	-1	-1	-1	1	1	-1	-1	-1	-1	-1	-1	-1	-1	-1	-1	-1	-1	-1
NS20585Z	2	2	-1	-1	-1	-1	-1	-1	-1	-1	-1	-1	-1	-1	-1	-1	-1	-1	-1	-1	-1	-1	-1	-1	-1	-1
NS20586A	2	1	7	2018	2	6	1995	27	1	4	2021	1	2	-1	-1	-1	-1	-1	-1	-1	-1	6	2020	-1	-1	-1
NS20586A	3	1	11	2020	2	6	1995	27	1	4	2021	1	2	-1	-1	-1	-1	-1	-1	-1	-1	6	2021	-1	-1	-1
NS20586A	4	1	11	2021	2	6	1995	27	1	4	2021	1	1	-1	-1	-1	-1	-1	-1	-1	-1	-1	-1	-1	-1	-1
NS20588C	2	2	-1	-1	-1	-1	-1	-1	-1	-1	-1	-1	-1	-1	-1	-1	-1	-1	-1	-1	-1	-1	-1	-1	-1	-1
NS20589D	2	2	-1	-1	-1	-1	-1	-1	-1	-1	-1	-1	-1	-1	-1	-1	-1	-1	-1	-1	-1	-1	-1	-1	-1	-1
NS20593R	1	-1	-1	-1	-1	-1	-1	-1	-1	-1	-1	1	1	-1	-1	-1	-1	-1	-1	-1	-1	-1	-1	-1	-1	-1
NS20594S	2	1	2	2017	1	4	1990	32	1	6	2019	1	1	-1	-1	-1	-1	-1	-1	-1	-1	-1	-1	-1	-1	-1
NS20595T	2	1	7	2021	2	11	1995	27	3	-1	-1	1	1	-1	-1	-1	-1	-1	-1	-1	-1	-1	-1	-1	-1	-1
NS20596V	2	2	-1	-1	-1	-1	-1	-1	-1	-1	-1	-1	-1	-1	-1	-1	-1	-1	-1	-1	-1	-1	-1	-1	-1	-1
NS20598X	1	-1	-1	-1	-1	-1	-1	-1	-1	-1	-1	1	1	-1	-1	-1	-1	-1	-1	-1	-1	-1	-1	-1	-1	-1
NS20599Y	1	-1	-1	-1	-1	-1	-1	-1	3	-1	-1	1	1	-1	-1	-1	-1	-1	-1	-1	-1	-1	-1	-1	-1	-1
NS20601Q	2	2	-1	-1	-1	-1	-1	-1	-1	-1	-1	-1	-1	-1	-1	-1	-1	-1	-1	-1	-1	-1	-1	-1	-1	-1
NS20602R	2	1	4	2016	2	12	1989	32	3	-1	-1	1	1	-1	-1	-1	-1	-1	-1	-1	-1	-1	-1	-1	-1	-1
NS20604T	2	2	-1	-1	-1	-1	-1	-1	-1	-1	-1	-1	-1	-1	-1	-1	-1	-1	-1	-1	-1	-1	-1	-1	-1	-1
NS20605V	2	1	8	2014	1	5	1990	32	3	-1	-1	2	-1	1	1	2	2	2	2	2	2	5	2017	-1	-1	-1
NS20605V	3	2	-1	-1	-1	-1	-1	-1	-1	-1	-1	-1	-1	-1	-1	-1	-1	-1	-1	-1	-1	-1	-1	-1	-1	-1
NS20607X	2	1	11	2014	2	11	1989	33	3	-1	-1	1	1	-1	-1	-1	-1	-1	-1	-1	-1	-1	-1	-1	-1	-1
NS20608Y	2	2	-1	-1	-1	-1	-1	-1	-1	-1	-1	-1	-1	-1	-1	-1	-1	-1	-1	-1	-1	-1	-1	-1	-1	-1
NS20609Z	1	-1	-1	-1	-1	-1	-1	-1	1	6	2016	1	1	-1	-1	-1	-1	-1	-1	-1	-1	-1	-1	-1	-1	-1
NS20611K	1	-1	-1	-1	-1	-1	-1	-1	3	-1	-1	2	-1	1	1	2	2	2	2	2	2	5	2016	-1	-1	-1
NS20611K	2	2	-1	-1	-1	-1	-1	-1	-1	-1	-1	-1	-1	-1	-1	-1	-1	-1	-1	-1	-1	-1	-1	-1	-1	-1
NS20612L	2	1	1	2021	1	10	1984	38	3	-1	-1	1	1	-1	-1	-1	-1	-1	-1	-1	-1	-1	-1	-1	-1	-1
NS20618S	1	-1	-1	-1	-1	-1	-1	-1	1	3	2018	1	1	-1	-1	-1	-1	-1	-1	-1	-1	-1	-1	-1	-1	-1
NS20620D	1	-1	-1	-1	-1	-1	-1	-1	-1	-1	-1	1	1	-1	-1	-1	-1	-1	-1	-1	-1	-1	-1	-1	-1	-1
NS20623G	2	1	9	2014	1	6	1986	36	3	-1	-1	1	1	-1	-1	-1	-1	-1	-1	-1	-1	-1	-1	-1	-1	-1
NS20624H	2	1	1	2018	1	5	1987	34	3	-1	-1	2	-1	1	1	1	1	2	2	2	2	2	2020	-1	-1	-1
NS20624H	3	2	-1	-1	-1	-1	-1	-1	-1	-1	-1	-1	-1	-1	-1	-1	-1	-1	-1	-1	-1	-1	-1	-1	-1	-1
NS20625J	1	-1	-1	-1	-1	-1	-1	-1	-1	-1	-1	1	1	-1	-1	-1	-1	-1	-1	-1	-1	-1	-1	-1	-1	-1
NS20626K	2	1	4	2014	2	11	1994	28	3	-1	-1	2	-1	1	1	1	2	2	2	2	2	3	2019	-1	-1	-1
NS20626K	3	2	-1	-1	-1	-1	-1	-1	-1	-1	-1	-1	-1	-1	-1	-1	-1	-1	-1	-1	-1	-1	-1	-1	-1	-1
NS20629N	1	-1	-1	-1	-1	-1	-1	-1	-1	-1	-1	1	1	-1	-1	-1	-1	-1	-1	-1	-1	-1	-1	-1	-1	-1
NS20630Y	2	1	10	2016	2	10	1987	35	1	10	2019	1	1	-1	-1	-1	-1	-1	-1	-1	-1	-1	-1	-1	-1	-1
NS20631Z	2	1	8	2016	2	8	1989	33	3	-1	-1	1	1	-1	-1	-1	-1	-1	-1	-1	-1	-1	-1	-1	-1	-1
NS20632A	1	-1	-1	-1	-1	-1	-1	-1	3	-1	-1	2	-1	1	2	1	2	2	2	2	2	1	2021	-1	-1	-1
NS20632A	2	2	-1	-1	-1	-1	-1	-1	-1	-1	-1	-1	-1	-1	-1	-1	-1	-1	-1	-1	-1	-1	-1	-1	-1	-1
NS20633B	2	2	-1	-1	-1	-1	-1	-1	-1	-1	-1	-1	-1	-1	-1	-1	-1	-1	-1	-1	-1	-1	-1	-1	-1	-1
NS20634C	1	-1	-1	-1	-1	-1	-1	-1	3	-1	-1	1	1	-1	-1	-1	-1	-1	-1	-1	-1	-1	-1	-1	-1	-1
NS20636E	1	-1	-1	-1	-1	-1	-1	-1	3	-1	-1	2	2	1	1	1	1	1	1	2	2	12	2015	-1	-1	-1
NS20636E	2	2	-1	-1	-1	-1	-1	-1	-1	-1	-1	-1	-1	-1	-1	-1	-1	-1	-1	-1	-1	-1	-1	-1	-1	-1
NS20638G	2	1	8	2021	2	9	1989	33	1	9	2021	1	1	-1	-1	-1	-1	-1	-1	-1	-1	-1	-1	-1	-1	-1
NS20641T	1	-1	-1	-1	-1	-1	-1	-1	3	-1	-1	1	1	-1	-1	-1	-1	-1	-1	-1	-1	-1	-1	-1	-1	-1
NS20649C	2	1	2	2014	1	-8	1994	28	3	-1	-1	2	-1	1	1	2	2	2	2	2	2	9	2014	-1	-1	-1
NS20649C	3	1	10	2018	1	4	1990	32	3	-1	-1	2	-1	1	1	2	2	2	2	2	2	8	2020	-1	-1	-1
NS20649C	4	2	-1	-1	-1	-1	-1	-1	-1	-1	-1	-1	-1	-1	-1	-1	-1	-1	-1	-1	-1	-1	-1	-1	-1	-1
NS20650M	2	2	-1	-1	-1	-1	-1	-1	-1	-1	-1	-1	-1	-1	-1	-1	-1	-1	-1	-1	-1	-1	-1	-1	-1	-1
NS20652P	2	2	-1	-1	-1	-1	-1	-1	-1	-1	-1	-1	-1	-1	-1	-1	-1	-1	-1	-1	-1	-1	-1	-1	-1	-1
NS20655S	2	2	-1	-1	-1	-1	-1	-1	-1	-1	-1	-1	-1	-1	-1	-1	-1	-1	-1	-1	-1	-1	-1	-1	-1	-1
NS20656T	2	1	10	2020	1	9	1987	35	3	-1	-1	1	1	-1	-1	-1	-1	-1	-1	-1	-1	-1	-1	-1	-1	-1
NS20657V	2	1	11	2010	1	10	1990	32	3	-1	-1	2	-1	1	2	2	2	1	1	2	2	-8	-8	-1	-1	-1
NS20657V	3	2	-1	-1	-1	-1	-1	-1	-1	-1	-1	-1	-1	-1	-1	-1	-1	-1	-1	-1	-1	-1	-1	-1	-1	-1
NS20658W	1	-1	-1	-1	-1	-1	-1	-1	3	-1	-1	1	1	-1	-1	-1	-1	-1	-1	-1	-1	-1	-1	-1	-1	-1
NS20659X	2	2	-1	-1	-1	-1	-1	-1	-1	-1	-1	-1	-1	-1	-1	-1	-1	-1	-1	-1	-1	-1	-1	-1	-1	-1
NS20660G	1	-1	-1	-1	-1	-1	-1	-1	1	5	2019	1	1	-1	-1	-1	-1	-1	-1	-1	-1	-1	-1	-1	-1	-1
NS20663K	2	1	10	2015	1	-9	1990	32	1	9	2022	1	1	-1	-1	-1	-1	-1	-1	-1	-1	-1	-1	-1	-1	-1
NS20665M	1	-1	-1	-1	-1	-1	-1	-1	3	-1	-1	2	-1	1	1	2	2	2	2	2	2	10	2020	-1	-1	-1
NS20665M	2	2	-1	-1	-1	-1	-1	-1	-1	-1	-1	-1	-1	-1	-1	-1	-1	-1	-1	-1	-1	-1	-1	-1	-1	-1
NS20666N	2	1	1	2016	1	11	1988	34	1	10	2022	1	1	-1	-1	-1	-1	-1	-1	-1	-1	-1	-1	-1	-1	-1
NS20670B	1	-1	-1	-1	-1	-1	-1	-1	-1	-1	-1	-9	-1	-1	-1	-1	-1	-1	-1	-1	-1	-1	-1	-9	-1	-1
NS20670B	2	2	-1	-1	-1	-1	-1	-1	-1	-1	-1	-1	-1	-1	-1	-1	-1	-1	-1	-1	-1	-1	-1	-1	-1	-1
NS20673E	2	1	9	2008	1	9	1988	33	1	8	2016	1	2	-1	-1	-1	-1	-1	-1	-1	-1	6	2011	-1	-1	-1
NS20673E	3	1	7	2016	1	9	1988	33	1	8	2016	1	1	-1	-1	-1	-1	-1	-1	-1	-1	-1	-1	-1	-1	-1
NS20674F	2	1	2	2020	1	12	1992	29	1	4	2017	1	1	-1	-1	-1	-1	-1	-1	-1	-1	-1	-1	-1	-1	-1
NS20676H	2	1	1	2017	1	1	1988	35	1	7	2017	1	1	-1	-1	-1	-1	-1	-1	-1	-1	-1	-1	-1	-1	-1
NS20677J	2	2	-1	-1	-1	-1	-1	-1	-1	-1	-1	-1	-1	-1	-1	-1	-1	-1	-1	-1	-1	-1	-1	-1	-1	-1
NS20679L	2	2	-1	-1	-1	-1	-1	-1	-1	-1	-1	-1	-1	-1	-1	-1	-1	-1	-1	-1	-1	-1	-1	-1	-1	-1
NS20682Y	2	2	-1	-1	-1	-1	-1	-1	-1	-1	-1	-1	-1	-1	-1	-1	-1	-1	-1	-1	-1	-1	-1	-1	-1	-1
NS20684A	2	2	-1	-1	-1	-1	-1	-1	-1	-1	-1	-1	-1	-1	-1	-1	-1	-1	-1	-1	-1	-1	-1	-1	-1	-1
NS20685B	2	2	-1	-1	-1	-1	-1	-1	-1	-1	-1	-1	-1	-1	-1	-1	-1	-1	-1	-1	-1	-1	-1	-1	-1	-1
NS20686C	1	-1	-1	-1	-1	-1	-1	-1	3	-1	-1	1	1	-1	-1	-1	-1	-1	-1	-1	-1	-1	-1	-1	-1	-1
NS20687D	1	-1	-1	-1	-1	-1	-1	-1	-1	-1	-1	2	-1	1	1	1	2	2	2	2	2	1	2023	1	1	2023
NS20687D	2	2	-1	-1	-1	-1	-1	-1	-1	-1	-1	-1	-1	-1	-1	-1	-1	-1	-1	-1	-1	-1	-1	-1	-1	-1
NS20688E	1	-1	-1	-1	-1	-1	-1	-1	1	4	2022	1	1	-1	-1	-1	-1	-1	-1	-1	-1	-1	-1	-1	-1	-1
NS20691R	2	1	8	2013	1	7	1990	32	1	9	2019	1	1	-1	-1	-1	-1	-1	-1	-1	-1	-1	-1	-1	-1	-1
NS20705X	2	1	2	2017	2	11	1989	33	1	2	2017	1	1	-1	-1	-1	-1	-1	-1	-1	-1	-1	-1	-1	-1	-1
NS20707Z	2	1	11	2019	2	11	1996	25	3	-1	-1	1	1	-1	-1	-1	-1	-1	-1	-1	-1	-1	-1	-1	-1	-1
NS20709B	2	1	2	2016	1	12	1989	33	1	4	2019	1	1	-1	-1	-1	-1	-1	-1	-1	-1	-1	-1	-1	-1	-1
NS20716S	2	2	-1	-1	-1	-1	-1	-1	-1	-1	-1	-1	-1	-1	-1	-1	-1	-1	-1	-1	-1	-1	-1	-1	-1	-1
NS20717T	1	-1	-1	-1	-1	-1	-1	-1	-1	-1	-1	1	1	-1	-1	-1	-1	-1	-1	-1	-1	-1	-1	-1	-1	-1
NS20720F	1	-1	-1	-1	-1	-1	-1	-1	3	-1	-1	1	1	-1	-1	-1	-1	-1	-1	-1	-1	-1	-1	-1	-1	-1
NS20722H	2	2	-1	-1	-1	-1	-1	-1	-1	-1	-1	-1	-1	-1	-1	-1	-1	-1	-1	-1	-1	-1	-1	-1	-1	-1
NS20724K	2	1	5	2020	2	1	1991	31	3	-1	-1	2	-1	1	1	2	2	2	2	2	2	6	2022	-1	-1	-1
NS20724K	3	2	-1	-1	-1	-1	-1	-1	-1	-1	-1	-1	-1	-1	-1	-1	-1	-1	-1	-1	-1	-1	-1	-1	-1	-1
NS20725L	1	-1	-1	-1	-1	-1	-1	-1	1	7	2018	1	1	-1	-1	-1	-1	-1	-1	-1	-1	-1	-1	-1	-1	-1
NS20726M	2	2	-1	-1	-1	-1	-1	-1	-1	-1	-1	-1	-1	-1	-1	-1	-1	-1	-1	-1	-1	-1	-1	-1	-1	-1
NS20727N	1	-1	-1	-1	-1	-1	-1	-1	1	9	2019	2	-1	1	1	2	2	2	2	2	2	11	2021	1	5	2022
NS20727N	2	2	-1	-1	-1	-1	-1	-1	-1	-1	-1	-1	-1	-1	-1	-1	-1	-1	-1	-1	-1	-1	-1	-1	-1	-1
NS20728P	2	1	6	2019	2	-9	-9	35	3	-1	-1	1	1	-1	-1	-1	-1	-1	-1	-1	-1	-1	-1	-1	-1	-1
NS20729Q	1	-1	-1	-1	-1	-1	-1	-1	1	7	2017	1	1	-1	-1	-1	-1	-1	-1	-1	-1	-1	-1	-1	-1	-1
NS20730A	2	1	12	2022	1	4	1996	26	3	-1	-1	1	1	-1	-1	-1	-1	-1	-1	-1	-1	-1	-1	-1	-1	-1
NS20734E	2	1	8	2018	1	8	1990	32	1	7	2018	1	1	-1	-1	-1	-1	-1	-1	-1	-1	-1	-1	-1	-1	-1
NS20738J	2	2	-1	-1	-1	-1	-1	-1	-1	-1	-1	-1	-1	-1	-1	-1	-1	-1	-1	-1	-1	-1	-1	-1	-1	-1
NS20741W	2	1	9	2012	1	10	1989	33	1	9	2020	1	1	-1	-1	-1	-1	-1	-1	-1	-1	-1	-1	-1	-1	-1
NS20749E	1	-1	-1	-1	-1	-1	-1	-1	1	9	2018	1	1	-1	-1	-1	-1	-1	-1	-1	-1	-1	-1	-1	-1	-1
NS20753S	2	2	-1	-1	-1	-1	-1	-1	-1	-1	-1	-1	-1	-1	-1	-1	-1	-1	-1	-1	-1	-1	-1	-1	-1	-1
NS20754T	2	2	-1	-1	-1	-1	-1	-1	-1	-1	-1	-1	-1	-1	-1	-1	-1	-1	-1	-1	-1	-1	-1	-1	-1	-1
NS20757X	2	1	4	2017	1	7	1990	33	3	-1	-1	1	1	-1	-1	-1	-1	-1	-1	-1	-1	-1	-1	-1	-1	-1
NS20758Y	2	1	8	2017	1	11	1987	35	1	8	2017	1	1	-1	-1	-1	-1	-1	-1	-1	-1	-1	-1	-1	-1	-1
NS20759Z	2	2	-1	-1	-1	-1	-1	-1	-1	-1	-1	-1	-1	-1	-1	-1	-1	-1	-1	-1	-1	-1	-1	-1	-1	-1
NS20761K	1	-1	-1	-1	-1	-1	-1	-1	-1	-1	-1	1	1	-1	-1	-1	-1	-1	-1	-1	-1	-1	-1	-1	-1	-1
NS20762L	2	1	3	2019	1	9	1990	32	3	-1	-1	1	1	-1	-1	-1	-1	-1	-1	-1	-1	-1	-1	-1	-1	-1
NS20763M	2	1	9	2012	2	10	1989	33	1	8	2015	2	-1	1	1	2	2	2	2	2	2	8	2021	1	2	2023
NS20763M	3	1	-8	2022	2	6	1996	27	3	-1	-1	1	1	-1	-1	-1	-1	-1	-1	-1	-1	-1	-1	-1	-1	-1
NS20765P	2	2	-1	-1	-1	-1	-1	-1	-1	-1	-1	-1	-1	-1	-1	-1	-1	-1	-1	-1	-1	-1	-1	-1	-1	-1
NS20766Q	2	1	8	2018	1	8	1987	35	1	6	2019	1	1	-1	-1	-1	-1	-1	-1	-1	-1	-1	-1	-1	-1	-1
NS20771E	2	1	5	2018	2	9	1991	31	1	6	2022	1	1	-1	-1	-1	-1	-1	-1	-1	-1	-1	-1	-1	-1	-1
NS20773G	2	2	-1	-1	-1	-1	-1	-1	-1	-1	-1	-1	-1	-1	-1	-1	-1	-1	-1	-1	-1	-1	-1	-1	-1	-1
NS20774H	2	1	3	2018	1	2	1992	31	3	-1	-1	1	1	-1	-1	-1	-1	-1	-1	-1	-1	-1	-1	-1	-1	-1
NS20777L	2	1	3	2018	2	2	1983	40	3	-1	-1	1	1	-1	-1	-1	-1	-1	-1	-1	-1	-1	-1	-1	-1	-1
NS20779N	2	2	-1	-1	-1	-1	-1	-1	-1	-1	-1	-1	-1	-1	-1	-1	-1	-1	-1	-1	-1	-1	-1	-1	-1	-1
NS20782A	1	-1	-1	-1	-1	-1	-1	-1	1	12	2022	1	1	-1	-1	-1	-1	-1	-1	-1	-1	-1	-1	-1	-1	-1
NS20784C	2	1	9	2017	1	9	1987	34	3	-1	-1	2	-1	1	1	2	2	2	2	2	2	5	2018	-1	-1	-1
NS20784C	3	2	-1	-1	-1	-1	-1	-1	-1	-1	-1	-1	-1	-1	-1	-1	-1	-1	-1	-1	-1	-1	-1	-1	-1	-1
NS20786E	2	1	11	2021	2	5	1992	31	1	2	2020	1	1	-1	-1	-1	-1	-1	-1	-1	-1	-1	-1	-1	-1	-1
NS20788G	2	1	12	2020	2	10	1992	29	1	12	2018	1	1	-1	-1	-1	-1	-1	-1	-1	-1	-1	-1	-1	-1	-1
NS20789H	1	-1	-1	-1	-1	-1	-1	-1	1	1	2017	1	1	-1	-1	-1	-1	-1	-1	-1	-1	-1	-1	-1	-1	-1
NS20790S	2	1	3	2020	2	9	1987	35	3	-1	-1	1	1	-1	-1	-1	-1	-1	-1	-1	-1	-1	-1	-1	-1	-1
NS20794X	2	1	12	2020	2	5	1993	29	3	-1	-1	1	1	-1	-1	-1	-1	-1	-1	-1	-1	-1	-1	-1	-1	-1
NS20796Z	1	-1	-1	-1	-1	-1	-1	-1	-1	-1	-1	1	1	-1	-1	-1	-1	-1	-1	-1	-1	-1	-1	-1	-1	-1
NS20797A	2	1	3	2017	2	1	1991	32	1	6	2022	1	1	-1	-1	-1	-1	-1	-1	-1	-1	-1	-1	-1	-1	-1
NS20799C	2	1	4	2014	1	9	1989	33	1	4	2014	1	1	-1	-1	-1	-1	-1	-1	-1	-1	-1	-1	-1	-1	-1
NS20800T	2	1	1	2017	1	1	1990	33	1	7	2016	1	1	-1	-1	-1	-1	-1	-1	-1	-1	-1	-1	-1	-1	-1
NS20802W	1	-1	-1	-1	-1	-1	-1	-1	1	7	2017	1	1	-1	-1	-1	-1	-1	-1	-1	-1	-1	-1	-1	-1	-1
NS20804Y	2	2	-1	-1	-1	-1	-1	-1	-1	-1	-1	-1	-1	-1	-1	-1	-1	-1	-1	-1	-1	-1	-1	-1	-1	-1
NS20809D	2	2	-1	-1	-1	-1	-1	-1	-1	-1	-1	-1	-1	-1	-1	-1	-1	-1	-1	-1	-1	-1	-1	-1	-1	-1
NS20810N	2	2	-1	-1	-1	-1	-1	-1	-1	-1	-1	-1	-1	-1	-1	-1	-1	-1	-1	-1	-1	-1	-1	-1	-1	-1
NS20811P	1	-1	-1	-1	-1	-1	-1	-1	-1	-1	-1	1	1	-1	-1	-1	-1	-1	-1	-1	-1	-1	-1	-1	-1	-1
NS20812Q	2	1	1	2023	2	8	1985	37	3	-1	-1	1	1	-1	-1	-1	-1	-1	-1	-1	-1	-1	-1	-1	-1	-1
NS20815T	2	1	10	2021	2	5	1994	27	3	6	2021	1	1	-1	-1	-1	-1	-1	-1	-1	-1	-1	-1	-1	-1	-1
NS20817W	2	1	4	2016	2	6	1995	27	3	-1	-1	1	2	-1	-1	-1	-1	-1	-1	-1	-1	10	2016	-1	-1	-1
NS20817W	3	2	-1	-1	-1	-1	-1	-1	-1	-1	-1	-1	-1	-1	-1	-1	-1	-1	-1	-1	-1	-1	-1	-1	-1	-1
NS20822K	2	1	6	2016	1	10	1988	34	1	10	2018	1	1	-1	-1	-1	-1	-1	-1	-1	-1	-1	-1	-1	-1	-1
NS20824M	1	-1	-1	-1	-1	-1	-1	-1	1	8	2017	1	1	-1	-1	-1	-1	-1	-1	-1	-1	-1	-1	-1	-1	-1
NS20828R	2	2	-1	-1	-1	-1	-1	-1	-1	-1	-1	-1	-1	-1	-1	-1	-1	-1	-1	-1	-1	-1	-1	-1	-1	-1
NS20830C	1	-1	-1	-1	-1	-1	-1	-1	-1	-1	-1	2	-1	1	1	2	2	1	1	2	2	2	2016	1	11	2018
NS20830C	2	1	5	2017	1	5	1991	31	3	-1	-1	1	1	-1	-1	-1	-1	-1	-1	-1	-1	-1	-1	-1	-1	-1
NS20831D	1	-1	-1	-1	-1	-1	-1	-1	1	12	2017	1	1	-1	-1	-1	-1	-1	-1	-1	-1	-1	-1	-1	-1	-1
NS20832E	1	-1	-1	-1	-1	-1	-1	-1	3	-1	-1	1	1	-1	-1	-1	-1	-1	-1	-1	-1	-1	-1	-1	-1	-1
NS20834G	2	2	-1	-1	-1	-1	-1	-1	-1	-1	-1	-1	-1	-1	-1	-1	-1	-1	-1	-1	-1	-1	-1	-1	-1	-1
NS20838L	1	-1	-1	-1	-1	-1	-1	-1	1	8	2020	1	1	-1	-1	-1	-1	-1	-1	-1	-1	-1	-1	-1	-1	-1
NS20840X	2	2	-1	-1	-1	-1	-1	-1	-1	-1	-1	-1	-1	-1	-1	-1	-1	-1	-1	-1	-1	-1	-1	-1	-1	-1
NS20843A	2	1	7	2020	2	9	1993	28	3	-1	-1	1	1	-1	-1	-1	-1	-1	-1	-1	-1	-1	-1	-1	-1	-1
NS20847E	2	1	9	2012	1	10	1989	33	1	8	2019	1	1	-1	-1	-1	-1	-1	-1	-1	-1	-1	-1	-1	-1	-1
NS20850R	2	1	4	2017	1	12	1985	37	3	-1	-1	1	1	-1	-1	-1	-1	-1	-1	-1	-1	-1	-1	-1	-1	-1
NS20852T	1	-1	-1	-1	-1	-1	-1	-1	1	8	2018	1	1	-1	-1	-1	-1	-1	-1	-1	-1	-1	-1	-1	-1	-1
NS20857Z	2	2	-1	-1	-1	-1	-1	-1	-1	-1	-1	-1	-1	-1	-1	-1	-1	-1	-1	-1	-1	-1	-1	-1	-1	-1
NS20863P	2	2	-1	-1	-1	-1	-1	-1	-1	-1	-1	-1	-1	-1	-1	-1	-1	-1	-1	-1	-1	-1	-1	-1	-1	-1
NS20864Q	2	1	7	2016	1	1	1992	31	3	-1	-1	1	1	-1	-1	-1	-1	-1	-1	-1	-1	-1	-1	-1	-1	-1
NS20865R	1	-1	-1	-1	-1	-1	-1	-1	1	8	2018	1	1	-1	-1	-1	-1	-1	-1	-1	-1	-1	-1	-1	-1	-1
NS20867T	2	1	11	2019	2	2	1982	41	3	-1	-1	1	1	-1	-1	-1	-1	-1	-1	-1	-1	-1	-1	-1	-1	-1
NS20868V	2	1	11	2017	2	2	1989	33	1	4	2022	1	1	-1	-1	-1	-1	-1	-1	-1	-1	-1	-1	-1	-1	-1
NS20869W	1	-1	-1	-1	-1	-1	-1	-1	-1	-1	-1	1	1	-1	-1	-1	-1	-1	-1	-1	-1	-1	-1	-1	-1	-1
NS20871G	2	1	8	2016	1	3	1984	38	3	-1	-1	1	1	-1	-1	-1	-1	-1	-1	-1	-1	-1	-1	-1	-1	-1
NS20872H	1	-1	-1	-1	-1	-1	-1	-1	-1	-1	-1	2	-1	1	1	2	1	2	2	2	2	6	2020	2	-1	-1
NS20872H	2	2	-1	-1	-1	-1	-1	-1	-1	-1	-1	-1	-1	-1	-1	-1	-1	-1	-1	-1	-1	-1	-1	-1	-1	-1
NS20874K	2	2	-1	-1	-1	-1	-1	-1	-1	-1	-1	-1	-1	-1	-1	-1	-1	-1	-1	-1	-1	-1	-1	-1	-1	-1
NS20875L	1	-1	-1	-1	-1	-1	-1	-1	3	-1	-1	1	1	-1	-1	-1	-1	-1	-1	-1	-1	-1	-1	-1	-1	-1
NS20877N	2	1	9	2016	2	11	1990	31	3	-1	-1	1	1	-1	-1	-1	-1	-1	-1	-1	-1	-1	-1	-1	-1	-1
NS20880A	1	-1	-1	-1	-1	-1	-1	-1	-1	-1	-1	1	1	-1	-1	-1	-1	-1	-1	-1	-1	-1	-1	-1	-1	-1
NS20881B	2	1	4	2019	2	3	1991	31	3	-1	-1	1	1	-1	-1	-1	-1	-1	-1	-1	-1	-1	-1	-1	-1	-1
NS20882C	1	-1	-1	-1	-1	-1	-1	-1	1	7	2016	1	1	-1	-1	-1	-1	-1	-1	-1	-1	-1	-1	-1	-1	-1
NS20883D	1	-1	-1	-1	-1	-1	-1	-1	-1	-1	-1	2	-1	1	2	1	2	2	1	2	2	5	2016	1	10	2017
NS20883D	2	1	4	2017	1	5	1986	35	3	-1	-1	1	1	-1	-1	-1	-1	-1	-1	-1	-1	-1	-1	-1	-1	-1
NS20886G	2	2	-1	-1	-1	-1	-1	-1	-1	-1	-1	-1	-1	-1	-1	-1	-1	-1	-1	-1	-1	-1	-1	-1	-1	-1
NS20889K	1	-1	-1	-1	-1	-1	-1	-1	3	-1	-1	2	-1	1	1	2	2	2	2	2	2	9	2016	-1	-1	-1
NS20889K	2	1	1	2017	2	9	1989	32	2	11	2016	1	1	-1	-1	-1	-1	-1	-1	-1	-1	-1	-1	-1	-1	-1
NS20890V	1	-1	-1	-1	-1	-1	-1	-1	1	11	2019	1	1	-1	-1	-1	-1	-1	-1	-1	-1	-1	-1	-1	-1	-1
NS20892X	2	2	-1	-1	-1	-1	-1	-1	-1	-1	-1	-1	-1	-1	-1	-1	-1	-1	-1	-1	-1	-1	-1	-1	-1	-1
NS20896B	1	-1	-1	-1	-1	-1	-1	-1	3	-1	-1	1	1	-1	-1	-1	-1	-1	-1	-1	-1	-1	-1	-1	-1	-1
NS20898D	2	1	2	2017	1	3	1988	34	1	3	2015	1	1	-1	-1	-1	-1	-1	-1	-1	-1	-1	-1	-1	-1	-1
NS20900W	1	-1	-1	-1	-1	-1	-1	-1	3	-1	-1	2	-1	1	1	2	2	1	1	2	2	4	2022	-1	-1	-1
NS20900W	2	2	-1	-1	-1	-1	-1	-1	-1	-1	-1	-1	-1	-1	-1	-1	-1	-1	-1	-1	-1	-1	-1	-1	-1	-1
NS20902Y	1	-1	-1	-1	-1	-1	-1	-1	-1	-1	-1	1	1	-1	-1	-1	-1	-1	-1	-1	-1	-1	-1	-1	-1	-1
NS20903Z	2	1	10	2021	2	10	1991	31	1	10	2021	1	1	-1	-1	-1	-1	-1	-1	-1	-1	-1	-1	-1	-1	-1
NS20904A	2	1	9	2021	2	3	1990	32	1	9	2021	1	1	-1	-1	-1	-1	-1	-1	-1	-1	-1	-1	-1	-1	-1
NS20908E	2	1	6	2019	2	9	1980	42	3	-1	-1	1	1	-1	-1	-1	-1	-1	-1	-1	-1	-1	-1	-1	-1	-1
NS20911R	2	2	-1	-1	-1	-1	-1	-1	-1	-1	-1	-1	-1	-1	-1	-1	-1	-1	-1	-1	-1	-1	-1	-1	-1	-1
NS20912S	2	2	-1	-1	-1	-1	-1	-1	-1	-1	-1	-1	-1	-1	-1	-1	-1	-1	-1	-1	-1	-1	-1	-1	-1	-1
NS20913T	2	1	2	2018	-9	10	1989	33	-9	-1	-1	-9	-1	-1	-1	-1	-1	-1	-1	-1	-1	-1	-1	-1	-1	-1
NS20913T	3	-9	-1	-1	-1	-1	-1	-1	-1	-1	-1	-1	-1	-1	-1	-1	-1	-1	-1	-1	-1	-1	-1	-1	-1	-1
NS20914V	2	2	-1	-1	-1	-1	-1	-1	-1	-1	-1	-1	-1	-1	-1	-1	-1	-1	-1	-1	-1	-1	-1	-1	-1	-1
NS20915W	1	-1	-1	-1	-1	-1	-1	-1	1	8	2019	1	1	-1	-1	-1	-1	-1	-1	-1	-1	-1	-1	-1	-1	-1
NS20918Z	1	-1	-1	-1	-1	-1	-1	-1	3	-1	-1	1	1	-1	-1	-1	-1	-1	-1	-1	-1	-1	-1	-1	-1	-1
NS20921L	1	-1	-1	-1	-1	-1	-1	-1	-1	-1	-1	2	-1	1	1	2	2	2	2	2	2	3	2017	1	-8	2017
NS20921L	2	2	-1	-1	-1	-1	-1	-1	-1	-1	-1	-1	-1	-1	-1	-1	-1	-1	-1	-1	-1	-1	-1	-1	-1	-1
NS20922M	2	2	-1	-1	-1	-1	-1	-1	-1	-1	-1	-1	-1	-1	-1	-1	-1	-1	-1	-1	-1	-1	-1	-1	-1	-1
NS20924P	1	-1	-1	-1	-1	-1	-1	-1	-1	-1	-1	1	1	-1	-1	-1	-1	-1	-1	-1	-1	-1	-1	-1	-1	-1
NS20925Q	2	2	-1	-1	-1	-1	-1	-1	-1	-1	-1	-1	-1	-1	-1	-1	-1	-1	-1	-1	-1	-1	-1	-1	-1	-1
NS20926R	2	1	7	2014	2	8	1995	27	1	6	2022	1	1	-1	-1	-1	-1	-1	-1	-1	-1	-1	-1	-1	-1	-1
NS20927S	1	-1	-1	-1	-1	-1	-1	-1	3	-1	-1	2	-1	1	1	2	2	2	2	2	2	12	2017	-1	-1	-1
NS20927S	2	1	6	2021	2	6	1994	28	3	-1	-1	1	1	-1	-1	-1	-1	-1	-1	-1	-1	-1	-1	-1	-1	-1
NS20928T	2	2	-1	-1	-1	-1	-1	-1	-1	-1	-1	-1	-1	-1	-1	-1	-1	-1	-1	-1	-1	-1	-1	-1	-1	-1
NS20929V	2	1	3	2022	2	5	1985	37	3	-1	-1	1	1	-1	-1	-1	-1	-1	-1	-1	-1	-1	-1	-1	-1	-1
NS20931F	2	2	-1	-1	-1	-1	-1	-1	-1	-1	-1	-1	-1	-1	-1	-1	-1	-1	-1	-1	-1	-1	-1	-1	-1	-1
NS20934J	2	1	11	2016	1	8	1983	39	1	11	2016	1	1	-1	-1	-1	-1	-1	-1	-1	-1	-1	-1	-1	-1	-1
NS20936L	2	1	9	2019	1	1	1990	33	1	9	2019	1	1	-1	-1	-1	-1	-1	-1	-1	-1	-1	-1	-1	-1	-1
NS20937M	1	-1	-1	-1	-1	-1	-1	-1	3	-1	-1	2	-1	1	1	2	2	2	2	2	2	6	2020	-1	-1	-1
NS20937M	2	2	-1	-1	-1	-1	-1	-1	-1	-1	-1	-1	-1	-1	-1	-1	-1	-1	-1	-1	-1	-1	-1	-1	-1	-1
NS20938N	1	-1	-1	-1	-1	-1	-1	-1	1	8	2017	1	1	-1	-1	-1	-1	-1	-1	-1	-1	-1	-1	-1	-1	-1
NS20939P	2	1	8	2021	1	10	1990	32	3	-1	-1	1	1	-1	-1	-1	-1	-1	-1	-1	-1	-1	-1	-1	-1	-1
NS20940Z	1	-1	-1	-1	-1	-1	-1	-1	1	5	2017	1	2	-1	-1	-1	-1	-1	-1	-1	-1	9	2018	-1	-1	-1
NS20940Z	2	2	-1	-1	-1	-1	-1	-1	-1	-1	-1	-1	-1	-1	-1	-1	-1	-1	-1	-1	-1	-1	-1	-1	-1	-1
NS20942B	2	2	-1	-1	-1	-1	-1	-1	-1	-1	-1	-1	-1	-1	-1	-1	-1	-1	-1	-1	-1	-1	-1	-1	-1	-1
NS20943C	2	2	-1	-1	-1	-1	-1	-1	-1	-1	-1	-1	-1	-1	-1	-1	-1	-1	-1	-1	-1	-1	-1	-1	-1	-1
NS20944D	2	1	8	2016	1	12	1990	32	3	-1	-1	2	-1	1	1	2	2	2	2	2	2	10	2017	-1	-1	-1
NS20944D	3	1	5	2018	1	1	1995	27	1	7	2020	1	1	-1	-1	-1	-1	-1	-1	-1	-1	-1	-1	-1	-1	-1
NS20945E	2	1	5	2016	2	10	1990	32	1	9	2022	1	1	-1	-1	-1	-1	-1	-1	-1	-1	-1	-1	-1	-1	-1
NS20946F	2	1	3	2010	1	3	1991	32	1	5	2011	1	1	-1	-1	-1	-1	-1	-1	-1	-1	-1	-1	-1	-1	-1
NS20948H	2	2	-1	-1	-1	-1	-1	-1	-1	-1	-1	-1	-1	-1	-1	-1	-1	-1	-1	-1	-1	-1	-1	-1	-1	-1
NS20952W	2	2	-1	-1	-1	-1	-1	-1	-1	-1	-1	-1	-1	-1	-1	-1	-1	-1	-1	-1	-1	-1	-1	-1	-1	-1
NS20956A	1	-1	-1	-1	-1	-1	-1	-1	1	7	2020	1	1	-1	-1	-1	-1	-1	-1	-1	-1	-1	-1	-1	-1	-1
NS20957B	2	2	-1	-1	-1	-1	-1	-1	-1	-1	-1	-1	-1	-1	-1	-1	-1	-1	-1	-1	-1	-1	-1	-1	-1	-1
NS20959D	2	2	-1	-1	-1	-1	-1	-1	-1	-1	-1	-1	-1	-1	-1	-1	-1	-1	-1	-1	-1	-1	-1	-1	-1	-1
NS20960N	1	-1	-1	-1	-1	-1	-1	-1	1	11	2018	1	1	-1	-1	-1	-1	-1	-1	-1	-1	-1	-1	-1	-1	-1
NS20962Q	2	2	-1	-1	-1	-1	-1	-1	-1	-1	-1	-1	-1	-1	-1	-1	-1	-1	-1	-1	-1	-1	-1	-1	-1	-1
NS20964S	2	2	-1	-1	-1	-1	-1	-1	-1	-1	-1	-1	-1	-1	-1	-1	-1	-1	-1	-1	-1	-1	-1	-1	-1	-1
NS20966V	1	-1	-1	-1	-1	-1	-1	-1	1	8	2022	1	1	-1	-1	-1	-1	-1	-1	-1	-1	2	2020	-1	-1	-1
NS20969Y	2	2	-1	-1	-1	-1	-1	-1	-1	-1	-1	-1	-1	-1	-1	-1	-1	-1	-1	-1	-1	-1	-1	-1	-1	-1
NS20970H	2	1	5	2017	1	11	1989	33	1	7	2019	1	1	-1	-1	-1	-1	-1	-1	-1	-1	-1	-1	-1	-1	-1
NS20971J	1	-1	-1	-1	-1	-1	-1	-1	1	7	2016	1	1	-1	-1	-1	-1	-1	-1	-1	-1	-1	-1	-1	-1	-1
NS20972K	2	2	-1	-1	-1	-1	-1	-1	-1	-1	-1	-1	-1	-1	-1	-1	-1	-1	-1	-1	-1	-1	-1	-1	-1	-1
NS20973L	1	-1	-1	-1	-1	-1	-1	-1	1	10	2021	1	1	-1	-1	-1	-1	-1	-1	-1	-1	-1	-1	-1	-1	-1
NS20975N	2	1	3	2011	1	8	1991	31	3	-1	-1	1	1	-1	-1	-1	-1	-1	-1	-1	-1	-1	-1	-1	-1	-1
NS20978R	2	1	3	2020	1	4	1989	33	3	-1	-1	1	2	-1	-1	-1	-1	-1	-1	-1	-1	9	2020	-1	-1	-1
NS20978R	3	2	-1	-1	-1	-1	-1	-1	-1	-1	-1	-1	-1	-1	-1	-1	-1	-1	-1	-1	-1	-1	-1	-1	-1	-1
NS20979S	2	2	-1	-1	-1	-1	-1	-1	-1	-1	-1	-1	-1	-1	-1	-1	-1	-1	-1	-1	-1	-1	-1	-1	-1	-1
NS20981D	1	-1	-1	-1	-1	-1	-1	-1	3	-1	-1	1	1	-1	-1	-1	-1	-1	-1	-1	-1	-1	-1	-1	-1	-1
NS20982E	2	2	-1	-1	-1	-1	-1	-1	-1	-1	-1	-1	-1	-1	-1	-1	-1	-1	-1	-1	-1	-1	-1	-1	-1	-1
NS20988L	2	1	12	2015	2	8	1989	33	3	-1	-1	1	1	-1	-1	-1	-1	-1	-1	-1	-1	-1	-1	-1	-1	-1
NS20990X	2	2	-1	-1	-1	-1	-1	-1	-1	-1	-1	-1	-1	-1	-1	-1	-1	-1	-1	-1	-1	-1	-1	-1	-1	-1
NS20992Z	1	-1	-1	-1	-1	-1	-1	-1	-1	-1	-1	1	1	-1	-1	-1	-1	-1	-1	-1	-1	-1	-1	-1	-1	-1
NS20993A	2	2	-1	-1	-1	-1	-1	-1	-1	-1	-1	-1	-1	-1	-1	-1	-1	-1	-1	-1	-1	-1	-1	-1	-1	-1
NS20998F	2	1	5	2016	1	5	1991	31	2	5	2016	1	1	-1	-1	-1	-1	-1	-1	-1	-1	-1	-1	-1	-1	-1
NS21002Z	2	1	8	2019	1	11	1994	28	3	-1	-1	1	1	-1	-1	-1	-1	-1	-1	-1	-1	-1	-1	-1	-1	-1
NS21003A	2	1	6	2022	2	7	1992	30	3	-1	-1	1	1	-1	-1	-1	-1	-1	-1	-1	-1	-1	-1	-1	-1	-1
NS21005C	1	-1	-1	-1	-1	-1	-1	-1	3	-1	-1	1	1	-1	-1	-1	-1	-1	-1	-1	-1	-1	-1	-1	-1	-1
NS21007E	1	-1	-1	-1	-1	-1	-1	-1	1	5	2019	1	1	-1	-1	-1	-1	-1	-1	-1	-1	-1	-1	-1	-1	-1
NS21008F	2	2	-1	-1	-1	-1	-1	-1	-1	-1	-1	-1	-1	-1	-1	-1	-1	-1	-1	-1	-1	-1	-1	-1	-1	-1
NS21010R	2	1	6	2007	2	9	1989	33	3	-1	-1	1	1	-1	-1	-1	-1	-1	-1	-1	-1	-1	-1	-1	-1	-1
NS21012T	2	1	5	2016	2	4	1995	27	3	-1	-1	1	1	-1	-1	-1	-1	-1	-1	-1	-1	-1	-1	-1	-1	-1
NS21013V	1	-1	-1	-1	-1	-1	-1	-1	1	7	2016	1	1	-1	-1	-1	-1	-1	-1	-1	-1	-1	-1	-1	-1	-1
NS21018A	1	-1	-1	-1	-1	-1	-1	-1	-1	-1	-1	2	-1	1	2	2	2	1	1	2	2	8	2022	2	-1	-1
NS21018A	2	2	-1	-1	-1	-1	-1	-1	-1	-1	-1	-1	-1	-1	-1	-1	-1	-1	-1	-1	-1	-1	-1	-1	-1	-1
NS21019B	2	2	-1	-1	-1	-1	-1	-1	-1	-1	-1	-1	-1	-1	-1	-1	-1	-1	-1	-1	-1	-1	-1	-1	-1	-1
NS21022N	2	1	11	2017	1	8	1989	33	3	-1	-1	1	1	-1	-1	-1	-1	-1	-1	-1	-1	-1	-1	-1	-1	-1
NS21025R	2	2	-1	-1	-1	-1	-1	-1	-1	-1	-1	-1	-1	-1	-1	-1	-1	-1	-1	-1	-1	-1	-1	-1	-1	-1
NS21026S	2	2	-1	-1	-1	-1	-1	-1	-1	-1	-1	-1	-1	-1	-1	-1	-1	-1	-1	-1	-1	-1	-1	-1	-1	-1
NS21027T	2	2	-1	-1	-1	-1	-1	-1	-1	-1	-1	-1	-1	-1	-1	-1	-1	-1	-1	-1	-1	-1	-1	-1	-1	-1
NS21029W	2	1	6	2017	2	4	1990	32	1	8	2022	1	1	-1	-1	-1	-1	-1	-1	-1	-1	-1	-1	-1	-1	-1
NS21030F	2	1	4	2019	1	11	1988	33	1	10	2019	1	1	-1	-1	-1	-1	-1	-1	-1	-1	-1	-1	-1	-1	-1
NS21031G	2	2	-1	-1	-1	-1	-1	-1	-1	-1	-1	-1	-1	-1	-1	-1	-1	-1	-1	-1	-1	-1	-1	-1	-1	-1
NS21035L	1	-1	-1	-1	-1	-1	-1	-1	1	8	2017	1	1	-1	-1	-1	-1	-1	-1	-1	-1	-1	-1	-1	-1	-1
NS21037N	2	1	9	2011	2	5	1988	34	1	9	2011	1	1	-1	-1	-1	-1	-1	-1	-1	-1	-1	-1	-1	-1	-1
NS21039Q	2	1	4	2017	1	1	1989	34	1	8	2017	1	1	-1	-1	-1	-1	-1	-1	-1	-1	-1	-1	-1	-1	-1
NS21041B	2	1	3	2012	2	11	1989	32	1	12	2018	1	1	-1	-1	-1	-1	-1	-1	-1	-1	-1	-1	-1	-1	-1
NS21042C	1	-1	-1	-1	-1	-1	-1	-1	-1	-1	-1	1	1	-1	-1	-1	-1	-1	-1	-1	-1	-1	-1	-1	-1	-1
NS21043D	1	-1	-1	-1	-1	-1	-1	-1	3	-1	-1	1	1	-1	-1	-1	-1	-1	-1	-1	-1	-1	-1	-1	-1	-1
NS21045F	1	-1	-1	-1	-1	-1	-1	-1	3	-1	-1	2	-1	1	1	2	2	2	2	2	2	10	2019	-1	-1	-1
NS21045F	2	1	2	2020	2	11	1996	26	3	-1	-1	1	1	-1	-1	-1	-1	-1	-1	-1	-1	-1	-1	-1	-1	-1
NS21046G	2	1	11	2017	1	3	1991	31	1	4	2022	1	1	-1	-1	-1	-1	-1	-1	-1	-1	-1	-1	-1	-1	-1
NS21048J	2	2	-1	-1	-1	-1	-1	-1	-1	-1	-1	-1	-1	-1	-1	-1	-1	-1	-1	-1	-1	-1	-1	-1	-1	-1
NS21050V	2	1	6	2016	2	2	1992	30	1	10	2021	1	1	-1	-1	-1	-1	-1	-1	-1	-1	-1	-1	-1	-1	-1
NS21056B	2	2	-1	-1	-1	-1	-1	-1	-1	-1	-1	-1	-1	-1	-1	-1	-1	-1	-1	-1	-1	-1	-1	-1	-1	-1
NS21057C	2	1	9	2014	1	6	1989	33	1	10	2018	1	1	-1	-1	-1	-1	-1	-1	-1	-1	-1	-1	-1	-1	-1
NS21058D	2	1	5	2015	2	3	1990	32	1	4	2021	1	1	-1	-1	-1	-1	-1	-1	-1	-1	-1	-1	-1	-1	-1
NS21059E	1	-1	-1	-1	-1	-1	-1	-1	3	-1	-1	1	1	-1	-1	-1	-1	-1	-1	-1	-1	-1	-1	-1	-1	-1
NS21063S	2	2	-1	-1	-1	-1	-1	-1	-1	-1	-1	-1	-1	-1	-1	-1	-1	-1	-1	-1	-1	-1	-1	-1	-1	-1
NS21064T	2	1	6	2021	1	1	1987	35	1	6	2021	1	1	-1	-1	-1	-1	-1	-1	-1	-1	-1	-1	-1	-1	-1
NS21066W	1	-1	-1	-1	-1	-1	-1	-1	-1	-1	-1	1	1	-1	-1	-1	-1	-1	-1	-1	-1	-1	-1	-1	-1	-1
NS21070J	1	-1	-1	-1	-1	-1	-1	-1	3	-1	-1	1	1	-1	-1	-1	-1	-1	-1	-1	-1	-1	-1	-1	-1	-1
NS21072L	2	2	-1	-1	-1	-1	-1	-1	-1	-1	-1	-1	-1	-1	-1	-1	-1	-1	-1	-1	-1	-1	-1	-1	-1	-1
NS21075P	2	2	-1	-1	-1	-1	-1	-1	-1	-1	-1	-1	-1	-1	-1	-1	-1	-1	-1	-1	-1	-1	-1	-1	-1	-1
NS21077R	2	1	2	2020	2	11	1989	32	3	-1	-1	1	1	-1	-1	-1	-1	-1	-1	-1	-1	-1	-1	-1	-1	-1
NS21080D	2	1	5	2018	1	11	1974	47	1	2	2019	1	1	-1	-1	-1	-1	-1	-1	-1	-1	-1	-1	-1	-1	-1
NS21081E	2	1	10	2016	2	10	1993	29	3	-1	-1	1	1	-1	-1	-1	-1	-1	-1	-1	-1	-1	-1	-1	-1	-1
NS21084H	2	1	11	2018	2	4	1991	31	3	-1	-1	1	1	-1	-1	-1	-1	-1	-1	-1	-1	-1	-1	-1	-1	-1
NS21086K	1	-1	-1	-1	-1	-1	-1	-1	-1	-1	-1	1	1	-1	-1	-1	-1	-1	-1	-1	-1	-1	-1	-1	-1	-1
NS21087L	2	2	-1	-1	-1	-1	-1	-1	-1	-1	-1	-1	-1	-1	-1	-1	-1	-1	-1	-1	-1	-1	-1	-1	-1	-1
NS21090Y	1	-1	-1	-1	-1	-1	-1	-1	3	-1	-1	2	-1	1	1	2	2	2	2	2	2	12	2020	-1	-1	-1
NS21090Y	2	2	-1	-1	-1	-1	-1	-1	-1	-1	-1	-1	-1	-1	-1	-1	-1	-1	-1	-1	-1	-1	-1	-1	-1	-1
NS21093B	2	2	-1	-1	-1	-1	-1	-1	-1	-1	-1	-1	-1	-1	-1	-1	-1	-1	-1	-1	-1	-1	-1	-1	-1	-1
NS21095D	2	1	1	2015	2	11	1989	33	1	1	2017	1	1	-1	-1	-1	-1	-1	-1	-1	-1	-1	-1	-1	-1	-1
NS21097F	1	-1	-1	-1	-1	-1	-1	-1	-1	-1	-1	1	1	-1	-1	-1	-1	-1	-1	-1	-1	-1	-1	-1	-1	-1
NS21098G	2	1	7	2015	2	6	1991	31	1	8	2015	1	1	-1	-1	-1	-1	-1	-1	-1	-1	-1	-1	-1	-1	-1
NS21099H	2	2	-1	-1	-1	-1	-1	-1	-1	-1	-1	-1	-1	-1	-1	-1	-1	-1	-1	-1	-1	-1	-1	-1	-1	-1
NS21100Z	1	-1	-1	-1	-1	-1	-1	-1	-1	-1	-1	1	1	-1	-1	-1	-1	-1	-1	-1	-1	-1	-1	-1	-1	-1
NS21103C	2	1	10	2018	2	1	1994	29	3	-1	-1	1	1	-1	-1	-1	-1	-1	-1	-1	-1	-1	-1	-1	-1	-1
NS21104D	2	2	-1	-1	-1	-1	-1	-1	-1	-1	-1	-1	-1	-1	-1	-1	-1	-1	-1	-1	-1	-1	-1	-1	-1	-1
NS21105E	1	-1	-1	-1	-1	-1	-1	-1	-1	-1	-1	1	1	-1	-1	-1	-1	-1	-1	-1	-1	-1	-1	-1	-1	-1
NS21111V	2	2	-1	-1	-1	-1	-1	-1	-1	-1	-1	-1	-1	-1	-1	-1	-1	-1	-1	-1	-1	-1	-1	-1	-1	-1
NS21112W	2	2	-1	-1	-1	-1	-1	-1	-1	-1	-1	-1	-1	-1	-1	-1	-1	-1	-1	-1	-1	-1	-1	-1	-1	-1
NS21115Z	1	-1	-1	-1	-1	-1	-1	-1	-1	-1	-1	1	1	-1	-1	-1	-1	-1	-1	-1	-1	-1	-1	-1	-1	-1
NS21116A	2	1	11	2015	1	2	1990	32	3	-1	-1	1	1	-1	-1	-1	-1	-1	-1	-1	-1	-1	-1	-1	-1	-1
NS21119D	1	-1	-1	-1	-1	-1	-1	-1	1	-9	-9	2	-1	1	1	2	2	2	2	2	2	-9	-9	1	2	2023
NS21119D	2	1	1	2023	2	8	1996	26	3	-1	-1	1	1	-1	-1	-1	-1	-1	-1	-1	-1	-1	-1	-1	-1	-1
NS21123R	2	2	-1	-1	-1	-1	-1	-1	-1	-1	-1	-1	-1	-1	-1	-1	-1	-1	-1	-1	-1	-1	-1	-1	-1	-1
NS21125T	2	1	7	2022	2	5	1989	33	1	7	2022	1	1	-1	-1	-1	-1	-1	-1	-1	-1	-1	-1	-1	-1	-1
NS21128X	2	2	-1	-1	-1	-1	-1	-1	-1	-1	-1	-1	-1	-1	-1	-1	-1	-1	-1	-1	-1	-1	-1	-1	-1	-1
NS21129Y	2	1	3	2020	1	5	1988	33	3	-1	-1	1	1	-1	-1	-1	-1	-1	-1	-1	-1	-1	-1	-1	-1	-1
NS21133L	2	2	-1	-1	-1	-1	-1	-1	-1	-1	-1	-1	-1	-1	-1	-1	-1	-1	-1	-1	-1	-1	-1	-1	-1	-1
NS21135N	2	1	8	2017	1	7	1982	40	3	-1	-1	1	1	-1	-1	-1	-1	-1	-1	-1	-1	-1	-1	-1	-1	-1
NS21136P	1	-1	-1	-1	-1	-1	-1	-1	-1	-1	-1	1	1	-1	-1	-1	-1	-1	-1	-1	-1	-1	-1	-1	-1	-1
NS21137Q	2	1	1	2021	1	1	1992	30	1	8	2021	1	1	-1	-1	-1	-1	-1	-1	-1	-1	-1	-1	-1	-1	-1
NS21139S	1	-1	-1	-1	-1	-1	-1	-1	3	-1	-1	1	1	-1	-1	-1	-1	-1	-1	-1	-1	-1	-1	-1	-1	-1
NS21140C	2	2	-1	-1	-1	-1	-1	-1	-1	-1	-1	-1	-1	-1	-1	-1	-1	-1	-1	-1	-1	-1	-1	-1	-1	-1
NS21143F	2	2	-1	-1	-1	-1	-1	-1	-1	-1	-1	-1	-1	-1	-1	-1	-1	-1	-1	-1	-1	-1	-1	-1	-1	-1
NS21146J	2	2	-1	-1	-1	-1	-1	-1	-1	-1	-1	-1	-1	-1	-1	-1	-1	-1	-1	-1	-1	-1	-1	-1	-1	-1
NS21150X	2	1	12	2017	1	9	1989	33	1	5	2021	1	1	-1	-1	-1	-1	-1	-1	-1	-1	-1	-1	-1	-1	-1
NS21151Y	2	2	-1	-1	-1	-1	-1	-1	-1	-1	-1	-1	-1	-1	-1	-1	-1	-1	-1	-1	-1	-1	-1	-1	-1	-1
NS21152Z	2	1	4	2018	2	4	1992	30	1	6	2021	1	1	-1	-1	-1	-1	-1	-1	-1	-1	-1	-1	-1	-1	-1
NS21156D	2	1	7	2016	-9	5	1988	34	3	-1	-1	1	1	-1	-1	-1	-1	-1	-1	-1	-1	-1	-1	-1	-1	-1
NS21159G	2	1	12	2022	1	-9	1982	40	3	-1	-1	1	1	-1	-1	-1	-1	-1	-1	-1	-1	-1	-1	-1	-1	-1
NS21164W	1	-1	-1	-1	-1	-1	-1	-1	3	-1	-1	2	-1	1	1	2	2	2	2	2	2	11	2016	-1	-1	-1
NS21164W	2	1	8	2017	1	8	1991	30	3	-1	-1	1	1	-1	-1	-1	-1	-1	-1	-1	-1	-1	-1	-1	-1	-1
NS21167Z	2	2	-1	-1	-1	-1	-1	-1	-1	-1	-1	-1	-1	-1	-1	-1	-1	-1	-1	-1	-1	-1	-1	-1	-1	-1
NS21173P	1	-1	-1	-1	-1	-1	-1	-1	3	-1	-1	2	-1	1	1	2	2	2	2	2	2	-8	2017	-1	-1	-1
NS21173P	2	1	3	2018	1	8	1988	35	3	-1	-1	2	-1	1	1	2	2	1	2	2	2	11	2019	-1	-1	-1
NS21173P	3	2	-1	-1	-1	-1	-1	-1	-1	-1	-1	-1	-1	-1	-1	-1	-1	-1	-1	-1	-1	-1	-1	-1	-1	-1
NS21178V	2	1	7	2010	2	8	1992	30	1	2	2016	1	1	-1	-1	-1	-1	-1	-1	-1	-1	-1	-1	-1	-1	-1
NS21179W	2	2	-1	-1	-1	-1	-1	-1	-1	-1	-1	-1	-1	-1	-1	-1	-1	-1	-1	-1	-1	-1	-1	-1	-1	-1
NS21182H	2	1	3	2012	1	-9	-9	-8	3	-1	-1	2	-1	1	1	2	2	2	2	2	2	-8	2013	-1	-1	-1
NS21182H	3	1	3	2015	1	4	1988	35	3	-1	-1	1	1	-1	-1	-1	-1	-1	-1	-1	-1	-1	-1	-1	-1	-1
NS21186M	1	-1	-1	-1	-1	-1	-1	-1	-1	-1	-1	1	1	-1	-1	-1	-1	-1	-1	-1	-1	-1	-1	-1	-1	-1
NS21190A	1	-1	-1	-1	-1	-1	-1	-1	1	8	2015	1	1	-1	-1	-1	-1	-1	-1	-1	-1	-1	-1	-1	-1	-1
NS21191B	2	1	10	2013	2	9	1989	33	1	10	2013	1	1	-1	-1	-1	-1	-1	-1	-1	-1	-1	-1	-1	-1	-1
NS21192C	1	-1	-1	-1	-1	-1	-1	-1	3	-1	-1	2	-1	1	1	2	1	1	1	2	2	6	2016	-1	-1	-1
NS21192C	2	1	9	2018	1	5	1964	58	3	-1	-1	2	-1	1	1	2	2	1	1	2	2	11	2018	-1	-1	-1
NS21192C	3	2	-1	-1	-1	-1	-1	-1	-1	-1	-1	-1	-1	-1	-1	-1	-1	-1	-1	-1	-1	-1	-1	-1	-1	-1
NS21193D	2	2	-1	-1	-1	-1	-1	-1	-1	-1	-1	-1	-1	-1	-1	-1	-1	-1	-1	-1	-1	-1	-1	-1	-1	-1
NS21199K	1	-1	-1	-1	-1	-1	-1	-1	3	-1	-1	2	-1	1	1	2	1	2	1	2	2	4	2017	-1	-1	-1
NS21199K	2	2	-1	-1	-1	-1	-1	-1	-1	-1	-1	-1	-1	-1	-1	-1	-1	-1	-1	-1	-1	-1	-1	-1	-1	-1
NS21203E	2	1	10	2020	1	12	1989	33	3	-1	-1	1	1	-1	-1	-1	-1	-1	-1	-1	-1	-1	-1	-1	-1	-1
NS21205G	2	1	9	2022	1	11	1987	35	3	-1	-1	1	1	-1	-1	-1	-1	-1	-1	-1	-1	-1	-1	-1	-1	-1
NS21206H	2	2	-1	-1	-1	-1	-1	-1	-1	-1	-1	-1	-1	-1	-1	-1	-1	-1	-1	-1	-1	-1	-1	-1	-1	-1
NS21208K	2	1	6	2014	2	10	1991	31	3	-1	-1	2	-1	1	1	2	2	2	2	2	2	11	2022	-1	-1	-1
NS21208K	3	2	-1	-1	-1	-1	-1	-1	-1	-1	-1	-1	-1	-1	-1	-1	-1	-1	-1	-1	-1	-1	-1	-1	-1	-1
NS21209L	1	-1	-1	-1	-1	-1	-1	-1	-1	-1	-1	2	-1	1	1	2	2	2	2	2	2	7	2021	1	-8	2022
NS21209L	2	2	-1	-1	-1	-1	-1	-1	-1	-1	-1	-1	-1	-1	-1	-1	-1	-1	-1	-1	-1	-1	-1	-1	-1	-1
NS21210W	2	2	-1	-1	-1	-1	-1	-1	-1	-1	-1	-1	-1	-1	-1	-1	-1	-1	-1	-1	-1	-1	-1	-1	-1	-1
NS21213Z	2	2	-1	-1	-1	-1	-1	-1	-1	-1	-1	-1	-1	-1	-1	-1	-1	-1	-1	-1	-1	-1	-1	-1	-1	-1
NS21214A	2	1	11	2017	2	10	1988	34	1	5	2021	1	1	-1	-1	-1	-1	-1	-1	-1	-1	-1	-1	-1	-1	-1
NS21215B	1	-1	-1	-1	-1	-1	-1	-1	3	-1	-1	1	1	-1	-1	-1	-1	-1	-1	-1	-1	-1	-1	-1	-1	-1
NS21216C	1	-1	-1	-1	-1	-1	-1	-1	-1	-1	-1	1	1	-1	-1	-1	-1	-1	-1	-1	-1	-1	-1	-1	-1	-1
NS21217D	1	-1	-1	-1	-1	-1	-1	-1	3	-1	-1	1	1	-1	-1	-1	-1	-1	-1	-1	-1	-1	-1	-1	-1	-1
NS21218E	1	-1	-1	-1	-1	-1	-1	-1	1	8	2017	2	-1	1	1	2	2	2	2	2	2	8	2019	1	2	2022
NS21218E	2	2	-1	-1	-1	-1	-1	-1	-1	-1	-1	-1	-1	-1	-1	-1	-1	-1	-1	-1	-1	-1	-1	-1	-1	-1
NS21220Q	2	1	10	2022	2	5	1993	29	3	-1	-1	1	1	-1	-1	-1	-1	-1	-1	-1	-1	-1	-1	-1	-1	-1
NS21221R	1	-1	-1	-1	-1	-1	-1	-1	1	7	2016	1	1	-1	-1	-1	-1	-1	-1	-1	-1	-1	-1	-1	-1	-1
NS21222S	2	2	-1	-1	-1	-1	-1	-1	-1	-1	-1	-1	-1	-1	-1	-1	-1	-1	-1	-1	-1	-1	-1	-1	-1	-1
NS21225W	1	-1	-1	-1	-1	-1	-1	-1	3	-1	-1	1	1	-1	-1	-1	-1	-1	-1	-1	-1	-1	-1	-1	-1	-1
NS21228Z	2	1	8	2016	1	2	1979	44	3	-1	-1	1	1	-1	-1	-1	-1	-1	-1	-1	-1	-1	-1	-1	-1	-1
NS21230K	2	1	7	2019	1	3	1989	33	1	7	2019	1	1	-1	-1	-1	-1	-1	-1	-1	-1	-1	-1	-1	-1	-1
NS21232M	2	1	7	2021	2	1	1999	24	1	7	2021	1	1	-1	-1	-1	-1	-1	-1	-1	-1	-1	-1	-1	-1	-1
NS21233N	2	1	9	2016	2	5	1986	36	1	8	2018	1	1	-1	-1	-1	-1	-1	-1	-1	-1	-1	-1	-1	-1	-1
NS21234P	1	-1	-1	-1	-1	-1	-1	-1	1	6	2016	1	1	-1	-1	-1	-1	-1	-1	-1	-1	-1	-1	-1	-1	-1
NS21237S	1	-1	-1	-1	-1	-1	-1	-1	1	7	2018	1	1	-1	-1	-1	-1	-1	-1	-1	-1	-1	-1	-1	-1	-1
NS21239V	1	-1	-1	-1	-1	-1	-1	-1	1	8	2019	1	1	-1	-1	-1	-1	-1	-1	-1	-1	-1	-1	-1	-1	-1
NS21241F	2	2	-1	-1	-1	-1	-1	-1	-1	-1	-1	-1	-1	-1	-1	-1	-1	-1	-1	-1	-1	-1	-1	-1	-1	-1
NS21242G	2	2	-1	-1	-1	-1	-1	-1	-1	-1	-1	-1	-1	-1	-1	-1	-1	-1	-1	-1	-1	-1	-1	-1	-1	-1
NS21245K	2	2	-1	-1	-1	-1	-1	-1	-1	-1	-1	-1	-1	-1	-1	-1	-1	-1	-1	-1	-1	-1	-1	-1	-1	-1
NS21246L	1	-1	-1	-1	-1	-1	-1	-1	1	11	2019	1	1	-1	-1	-1	-1	-1	-1	-1	-1	-1	-1	-1	-1	-1
NS21250Z	1	-1	-1	-1	-1	-1	-1	-1	3	-1	-1	2	-1	1	2	2	2	1	1	2	2	6	2017	-1	-1	-1
NS21250Z	2	2	-1	-1	-1	-1	-1	-1	-1	-1	-1	-1	-1	-1	-1	-1	-1	-1	-1	-1	-1	-1	-1	-1	-1	-1
NS21254D	2	2	-1	-1	-1	-1	-1	-1	-1	-1	-1	-1	-1	-1	-1	-1	-1	-1	-1	-1	-1	-1	-1	-1	-1	-1
NS21257G	1	-1	-1	-1	-1	-1	-1	-1	3	-1	-1	1	1	-1	-1	-1	-1	-1	-1	-1	-1	-1	-1	-1	-1	-1
NS21258H	1	-1	-1	-1	-1	-1	-1	-1	1	10	2020	1	1	-1	-1	-1	-1	-1	-1	-1	-1	-1	-1	-1	-1	-1
NS21261V	1	-1	-1	-1	-1	-1	-1	-1	-1	-1	-1	1	1	-1	-1	-1	-1	-1	-1	-1	-1	-1	-1	-1	-1	-1
NS21264Y	2	1	4	2013	2	9	1993	29	3	-1	-1	2	-1	1	2	2	2	2	2	2	1	8	2016	-1	-1	-1
NS21264Y	3	1	7	2017	2	5	1995	27	3	-1	-1	2	-1	1	2	2	2	2	2	2	1	9	2021	-1	-1	-1
NS21264Y	4	2	-1	-1	-1	-1	-1	-1	-1	-1	-1	-1	-1	-1	-1	-1	-1	-1	-1	-1	-1	-1	-1	-1	-1	-1
NS21266A	1	-1	-1	-1	-1	-1	-1	-1	-1	-1	-1	1	1	-1	-1	-1	-1	-1	-1	-1	-1	-1	-1	-1	-1	-1
NS21267B	2	2	-1	-1	-1	-1	-1	-1	-1	-1	-1	-1	-1	-1	-1	-1	-1	-1	-1	-1	-1	-1	-1	-1	-1	-1
NS21269D	1	-1	-1	-1	-1	-1	-1	-1	-1	-1	-1	1	1	-1	-1	-1	-1	-1	-1	-1	-1	-1	-1	-1	-1	-1
NS21270N	2	2	-1	-1	-1	-1	-1	-1	-1	-1	-1	-1	-1	-1	-1	-1	-1	-1	-1	-1	-1	-1	-1	-1	-1	-1
NS21272Q	1	-1	-1	-1	-1	-1	-1	-1	1	10	2019	1	1	-1	-1	-1	-1	-1	-1	-1	-1	-1	-1	-1	-1	-1
NS21274S	2	2	-1	-1	-1	-1	-1	-1	-1	-1	-1	-1	-1	-1	-1	-1	-1	-1	-1	-1	-1	-1	-1	-1	-1	-1
NS21278X	2	1	10	2011	1	3	1988	34	3	-1	-1	2	-1	1	1	2	2	2	2	2	2	12	2017	-1	-1	-1
NS21278X	3	2	-1	-1	-1	-1	-1	-1	-1	-1	-1	-1	-1	-1	-1	-1	-1	-1	-1	-1	-1	-1	-1	-1	-1	-1
NS21280H	2	2	-1	-1	-1	-1	-1	-1	-1	-1	-1	-1	-1	-1	-1	-1	-1	-1	-1	-1	-1	-1	-1	-1	-1	-1
NS21282K	2	2	-1	-1	-1	-1	-1	-1	-1	-1	-1	-1	-1	-1	-1	-1	-1	-1	-1	-1	-1	-1	-1	-1	-1	-1
NS21283L	1	-1	-1	-1	-1	-1	-1	-1	-1	-1	-1	1	1	-1	-1	-1	-1	-1	-1	-1	-1	-1	-1	-1	-1	-1
NS21284M	1	-1	-1	-1	-1	-1	-1	-1	1	11	2017	1	1	-1	-1	-1	-1	-1	-1	-1	-1	-1	-1	-1	-1	-1
NS21285N	2	2	-1	-1	-1	-1	-1	-1	-1	-1	-1	-1	-1	-1	-1	-1	-1	-1	-1	-1	-1	-1	-1	-1	-1	-1
NS21287Q	2	1	6	2012	2	11	1992	30	1	8	2018	1	1	-1	-1	-1	-1	-1	-1	-1	-1	-1	-1	-1	-1	-1
NS21293F	2	2	-1	-1	-1	-1	-1	-1	-1	-1	-1	-1	-1	-1	-1	-1	-1	-1	-1	-1	-1	-1	-1	-1	-1	-1
NS21295H	2	1	9	2017	1	5	1990	32	1	9	2017	1	1	-1	-1	-1	-1	-1	-1	-1	-1	-1	-1	-1	-1	-1
NS21297K	2	1	8	2016	1	8	1979	43	3	-1	-1	1	1	-1	-1	-1	-1	-1	-1	-1	-1	-1	-1	-1	-1	-1
NS21299M	1	-1	-1	-1	-1	-1	-1	-1	1	8	2017	1	1	-1	-1	-1	-1	-1	-1	-1	-1	-1	-1	-1	-1	-1
NS21300D	2	1	5	2021	2	12	1986	36	3	-1	-1	1	1	-1	-1	-1	-1	-1	-1	-1	-1	-1	-1	-1	-1	-1
NS21301E	1	-1	-1	-1	-1	-1	-1	-1	1	5	2016	1	1	-1	-1	-1	-1	-1	-1	-1	-1	-1	-1	-1	-1	-1
NS21304H	2	2	-1	-1	-1	-1	-1	-1	-1	-1	-1	-1	-1	-1	-1	-1	-1	-1	-1	-1	-1	-1	-1	-1	-1	-1
NS21305J	2	2	-1	-1	-1	-1	-1	-1	-1	-1	-1	-1	-1	-1	-1	-1	-1	-1	-1	-1	-1	-1	-1	-1	-1	-1
NS21306K	2	1	10	2017	1	3	1991	31	1	10	2017	1	1	-1	-1	-1	-1	-1	-1	-1	-1	-1	-1	-1	-1	-1
NS21309N	2	1	4	2014	1	11	1987	35	3	-1	-1	1	1	-1	-1	-1	-1	-1	-1	-1	-1	-1	-1	-1	-1	-1
NS21311Z	2	1	7	2010	1	5	1969	53	3	-1	-1	1	1	-1	-1	-1	-1	-1	-1	-1	-1	-1	-1	-1	-1	-1
NS21312A	2	1	3	2017	2	12	1989	33	1	5	2017	2	-1	1	1	2	2	2	2	2	2	1	2023	2	-1	-1
NS21312A	3	2	-1	-1	-1	-1	-1	-1	-1	-1	-1	-1	-1	-1	-1	-1	-1	-1	-1	-1	-1	-1	-1	-1	-1	-1
NS21315D	2	2	-1	-1	-1	-1	-1	-1	-1	-1	-1	-1	-1	-1	-1	-1	-1	-1	-1	-1	-1	-1	-1	-1	-1	-1
NS21316E	2	1	5	2019	1	3	1991	31	3	-1	-1	1	1	-1	-1	-1	-1	-1	-1	-1	-1	-1	-1	-1	-1	-1
NS21317F	2	1	5	2017	2	3	1991	31	3	-1	-1	2	-1	1	1	2	2	2	2	2	2	4	2019	-1	-1	-1
NS21317F	3	2	-1	-1	-1	-1	-1	-1	-1	-1	-1	-1	-1	-1	-1	-1	-1	-1	-1	-1	-1	-1	-1	-1	-1	-1
NS21318G	1	-1	-1	-1	-1	-1	-1	-1	1	9	2016	1	1	-1	-1	-1	-1	-1	-1	-1	-1	-1	-1	-1	-1	-1
NS21319H	2	1	-8	2017	2	9	1991	31	3	-1	-1	2	-1	2	-1	-1	-1	-1	-1	-1	-1	-8	-9	-1	-1	-1
NS21319H	3	2	-1	-1	-1	-1	-1	-1	-1	-1	-1	-1	-1	-1	-1	-1	-1	-1	-1	-1	-1	-1	-1	-1	-1	-1
NS21323W	2	1	4	2014	2	2	1990	33	3	-1	-1	2	-1	1	1	2	2	2	2	2	2	11	2020	-1	-1	-1
NS21323W	3	1	3	2022	2	11	1993	29	3	-1	-1	1	1	-1	-1	-1	-1	-1	-1	-1	-1	-1	-1	-1	-1	-1
NS21324X	2	2	-1	-1	-1	-1	-1	-1	-1	-1	-1	-1	-1	-1	-1	-1	-1	-1	-1	-1	-1	-1	-1	-1	-1	-1
NS21327A	2	2	-1	-1	-1	-1	-1	-1	-1	-1	-1	-1	-1	-1	-1	-1	-1	-1	-1	-1	-1	-1	-1	-1	-1	-1
NS21329C	2	1	1	2016	1	8	1968	54	3	-1	-1	1	1	-1	-1	-1	-1	-1	-1	-1	-1	-1	-1	-1	-1	-1
NS21330M	2	2	-1	-1	-1	-1	-1	-1	-1	-1	-1	-1	-1	-1	-1	-1	-1	-1	-1	-1	-1	-1	-1	-1	-1	-1
NS21331N	2	2	-1	-1	-1	-1	-1	-1	-1	-1	-1	-1	-1	-1	-1	-1	-1	-1	-1	-1	-1	-1	-1	-1	-1	-1
NS21333Q	1	-1	-1	-1	-1	-1	-1	-1	3	-1	-1	1	1	-1	-1	-1	-1	-1	-1	-1	-1	-1	-1	-1	-1	-1
NS21338W	2	1	-8	-8	1	-9	-9	-9	3	-1	-1	2	-1	1	2	2	2	2	1	2	2	-9	-9	-1	-1	-1
NS21338W	3	2	-1	-1	-1	-1	-1	-1	-1	-1	-1	-1	-1	-1	-1	-1	-1	-1	-1	-1	-1	-1	-1	-1	-1	-1
NS21339X	1	-1	-1	-1	-1	-1	-1	-1	3	-1	-1	2	-1	1	1	1	2	2	1	2	2	9	2017	-1	-1	-1
NS21339X	2	1	10	2019	1	3	1989	33	1	7	2020	1	1	-1	-1	-1	-1	-1	-1	-1	-1	-1	-1	-1	-1	-1
NS21340G	1	-1	-1	-1	-1	-1	-1	-1	1	7	2017	1	1	-1	-1	-1	-1	-1	-1	-1	-1	-1	-1	-1	-1	-1
NS21342J	2	1	9	2012	2	6	1990	32	1	6	2012	1	1	-1	-1	-1	-1	-1	-1	-1	-1	-1	-1	-1	-1	-1
NS21344L	2	2	-1	-1	-1	-1	-1	-1	-1	-1	-1	-1	-1	-1	-1	-1	-1	-1	-1	-1	-1	-1	-1	-1	-1	-1
NS21345M	1	-1	-1	-1	-1	-1	-1	-1	1	9	2017	1	1	-1	-1	-1	-1	-1	-1	-1	-1	-1	-1	-1	-1	-1
NS21347P	2	1	10	2016	1	10	1989	32	1	5	2019	1	1	-1	-1	-1	-1	-1	-1	-1	-1	-1	-1	-1	-1	-1
NS21348Q	2	2	-1	-1	-1	-1	-1	-1	-1	-1	-1	-1	-1	-1	-1	-1	-1	-1	-1	-1	-1	-1	-1	-1	-1	-1
NS21350B	2	2	-1	-1	-1	-1	-1	-1	-1	-1	-1	-1	-1	-1	-1	-1	-1	-1	-1	-1	-1	-1	-1	-1	-1	-1
NS21351C	2	2	-1	-1	-1	-1	-1	-1	-1	-1	-1	-1	-1	-1	-1	-1	-1	-1	-1	-1	-1	-1	-1	-1	-1	-1
NS21354F	1	-1	-1	-1	-1	-1	-1	-1	-1	-1	-1	1	1	-1	-1	-1	-1	-1	-1	-1	-1	-1	-1	-1	-1	-1
NS21357J	2	1	2	2021	1	7	1991	31	3	-1	-1	1	1	-1	-1	-1	-1	-1	-1	-1	-1	-1	-1	-1	-1	-1
NS21358K	1	-1	-1	-1	-1	-1	-1	-1	1	6	2019	1	1	-1	-1	-1	-1	-1	-1	-1	-1	-1	-1	-1	-1	-1
NS21363Z	2	1	12	2018	1	12	1985	37	3	-1	-1	1	1	-1	-1	-1	-1	-1	-1	-1	-1	-1	-1	-1	-1	-1
NS21365B	2	2	-1	-1	-1	-1	-1	-1	-1	-1	-1	-1	-1	-1	-1	-1	-1	-1	-1	-1	-1	-1	-1	-1	-1	-1
NS21368E	2	1	5	2020	2	7	1990	31	3	-1	-1	2	-1	1	1	2	2	2	2	2	2	4	2022	-1	-1	-1
NS21368E	3	2	-1	-1	-1	-1	-1	-1	-1	-1	-1	-1	-1	-1	-1	-1	-1	-1	-1	-1	-1	-1	-1	-1	-1	-1
NS21369F	2	1	5	2018	1	10	1989	33	1	5	2018	1	1	-1	-1	-1	-1	-1	-1	-1	-1	-1	-1	-1	-1	-1
NS21372S	1	-1	-1	-1	-1	-1	-1	-1	1	5	2016	1	1	-1	-1	-1	-1	-1	-1	-1	-1	-1	-1	-1	-1	-1
NS21373T	1	-1	-1	-1	-1	-1	-1	-1	-1	-1	-1	1	1	-1	-1	-1	-1	-1	-1	-1	-1	-1	-1	-1	-1	-1
NS21377Y	1	-1	-1	-1	-1	-1	-1	-1	3	-1	-1	2	-1	1	1	2	2	2	2	2	2	9	2016	-1	-1	-1
NS21377Y	2	2	-1	-1	-1	-1	-1	-1	-1	-1	-1	-1	-1	-1	-1	-1	-1	-1	-1	-1	-1	-1	-1	-1	-1	-1
NS21380K	2	2	-1	-1	-1	-1	-1	-1	-1	-1	-1	-1	-1	-1	-1	-1	-1	-1	-1	-1	-1	-1	-1	-1	-1	-1
NS21384P	2	2	-1	-1	-1	-1	-1	-1	-1	-1	-1	-1	-1	-1	-1	-1	-1	-1	-1	-1	-1	-1	-1	-1	-1	-1
NS21386R	2	2	-1	-1	-1	-1	-1	-1	-1	-1	-1	-1	-1	-1	-1	-1	-1	-1	-1	-1	-1	-1	-1	-1	-1	-1
NS21391F	2	2	-1	-1	-1	-1	-1	-1	-1	-1	-1	-1	-1	-1	-1	-1	-1	-1	-1	-1	-1	-1	-1	-1	-1	-1
NS21392G	2	2	-1	-1	-1	-1	-1	-1	-1	-1	-1	-1	-1	-1	-1	-1	-1	-1	-1	-1	-1	-1	-1	-1	-1	-1
NS21393H	1	-1	-1	-1	-1	-1	-1	-1	1	7	2020	1	1	-1	-1	-1	-1	-1	-1	-1	-1	-1	-1	-1	-1	-1
NS21394J	2	1	9	2018	1	7	1987	34	3	-1	-1	2	-1	1	1	1	1	1	2	2	2	3	2021	-1	-1	-1
NS21394J	3	2	-1	-1	-1	-1	-1	-1	-1	-1	-1	-1	-1	-1	-1	-1	-1	-1	-1	-1	-1	-1	-1	-1	-1	-1
NS21396L	2	2	-1	-1	-1	-1	-1	-1	-1	-1	-1	-1	-1	-1	-1	-1	-1	-1	-1	-1	-1	-1	-1	-1	-1	-1
NS21397M	2	1	3	2017	1	6	1963	58	1	9	2020	1	1	-1	-1	-1	-1	-1	-1	-1	-1	-1	-1	-1	-1	-1
NS21399P	2	1	9	2011	2	9	1986	36	2	9	2013	1	1	-1	-1	-1	-1	-1	-1	-1	-1	-1	-1	-1	-1	-1
NS21400F	2	1	9	2018	2	8	1988	34	1	9	2018	1	1	-1	-1	-1	-1	-1	-1	-1	-1	-1	-1	-1	-1	-1
NS21403J	2	2	-1	-1	-1	-1	-1	-1	-1	-1	-1	-1	-1	-1	-1	-1	-1	-1	-1	-1	-1	-1	-1	-1	-1	-1
NS21404K	1	-1	-1	-1	-1	-1	-1	-1	3	-1	-1	2	-1	1	1	2	2	2	2	2	2	3	2018	-1	-1	-1
NS21404K	2	2	-1	-1	-1	-1	-1	-1	-1	-1	-1	-1	-1	-1	-1	-1	-1	-1	-1	-1	-1	-1	-1	-1	-1	-1
NS21406M	2	2	-1	-1	-1	-1	-1	-1	-1	-1	-1	-1	-1	-1	-1	-1	-1	-1	-1	-1	-1	-1	-1	-1	-1	-1
NS21409Q	1	-1	-1	-1	-1	-1	-1	-1	-1	-1	-1	1	1	-1	-1	-1	-1	-1	-1	-1	-1	-1	-1	-1	-1	-1
NS21410A	2	1	5	2017	1	10	1988	34	3	-1	-1	1	1	-1	-1	-1	-1	-1	-1	-1	-1	-1	-1	-1	-1	-1
NS21411B	2	1	9	2022	2	8	1991	31	1	7	2021	1	1	-1	-1	-1	-1	-1	-1	-1	-1	-1	-1	-1	-1	-1
NS21412C	2	2	-1	-1	-1	-1	-1	-1	-1	-1	-1	-1	-1	-1	-1	-1	-1	-1	-1	-1	-1	-1	-1	-1	-1	-1
NS21414E	2	2	-1	-1	-1	-1	-1	-1	-1	-1	-1	-1	-1	-1	-1	-1	-1	-1	-1	-1	-1	-1	-1	-1	-1	-1
NS21416G	1	-1	-1	-1	-1	-1	-1	-1	-1	-1	-1	1	1	-1	-1	-1	-1	-1	-1	-1	-1	-1	-1	-1	-1	-1
NS21417H	2	2	-1	-1	-1	-1	-1	-1	-1	-1	-1	-1	-1	-1	-1	-1	-1	-1	-1	-1	-1	-1	-1	-1	-1	-1
NS21422X	2	2	-1	-1	-1	-1	-1	-1	-1	-1	-1	-1	-1	-1	-1	-1	-1	-1	-1	-1	-1	-1	-1	-1	-1	-1
NS21423Y	2	1	1	2016	2	3	1991	31	1	11	2019	1	1	-1	-1	-1	-1	-1	-1	-1	-1	-1	-1	-1	-1	-1
NS21425A	2	2	-1	-1	-1	-1	-1	-1	-1	-1	-1	-1	-1	-1	-1	-1	-1	-1	-1	-1	-1	-1	-1	-1	-1	-1
NS21426B	2	1	-8	2010	2	6	1987	35	1	9	2018	1	1	-1	-1	-1	-1	-1	-1	-1	-1	-1	-1	-1	-1	-1
NS21433S	2	1	9	2019	2	1	1997	26	1	11	2016	1	1	-1	-1	-1	-1	-1	-1	-1	-1	-1	-1	-1	-1	-1
NS21435V	1	-1	-1	-1	-1	-1	-1	-1	3	-1	-1	1	1	-1	-1	-1	-1	-1	-1	-1	-1	7	-1	-1	-1	-1
NS21440J	2	1	11	2016	2	-9	1993	29	1	-9	-9	1	1	-1	-1	-1	-1	-1	-1	-1	-1	-1	-1	-1	-1	-1
NS21445P	2	1	8	2016	1	6	1989	33	3	-1	-1	1	1	-1	-1	-1	-1	-1	-1	-1	-1	-1	-1	-1	-1	-1
NS21446Q	1	-1	-1	-1	-1	-1	-1	-1	1	10	2021	1	1	-1	-1	-1	-1	-1	-1	-1	-1	-1	-1	-1	-1	-1
NS21447R	2	2	-1	-1	-1	-1	-1	-1	-1	-1	-1	-1	-1	-1	-1	-1	-1	-1	-1	-1	-1	-1	-1	-1	-1	-1
NS21450D	2	1	6	2014	1	7	1970	51	1	8	2017	1	1	-1	-1	-1	-1	-1	-1	-1	-1	-1	-1	-1	-1	-1
NS21451E	1	-1	-1	-1	-1	-1	-1	-1	3	-1	-1	1	1	-1	-1	-1	-1	-1	-1	-1	-1	-1	-1	-1	-1	-1
NS21453G	1	-1	-1	-1	-1	-1	-1	-1	3	-1	-1	2	-1	1	2	2	2	1	2	2	2	2	2020	-1	-1	-1
NS21453G	2	2	-1	-1	-1	-1	-1	-1	-1	-1	-1	-1	-1	-1	-1	-1	-1	-1	-1	-1	-1	-1	-1	-1	-1	-1
NS21454H	1	-1	-1	-1	-1	-1	-1	-1	3	-1	-1	1	1	-1	-1	-1	-1	-1	-1	-1	-1	-1	-1	-1	-1	-1
NS21455J	2	1	3	2016	1	10	1989	33	-1	-1	-1	1	1	-1	-1	-1	-1	-1	-1	-1	-1	-1	-1	-1	-1	-1
NS21457L	2	1	7	2018	2	11	1990	31	1	7	2018	1	1	-1	-1	-1	-1	-1	-1	-1	-1	-1	-1	-1	-1	-1
NS21459N	2	2	-1	-1	-1	-1	-1	-1	-1	-1	-1	-1	-1	-1	-1	-1	-1	-1	-1	-1	-1	-1	-1	-1	-1	-1
NS21460Y	2	1	1	2014	2	5	1994	28	3	-1	-1	2	-1	1	1	2	2	2	2	2	2	2	2018	-1	-1	-1
NS21460Y	3	2	-1	-1	-1	-1	-1	-1	-1	-1	-1	-1	-1	-1	-1	-1	-1	-1	-1	-1	-1	-1	-1	-1	-1	-1
NS21461Z	2	1	8	2017	2	7	1990	31	3	-1	-1	1	1	-1	-1	-1	-1	-1	-1	-1	-1	-1	-1	-1	-1	-1
NS21464C	2	1	10	2017	2	10	1982	40	1	10	2017	1	1	-1	-1	-1	-1	-1	-1	-1	-1	-1	-1	-1	-1	-1
NS21469H	1	-1	-1	-1	-1	-1	-1	-1	-1	-1	-1	1	1	-1	-1	-1	-1	-1	-1	-1	-1	-1	-1	-1	-1	-1
NS21479C	2	1	2	2017	1	7	1983	39	3	-1	-1	2	-1	1	2	2	2	1	1	2	2	6	2019	-1	-1	-1
NS21479C	3	2	-1	-1	-1	-1	-1	-1	-1	-1	-1	-1	-1	-1	-1	-1	-1	-1	-1	-1	-1	-1	-1	-1	-1	-1
NS21480M	2	2	-1	-1	-1	-1	-1	-1	-1	-1	-1	-1	-1	-1	-1	-1	-1	-1	-1	-1	-1	-1	-1	-1	-1	-1
NS21483Q	2	1	11	2019	2	7	1988	34	3	-1	-1	1	1	-1	-1	-1	-1	-1	-1	-1	-1	-1	-1	-1	-1	-1
NS21490G	2	1	12	2018	2	-9	-9	28	1	10	2018	2	-1	1	1	2	1	2	2	2	2	6	2020	1	5	2021
NS21490G	3	2	-1	-1	-1	-1	-1	-1	-1	-1	-1	-1	-1	-1	-1	-1	-1	-1	-1	-1	-1	-1	-1	-1	-1	-1
NS21492J	2	1	2	2019	1	10	1995	27	3	-1	-1	2	-1	1	2	2	2	2	2	2	1	7	2022	-1	-1	-1
NS21492J	3	2	-1	-1	-1	-1	-1	-1	-1	-1	-1	-1	-1	-1	-1	-1	-1	-1	-1	-1	-1	-1	-1	-1	-1	-1
NS21494L	1	-1	-1	-1	-1	-1	-1	-1	-1	-1	-1	2	-1	1	1	2	2	2	2	2	2	8	2020	1	5	2020
NS21494L	2	2	-1	-1	-1	-1	-1	-1	-1	-1	-1	-1	-1	-1	-1	-1	-1	-1	-1	-1	-1	-1	-1	-1	-1	-1
NS21496N	2	1	4	2020	2	10	1983	39	3	-1	-1	2	-1	1	1	2	2	2	2	1	2	9	2022	-1	-1	-1
NS21496N	3	2	-1	-1	-1	-1	-1	-1	-1	-1	-1	-1	-1	-1	-1	-1	-1	-1	-1	-1	-1	-1	-1	-1	-1	-1
NS21500H	2	1	11	2018	1	3	1982	40	3	-1	-1	1	1	-1	-1	-1	-1	-1	-1	-1	-1	-1	-1	-1	-1	-1
NS21501J	2	1	6	2021	1	10	1987	35	3	-1	-1	1	1	-1	-1	-1	-1	-1	-1	-1	-1	-1	-1	-1	-1	-1
NS21503L	1	-1	-1	-1	-1	-1	-1	-1	3	-1	-1	1	1	-1	-1	-1	-1	-1	-1	-1	-1	-1	-1	-1	-1	-1
NS21505N	1	-1	-1	-1	-1	-1	-1	-1	1	4	2019	1	1	-1	-1	-1	-1	-1	-1	-1	-1	-1	-1	-1	-1	-1
NS21507Q	2	1	4	2019	2	1	1998	25	1	4	2019	1	1	-1	-1	-1	-1	-1	-1	-1	-1	-1	-1	-1	-1	-1
NS21508R	1	-1	-1	-1	-1	-1	-1	-1	-1	-1	-1	2	-1	1	1	2	2	2	2	2	2	7	2018	1	10	2019
NS21508R	2	1	9	2020	2	11	1995	27	3	-1	-1	1	1	-1	-1	-1	-1	-1	-1	-1	-1	-1	-1	-1	-1	-1
NS21509S	2	2	-1	-1	-1	-1	-1	-1	-1	-1	-1	-1	-1	-1	-1	-1	-1	-1	-1	-1	-1	-1	-1	-1	-1	-1
NS21511D	1	-1	-1	-1	-1	-1	-1	-1	3	-1	-1	1	1	-1	-1	-1	-1	-1	-1	-1	-1	-1	-1	-1	-1	-1
NS21514G	2	1	2	2018	1	8	1980	42	1	8	2018	1	1	-1	-1	-1	-1	-1	-1	-1	-1	-1	-1	-1	-1	-1
NS21515H	2	2	-1	-1	-1	-1	-1	-1	-1	-1	-1	-1	-1	-1	-1	-1	-1	-1	-1	-1	-1	-1	-1	-1	-1	-1
NS21516J	1	-1	-1	-1	-1	-1	-1	-1	1	6	2018	1	1	-1	-1	-1	-1	-1	-1	-1	-1	-1	-1	-1	-1	-1
NS21519M	1	-1	-1	-1	-1	-1	-1	-1	-1	-1	-1	1	1	-1	-1	-1	-1	-1	-1	-1	-1	-1	-1	-1	-1	-1
NS21520X	1	-1	-1	-1	-1	-1	-1	-1	-1	-1	-1	2	-1	1	1	1	2	2	2	2	2	3	2018	2	-1	-1
NS21520X	2	2	-1	-1	-1	-1	-1	-1	-1	-1	-1	-1	-1	-1	-1	-1	-1	-1	-1	-1	-1	-1	-1	-1	-1	-1
NS21521Y	2	1	8	2017	1	8	1991	31	1	10	2021	1	1	-1	-1	-1	-1	-1	-1	-1	-1	-1	-1	-1	-1	-1
NS21523A	2	1	5	2017	2	11	1989	33	3	-1	-1	1	1	-1	-1	-1	-1	-1	-1	-1	-1	-1	-1	-1	-1	-1
NS21528F	2	1	2	2020	1	9	1989	32	3	-1	-1	1	1	-1	-1	-1	-1	-1	-1	-1	-1	5	2021	-1	-1	-1
NS21530R	2	2	-1	-1	-1	-1	-1	-1	-1	-1	-1	-1	-1	-1	-1	-1	-1	-1	-1	-1	-1	-1	-1	-1	-1	-1
NS21532T	1	-1	-1	-1	-1	-1	-1	-1	1	7	2021	1	1	-1	-1	-1	-1	-1	-1	-1	-1	-1	-1	-1	-1	-1
NS21540L	2	2	-1	-1	-1	-1	-1	-1	-1	-1	-1	-1	-1	-1	-1	-1	-1	-1	-1	-1	-1	-1	-1	-1	-1	-1
NS21543P	1	-1	-1	-1	-1	-1	-1	-1	3	-1	-1	2	-1	1	1	2	2	2	2	2	2	8	2017	-1	-1	-1
NS21543P	2	1	1	2020	1	8	1992	30	3	-1	-1	1	1	-1	-1	-1	-1	-1	-1	-1	-1	-1	-1	-1	-1	-1
NS21546S	1	-1	-1	-1	-1	-1	-1	-1	3	-1	-1	1	1	-1	-1	-1	-1	-1	-1	-1	-1	-1	-1	-1	-1	-1
NS21547T	2	2	-1	-1	-1	-1	-1	-1	-1	-1	-1	-1	-1	-1	-1	-1	-1	-1	-1	-1	-1	-1	-1	-1	-1	-1
NS21548V	2	1	5	2009	1	4	1988	34	1	5	2009	1	1	-1	-1	-1	-1	-1	-1	-1	-1	-1	-1	-1	-1	-1
NS21551G	2	1	2	2021	1	5	1994	28	3	-1	-1	1	1	-1	-1	-1	-1	-1	-1	-1	-1	-1	-1	-1	-1	-1
NS21552H	1	-1	-1	-1	-1	-1	-1	-1	-1	-1	-1	1	1	-1	-1	-1	-1	-1	-1	-1	-1	-1	-1	-1	-1	-1
NS21554K	1	-1	-1	-1	-1	-1	-1	-1	1	7	2017	1	1	-1	-1	-1	-1	-1	-1	-1	-1	-1	-1	-1	-1	-1
NS21555L	2	2	-1	-1	-1	-1	-1	-1	-1	-1	-1	-1	-1	-1	-1	-1	-1	-1	-1	-1	-1	-1	-1	-1	-1	-1
NS21556M	1	-1	-1	-1	-1	-1	-1	-1	3	-1	-1	1	1	-1	-1	-1	-1	-1	-1	-1	-1	-1	-1	-1	-1	-1
NS21559Q	1	-1	-1	-1	-1	-1	-1	-1	3	-1	-1	1	1	-1	-1	-1	-1	-1	-1	-1	-1	-1	-1	-1	-1	-1
NS21560A	2	1	9	2017	1	11	1987	34	1	3	2019	1	1	-1	-1	-1	-1	-1	-1	-1	-1	-1	-1	-1	-1	-1
NS21564E	2	1	-8	2010	2	12	1992	30	1	9	2017	1	1	-1	-1	-1	-1	-1	-1	-1	-1	-1	-1	-1	-1	-1
NS21566G	2	1	1	2019	1	12	1987	35	1	9	2022	1	1	-1	-1	-1	-1	-1	-1	-1	-1	-1	-1	-1	-1	-1
NS21569K	1	-1	-1	-1	-1	-1	-1	-1	3	-1	-1	2	-1	1	1	2	1	2	2	1	2	2	2023	-1	-1	-1
NS21569K	2	2	-1	-1	-1	-1	-1	-1	-1	-1	-1	-1	-1	-1	-1	-1	-1	-1	-1	-1	-1	-1	-1	-1	-1	-1
NS21571W	2	1	1	2014	2	8	1992	30	1	11	2017	1	1	-1	-1	-1	-1	-1	-1	-1	-1	-1	-1	-1	-1	-1
NS21572X	2	1	5	2019	2	1	1991	31	1	10	2021	1	1	-1	-1	-1	-1	-1	-1	-1	-1	-1	-1	-1	-1	-1
NS21573Y	2	1	7	2021	1	3	1990	32	1	5	2021	1	1	-1	-1	-1	-1	-1	-1	-1	-1	-1	-1	-1	-1	-1
NS21574Z	1	-1	-1	-1	-1	-1	-1	-1	-1	-1	-1	1	1	-1	-1	-1	-1	-1	-1	-1	-1	-1	-1	-1	-1	-1
NS21578D	1	-1	-1	-1	-1	-1	-1	-1	1	11	2020	1	1	-1	-1	-1	-1	-1	-1	-1	-1	12	2016	-1	-1	-1
NS21578D	2	2	-1	-1	-1	-1	-1	-1	-1	-1	-1	-1	-1	-1	-1	-1	-1	-1	-1	-1	-1	-1	-1	-1	-1	-1
NS21579E	2	1	1	2020	1	8	1990	32	1	10	2022	1	1	-1	-1	-1	-1	-1	-1	-1	-1	-1	-1	-1	-1	-1
NS21580P	2	2	-1	-1	-1	-1	-1	-1	-1	-1	-1	-1	-1	-1	-1	-1	-1	-1	-1	-1	-1	-1	-1	-1	-1	-1
NS21585V	2	1	6	2019	1	1	1990	33	1	6	2019	1	1	-1	-1	-1	-1	-1	-1	-1	-1	-1	-1	-1	-1	-1
NS21587X	2	2	-1	-1	-1	-1	-1	-1	-1	-1	-1	-1	-1	-1	-1	-1	-1	-1	-1	-1	-1	-1	-1	-1	-1	-1
NS21588Y	2	1	1	2022	1	9	1991	31	3	-1	-1	1	1	-1	-1	-1	-1	-1	-1	-1	-1	-1	-1	-1	-1	-1
NS21589Z	2	2	-1	-1	-1	-1	-1	-1	-1	-1	-1	-1	-1	-1	-1	-1	-1	-1	-1	-1	-1	-1	-1	-1	-1	-1
NS21590J	1	-1	-1	-1	-1	-1	-1	-1	1	6	2018	1	1	-1	-1	-1	-1	-1	-1	-1	-1	-1	-1	-1	-1	-1
NS21591K	2	2	-1	-1	-1	-1	-1	-1	-1	-1	-1	-1	-1	-1	-1	-1	-1	-1	-1	-1	-1	-1	-1	-1	-1	-1
NS21592L	1	-1	-1	-1	-1	-1	-1	-1	3	-1	-1	2	-1	1	1	2	2	2	2	2	2	10	2016	-1	-1	-1
NS21592L	2	1	8	2020	1	8	1991	30	3	-1	-1	1	1	-1	-1	-1	-1	-1	-1	-1	-1	-1	-1	-1	-1	-1
NS21595P	1	-1	-1	-1	-1	-1	-1	-1	1	11	2017	1	1	-1	-1	-1	-1	-1	-1	-1	-1	-1	-1	-1	-1	-1
NS21597R	2	1	3	2020	2	2	2002	20	1	3	2020	2	-1	1	2	2	2	2	2	2	1	12	2022	2	-1	-1
NS21597R	3	2	-1	-1	-1	-1	-1	-1	-1	-1	-1	-1	-1	-1	-1	-1	-1	-1	-1	-1	-1	-1	-1	-1	-1	-1
NS21599T	2	2	-1	-1	-1	-1	-1	-1	-1	-1	-1	-1	-1	-1	-1	-1	-1	-1	-1	-1	-1	-1	-1	-1	-1	-1
NS21602M	2	2	-1	-1	-1	-1	-1	-1	-1	-1	-1	-1	-1	-1	-1	-1	-1	-1	-1	-1	-1	-1	-1	-1	-1	-1
NS21606R	2	2	-1	-1	-1	-1	-1	-1	-1	-1	-1	-1	-1	-1	-1	-1	-1	-1	-1	-1	-1	-1	-1	-1	-1	-1
NS21608T	2	1	5	2013	1	9	1986	36	1	8	2018	1	1	-1	-1	-1	-1	-1	-1	-1	-1	-1	-1	-1	-1	-1
NS21610E	2	1	7	2013	1	2	1986	37	1	7	2014	1	1	-1	-1	-1	-1	-1	-1	-1	-1	-1	-1	-1	-1	-1
NS21613H	1	-1	-1	-1	-1	-1	-1	-1	-1	-1	-1	1	1	-1	-1	-1	-1	-1	-1	-1	-1	-1	-1	-1	-1	-1
NS21614J	2	2	-1	-1	-1	-1	-1	-1	-1	-1	-1	-1	-1	-1	-1	-1	-1	-1	-1	-1	-1	-1	-1	-1	-1	-1
NS21615K	2	1	8	2019	2	8	1989	33	3	-1	-1	1	1	-1	-1	-1	-1	-1	-1	-1	-1	-1	-1	-1	-1	-1
NS21616L	1	-1	-1	-1	-1	-1	-1	-1	-1	-1	-1	1	1	-1	-1	-1	-1	-1	-1	-1	-1	-1	-1	-1	-1	-1
NS21617M	1	-1	-1	-1	-1	-1	-1	-1	1	8	2016	1	1	-1	-1	-1	-1	-1	-1	-1	-1	-1	-1	-1	-1	-1
NS21618N	2	1	3	2016	2	11	1989	33	3	-1	-1	1	1	-1	-1	-1	-1	-1	-1	-1	-1	-1	-1	-1	-1	-1
NS21620Z	2	2	-1	-1	-1	-1	-1	-1	-1	-1	-1	-1	-1	-1	-1	-1	-1	-1	-1	-1	-1	-1	-1	-1	-1	-1
NS21621A	1	-1	-1	-1	-1	-1	-1	-1	-1	-1	-1	1	1	-1	-1	-1	-1	-1	-1	-1	-1	-1	-1	-1	-1	-1
NS21622B	1	-1	-1	-1	-1	-1	-1	-1	1	4	2019	1	1	-1	-1	-1	-1	-1	-1	-1	-1	-1	-1	-1	-1	-1
NS21623C	1	-1	-1	-1	-1	-1	-1	-1	-1	-1	-1	2	-1	1	1	2	2	2	2	2	2	9	2016	1	11	2019
NS21623C	2	2	-1	-1	-1	-1	-1	-1	-1	-1	-1	-1	-1	-1	-1	-1	-1	-1	-1	-1	-1	-1	-1	-1	-1	-1
NS21624D	2	1	2	2017	1	5	2022	1	3	-1	-1	1	1	-1	-1	-1	-1	-1	-1	-1	-1	-1	-1	-1	-1	-1
NS21626F	2	2	-1	-1	-1	-1	-1	-1	-1	-1	-1	-1	-1	-1	-1	-1	-1	-1	-1	-1	-1	-1	-1	-1	-1	-1
NS21627G	1	-1	-1	-1	-1	-1	-1	-1	-1	-1	-1	1	1	-1	-1	-1	-1	-1	-1	-1	-1	-1	-1	-1	-1	-1
NS21628H	1	-1	-1	-1	-1	-1	-1	-1	1	9	2016	1	1	-1	-1	-1	-1	-1	-1	-1	-1	-1	-1	-1	-1	-1
NS21629J	1	-1	-1	-1	-1	-1	-1	-1	3	-1	-1	1	1	-1	-1	-1	-1	-1	-1	-1	-1	-1	-1	-1	-1	-1
NS21630T	1	-1	-1	-1	-1	-1	-1	-1	1	8	2016	1	1	-1	-1	-1	-1	-1	-1	-1	-1	-1	-1	-1	-1	-1
NS21633X	1	-1	-1	-1	-1	-1	-1	-1	3	-1	-1	2	-1	1	1	2	2	2	2	2	2	5	2016	-1	-1	-1
NS21633X	2	1	9	2020	1	10	1992	30	3	-1	-1	1	1	-1	-1	-1	-1	-1	-1	-1	-1	-1	-1	-1	-1	-1
NS21635Z	2	1	10	2017	1	5	1988	33	1	9	2017	1	1	-1	-1	-1	-1	-1	-1	-1	-1	-1	-1	-1	-1	-1
NS21638C	2	1	8	2016	-9	-9	1991	-9	1	-9	-9	1	1	-1	-1	-1	-1	-1	-1	-1	-1	-1	-1	-1	-1	-1
NS21639D	1	-1	-1	-1	-1	-1	-1	-1	1	8	2017	1	1	-1	-1	-1	-1	-1	-1	-1	-1	-1	-1	-1	-1	-1
NS21640N	2	1	6	2020	1	6	1994	28	3	-1	-1	1	1	-1	-1	-1	-1	-1	-1	-1	-1	-1	-1	-1	-1	-1
NS21641P	2	1	9	2017	2	3	1992	30	1	12	2020	1	1	-1	-1	-1	-1	-1	-1	-1	-1	-1	-1	-1	-1	-1
NS21642Q	2	1	4	2022	1	7	1989	33	3	-1	-1	1	1	-1	-1	-1	-1	-1	-1	-1	-1	-1	-1	-1	-1	-1
NS21648X	1	-1	-1	-1	-1	-1	-1	-1	3	-1	-1	2	-1	1	1	2	2	2	2	2	2	10	2016	-1	-1	-1
NS21648X	2	2	-1	-1	-1	-1	-1	-1	-1	-1	-1	-1	-1	-1	-1	-1	-1	-1	-1	-1	-1	-1	-1	-1	-1	-1
NS21649Y	1	-1	-1	-1	-1	-1	-1	-1	3	-1	-1	1	1	-1	-1	-1	-1	-1	-1	-1	-1	-1	-1	-1	-1	-1
NS21650H	1	-1	-1	-1	-1	-1	-1	-1	1	9	2017	1	1	-1	-1	-1	-1	-1	-1	-1	-1	-1	-1	-1	-1	-1
NS21652K	1	-1	-1	-1	-1	-1	-1	-1	1	7	2019	1	1	-1	-1	-1	-1	-1	-1	-1	-1	-1	-1	-1	-1	-1
NS21653L	1	-1	-1	-1	-1	-1	-1	-1	-1	-1	-1	1	1	-1	-1	-1	-1	-1	-1	-1	-1	-1	-1	-1	-1	-1
NS21657Q	1	-1	-1	-1	-1	-1	-1	-1	1	6	2021	1	1	-1	-1	-1	-1	-1	-1	-1	-1	-1	-1	-1	-1	-1
NS21658R	1	-1	-1	-1	-1	-1	-1	-1	-1	-1	-1	1	1	-1	-1	-1	-1	-1	-1	-1	-1	-1	-1	-1	-1	-1
NS21661D	2	1	8	2021	1	5	1981	41	3	-1	-1	1	1	-1	-1	-1	-1	-1	-1	-1	-1	-1	-1	-1	-1	-1
NS21668L	1	-1	-1	-1	-1	-1	-1	-1	1	2	2022	1	1	-1	-1	-1	-1	-1	-1	-1	-1	-1	-1	-1	-1	-1
NS21673A	2	1	8	2013	1	10	1988	34	1	8	2018	1	1	-1	-1	-1	-1	-1	-1	-1	-1	-1	-1	-1	-1	-1
NS21677E	1	-1	-1	-1	-1	-1	-1	-1	3	-1	-1	1	1	-1	-1	-1	-1	-1	-1	-1	-1	-1	-1	-1	-1	-1
NS21678F	2	1	10	2017	1	6	1991	30	1	9	2019	1	1	-1	-1	-1	-1	-1	-1	-1	-1	-1	-1	-1	-1	-1
NS21681S	2	1	5	2018	1	-9	-9	30	1	-9	-9	2	-1	1	1	2	2	2	2	2	2	-9	-9	2	-1	-1
NS21681S	3	2	-1	-1	-1	-1	-1	-1	-1	-1	-1	-1	-1	-1	-1	-1	-1	-1	-1	-1	-1	-1	-1	-1	-1	-1
NS21683V	2	1	2	2020	1	12	1986	36	3	-1	-1	1	1	-1	-1	-1	-1	-1	-1	-1	-1	-1	-1	-1	-1	-1
NS21688A	2	1	1	2018	1	3	1989	33	3	-1	-1	1	1	-1	-1	-1	-1	-1	-1	-1	-1	-1	-1	-1	-1	-1
NS21689B	2	2	-1	-1	-1	-1	-1	-1	-1	-1	-1	-1	-1	-1	-1	-1	-1	-1	-1	-1	-1	-1	-1	-1	-1	-1
NS21690L	2	2	-1	-1	-1	-1	-1	-1	-1	-1	-1	-1	-1	-1	-1	-1	-1	-1	-1	-1	-1	-1	-1	-1	-1	-1
NS21694Q	2	1	9	2016	1	6	1990	31	1	4	2018	1	1	-1	-1	-1	-1	-1	-1	-1	-1	-1	-1	-1	-1	-1
NS21695R	2	1	5	2021	2	7	1999	23	3	-1	-1	1	1	-1	-1	-1	-1	-1	-1	-1	-1	-1	-1	-1	-1	-1
NS21696S	1	-1	-1	-1	-1	-1	-1	-1	3	-1	-1	2	-1	1	1	2	2	2	2	2	2	3	2019	-1	-1	-1
NS21696S	2	2	-1	-1	-1	-1	-1	-1	-1	-1	-1	-1	-1	-1	-1	-1	-1	-1	-1	-1	-1	-1	-1	-1	-1	-1
NS21707V	2	1	3	2018	1	4	1984	38	3	-1	-1	2	-1	1	1	2	2	2	2	2	2	2	2019	-1	-1	-1
NS21707V	3	2	-1	-1	-1	-1	-1	-1	-1	-1	-1	-1	-1	-1	-1	-1	-1	-1	-1	-1	-1	-1	-1	-1	-1	-1
NS21712J	1	-1	-1	-1	-1	-1	-1	-1	-1	-1	-1	1	1	-1	-1	-1	-1	-1	-1	-1	-1	-1	-1	-1	-1	-1
NS21716N	2	1	4	2020	1	12	1989	32	3	-1	-1	1	1	-1	-1	-1	-1	-1	-1	-1	-1	-1	-1	-1	-1	-1
NS21717P	2	1	4	2020	1	7	1987	35	1	9	2022	1	1	-1	-1	-1	-1	-1	-1	-1	-1	-1	-1	-1	-1	-1
NS21719R	2	1	12	2016	1	1	1971	51	1	6	2019	1	1	-1	-1	-1	-1	-1	-1	-1	-1	-1	-1	-1	-1	-1
NS21720B	2	1	3	2012	1	4	1989	33	1	11	2013	1	1	-1	-1	-1	-1	-1	-1	-1	-1	-1	-1	-1	-1	-1
NS21721C	2	1	12	2019	2	-9	-9	41	1	8	2022	1	1	-1	-1	-1	-1	-1	-1	-1	-1	-1	-1	-1	-1	-1
NS21723E	2	1	6	2010	2	-8	-8	-8	3	-1	-1	2	-1	1	1	2	2	2	2	2	2	8	2015	-1	-1	-1
NS21723E	3	1	12	2019	2	3	1993	30	3	-1	-1	1	1	-1	-1	-1	-1	-1	-1	-1	-1	-1	-1	-1	-1	-1
NS21725G	2	2	-1	-1	-1	-1	-1	-1	-1	-1	-1	-1	-1	-1	-1	-1	-1	-1	-1	-1	-1	-1	-1	-1	-1	-1
NS21726H	1	-1	-1	-1	-1	-1	-1	-1	3	-1	-1	2	-1	1	1	2	2	2	2	2	2	11	2015	-1	-1	-1
NS21726H	2	1	12	2015	2	10	1989	33	1	8	2018	1	1	-1	-1	-1	-1	-1	-1	-1	-1	-1	-1	-1	-1	-1
NS21727J	2	1	3	2021	1	2	1991	31	3	-1	-1	2	-1	1	1	1	1	2	2	2	2	2	2022	-1	-1	-1
NS21727J	3	2	-1	-1	-1	-1	-1	-1	-1	-1	-1	-1	-1	-1	-1	-1	-1	-1	-1	-1	-1	-1	-1	-1	-1	-1
NS21730W	2	1	9	2018	1	1	1990	33	1	8	2019	1	1	-1	-1	-1	-1	-1	-1	-1	-1	-1	-1	-1	-1	-1
NS21732Y	1	-1	-1	-1	-1	-1	-1	-1	3	-1	-1	2	-1	1	1	2	2	2	2	2	2	6	2017	-1	-1	-1
NS21732Y	2	1	3	2020	1	9	1988	34	3	-1	-1	2	-1	1	1	2	2	2	2	2	2	9	2021	-1	-1	-1
NS21732Y	3	1	10	2022	1	9	1990	32	3	-1	-1	1	1	-1	-1	-1	-1	-1	-1	-1	-1	-1	-1	-1	-1	-1
NS21734A	2	1	4	2015	2	12	1986	36	3	-1	-1	1	1	-1	-1	-1	-1	-1	-1	-1	-1	-1	-1	-1	-1	-1
NS21737D	1	-1	-1	-1	-1	-1	-1	-1	1	8	2018	1	1	-1	-1	-1	-1	-1	-1	-1	-1	-1	-1	-1	-1	-1
NS21738E	1	-1	-1	-1	-1	-1	-1	-1	3	-1	-1	1	1	-1	-1	-1	-1	-1	-1	-1	-1	-1	-1	-1	-1	-1
NS21739F	2	1	5	2017	2	3	1990	32	3	-1	-1	1	1	-1	-1	-1	-1	-1	-1	-1	-1	-1	-1	-1	-1	-1
NS21742S	2	2	-1	-1	-1	-1	-1	-1	-1	-1	-1	-1	-1	-1	-1	-1	-1	-1	-1	-1	-1	-1	-1	-1	-1	-1
NS21743T	2	1	7	2019	1	12	1989	33	1	9	2022	1	1	-1	-1	-1	-1	-1	-1	-1	-1	-1	-1	-1	-1	-1
NS21744V	1	-1	-1	-1	-1	-1	-1	-1	1	8	2018	1	1	-1	-1	-1	-1	-1	-1	-1	-1	-1	-1	-1	-1	-1
NS21746X	2	2	-1	-1	-1	-1	-1	-1	-1	-1	-1	-1	-1	-1	-1	-1	-1	-1	-1	-1	-1	-1	-1	-1	-1	-1
NS21748Z	2	2	-1	-1	-1	-1	-1	-1	-1	-1	-1	-1	-1	-1	-1	-1	-1	-1	-1	-1	-1	-1	-1	-1	-1	-1
NS21751L	1	-1	-1	-1	-1	-1	-1	-1	-1	-1	-1	1	1	-1	-1	-1	-1	-1	-1	-1	-1	-1	-1	-1	-1	-1
NS21752M	2	2	-1	-1	-1	-1	-1	-1	-1	-1	-1	-1	-1	-1	-1	-1	-1	-1	-1	-1	-1	-1	-1	-1	-1	-1
NS21760E	2	1	5	2018	1	2	1987	35	3	-1	-1	1	1	-1	-1	-1	-1	-1	-1	-1	-1	-1	-1	-1	-1	-1
NS21764J	1	-1	-1	-1	-1	-1	-1	-1	1	10	2018	1	1	-1	-1	-1	-1	-1	-1	-1	-1	-1	-1	-1	-1	-1
NS21765K	2	1	10	2022	1	8	1991	31	1	11	2022	1	1	-1	-1	-1	-1	-1	-1	-1	-1	-1	-1	-1	-1	-1
NS21767M	1	-1	-1	-1	-1	-1	-1	-1	1	4	2016	1	1	-1	-1	-1	-1	-1	-1	-1	-1	-1	-1	-1	-1	-1
NS21770Z	2	1	1	2019	2	9	1993	28	3	-1	-1	1	1	-1	-1	-1	-1	-1	-1	-1	-1	-1	-1	-1	-1	-1
NS21771A	2	1	3	2020	2	3	1992	31	3	-1	-1	1	1	-1	-1	-1	-1	-1	-1	-1	-1	-1	-1	-1	-1	-1
NS21774D	2	1	9	2016	2	2	1991	31	1	7	2018	1	1	-1	-1	-1	-1	-1	-1	-1	-1	-1	-1	-1	-1	-1
NS21775E	2	2	-1	-1	-1	-1	-1	-1	-1	-1	-1	-1	-1	-1	-1	-1	-1	-1	-1	-1	-1	-1	-1	-1	-1	-1
NS21778H	1	-1	-1	-1	-1	-1	-1	-1	1	6	2022	1	1	-1	-1	-1	-1	-1	-1	-1	-1	-1	-1	-1	-1	-1
NS21780T	2	1	9	2018	2	-8	-8	31	3	-1	-1	2	-1	1	1	2	2	2	2	2	2	5	2019	-1	-1	-1
NS21780T	3	2	-1	-1	-1	-1	-1	-1	-1	-1	-1	-1	-1	-1	-1	-1	-1	-1	-1	-1	-1	-1	-1	-1	-1	-1
NS21781V	2	1	2	2010	1	5	1963	58	3	-1	-1	1	1	-1	-1	-1	-1	-1	-1	-1	-1	-1	-1	-1	-1	-1
NS21785Z	1	-1	-1	-1	-1	-1	-1	-1	3	-1	-1	2	-1	2	-1	-1	-1	-1	-1	-1	-1	3	2021	-1	-1	-1
NS21785Z	2	2	-1	-1	-1	-1	-1	-1	-1	-1	-1	-1	-1	-1	-1	-1	-1	-1	-1	-1	-1	-1	-1	-1	-1	-1
NS21786A	2	1	6	2018	1	10	1995	27	3	-1	-1	1	1	-1	-1	-1	-1	-1	-1	-1	-1	-1	-1	-1	-1	-1
NS21787B	1	-1	-1	-1	-1	-1	-1	-1	1	7	2022	1	1	-1	-1	-1	-1	-1	-1	-1	-1	-1	-1	-1	-1	-1
NS21788C	2	2	-1	-1	-1	-1	-1	-1	-1	-1	-1	-1	-1	-1	-1	-1	-1	-1	-1	-1	-1	-1	-1	-1	-1	-1
NS21789D	2	2	-1	-1	-1	-1	-1	-1	-1	-1	-1	-1	-1	-1	-1	-1	-1	-1	-1	-1	-1	-1	-1	-1	-1	-1
NS21791P	2	1	12	2017	1	1	1988	35	3	-1	-1	1	1	-1	-1	-1	-1	-1	-1	-1	-1	-1	-1	-1	-1	-1
NS21792Q	2	2	-1	-1	-1	-1	-1	-1	-1	-1	-1	-1	-1	-1	-1	-1	-1	-1	-1	-1	-1	-1	-1	-1	-1	-1
NS21793R	2	1	4	2016	1	7	1991	31	3	-1	-1	1	1	-1	-1	-1	-1	-1	-1	-1	-1	-1	-1	-1	-1	-1
NS21796V	2	2	-1	-1	-1	-1	-1	-1	-1	-1	-1	-1	-1	-1	-1	-1	-1	-1	-1	-1	-1	-1	-1	-1	-1	-1
NS21797W	2	1	1	2016	1	12	1981	41	1	10	2013	1	1	-1	-1	-1	-1	-1	-1	-1	-1	-1	-1	-1	-1	-1
NS21799Y	2	1	9	2021	2	4	1993	29	1	8	2021	1	1	-1	-1	-1	-1	-1	-1	-1	-1	-1	-1	-1	-1	-1
NS21802R	1	-1	-1	-1	-1	-1	-1	-1	3	-1	-1	1	1	-1	-1	-1	-1	-1	-1	-1	-1	-1	-1	-1	-1	-1
NS21806W	2	2	-1	-1	-1	-1	-1	-1	-1	-1	-1	-1	-1	-1	-1	-1	-1	-1	-1	-1	-1	-1	-1	-1	-1	-1
NS21810J	2	2	-1	-1	-1	-1	-1	-1	-1	-1	-1	-1	-1	-1	-1	-1	-1	-1	-1	-1	-1	-1	-1	-1	-1	-1
NS21814N	2	1	9	2017	2	10	1992	29	3	-1	-1	2	-1	1	1	2	2	2	2	2	2	5	2021	-1	-1	-1
NS21814N	3	2	-1	-1	-1	-1	-1	-1	-1	-1	-1	-1	-1	-1	-1	-1	-1	-1	-1	-1	-1	-1	-1	-1	-1	-1
NS21818S	2	2	-1	-1	-1	-1	-1	-1	-1	-1	-1	-1	-1	-1	-1	-1	-1	-1	-1	-1	-1	-1	-1	-1	-1	-1
NS21819T	2	2	-1	-1	-1	-1	-1	-1	-1	-1	-1	-1	-1	-1	-1	-1	-1	-1	-1	-1	-1	-1	-1	-1	-1	-1
NS21820D	1	-1	-1	-1	-1	-1	-1	-1	3	-1	-1	1	1	-1	-1	-1	-1	-1	-1	-1	-1	-1	-1	-1	-1	-1
NS21822F	2	1	11	2018	2	11	1986	35	1	5	2021	1	1	-1	-1	-1	-1	-1	-1	-1	-1	-1	-1	-1	-1	-1
NS21828M	1	-1	-1	-1	-1	-1	-1	-1	1	3	2018	1	1	-1	-1	-1	-1	-1	-1	-1	-1	-1	-1	-1	-1	-1
NS21831Z	2	1	6	2021	2	10	1991	31	3	-1	-1	1	1	-1	-1	-1	-1	-1	-1	-1	-1	-1	-1	-1	-1	-1
NS21832A	2	2	-1	-1	-1	-1	-1	-1	-1	-1	-1	-1	-1	-1	-1	-1	-1	-1	-1	-1	-1	-1	-1	-1	-1	-1
NS21833B	2	1	1	2008	1	-9	-9	-9	3	-1	-1	2	-1	1	2	2	2	2	2	2	1	1	2012	-1	-1	-1
NS21833B	3	2	-1	-1	-1	-1	-1	-1	-1	-1	-1	-1	-1	-1	-1	-1	-1	-1	-1	-1	-1	-1	-1	-1	-1	-1
NS21837F	2	1	10	2019	2	4	1990	32	1	10	2019	1	1	-1	-1	-1	-1	-1	-1	-1	-1	-1	-1	-1	-1	-1
NS21838G	1	-1	-1	-1	-1	-1	-1	-1	1	9	2019	1	1	-1	-1	-1	-1	-1	-1	-1	-1	-1	-1	-1	-1	-1
NS21841T	2	1	8	2017	1	8	1985	36	1	4	2017	1	1	-1	-1	-1	-1	-1	-1	-1	-1	-1	-1	-1	-1	-1
NS21842V	2	2	-1	-1	-1	-1	-1	-1	-1	-1	-1	-1	-1	-1	-1	-1	-1	-1	-1	-1	-1	-1	-1	-1	-1	-1
NS21845Y	1	-1	-1	-1	-1	-1	-1	-1	3	-1	-1	1	1	-1	-1	-1	-1	-1	-1	-1	-1	-1	-1	-1	-1	-1
NS21846Z	2	1	5	2018	2	12	1990	32	3	-1	-1	1	1	-1	-1	-1	-1	-1	-1	-1	-1	-1	-1	-1	-1	-1
NS21848B	2	2	-1	-1	-1	-1	-1	-1	-1	-1	-1	-1	-1	-1	-1	-1	-1	-1	-1	-1	-1	-1	-1	-1	-1	-1
NS21852P	1	-1	-1	-1	-1	-1	-1	-1	-1	-1	-1	1	1	-1	-1	-1	-1	-1	-1	-1	-1	-1	-1	-1	-1	-1
NS21856T	2	2	-1	-1	-1	-1	-1	-1	-1	-1	-1	-1	-1	-1	-1	-1	-1	-1	-1	-1	-1	-1	-1	-1	-1	-1
NS21861H	2	1	5	2021	2	12	1990	32	3	-1	-1	1	1	-1	-1	-1	-1	-1	-1	-1	-1	-1	-1	-1	-1	-1
NS21862J	2	2	-1	-1	-1	-1	-1	-1	-1	-1	-1	-1	-1	-1	-1	-1	-1	-1	-1	-1	-1	-1	-1	-1	-1	-1
NS21866N	1	-1	-1	-1	-1	-1	-1	-1	-1	-1	-1	1	1	-1	-1	-1	-1	-1	-1	-1	-1	-1	-1	-1	-1	-1
NS21867P	2	1	11	2015	1	1	1990	33	3	-1	-1	1	1	-1	-1	-1	-1	-1	-1	-1	-1	-1	-1	-1	-1	-1
NS21869R	2	1	-8	2016	2	5	1989	33	3	-1	-1	1	1	-1	-1	-1	-1	-1	-1	-1	-1	-1	-1	-1	-1	-1
NS21870B	2	2	-1	-1	-1	-1	-1	-1	-1	-1	-1	-1	-1	-1	-1	-1	-1	-1	-1	-1	-1	-1	-1	-1	-1	-1
NS21872D	1	-1	-1	-1	-1	-1	-1	-1	1	8	2018	1	1	-1	-1	-1	-1	-1	-1	-1	-1	-1	-1	-1	-1	-1
NS21873E	2	1	10	2016	2	12	1994	28	3	-1	-1	1	1	-1	-1	-1	-1	-1	-1	-1	-1	-1	-1	-1	-1	-1
NS21874F	1	-1	-1	-1	-1	-1	-1	-1	1	10	2016	1	1	-1	-1	-1	-1	-1	-1	-1	-1	-1	-1	-1	-1	-1
NS21878K	2	2	-1	-1	-1	-1	-1	-1	-1	-1	-1	-1	-1	-1	-1	-1	-1	-1	-1	-1	-1	-1	-1	-1	-1	-1
NS21879L	2	1	2	2017	2	3	1991	31	1	12	2017	1	1	-1	-1	-1	-1	-1	-1	-1	-1	-1	-1	-1	-1	-1
NS21881X	2	1	6	2019	1	2	1993	29	3	-1	-1	1	1	-1	-1	-1	-1	-1	-1	-1	-1	-1	-1	-1	-1	-1
NS21883Z	2	1	8	2018	2	11	1994	28	1	8	2018	1	1	-1	-1	-1	-1	-1	-1	-1	-1	-1	-1	-1	-1	-1
NS21885B	2	2	-1	-1	-1	-1	-1	-1	-1	-1	-1	-1	-1	-1	-1	-1	-1	-1	-1	-1	-1	-1	-1	-1	-1	-1
NS21886C	2	1	7	2021	2	7	1992	29	3	-1	-1	1	1	-1	-1	-1	-1	-1	-1	-1	-1	-1	-1	-1	-1	-1
NS21888E	2	2	-1	-1	-1	-1	-1	-1	-1	-1	-1	-1	-1	-1	-1	-1	-1	-1	-1	-1	-1	-1	-1	-1	-1	-1
NS21889F	2	1	7	2019	2	5	1995	27	1	7	2019	1	1	-1	-1	-1	-1	-1	-1	-1	-1	-1	-1	-1	-1	-1
NS21891R	2	1	10	2017	2	2	1993	29	1	9	2021	1	1	-1	-1	-1	-1	-1	-1	-1	-1	-1	-1	-1	-1	-1
NS21894V	1	-1	-1	-1	-1	-1	-1	-1	-1	-1	-1	1	1	-1	-1	-1	-1	-1	-1	-1	-1	-1	-1	-1	-1	-1
NS21896X	1	-1	-1	-1	-1	-1	-1	-1	-1	-1	-1	1	1	-1	-1	-1	-1	-1	-1	-1	-1	-1	-1	-1	-1	-1
NS21897Y	2	1	9	2015	1	4	1986	36	1	10	2017	1	1	-1	-1	-1	-1	-1	-1	-1	-1	-1	-1	-1	-1	-1
NS21898Z	2	1	2	2017	2	2	1992	31	1	2	2017	1	1	-1	-1	-1	-1	-1	-1	-1	-1	-1	-1	-1	-1	-1
NS21901S	1	-1	-1	-1	-1	-1	-1	-1	3	-1	-1	2	-1	1	1	2	2	1	2	2	2	5	2018	-1	-1	-1
NS21901S	2	1	3	2020	1	11	1990	32	3	-1	-1	2	-1	1	1	2	2	1	1	2	2	2	2021	-1	-1	-1
NS21901S	3	2	-1	-1	-1	-1	-1	-1	-1	-1	-1	-1	-1	-1	-1	-1	-1	-1	-1	-1	-1	-1	-1	-1	-1	-1
NS21902T	1	-1	-1	-1	-1	-1	-1	-1	3	-1	-1	1	2	-1	-1	-1	-1	-1	-1	-1	-1	9	2016	-1	-1	-1
NS21902T	2	2	-1	-1	-1	-1	-1	-1	-1	-1	-1	-1	-1	-1	-1	-1	-1	-1	-1	-1	-1	-1	-1	-1	-1	-1
NS21904W	2	1	9	2017	2	9	1993	29	3	-1	-1	1	1	-1	-1	-1	-1	-1	-1	-1	-1	-1	-1	-1	-1	-1
NS21910L	2	1	9	2016	2	4	-8	25	3	-1	-1	1	1	-1	-1	-1	-1	-1	-1	-1	-1	-1	-1	-1	-1	-1
NS21914Q	2	1	2	2017	2	9	1992	29	3	-1	-1	1	1	-1	-1	-1	-1	-1	-1	-1	-1	-1	-1	-1	-1	-1
NS21916S	1	-1	-1	-1	-1	-1	-1	-1	-1	-1	-1	1	1	-1	-1	-1	-1	-1	-1	-1	-1	-1	-1	-1	-1	-1
NS21919W	2	1	12	2011	2	6	1990	32	1	5	2019	1	1	-1	-1	-1	-1	-1	-1	-1	-1	-1	-1	-1	-1	-1
NS21920F	2	1	11	2016	1	2	1989	34	1	11	2016	1	1	-1	-1	-1	-1	-1	-1	-1	-1	-1	-1	-1	-1	-1
NS21921G	1	-1	-1	-1	-1	-1	-1	-1	-1	-1	-1	2	-1	1	1	2	2	2	2	2	2	11	2016	1	8	2018
NS21921G	2	1	6	2017	2	5	1992	30	3	-1	-1	1	1	-1	-1	-1	-1	-1	-1	-1	-1	-1	-1	-1	-1	-1
NS21924K	2	1	8	2011	2	8	1990	31	3	-1	-1	2	-1	1	1	2	2	2	2	2	2	12	2013	-1	-1	-1
NS21924K	3	1	12	2013	2	7	1995	26	3	-1	-1	2	-1	1	1	2	2	1	2	2	2	3	2018	-1	-1	-1
NS21924K	4	2	-1	-1	-1	-1	-1	-1	-1	-1	-1	-1	-1	-1	-1	-1	-1	-1	-1	-1	-1	-1	-1	-1	-1	-1
NS21926M	2	2	-1	-1	-1	-1	-1	-1	-1	-1	-1	-1	-1	-1	-1	-1	-1	-1	-1	-1	-1	-1	-1	-1	-1	-1
NS21927N	2	2	-1	-1	-1	-1	-1	-1	-1	-1	-1	-1	-1	-1	-1	-1	-1	-1	-1	-1	-1	-1	-1	-1	-1	-1
NS21928P	1	-1	-1	-1	-1	-1	-1	-1	-1	-1	-1	1	1	-1	-1	-1	-1	-1	-1	-1	-1	-1	-1	-1	-1	-1
NS21929Q	2	1	10	2016	1	1	1987	35	1	10	2016	1	1	-1	-1	-1	-1	-1	-1	-1	-1	-1	-1	-1	-1	-1
NS21931B	2	2	-1	-1	-1	-1	-1	-1	-1	-1	-1	-1	-1	-1	-1	-1	-1	-1	-1	-1	-1	-1	-1	-1	-1	-1
NS21932C	1	-1	-1	-1	-1	-1	-1	-1	1	9	2015	1	1	-1	-1	-1	-1	-1	-1	-1	-1	-1	-1	-1	-1	-1
NS21933D	2	2	-1	-1	-1	-1	-1	-1	-1	-1	-1	-1	-1	-1	-1	-1	-1	-1	-1	-1	-1	-1	-1	-1	-1	-1
NS21937H	2	1	4	2021	2	3	1990	32	3	-1	-1	1	1	-1	-1	-1	-1	-1	-1	-1	-1	-1	-1	-1	-1	-1
NS21939K	2	2	-1	-1	-1	-1	-1	-1	-1	-1	-1	-1	-1	-1	-1	-1	-1	-1	-1	-1	-1	-1	-1	-1	-1	-1
NS21943Y	2	1	7	2019	1	9	1991	30	1	8	2021	1	1	-1	-1	-1	-1	-1	-1	-1	-1	-1	-1	-1	-1	-1
NS21946B	2	1	7	2016	1	12	1978	44	3	-1	-1	1	1	-1	-1	-1	-1	-1	-1	-1	-1	-1	-1	-1	-1	-1
NS21947C	1	-1	-1	-1	-1	-1	-1	-1	3	-1	-1	1	1	-1	-1	-1	-1	-1	-1	-1	-1	-1	-1	-1	-1	-1
NS21951Q	2	1	6	2015	2	-9	-9	32	3	-1	-1	1	1	-1	-1	-1	-1	-1	-1	-1	-1	-1	-1	-1	-1	-1
NS21954T	2	2	-1	-1	-1	-1	-1	-1	-1	-1	-1	-1	-1	-1	-1	-1	-1	-1	-1	-1	-1	-1	-1	-1	-1	-1
NS21959Z	2	2	-1	-1	-1	-1	-1	-1	-1	-1	-1	-1	-1	-1	-1	-1	-1	-1	-1	-1	-1	-1	-1	-1	-1	-1
NS21960J	1	-1	-1	-1	-1	-1	-1	-1	1	1	2019	1	1	-1	-1	-1	-1	-1	-1	-1	-1	-1	-1	-1	-1	-1
NS21961K	1	-1	-1	-1	-1	-1	-1	-1	1	7	2019	1	1	-1	-1	-1	-1	-1	-1	-1	-1	-1	-1	-1	-1	-1
NS21963M	2	1	1	2018	1	2	1986	36	3	-1	-1	2	-1	2	-1	-1	-1	-1	-1	-1	-1	1	2019	-1	-1	-1
NS21963M	3	2	-1	-1	-1	-1	-1	-1	-1	-1	-1	-1	-1	-1	-1	-1	-1	-1	-1	-1	-1	-1	-1	-1	-1	-1
NS21964N	1	-1	-1	-1	-1	-1	-1	-1	1	9	2021	1	1	-1	-1	-1	-1	-1	-1	-1	-1	-1	-1	-1	-1	-1
NS21965P	1	-1	-1	-1	-1	-1	-1	-1	3	-1	-1	1	1	-1	-1	-1	-1	-1	-1	-1	-1	-1	-1	-1	-1	-1
NS21966Q	2	2	-1	-1	-1	-1	-1	-1	-1	-1	-1	-1	-1	-1	-1	-1	-1	-1	-1	-1	-1	-1	-1	-1	-1	-1
NS21970D	1	-1	-1	-1	-1	-1	-1	-1	-1	-1	-1	1	1	-1	-1	-1	-1	-1	-1	-1	-1	-1	-1	-1	-1	-1
NS21971E	1	-1	-1	-1	-1	-1	-1	-1	-1	-1	-1	1	1	-1	-1	-1	-1	-1	-1	-1	-1	-1	-1	-1	-1	-1
NS21972F	2	2	-1	-1	-1	-1	-1	-1	-1	-1	-1	-1	-1	-1	-1	-1	-1	-1	-1	-1	-1	-1	-1	-1	-1	-1
NS21973G	2	1	10	2022	2	5	1992	30	3	-1	-1	1	1	-1	-1	-1	-1	-1	-1	-1	-1	-1	-1	-1	-1	-1
NS21974H	2	1	3	2015	2	3	1990	32	1	7	2022	1	1	-1	-1	-1	-1	-1	-1	-1	-1	-1	-1	-1	-1	-1
NS21984C	2	1	7	2014	1	3	1986	36	1	11	2015	1	1	-1	-1	-1	-1	-1	-1	-1	-1	-1	-1	-1	-1	-1
NS21985D	2	1	2	2019	2	3	1988	34	1	2	2019	2	-1	1	1	2	2	2	2	2	2	9	2020	1	9	2020
NS21985D	3	2	-1	-1	-1	-1	-1	-1	-1	-1	-1	-1	-1	-1	-1	-1	-1	-1	-1	-1	-1	-1	-1	-1	-1	-1
NS21986E	2	2	-1	-1	-1	-1	-1	-1	-1	-1	-1	-1	-1	-1	-1	-1	-1	-1	-1	-1	-1	-1	-1	-1	-1	-1
NS21993W	2	1	1	2018	2	8	1990	32	3	-1	-1	1	1	-1	-1	-1	-1	-1	-1	-1	-1	-1	-1	-1	-1	-1
NS21999C	1	-1	-1	-1	-1	-1	-1	-1	-1	-1	-1	1	1	-1	-1	-1	-1	-1	-1	-1	-1	-1	-1	-1	-1	-1
NS22000S	2	1	10	2018	1	4	1989	33	3	10	2018	1	1	-1	-1	-1	-1	-1	-1	-1	-1	-1	-1	-1	-1	-1
NS22002V	2	1	11	2017	2	7	1993	29	3	-1	-1	1	1	-1	-1	-1	-1	-1	-1	-1	-1	-1	-1	-1	-1	-1
NS22004X	1	-1	-1	-1	-1	-1	-1	-1	3	-1	-1	2	-1	1	1	2	2	2	2	2	2	4	2018	-1	-1	-1
NS22004X	2	2	-1	-1	-1	-1	-1	-1	-1	-1	-1	-1	-1	-1	-1	-1	-1	-1	-1	-1	-1	-1	-1	-1	-1	-1
NS22005Y	2	1	4	2018	2	11	1989	33	3	-1	-1	1	1	-1	-1	-1	-1	-1	-1	-1	-1	-1	-1	-1	-1	-1
NS22006Z	2	2	-1	-1	-1	-1	-1	-1	-1	-1	-1	-1	-1	-1	-1	-1	-1	-1	-1	-1	-1	-1	-1	-1	-1	-1
NS22009C	2	1	7	2019	2	5	1989	33	3	-1	-1	2	-1	1	1	2	2	2	2	2	2	12	2019	-1	-1	-1
NS22009C	3	2	-1	-1	-1	-1	-1	-1	-1	-1	-1	-1	-1	-1	-1	-1	-1	-1	-1	-1	-1	-1	-1	-1	-1	-1
NS22012P	2	1	-8	-8	1	-9	-9	-9	3	-1	-1	2	-1	1	1	2	2	2	2	2	2	-9	-9	-1	-1	-1
NS22012P	3	1	8	2021	1	11	1993	29	3	-1	-1	1	1	-1	-1	-1	-1	-1	-1	-1	-1	-1	-1	-1	-1	-1
NS22014R	2	1	5	2020	1	10	1983	38	1	5	2020	1	1	-1	-1	-1	-1	-1	-1	-1	-1	-1	-1	-1	-1	-1
NS22017V	1	-1	-1	-1	-1	-1	-1	-1	-1	-1	-1	2	-1	1	1	2	2	2	2	2	2	7	2020	1	6	2022
NS22017V	2	2	-1	-1	-1	-1	-1	-1	-1	-1	-1	-1	-1	-1	-1	-1	-1	-1	-1	-1	-1	-1	-1	-1	-1	-1
NS22020G	2	2	-1	-1	-1	-1	-1	-1	-1	-1	-1	-1	-1	-1	-1	-1	-1	-1	-1	-1	-1	-1	-1	-1	-1	-1
NS22021H	2	1	1	2013	2	5	1992	30	3	-1	-1	1	1	-1	-1	-1	-1	-1	-1	-1	-1	-1	-1	-1	-1	-1
NS22023K	2	1	3	2021	1	2	1984	38	3	-1	-1	1	1	-1	-1	-1	-1	-1	-1	-1	-1	-1	-1	-1	-1	-1
NS22024L	2	1	9	2014	2	5	1989	34	1	5	2013	1	1	-1	-1	-1	-1	-1	-1	-1	-1	-1	-1	-1	-1	-1
NS22025M	1	-1	-1	-1	-1	-1	-1	-1	3	-1	-1	2	-1	1	1	2	2	2	2	2	2	8	2016	-1	-1	-1
NS22025M	2	1	6	2017	2	6	1996	26	3	-1	-1	1	1	-1	-1	-1	-1	-1	-1	-1	-1	-1	-1	-1	-1	-1
NS22027P	2	2	-1	-1	-1	-1	-1	-1	-1	-1	-1	-1	-1	-1	-1	-1	-1	-1	-1	-1	-1	-1	-1	-1	-1	-1
NS22028Q	2	1	8	2014	2	10	1986	36	1	7	2014	1	1	-1	-1	-1	-1	-1	-1	-1	-1	-1	-1	-1	-1	-1
NS22033E	2	1	11	2016	1	-9	-9	34	1	4	2018	1	1	-1	-1	-1	-1	-1	-1	-1	-1	-1	-1	-1	-1	-1
NS22034F	2	1	11	2021	2	11	1996	25	3	-1	-1	1	1	-1	-1	-1	-1	-1	-1	-1	-1	-1	-1	-1	-1	-1
NS22035G	1	-1	-1	-1	-1	-1	-1	-1	3	-1	-1	2	-1	1	1	2	2	2	2	2	2	7	2017	-1	-1	-1
NS22035G	2	2	-1	-1	-1	-1	-1	-1	-1	-1	-1	-1	-1	-1	-1	-1	-1	-1	-1	-1	-1	-1	-1	-1	-1	-1
NS22036H	2	1	12	2019	1	7	1986	36	1	10	2022	1	1	-1	-1	-1	-1	-1	-1	-1	-1	-1	-1	-1	-1	-1
NS22039L	1	-1	-1	-1	-1	-1	-1	-1	3	-1	-1	1	1	-1	-1	-1	-1	-1	-1	-1	-1	-1	-1	-1	-1	-1
NS22042Y	2	2	-1	-1	-1	-1	-1	-1	-1	-1	-1	-1	-1	-1	-1	-1	-1	-1	-1	-1	-1	-1	-1	-1	-1	-1
NS22043Z	2	1	4	2015	1	2	1984	38	3	-1	-1	1	1	-1	-1	-1	-1	-1	-1	-1	-1	-1	-1	-1	-1	-1
NS22044A	2	1	5	2016	2	1	1993	29	3	-1	-1	1	1	-1	-1	-1	-1	-1	-1	-1	-1	-1	-1	-1	-1	-1
NS22046C	2	1	6	2010	1	7	1988	34	3	-1	-1	1	1	-1	-1	-1	-1	-1	-1	-1	-1	-1	-1	-1	-1	-1
NS22047D	2	2	-1	-1	-1	-1	-1	-1	-1	-1	-1	-1	-1	-1	-1	-1	-1	-1	-1	-1	-1	-1	-1	-1	-1	-1
NS22048E	2	1	6	2016	1	3	1989	33	1	7	2018	1	1	-1	-1	-1	-1	-1	-1	-1	-1	-1	-1	-1	-1	-1
NS22052S	2	2	-1	-1	-1	-1	-1	-1	-1	-1	-1	-1	-1	-1	-1	-1	-1	-1	-1	-1	-1	-1	-1	-1	-1	-1
NS22055W	2	2	-1	-1	-1	-1	-1	-1	-1	-1	-1	-1	-1	-1	-1	-1	-1	-1	-1	-1	-1	-1	-1	-1	-1	-1
NS22059A	2	1	1	2019	2	10	1989	33	1	4	2022	1	1	-1	-1	-1	-1	-1	-1	-1	-1	7	2021	-1	-1	-1
NS22060K	1	-1	-1	-1	-1	-1	-1	-1	1	7	2018	1	1	-1	-1	-1	-1	-1	-1	-1	-1	-1	-1	-1	-1	-1
NS22061L	1	-1	-1	-1	-1	-1	-1	-1	3	-1	-1	1	1	-1	-1	-1	-1	-1	-1	-1	-1	-1	-1	-1	-1	-1
NS22064P	2	1	2	2018	1	3	1989	33	3	-1	-1	1	1	-1	-1	-1	-1	-1	-1	-1	-1	-1	-1	-1	-1	-1
NS22067S	1	-1	-1	-1	-1	-1	-1	-1	1	6	2018	1	1	-1	-1	-1	-1	-1	-1	-1	-1	-1	-1	-1	-1	-1
NS22073H	2	1	3	2017	2	3	1990	32	1	10	2018	1	1	-1	-1	-1	-1	-1	-1	-1	-1	-1	-1	-1	-1	-1
NS22074J	1	-1	-1	-1	-1	-1	-1	-1	3	-1	-1	1	1	-1	-1	-1	-1	-1	-1	-1	-1	-1	-1	-1	-1	-1
NS22075K	2	1	8	2013	2	7	1990	32	1	10	2021	1	1	-1	-1	-1	-1	-1	-1	-1	-1	-1	-1	-1	-1	-1
NS22079P	2	2	-1	-1	-1	-1	-1	-1	-1	-1	-1	-1	-1	-1	-1	-1	-1	-1	-1	-1	-1	-1	-1	-1	-1	-1
NS22084D	2	2	-1	-1	-1	-1	-1	-1	-1	-1	-1	-1	-1	-1	-1	-1	-1	-1	-1	-1	-1	-1	-1	-1	-1	-1
NS22086F	1	-1	-1	-1	-1	-1	-1	-1	1	6	2019	1	1	-1	-1	-1	-1	-1	-1	-1	-1	-1	-1	-1	-1	-1
NS22088H	2	1	6	2017	1	3	1988	35	1	6	2017	1	1	-1	-1	-1	-1	-1	-1	-1	-1	-1	-1	-1	-1	-1
NS22090T	2	1	10	2017	2	8	1990	32	3	-1	-1	2	-1	1	1	2	2	2	2	2	2	10	2018	-1	-1	-1
NS22090T	3	2	-1	-1	-1	-1	-1	-1	-1	-1	-1	-1	-1	-1	-1	-1	-1	-1	-1	-1	-1	-1	-1	-1	-1	-1
NS22092W	2	1	8	2017	1	9	1988	33	3	-1	-1	2	-1	1	1	2	2	2	2	2	2	9	2018	-1	-1	-1
NS22092W	3	1	5	2019	1	7	1988	33	3	-1	-1	2	-1	1	2	1	2	2	2	2	2	12	2019	-1	-1	-1
NS22092W	4	2	-1	-1	-1	-1	-1	-1	-1	-1	-1	-1	-1	-1	-1	-1	-1	-1	-1	-1	-1	-1	-1	-1	-1	-1
NS22095Z	2	1	7	2016	2	4	1992	30	3	-1	-1	1	1	-1	-1	-1	-1	-1	-1	-1	-1	-1	-1	-1	-1	-1
NS22096A	1	-1	-1	-1	-1	-1	-1	-1	1	6	2017	1	1	-1	-1	-1	-1	-1	-1	-1	-1	-1	-1	-1	-1	-1
NS22097B	1	-1	-1	-1	-1	-1	-1	-1	1	5	2017	1	1	-1	-1	-1	-1	-1	-1	-1	-1	-1	-1	-1	-1	-1
NS22100V	1	-1	-1	-1	-1	-1	-1	-1	-1	-1	-1	1	1	-1	-1	-1	-1	-1	-1	-1	-1	-1	-1	-1	-1	-1
NS22103Y	2	2	-1	-1	-1	-1	-1	-1	-1	-1	-1	-1	-1	-1	-1	-1	-1	-1	-1	-1	-1	-1	-1	-1	-1	-1
NS22104Z	2	1	1	2020	1	11	1990	32	3	-1	-1	1	1	-1	-1	-1	-1	-1	-1	-1	-1	-1	-1	-1	-1	-1
NS22106B	1	-1	-1	-1	-1	-1	-1	-1	3	-1	-1	1	1	-1	-1	-1	-1	-1	-1	-1	-1	-1	-1	-1	-1	-1
NS22109E	1	-1	-1	-1	-1	-1	-1	-1	-1	-1	-1	1	1	-1	-1	-1	-1	-1	-1	-1	-1	-1	-1	-1	-1	-1
NS22116W	1	-1	-1	-1	-1	-1	-1	-1	1	7	2019	1	1	-1	-1	-1	-1	-1	-1	-1	-1	-1	-1	-1	-1	-1
NS22117X	2	1	7	2015	2	10	1974	48	3	-1	-1	1	1	-1	-1	-1	-1	-1	-1	-1	-1	-1	-1	-1	-1	-1
NS22118Y	2	1	7	2020	1	1	1988	35	3	-1	-1	2	-1	1	1	2	2	2	2	2	2	7	2021	-1	-1	-1
NS22118Y	3	2	-1	-1	-1	-1	-1	-1	-1	-1	-1	-1	-1	-1	-1	-1	-1	-1	-1	-1	-1	-1	-1	-1	-1	-1
NS22121K	2	2	-1	-1	-1	-1	-1	-1	-1	-1	-1	-1	-1	-1	-1	-1	-1	-1	-1	-1	-1	-1	-1	-1	-1	-1
NS22125P	1	-1	-1	-1	-1	-1	-1	-1	-1	-1	-1	1	1	-1	-1	-1	-1	-1	-1	-1	-1	-1	-1	-1	-1	-1
NS22128S	2	2	-1	-1	-1	-1	-1	-1	-1	-1	-1	-1	-1	-1	-1	-1	-1	-1	-1	-1	-1	-1	-1	-1	-1	-1
NS22129T	2	2	-1	-1	-1	-1	-1	-1	-1	-1	-1	-1	-1	-1	-1	-1	-1	-1	-1	-1	-1	-1	-1	-1	-1	-1
NS22133G	2	1	8	2020	2	6	1994	28	1	12	2019	1	1	-1	-1	-1	-1	-1	-1	-1	-1	-1	-1	-1	-1	-1
NS22134H	2	2	-1	-1	-1	-1	-1	-1	-1	-1	-1	-1	-1	-1	-1	-1	-1	-1	-1	-1	-1	-1	-1	-1	-1	-1
NS22136K	2	2	-1	-1	-1	-1	-1	-1	-1	-1	-1	-1	-1	-1	-1	-1	-1	-1	-1	-1	-1	-1	-1	-1	-1	-1
NS22137L	1	-1	-1	-1	-1	-1	-1	-1	1	5	2022	1	1	-1	-1	-1	-1	-1	-1	-1	-1	-1	-1	-1	-1	-1
NS22138M	1	-1	-1	-1	-1	-1	-1	-1	1	9	2018	1	1	-1	-1	-1	-1	-1	-1	-1	-1	-1	-1	-1	-1	-1
NS22139N	1	-1	-1	-1	-1	-1	-1	-1	3	-1	-1	1	1	-1	-1	-1	-1	-1	-1	-1	-1	-1	-1	-1	-1	-1
NS22141Z	1	-1	-1	-1	-1	-1	-1	-1	-1	-1	-1	1	1	-1	-1	-1	-1	-1	-1	-1	-1	-1	-1	-1	-1	-1
NS22142A	2	1	10	2019	1	10	1985	36	2	5	2021	1	1	-1	-1	-1	-1	-1	-1	-1	-1	-1	-1	-1	-1	-1
NS22147F	2	1	2	2017	2	3	-8	25	3	-1	-1	2	-1	1	1	2	2	2	2	2	2	4	2018	-1	-1	-1
NS22147F	3	1	10	2021	2	1	1995	28	3	-1	-1	1	1	-1	-1	-1	-1	-1	-1	-1	-1	-1	-1	-1	-1	-1
NS22151T	2	2	-1	-1	-1	-1	-1	-1	-1	-1	-1	-1	-1	-1	-1	-1	-1	-1	-1	-1	-1	-1	-1	-1	-1	-1
NS22153W	2	2	-1	-1	-1	-1	-1	-1	-1	-1	-1	-1	-1	-1	-1	-1	-1	-1	-1	-1	-1	-1	-1	-1	-1	-1
NS22157A	1	-1	-1	-1	-1	-1	-1	-1	3	-1	-1	1	1	-1	-1	-1	-1	-1	-1	-1	-1	-1	-1	-1	-1	-1
NS22158B	2	1	7	2015	2	3	1986	36	1	10	2021	1	1	-1	-1	-1	-1	-1	-1	-1	-1	-1	-1	-1	-1	-1
NS22163Q	1	-1	-1	-1	-1	-1	-1	-1	1	5	2021	1	1	-1	-1	-1	-1	-1	-1	-1	-1	-1	-1	-1	-1	-1
NS22165S	2	1	10	2019	1	2	1988	34	3	-1	-1	1	1	-1	-1	-1	-1	-1	-1	-1	-1	-1	-1	-1	-1	-1
NS22168W	2	1	11	2012	2	-9	-9	28	3	-1	-1	1	1	-1	-1	-1	-1	-1	-1	-1	-1	-1	-1	-1	-1	-1
NS22170G	2	2	-1	-1	-1	-1	-1	-1	-1	-1	-1	-1	-1	-1	-1	-1	-1	-1	-1	-1	-1	-1	-1	-1	-1	-1
NS22173K	2	2	-1	-1	-1	-1	-1	-1	-1	-1	-1	-1	-1	-1	-1	-1	-1	-1	-1	-1	-1	-1	-1	-1	-1	-1
NS22174L	2	1	3	2017	1	6	1988	34	3	-1	-1	1	1	-1	-1	-1	-1	-1	-1	-1	-1	-1	-1	-1	-1	-1
NS22175M	2	1	5	2018	1	11	1987	34	1	5	2021	1	1	-1	-1	-1	-1	-1	-1	-1	-1	-1	-1	-1	-1	-1
NS22176N	1	-1	-1	-1	-1	-1	-1	-1	-1	-1	-1	1	1	-1	-1	-1	-1	-1	-1	-1	-1	-1	-1	-1	-1	-1
NS22178Q	2	2	-1	-1	-1	-1	-1	-1	-1	-1	-1	-1	-1	-1	-1	-1	-1	-1	-1	-1	-1	-1	-1	-1	-1	-1
NS22179R	2	1	8	2018	1	11	1982	40	3	-1	-1	1	1	-1	-1	-1	-1	-1	-1	-1	-1	-1	-1	-1	-1	-1
NS22180B	1	-1	-1	-1	-1	-1	-1	-1	-1	-1	-1	2	-1	1	1	2	2	2	2	2	2	1	2022	2	-1	-1
NS22180B	2	2	-1	-1	-1	-1	-1	-1	-1	-1	-1	-1	-1	-1	-1	-1	-1	-1	-1	-1	-1	-1	-1	-1	-1	-1
NS22182D	2	1	3	2016	2	4	1992	30	2	12	2014	1	1	-1	-1	-1	-1	-1	-1	-1	-1	-1	-1	-1	-1	-1
NS22183E	2	1	4	2016	2	7	1987	35	1	9	2018	1	1	-1	-1	-1	-1	-1	-1	-1	-1	-1	-1	-1	-1	-1
NS22185G	2	1	9	2020	1	10	1974	48	3	-1	-1	1	1	-1	-1	-1	-1	-1	-1	-1	-1	-1	-1	-1	-1	-1
NS22187J	1	-1	-1	-1	-1	-1	-1	-1	1	5	2018	1	1	-1	-1	-1	-1	-1	-1	-1	-1	-1	-1	-1	-1	-1
NS22189L	2	2	-1	-1	-1	-1	-1	-1	-1	-1	-1	-1	-1	-1	-1	-1	-1	-1	-1	-1	-1	-1	-1	-1	-1	-1
NS22195B	2	1	3	2016	2	2	1991	31	3	-1	-1	1	1	-1	-1	-1	-1	-1	-1	-1	-1	-1	-1	-1	-1	-1
NS22197D	2	1	8	2018	1	5	1992	30	3	-1	-1	1	1	-1	-1	-1	-1	-1	-1	-1	-1	-1	-1	-1	-1	-1
NS22201Y	2	2	-1	-1	-1	-1	-1	-1	-1	-1	-1	-1	-1	-1	-1	-1	-1	-1	-1	-1	-1	-1	-1	-1	-1	-1
NS22202Z	2	1	11	2015	1	2	1989	33	1	11	2015	1	1	-1	-1	-1	-1	-1	-1	-1	-1	-1	-1	-1	-1	-1
NS22203A	2	1	3	2013	2	-9	-9	33	1	10	2020	1	1	-1	-1	-1	-1	-1	-1	-1	-1	-1	-1	-1	-1	-1
NS22204B	1	-1	-1	-1	-1	-1	-1	-1	3	-1	-1	2	-1	1	1	2	2	2	2	2	2	12	2015	-1	-1	-1
NS22204B	2	2	-1	-1	-1	-1	-1	-1	-1	-1	-1	-1	-1	-1	-1	-1	-1	-1	-1	-1	-1	-1	-1	-1	-1	-1
NS22206D	2	2	-1	-1	-1	-1	-1	-1	-1	-1	-1	-1	-1	-1	-1	-1	-1	-1	-1	-1	-1	-1	-1	-1	-1	-1
NS22207E	2	2	-1	-1	-1	-1	-1	-1	-1	-1	-1	-1	-1	-1	-1	-1	-1	-1	-1	-1	-1	-1	-1	-1	-1	-1
NS22213V	2	1	7	2017	1	5	1987	35	3	-1	-1	1	1	-1	-1	-1	-1	-1	-1	-1	-1	-1	-1	-1	-1	-1
NS22220L	2	1	5	2021	1	2	1990	32	3	-1	-1	1	1	-1	-1	-1	-1	-1	-1	-1	-1	-1	-1	-1	-1	-1
NS22223P	1	-1	-1	-1	-1	-1	-1	-1	-1	-1	-1	1	1	-1	-1	-1	-1	-1	-1	-1	-1	-1	-1	-1	-1	-1
NS22225R	2	2	-1	-1	-1	-1	-1	-1	-1	-1	-1	-1	-1	-1	-1	-1	-1	-1	-1	-1	-1	-1	-1	-1	-1	-1
NS22227T	2	2	-1	-1	-1	-1	-1	-1	-1	-1	-1	-1	-1	-1	-1	-1	-1	-1	-1	-1	-1	-1	-1	-1	-1	-1
NS22228V	1	-1	-1	-1	-1	-1	-1	-1	1	9	2022	1	1	-1	-1	-1	-1	-1	-1	-1	-1	-1	-1	-1	-1	-1
NS22229W	2	1	12	2016	1	11	1986	36	1	9	2019	1	1	-1	-1	-1	-1	-1	-1	-1	-1	-1	-1	-1	-1	-1
NS22231G	2	2	-1	-1	-1	-1	-1	-1	-1	-1	-1	-1	-1	-1	-1	-1	-1	-1	-1	-1	-1	-1	-1	-1	-1	-1
NS22235L	2	1	3	2017	2	6	1990	32	1	5	2021	1	1	-1	-1	-1	-1	-1	-1	-1	-1	-1	-1	-1	-1	-1
NS22237N	2	1	7	2019	2	2	1994	28	1	7	2019	1	1	-1	-1	-1	-1	-1	-1	-1	-1	-1	-1	-1	-1	-1
NS22239Q	2	2	-1	-1	-1	-1	-1	-1	-1	-1	-1	-1	-1	-1	-1	-1	-1	-1	-1	-1	-1	-1	-1	-1	-1	-1
NS22241B	2	2	-1	-1	-1	-1	-1	-1	-1	-1	-1	-1	-1	-1	-1	-1	-1	-1	-1	-1	-1	-1	-1	-1	-1	-1
NS22242C	1	-1	-1	-1	-1	-1	-1	-1	3	-1	-1	1	1	-1	-1	-1	-1	-1	-1	-1	-1	-1	-1	-1	-1	-1
NS22244E	2	1	10	2020	1	4	1990	32	1	2	2022	1	1	-1	-1	-1	-1	-1	-1	-1	-1	-1	-1	-1	-1	-1
NS22245F	1	-1	-1	-1	-1	-1	-1	-1	-1	-1	-1	1	1	-1	-1	-1	-1	-1	-1	-1	-1	-1	-1	-1	-1	-1
NS22246G	2	2	-1	-1	-1	-1	-1	-1	-1	-1	-1	-1	-1	-1	-1	-1	-1	-1	-1	-1	-1	-1	-1	-1	-1	-1
NS22247H	2	1	7	2017	1	5	1990	32	1	7	2021	1	1	-1	-1	-1	-1	-1	-1	-1	-1	-1	-1	-1	-1	-1
NS22248J	1	-1	-1	-1	-1	-1	-1	-1	-1	-1	-1	1	1	-1	-1	-1	-1	-1	-1	-1	-1	-1	-1	-1	-1	-1
NS22252X	2	2	-1	-1	-1	-1	-1	-1	-1	-1	-1	-1	-1	-1	-1	-1	-1	-1	-1	-1	-1	-1	-1	-1	-1	-1
NS22254Z	2	2	-1	-1	-1	-1	-1	-1	-1	-1	-1	-1	-1	-1	-1	-1	-1	-1	-1	-1	-1	-1	-1	-1	-1	-1
NS22256B	2	2	-1	-1	-1	-1	-1	-1	-1	-1	-1	-1	-1	-1	-1	-1	-1	-1	-1	-1	-1	-1	-1	-1	-1	-1
NS22258D	2	1	10	2019	1	5	1987	34	1	10	2019	1	1	-1	-1	-1	-1	-1	-1	-1	-1	-1	-1	-1	-1	-1
NS22259E	2	2	-1	-1	-1	-1	-1	-1	-1	-1	-1	-1	-1	-1	-1	-1	-1	-1	-1	-1	-1	-1	-1	-1	-1	-1
NS22262R	2	2	-1	-1	-1	-1	-1	-1	-1	-1	-1	-1	-1	-1	-1	-1	-1	-1	-1	-1	-1	-1	-1	-1	-1	-1
NS22263S	1	-1	-1	-1	-1	-1	-1	-1	-1	-1	-1	1	1	-1	-1	-1	-1	-1	-1	-1	-1	-1	-1	-1	-1	-1
NS22266W	2	1	7	2015	1	3	1989	33	1	8	2018	1	1	-1	-1	-1	-1	-1	-1	-1	-1	-1	-1	-1	-1	-1
NS22268Y	2	2	-1	-1	-1	-1	-1	-1	-1	-1	-1	-1	-1	-1	-1	-1	-1	-1	-1	-1	-1	-1	-1	-1	-1	-1
NS22269Z	2	1	5	2017	1	-9	-9	-9	1	3	2022	1	1	-1	-1	-1	-1	-1	-1	-1	-1	-1	-1	-1	-1	-1
NS22270J	2	2	-1	-1	-1	-1	-1	-1	-1	-1	-1	-1	-1	-1	-1	-1	-1	-1	-1	-1	-1	-1	-1	-1	-1	-1
NS22274N	2	2	-1	-1	-1	-1	-1	-1	-1	-1	-1	-1	-1	-1	-1	-1	-1	-1	-1	-1	-1	-1	-1	-1	-1	-1
NS22275P	1	-1	-1	-1	-1	-1	-1	-1	1	8	2016	1	1	-1	-1	-1	-1	-1	-1	-1	-1	-1	-1	-1	-1	-1
NS22276Q	2	2	-1	-1	-1	-1	-1	-1	-1	-1	-1	-1	-1	-1	-1	-1	-1	-1	-1	-1	-1	-1	-1	-1	-1	-1
NS22279T	2	1	12	2016	2	5	1985	37	1	12	2021	1	1	-1	-1	-1	-1	-1	-1	-1	-1	-1	-1	-1	-1	-1
NS22280D	1	-1	-1	-1	-1	-1	-1	-1	-1	-1	-1	2	-1	1	1	2	2	2	2	2	2	1	2022	2	-1	-1
NS22280D	2	2	-1	-1	-1	-1	-1	-1	-1	-1	-1	-1	-1	-1	-1	-1	-1	-1	-1	-1	-1	-1	-1	-1	-1	-1
NS22282F	2	1	4	2018	1	12	1986	36	1	4	2018	1	1	-1	-1	-1	-1	-1	-1	-1	-1	-1	-1	-1	-1	-1
NS22284H	2	1	1	2016	1	11	1985	37	3	-1	-1	2	-1	1	1	2	2	2	2	2	2	1	2019	-1	-1	-1
NS22284H	3	2	-1	-1	-1	-1	-1	-1	-1	-1	-1	-1	-1	-1	-1	-1	-1	-1	-1	-1	-1	-1	-1	-1	-1	-1
NS22286K	2	2	-1	-1	-1	-1	-1	-1	-1	-1	-1	-1	-1	-1	-1	-1	-1	-1	-1	-1	-1	-1	-1	-1	-1	-1
NS22287L	2	2	-1	-1	-1	-1	-1	-1	-1	-1	-1	-1	-1	-1	-1	-1	-1	-1	-1	-1	-1	-1	-1	-1	-1	-1
NS22291Z	2	1	7	2015	2	12	1993	29	2	9	2016	1	1	-1	-1	-1	-1	-1	-1	-1	-1	-1	-1	-1	-1	-1
NS22293B	1	-1	-1	-1	-1	-1	-1	-1	-1	-1	-1	1	1	-1	-1	-1	-1	-1	-1	-1	-1	-1	-1	-1	-1	-1
NS22294C	1	-1	-1	-1	-1	-1	-1	-1	1	6	2016	1	1	-1	-1	-1	-1	-1	-1	-1	-1	-1	-1	-1	-1	-1
NS22295D	1	-1	-1	-1	-1	-1	-1	-1	3	-1	-1	1	1	-1	-1	-1	-1	-1	-1	-1	-1	-1	-1	-1	-1	-1
NS22296E	2	1	8	2021	1	1	1992	31	3	-1	-1	1	1	-1	-1	-1	-1	-1	-1	-1	-1	-1	-1	-1	-1	-1
NS22297F	2	1	4	2020	1	10	1989	32	3	-1	-1	1	1	-1	-1	-1	-1	-1	-1	-1	-1	-1	-1	-1	-1	-1
NS22300Z	2	1	6	2018	2	3	1993	29	1	10	2021	1	1	-1	-1	-1	-1	-1	-1	-1	-1	-1	-1	-1	-1	-1
NS22305E	1	-1	-1	-1	-1	-1	-1	-1	-1	-1	-1	1	1	-1	-1	-1	-1	-1	-1	-1	-1	-1	-1	-1	-1	-1
NS22307G	2	1	5	2011	1	3	1987	36	3	-1	-1	2	-1	1	1	2	2	2	2	2	2	9	2012	-1	-1	-1
NS22307G	3	1	10	2012	1	9	1987	35	3	-1	-1	1	1	-1	-1	-1	-1	-1	-1	-1	-1	-1	-1	-1	-1	-1
NS22309J	2	1	6	2017	1	2	1991	31	3	-1	-1	1	1	-1	-1	-1	-1	-1	-1	-1	-1	-1	-1	-1	-1	-1
NS22317B	1	-1	-1	-1	-1	-1	-1	-1	1	6	2017	1	1	-1	-1	-1	-1	-1	-1	-1	-1	-1	-1	-1	-1	-1
NS22320N	1	-1	-1	-1	-1	-1	-1	-1	-1	-1	-1	1	1	-1	-1	-1	-1	-1	-1	-1	-1	-1	-1	-1	-1	-1
NS22321P	1	-1	-1	-1	-1	-1	-1	-1	-1	-1	-1	1	1	-1	-1	-1	-1	-1	-1	-1	-1	-1	-1	-1	-1	-1
NS22323R	2	1	5	2020	2	1	1989	34	3	-1	-1	1	1	-1	-1	-1	-1	-1	-1	-1	-1	-1	-1	-1	-1	-1
NS22325T	2	2	-1	-1	-1	-1	-1	-1	-1	-1	-1	-1	-1	-1	-1	-1	-1	-1	-1	-1	-1	-1	-1	-1	-1	-1
NS22327W	2	2	-1	-1	-1	-1	-1	-1	-1	-1	-1	-1	-1	-1	-1	-1	-1	-1	-1	-1	-1	-1	-1	-1	-1	-1
NS22330H	2	1	4	2018	2	2	1990	33	1	6	2019	1	1	-1	-1	-1	-1	-1	-1	-1	-1	-1	-1	-1	-1	-1
NS22331J	2	1	12	2020	2	11	1991	30	3	-1	-1	1	1	-1	-1	-1	-1	-1	-1	-1	-1	-1	-1	-1	-1	-1
NS22332K	2	2	-1	-1	-1	-1	-1	-1	-1	-1	-1	-1	-1	-1	-1	-1	-1	-1	-1	-1	-1	-1	-1	-1	-1	-1
NS22333L	1	-1	-1	-1	-1	-1	-1	-1	1	7	2018	1	1	-1	-1	-1	-1	-1	-1	-1	-1	-1	-1	-1	-1	-1
NS22334M	1	-1	-1	-1	-1	-1	-1	-1	1	6	2017	1	1	-1	-1	-1	-1	-1	-1	-1	-1	-1	-1	-1	-1	-1
NS22335N	2	1	8	2016	1	2	1990	33	3	-1	-1	1	1	-1	-1	-1	-1	-1	-1	-1	-1	-1	-1	-1	-1	-1
NS22337Q	2	1	5	2019	2	2	1992	30	3	-1	-1	1	1	-1	-1	-1	-1	-1	-1	-1	-1	-1	-1	-1	-1	-1
NS22341D	2	2	-1	-1	-1	-1	-1	-1	-1	-1	-1	-1	-1	-1	-1	-1	-1	-1	-1	-1	-1	-1	-1	-1	-1	-1
NS22342E	2	1	6	2016	2	5	1987	35	3	-1	-1	2	-1	1	1	2	2	2	2	2	2	9	2021	-1	-1	-1
NS22342E	3	2	-1	-1	-1	-1	-1	-1	-1	-1	-1	-1	-1	-1	-1	-1	-1	-1	-1	-1	-1	-1	-1	-1	-1	-1
NS22346J	1	-1	-1	-1	-1	-1	-1	-1	-1	-1	-1	1	1	-1	-1	-1	-1	-1	-1	-1	-1	-1	-1	-1	-1	-1
NS22347K	2	1	10	2018	2	8	1968	54	3	-1	-1	1	1	-1	-1	-1	-1	-1	-1	-1	-1	-1	-1	-1	-1	-1
NS22348L	2	1	7	2017	2	1	1992	30	1	7	2017	1	1	-1	-1	-1	-1	-1	-1	-1	-1	-1	-1	-1	-1	-1
NS22351Y	1	-1	-1	-1	-1	-1	-1	-1	3	-1	-1	1	1	-1	-1	-1	-1	-1	-1	-1	-1	-1	-1	-1	-1	-1
NS22353A	2	1	9	2010	2	1	1988	35	3	-1	-1	2	-1	1	1	2	2	2	2	2	2	9	2013	-1	-1	-1
NS22353A	3	2	-1	-1	-1	-1	-1	-1	-1	-1	-1	-1	-1	-1	-1	-1	-1	-1	-1	-1	-1	-1	-1	-1	-1	-1
NS22355C	1	-1	-1	-1	-1	-1	-1	-1	1	5	2022	1	1	-1	-1	-1	-1	-1	-1	-1	-1	-1	-1	-1	-1	-1
NS22357E	1	-1	-1	-1	-1	-1	-1	-1	3	-1	-1	1	1	-1	-1	-1	-1	-1	-1	-1	-1	-1	-1	-1	-1	-1
NS22365X	2	2	-1	-1	-1	-1	-1	-1	-1	-1	-1	-1	-1	-1	-1	-1	-1	-1	-1	-1	-1	-1	-1	-1	-1	-1
NS22366Y	2	1	4	2019	1	-9	-9	32	3	-1	-1	1	1	-1	-1	-1	-1	-1	-1	-1	-1	-1	-1	-1	-1	-1
NS22367Z	1	-1	-1	-1	-1	-1	-1	-1	3	-1	-1	2	-1	1	1	2	2	2	2	2	2	9	2016	-1	-1	-1
NS22367Z	2	1	9	2018	1	3	1992	30	3	-1	-1	2	-1	1	1	2	2	2	2	2	2	2	2019	-1	-1	-1
NS22367Z	3	2	-1	-1	-1	-1	-1	-1	-1	-1	-1	-1	-1	-1	-1	-1	-1	-1	-1	-1	-1	-1	-1	-1	-1	-1
NS22369B	2	1	2	2017	2	10	1991	31	3	-1	-1	1	1	-1	-1	-1	-1	-1	-1	-1	-1	-1	-1	-1	-1	-1
NS22371M	1	-1	-1	-1	-1	-1	-1	-1	1	8	2022	1	1	-1	-1	-1	-1	-1	-1	-1	-1	-1	-1	-1	-1	-1
NS22374Q	2	1	10	2022	1	5	1993	29	3	-1	-1	1	1	-1	-1	-1	-1	-1	-1	-1	-1	-1	-1	-1	-1	-1
NS22375R	2	1	12	2016	1	6	1982	40	3	-1	-1	1	1	-1	-1	-1	-1	-1	-1	-1	-1	-1	-1	-1	-1	-1
NS22376S	1	-1	-1	-1	-1	-1	-1	-1	-1	-1	-1	2	-1	1	2	2	1	2	2	2	2	2	2019	1	12	2019
NS22376S	2	1	12	2021	2	12	1990	32	3	-1	-1	2	-1	1	1	2	2	2	2	2	2	12	2022	-1	-1	-1
NS22376S	3	2	-1	-1	-1	-1	-1	-1	-1	-1	-1	-1	-1	-1	-1	-1	-1	-1	-1	-1	-1	-1	-1	-1	-1	-1
NS22377T	2	1	2	2021	2	8	1997	25	3	-1	-1	1	1	-1	-1	-1	-1	-1	-1	-1	-1	-1	-1	-1	-1	-1
NS22378V	2	2	-1	-1	-1	-1	-1	-1	-1	-1	-1	-1	-1	-1	-1	-1	-1	-1	-1	-1	-1	-1	-1	-1	-1	-1
NS22379W	1	-1	-1	-1	-1	-1	-1	-1	3	-1	-1	1	1	-1	-1	-1	-1	-1	-1	-1	-1	-1	-1	-1	-1	-1
NS22380F	2	2	-1	-1	-1	-1	-1	-1	-1	-1	-1	-1	-1	-1	-1	-1	-1	-1	-1	-1	-1	-1	-1	-1	-1	-1
NS22383J	2	1	4	2014	1	4	1986	36	1	8	2021	1	1	-1	-1	-1	-1	-1	-1	-1	-1	-1	-1	-1	-1	-1
NS22385L	2	2	-1	-1	-1	-1	-1	-1	-1	-1	-1	-1	-1	-1	-1	-1	-1	-1	-1	-1	-1	-1	-1	-1	-1	-1
NS22386M	1	-1	-1	-1	-1	-1	-1	-1	3	-1	-1	2	-1	1	1	2	2	2	1	2	2	3	2019	-1	-1	-1
NS22386M	2	2	-1	-1	-1	-1	-1	-1	-1	-1	-1	-1	-1	-1	-1	-1	-1	-1	-1	-1	-1	-1	-1	-1	-1	-1
NS22388P	2	1	9	2018	2	9	1992	30	3	-1	-1	1	1	-1	-1	-1	-1	-1	-1	-1	-1	-1	-1	-1	-1	-1
NS22391B	1	-1	-1	-1	-1	-1	-1	-1	1	12	2017	1	1	-1	-1	-1	-1	-1	-1	-1	-1	-1	-1	-1	-1	-1
NS22392C	2	1	5	2010	1	11	1989	33	3	4	2010	2	-1	1	1	2	2	2	2	2	2	3	2016	2	-1	-1
NS22392C	3	2	-1	-1	-1	-1	-1	-1	-1	-1	-1	-1	-1	-1	-1	-1	-1	-1	-1	-1	-1	-1	-1	-1	-1	-1
NS22393D	2	2	-1	-1	-1	-1	-1	-1	-1	-1	-1	-1	-1	-1	-1	-1	-1	-1	-1	-1	-1	-1	-1	-1	-1	-1
NS22399K	1	-1	-1	-1	-1	-1	-1	-1	3	-1	-1	1	1	-1	-1	-1	-1	-1	-1	-1	-1	-1	-1	-1	-1	-1
NS22400B	2	2	-1	-1	-1	-1	-1	-1	-1	-1	-1	-1	-1	-1	-1	-1	-1	-1	-1	-1	-1	-1	-1	-1	-1	-1
NS22405G	2	1	5	2018	1	8	1990	32	3	-1	-1	1	1	-1	-1	-1	-1	-1	-1	-1	-1	-1	-1	-1	-1	-1
NS22407J	2	1	6	2021	2	6	1993	29	3	-1	-1	1	2	-1	-1	-1	-1	-1	-1	-1	-1	2	2022	-1	-1	-1
NS22407J	3	1	8	2022	2	6	1993	29	3	-1	-1	1	1	-1	-1	-1	-1	-1	-1	-1	-1	-1	-1	-1	-1	-1
NS22408K	2	2	-1	-1	-1	-1	-1	-1	-1	-1	-1	-1	-1	-1	-1	-1	-1	-1	-1	-1	-1	-1	-1	-1	-1	-1
NS22409L	2	1	6	2016	1	7	1990	32	1	8	2020	1	1	-1	-1	-1	-1	-1	-1	-1	-1	-1	-1	-1	-1	-1
NS22411X	2	1	5	2017	2	9	1992	30	1	6	2019	1	1	-1	-1	-1	-1	-1	-1	-1	-1	-1	-1	-1	-1	-1
NS22416C	2	1	4	2018	1	2	1992	30	1	10	2020	1	1	-1	-1	-1	-1	-1	-1	-1	-1	-1	-1	-1	-1	-1
NS22417D	2	2	-1	-1	-1	-1	-1	-1	-1	-1	-1	-1	-1	-1	-1	-1	-1	-1	-1	-1	-1	-1	-1	-1	-1	-1
NS22419F	2	1	1	2017	2	6	1991	30	3	-1	-1	1	1	-1	-1	-1	-1	-1	-1	-1	-1	-1	-1	-1	-1	-1
NS22421R	1	-1	-1	-1	-1	-1	-1	-1	3	-1	-1	1	1	-1	-1	-1	-1	-1	-1	-1	-1	-1	-1	-1	-1	-1
NS22422S	2	1	6	2013	2	7	1988	34	1	10	2013	2	-1	1	1	2	2	2	2	2	2	6	2015	1	10	2016
NS22422S	3	2	-1	-1	-1	-1	-1	-1	-1	-1	-1	-1	-1	-1	-1	-1	-1	-1	-1	-1	-1	-1	-1	-1	-1	-1
NS22423T	2	2	-1	-1	-1	-1	-1	-1	-1	-1	-1	-1	-1	-1	-1	-1	-1	-1	-1	-1	-1	-1	-1	-1	-1	-1
NS22425W	2	2	-1	-1	-1	-1	-1	-1	-1	-1	-1	-1	-1	-1	-1	-1	-1	-1	-1	-1	-1	-1	-1	-1	-1	-1
NS22426X	1	-1	-1	-1	-1	-1	-1	-1	3	-1	-1	2	-1	1	1	2	2	2	2	2	2	4	2018	-1	-1	-1
NS22426X	2	1	11	2020	2	9	1987	35	3	-1	-1	1	1	-1	-1	-1	-1	-1	-1	-1	-1	-1	-1	-1	-1	-1
NS22431L	2	2	-1	-1	-1	-1	-1	-1	-1	-1	-1	-1	-1	-1	-1	-1	-1	-1	-1	-1	-1	-1	-1	-1	-1	-1
NS22434P	1	-1	-1	-1	-1	-1	-1	-1	3	-1	-1	2	-1	1	1	2	2	2	2	2	2	4	2016	-1	-1	-1
NS22434P	2	1	9	2018	2	8	1990	32	1	6	2022	1	1	-1	-1	-1	-1	-1	-1	-1	-1	-1	-1	-1	-1	-1
NS22436R	2	2	-1	-1	-1	-1	-1	-1	-1	-1	-1	-1	-1	-1	-1	-1	-1	-1	-1	-1	-1	-1	-1	-1	-1	-1
NS22437S	2	2	-1	-1	-1	-1	-1	-1	-1	-1	-1	-1	-1	-1	-1	-1	-1	-1	-1	-1	-1	-1	-1	-1	-1	-1
NS22440E	2	1	2	2017	1	8	1986	35	3	-1	-1	2	-1	1	1	2	2	2	2	2	2	1	2019	-1	-1	-1
NS22440E	3	2	-1	-1	-1	-1	-1	-1	-1	-1	-1	-1	-1	-1	-1	-1	-1	-1	-1	-1	-1	-1	-1	-1	-1	-1
NS22441F	2	2	-1	-1	-1	-1	-1	-1	-1	-1	-1	-1	-1	-1	-1	-1	-1	-1	-1	-1	-1	-1	-1	-1	-1	-1
NS22442G	2	1	12	2018	1	4	1990	32	1	12	2018	1	1	-1	-1	-1	-1	-1	-1	-1	-1	-1	-1	-1	-1	-1
NS22444J	1	-1	-1	-1	-1	-1	-1	-1	-1	-1	-1	1	1	-1	-1	-1	-1	-1	-1	-1	-1	-1	-1	-1	-1	-1
NS22447M	2	2	-1	-1	-1	-1	-1	-1	-1	-1	-1	-1	-1	-1	-1	-1	-1	-1	-1	-1	-1	-1	-1	-1	-1	-1
NS22448N	1	-1	-1	-1	-1	-1	-1	-1	3	-1	-1	1	1	-1	-1	-1	-1	-1	-1	-1	-1	-1	-1	-1	-1	-1
NS22450Z	1	-1	-1	-1	-1	-1	-1	-1	1	7	2017	1	1	-1	-1	-1	-1	-1	-1	-1	-1	-1	-1	-1	-1	-1
NS22454D	2	1	3	2016	2	4	1991	31	1	7	2018	1	1	-1	-1	-1	-1	-1	-1	-1	-1	-1	-1	-1	-1	-1
NS22455E	2	1	10	2018	1	2	1994	28	3	-1	-1	1	1	-1	-1	-1	-1	-1	-1	-1	-1	-1	-1	-1	-1	-1
NS22459J	2	1	3	2018	1	1	1987	36	3	-1	-1	2	-1	1	1	2	2	2	2	2	2	7	2022	-1	-1	-1
NS22459J	3	2	-1	-1	-1	-1	-1	-1	-1	-1	-1	-1	-1	-1	-1	-1	-1	-1	-1	-1	-1	-1	-1	-1	-1	-1
NS22463X	1	-1	-1	-1	-1	-1	-1	-1	1	6	2017	1	1	-1	-1	-1	-1	-1	-1	-1	-1	-1	-1	-1	-1	-1
NS22464Y	1	-1	-1	-1	-1	-1	-1	-1	3	-1	-1	2	-1	1	1	2	2	2	2	2	2	9	2019	-1	-1	-1
NS22464Y	2	1	3	2020	1	8	1997	25	3	-1	-1	1	1	-1	-1	-1	-1	-1	-1	-1	-1	-1	-1	-1	-1	-1
NS22470N	2	2	-1	-1	-1	-1	-1	-1	-1	-1	-1	-1	-1	-1	-1	-1	-1	-1	-1	-1	-1	-1	-1	-1	-1	-1
NS22474S	2	1	10	2022	2	4	1995	27	3	-1	-1	1	1	-1	-1	-1	-1	-1	-1	-1	-1	-1	-1	-1	-1	-1
NS22476V	2	1	3	2021	1	9	1993	28	1	3	2022	1	1	-1	-1	-1	-1	-1	-1	-1	-1	-1	-1	-1	-1	-1
NS22477W	2	1	10	2018	2	9	1992	30	3	-1	-1	2	-1	2	-1	-1	-1	-1	-1	-1	-1	11	2022	-1	-1	-1
NS22477W	3	2	-1	-1	-1	-1	-1	-1	-1	-1	-1	-1	-1	-1	-1	-1	-1	-1	-1	-1	-1	-1	-1	-1	-1	-1
NS22479Y	2	1	7	2017	1	3	1988	34	1	7	2017	1	1	-1	-1	-1	-1	-1	-1	-1	-1	-1	-1	-1	-1	-1
NS22483L	2	2	-1	-1	-1	-1	-1	-1	-1	-1	-1	-1	-1	-1	-1	-1	-1	-1	-1	-1	-1	-1	-1	-1	-1	-1
NS22484M	2	2	-1	-1	-1	-1	-1	-1	-1	-1	-1	-1	-1	-1	-1	-1	-1	-1	-1	-1	-1	-1	-1	-1	-1	-1
NS22487Q	1	-1	-1	-1	-1	-1	-1	-1	2	4	2016	1	1	-1	-1	-1	-1	-1	-1	-1	-1	-1	-1	-1	-1	-1
NS22490C	1	-1	-1	-1	-1	-1	-1	-1	-1	-1	-1	1	1	-1	-1	-1	-1	-1	-1	-1	-1	-1	-1	-1	-1	-1
NS22491D	2	2	-1	-1	-1	-1	-1	-1	-1	-1	-1	-1	-1	-1	-1	-1	-1	-1	-1	-1	-1	-1	-1	-1	-1	-1
NS22492E	1	-1	-1	-1	-1	-1	-1	-1	3	-1	-1	2	-1	1	1	2	2	2	2	2	2	10	2016	-1	-1	-1
NS22492E	2	1	3	2018	2	9	1989	33	1	3	2018	1	1	-1	-1	-1	-1	-1	-1	-1	-1	-1	-1	-1	-1	-1
NS22494G	2	1	9	2015	1	9	1986	36	1	5	2022	1	1	-1	-1	-1	-1	-1	-1	-1	-1	-1	-1	-1	-1	-1
NS22495H	2	1	12	2013	2	11	1987	35	3	-1	-1	1	1	-1	-1	-1	-1	-1	-1	-1	-1	-1	-1	-1	-1	-1
NS22496J	2	1	2	2013	2	-8	-8	30	3	-1	-1	1	1	-1	-1	-1	-1	-1	-1	-1	-1	-1	-1	-1	-1	-1
NS22497K	1	-1	-1	-1	-1	-1	-1	-1	3	-1	-1	1	1	-1	-1	-1	-1	-1	-1	-1	-1	-1	-1	-1	-1	-1
NS22502F	2	2	-1	-1	-1	-1	-1	-1	-1	-1	-1	-1	-1	-1	-1	-1	-1	-1	-1	-1	-1	-1	-1	-1	-1	-1
NS22504H	2	2	-1	-1	-1	-1	-1	-1	-1	-1	-1	-1	-1	-1	-1	-1	-1	-1	-1	-1	-1	-1	-1	-1	-1	-1
NS22506K	1	-1	-1	-1	-1	-1	-1	-1	-1	-1	-1	1	1	-1	-1	-1	-1	-1	-1	-1	-1	-1	-1	-1	-1	-1
NS22508M	2	1	5	2014	1	6	1990	32	3	-1	-1	1	2	-1	-1	-1	-1	-1	-1	-1	-1	5	2017	-1	-1	-1
NS22508M	3	1	5	2020	1	6	1990	32	3	-1	-1	1	1	-1	-1	-1	-1	-1	-1	-1	-1	-1	-1	-1	-1	-1
NS22510Y	1	-1	-1	-1	-1	-1	-1	-1	-1	-1	-1	1	1	-1	-1	-1	-1	-1	-1	-1	-1	-1	-1	-1	-1	-1
NS22511Z	2	1	6	2017	2	9	1993	29	1	12	2019	1	1	-1	-1	-1	-1	-1	-1	-1	-1	-1	-1	-1	-1	-1
NS22512A	1	-1	-1	-1	-1	-1	-1	-1	3	-1	-1	1	1	-1	-1	-1	-1	-1	-1	-1	-1	-1	-1	-1	-1	-1
NS22513B	2	2	-1	-1	-1	-1	-1	-1	-1	-1	-1	-1	-1	-1	-1	-1	-1	-1	-1	-1	-1	-1	-1	-1	-1	-1
NS22516E	2	1	4	2016	2	3	1993	29	3	-1	-1	2	-1	1	1	2	2	2	2	2	2	10	2018	-1	-1	-1
NS22516E	3	2	-1	-1	-1	-1	-1	-1	-1	-1	-1	-1	-1	-1	-1	-1	-1	-1	-1	-1	-1	-1	-1	-1	-1	-1
NS22517F	2	1	12	2018	1	1	1988	35	3	-1	-1	1	1	-1	-1	-1	-1	-1	-1	-1	-1	-1	-1	-1	-1	-1
NS22518G	1	-1	-1	-1	-1	-1	-1	-1	3	-1	-1	1	1	-1	-1	-1	-1	-1	-1	-1	-1	-1	-1	-1	-1	-1
NS22519H	2	2	-1	-1	-1	-1	-1	-1	-1	-1	-1	-1	-1	-1	-1	-1	-1	-1	-1	-1	-1	-1	-1	-1	-1	-1
NS22523W	1	-1	-1	-1	-1	-1	-1	-1	1	8	2020	1	1	-1	-1	-1	-1	-1	-1	-1	-1	-1	-1	-1	-1	-1
NS22524X	2	1	4	2016	2	11	1989	33	3	-1	-1	1	1	-1	-1	-1	-1	-1	-1	-1	-1	-1	-1	-1	-1	-1
NS22526Z	1	-1	-1	-1	-1	-1	-1	-1	3	-1	-1	1	1	-1	-1	-1	-1	-1	-1	-1	-1	-1	-1	-1	-1	-1
NS22527A	2	2	-1	-1	-1	-1	-1	-1	-1	-1	-1	-1	-1	-1	-1	-1	-1	-1	-1	-1	-1	-1	-1	-1	-1	-1
NS22528B	2	1	6	2016	2	1	1989	34	1	10	2018	1	1	-1	-1	-1	-1	-1	-1	-1	-1	-1	-1	-1	-1	-1
NS22530M	2	2	-1	-1	-1	-1	-1	-1	-1	-1	-1	-1	-1	-1	-1	-1	-1	-1	-1	-1	-1	-1	-1	-1	-1	-1
NS22531N	2	1	7	2017	1	6	1981	41	1	7	2017	1	1	-1	-1	-1	-1	-1	-1	-1	-1	-1	-1	-1	-1	-1
NS22533Q	2	1	10	2019	2	3	1995	27	3	-1	-1	1	1	-1	-1	-1	-1	-1	-1	-1	-1	-1	-1	-1	-1	-1
NS22535S	1	-1	-1	-1	-1	-1	-1	-1	3	-1	-1	1	1	-1	-1	-1	-1	-1	-1	-1	-1	-1	-1	-1	-1	-1
NS22539X	2	2	-1	-1	-1	-1	-1	-1	-1	-1	-1	-1	-1	-1	-1	-1	-1	-1	-1	-1	-1	-1	-1	-1	-1	-1
NS22544L	1	-1	-1	-1	-1	-1	-1	-1	-1	-1	-1	1	1	-1	-1	-1	-1	-1	-1	-1	-1	-1	-1	-1	-1	-1
NS22547P	2	1	3	2020	2	10	1993	29	1	3	2020	1	1	-1	-1	-1	-1	-1	-1	-1	-1	-1	-1	-1	-1	-1
NS22548Q	2	1	6	2019	1	9	1988	34	1	7	2020	1	1	-1	-1	-1	-1	-1	-1	-1	-1	-1	-1	-1	-1	-1
NS22550B	1	-1	-1	-1	-1	-1	-1	-1	3	-1	-1	1	1	-1	-1	-1	-1	-1	-1	-1	-1	-1	-1	-1	-1	-1
NS22554F	2	1	10	2016	2	6	1985	37	1	12	2019	1	1	-1	-1	-1	-1	-1	-1	-1	-1	-1	-1	-1	-1	-1
NS22558K	1	-1	-1	-1	-1	-1	-1	-1	1	5	2018	2	-1	1	1	2	2	2	1	2	2	9	2018	1	6	2021
NS22558K	2	2	-1	-1	-1	-1	-1	-1	-1	-1	-1	-1	-1	-1	-1	-1	-1	-1	-1	-1	-1	-1	-1	-1	-1	-1
NS22559L	2	2	-1	-1	-1	-1	-1	-1	-1	-1	-1	-1	-1	-1	-1	-1	-1	-1	-1	-1	-1	-1	-1	-1	-1	-1
NS22560W	2	2	-1	-1	-1	-1	-1	-1	-1	-1	-1	-1	-1	-1	-1	-1	-1	-1	-1	-1	-1	-1	-1	-1	-1	-1
NS22562Y	2	2	-1	-1	-1	-1	-1	-1	-1	-1	-1	-1	-1	-1	-1	-1	-1	-1	-1	-1	-1	-1	-1	-1	-1	-1
NS22563Z	1	-1	-1	-1	-1	-1	-1	-1	-1	-1	-1	1	1	-1	-1	-1	-1	-1	-1	-1	-1	-1	-1	-1	-1	-1
NS22564A	2	2	-1	-1	-1	-1	-1	-1	-1	-1	-1	-1	-1	-1	-1	-1	-1	-1	-1	-1	-1	-1	-1	-1	-1	-1
NS22565B	2	2	-1	-1	-1	-1	-1	-1	-1	-1	-1	-1	-1	-1	-1	-1	-1	-1	-1	-1	-1	-1	-1	-1	-1	-1
NS22566C	2	2	-1	-1	-1	-1	-1	-1	-1	-1	-1	-1	-1	-1	-1	-1	-1	-1	-1	-1	-1	-1	-1	-1	-1	-1
NS22573T	1	-1	-1	-1	-1	-1	-1	-1	3	-1	-1	2	-1	1	1	2	2	2	2	2	2	3	2018	-1	-1	-1
NS22573T	2	2	-1	-1	-1	-1	-1	-1	-1	-1	-1	-1	-1	-1	-1	-1	-1	-1	-1	-1	-1	-1	-1	-1	-1	-1
NS22578Z	1	-1	-1	-1	-1	-1	-1	-1	1	4	2019	2	-1	1	2	2	2	2	2	2	1	6	2022	2	-1	-1
NS22578Z	2	2	-1	-1	-1	-1	-1	-1	-1	-1	-1	-1	-1	-1	-1	-1	-1	-1	-1	-1	-1	-1	-1	-1	-1	-1
NS22579A	2	1	11	2021	2	-9	-9	30	3	-1	-1	1	1	-1	-1	-1	-1	-1	-1	-1	-1	-1	-1	-1	-1	-1
NS22580K	1	-1	-1	-1	-1	-1	-1	-1	3	-1	-1	1	1	-1	-1	-1	-1	-1	-1	-1	-1	-1	-1	-1	-1	-1
NS22581L	2	2	-1	-1	-1	-1	-1	-1	-1	-1	-1	-1	-1	-1	-1	-1	-1	-1	-1	-1	-1	-1	-1	-1	-1	-1
NS22587S	1	-1	-1	-1	-1	-1	-1	-1	1	5	2017	1	1	-1	-1	-1	-1	-1	-1	-1	-1	-1	-1	-1	-1	-1
NS22588T	1	-1	-1	-1	-1	-1	-1	-1	1	6	2018	1	1	-1	-1	-1	-1	-1	-1	-1	-1	-1	-1	-1	-1	-1
NS22590E	2	2	-1	-1	-1	-1	-1	-1	-1	-1	-1	-1	-1	-1	-1	-1	-1	-1	-1	-1	-1	-1	-1	-1	-1	-1
NS22591F	2	1	2	2011	2	10	1993	29	3	-1	-1	1	1	-1	-1	-1	-1	-1	-1	-1	-1	-1	-1	-1	-1	-1
NS22594J	2	2	-1	-1	-1	-1	-1	-1	-1	-1	-1	-1	-1	-1	-1	-1	-1	-1	-1	-1	-1	-1	-1	-1	-1	-1
NS22599P	2	2	-1	-1	-1	-1	-1	-1	-1	-1	-1	-1	-1	-1	-1	-1	-1	-1	-1	-1	-1	-1	-1	-1	-1	-1
NS22603J	2	2	-1	-1	-1	-1	-1	-1	-1	-1	-1	-1	-1	-1	-1	-1	-1	-1	-1	-1	-1	-1	-1	-1	-1	-1
NS22606M	2	1	7	2017	1	4	1992	30	3	-1	-1	1	1	-1	-1	-1	-1	-1	-1	-1	-1	-1	-1	-1	-1	-1
NS22610A	2	1	1	2017	2	6	1989	34	1	11	2022	1	1	-1	-1	-1	-1	-1	-1	-1	-1	-1	-1	-1	-1	-1
NS22611B	2	2	-1	-1	-1	-1	-1	-1	-1	-1	-1	-1	-1	-1	-1	-1	-1	-1	-1	-1	-1	-1	-1	-1	-1	-1
NS22613D	2	1	10	2017	1	4	1985	37	3	-1	-1	1	1	-1	-1	-1	-1	-1	-1	-1	-1	-1	-1	-1	-1	-1
NS22614E	2	1	6	2022	2	-9	-9	32	3	-1	-1	2	-1	2	-1	-1	-1	-1	-1	-1	-1	-9	-9	-1	-1	-1
NS22614E	3	2	-1	-1	-1	-1	-1	-1	-1	-1	-1	-1	-1	-1	-1	-1	-1	-1	-1	-1	-1	-1	-1	-1	-1	-1
NS22615F	2	2	-1	-1	-1	-1	-1	-1	-1	-1	-1	-1	-1	-1	-1	-1	-1	-1	-1	-1	-1	-1	-1	-1	-1	-1
NS22616G	2	1	8	2020	1	5	1994	28	3	-1	-1	1	1	-1	-1	-1	-1	-1	-1	-1	-1	-1	-1	-1	-1	-1
NS22618J	2	2	-1	-1	-1	-1	-1	-1	-1	-1	-1	-1	-1	-1	-1	-1	-1	-1	-1	-1	-1	-1	-1	-1	-1	-1
NS22619K	2	2	-1	-1	-1	-1	-1	-1	-1	-1	-1	-1	-1	-1	-1	-1	-1	-1	-1	-1	-1	-1	-1	-1	-1	-1
NS22620V	2	2	-1	-1	-1	-1	-1	-1	-1	-1	-1	-1	-1	-1	-1	-1	-1	-1	-1	-1	-1	-1	-1	-1	-1	-1
NS22623Y	2	2	-1	-1	-1	-1	-1	-1	-1	-1	-1	-1	-1	-1	-1	-1	-1	-1	-1	-1	-1	-1	-1	-1	-1	-1
NS22625A	2	2	-1	-1	-1	-1	-1	-1	-1	-1	-1	-1	-1	-1	-1	-1	-1	-1	-1	-1	-1	-1	-1	-1	-1	-1
NS22629E	2	2	-1	-1	-1	-1	-1	-1	-1	-1	-1	-1	-1	-1	-1	-1	-1	-1	-1	-1	-1	-1	-1	-1	-1	-1
NS22630P	1	-1	-1	-1	-1	-1	-1	-1	3	-1	-1	2	-1	1	1	2	2	2	1	2	2	10	2018	-1	-1	-1
NS22630P	2	2	-1	-1	-1	-1	-1	-1	-1	-1	-1	-1	-1	-1	-1	-1	-1	-1	-1	-1	-1	-1	-1	-1	-1	-1
NS22631Q	2	2	-1	-1	-1	-1	-1	-1	-1	-1	-1	-1	-1	-1	-1	-1	-1	-1	-1	-1	-1	-1	-1	-1	-1	-1
NS22633S	2	1	9	2012	2	6	1990	33	1	4	2013	1	1	-1	-1	-1	-1	-1	-1	-1	-1	-1	-1	-1	-1	-1
NS22635V	2	2	-1	-1	-1	-1	-1	-1	-1	-1	-1	-1	-1	-1	-1	-1	-1	-1	-1	-1	-1	-1	-1	-1	-1	-1
NS22637X	2	2	-1	-1	-1	-1	-1	-1	-1	-1	-1	-1	-1	-1	-1	-1	-1	-1	-1	-1	-1	-1	-1	-1	-1	-1
NS22639Z	2	1	8	2018	2	-9	-9	-9	3	-1	-1	1	1	-1	-1	-1	-1	-1	-1	-1	-1	-1	-1	-1	-1	-1
NS22640J	2	2	-1	-1	-1	-1	-1	-1	-1	-1	-1	-1	-1	-1	-1	-1	-1	-1	-1	-1	-1	-1	-1	-1	-1	-1
NS22641K	2	1	7	2019	2	7	1996	26	1	11	2020	1	1	-1	-1	-1	-1	-1	-1	-1	-1	-1	-1	-1	-1	-1
NS22642L	2	1	1	2017	1	2	1991	32	3	-1	-1	2	-1	1	1	2	2	2	2	2	2	11	2017	-1	-1	-1
NS22642L	3	2	-1	-1	-1	-1	-1	-1	-1	-1	-1	-1	-1	-1	-1	-1	-1	-1	-1	-1	-1	-1	-1	-1	-1	-1
NS22643M	2	2	-1	-1	-1	-1	-1	-1	-1	-1	-1	-1	-1	-1	-1	-1	-1	-1	-1	-1	-1	-1	-1	-1	-1	-1
NS22649T	2	1	11	2016	1	5	1987	35	3	-1	-1	1	1	-1	-1	-1	-1	-1	-1	-1	-1	-1	-1	-1	-1	-1
NS22654H	1	-1	-1	-1	-1	-1	-1	-1	3	-1	-1	2	-1	1	2	2	2	2	2	2	1	2	2019	-1	-1	-1
NS22654H	2	2	-1	-1	-1	-1	-1	-1	-1	-1	-1	-1	-1	-1	-1	-1	-1	-1	-1	-1	-1	-1	-1	-1	-1	-1
NS22658M	2	1	9	2018	1	5	1991	31	1	9	2018	1	1	-1	-1	-1	-1	-1	-1	-1	-1	-1	-1	-1	-1	-1
NS22659N	2	1	10	2016	1	4	1977	45	1	11	2010	2	-1	1	2	1	2	2	1	1	2	7	2019	1	12	2019
NS22659N	3	2	-1	-1	-1	-1	-1	-1	-1	-1	-1	-1	-1	-1	-1	-1	-1	-1	-1	-1	-1	-1	-1	-1	-1	-1
NS22660Y	1	-1	-1	-1	-1	-1	-1	-1	-1	-1	-1	1	1	-1	-1	-1	-1	-1	-1	-1	-1	-1	-1	-1	-1	-1
NS22661Z	2	1	8	2015	1	4	1991	31	1	8	2015	1	1	-1	-1	-1	-1	-1	-1	-1	-1	-1	-1	-1	-1	-1
NS22662A	1	-1	-1	-1	-1	-1	-1	-1	1	12	2016	1	1	-1	-1	-1	-1	-1	-1	-1	-1	-1	-1	-1	-1	-1
NS22664C	2	1	9	2018	1	1	1993	29	3	-1	-1	1	1	-1	-1	-1	-1	-1	-1	-1	-1	-1	-1	-1	-1	-1
NS22667F	2	2	-1	-1	-1	-1	-1	-1	-1	-1	-1	-1	-1	-1	-1	-1	-1	-1	-1	-1	-1	-1	-1	-1	-1	-1
NS22673W	2	2	-1	-1	-1	-1	-1	-1	-1	-1	-1	-1	-1	-1	-1	-1	-1	-1	-1	-1	-1	-1	-1	-1	-1	-1
NS22678B	1	-1	-1	-1	-1	-1	-1	-1	-1	-1	-1	1	1	-1	-1	-1	-1	-1	-1	-1	-1	-1	-1	-1	-1	-1
NS22680M	2	1	1	2021	1	11	1986	36	1	1	2021	1	1	-1	-1	-1	-1	-1	-1	-1	-1	-1	-1	-1	-1	-1
NS22682P	2	2	-1	-1	-1	-1	-1	-1	-1	-1	-1	-1	-1	-1	-1	-1	-1	-1	-1	-1	-1	-1	-1	-1	-1	-1
NS22683Q	2	2	-1	-1	-1	-1	-1	-1	-1	-1	-1	-1	-1	-1	-1	-1	-1	-1	-1	-1	-1	-1	-1	-1	-1	-1
NS22686T	2	1	2	2020	1	1	1978	45	3	-1	-1	1	1	-1	-1	-1	-1	-1	-1	-1	-1	-1	-1	-1	-1	-1
NS22687V	2	1	12	2018	1	6	1988	33	3	-1	-1	2	-1	2	-1	-1	-1	-1	-1	-1	-1	10	2019	-1	-1	-1
NS22687V	3	2	-1	-1	-1	-1	-1	-1	-1	-1	-1	-1	-1	-1	-1	-1	-1	-1	-1	-1	-1	-1	-1	-1	-1	-1
NS22689X	2	1	2	2019	1	6	1993	29	3	-1	-1	1	1	-1	-1	-1	-1	-1	-1	-1	-1	-1	-1	-1	-1	-1
NS22690G	2	1	6	2018	2	11	1989	33	3	-1	-1	1	1	-1	-1	-1	-1	-1	-1	-1	-1	-1	-1	-1	-1	-1
NS22694L	1	-1	-1	-1	-1	-1	-1	-1	1	6	2021	1	1	-1	-1	-1	-1	-1	-1	-1	-1	-1	-1	-1	-1	-1
NS22695M	1	-1	-1	-1	-1	-1	-1	-1	3	-1	-1	1	1	-1	-1	-1	-1	-1	-1	-1	-1	-1	-1	-1	-1	-1
NS22697P	1	-1	-1	-1	-1	-1	-1	-1	3	-1	-1	2	-1	1	1	2	2	2	2	2	2	4	2018	-1	-1	-1
NS22697P	2	1	6	2018	2	10	1990	32	3	-1	-1	1	1	-1	-1	-1	-1	-1	-1	-1	-1	-1	-1	-1	-1	-1
NS22698Q	2	2	-1	-1	-1	-1	-1	-1	-1	-1	-1	-1	-1	-1	-1	-1	-1	-1	-1	-1	-1	-1	-1	-1	-1	-1
NS22699R	2	2	-1	-1	-1	-1	-1	-1	-1	-1	-1	-1	-1	-1	-1	-1	-1	-1	-1	-1	-1	-1	-1	-1	-1	-1
NS22701J	2	1	10	2021	2	6	1988	34	3	-1	-1	1	1	-1	-1	-1	-1	-1	-1	-1	-1	-1	-1	-1	-1	-1
NS22703L	1	-1	-1	-1	-1	-1	-1	-1	3	-1	-1	2	-1	1	1	2	2	2	2	2	2	12	2016	-1	-1	-1
NS22703L	2	1	1	2019	2	9	1987	36	1	8	2022	1	1	-1	-1	-1	-1	-1	-1	-1	-1	-1	-1	-1	-1	-1
NS22704M	1	-1	-1	-1	-1	-1	-1	-1	1	8	2016	1	1	-1	-1	-1	-1	-1	-1	-1	-1	-1	-1	-1	-1	-1
NS22706P	2	1	9	2017	1	6	1993	29	3	-1	-1	1	1	-1	-1	-1	-1	-1	-1	-1	-1	-1	-1	-1	-1	-1
NS22710C	2	1	6	2014	2	3	1994	28	3	-1	-1	2	-1	1	1	2	2	2	2	2	2	6	2016	-1	-1	-1
NS22710C	3	1	9	2018	2	4	1991	31	3	-1	-1	1	1	-1	-1	-1	-1	-1	-1	-1	-1	-1	-1	-1	-1	-1
NS22712E	1	-1	-1	-1	-1	-1	-1	-1	3	-1	-1	1	1	-1	-1	-1	-1	-1	-1	-1	-1	-1	-1	-1	-1	-1
NS22713F	1	-1	-1	-1	-1	-1	-1	-1	1	5	2017	1	1	-1	-1	-1	-1	-1	-1	-1	-1	-1	-1	-1	-1	-1
NS22714G	1	-1	-1	-1	-1	-1	-1	-1	3	-1	-1	2	-1	1	1	2	2	2	2	2	2	1	2017	-1	-1	-1
NS22714G	2	2	-1	-1	-1	-1	-1	-1	-1	-1	-1	-1	-1	-1	-1	-1	-1	-1	-1	-1	-1	-1	-1	-1	-1	-1
NS22718L	2	1	7	2015	1	1	1987	35	3	-1	-1	1	1	-1	-1	-1	-1	-1	-1	-1	-1	-1	-1	-1	-1	-1
NS22719M	2	2	-1	-1	-1	-1	-1	-1	-1	-1	-1	-1	-1	-1	-1	-1	-1	-1	-1	-1	-1	-1	-1	-1	-1	-1
NS22722Z	2	2	-1	-1	-1	-1	-1	-1	-1	-1	-1	-1	-1	-1	-1	-1	-1	-1	-1	-1	-1	-1	-1	-1	-1	-1
NS22724B	2	1	8	2020	1	4	1991	30	3	-1	-1	1	1	-1	-1	-1	-1	-1	-1	-1	-1	-1	-1	-1	-1	-1
NS22725C	2	2	-1	-1	-1	-1	-1	-1	-1	-1	-1	-1	-1	-1	-1	-1	-1	-1	-1	-1	-1	-1	-1	-1	-1	-1
NS22728F	2	2	-1	-1	-1	-1	-1	-1	-1	-1	-1	-1	-1	-1	-1	-1	-1	-1	-1	-1	-1	-1	-1	-1	-1	-1
NS22730R	2	1	11	2013	1	10	1987	35	3	-1	-1	1	1	-1	-1	-1	-1	-1	-1	-1	-1	-1	-1	-1	-1	-1
NS22731S	2	2	-1	-1	-1	-1	-1	-1	-1	-1	-1	-1	-1	-1	-1	-1	-1	-1	-1	-1	-1	-1	-1	-1	-1	-1
NS22732T	1	-1	-1	-1	-1	-1	-1	-1	3	-1	-1	1	1	-1	-1	-1	-1	-1	-1	-1	-1	-1	-1	-1	-1	-1
NS22734W	2	2	-1	-1	-1	-1	-1	-1	-1	-1	-1	-1	-1	-1	-1	-1	-1	-1	-1	-1	-1	-1	-1	-1	-1	-1
NS22739B	2	2	-1	-1	-1	-1	-1	-1	-1	-1	-1	-1	-1	-1	-1	-1	-1	-1	-1	-1	-1	-1	-1	-1	-1	-1
NS22741M	2	1	4	2017	1	12	1984	38	1	6	2021	1	1	-1	-1	-1	-1	-1	-1	-1	-1	8	2019	-1	-1	-1
NS22742N	2	1	10	2017	2	7	1989	33	3	-1	-1	1	1	-1	-1	-1	-1	-1	-1	-1	-1	-1	-1	-1	-1	-1
NS22744Q	2	2	-1	-1	-1	-1	-1	-1	-1	-1	-1	-1	-1	-1	-1	-1	-1	-1	-1	-1	-1	-1	-1	-1	-1	-1
NS22745R	2	1	10	2018	1	6	1972	50	3	-1	-1	1	1	-1	-1	-1	-1	-1	-1	-1	-1	-1	-1	-1	-1	-1
NS22748V	2	2	-1	-1	-1	-1	-1	-1	-1	-1	-1	-1	-1	-1	-1	-1	-1	-1	-1	-1	-1	-1	-1	-1	-1	-1
NS22749W	1	-1	-1	-1	-1	-1	-1	-1	3	-1	-1	2	-1	1	1	2	2	2	2	2	2	6	2019	-1	-1	-1
NS22749W	2	2	-1	-1	-1	-1	-1	-1	-1	-1	-1	-1	-1	-1	-1	-1	-1	-1	-1	-1	-1	-1	-1	-1	-1	-1
NS22752H	2	1	12	2020	2	12	1995	27	3	-1	-1	1	1	-1	-1	-1	-1	-1	-1	-1	-1	-1	-1	-1	-1	-1
NS22753J	2	1	3	2020	1	5	1991	31	3	-1	-1	1	1	-1	-1	-1	-1	-1	-1	-1	-1	-1	-1	-1	-1	-1
NS22757N	2	1	12	2010	1	4	1986	36	3	-1	-1	1	1	-1	-1	-1	-1	-1	-1	-1	-1	-1	-1	-1	-1	-1
NS22760A	2	2	-1	-1	-1	-1	-1	-1	-1	-1	-1	-1	-1	-1	-1	-1	-1	-1	-1	-1	-1	-1	-1	-1	-1	-1
NS22761B	1	-1	-1	-1	-1	-1	-1	-1	-1	-1	-1	1	1	-1	-1	-1	-1	-1	-1	-1	-1	-1	-1	-1	-1	-1
NS22762C	1	-1	-1	-1	-1	-1	-1	-1	1	7	2016	1	1	-1	-1	-1	-1	-1	-1	-1	-1	-1	-1	-1	-1	-1
NS22763D	2	1	6	2009	2	-8	-8	30	3	-1	-1	2	-1	1	1	1	1	2	2	2	2	6	2012	-1	-1	-1
NS22763D	3	2	-1	-1	-1	-1	-1	-1	-1	-1	-1	-1	-1	-1	-1	-1	-1	-1	-1	-1	-1	-1	-1	-1	-1	-1
NS22764E	1	-1	-1	-1	-1	-1	-1	-1	2	5	2016	1	1	-1	-1	-1	-1	-1	-1	-1	-1	-1	-1	-1	-1	-1
NS22765F	2	2	-1	-1	-1	-1	-1	-1	-1	-1	-1	-1	-1	-1	-1	-1	-1	-1	-1	-1	-1	-1	-1	-1	-1	-1
NS22766G	1	-1	-1	-1	-1	-1	-1	-1	1	5	2019	1	1	-1	-1	-1	-1	-1	-1	-1	-1	-1	-1	-1	-1	-1
NS22767H	1	-1	-1	-1	-1	-1	-1	-1	1	12	2018	1	1	-1	-1	-1	-1	-1	-1	-1	-1	-1	-1	-1	-1	-1
NS22768J	2	2	-1	-1	-1	-1	-1	-1	-1	-1	-1	-1	-1	-1	-1	-1	-1	-1	-1	-1	-1	-1	-1	-1	-1	-1
NS22769K	1	-1	-1	-1	-1	-1	-1	-1	1	8	2019	1	1	-1	-1	-1	-1	-1	-1	-1	-1	-1	-1	-1	-1	-1
NS22771W	1	-1	-1	-1	-1	-1	-1	-1	3	-1	-1	2	-1	1	1	2	2	2	2	2	2	9	2017	-1	-1	-1
NS22771W	2	1	1	2018	1	12	1987	34	3	-1	-1	1	1	-1	-1	-1	-1	-1	-1	-1	-1	-1	-1	-1	-1	-1
NS22772X	1	-1	-1	-1	-1	-1	-1	-1	3	-1	-1	2	-1	1	1	2	2	2	2	2	2	9	2019	-1	-1	-1
NS22772X	2	1	10	2021	2	5	1992	30	3	-1	-1	1	1	-1	-1	-1	-1	-1	-1	-1	-1	-1	-1	-1	-1	-1
NS22773Y	2	2	-1	-1	-1	-1	-1	-1	-1	-1	-1	-1	-1	-1	-1	-1	-1	-1	-1	-1	-1	-1	-1	-1	-1	-1
NS22774Z	2	1	3	2022	1	7	1984	38	3	-1	-1	2	-1	1	1	2	2	2	2	2	2	1	2023	-1	-1	-1
NS22774Z	3	2	-1	-1	-1	-1	-1	-1	-1	-1	-1	-1	-1	-1	-1	-1	-1	-1	-1	-1	-1	-1	-1	-1	-1	-1
NS22778D	1	-1	-1	-1	-1	-1	-1	-1	-1	-1	-1	1	1	-1	-1	-1	-1	-1	-1	-1	-1	-1	-1	-1	-1	-1
NS22780P	2	2	-1	-1	-1	-1	-1	-1	-1	-1	-1	-1	-1	-1	-1	-1	-1	-1	-1	-1	-1	-1	-1	-1	-1	-1
NS22782R	1	-1	-1	-1	-1	-1	-1	-1	-1	-1	-1	1	1	-1	-1	-1	-1	-1	-1	-1	-1	-1	-1	-1	-1	-1
NS22784T	1	-1	-1	-1	-1	-1	-1	-1	3	-1	-1	2	-1	1	1	2	2	2	2	2	2	10	2016	-1	-1	-1
NS22784T	2	2	-1	-1	-1	-1	-1	-1	-1	-1	-1	-1	-1	-1	-1	-1	-1	-1	-1	-1	-1	-1	-1	-1	-1	-1
NS22785V	1	-1	-1	-1	-1	-1	-1	-1	1	9	2016	1	1	-1	-1	-1	-1	-1	-1	-1	-1	-1	-1	-1	-1	-1
NS22786W	2	1	3	2020	1	12	1995	27	3	-1	-1	1	1	-1	-1	-1	-1	-1	-1	-1	-1	-1	-1	-1	-1	-1
NS22787X	2	2	-1	-1	-1	-1	-1	-1	-1	-1	-1	-1	-1	-1	-1	-1	-1	-1	-1	-1	-1	-1	-1	-1	-1	-1
NS22788Y	2	2	-1	-1	-1	-1	-1	-1	-1	-1	-1	-1	-1	-1	-1	-1	-1	-1	-1	-1	-1	-1	-1	-1	-1	-1
NS22790J	2	2	-1	-1	-1	-1	-1	-1	-1	-1	-1	-1	-1	-1	-1	-1	-1	-1	-1	-1	-1	-1	-1	-1	-1	-1
NS22793M	2	1	4	2018	1	4	1990	32	1	3	2022	1	1	-1	-1	-1	-1	-1	-1	-1	-1	-1	-1	-1	-1	-1
NS22794N	2	1	9	2022	1	8	1992	30	3	-1	-1	1	1	-1	-1	-1	-1	-1	-1	-1	-1	-1	-1	-1	-1	-1
NS22796Q	2	1	4	2016	2	8	1992	30	3	-1	-1	1	1	-1	-1	-1	-1	-1	-1	-1	-1	-1	-1	-1	-1	-1
NS22799T	2	1	10	2020	2	12	1989	32	3	-1	-1	1	2	-1	-1	-1	-1	-1	-1	-1	-1	10	2022	-1	-1	-1
NS22799T	3	2	-1	-1	-1	-1	-1	-1	-1	-1	-1	-1	-1	-1	-1	-1	-1	-1	-1	-1	-1	-1	-1	-1	-1	-1
NS22801L	2	1	1	2016	1	4	1988	34	1	9	2019	1	1	-1	-1	-1	-1	-1	-1	-1	-1	-1	-1	-1	-1	-1
NS22807S	2	2	-1	-1	-1	-1	-1	-1	-1	-1	-1	-1	-1	-1	-1	-1	-1	-1	-1	-1	-1	-1	-1	-1	-1	-1
NS22808T	2	2	-1	-1	-1	-1	-1	-1	-1	-1	-1	-1	-1	-1	-1	-1	-1	-1	-1	-1	-1	-1	-1	-1	-1	-1
NS22809V	2	1	1	2023	2	9	1985	37	3	-1	-1	1	1	-1	-1	-1	-1	-1	-1	-1	-1	-1	-1	-1	-1	-1
NS22810E	2	1	3	2020	1	12	1984	38	3	-1	-1	1	1	-1	-1	-1	-1	-1	-1	-1	-1	-1	-1	-1	-1	-1
NS22812G	2	1	7	2016	1	10	1982	40	3	-1	-1	2	-1	1	1	2	2	2	2	2	2	7	2017	-1	-1	-1
NS22812G	3	2	-1	-1	-1	-1	-1	-1	-1	-1	-1	-1	-1	-1	-1	-1	-1	-1	-1	-1	-1	-1	-1	-1	-1	-1
NS22815K	2	1	8	2010	2	5	1990	32	1	8	2019	1	1	-1	-1	-1	-1	-1	-1	-1	-1	-1	-1	-1	-1	-1
NS22818N	2	1	1	2020	2	7	1994	28	3	-1	-1	2	-1	1	2	2	2	2	1	2	2	6	2021	-1	-1	-1
NS22818N	3	2	-1	-1	-1	-1	-1	-1	-1	-1	-1	-1	-1	-1	-1	-1	-1	-1	-1	-1	-1	-1	-1	-1	-1	-1
NS22823C	1	-1	-1	-1	-1	-1	-1	-1	1	7	2019	1	1	-1	-1	-1	-1	-1	-1	-1	-1	-1	-1	-1	-1	-1
NS22825E	2	1	7	2022	2	9	1994	28	3	-1	-1	1	1	-1	-1	-1	-1	-1	-1	-1	-1	-1	-1	-1	-1	-1
NS22829J	2	1	3	2018	1	12	1992	30	3	-1	-1	1	1	-1	-1	-1	-1	-1	-1	-1	-1	-1	-1	-1	-1	-1
NS22830T	1	-1	-1	-1	-1	-1	-1	-1	1	5	2021	1	1	-1	-1	-1	-1	-1	-1	-1	-1	-1	-1	-1	-1	-1
NS22831V	2	1	8	2013	1	12	1990	31	1	7	2015	1	1	-1	-1	-1	-1	-1	-1	-1	-1	-1	-1	-1	-1	-1
NS22832W	2	1	11	2021	1	9	1966	55	3	-1	-1	1	1	-1	-1	-1	-1	-1	-1	-1	-1	-1	-1	-1	-1	-1
NS22835Z	2	1	8	2013	1	7	1989	33	1	8	2012	1	1	-1	-1	-1	-1	-1	-1	-1	-1	-1	-1	-1	-1	-1
NS22839D	2	1	11	2015	2	-8	-8	30	3	-1	-1	2	-1	1	1	2	2	2	2	2	2	4	2016	-1	-1	-1
NS22839D	3	2	-1	-1	-1	-1	-1	-1	-1	-1	-1	-1	-1	-1	-1	-1	-1	-1	-1	-1	-1	-1	-1	-1	-1	-1
NS22841P	2	2	-1	-1	-1	-1	-1	-1	-1	-1	-1	-1	-1	-1	-1	-1	-1	-1	-1	-1	-1	-1	-1	-1	-1	-1
NS22846V	2	1	3	2014	2	8	1988	34	1	1	2016	1	1	-1	-1	-1	-1	-1	-1	-1	-1	-1	-1	-1	-1	-1
NS22851J	1	-1	-1	-1	-1	-1	-1	-1	-1	-1	-1	1	1	-1	-1	-1	-1	-1	-1	-1	-1	-1	-1	-1	-1	-1
NS22852K	2	2	-1	-1	-1	-1	-1	-1	-1	-1	-1	-1	-1	-1	-1	-1	-1	-1	-1	-1	-1	-1	-1	-1	-1	-1
NS22853L	2	1	2	2017	1	2	1989	33	1	2	2017	1	1	-1	-1	-1	-1	-1	-1	-1	-1	-1	-1	-1	-1	-1
NS22856P	2	1	8	2019	2	9	1992	30	3	-1	-1	1	1	-1	-1	-1	-1	-1	-1	-1	-1	-1	-1	-1	-1	-1
NS22858R	2	1	5	2018	2	4	1991	31	3	-1	-1	2	-1	1	1	2	2	2	2	2	2	7	2019	-1	-1	-1
NS22858R	3	2	-1	-1	-1	-1	-1	-1	-1	-1	-1	-1	-1	-1	-1	-1	-1	-1	-1	-1	-1	-1	-1	-1	-1	-1
NS22859S	1	-1	-1	-1	-1	-1	-1	-1	3	-1	-1	2	-1	1	2	2	1	2	2	2	2	6	2017	-1	-1	-1
NS22859S	2	1	3	2019	1	3	1992	30	3	-1	-1	1	1	-1	-1	-1	-1	-1	-1	-1	-1	-1	-1	-1	-1	-1
NS22862E	2	1	9	2011	2	6	1990	31	1	9	2011	1	1	-1	-1	-1	-1	-1	-1	-1	-1	-1	-1	-1	-1	-1
NS22863F	2	1	12	2017	1	12	1989	33	1	6	2023	1	1	-1	-1	-1	-1	-1	-1	-1	-1	-1	-1	-1	-1	-1
NS22864G	1	-1	-1	-1	-1	-1	-1	-1	-1	-1	-1	1	1	-1	-1	-1	-1	-1	-1	-1	-1	-1	-1	-1	-1	-1
NS22865H	1	-1	-1	-1	-1	-1	-1	-1	3	-1	-1	1	1	-1	-1	-1	-1	-1	-1	-1	-1	-1	-1	-1	-1	-1
NS22867K	1	-1	-1	-1	-1	-1	-1	-1	-1	-1	-1	1	1	-1	-1	-1	-1	-1	-1	-1	-1	-1	-1	-1	-1	-1
NS22868L	1	-1	-1	-1	-1	-1	-1	-1	-1	-1	-1	1	1	-1	-1	-1	-1	-1	-1	-1	-1	-1	-1	-1	-1	-1
NS22870X	1	-1	-1	-1	-1	-1	-1	-1	3	-1	-1	1	1	-1	-1	-1	-1	-1	-1	-1	-1	-1	-1	-1	-1	-1
NS22871Y	1	-1	-1	-1	-1	-1	-1	-1	-1	-1	-1	1	1	-1	-1	-1	-1	-1	-1	-1	-1	-1	-1	-1	-1	-1
NS22874B	2	1	8	2011	1	8	1985	36	1	8	2018	1	1	-1	-1	-1	-1	-1	-1	-1	-1	-1	-1	-1	-1	-1
NS22875C	2	1	4	2014	2	8	1988	34	1	7	2014	1	1	-1	-1	-1	-1	-1	-1	-1	-1	-1	-1	-1	-1	-1
NS22876D	1	-1	-1	-1	-1	-1	-1	-1	-1	-1	-1	1	1	-1	-1	-1	-1	-1	-1	-1	-1	-1	-1	-1	-1	-1
NS22880R	1	-1	-1	-1	-1	-1	-1	-1	-1	-1	-1	1	1	-1	-1	-1	-1	-1	-1	-1	-1	-1	-1	-1	-1	-1
NS22882T	2	1	10	2019	2	-9	-9	29	3	-1	-1	2	-1	1	2	2	2	2	2	2	1	1	2021	-1	-1	-1
NS22882T	3	2	-1	-1	-1	-1	-1	-1	-1	-1	-1	-1	-1	-1	-1	-1	-1	-1	-1	-1	-1	-1	-1	-1	-1	-1
NS22884W	2	1	6	2019	2	6	1985	37	1	7	2021	1	1	-1	-1	-1	-1	-1	-1	-1	-1	-1	-1	-1	-1	-1
NS22887Z	2	2	-1	-1	-1	-1	-1	-1	-1	-1	-1	-1	-1	-1	-1	-1	-1	-1	-1	-1	-1	-1	-1	-1	-1	-1
NS22888A	2	1	8	2018	2	8	1990	32	1	8	2018	1	1	-1	-1	-1	-1	-1	-1	-1	-1	-1	-1	-1	-1	-1
NS22892N	1	-1	-1	-1	-1	-1	-1	-1	3	-1	-1	1	1	-1	-1	-1	-1	-1	-1	-1	-1	-1	-1	-1	-1	-1
NS22893P	2	2	-1	-1	-1	-1	-1	-1	-1	-1	-1	-1	-1	-1	-1	-1	-1	-1	-1	-1	-1	-1	-1	-1	-1	-1
NS22894Q	2	1	4	2019	1	-9	1988	34	1	12	2018	1	1	-1	-1	-1	-1	-1	-1	-1	-1	-1	-1	-1	-1	-1
NS22895R	2	1	12	2019	2	4	1988	35	3	-1	-1	1	1	-1	-1	-1	-1	-1	-1	-1	-1	-1	-1	-1	-1	-1
NS22898V	2	2	-1	-1	-1	-1	-1	-1	-1	-1	-1	-1	-1	-1	-1	-1	-1	-1	-1	-1	-1	-1	-1	-1	-1	-1
NS22901N	2	1	8	2021	2	1	1985	38	1	7	2021	1	1	-1	-1	-1	-1	-1	-1	-1	-1	-1	-1	-1	-1	-1
NS22902P	1	-1	-1	-1	-1	-1	-1	-1	-1	-1	-1	2	-1	2	-1	-1	-1	-1	-1	-1	-1	9	2021	2	-1	-1
NS22902P	2	2	-1	-1	-1	-1	-1	-1	-1	-1	-1	-1	-1	-1	-1	-1	-1	-1	-1	-1	-1	-1	-1	-1	-1	-1
NS22903Q	2	2	-1	-1	-1	-1	-1	-1	-1	-1	-1	-1	-1	-1	-1	-1	-1	-1	-1	-1	-1	-1	-1	-1	-1	-1
NS22904R	1	-1	-1	-1	-1	-1	-1	-1	3	-1	-1	2	-1	2	-1	-1	-1	-1	-1	-1	-1	4	2017	-1	-1	-1
NS22904R	2	2	-1	-1	-1	-1	-1	-1	-1	-1	-1	-1	-1	-1	-1	-1	-1	-1	-1	-1	-1	-1	-1	-1	-1	-1
NS22905S	2	2	-1	-1	-1	-1	-1	-1	-1	-1	-1	-1	-1	-1	-1	-1	-1	-1	-1	-1	-1	-1	-1	-1	-1	-1
NS22907V	1	-1	-1	-1	-1	-1	-1	-1	3	-1	-1	1	1	-1	-1	-1	-1	-1	-1	-1	-1	-1	-1	-1	-1	-1
NS22908W	2	1	11	2019	2	2	1986	37	3	-1	-1	1	1	-1	-1	-1	-1	-1	-1	-1	-1	-1	-1	-1	-1	-1
NS22912J	2	2	-1	-1	-1	-1	-1	-1	-1	-1	-1	-1	-1	-1	-1	-1	-1	-1	-1	-1	-1	-1	-1	-1	-1	-1
NS22916N	2	1	7	2016	2	10	1992	30	3	-1	-1	2	-1	1	2	2	2	2	2	2	1	1	2017	-1	-1	-1
NS22916N	3	1	9	2020	2	9	1986	36	3	-1	-1	2	-1	1	2	2	2	2	2	2	1	9	2021	-1	-1	-1
NS22916N	4	2	-1	-1	-1	-1	-1	-1	-1	-1	-1	-1	-1	-1	-1	-1	-1	-1	-1	-1	-1	-1	-1	-1	-1	-1
NS22917P	1	-1	-1	-1	-1	-1	-1	-1	3	-1	-1	1	1	-1	-1	-1	-1	-1	-1	-1	-1	-1	-1	-1	-1	-1
NS22920B	2	1	7	2019	1	6	1990	32	3	-1	-1	1	1	-1	-1	-1	-1	-1	-1	-1	-1	-1	-1	-1	-1	-1
NS22925G	2	2	-1	-1	-1	-1	-1	-1	-1	-1	-1	-1	-1	-1	-1	-1	-1	-1	-1	-1	-1	-1	-1	-1	-1	-1
NS22927J	2	1	10	2011	1	11	1984	37	1	12	2020	1	1	-1	-1	-1	-1	-1	-1	-1	-1	-1	-1	-1	-1	-1
NS22928K	2	2	-1	-1	-1	-1	-1	-1	-1	-1	-1	-1	-1	-1	-1	-1	-1	-1	-1	-1	-1	-1	-1	-1	-1	-1
NS22929L	2	1	9	2020	2	4	1990	32	3	-1	-1	1	1	-1	-1	-1	-1	-1	-1	-1	-1	-1	-1	-1	-1	-1
NS22934A	2	1	3	2018	1	3	1994	29	3	-1	-1	1	1	-1	-1	-1	-1	-1	-1	-1	-1	-1	-1	-1	-1	-1
NS22935B	1	-1	-1	-1	-1	-1	-1	-1	1	8	2021	1	1	-1	-1	-1	-1	-1	-1	-1	-1	-1	-1	-1	-1	-1
NS22936C	1	-1	-1	-1	-1	-1	-1	-1	-1	-1	-1	1	1	-1	-1	-1	-1	-1	-1	-1	-1	-1	-1	-1	-1	-1
NS22937D	2	2	-1	-1	-1	-1	-1	-1	-1	-1	-1	-1	-1	-1	-1	-1	-1	-1	-1	-1	-1	-1	-1	-1	-1	-1
NS22938E	2	1	-8	2021	2	6	1995	26	3	-1	-1	2	-1	1	1	2	2	2	2	2	2	8	2021	-1	-1	-1
NS22938E	3	2	-1	-1	-1	-1	-1	-1	-1	-1	-1	-1	-1	-1	-1	-1	-1	-1	-1	-1	-1	-1	-1	-1	-1	-1
NS22939F	2	2	-1	-1	-1	-1	-1	-1	-1	-1	-1	-1	-1	-1	-1	-1	-1	-1	-1	-1	-1	-1	-1	-1	-1	-1
NS22940Q	1	-1	-1	-1	-1	-1	-1	-1	3	-1	-1	2	-1	1	1	2	2	2	2	2	2	7	2016	-1	-1	-1
NS22940Q	2	2	-1	-1	-1	-1	-1	-1	-1	-1	-1	-1	-1	-1	-1	-1	-1	-1	-1	-1	-1	-1	-1	-1	-1	-1
NS22943T	1	-1	-1	-1	-1	-1	-1	-1	-1	-1	-1	2	-1	2	-1	-1	-1	-1	-1	-1	-1	1	2018	2	-1	-1
NS22943T	2	2	-1	-1	-1	-1	-1	-1	-1	-1	-1	-1	-1	-1	-1	-1	-1	-1	-1	-1	-1	-1	-1	-1	-1	-1
NS22945W	2	1	12	2018	1	9	1976	46	3	-1	-1	1	1	-1	-1	-1	-1	-1	-1	-1	-1	-1	-1	-1	-1	-1
NS22947Y	2	2	-1	-1	-1	-1	-1	-1	-1	-1	-1	-1	-1	-1	-1	-1	-1	-1	-1	-1	-1	-1	-1	-1	-1	-1
NS22949A	2	2	-1	-1	-1	-1	-1	-1	-1	-1	-1	-1	-1	-1	-1	-1	-1	-1	-1	-1	-1	-1	-1	-1	-1	-1
NS22950K	1	-1	-1	-1	-1	-1	-1	-1	-1	-1	-1	1	1	-1	-1	-1	-1	-1	-1	-1	-1	-1	-1	-1	-1	-1
NS22952M	2	1	9	2013	2	3	1990	32	3	-1	-1	1	1	-1	-1	-1	-1	-1	-1	-1	-1	-1	-1	-1	-1	-1
NS22958T	1	-1	-1	-1	-1	-1	-1	-1	1	10	2017	2	-1	1	2	2	2	2	1	2	2	5	2019	1	8	2020
NS22958T	2	1	9	2020	2	9	1993	29	3	-1	-1	2	-1	1	1	2	2	2	2	2	2	7	2022	-1	-1	-1
NS22958T	3	2	-1	-1	-1	-1	-1	-1	-1	-1	-1	-1	-1	-1	-1	-1	-1	-1	-1	-1	-1	-1	-1	-1	-1	-1
NS22961F	2	1	3	2017	1	10	1989	33	3	-1	-1	1	1	-1	-1	-1	-1	-1	-1	-1	-1	-1	-1	-1	-1	-1
NS22964J	1	-1	-1	-1	-1	-1	-1	-1	1	7	2017	2	-1	1	1	2	2	2	2	2	2	2	2020	1	8	2021
NS22964J	2	1	5	2020	1	7	1983	39	3	-1	-1	1	1	-1	-1	-1	-1	-1	-1	-1	-1	-1	-1	-1	-1	-1
NS22969P	1	-1	-1	-1	-1	-1	-1	-1	-1	-1	-1	1	1	-1	-1	-1	-1	-1	-1	-1	-1	-1	-1	-1	-1	-1
NS22970Z	1	-1	-1	-1	-1	-1	-1	-1	-1	-1	-1	1	1	-1	-1	-1	-1	-1	-1	-1	-1	-1	-1	-1	-1	-1
NS22971A	1	-1	-1	-1	-1	-1	-1	-1	-1	-1	-1	1	1	-1	-1	-1	-1	-1	-1	-1	-1	-1	-1	-1	-1	-1
NS22973C	2	1	8	2017	2	6	1995	27	1	8	2017	1	1	-1	-1	-1	-1	-1	-1	-1	-1	-1	-1	-1	-1	-1
NS22974D	2	1	12	2014	1	1	1985	38	3	-1	-1	1	1	-1	-1	-1	-1	-1	-1	-1	-1	-1	-1	-1	-1	-1
NS22977G	2	1	12	2019	1	5	1991	31	1	12	2019	1	1	-1	-1	-1	-1	-1	-1	-1	-1	-1	-1	-1	-1	-1
NS22978H	2	1	5	2014	2	8	1992	30	3	-1	-1	2	-1	1	2	2	2	2	1	2	2	3	2015	-1	-1	-1
NS22978H	3	1	9	2015	2	5	1991	31	3	-1	-1	2	-1	1	1	2	2	2	1	2	2	11	2020	-1	-1	-1
NS22978H	4	2	-1	-1	-1	-1	-1	-1	-1	-1	-1	-1	-1	-1	-1	-1	-1	-1	-1	-1	-1	-1	-1	-1	-1	-1
NS22982W	1	-1	-1	-1	-1	-1	-1	-1	1	10	2021	1	1	-1	-1	-1	-1	-1	-1	-1	-1	-1	-1	-1	-1	-1
NS22984Y	2	2	-1	-1	-1	-1	-1	-1	-1	-1	-1	-1	-1	-1	-1	-1	-1	-1	-1	-1	-1	-1	-1	-1	-1	-1
NS22988C	2	1	7	2022	2	10	1994	28	1	7	2022	1	1	-1	-1	-1	-1	-1	-1	-1	-1	-1	-1	-1	-1	-1
NS22990N	2	2	-1	-1	-1	-1	-1	-1	-1	-1	-1	-1	-1	-1	-1	-1	-1	-1	-1	-1	-1	-1	-1	-1	-1	-1
NS22991P	2	2	-1	-1	-1	-1	-1	-1	-1	-1	-1	-1	-1	-1	-1	-1	-1	-1	-1	-1	-1	-1	-1	-1	-1	-1
NS22992Q	2	1	12	2011	1	-9	-9	33	3	-1	-1	2	-1	1	1	2	2	2	2	2	2	4	2015	-1	-1	-1
NS22992Q	3	2	-1	-1	-1	-1	-1	-1	-1	-1	-1	-1	-1	-1	-1	-1	-1	-1	-1	-1	-1	-1	-1	-1	-1	-1
NS22994S	1	-1	-1	-1	-1	-1	-1	-1	3	-1	-1	2	-1	1	2	2	2	2	1	2	2	5	2016	-1	-1	-1
NS22994S	2	2	-1	-1	-1	-1	-1	-1	-1	-1	-1	-1	-1	-1	-1	-1	-1	-1	-1	-1	-1	-1	-1	-1	-1	-1
NS22996V	1	-1	-1	-1	-1	-1	-1	-1	3	-1	-1	2	-1	1	1	2	2	1	2	2	2	9	2020	-1	-1	-1
NS22996V	2	2	-1	-1	-1	-1	-1	-1	-1	-1	-1	-1	-1	-1	-1	-1	-1	-1	-1	-1	-1	-1	-1	-1	-1	-1
NS22998X	2	1	2	2018	1	1	1991	32	3	-1	-1	1	1	-1	-1	-1	-1	-1	-1	-1	-1	-1	-1	-1	-1	-1
NS23002Q	2	2	-1	-1	-1	-1	-1	-1	-1	-1	-1	-1	-1	-1	-1	-1	-1	-1	-1	-1	-1	-1	-1	-1	-1	-1
NS23003R	2	2	-1	-1	-1	-1	-1	-1	-1	-1	-1	-1	-1	-1	-1	-1	-1	-1	-1	-1	-1	-1	-1	-1	-1	-1
NS23005T	2	2	-1	-1	-1	-1	-1	-1	-1	-1	-1	-1	-1	-1	-1	-1	-1	-1	-1	-1	-1	-1	-1	-1	-1	-1
NS23006V	2	2	-1	-1	-1	-1	-1	-1	-1	-1	-1	-1	-1	-1	-1	-1	-1	-1	-1	-1	-1	-1	-1	-1	-1	-1
NS23007W	2	1	9	2018	1	11	1992	30	1	10	2020	1	1	-1	-1	-1	-1	-1	-1	-1	-1	-1	-1	-1	-1	-1
NS23010H	2	2	-1	-1	-1	-1	-1	-1	-1	-1	-1	-1	-1	-1	-1	-1	-1	-1	-1	-1	-1	-1	-1	-1	-1	-1
NS23011J	1	-1	-1	-1	-1	-1	-1	-1	1	8	2021	1	1	-1	-1	-1	-1	-1	-1	-1	-1	-1	-1	-1	-1	-1
NS23012K	1	-1	-1	-1	-1	-1	-1	-1	3	-1	-1	2	-1	1	1	2	2	2	2	2	2	3	2017	-1	-1	-1
NS23012K	2	1	12	2017	2	11	1997	25	3	-1	-1	1	1	-1	-1	-1	-1	-1	-1	-1	-1	-1	-1	-1	-1	-1
NS23013L	2	1	12	2012	1	7	1990	32	1	8	2018	1	1	-1	-1	-1	-1	-1	-1	-1	-1	-1	-1	-1	-1	-1
NS23019S	1	-1	-1	-1	-1	-1	-1	-1	1	2	2018	1	1	-1	-1	-1	-1	-1	-1	-1	-1	-1	-1	-1	-1	-1
NS23024G	2	2	-1	-1	-1	-1	-1	-1	-1	-1	-1	-1	-1	-1	-1	-1	-1	-1	-1	-1	-1	-1	-1	-1	-1	-1
NS23025H	1	-1	-1	-1	-1	-1	-1	-1	1	8	2016	1	1	-1	-1	-1	-1	-1	-1	-1	-1	-1	-1	-1	-1	-1
NS23028L	2	1	9	2017	1	7	-8	52	3	-1	-1	2	-1	1	1	2	2	2	2	2	2	11	2017	-1	-1	-1
NS23028L	3	1	12	2021	1	6	2000	22	3	-1	-1	1	-8	-1	-1	-1	-1	-1	-1	-1	-1	-1	-1	-1	-1	-1
NS23028L	4	2	-1	-1	-1	-1	-1	-1	-1	-1	-1	-1	-1	-1	-1	-1	-1	-1	-1	-1	-1	-1	-1	-1	-1	-1
NS23031Y	2	1	11	2014	1	11	1992	29	3	-1	-1	1	1	-1	-1	-1	-1	-1	-1	-1	-1	-1	-1	-1	-1	-1
NS23032Z	1	-1	-1	-1	-1	-1	-1	-1	3	-1	-1	1	1	-1	-1	-1	-1	-1	-1	-1	-1	-1	-1	-1	-1	-1
NS23034B	2	1	5	2017	1	3	1974	48	1	9	2019	1	1	-1	-1	-1	-1	-1	-1	-1	-1	-1	-1	-1	-1	-1
NS23036D	1	-1	-1	-1	-1	-1	-1	-1	3	-1	-1	1	1	-1	-1	-1	-1	-1	-1	-1	-1	-1	-1	-1	-1	-1
NS23039G	2	2	-1	-1	-1	-1	-1	-1	-1	-1	-1	-1	-1	-1	-1	-1	-1	-1	-1	-1	-1	-1	-1	-1	-1	-1
NS23040R	2	2	-1	-1	-1	-1	-1	-1	-1	-1	-1	-1	-1	-1	-1	-1	-1	-1	-1	-1	-1	-1	-1	-1	-1	-1
NS23041S	2	2	-1	-1	-1	-1	-1	-1	-1	-1	-1	-1	-1	-1	-1	-1	-1	-1	-1	-1	-1	-1	-1	-1	-1	-1
NS23043V	2	2	-1	-1	-1	-1	-1	-1	-1	-1	-1	-1	-1	-1	-1	-1	-1	-1	-1	-1	-1	-1	-1	-1	-1	-1
NS23047Z	2	1	8	2009	1	6	1988	34	3	-1	-1	2	-1	1	1	1	1	1	1	2	2	6	2011	-1	-1	-1
NS23047Z	3	2	-1	-1	-1	-1	-1	-1	-1	-1	-1	-1	-1	-1	-1	-1	-1	-1	-1	-1	-1	-1	-1	-1	-1	-1
NS23048A	1	-1	-1	-1	-1	-1	-1	-1	3	-1	-1	1	1	-1	-1	-1	-1	-1	-1	-1	-1	-1	-1	-1	-1	-1
NS23049B	2	1	6	2020	2	11	1993	29	3	-1	-1	1	1	-1	-1	-1	-1	-1	-1	-1	-1	-1	-1	-1	-1	-1
NS23055R	2	2	-1	-1	-1	-1	-1	-1	-1	-1	-1	-1	-1	-1	-1	-1	-1	-1	-1	-1	-1	-1	-1	-1	-1	-1
NS23056S	2	1	12	2018	2	6	1992	30	1	7	2021	1	1	-1	-1	-1	-1	-1	-1	-1	-1	-1	-1	-1	-1	-1
NS23057T	2	1	1	2019	2	3	1994	28	3	-1	-1	1	1	-1	-1	-1	-1	-1	-1	-1	-1	-1	-1	-1	-1	-1
NS23058V	1	-1	-1	-1	-1	-1	-1	-1	-1	-1	-1	1	1	-1	-1	-1	-1	-1	-1	-1	-1	-1	-1	-1	-1	-1
NS23059W	2	2	-1	-1	-1	-1	-1	-1	-1	-1	-1	-1	-1	-1	-1	-1	-1	-1	-1	-1	-1	-1	-1	-1	-1	-1
NS23060F	2	1	-8	-8	2	-9	-9	29	3	-1	-1	1	1	-1	-1	-1	-1	-1	-1	-1	-1	-1	-1	-1	-1	-1
NS23062H	2	1	4	2015	2	9	1989	33	1	9	2020	1	1	-1	-1	-1	-1	-1	-1	-1	-1	-1	-1	-1	-1	-1
NS23067N	2	1	7	2017	1	11	1987	34	1	7	2017	1	1	-1	-1	-1	-1	-1	-1	-1	-1	-1	-1	-1	-1	-1
NS23068P	2	1	5	2016	1	10	1982	39	3	-1	-1	2	-1	1	1	1	2	2	2	2	2	4	2020	-1	-1	-1
NS23068P	3	2	-1	-1	-1	-1	-1	-1	-1	-1	-1	-1	-1	-1	-1	-1	-1	-1	-1	-1	-1	-1	-1	-1	-1	-1
NS23071B	1	-1	-1	-1	-1	-1	-1	-1	-1	-1	-1	1	1	-1	-1	-1	-1	-1	-1	-1	-1	-1	-1	-1	-1	-1
NS23073D	2	1	7	2015	1	12	1989	32	3	-1	-1	1	1	-1	-1	-1	-1	-1	-1	-1	-1	-1	-1	-1	-1	-1
NS23075F	2	2	-1	-1	-1	-1	-1	-1	-1	-1	-1	-1	-1	-1	-1	-1	-1	-1	-1	-1	-1	-1	-1	-1	-1	-1
NS23076G	1	-1	-1	-1	-1	-1	-1	-1	1	6	2017	1	1	-1	-1	-1	-1	-1	-1	-1	-1	-1	-1	-1	-1	-1
NS23078J	2	2	-1	-1	-1	-1	-1	-1	-1	-1	-1	-1	-1	-1	-1	-1	-1	-1	-1	-1	-1	-1	-1	-1	-1	-1
NS23079K	2	2	-1	-1	-1	-1	-1	-1	-1	-1	-1	-1	-1	-1	-1	-1	-1	-1	-1	-1	-1	-1	-1	-1	-1	-1
NS23082X	2	1	12	2015	2	4	1991	31	1	12	2017	1	1	-1	-1	-1	-1	-1	-1	-1	-1	-1	-1	-1	-1	-1
NS23083Y	2	2	-1	-1	-1	-1	-1	-1	-1	-1	-1	-1	-1	-1	-1	-1	-1	-1	-1	-1	-1	-1	-1	-1	-1	-1
NS23084Z	2	2	-1	-1	-1	-1	-1	-1	-1	-1	-1	-1	-1	-1	-1	-1	-1	-1	-1	-1	-1	-1	-1	-1	-1	-1
NS23085A	2	1	4	2017	1	8	1985	36	1	2	2019	1	1	-1	-1	-1	-1	-1	-1	-1	-1	-1	-1	-1	-1	-1
NS23086B	2	2	-1	-1	-1	-1	-1	-1	-1	-1	-1	-1	-1	-1	-1	-1	-1	-1	-1	-1	-1	-1	-1	-1	-1	-1
NS23087C	2	2	-1	-1	-1	-1	-1	-1	-1	-1	-1	-1	-1	-1	-1	-1	-1	-1	-1	-1	-1	-1	-1	-1	-1	-1
NS23088D	2	1	11	2016	1	-9	-9	-9	1	-9	-9	1	1	-1	-1	-1	-1	-1	-1	-1	-1	-1	-1	-1	-1	-1
NS23089E	2	2	-1	-1	-1	-1	-1	-1	-1	-1	-1	-1	-1	-1	-1	-1	-1	-1	-1	-1	-1	-1	-1	-1	-1	-1
NS23090P	2	1	4	2022	2	10	1989	33	3	-1	-1	1	1	-1	-1	-1	-1	-1	-1	-1	-1	-1	-1	-1	-1	-1
NS23092R	2	1	9	2016	2	4	1990	32	3	-1	-1	2	-1	2	-1	-1	-1	-1	-1	-1	-1	5	2018	-1	-1	-1
NS23092R	3	2	-1	-1	-1	-1	-1	-1	-1	-1	-1	-1	-1	-1	-1	-1	-1	-1	-1	-1	-1	-1	-1	-1	-1	-1
NS23094T	2	1	7	2015	2	2	1992	31	3	-1	-1	2	-1	1	1	2	2	2	2	2	2	7	2018	-1	-1	-1
NS23094T	3	2	-1	-1	-1	-1	-1	-1	-1	-1	-1	-1	-1	-1	-1	-1	-1	-1	-1	-1	-1	-1	-1	-1	-1	-1
NS23096W	1	-1	-1	-1	-1	-1	-1	-1	1	7	2021	1	1	-1	-1	-1	-1	-1	-1	-1	-1	-1	-1	-1	-1	-1
NS23097X	2	1	6	2018	2	11	1986	36	3	-1	-1	2	-1	1	1	2	2	2	2	2	2	1	2023	-1	-1	-1
NS23097X	3	2	-1	-1	-1	-1	-1	-1	-1	-1	-1	-1	-1	-1	-1	-1	-1	-1	-1	-1	-1	-1	-1	-1	-1	-1
NS23098Y	1	-1	-1	-1	-1	-1	-1	-1	1	6	2021	1	1	-1	-1	-1	-1	-1	-1	-1	-1	-1	-1	-1	-1	-1
NS23100Q	1	-1	-1	-1	-1	-1	-1	-1	-1	-1	-1	1	1	-1	-1	-1	-1	-1	-1	-1	-1	-1	-1	-1	-1	-1
NS23101R	2	2	-1	-1	-1	-1	-1	-1	-1	-1	-1	-1	-1	-1	-1	-1	-1	-1	-1	-1	-1	-1	-1	-1	-1	-1
NS23103T	2	1	9	2016	1	7	1986	36	1	1	2019	1	1	-1	-1	-1	-1	-1	-1	-1	-1	-1	-1	-1	-1	-1
NS23107Y	2	2	-1	-1	-1	-1	-1	-1	-1	-1	-1	-1	-1	-1	-1	-1	-1	-1	-1	-1	-1	-1	-1	-1	-1	-1
NS23109A	2	2	-1	-1	-1	-1	-1	-1	-1	-1	-1	-1	-1	-1	-1	-1	-1	-1	-1	-1	-1	-1	-1	-1	-1	-1
NS23110K	2	2	-1	-1	-1	-1	-1	-1	-1	-1	-1	-1	-1	-1	-1	-1	-1	-1	-1	-1	-1	-1	-1	-1	-1	-1
NS23113N	2	1	10	2017	1	7	1992	30	3	-1	-1	2	-1	1	1	2	2	2	2	2	2	12	2020	-1	-1	-1
NS23113N	3	2	-1	-1	-1	-1	-1	-1	-1	-1	-1	-1	-1	-1	-1	-1	-1	-1	-1	-1	-1	-1	-1	-1	-1	-1
NS23115Q	1	-1	-1	-1	-1	-1	-1	-1	-1	-1	-1	1	1	-1	-1	-1	-1	-1	-1	-1	-1	-1	-1	-1	-1	-1
NS23118T	1	-1	-1	-1	-1	-1	-1	-1	-1	-1	-1	1	1	-1	-1	-1	-1	-1	-1	-1	-1	-1	-1	-1	-1	-1
NS23121F	2	1	11	2017	1	11	1991	30	3	-1	-1	2	-1	1	1	2	2	2	2	2	2	12	2021	-1	-1	-1
NS23121F	3	2	-1	-1	-1	-1	-1	-1	-1	-1	-1	-1	-1	-1	-1	-1	-1	-1	-1	-1	-1	-1	-1	-1	-1	-1
NS23123H	2	2	-1	-1	-1	-1	-1	-1	-1	-1	-1	-1	-1	-1	-1	-1	-1	-1	-1	-1	-1	-1	-1	-1	-1	-1
NS23125K	2	2	-1	-1	-1	-1	-1	-1	-1	-1	-1	-1	-1	-1	-1	-1	-1	-1	-1	-1	-1	-1	-1	-1	-1	-1
NS23130Z	2	2	-1	-1	-1	-1	-1	-1	-1	-1	-1	-1	-1	-1	-1	-1	-1	-1	-1	-1	-1	-1	-1	-1	-1	-1
NS23133C	2	1	3	2020	1	2	1990	33	3	-1	-1	1	1	-1	-1	-1	-1	-1	-1	-1	-1	-1	-1	-1	-1	-1
NS23134D	2	2	-1	-1	-1	-1	-1	-1	-1	-1	-1	-1	-1	-1	-1	-1	-1	-1	-1	-1	-1	-1	-1	-1	-1	-1
NS23138H	2	1	1	2020	1	-8	-8	-9	3	-1	-1	2	-1	2	-1	-1	-1	-1	-1	-1	-1	1	2021	-1	-1	-1
NS23138H	3	2	-1	-1	-1	-1	-1	-1	-1	-1	-1	-1	-1	-1	-1	-1	-1	-1	-1	-1	-1	-1	-1	-1	-1	-1
NS23140T	2	2	-1	-1	-1	-1	-1	-1	-1	-1	-1	-1	-1	-1	-1	-1	-1	-1	-1	-1	-1	-1	-1	-1	-1	-1
NS23143X	2	1	4	2016	2	12	1995	27	1	4	2018	1	1	-1	-1	-1	-1	-1	-1	-1	-1	-1	-1	-1	-1	-1
NS23145Z	1	-1	-1	-1	-1	-1	-1	-1	3	-1	-1	1	1	-1	-1	-1	-1	-1	-1	-1	-1	-1	-1	-1	-1	-1
NS23146A	2	2	-1	-1	-1	-1	-1	-1	-1	-1	-1	-1	-1	-1	-1	-1	-1	-1	-1	-1	-1	-1	-1	-1	-1	-1
NS23150N	2	2	-1	-1	-1	-1	-1	-1	-1	-1	-1	-1	-1	-1	-1	-1	-1	-1	-1	-1	-1	-1	-1	-1	-1	-1
NS23151P	1	-1	-1	-1	-1	-1	-1	-1	1	12	2017	1	1	-1	-1	-1	-1	-1	-1	-1	-1	-1	-1	-1	-1	-1
NS23153R	2	2	-1	-1	-1	-1	-1	-1	-1	-1	-1	-1	-1	-1	-1	-1	-1	-1	-1	-1	-1	-1	-1	-1	-1	-1
NS23154S	1	-1	-1	-1	-1	-1	-1	-1	1	9	2018	2	-1	1	1	2	2	2	2	2	2	5	2019	1	6	2021
NS23154S	2	1	9	2021	2	12	1996	26	3	-1	-1	1	1	-1	-1	-1	-1	-1	-1	-1	-1	-1	-1	-1	-1	-1
NS23156V	2	2	-1	-1	-1	-1	-1	-1	-1	-1	-1	-1	-1	-1	-1	-1	-1	-1	-1	-1	-1	-1	-1	-1	-1	-1
NS23158X	1	-1	-1	-1	-1	-1	-1	-1	3	-1	-1	2	-1	1	2	2	2	2	1	2	2	7	2017	-1	-1	-1
NS23158X	2	2	-1	-1	-1	-1	-1	-1	-1	-1	-1	-1	-1	-1	-1	-1	-1	-1	-1	-1	-1	-1	-1	-1	-1	-1
NS23161J	2	1	3	2017	1	11	1988	34	3	-1	-1	2	-1	1	1	2	2	2	2	2	2	11	2018	-1	-1	-1
NS23161J	3	2	-1	-1	-1	-1	-1	-1	-1	-1	-1	-1	-1	-1	-1	-1	-1	-1	-1	-1	-1	-1	-1	-1	-1	-1
NS23163L	2	1	12	2016	1	7	1990	32	3	-1	-1	1	1	-1	-1	-1	-1	-1	-1	-1	-1	-1	-1	-1	-1	-1
NS23164M	1	-1	-1	-1	-1	-1	-1	-1	3	-1	-1	1	1	-1	-1	-1	-1	-1	-1	-1	-1	-1	-1	-1	-1	-1
NS23169S	1	-1	-1	-1	-1	-1	-1	-1	-1	-1	-1	1	1	-1	-1	-1	-1	-1	-1	-1	-1	-1	-1	-1	-1	-1
NS23171D	2	2	-1	-1	-1	-1	-1	-1	-1	-1	-1	-1	-1	-1	-1	-1	-1	-1	-1	-1	-1	-1	-1	-1	-1	-1
NS23172E	2	1	10	2013	1	8	1990	32	1	12	2017	1	1	-1	-1	-1	-1	-1	-1	-1	-1	-1	-1	-1	-1	-1
NS23173F	1	-1	-1	-1	-1	-1	-1	-1	3	-1	-1	2	-1	1	1	2	2	2	2	2	2	12	2019	-1	-1	-1
NS23173F	2	1	3	2020	2	5	1990	32	3	-1	-1	1	1	-1	-1	-1	-1	-1	-1	-1	-1	-1	-1	-1	-1	-1
NS23175H	2	1	11	2014	1	4	1991	31	3	-1	-1	2	-1	1	2	2	2	2	1	2	2	1	2018	-1	-1	-1
NS23175H	3	2	-1	-1	-1	-1	-1	-1	-1	-1	-1	-1	-1	-1	-1	-1	-1	-1	-1	-1	-1	-1	-1	-1	-1	-1
NS23176J	2	2	-1	-1	-1	-1	-1	-1	-1	-1	-1	-1	-1	-1	-1	-1	-1	-1	-1	-1	-1	-1	-1	-1	-1	-1
NS23177K	2	1	7	2019	1	9	1986	36	1	7	2019	1	1	-1	-1	-1	-1	-1	-1	-1	-1	-1	-1	-1	-1	-1
NS23180X	2	1	8	2017	1	10	1989	33	3	-1	-1	1	1	-1	-1	-1	-1	-1	-1	-1	-1	-1	-1	-1	-1	-1
NS23183A	2	2	-1	-1	-1	-1	-1	-1	-1	-1	-1	-1	-1	-1	-1	-1	-1	-1	-1	-1	-1	-1	-1	-1	-1	-1
NS23185C	2	1	5	2018	2	6	1993	29	3	-1	-1	2	-1	1	1	2	2	1	2	2	2	3	2022	-1	-1	-1
NS23185C	3	2	-1	-1	-1	-1	-1	-1	-1	-1	-1	-1	-1	-1	-1	-1	-1	-1	-1	-1	-1	-1	-1	-1	-1	-1
NS23189G	2	1	3	2017	1	10	1991	31	3	-1	-1	1	1	-1	-1	-1	-1	-1	-1	-1	-1	-1	-1	-1	-1	-1
NS23192T	2	1	7	2017	1	2	1985	37	3	-1	-1	1	1	-1	-1	-1	-1	-1	-1	-1	-1	-1	-1	-1	-1	-1
NS23193V	1	-1	-1	-1	-1	-1	-1	-1	1	8	2018	1	1	-1	-1	-1	-1	-1	-1	-1	-1	-1	-1	-1	-1	-1
NS23197Z	2	1	10	2019	1	3	1990	32	1	7	2022	1	1	-1	-1	-1	-1	-1	-1	-1	-1	-1	-1	-1	-1	-1
NS23198A	2	2	-1	-1	-1	-1	-1	-1	-1	-1	-1	-1	-1	-1	-1	-1	-1	-1	-1	-1	-1	-1	-1	-1	-1	-1
NS23207A	2	2	-1	-1	-1	-1	-1	-1	-1	-1	-1	-1	-1	-1	-1	-1	-1	-1	-1	-1	-1	-1	-1	-1	-1	-1
NS23210M	2	1	11	2011	1	1	1988	35	3	-1	-1	2	-1	1	1	1	2	1	2	2	2	12	2013	-1	-1	-1
NS23210M	3	2	-1	-1	-1	-1	-1	-1	-1	-1	-1	-1	-1	-1	-1	-1	-1	-1	-1	-1	-1	-1	-1	-1	-1	-1
NS23213Q	2	1	7	2017	2	4	1992	30	1	7	2016	1	1	-1	-1	-1	-1	-1	-1	-1	-1	-1	-1	-1	-1	-1
NS23214R	1	-1	-1	-1	-1	-1	-1	-1	1	5	2018	1	1	-1	-1	-1	-1	-1	-1	-1	-1	-1	-1	-1	-1	-1
NS23224L	1	-1	-1	-1	-1	-1	-1	-1	3	-1	-1	2	-1	1	1	2	2	2	2	2	2	8	2018	-1	-1	-1
NS23224L	2	1	11	2019	1	9	1989	33	3	-1	-1	1	1	-1	-1	-1	-1	-1	-1	-1	-1	-1	-1	-1	-1	-1
NS23227P	2	2	-1	-1	-1	-1	-1	-1	-1	-1	-1	-1	-1	-1	-1	-1	-1	-1	-1	-1	-1	-1	-1	-1	-1	-1
NS23231C	2	1	12	2019	2	3	1993	30	3	-1	-1	1	1	-1	-1	-1	-1	-1	-1	-1	-1	-1	-1	-1	-1	-1
NS23233E	2	2	-1	-1	-1	-1	-1	-1	-1	-1	-1	-1	-1	-1	-1	-1	-1	-1	-1	-1	-1	-1	-1	-1	-1	-1
NS23234F	1	-1	-1	-1	-1	-1	-1	-1	3	-1	-1	2	-1	1	1	2	2	1	1	2	2	5	2018	-1	-1	-1
NS23234F	2	2	-1	-1	-1	-1	-1	-1	-1	-1	-1	-1	-1	-1	-1	-1	-1	-1	-1	-1	-1	-1	-1	-1	-1	-1
NS23238K	2	1	12	2017	2	12	1989	33	1	7	2018	1	1	-1	-1	-1	-1	-1	-1	-1	-1	-1	-1	-1	-1	-1
NS23242Y	1	-1	-1	-1	-1	-1	-1	-1	1	9	2019	1	1	-1	-1	-1	-1	-1	-1	-1	-1	-1	-1	-1	-1	-1
NS23244A	2	2	-1	-1	-1	-1	-1	-1	-1	-1	-1	-1	-1	-1	-1	-1	-1	-1	-1	-1	-1	-1	-1	-1	-1	-1
NS23245B	1	-1	-1	-1	-1	-1	-1	-1	1	7	2016	1	1	-1	-1	-1	-1	-1	-1	-1	-1	-1	-1	-1	-1	-1
NS23249F	2	1	7	2020	-9	7	1992	30	3	-1	-1	1	1	-1	-1	-1	-1	-1	-1	-1	-1	-1	-1	-1	-1	-1
NS23251R	2	2	-1	-1	-1	-1	-1	-1	-1	-1	-1	-1	-1	-1	-1	-1	-1	-1	-1	-1	-1	-1	-1	-1	-1	-1
NS23253T	2	1	7	2020	1	1	1964	58	-9	-1	-1	-9	-1	-1	-1	-1	-1	-1	-1	-1	-1	-1	-1	-1	-1	-1
NS23253T	3	2	-1	-1	-1	-1	-1	-1	-1	-1	-1	-1	-1	-1	-1	-1	-1	-1	-1	-1	-1	-1	-1	-1	-1	-1
NS23256X	2	1	7	2017	2	10	1990	32	3	-1	-1	1	1	-1	-1	-1	-1	-1	-1	-1	-1	-1	-1	-1	-1	-1
NS23262M	2	1	10	2020	1	7	1989	33	3	-1	-1	1	1	-1	-1	-1	-1	-1	-1	-1	-1	-1	-1	-1	-1	-1
NS23263N	1	-1	-1	-1	-1	-1	-1	-1	1	6	2017	1	1	-1	-1	-1	-1	-1	-1	-1	-1	-1	-1	-1	-1	-1
NS23267S	2	1	-8	-8	1	-8	-8	-8	3	-1	-1	2	-1	1	1	2	2	2	2	2	2	-8	-8	-1	-1	-1
NS23267S	3	1	6	2017	1	7	1990	32	3	-1	-1	1	1	-1	-1	-1	-1	-1	-1	-1	-1	-1	-1	-1	-1	-1
NS23273H	2	1	2	2017	1	-9	1988	33	3	-1	-1	1	1	-1	-1	-1	-1	-1	-1	-1	-1	-1	-1	-1	-1	-1
NS23274J	2	2	-1	-1	-1	-1	-1	-1	-1	-1	-1	-1	-1	-1	-1	-1	-1	-1	-1	-1	-1	-1	-1	-1	-1	-1
NS23275K	1	-1	-1	-1	-1	-1	-1	-1	1	3	2020	1	1	-1	-1	-1	-1	-1	-1	-1	-1	-1	-1	-1	-1	-1
NS23277M	2	1	11	2018	1	4	1985	37	1	11	2018	1	1	-1	-1	-1	-1	-1	-1	-1	-1	-1	-1	-1	-1	-1
NS23279P	2	2	-1	-1	-1	-1	-1	-1	-1	-1	-1	-1	-1	-1	-1	-1	-1	-1	-1	-1	-1	-1	-1	-1	-1	-1
NS23280Z	2	1	2	2022	2	9	1995	27	3	-1	-1	1	1	-1	-1	-1	-1	-1	-1	-1	-1	-1	-1	-1	-1	-1
NS23284D	1	-1	-1	-1	-1	-1	-1	-1	3	-1	-1	1	1	-1	-1	-1	-1	-1	-1	-1	-1	-1	-1	-1	-1	-1
NS23286F	2	1	8	2017	2	7	1992	31	1	7	2022	1	1	-1	-1	-1	-1	-1	-1	-1	-1	-1	-1	-1	-1	-1
NS23290T	1	-1	-1	-1	-1	-1	-1	-1	-1	-1	-1	1	1	-1	-1	-1	-1	-1	-1	-1	-1	-1	-1	-1	-1	-1
NS23292W	2	1	8	2016	2	7	1995	27	3	-1	-1	2	-1	2	-1	-1	-1	-1	-1	-1	-1	7	2021	-1	-1	-1
NS23292W	3	2	-1	-1	-1	-1	-1	-1	-1	-1	-1	-1	-1	-1	-1	-1	-1	-1	-1	-1	-1	-1	-1	-1	-1	-1
NS23299D	1	-1	-1	-1	-1	-1	-1	-1	1	3	2017	2	-1	1	1	2	2	2	2	2	2	7	2022	2	-1	-1
NS23299D	2	2	-1	-1	-1	-1	-1	-1	-1	-1	-1	-1	-1	-1	-1	-1	-1	-1	-1	-1	-1	-1	-1	-1	-1	-1
NS23300V	2	1	4	2017	1	7	1986	36	3	-1	-1	1	1	-1	-1	-1	-1	-1	-1	-1	-1	-1	-1	-1	-1	-1
NS23305A	2	2	-1	-1	-1	-1	-1	-1	-1	-1	-1	-1	-1	-1	-1	-1	-1	-1	-1	-1	-1	-1	-1	-1	-1	-1
NS23306B	1	-1	-1	-1	-1	-1	-1	-1	3	-1	-1	2	-1	1	1	2	2	2	2	2	2	5	2018	-1	-1	-1
NS23306B	2	1	3	2020	1	3	1991	31	3	-1	-1	1	1	-1	-1	-1	-1	-1	-1	-1	-1	-1	-1	-1	-1	-1
NS23307C	1	-1	-1	-1	-1	-1	-1	-1	-1	-1	-1	1	1	-1	-1	-1	-1	-1	-1	-1	-1	-1	-1	-1	-1	-1
NS23308D	1	-1	-1	-1	-1	-1	-1	-1	-1	-1	-1	1	1	-1	-1	-1	-1	-1	-1	-1	-1	-1	-1	-1	-1	-1
NS23311Q	2	1	5	2021	2	8	1990	32	3	-1	-1	1	1	-1	-1	-1	-1	-1	-1	-1	-1	-1	-1	-1	-1	-1
NS23314T	1	-1	-1	-1	-1	-1	-1	-1	3	-1	-1	2	-1	1	2	2	2	2	2	2	1	7	2022	-1	-1	-1
NS23314T	2	2	-1	-1	-1	-1	-1	-1	-1	-1	-1	-1	-1	-1	-1	-1	-1	-1	-1	-1	-1	-1	-1	-1	-1	-1
NS23315V	2	2	-1	-1	-1	-1	-1	-1	-1	-1	-1	-1	-1	-1	-1	-1	-1	-1	-1	-1	-1	-1	-1	-1	-1	-1
NS23318Y	2	1	4	2019	-9	1	1989	33	3	-1	-1	2	-1	1	1	2	2	2	2	2	2	8	2021	-1	-1	-1
NS23318Y	3	2	-1	-1	-1	-1	-1	-1	-1	-1	-1	-1	-1	-1	-1	-1	-1	-1	-1	-1	-1	-1	-1	-1	-1	-1
NS23321K	1	-1	-1	-1	-1	-1	-1	-1	-1	-1	-1	1	1	-1	-1	-1	-1	-1	-1	-1	-1	-1	-1	-1	-1	-1
NS23325P	2	1	12	2007	1	3	1970	52	3	-1	-1	2	-1	1	2	2	2	2	1	2	2	6	2015	-1	-1	-1
NS23325P	3	1	1	2016	1	8	1985	36	3	-1	-1	1	1	-1	-1	-1	-1	-1	-1	-1	-1	-1	-1	-1	-1	-1
NS23326Q	2	1	2	2017	1	1	1990	33	3	-1	-1	1	1	-1	-1	-1	-1	-1	-1	-1	-1	-1	-1	-1	-1	-1
NS23327R	2	2	-1	-1	-1	-1	-1	-1	-1	-1	-1	-1	-1	-1	-1	-1	-1	-1	-1	-1	-1	-1	-1	-1	-1	-1
NS23332F	1	-1	-1	-1	-1	-1	-1	-1	1	11	2022	1	1	-1	-1	-1	-1	-1	-1	-1	-1	-1	-1	-1	-1	-1
NS23336K	2	1	3	2016	1	6	1990	31	1	3	2018	1	1	-1	-1	-1	-1	-1	-1	-1	-1	-1	-1	-1	-1	-1
NS23338M	2	2	-1	-1	-1	-1	-1	-1	-1	-1	-1	-1	-1	-1	-1	-1	-1	-1	-1	-1	-1	-1	-1	-1	-1	-1
NS23341Z	1	-1	-1	-1	-1	-1	-1	-1	-1	-1	-1	1	1	-1	-1	-1	-1	-1	-1	-1	-1	-1	-1	-1	-1	-1
NS23342A	1	-1	-1	-1	-1	-1	-1	-1	-1	-1	-1	1	1	-1	-1	-1	-1	-1	-1	-1	-1	-1	-1	-1	-1	-1
NS23348G	2	1	1	2018	1	12	1983	38	3	-1	-1	1	1	-1	-1	-1	-1	-1	-1	-1	-1	-1	-1	-1	-1	-1
NS23349H	2	1	11	2017	1	6	1989	33	3	-1	-1	1	1	-1	-1	-1	-1	-1	-1	-1	-1	-1	-1	-1	-1	-1
NS23350S	2	2	-1	-1	-1	-1	-1	-1	-1	-1	-1	-1	-1	-1	-1	-1	-1	-1	-1	-1	-1	-1	-1	-1	-1	-1
NS23351T	1	-1	-1	-1	-1	-1	-1	-1	-1	-1	-1	1	1	-1	-1	-1	-1	-1	-1	-1	-1	-1	-1	-1	-1	-1
NS23355Y	1	-1	-1	-1	-1	-1	-1	-1	1	9	2021	1	1	-1	-1	-1	-1	-1	-1	-1	-1	-1	-1	-1	-1	-1
NS23358B	2	2	-1	-1	-1	-1	-1	-1	-1	-1	-1	-1	-1	-1	-1	-1	-1	-1	-1	-1	-1	-1	-1	-1	-1	-1
NS23359C	1	-1	-1	-1	-1	-1	-1	-1	1	9	2017	1	1	-1	-1	-1	-1	-1	-1	-1	-1	-1	-1	-1	-1	-1
NS23362P	2	1	8	2009	1	9	1987	35	3	-1	-1	2	-1	1	1	2	2	2	2	2	2	10	2014	-1	-1	-1
NS23362P	3	2	-1	-1	-1	-1	-1	-1	-1	-1	-1	-1	-1	-1	-1	-1	-1	-1	-1	-1	-1	-1	-1	-1	-1	-1
NS23364R	1	-1	-1	-1	-1	-1	-1	-1	3	-1	-1	1	1	-1	-1	-1	-1	-1	-1	-1	-1	-1	-1	-1	-1	-1
NS23367V	2	2	-1	-1	-1	-1	-1	-1	-1	-1	-1	-1	-1	-1	-1	-1	-1	-1	-1	-1	-1	-1	-1	-1	-1	-1
NS23368W	2	2	-1	-1	-1	-1	-1	-1	-1	-1	-1	-1	-1	-1	-1	-1	-1	-1	-1	-1	-1	-1	-1	-1	-1	-1
NS23369X	1	-1	-1	-1	-1	-1	-1	-1	3	-1	-1	1	1	-1	-1	-1	-1	-1	-1	-1	-1	-1	-1	-1	-1	-1
NS23370G	1	-1	-1	-1	-1	-1	-1	-1	3	-1	-1	1	1	-1	-1	-1	-1	-1	-1	-1	-1	-1	-1	-1	-1	-1
NS23372J	1	-1	-1	-1	-1	-1	-1	-1	1	7	2016	1	1	-1	-1	-1	-1	-1	-1	-1	-1	-1	-1	-1	-1	-1
NS23373K	2	1	9	2019	1	2	1988	35	3	-1	-1	2	-1	2	-1	-1	-1	-1	-1	-1	-1	5	2021	-1	-1	-1
NS23373K	3	2	-1	-1	-1	-1	-1	-1	-1	-1	-1	-1	-1	-1	-1	-1	-1	-1	-1	-1	-1	-1	-1	-1	-1	-1
NS23374L	2	1	1	2017	2	5	1992	30	3	-1	-1	2	-1	1	1	2	2	2	2	2	2	9	2017	-1	-1	-1
NS23374L	3	2	-1	-1	-1	-1	-1	-1	-1	-1	-1	-1	-1	-1	-1	-1	-1	-1	-1	-1	-1	-1	-1	-1	-1	-1
NS23377P	2	1	11	2012	2	5	1990	32	3	-1	-1	1	1	-1	-1	-1	-1	-1	-1	-1	-1	-1	-1	-1	-1	-1
NS23378Q	2	1	2	2016	2	5	1991	31	1	7	2016	1	1	-1	-1	-1	-1	-1	-1	-1	-1	-1	-1	-1	-1	-1
NS23379R	1	-1	-1	-1	-1	-1	-1	-1	1	9	2017	1	1	-1	-1	-1	-1	-1	-1	-1	-1	-1	-1	-1	-1	-1
NS23382D	2	1	11	2016	2	9	1988	34	1	7	2018	1	1	-1	-1	-1	-1	-1	-1	-1	-1	-1	-1	-1	-1	-1
NS23383E	2	2	-1	-1	-1	-1	-1	-1	-1	-1	-1	-1	-1	-1	-1	-1	-1	-1	-1	-1	-1	-1	-1	-1	-1	-1
NS23385G	1	-1	-1	-1	-1	-1	-1	-1	1	10	2016	1	1	-1	-1	-1	-1	-1	-1	-1	-1	-1	-1	-1	-1	-1
NS23389L	2	1	6	2014	2	-8	1993	29	3	-1	-1	2	-1	1	1	2	2	2	2	2	2	11	2015	-1	-1	-1
NS23389L	3	1	5	2019	2	2	1996	27	3	-1	-1	1	1	-1	-1	-1	-1	-1	-1	-1	-1	-1	-1	-1	-1	-1
NS23392Y	1	-1	-1	-1	-1	-1	-1	-1	-1	-1	-1	1	1	-1	-1	-1	-1	-1	-1	-1	-1	-1	-1	-1	-1	-1
NS23394A	2	1	2	2018	1	8	1990	31	1	2	2018	1	1	-1	-1	-1	-1	-1	-1	-1	-1	-1	-1	-1	-1	-1
NS23396C	2	1	2	2020	1	9	1991	31	3	-1	-1	1	1	-1	-1	-1	-1	-1	-1	-1	-1	-1	-1	-1	-1	-1
NS23398E	2	1	12	2015	2	11	1989	33	1	8	2018	1	1	-1	-1	-1	-1	-1	-1	-1	-1	-1	-1	-1	-1	-1
NS23400X	1	-1	-1	-1	-1	-1	-1	-1	-1	-1	-1	1	1	-1	-1	-1	-1	-1	-1	-1	-1	-1	-1	-1	-1	-1
NS23401Y	2	2	-1	-1	-1	-1	-1	-1	-1	-1	-1	-1	-1	-1	-1	-1	-1	-1	-1	-1	-1	-1	-1	-1	-1	-1
NS23402Z	2	1	9	2013	1	1	1987	35	3	-1	-1	1	1	-1	-1	-1	-1	-1	-1	-1	-1	-1	-1	-1	-1	-1
NS23406D	1	-1	-1	-1	-1	-1	-1	-1	-1	-1	-1	1	1	-1	-1	-1	-1	-1	-1	-1	-1	-1	-1	-1	-1	-1
NS23407E	2	1	3	2019	1	9	1989	33	3	-1	-1	1	1	-1	-1	-1	-1	-1	-1	-1	-1	-1	-1	-1	-1	-1
NS23413V	2	1	8	2022	2	5	1995	27	3	-1	-1	1	1	-1	-1	-1	-1	-1	-1	-1	-1	-1	-1	-1	-1	-1
NS23415X	1	-1	-1	-1	-1	-1	-1	-1	3	-1	-1	2	-1	1	1	2	2	2	2	2	2	8	2016	-1	-1	-1
NS23415X	2	2	-1	-1	-1	-1	-1	-1	-1	-1	-1	-1	-1	-1	-1	-1	-1	-1	-1	-1	-1	-1	-1	-1	-1	-1
NS23416Y	2	2	-1	-1	-1	-1	-1	-1	-1	-1	-1	-1	-1	-1	-1	-1	-1	-1	-1	-1	-1	-1	-1	-1	-1	-1
NS23424Q	2	2	-1	-1	-1	-1	-1	-1	-1	-1	-1	-1	-1	-1	-1	-1	-1	-1	-1	-1	-1	-1	-1	-1	-1	-1
NS23425R	1	-1	-1	-1	-1	-1	-1	-1	1	5	2017	1	1	-1	-1	-1	-1	-1	-1	-1	-1	-1	-1	-1	-1	-1
NS23428V	2	1	1	2015	1	3	1989	33	3	-1	-1	1	1	-1	-1	-1	-1	-1	-1	-1	-1	-1	-1	-1	-1	-1
NS23430F	1	-1	-1	-1	-1	-1	-1	-1	1	9	2016	1	1	-1	-1	-1	-1	-1	-1	-1	-1	-1	-1	-1	-1	-1
NS23431G	1	-1	-1	-1	-1	-1	-1	-1	-1	-1	-1	1	1	-1	-1	-1	-1	-1	-1	-1	-1	-1	-1	-1	-1	-1
NS23432H	2	1	1	2021	2	7	1997	25	3	-1	-1	1	1	-1	-1	-1	-1	-1	-1	-1	-1	-1	-1	-1	-1	-1
NS23433J	2	2	-1	-1	-1	-1	-1	-1	-1	-1	-1	-1	-1	-1	-1	-1	-1	-1	-1	-1	-1	-1	-1	-1	-1	-1
NS23435L	1	-1	-1	-1	-1	-1	-1	-1	-1	-1	-1	1	1	-1	-1	-1	-1	-1	-1	-1	-1	-1	-1	-1	-1	-1
NS23440A	2	1	1	2019	2	-9	1989	33	1	2	2019	1	1	-1	-1	-1	-1	-1	-1	-1	-1	-1	-1	-1	-1	-1
NS23441B	2	2	-1	-1	-1	-1	-1	-1	-1	-1	-1	-1	-1	-1	-1	-1	-1	-1	-1	-1	-1	-1	-1	-1	-1	-1
NS23443D	2	2	-1	-1	-1	-1	-1	-1	-1	-1	-1	-1	-1	-1	-1	-1	-1	-1	-1	-1	-1	-1	-1	-1	-1	-1
NS23459E	2	1	1	2010	1	5	1990	32	3	-1	-1	2	-1	1	1	2	2	2	2	2	2	12	2019	-1	-1	-1
NS23459E	3	2	-1	-1	-1	-1	-1	-1	-1	-1	-1	-1	-1	-1	-1	-1	-1	-1	-1	-1	-1	-1	-1	-1	-1	-1
NS23461Q	2	2	-1	-1	-1	-1	-1	-1	-1	-1	-1	-1	-1	-1	-1	-1	-1	-1	-1	-1	-1	-1	-1	-1	-1	-1
NS23462R	2	1	3	2020	2	8	1991	31	3	-1	-1	1	1	-1	-1	-1	-1	-1	-1	-1	-1	-1	-1	-1	-1	-1
NS23463S	1	-1	-1	-1	-1	-1	-1	-1	1	9	2021	1	1	-1	-1	-1	-1	-1	-1	-1	-1	-1	-1	-1	-1	-1
NS23466W	2	1	10	2019	1	9	1984	37	1	10	2019	1	1	-1	-1	-1	-1	-1	-1	-1	-1	-1	-1	-1	-1	-1
NS23469Z	1	-1	-1	-1	-1	-1	-1	-1	-1	-1	-1	1	1	-1	-1	-1	-1	-1	-1	-1	-1	-1	-1	-1	-1	-1
NS23471K	2	2	-1	-1	-1	-1	-1	-1	-1	-1	-1	-1	-1	-1	-1	-1	-1	-1	-1	-1	-1	-1	-1	-1	-1	-1
NS23472L	1	-1	-1	-1	-1	-1	-1	-1	1	9	2019	1	1	-1	-1	-1	-1	-1	-1	-1	-1	-1	-1	-1	-1	-1
NS23473M	1	-1	-1	-1	-1	-1	-1	-1	3	-1	-1	2	-1	1	1	2	2	2	2	2	2	10	2019	-1	-1	-1
NS23473M	2	2	-1	-1	-1	-1	-1	-1	-1	-1	-1	-1	-1	-1	-1	-1	-1	-1	-1	-1	-1	-1	-1	-1	-1	-1
NS23475P	2	1	5	2018	1	2	1991	32	1	7	2021	1	1	-1	-1	-1	-1	-1	-1	-1	-1	-1	-1	-1	-1	-1
NS23479T	1	-1	-1	-1	-1	-1	-1	-1	-1	-1	-1	2	-1	1	1	2	2	2	2	2	2	8	2016	1	7	2017
NS23479T	2	1	12	2017	1	12	1985	36	1	12	2017	1	1	-1	-1	-1	-1	-1	-1	-1	-1	-1	-1	-1	-1	-1
NS23480D	2	2	-1	-1	-1	-1	-1	-1	-1	-1	-1	-1	-1	-1	-1	-1	-1	-1	-1	-1	-1	-1	-1	-1	-1	-1
NS23481E	2	1	8	2017	2	6	1993	29	1	6	2019	1	1	-1	-1	-1	-1	-1	-1	-1	-1	-1	-1	-1	-1	-1
NS23485J	2	1	7	2019	1	11	1987	35	1	3	2019	1	1	-1	-1	-1	-1	-1	-1	-1	-1	-1	-1	-1	-1	-1
NS23486K	2	1	12	2021	2	4	1988	34	1	9	2022	1	1	-1	-1	-1	-1	-1	-1	-1	-1	-1	-1	-1	-1	-1
NS23487L	2	1	1	2017	1	10	1985	36	3	-1	-1	1	1	-1	-1	-1	-1	-1	-1	-1	-1	-1	-1	-1	-1	-1
NS23491Z	2	2	-1	-1	-1	-1	-1	-1	-1	-1	-1	-1	-1	-1	-1	-1	-1	-1	-1	-1	-1	-1	-1	-1	-1	-1
NS23492A	2	2	-1	-1	-1	-1	-1	-1	-1	-1	-1	-1	-1	-1	-1	-1	-1	-1	-1	-1	-1	-1	-1	-1	-1	-1
NS23504D	2	1	1	2018	2	10	1989	33	3	-1	-1	1	1	-1	-1	-1	-1	-1	-1	-1	-1	-1	-1	-1	-1	-1
NS23506F	2	1	6	2012	1	5	1987	35	2	7	2010	2	-1	1	1	2	2	2	2	2	2	2	2022	1	2	2022
NS23506F	3	2	-1	-1	-1	-1	-1	-1	-1	-1	-1	-1	-1	-1	-1	-1	-1	-1	-1	-1	-1	-1	-1	-1	-1	-1
NS23508H	2	2	-1	-1	-1	-1	-1	-1	-1	-1	-1	-1	-1	-1	-1	-1	-1	-1	-1	-1	-1	-1	-1	-1	-1	-1
NS23509J	1	-1	-1	-1	-1	-1	-1	-1	-1	-1	-1	2	-1	1	2	1	2	1	1	2	2	2	2016	1	11	2018
NS23509J	2	1	10	2018	1	7	1989	33	3	-1	-1	2	-1	1	2	2	2	2	2	1	2	8	2020	-1	-1	-1
NS23509J	3	1	5	2021	1	8	1970	52	3	-1	-1	1	1	-1	-1	-1	-1	-1	-1	-1	-1	-1	-1	-1	-1	-1
NS23510T	2	1	7	2012	2	3	1991	31	1	7	2016	1	1	-1	-1	-1	-1	-1	-1	-1	-1	-1	-1	-1	-1	-1
NS23511V	2	1	8	2019	1	-9	-9	-9	-9	-1	-1	-9	-1	-1	-1	-1	-1	-1	-1	-1	-1	-1	-1	-1	-1	-1
NS23511V	3	-9	-1	-1	-1	-1	-1	-1	-1	-1	-1	-1	-1	-1	-1	-1	-1	-1	-1	-1	-1	-1	-1	-1	-1	-1
NS23515Z	2	2	-1	-1	-1	-1	-1	-1	-1	-1	-1	-1	-1	-1	-1	-1	-1	-1	-1	-1	-1	-1	-1	-1	-1	-1
NS23516A	2	1	7	2019	1	10	1987	35	3	-1	-1	1	1	-1	-1	-1	-1	-1	-1	-1	-1	-1	-1	-1	-1	-1
NS23517B	1	-1	-1	-1	-1	-1	-1	-1	-1	-1	-1	-9	-1	-1	-1	-1	-1	-1	-1	-1	-1	-1	-1	-9	-1	-1
NS23517B	2	-9	-1	-1	-1	-1	-1	-1	-1	-1	-1	-1	-1	-1	-1	-1	-1	-1	-1	-1	-1	-1	-1	-1	-1	-1
NS23519D	2	2	-1	-1	-1	-1	-1	-1	-1	-1	-1	-1	-1	-1	-1	-1	-1	-1	-1	-1	-1	-1	-1	-1	-1	-1
NS23520N	2	2	-1	-1	-1	-1	-1	-1	-1	-1	-1	-1	-1	-1	-1	-1	-1	-1	-1	-1	-1	-1	-1	-1	-1	-1
NS23521P	2	1	1	2015	2	8	1986	37	1	3	2017	1	1	-1	-1	-1	-1	-1	-1	-1	-1	-1	-1	-1	-1	-1
NS23522Q	2	1	7	2017	2	5	1989	32	3	-1	-1	1	1	-1	-1	-1	-1	-1	-1	-1	-1	-1	-1	-1	-1	-1
NS23523R	1	-1	-1	-1	-1	-1	-1	-1	1	5	2017	1	1	-1	-1	-1	-1	-1	-1	-1	-1	-1	-1	-1	-1	-1
NS23524S	1	-1	-1	-1	-1	-1	-1	-1	-1	-1	-1	1	1	-1	-1	-1	-1	-1	-1	-1	-1	-1	-1	-1	-1	-1
NS23525T	2	1	-8	2021	2	3	1995	27	3	-1	-1	2	-1	2	-1	-1	-1	-1	-1	-1	-1	3	2022	-1	-1	-1
NS23525T	3	2	-1	-1	-1	-1	-1	-1	-1	-1	-1	-1	-1	-1	-1	-1	-1	-1	-1	-1	-1	-1	-1	-1	-1	-1
NS23526V	1	-1	-1	-1	-1	-1	-1	-1	-1	-1	-1	1	1	-1	-1	-1	-1	-1	-1	-1	-1	-1	-1	-1	-1	-1
NS23528X	2	1	10	2022	1	9	1987	35	3	-1	-1	1	2	-1	-1	-1	-1	-1	-1	-1	-1	-9	-9	-1	-1	-1
NS23528X	3	2	-1	-1	-1	-1	-1	-1	-1	-1	-1	-1	-1	-1	-1	-1	-1	-1	-1	-1	-1	-1	-1	-1	-1	-1
NS23530H	2	1	3	2016	2	9	1992	30	3	-1	-1	1	1	-1	-1	-1	-1	-1	-1	-1	-1	-1	-1	-1	-1	-1
NS23531J	2	1	1	2019	2	8	1988	34	3	-1	-1	1	1	-1	-1	-1	-1	-1	-1	-1	-1	-1	-1	-1	-1	-1
NS23532K	2	2	-1	-1	-1	-1	-1	-1	-1	-1	-1	-1	-1	-1	-1	-1	-1	-1	-1	-1	-1	-1	-1	-1	-1	-1
NS23537Q	2	1	7	2016	1	6	1990	31	1	8	2016	1	1	-1	-1	-1	-1	-1	-1	-1	-1	-1	-1	-1	-1	-1
NS23539S	2	2	-1	-1	-1	-1	-1	-1	-1	-1	-1	-1	-1	-1	-1	-1	-1	-1	-1	-1	-1	-1	-1	-1	-1	-1
NS23541D	2	1	9	2015	1	3	1989	33	1	9	2018	1	1	-1	-1	-1	-1	-1	-1	-1	-1	-1	-1	-1	-1	-1
NS23546J	1	-1	-1	-1	-1	-1	-1	-1	1	6	2019	1	1	-1	-1	-1	-1	-1	-1	-1	-1	-1	-1	-1	-1	-1
NS23548L	1	-1	-1	-1	-1	-1	-1	-1	-1	-1	-1	1	1	-1	-1	-1	-1	-1	-1	-1	-1	-1	-1	-1	-1	-1
NS23549M	1	-1	-1	-1	-1	-1	-1	-1	-1	-1	-1	1	1	-1	-1	-1	-1	-1	-1	-1	-1	-1	-1	-1	-1	-1
NS23550X	1	-1	-1	-1	-1	-1	-1	-1	1	10	2017	1	1	-1	-1	-1	-1	-1	-1	-1	-1	-1	-1	-1	-1	-1
NS23551Y	2	2	-1	-1	-1	-1	-1	-1	-1	-1	-1	-1	-1	-1	-1	-1	-1	-1	-1	-1	-1	-1	-1	-1	-1	-1
NS23555C	2	2	-1	-1	-1	-1	-1	-1	-1	-1	-1	-1	-1	-1	-1	-1	-1	-1	-1	-1	-1	-1	-1	-1	-1	-1
NS23556D	1	-1	-1	-1	-1	-1	-1	-1	1	6	2016	1	1	-1	-1	-1	-1	-1	-1	-1	-1	-1	-1	-1	-1	-1
NS23557E	2	2	-1	-1	-1	-1	-1	-1	-1	-1	-1	-1	-1	-1	-1	-1	-1	-1	-1	-1	-1	-1	-1	-1	-1	-1
NS23561S	2	1	1	2012	2	-8	-8	-8	3	-1	-1	2	-1	1	1	2	2	2	2	2	2	1	2014	-1	-1	-1
NS23561S	3	1	1	2015	2	-8	-8	33	3	-1	-1	2	-1	1	1	2	2	2	2	2	2	1	2017	-1	-1	-1
NS23561S	4	1	2	2020	2	6	1991	31	3	-1	-1	2	-1	1	1	2	2	2	2	2	2	8	2021	-1	-1	-1
NS23561S	5	2	-1	-1	-1	-1	-1	-1	-1	-1	-1	-1	-1	-1	-1	-1	-1	-1	-1	-1	-1	-1	-1	-1	-1	-1
NS23563V	2	2	-1	-1	-1	-1	-1	-1	-1	-1	-1	-1	-1	-1	-1	-1	-1	-1	-1	-1	-1	-1	-1	-1	-1	-1
NS23566Y	2	2	-1	-1	-1	-1	-1	-1	-1	-1	-1	-1	-1	-1	-1	-1	-1	-1	-1	-1	-1	-1	-1	-1	-1	-1
NS23568A	2	1	11	2017	2	4	1992	31	3	-1	-1	1	1	-1	-1	-1	-1	-1	-1	-1	-1	-1	-1	-1	-1	-1
NS23573P	2	1	10	2016	1	3	1987	35	1	10	2016	1	1	-1	-1	-1	-1	-1	-1	-1	-1	-1	-1	-1	-1	-1
NS23575R	1	-1	-1	-1	-1	-1	-1	-1	1	6	2018	1	1	-1	-1	-1	-1	-1	-1	-1	-1	-1	-1	-1	-1	-1
NS23578V	2	1	5	2017	2	10	1992	30	1	7	2018	1	1	-1	-1	-1	-1	-1	-1	-1	-1	-1	-1	-1	-1	-1
NS23582H	2	1	9	2009	1	8	1990	32	3	-1	-1	2	-1	1	1	2	2	2	2	2	2	9	2011	-1	-1	-1
NS23582H	3	1	9	2014	1	1	1994	29	3	-1	-1	2	-1	1	1	1	2	2	1	2	2	4	2018	-1	-1	-1
NS23582H	4	2	-1	-1	-1	-1	-1	-1	-1	-1	-1	-1	-1	-1	-1	-1	-1	-1	-1	-1	-1	-1	-1	-1	-1	-1
NS23585L	2	1	5	2019	2	4	1984	38	1	8	2021	1	1	-1	-1	-1	-1	-1	-1	-1	-1	-1	-1	-1	-1	-1
NS23587N	2	1	4	2017	2	9	1989	33	3	-1	-1	1	1	-1	-1	-1	-1	-1	-1	-1	-1	-1	-1	-1	-1	-1
NS23591B	2	1	4	2021	2	7	1993	29	3	-1	-1	1	1	-1	-1	-1	-1	-1	-1	-1	-1	-1	-1	-1	-1	-1
NS23593D	2	2	-1	-1	-1	-1	-1	-1	-1	-1	-1	-1	-1	-1	-1	-1	-1	-1	-1	-1	-1	-1	-1	-1	-1	-1
NS23594E	2	2	-1	-1	-1	-1	-1	-1	-1	-1	-1	-1	-1	-1	-1	-1	-1	-1	-1	-1	-1	-1	-1	-1	-1	-1
NS23595F	2	2	-1	-1	-1	-1	-1	-1	-1	-1	-1	-1	-1	-1	-1	-1	-1	-1	-1	-1	-1	-1	-1	-1	-1	-1
NS23599K	2	2	-1	-1	-1	-1	-1	-1	-1	-1	-1	-1	-1	-1	-1	-1	-1	-1	-1	-1	-1	-1	-1	-1	-1	-1
NS23602D	2	1	12	2016	1	2	1991	32	3	-1	-1	1	1	-1	-1	-1	-1	-1	-1	-1	-1	-1	-1	-1	-1	-1
NS23603E	2	1	8	2017	2	8	1994	27	3	-1	-1	2	-1	1	1	2	2	2	2	2	2	10	2018	-1	-1	-1
NS23603E	3	2	-1	-1	-1	-1	-1	-1	-1	-1	-1	-1	-1	-1	-1	-1	-1	-1	-1	-1	-1	-1	-1	-1	-1	-1
NS23604F	2	1	6	2022	1	2	1992	31	3	-1	-1	1	1	-1	-1	-1	-1	-1	-1	-1	-1	-1	-1	-1	-1	-1
NS23608K	2	2	-1	-1	-1	-1	-1	-1	-1	-1	-1	-1	-1	-1	-1	-1	-1	-1	-1	-1	-1	-1	-1	-1	-1	-1
NS23610W	2	1	10	2016	1	3	1988	34	3	-1	-1	1	1	-1	-1	-1	-1	-1	-1	-1	-1	-1	-1	-1	-1	-1
NS23611X	1	-1	-1	-1	-1	-1	-1	-1	3	-1	-1	1	1	-1	-1	-1	-1	-1	-1	-1	-1	-1	-1	-1	-1	-1
NS23614A	1	-1	-1	-1	-1	-1	-1	-1	3	-1	-1	1	1	-1	-1	-1	-1	-1	-1	-1	-1	-1	-1	-1	-1	-1
NS23615B	1	-1	-1	-1	-1	-1	-1	-1	-1	-1	-1	1	1	-1	-1	-1	-1	-1	-1	-1	-1	-1	-1	-1	-1	-1
NS23616C	2	1	11	2016	2	3	1997	25	1	3	2016	1	1	-1	-1	-1	-1	-1	-1	-1	-1	-1	-1	-1	-1	-1
NS23617D	1	-1	-1	-1	-1	-1	-1	-1	-1	-1	-1	1	1	-1	-1	-1	-1	-1	-1	-1	-1	-1	-1	-1	-1	-1
NS23618E	1	-1	-1	-1	-1	-1	-1	-1	3	-1	-1	1	1	-1	-1	-1	-1	-1	-1	-1	-1	-1	-1	-1	-1	-1
NS23620Q	2	2	-1	-1	-1	-1	-1	-1	-1	-1	-1	-1	-1	-1	-1	-1	-1	-1	-1	-1	-1	-1	-1	-1	-1	-1
NS23624V	1	-1	-1	-1	-1	-1	-1	-1	3	-1	-1	2	-1	1	1	2	2	2	2	2	2	2	2019	-1	-1	-1
NS23624V	2	1	5	2019	1	5	1986	36	1	11	2021	1	1	-1	-1	-1	-1	-1	-1	-1	-1	-1	-1	-1	-1	-1
NS23625W	1	-1	-1	-1	-1	-1	-1	-1	-1	-1	-1	1	1	-1	-1	-1	-1	-1	-1	-1	-1	-1	-1	-1	-1	-1
NS23627Y	1	-1	-1	-1	-1	-1	-1	-1	1	9	2016	1	1	-1	-1	-1	-1	-1	-1	-1	-1	-1	-1	-1	-1	-1
NS23629A	2	1	8	2022	2	9	1989	33	3	-1	-1	1	1	-1	-1	-1	-1	-1	-1	-1	-1	-1	-1	-1	-1	-1
NS23632M	1	-1	-1	-1	-1	-1	-1	-1	1	5	2018	1	1	-1	-1	-1	-1	-1	-1	-1	-1	-1	-1	-1	-1	-1
NS23634P	1	-1	-1	-1	-1	-1	-1	-1	3	-1	-1	1	1	-1	-1	-1	-1	-1	-1	-1	-1	-1	-1	-1	-1	-1
NS23636R	2	1	5	2018	2	12	1994	28	3	-1	-1	1	1	-1	-1	-1	-1	-1	-1	-1	-1	-1	-1	-1	-1	-1
NS23637S	2	2	-1	-1	-1	-1	-1	-1	-1	-1	-1	-1	-1	-1	-1	-1	-1	-1	-1	-1	-1	-1	-1	-1	-1	-1
NS23639V	1	-1	-1	-1	-1	-1	-1	-1	3	-1	-1	2	-1	1	1	2	2	2	2	2	2	7	2016	-1	-1	-1
NS23639V	2	1	11	2017	1	11	1981	41	3	-1	-1	2	-1	1	1	1	1	1	2	2	2	2	2019	-1	-1	-1
NS23639V	3	1	8	2020	1	2	1994	28	1	10	2020	1	1	-1	-1	-1	-1	-1	-1	-1	-1	-1	-1	-1	-1	-1
NS23640E	1	-1	-1	-1	-1	-1	-1	-1	1	9	2018	2	-1	1	2	1	1	2	2	2	2	6	2019	2	-1	-1
NS23640E	2	2	-1	-1	-1	-1	-1	-1	-1	-1	-1	-1	-1	-1	-1	-1	-1	-1	-1	-1	-1	-1	-1	-1	-1	-1
NS23641F	2	2	-1	-1	-1	-1	-1	-1	-1	-1	-1	-1	-1	-1	-1	-1	-1	-1	-1	-1	-1	-1	-1	-1	-1	-1
NS23642G	2	1	9	2016	1	7	1990	32	1	9	2022	1	1	-1	-1	-1	-1	-1	-1	-1	-1	-1	-1	-1	-1	-1
NS23643H	2	1	4	2019	2	10	1992	30	3	-1	-1	1	1	-1	-1	-1	-1	-1	-1	-1	-1	-1	-1	-1	-1	-1
NS23644J	2	2	-1	-1	-1	-1	-1	-1	-1	-1	-1	-1	-1	-1	-1	-1	-1	-1	-1	-1	-1	-1	-1	-1	-1	-1
NS23645K	1	-1	-1	-1	-1	-1	-1	-1	1	5	2019	1	1	-1	-1	-1	-1	-1	-1	-1	-1	-1	-1	-1	-1	-1
NS23646L	2	1	5	2016	2	1	1990	33	1	6	2018	1	1	-1	-1	-1	-1	-1	-1	-1	-1	-1	-1	-1	-1	-1
NS23647M	1	-1	-1	-1	-1	-1	-1	-1	-1	-1	-1	1	1	-1	-1	-1	-1	-1	-1	-1	-1	-1	-1	-1	-1	-1
NS23648N	2	1	6	2018	2	4	1995	27	3	-1	-1	2	-1	2	-1	-1	-1	-1	-1	-1	-1	4	2021	-1	-1	-1
NS23648N	3	2	-1	-1	-1	-1	-1	-1	-1	-1	-1	-1	-1	-1	-1	-1	-1	-1	-1	-1	-1	-1	-1	-1	-1	-1
NS23649P	2	2	-1	-1	-1	-1	-1	-1	-1	-1	-1	-1	-1	-1	-1	-1	-1	-1	-1	-1	-1	-1	-1	-1	-1	-1
NS23655E	1	-1	-1	-1	-1	-1	-1	-1	-1	-1	-1	1	1	-1	-1	-1	-1	-1	-1	-1	-1	-1	-1	-1	-1	-1
NS23656F	2	1	7	2021	2	-9	1993	29	3	-1	-1	1	1	-1	-1	-1	-1	-1	-1	-1	-1	-1	-1	-1	-1	-1
NS23665Z	2	2	-1	-1	-1	-1	-1	-1	-1	-1	-1	-1	-1	-1	-1	-1	-1	-1	-1	-1	-1	-1	-1	-1	-1	-1
NS23668C	1	-1	-1	-1	-1	-1	-1	-1	1	4	2019	1	1	-1	-1	-1	-1	-1	-1	-1	-1	-1	-1	-1	-1	-1
NS23670N	2	1	10	2017	2	12	1989	33	1	6	2022	1	1	-1	-1	-1	-1	-1	-1	-1	-1	-1	-1	-1	-1	-1
NS23677W	2	2	-1	-1	-1	-1	-1	-1	-1	-1	-1	-1	-1	-1	-1	-1	-1	-1	-1	-1	-1	-1	-1	-1	-1	-1
NS23679Y	2	2	-1	-1	-1	-1	-1	-1	-1	-1	-1	-1	-1	-1	-1	-1	-1	-1	-1	-1	-1	-1	-1	-1	-1	-1
NS23682K	1	-1	-1	-1	-1	-1	-1	-1	3	-1	-1	2	-1	1	1	2	2	2	2	2	2	10	2016	-1	-1	-1
NS23682K	2	2	-1	-1	-1	-1	-1	-1	-1	-1	-1	-1	-1	-1	-1	-1	-1	-1	-1	-1	-1	-1	-1	-1	-1	-1
NS23683L	2	1	3	2022	1	11	1987	34	3	-1	-1	1	1	-1	-1	-1	-1	-1	-1	-1	-1	-1	-1	-1	-1	-1
NS23685N	1	-1	-1	-1	-1	-1	-1	-1	3	-1	-1	2	-1	1	1	2	2	2	2	2	2	1	2017	-1	-1	-1
NS23685N	2	1	2	2019	2	12	1988	34	3	-1	-1	1	1	-1	-1	-1	-1	-1	-1	-1	-1	-1	-1	-1	-1	-1
NS23686P	2	1	6	2019	2	10	1986	36	1	6	2019	1	1	-1	-1	-1	-1	-1	-1	-1	-1	-1	-1	-1	-1	-1
NS23687Q	1	-1	-1	-1	-1	-1	-1	-1	3	-1	-1	2	-1	1	2	2	2	1	1	2	2	1	2017	-1	-1	-1
NS23687Q	2	1	7	2020	2	1	2001	21	3	-1	-1	1	1	-1	-1	-1	-1	-1	-1	-1	-1	-1	-1	-1	-1	-1
NS23689S	2	1	5	2019	2	10	1992	30	1	7	2019	1	1	-1	-1	-1	-1	-1	-1	-1	-1	-1	-1	-1	-1	-1
NS23694G	2	2	-1	-1	-1	-1	-1	-1	-1	-1	-1	-1	-1	-1	-1	-1	-1	-1	-1	-1	-1	-1	-1	-1	-1	-1
NS23695H	2	2	-1	-1	-1	-1	-1	-1	-1	-1	-1	-1	-1	-1	-1	-1	-1	-1	-1	-1	-1	-1	-1	-1	-1	-1
NS23698L	1	-1	-1	-1	-1	-1	-1	-1	-1	-1	-1	1	1	-1	-1	-1	-1	-1	-1	-1	-1	-1	-1	-1	-1	-1
NS23703G	1	-1	-1	-1	-1	-1	-1	-1	1	6	2021	1	1	-1	-1	-1	-1	-1	-1	-1	-1	-1	-1	-1	-1	-1
NS23706K	2	1	6	2013	2	7	1994	28	3	-1	-1	2	-1	1	1	2	2	2	2	2	2	10	2014	-1	-1	-1
NS23706K	3	2	-1	-1	-1	-1	-1	-1	-1	-1	-1	-1	-1	-1	-1	-1	-1	-1	-1	-1	-1	-1	-1	-1	-1	-1
NS23710Y	2	2	-1	-1	-1	-1	-1	-1	-1	-1	-1	-1	-1	-1	-1	-1	-1	-1	-1	-1	-1	-1	-1	-1	-1	-1
NS23711Z	2	1	3	2018	2	1	1987	36	1	6	2022	1	1	-1	-1	-1	-1	-1	-1	-1	-1	-1	-1	-1	-1	-1
NS23712A	2	1	6	2017	2	11	1980	42	1	8	2021	1	1	-1	-1	-1	-1	-1	-1	-1	-1	-1	-1	-1	-1	-1
NS23714C	1	-1	-1	-1	-1	-1	-1	-1	1	6	2018	1	1	-1	-1	-1	-1	-1	-1	-1	-1	-1	-1	-1	-1	-1
NS23715D	2	2	-1	-1	-1	-1	-1	-1	-1	-1	-1	-1	-1	-1	-1	-1	-1	-1	-1	-1	-1	-1	-1	-1	-1	-1
NS23716E	2	2	-1	-1	-1	-1	-1	-1	-1	-1	-1	-1	-1	-1	-1	-1	-1	-1	-1	-1	-1	-1	-1	-1	-1	-1
NS23718G	1	-1	-1	-1	-1	-1	-1	-1	3	-1	-1	1	1	-1	-1	-1	-1	-1	-1	-1	-1	-1	-1	-1	-1	-1
NS23722V	1	-1	-1	-1	-1	-1	-1	-1	3	-1	-1	1	1	-1	-1	-1	-1	-1	-1	-1	-1	-1	-1	-1	-1	-1
NS23724X	2	1	12	2014	1	1	1985	37	1	7	2017	1	1	-1	-1	-1	-1	-1	-1	-1	-1	-1	-1	-1	-1	-1
NS23726Z	2	2	-1	-1	-1	-1	-1	-1	-1	-1	-1	-1	-1	-1	-1	-1	-1	-1	-1	-1	-1	-1	-1	-1	-1	-1
NS23727A	2	1	11	2019	1	11	1987	34	3	-1	-1	1	1	-1	-1	-1	-1	-1	-1	-1	-1	-1	-1	-1	-1	-1
NS23728B	2	2	-1	-1	-1	-1	-1	-1	-1	-1	-1	-1	-1	-1	-1	-1	-1	-1	-1	-1	-1	-1	-1	-1	-1	-1
NS23729C	1	-1	-1	-1	-1	-1	-1	-1	1	9	2022	1	1	-1	-1	-1	-1	-1	-1	-1	-1	-1	-1	-1	-1	-1
NS23730M	1	-1	-1	-1	-1	-1	-1	-1	3	-1	-1	1	1	-1	-1	-1	-1	-1	-1	-1	-1	-1	-1	-1	-1	-1
NS23731N	1	-1	-1	-1	-1	-1	-1	-1	3	-1	-1	1	1	-1	-1	-1	-1	-1	-1	-1	-1	-1	-1	-1	-1	-1
NS23734R	2	1	3	2018	1	5	1980	42	3	-1	-1	1	1	-1	-1	-1	-1	-1	-1	-1	-1	-1	-1	-1	-1	-1
NS23735S	2	2	-1	-1	-1	-1	-1	-1	-1	-1	-1	-1	-1	-1	-1	-1	-1	-1	-1	-1	-1	-1	-1	-1	-1	-1
NS23736T	1	-1	-1	-1	-1	-1	-1	-1	-1	-1	-1	2	-1	2	-1	-1	-1	-1	-1	-1	-1	3	2022	2	-1	-1
NS23736T	2	2	-1	-1	-1	-1	-1	-1	-1	-1	-1	-1	-1	-1	-1	-1	-1	-1	-1	-1	-1	-1	-1	-1	-1	-1
NS23737V	2	2	-1	-1	-1	-1	-1	-1	-1	-1	-1	-1	-1	-1	-1	-1	-1	-1	-1	-1	-1	-1	-1	-1	-1	-1
NS23743K	1	-1	-1	-1	-1	-1	-1	-1	-1	-1	-1	1	1	-1	-1	-1	-1	-1	-1	-1	-1	-1	-1	-1	-1	-1
NS23745M	2	2	-1	-1	-1	-1	-1	-1	-1	-1	-1	-1	-1	-1	-1	-1	-1	-1	-1	-1	-1	-1	-1	-1	-1	-1
NS23746N	2	1	9	2022	2	7	1996	26	3	-1	-1	1	1	-1	-1	-1	-1	-1	-1	-1	-1	-1	-1	-1	-1	-1
NS23748Q	1	-1	-1	-1	-1	-1	-1	-1	-1	-1	-1	1	1	-1	-1	-1	-1	-1	-1	-1	-1	-1	-1	-1	-1	-1
NS23749R	1	-1	-1	-1	-1	-1	-1	-1	1	9	2018	1	1	-1	-1	-1	-1	-1	-1	-1	-1	-1	-1	-1	-1	-1
NS23756H	2	1	2	2016	2	5	1997	26	3	-1	-1	1	1	-1	-1	-1	-1	-1	-1	-1	-1	-1	-1	-1	-1	-1
NS23761X	2	1	9	2017	2	6	1991	31	1	9	2017	1	1	-1	-1	-1	-1	-1	-1	-1	-1	-1	-1	-1	-1	-1
NS23762Y	1	-1	-1	-1	-1	-1	-1	-1	3	-1	-1	1	1	-1	-1	-1	-1	-1	-1	-1	-1	-1	-1	-1	-1	-1
NS23763Z	2	1	8	2015	1	10	1984	38	3	-1	-1	1	1	-1	-1	-1	-1	-1	-1	-1	-1	-1	-1	-1	-1	-1
NS23764A	2	1	9	2015	2	5	1990	32	3	-1	-1	1	1	-1	-1	-1	-1	-1	-1	-1	-1	-1	-1	-1	-1	-1
NS23766C	2	1	6	2016	1	4	1991	31	1	6	2018	1	1	-1	-1	-1	-1	-1	-1	-1	-1	-1	-1	-1	-1	-1
NS23769F	2	1	3	2017	2	5	1991	31	1	7	2021	1	1	-1	-1	-1	-1	-1	-1	-1	-1	-1	-1	-1	-1	-1
NS23774V	2	2	-1	-1	-1	-1	-1	-1	-1	-1	-1	-1	-1	-1	-1	-1	-1	-1	-1	-1	-1	-1	-1	-1	-1	-1
NS23776X	2	1	4	2012	1	11	1981	41	1	4	2012	1	1	-1	-1	-1	-1	-1	-1	-1	-1	-1	-1	-1	-1	-1
NS23777Y	1	-1	-1	-1	-1	-1	-1	-1	-1	-1	-1	1	1	-1	-1	-1	-1	-1	-1	-1	-1	-1	-1	-1	-1	-1
NS23781L	2	2	-1	-1	-1	-1	-1	-1	-1	-1	-1	-1	-1	-1	-1	-1	-1	-1	-1	-1	-1	-1	-1	-1	-1	-1
NS23784P	2	2	-1	-1	-1	-1	-1	-1	-1	-1	-1	-1	-1	-1	-1	-1	-1	-1	-1	-1	-1	-1	-1	-1	-1	-1
NS23785Q	2	2	-1	-1	-1	-1	-1	-1	-1	-1	-1	-1	-1	-1	-1	-1	-1	-1	-1	-1	-1	-1	-1	-1	-1	-1
NS23786R	2	2	-1	-1	-1	-1	-1	-1	-1	-1	-1	-1	-1	-1	-1	-1	-1	-1	-1	-1	-1	-1	-1	-1	-1	-1
NS23788T	2	2	-1	-1	-1	-1	-1	-1	-1	-1	-1	-1	-1	-1	-1	-1	-1	-1	-1	-1	-1	-1	-1	-1	-1	-1
NS23795K	2	1	2	2017	1	12	1987	35	1	6	2021	1	1	-1	-1	-1	-1	-1	-1	-1	-1	-1	-1	-1	-1	-1
NS23798N	2	1	7	2017	1	7	1989	33	3	-1	-1	1	1	-1	-1	-1	-1	-1	-1	-1	-1	-1	-1	-1	-1	-1
NS23800F	2	2	-1	-1	-1	-1	-1	-1	-1	-1	-1	-1	-1	-1	-1	-1	-1	-1	-1	-1	-1	-1	-1	-1	-1	-1
NS23802H	2	2	-1	-1	-1	-1	-1	-1	-1	-1	-1	-1	-1	-1	-1	-1	-1	-1	-1	-1	-1	-1	-1	-1	-1	-1
NS23805L	2	2	-1	-1	-1	-1	-1	-1	-1	-1	-1	-1	-1	-1	-1	-1	-1	-1	-1	-1	-1	-1	-1	-1	-1	-1
NS23806M	2	2	-1	-1	-1	-1	-1	-1	-1	-1	-1	-1	-1	-1	-1	-1	-1	-1	-1	-1	-1	-1	-1	-1	-1	-1
NS23808P	2	2	-1	-1	-1	-1	-1	-1	-1	-1	-1	-1	-1	-1	-1	-1	-1	-1	-1	-1	-1	-1	-1	-1	-1	-1
NS23814E	1	-1	-1	-1	-1	-1	-1	-1	3	-1	-1	1	1	-1	-1	-1	-1	-1	-1	-1	-1	-1	-1	-1	-1	-1
NS23815F	2	1	-8	2018	2	2	1993	30	3	-1	-1	1	1	-1	-1	-1	-1	-1	-1	-1	-1	-1	-1	-1	-1	-1
NS23817H	2	1	6	2018	2	11	1994	28	3	-1	-1	2	-1	1	1	2	2	2	2	2	2	3	2022	-1	-1	-1
NS23817H	3	2	-1	-1	-1	-1	-1	-1	-1	-1	-1	-1	-1	-1	-1	-1	-1	-1	-1	-1	-1	-1	-1	-1	-1	-1
NS23819K	2	1	8	2017	2	12	1992	30	1	10	2021	1	1	-1	-1	-1	-1	-1	-1	-1	-1	-1	-1	-1	-1	-1
NS23820V	2	2	-1	-1	-1	-1	-1	-1	-1	-1	-1	-1	-1	-1	-1	-1	-1	-1	-1	-1	-1	-1	-1	-1	-1	-1
NS23821W	1	-1	-1	-1	-1	-1	-1	-1	-1	-1	-1	1	1	-1	-1	-1	-1	-1	-1	-1	-1	-1	-1	-1	-1	-1
NS23822X	2	1	1	2013	1	5	1989	33	3	-1	-1	1	1	-1	-1	-1	-1	-1	-1	-1	-1	-1	-1	-1	-1	-1
NS23824Z	1	-1	-1	-1	-1	-1	-1	-1	1	5	2018	1	1	-1	-1	-1	-1	-1	-1	-1	-1	-1	-1	-1	-1	-1
NS23825A	2	2	-1	-1	-1	-1	-1	-1	-1	-1	-1	-1	-1	-1	-1	-1	-1	-1	-1	-1	-1	-1	-1	-1	-1	-1
NS23827C	1	-1	-1	-1	-1	-1	-1	-1	1	8	2016	1	1	-1	-1	-1	-1	-1	-1	-1	-1	-1	-1	-1	-1	-1
NS23829E	2	1	6	2016	2	10	1990	31	1	4	2016	1	1	-1	-1	-1	-1	-1	-1	-1	-1	-1	-1	-1	-1	-1
NS23830P	2	1	-9	-9	2	-9	-9	23	3	-1	-1	1	1	-1	-1	-1	-1	-1	-1	-1	-1	-1	-1	-1	-1	-1
NS23832R	2	1	3	2019	1	12	1998	24	3	-1	-1	2	-1	1	1	2	2	2	2	2	2	8	2020	-1	-1	-1
NS23832R	3	2	-1	-1	-1	-1	-1	-1	-1	-1	-1	-1	-1	-1	-1	-1	-1	-1	-1	-1	-1	-1	-1	-1	-1	-1
NS23839Z	2	2	-1	-1	-1	-1	-1	-1	-1	-1	-1	-1	-1	-1	-1	-1	-1	-1	-1	-1	-1	-1	-1	-1	-1	-1
NS23841K	2	2	-1	-1	-1	-1	-1	-1	-1	-1	-1	-1	-1	-1	-1	-1	-1	-1	-1	-1	-1	-1	-1	-1	-1	-1
NS23844N	1	-1	-1	-1	-1	-1	-1	-1	-1	-1	-1	1	1	-1	-1	-1	-1	-1	-1	-1	-1	-1	-1	-1	-1	-1
NS23845P	1	-1	-1	-1	-1	-1	-1	-1	1	8	2017	1	1	-1	-1	-1	-1	-1	-1	-1	-1	-1	-1	-1	-1	-1
NS23846Q	2	2	-1	-1	-1	-1	-1	-1	-1	-1	-1	-1	-1	-1	-1	-1	-1	-1	-1	-1	-1	-1	-1	-1	-1	-1
NS23850D	2	1	12	2021	2	6	1981	41	3	-1	-1	1	1	-1	-1	-1	-1	-1	-1	-1	-1	-1	-1	-1	-1	-1
NS23851E	1	-1	-1	-1	-1	-1	-1	-1	-1	-1	-1	1	1	-1	-1	-1	-1	-1	-1	-1	-1	-1	-1	-1	-1	-1
NS23855J	2	1	6	2015	2	4	1993	29	1	12	2017	1	1	-1	-1	-1	-1	-1	-1	-1	-1	-1	-1	-1	-1	-1
NS23856K	2	2	-1	-1	-1	-1	-1	-1	-1	-1	-1	-1	-1	-1	-1	-1	-1	-1	-1	-1	-1	-1	-1	-1	-1	-1
NS23857L	2	2	-1	-1	-1	-1	-1	-1	-1	-1	-1	-1	-1	-1	-1	-1	-1	-1	-1	-1	-1	-1	-1	-1	-1	-1
NS23858M	1	-1	-1	-1	-1	-1	-1	-1	-1	-1	-1	1	1	-1	-1	-1	-1	-1	-1	-1	-1	-1	-1	-1	-1	-1
NS23861Z	2	1	2	2019	2	5	1998	23	3	-1	-1	1	1	-1	-1	-1	-1	-1	-1	-1	-1	-1	-1	-1	-1	-1
NS23865D	1	-1	-1	-1	-1	-1	-1	-1	-1	-1	-1	1	1	-1	-1	-1	-1	-1	-1	-1	-1	-1	-1	-1	-1	-1
NS23866E	2	1	9	2010	2	10	1989	33	3	-1	-1	1	1	-1	-1	-1	-1	-1	-1	-1	-1	-1	-1	-1	-1	-1
NS23867F	1	-1	-1	-1	-1	-1	-1	-1	1	7	2021	1	1	-1	-1	-1	-1	-1	-1	-1	-1	-1	-1	-1	-1	-1
NS23868G	1	-1	-1	-1	-1	-1	-1	-1	3	-1	-1	2	-1	1	1	2	2	2	2	2	2	9	2017	-1	-1	-1
NS23868G	2	1	12	2017	1	11	1987	34	3	-1	-1	1	1	-1	-1	-1	-1	-1	-1	-1	-1	-1	-1	-1	-1	-1
NS23873W	2	1	9	2022	2	7	1989	33	3	-1	-1	1	1	-1	-1	-1	-1	-1	-1	-1	-1	-1	-1	-1	-1	-1
NS23875Y	2	1	12	2018	2	7	1992	30	1	6	2022	1	1	-1	-1	-1	-1	-1	-1	-1	-1	-1	-1	-1	-1	-1
NS23876Z	2	1	6	2018	2	10	1991	31	1	8	2019	2	-1	1	1	2	2	2	2	2	2	11	2021	2	-1	-1
NS23876Z	3	2	-1	-1	-1	-1	-1	-1	-1	-1	-1	-1	-1	-1	-1	-1	-1	-1	-1	-1	-1	-1	-1	-1	-1	-1
NS23877A	1	-1	-1	-1	-1	-1	-1	-1	3	-1	-1	1	1	-1	-1	-1	-1	-1	-1	-1	-1	-1	-1	-1	-1	-1
NS23880M	2	2	-1	-1	-1	-1	-1	-1	-1	-1	-1	-1	-1	-1	-1	-1	-1	-1	-1	-1	-1	-1	-1	-1	-1	-1
NS23883Q	2	1	8	2016	2	12	1990	32	3	-1	-1	1	1	-1	-1	-1	-1	-1	-1	-1	-1	-1	-1	-1	-1	-1
NS23884R	2	2	-1	-1	-1	-1	-1	-1	-1	-1	-1	-1	-1	-1	-1	-1	-1	-1	-1	-1	-1	-1	-1	-1	-1	-1
NS23888W	2	2	-1	-1	-1	-1	-1	-1	-1	-1	-1	-1	-1	-1	-1	-1	-1	-1	-1	-1	-1	-1	-1	-1	-1	-1
NS23889X	1	-1	-1	-1	-1	-1	-1	-1	-1	-1	-1	1	1	-1	-1	-1	-1	-1	-1	-1	-1	-1	-1	-1	-1	-1
NS23890G	2	1	8	2017	1	4	1992	30	1	3	2017	1	1	-1	-1	-1	-1	-1	-1	-1	-1	-1	-1	-1	-1	-1
NS23893K	2	1	4	2016	2	-8	-8	35	3	-1	-1	2	-1	1	1	2	2	2	2	2	2	5	2018	-1	-1	-1
NS23893K	3	2	-1	-1	-1	-1	-1	-1	-1	-1	-1	-1	-1	-1	-1	-1	-1	-1	-1	-1	-1	-1	-1	-1	-1	-1
NS23894L	2	2	-1	-1	-1	-1	-1	-1	-1	-1	-1	-1	-1	-1	-1	-1	-1	-1	-1	-1	-1	-1	-1	-1	-1	-1
NS23900H	2	1	5	2019	2	8	1992	30	3	-1	-1	2	-1	1	1	2	2	2	2	2	2	12	2022	-1	-1	-1
NS23900H	3	2	-1	-1	-1	-1	-1	-1	-1	-1	-1	-1	-1	-1	-1	-1	-1	-1	-1	-1	-1	-1	-1	-1	-1	-1
NS23904M	2	2	-1	-1	-1	-1	-1	-1	-1	-1	-1	-1	-1	-1	-1	-1	-1	-1	-1	-1	-1	-1	-1	-1	-1	-1
NS23905N	2	2	-1	-1	-1	-1	-1	-1	-1	-1	-1	-1	-1	-1	-1	-1	-1	-1	-1	-1	-1	-1	-1	-1	-1	-1
NS23916J	2	1	11	2021	1	5	1993	29	2	4	2014	1	1	-1	-1	-1	-1	-1	-1	-1	-1	-1	-1	-1	-1	-1
NS23919M	1	-1	-1	-1	-1	-1	-1	-1	-1	-1	-1	1	1	-1	-1	-1	-1	-1	-1	-1	-1	-1	-1	-1	-1	-1
NS23922Z	2	2	-1	-1	-1	-1	-1	-1	-1	-1	-1	-1	-1	-1	-1	-1	-1	-1	-1	-1	-1	-1	-1	-1	-1	-1
NS23929G	2	2	-1	-1	-1	-1	-1	-1	-1	-1	-1	-1	-1	-1	-1	-1	-1	-1	-1	-1	-1	-1	-1	-1	-1	-1
NS23930R	2	2	-1	-1	-1	-1	-1	-1	-1	-1	-1	-1	-1	-1	-1	-1	-1	-1	-1	-1	-1	-1	-1	-1	-1	-1
NS23931S	2	2	-1	-1	-1	-1	-1	-1	-1	-1	-1	-1	-1	-1	-1	-1	-1	-1	-1	-1	-1	-1	-1	-1	-1	-1
NS23932T	2	1	6	2018	1	12	1989	32	3	-1	-1	1	1	-1	-1	-1	-1	-1	-1	-1	-1	-1	-1	-1	-1	-1
NS23935X	2	2	-1	-1	-1	-1	-1	-1	-1	-1	-1	-1	-1	-1	-1	-1	-1	-1	-1	-1	-1	-1	-1	-1	-1	-1
NS23937Z	2	1	3	2017	-9	1	1986	37	3	-1	-1	2	-1	1	2	2	2	2	2	2	1	3	2020	-1	-1	-1
NS23937Z	3	2	-1	-1	-1	-1	-1	-1	-1	-1	-1	-1	-1	-1	-1	-1	-1	-1	-1	-1	-1	-1	-1	-1	-1	-1
NS23938A	2	1	11	2017	1	8	1988	34	1	7	2019	1	1	-1	-1	-1	-1	-1	-1	-1	-1	-1	-1	-1	-1	-1
NS23939B	1	-1	-1	-1	-1	-1	-1	-1	-1	-1	-1	1	1	-1	-1	-1	-1	-1	-1	-1	-1	-1	-1	-1	-1	-1
NS23940L	2	1	5	2010	2	1	1991	31	3	-1	-1	1	1	-1	-1	-1	-1	-1	-1	-1	-1	-1	-1	-1	-1	-1
NS23941M	2	1	2	2020	2	1	1991	31	3	-1	-1	1	1	-1	-1	-1	-1	-1	-1	-1	-1	-1	-1	-1	-1	-1
NS23942N	2	2	-1	-1	-1	-1	-1	-1	-1	-1	-1	-1	-1	-1	-1	-1	-1	-1	-1	-1	-1	-1	-1	-1	-1	-1
NS23943P	1	-1	-1	-1	-1	-1	-1	-1	-1	-1	-1	2	-1	1	1	2	2	2	2	2	2	6	2021	1	3	2022
NS23943P	2	1	10	2021	2	4	1987	35	3	-1	-1	1	1	-1	-1	-1	-1	-1	-1	-1	-1	-1	-1	-1	-1	-1
NS23947T	2	1	11	2021	2	4	1994	28	3	-1	-1	1	1	-1	-1	-1	-1	-1	-1	-1	-1	-1	-1	-1	-1	-1
NS23948V	1	-1	-1	-1	-1	-1	-1	-1	3	-1	-1	2	-1	3	-1	-1	-1	-1	-1	-1	-1	9	2018	-1	-1	-1
NS23948V	2	2	-1	-1	-1	-1	-1	-1	-1	-1	-1	-1	-1	-1	-1	-1	-1	-1	-1	-1	-1	-1	-1	-1	-1	-1
NS23952H	2	2	-1	-1	-1	-1	-1	-1	-1	-1	-1	-1	-1	-1	-1	-1	-1	-1	-1	-1	-1	-1	-1	-1	-1	-1
NS23953J	1	-1	-1	-1	-1	-1	-1	-1	-1	-1	-1	1	1	-1	-1	-1	-1	-1	-1	-1	-1	-1	-1	-1	-1	-1
NS23956M	2	1	4	2018	2	-9	-9	34	3	-1	-1	2	-1	2	-1	-1	-1	-1	-1	-1	-1	1	2019	-1	-1	-1
NS23956M	3	2	-1	-1	-1	-1	-1	-1	-1	-1	-1	-1	-1	-1	-1	-1	-1	-1	-1	-1	-1	-1	-1	-1	-1	-1
NS23959Q	2	1	8	2016	2	11	1989	33	1	8	2016	1	1	-1	-1	-1	-1	-1	-1	-1	-1	-1	-1	-1	-1	-1
NS23960A	1	-1	-1	-1	-1	-1	-1	-1	-1	-1	-1	1	1	-1	-1	-1	-1	-1	-1	-1	-1	-1	-1	-1	-1	-1
NS23964E	1	-1	-1	-1	-1	-1	-1	-1	1	9	2018	1	1	-1	-1	-1	-1	-1	-1	-1	-1	-1	-1	-1	-1	-1
NS23966G	2	1	10	2017	1	2	1984	39	1	9	2019	1	1	-1	-1	-1	-1	-1	-1	-1	-1	-1	-1	-1	-1	-1
NS23968J	1	-1	-1	-1	-1	-1	-1	-1	1	11	2017	1	1	-1	-1	-1	-1	-1	-1	-1	-1	-1	-1	-1	-1	-1
NS23971W	2	1	10	2018	2	10	1985	37	1	8	2021	1	1	-1	-1	-1	-1	-1	-1	-1	-1	-1	-1	-1	-1	-1
NS23972X	1	-1	-1	-1	-1	-1	-1	-1	-1	-1	-1	1	1	-1	-1	-1	-1	-1	-1	-1	-1	-1	-1	-1	-1	-1
NS23978D	1	-1	-1	-1	-1	-1	-1	-1	1	8	2017	1	1	-1	-1	-1	-1	-1	-1	-1	-1	-1	-1	-1	-1	-1
NS23981Q	2	1	6	2019	1	6	1993	29	3	-1	-1	1	1	-1	-1	-1	-1	-1	-1	-1	-1	-1	-1	-1	-1	-1
NS23985V	2	2	-1	-1	-1	-1	-1	-1	-1	-1	-1	-1	-1	-1	-1	-1	-1	-1	-1	-1	-1	-1	-1	-1	-1	-1
NS23987X	2	2	-1	-1	-1	-1	-1	-1	-1	-1	-1	-1	-1	-1	-1	-1	-1	-1	-1	-1	-1	-1	-1	-1	-1	-1
NS23989Z	2	1	7	2010	1	3	1986	36	1	7	2021	1	1	-1	-1	-1	-1	-1	-1	-1	-1	-1	-1	-1	-1	-1
NS23990J	2	2	-1	-1	-1	-1	-1	-1	-1	-1	-1	-1	-1	-1	-1	-1	-1	-1	-1	-1	-1	-1	-1	-1	-1	-1
NS23991K	2	1	9	2016	2	7	1988	34	3	-1	-1	1	1	-1	-1	-1	-1	-1	-1	-1	-1	-1	-1	-1	-1	-1
NS23992L	2	2	-1	-1	-1	-1	-1	-1	-1	-1	-1	-1	-1	-1	-1	-1	-1	-1	-1	-1	-1	-1	-1	-1	-1	-1
NS23993M	2	2	-1	-1	-1	-1	-1	-1	-1	-1	-1	-1	-1	-1	-1	-1	-1	-1	-1	-1	-1	-1	-1	-1	-1	-1
NS23995P	1	-1	-1	-1	-1	-1	-1	-1	-1	-1	-1	1	1	-1	-1	-1	-1	-1	-1	-1	-1	-1	-1	-1	-1	-1
NS23997R	2	2	-1	-1	-1	-1	-1	-1	-1	-1	-1	-1	-1	-1	-1	-1	-1	-1	-1	-1	-1	-1	-1	-1	-1	-1
NS23998S	1	-1	-1	-1	-1	-1	-1	-1	3	-1	-1	2	-1	1	1	2	2	2	1	2	2	6	2020	-1	-1	-1
NS23998S	2	1	12	2022	1	4	2002	20	3	-1	-1	1	1	-1	-1	-1	-1	-1	-1	-1	-1	-1	-1	-1	-1	-1
NS23999T	2	2	-1	-1	-1	-1	-1	-1	-1	-1	-1	-1	-1	-1	-1	-1	-1	-1	-1	-1	-1	-1	-1	-1	-1	-1
NS24001K	2	2	-1	-1	-1	-1	-1	-1	-1	-1	-1	-1	-1	-1	-1	-1	-1	-1	-1	-1	-1	-1	-1	-1	-1	-1
NS24002L	2	1	9	2017	2	10	1990	32	1	5	2018	1	1	-1	-1	-1	-1	-1	-1	-1	-1	-1	-1	-1	-1	-1
NS24003M	2	1	1	2017	2	11	1992	30	3	-1	-1	2	-1	1	1	2	2	2	2	2	2	8	2019	-1	-1	-1
NS24003M	3	1	11	2022	2	5	1989	33	3	-1	-1	1	1	-1	-1	-1	-1	-1	-1	-1	-1	-1	-1	-1	-1	-1
NS24006Q	1	-1	-1	-1	-1	-1	-1	-1	1	3	2019	1	1	-1	-1	-1	-1	-1	-1	-1	-1	-1	-1	-1	-1	-1
NS24007R	2	1	5	2013	2	12	1989	32	3	-1	-1	1	1	-1	-1	-1	-1	-1	-1	-1	-1	-1	-1	-1	-1	-1
NS24010D	1	-1	-1	-1	-1	-1	-1	-1	1	2	2016	1	1	-1	-1	-1	-1	-1	-1	-1	-1	-1	-1	-1	-1	-1
NS24012F	2	1	3	2016	1	-9	-9	35	3	-1	-1	1	2	-1	-1	-1	-1	-1	-1	-1	-1	8	2017	-1	-1	-1
NS24012F	3	2	-1	-1	-1	-1	-1	-1	-1	-1	-1	-1	-1	-1	-1	-1	-1	-1	-1	-1	-1	-1	-1	-1	-1	-1
NS24015J	1	-1	-1	-1	-1	-1	-1	-1	1	2	2018	1	1	-1	-1	-1	-1	-1	-1	-1	-1	-1	-1	-1	-1	-1
NS24016K	2	1	10	2016	2	6	1997	25	1	3	2021	1	1	-1	-1	-1	-1	-1	-1	-1	-1	-1	-1	-1	-1	-1
NS24020Y	1	-1	-1	-1	-1	-1	-1	-1	-1	-1	-1	1	1	-1	-1	-1	-1	-1	-1	-1	-1	-1	-1	-1	-1	-1
NS24021Z	2	1	3	2022	1	10	1984	37	1	4	2022	1	1	-1	-1	-1	-1	-1	-1	-1	-1	-1	-1	-1	-1	-1
NS24022A	2	2	-1	-1	-1	-1	-1	-1	-1	-1	-1	-1	-1	-1	-1	-1	-1	-1	-1	-1	-1	-1	-1	-1	-1	-1
NS24024C	2	2	-1	-1	-1	-1	-1	-1	-1	-1	-1	-1	-1	-1	-1	-1	-1	-1	-1	-1	-1	-1	-1	-1	-1	-1
NS24025D	2	1	1	2019	2	3	1988	35	3	-1	-1	1	1	-1	-1	-1	-1	-1	-1	-1	-1	-1	-1	-1	-1	-1
NS24026E	2	1	1	2018	1	11	1989	33	3	3	2017	1	1	-1	-1	-1	-1	-1	-1	-1	-1	-1	-1	-1	-1	-1
NS24028G	1	-1	-1	-1	-1	-1	-1	-1	3	-1	-1	2	-1	1	1	2	2	2	2	2	2	9	2016	-1	-1	-1
NS24028G	2	2	-1	-1	-1	-1	-1	-1	-1	-1	-1	-1	-1	-1	-1	-1	-1	-1	-1	-1	-1	-1	-1	-1	-1	-1
NS24030S	1	-1	-1	-1	-1	-1	-1	-1	3	-1	-1	1	1	-1	-1	-1	-1	-1	-1	-1	-1	-1	-1	-1	-1	-1
NS24034X	1	-1	-1	-1	-1	-1	-1	-1	3	-1	-1	1	1	-1	-1	-1	-1	-1	-1	-1	-1	-1	-1	-1	-1	-1
NS24036Z	2	1	2	2017	2	4	1991	32	1	2	2019	1	1	-1	-1	-1	-1	-1	-1	-1	-1	-1	-1	-1	-1	-1
NS24039C	1	-1	-1	-1	-1	-1	-1	-1	1	7	2017	1	1	-1	-1	-1	-1	-1	-1	-1	-1	-1	-1	-1	-1	-1
NS24041N	2	1	9	2021	1	7	1990	32	3	-1	-1	2	-1	1	1	2	2	2	2	2	2	12	2022	-1	-1	-1
NS24041N	3	2	-1	-1	-1	-1	-1	-1	-1	-1	-1	-1	-1	-1	-1	-1	-1	-1	-1	-1	-1	-1	-1	-1	-1	-1
NS24043Q	2	2	-1	-1	-1	-1	-1	-1	-1	-1	-1	-1	-1	-1	-1	-1	-1	-1	-1	-1	-1	-1	-1	-1	-1	-1
NS24045S	2	1	10	2021	2	7	1991	31	3	-1	-1	1	1	-1	-1	-1	-1	-1	-1	-1	-1	-1	-1	-1	-1	-1
NS24046T	2	1	8	2019	1	10	1989	32	3	-1	-1	1	1	-1	-1	-1	-1	-1	-1	-1	-1	-1	-1	-1	-1	-1
NS24048W	2	1	4	2021	1	4	1994	28	3	-1	-1	1	1	-1	-1	-1	-1	-1	-1	-1	-1	-1	-1	-1	-1	-1
NS24049X	1	-1	-1	-1	-1	-1	-1	-1	1	9	2017	1	1	-1	-1	-1	-1	-1	-1	-1	-1	-1	-1	-1	-1	-1
NS24051H	2	1	10	2016	1	7	1989	33	3	-1	-1	1	1	-1	-1	-1	-1	-1	-1	-1	-1	-1	-1	-1	-1	-1
NS24053K	1	-1	-1	-1	-1	-1	-1	-1	3	-1	-1	2	-1	1	1	2	2	2	2	2	2	1	2017	-1	-1	-1
NS24053K	2	2	-1	-1	-1	-1	-1	-1	-1	-1	-1	-1	-1	-1	-1	-1	-1	-1	-1	-1	-1	-1	-1	-1	-1	-1
NS24054L	1	-1	-1	-1	-1	-1	-1	-1	-1	-1	-1	1	1	-1	-1	-1	-1	-1	-1	-1	-1	-1	-1	-1	-1	-1
NS24055M	2	1	9	2012	1	5	1990	32	1	8	2019	1	1	-1	-1	-1	-1	-1	-1	-1	-1	-1	-1	-1	-1	-1
NS24057P	1	-1	-1	-1	-1	-1	-1	-1	1	9	2018	1	1	-1	-1	-1	-1	-1	-1	-1	-1	-1	-1	-1	-1	-1
NS24060B	2	1	3	2015	1	7	1987	35	1	10	2016	1	1	-1	-1	-1	-1	-1	-1	-1	-1	-1	-1	-1	-1	-1
NS24061C	1	-1	-1	-1	-1	-1	-1	-1	3	-1	-1	2	-1	1	1	2	2	2	2	2	2	4	2016	-1	-1	-1
NS24061C	2	2	-1	-1	-1	-1	-1	-1	-1	-1	-1	-1	-1	-1	-1	-1	-1	-1	-1	-1	-1	-1	-1	-1	-1	-1
NS24065G	1	-1	-1	-1	-1	-1	-1	-1	-1	-1	-1	1	1	-1	-1	-1	-1	-1	-1	-1	-1	-1	-1	-1	-1	-1
NS24066H	2	1	8	2018	2	1	1992	30	1	4	2019	1	1	-1	-1	-1	-1	-1	-1	-1	-1	-1	-1	-1	-1	-1
NS24067J	2	1	10	2020	2	8	1989	32	3	-1	-1	1	1	-1	-1	-1	-1	-1	-1	-1	-1	-1	-1	-1	-1	-1
NS24069L	1	-1	-1	-1	-1	-1	-1	-1	-1	-1	-1	2	-1	1	1	2	2	2	2	2	2	7	2017	1	11	2018
NS24069L	2	2	-1	-1	-1	-1	-1	-1	-1	-1	-1	-1	-1	-1	-1	-1	-1	-1	-1	-1	-1	-1	-1	-1	-1	-1
NS24075B	2	1	9	2020	1	9	1987	34	1	5	2019	1	1	-1	-1	-1	-1	-1	-1	-1	-1	-1	-1	-1	-1	-1
NS24077D	2	2	-1	-1	-1	-1	-1	-1	-1	-1	-1	-1	-1	-1	-1	-1	-1	-1	-1	-1	-1	-1	-1	-1	-1	-1
NS24079F	2	1	7	2019	1	10	1979	43	3	-1	-1	1	1	-1	-1	-1	-1	-1	-1	-1	-1	1	2015	-1	-1	-1
NS24085W	2	1	5	2021	2	5	1994	28	3	-1	-1	1	1	-1	-1	-1	-1	-1	-1	-1	-1	-1	-1	-1	-1	-1
NS24087Y	1	-1	-1	-1	-1	-1	-1	-1	3	-1	-1	1	1	-1	-1	-1	-1	-1	-1	-1	-1	-1	-1	-1	-1	-1
NS24090K	2	2	-1	-1	-1	-1	-1	-1	-1	-1	-1	-1	-1	-1	-1	-1	-1	-1	-1	-1	-1	-1	-1	-1	-1	-1
NS24091L	1	-1	-1	-1	-1	-1	-1	-1	1	5	2016	1	1	-1	-1	-1	-1	-1	-1	-1	-1	-1	-1	-1	-1	-1
NS24097S	1	-1	-1	-1	-1	-1	-1	-1	3	-1	-1	2	-1	1	1	2	2	2	2	1	2	10	2021	-1	-1	-1
NS24097S	2	1	10	2022	1	7	1990	32	3	-1	-1	1	1	-1	-1	-1	-1	-1	-1	-1	-1	-1	-1	-1	-1	-1
NS24098T	1	-1	-1	-1	-1	-1	-1	-1	3	-1	-1	1	1	-1	-1	-1	-1	-1	-1	-1	-1	-1	-1	-1	-1	-1
NS24101M	2	1	3	2011	2	7	1989	33	1	10	2013	1	1	-1	-1	-1	-1	-1	-1	-1	-1	-1	-1	-1	-1	-1
NS24102N	1	-1	-1	-1	-1	-1	-1	-1	3	-1	-1	2	-1	1	1	2	2	2	2	2	2	11	2016	-1	-1	-1
NS24102N	2	1	1	2019	2	1	1989	33	3	-1	-1	2	-1	1	1	2	2	2	2	2	2	8	2020	-1	-1	-1
NS24102N	3	1	3	2021	2	3	1994	28	3	-1	-1	2	-1	1	1	2	1	1	2	2	2	6	2021	-1	-1	-1
NS24102N	4	2	-1	-1	-1	-1	-1	-1	-1	-1	-1	-1	-1	-1	-1	-1	-1	-1	-1	-1	-1	-1	-1	-1	-1	-1
NS24104Q	1	-1	-1	-1	-1	-1	-1	-1	3	-1	-1	2	-1	1	1	2	2	2	2	2	2	11	2019	-1	-1	-1
NS24104Q	2	1	8	2022	1	9	1982	40	3	-1	-1	1	1	-1	-1	-1	-1	-1	-1	-1	-1	-1	-1	-1	-1	-1
NS24106S	2	2	-1	-1	-1	-1	-1	-1	-1	-1	-1	-1	-1	-1	-1	-1	-1	-1	-1	-1	-1	-1	-1	-1	-1	-1
NS24116M	2	1	10	2017	2	6	1992	30	3	-1	-1	1	1	-1	-1	-1	-1	-1	-1	-1	-1	-1	-1	-1	-1	-1
NS24118P	2	2	-1	-1	-1	-1	-1	-1	-1	-1	-1	-1	-1	-1	-1	-1	-1	-1	-1	-1	-1	-1	-1	-1	-1	-1
NS24120A	2	1	3	2020	2	5	1990	32	1	2	2020	1	1	-1	-1	-1	-1	-1	-1	-1	-1	-1	-1	-1	-1	-1
NS24121B	2	1	3	2021	1	10	1987	35	3	-1	-1	1	1	-1	-1	-1	-1	-1	-1	-1	-1	-1	-1	-1	-1	-1
NS24123D	2	1	1	2023	2	-9	-9	-9	1	-9	-9	1	1	-1	-1	-1	-1	-1	-1	-1	-1	-1	-1	-1	-1	-1
NS24125F	1	-1	-1	-1	-1	-1	-1	-1	2	9	2003	1	1	-1	-1	-1	-1	-1	-1	-1	-1	-1	-1	-1	-1	-1
NS24126G	2	1	6	2018	1	11	1989	33	1	8	2021	1	1	-1	-1	-1	-1	-1	-1	-1	-1	-1	-1	-1	-1	-1
NS24135A	1	-1	-1	-1	-1	-1	-1	-1	-1	-1	-1	1	1	-1	-1	-1	-1	-1	-1	-1	-1	-1	-1	-1	-1	-1
NS24138D	2	1	11	2012	1	-8	1980	42	3	-1	-1	2	-1	1	1	2	2	2	2	2	2	10	2013	-1	-1	-1
NS24138D	3	1	11	2016	1	-8	1989	33	3	-1	-1	2	-1	1	1	2	1	2	2	2	2	5	2017	-1	-1	-1
NS24138D	4	1	8	2021	1	11	1992	29	3	-1	-1	2	-1	1	2	2	2	2	1	2	2	11	2021	-1	-1	-1
NS24138D	5	2	-1	-1	-1	-1	-1	-1	-1	-1	-1	-1	-1	-1	-1	-1	-1	-1	-1	-1	-1	-1	-1	-1	-1	-1
NS24139E	2	1	1	2020	2	7	1992	30	3	-1	-1	1	1	-1	-1	-1	-1	-1	-1	-1	-1	-1	-1	-1	-1	-1
NS24142R	2	1	8	2022	2	1	1994	28	1	8	2022	1	1	-1	-1	-1	-1	-1	-1	-1	-1	-1	-1	-1	-1	-1
NS24144T	2	1	8	2016	1	3	1988	34	3	-1	-1	2	-1	1	1	2	2	2	2	2	2	5	2020	-1	-1	-1
NS24144T	3	1	12	2020	1	12	1991	31	3	-1	-1	1	1	-1	-1	-1	-1	-1	-1	-1	-1	-1	-1	-1	-1	-1
NS24145V	2	1	10	2021	2	12	1992	30	3	-1	-1	2	-1	2	-1	-1	-1	-1	-1	-1	-1	3	2023	-1	-1	-1
NS24145V	3	2	-1	-1	-1	-1	-1	-1	-1	-1	-1	-1	-1	-1	-1	-1	-1	-1	-1	-1	-1	-1	-1	-1	-1	-1
NS24148Y	2	2	-1	-1	-1	-1	-1	-1	-1	-1	-1	-1	-1	-1	-1	-1	-1	-1	-1	-1	-1	-1	-1	-1	-1	-1
NS24150J	2	1	5	2016	1	3	1990	32	1	5	2016	1	1	-1	-1	-1	-1	-1	-1	-1	-1	-1	-1	-1	-1	-1
NS24158S	2	1	8	2021	2	-9	1993	29	3	-1	-1	1	1	-1	-1	-1	-1	-1	-1	-1	-1	-1	-1	-1	-1	-1
NS24161E	1	-1	-1	-1	-1	-1	-1	-1	-1	-1	-1	1	1	-1	-1	-1	-1	-1	-1	-1	-1	-1	-1	-1	-1	-1
NS24162F	2	2	-1	-1	-1	-1	-1	-1	-1	-1	-1	-1	-1	-1	-1	-1	-1	-1	-1	-1	-1	-1	-1	-1	-1	-1
NS24164H	1	-1	-1	-1	-1	-1	-1	-1	-1	-1	-1	1	1	-1	-1	-1	-1	-1	-1	-1	-1	-1	-1	-1	-1	-1
NS24166K	2	2	-1	-1	-1	-1	-1	-1	-1	-1	-1	-1	-1	-1	-1	-1	-1	-1	-1	-1	-1	-1	-1	-1	-1	-1
NS24168M	2	1	6	2019	1	9	1994	28	3	-1	-1	1	1	-1	-1	-1	-1	-1	-1	-1	-1	-1	-1	-1	-1	-1
NS24178G	2	1	2	2017	1	7	1991	31	1	9	2020	1	1	-1	-1	-1	-1	-1	-1	-1	-1	-1	-1	-1	-1	-1
NS24180S	2	1	7	2016	2	6	1991	32	1	2	2020	1	1	-1	-1	-1	-1	-1	-1	-1	-1	-1	-1	-1	-1	-1
NS24181T	2	1	8	2022	2	12	1988	34	3	-1	-1	1	1	-1	-1	-1	-1	-1	-1	-1	-1	-1	-1	-1	-1	-1
NS24183W	2	1	11	2021	1	2	1990	32	3	-1	-1	1	1	-1	-1	-1	-1	-1	-1	-1	-1	-1	-1	-1	-1	-1
NS24184X	1	-1	-1	-1	-1	-1	-1	-1	3	-1	-1	2	-1	1	1	2	2	2	2	2	2	1	2017	-1	-1	-1
NS24184X	2	2	-1	-1	-1	-1	-1	-1	-1	-1	-1	-1	-1	-1	-1	-1	-1	-1	-1	-1	-1	-1	-1	-1	-1	-1
NS24185Y	1	-1	-1	-1	-1	-1	-1	-1	1	9	2017	1	1	-1	-1	-1	-1	-1	-1	-1	-1	-1	-1	-1	-1	-1
NS24189C	2	1	1	2016	2	9	1989	33	3	-1	-1	1	1	-1	-1	-1	-1	-1	-1	-1	-1	-1	-1	-1	-1	-1
NS24192P	2	2	-1	-1	-1	-1	-1	-1	-1	-1	-1	-1	-1	-1	-1	-1	-1	-1	-1	-1	-1	-1	-1	-1	-1	-1
NS24193Q	2	1	10	2021	1	12	1987	35	3	-1	-1	1	1	-1	-1	-1	-1	-1	-1	-1	-1	-1	-1	-1	-1	-1
NS24194R	2	1	4	2021	1	2	1993	30	3	-1	-1	1	1	-1	-1	-1	-1	-1	-1	-1	-1	-1	-1	-1	-1	-1
NS24197V	2	1	3	2018	2	6	1990	32	3	-1	-1	1	1	-1	-1	-1	-1	-1	-1	-1	-1	-1	-1	-1	-1	-1
NS24199X	2	2	-1	-1	-1	-1	-1	-1	-1	-1	-1	-1	-1	-1	-1	-1	-1	-1	-1	-1	-1	-1	-1	-1	-1	-1
NS24200N	2	1	9	2018	2	5	1991	30	3	-1	-1	1	1	-1	-1	-1	-1	-1	-1	-1	-1	-1	-1	-1	-1	-1
NS24201P	1	-1	-1	-1	-1	-1	-1	-1	1	7	2021	1	1	-1	-1	-1	-1	-1	-1	-1	-1	-1	-1	-1	-1	-1
NS24202Q	2	1	2	2022	2	5	1993	29	3	-1	-1	1	1	-1	-1	-1	-1	-1	-1	-1	-1	-1	-1	-1	-1	-1
NS24205T	2	1	9	2020	2	8	1988	33	3	-1	-1	1	1	-1	-1	-1	-1	-1	-1	-1	-1	-1	-1	-1	-1	-1
NS24208X	1	-1	-1	-1	-1	-1	-1	-1	3	-1	-1	1	1	-1	-1	-1	-1	-1	-1	-1	-1	-1	-1	-1	-1	-1
NS24210H	1	-1	-1	-1	-1	-1	-1	-1	-1	-1	-1	1	1	-1	-1	-1	-1	-1	-1	-1	-1	-1	-1	-1	-1	-1
NS24211J	2	1	10	2016	2	8	1992	30	3	-1	-1	2	-1	1	1	2	2	2	2	2	2	10	2019	-1	-1	-1
NS24211J	3	1	9	2021	2	8	1990	32	3	-1	-1	2	-1	1	1	2	2	2	2	2	2	1	2023	-1	-1	-1
NS24211J	4	2	-1	-1	-1	-1	-1	-1	-1	-1	-1	-1	-1	-1	-1	-1	-1	-1	-1	-1	-1	-1	-1	-1	-1	-1
NS24213L	1	-1	-1	-1	-1	-1	-1	-1	-1	-1	-1	1	1	-1	-1	-1	-1	-1	-1	-1	-1	-1	-1	-1	-1	-1
NS24215N	1	-1	-1	-1	-1	-1	-1	-1	1	7	2016	1	1	-1	-1	-1	-1	-1	-1	-1	-1	-1	-1	-1	-1	-1
NS24217Q	2	1	8	2017	2	2	1988	34	1	7	2021	1	1	-1	-1	-1	-1	-1	-1	-1	-1	-1	-1	-1	-1	-1
NS24218R	2	1	6	2019	2	5	1990	32	2	12	2018	1	1	-1	-1	-1	-1	-1	-1	-1	-1	-1	-1	-1	-1	-1
NS24221D	1	-1	-1	-1	-1	-1	-1	-1	3	-1	-1	2	-1	1	1	2	1	2	2	2	2	3	2023	-1	-1	-1
NS24221D	2	2	-1	-1	-1	-1	-1	-1	-1	-1	-1	-1	-1	-1	-1	-1	-1	-1	-1	-1	-1	-1	-1	-1	-1	-1
NS24222E	2	1	10	2016	1	2	1985	37	1	3	2019	2	-1	1	1	2	2	2	2	2	2	9	2020	2	-1	-1
NS24222E	3	2	-1	-1	-1	-1	-1	-1	-1	-1	-1	-1	-1	-1	-1	-1	-1	-1	-1	-1	-1	-1	-1	-1	-1	-1
NS24224G	2	1	9	2018	1	3	1993	29	3	-1	-1	1	1	-1	-1	-1	-1	-1	-1	-1	-1	-1	-1	-1	-1	-1
NS24226J	2	1	5	2017	2	-8	-8	34	3	-1	-1	2	-1	1	1	2	2	2	2	2	2	9	2018	-1	-1	-1
NS24226J	3	1	8	2020	2	12	1989	33	3	-1	-1	1	1	-1	-1	-1	-1	-1	-1	-1	-1	-1	-1	-1	-1	-1
NS24229M	2	2	-1	-1	-1	-1	-1	-1	-1	-1	-1	-1	-1	-1	-1	-1	-1	-1	-1	-1	-1	-1	-1	-1	-1	-1
NS24231Y	1	-1	-1	-1	-1	-1	-1	-1	3	-1	-1	1	1	-1	-1	-1	-1	-1	-1	-1	-1	-1	-1	-1	-1	-1
NS24232Z	2	1	6	2020	2	8	1988	33	3	-1	-1	1	1	-1	-1	-1	-1	-1	-1	-1	-1	-1	-1	-1	-1	-1
NS24234B	1	-1	-1	-1	-1	-1	-1	-1	1	8	2019	1	1	-1	-1	-1	-1	-1	-1	-1	-1	-1	-1	-1	-1	-1
NS24238F	1	-1	-1	-1	-1	-1	-1	-1	1	12	2020	1	1	-1	-1	-1	-1	-1	-1	-1	-1	-1	-1	-1	-1	-1
NS24242T	2	2	-1	-1	-1	-1	-1	-1	-1	-1	-1	-1	-1	-1	-1	-1	-1	-1	-1	-1	-1	-1	-1	-1	-1	-1
NS24243V	2	2	-1	-1	-1	-1	-1	-1	-1	-1	-1	-1	-1	-1	-1	-1	-1	-1	-1	-1	-1	-1	-1	-1	-1	-1
NS24245X	2	1	7	2016	2	2	1990	32	1	7	2016	1	1	-1	-1	-1	-1	-1	-1	-1	-1	-1	-1	-1	-1	-1
NS24246Y	2	1	1	2023	1	3	1990	32	3	-1	-1	1	1	-1	-1	-1	-1	-1	-1	-1	-1	-1	-1	-1	-1	-1
NS24247Z	1	-1	-1	-1	-1	-1	-1	-1	3	-1	-1	1	1	-1	-1	-1	-1	-1	-1	-1	-1	-1	-1	-1	-1	-1
NS24252N	2	2	-1	-1	-1	-1	-1	-1	-1	-1	-1	-1	-1	-1	-1	-1	-1	-1	-1	-1	-1	-1	-1	-1	-1	-1
NS24253P	2	1	1	2016	1	1	1987	36	1	1	2016	1	1	-1	-1	-1	-1	-1	-1	-1	-1	-1	-1	-1	-1	-1
NS24256S	2	1	6	2016	1	6	1983	39	3	-1	-1	2	-1	1	1	2	2	2	2	2	2	9	2018	-1	-1	-1
NS24256S	3	2	-1	-1	-1	-1	-1	-1	-1	-1	-1	-1	-1	-1	-1	-1	-1	-1	-1	-1	-1	-1	-1	-1	-1	-1
NS24260F	2	1	9	2016	1	-9	-9	38	3	-1	-1	1	1	-1	-1	-1	-1	-1	-1	-1	-1	-1	-1	-1	-1	-1
NS24262H	2	1	10	2016	1	4	1990	32	3	-1	-1	1	1	-1	-1	-1	-1	-1	-1	-1	-1	-1	-1	-1	-1	-1
NS24263J	1	-1	-1	-1	-1	-1	-1	-1	1	3	2022	1	1	-1	-1	-1	-1	-1	-1	-1	-1	-1	-1	-1	-1	-1
NS24264K	1	-1	-1	-1	-1	-1	-1	-1	1	8	2019	1	1	-1	-1	-1	-1	-1	-1	-1	-1	-1	-1	-1	-1	-1
NS24269Q	2	2	-1	-1	-1	-1	-1	-1	-1	-1	-1	-1	-1	-1	-1	-1	-1	-1	-1	-1	-1	-1	-1	-1	-1	-1
NS24270A	1	-1	-1	-1	-1	-1	-1	-1	-1	-1	-1	1	1	-1	-1	-1	-1	-1	-1	-1	-1	-1	-1	-1	-1	-1
NS24272C	2	1	6	2020	1	2	1983	40	3	-1	-1	1	1	-1	-1	-1	-1	-1	-1	-1	-1	-1	-1	-1	-1	-1
NS24273D	2	1	4	2017	1	6	1989	32	1	7	2019	1	1	-1	-1	-1	-1	-1	-1	-1	-1	-1	-1	-1	-1	-1
NS24276G	2	2	-1	-1	-1	-1	-1	-1	-1	-1	-1	-1	-1	-1	-1	-1	-1	-1	-1	-1	-1	-1	-1	-1	-1	-1
NS24278J	1	-1	-1	-1	-1	-1	-1	-1	1	4	2022	1	1	-1	-1	-1	-1	-1	-1	-1	-1	-1	-1	-1	-1	-1
NS24280V	2	1	7	2017	1	3	1988	35	3	-1	-1	1	1	-1	-1	-1	-1	-1	-1	-1	-1	-1	-1	-1	-1	-1
NS24283Y	1	-1	-1	-1	-1	-1	-1	-1	-1	-1	-1	1	1	-1	-1	-1	-1	-1	-1	-1	-1	-1	-1	-1	-1	-1
NS24285A	1	-1	-1	-1	-1	-1	-1	-1	-1	-1	-1	1	1	-1	-1	-1	-1	-1	-1	-1	-1	-1	-1	-1	-1	-1
NS24286B	2	1	9	2015	2	12	1984	38	3	-1	-1	1	1	-1	-1	-1	-1	-1	-1	-1	-1	-1	-1	-1	-1	-1
NS24288D	2	1	11	2013	1	3	1991	31	3	-1	-1	2	-1	1	1	2	2	2	2	2	2	8	2020	-1	-1	-1
NS24288D	3	2	-1	-1	-1	-1	-1	-1	-1	-1	-1	-1	-1	-1	-1	-1	-1	-1	-1	-1	-1	-1	-1	-1	-1	-1
NS24289E	1	-1	-1	-1	-1	-1	-1	-1	3	-1	-1	1	1	-1	-1	-1	-1	-1	-1	-1	-1	-1	-1	-1	-1	-1
NS24290P	2	2	-1	-1	-1	-1	-1	-1	-1	-1	-1	-1	-1	-1	-1	-1	-1	-1	-1	-1	-1	-1	-1	-1	-1	-1
NS24293S	1	-1	-1	-1	-1	-1	-1	-1	-1	-1	-1	1	1	-1	-1	-1	-1	-1	-1	-1	-1	-1	-1	-1	-1	-1
NS24294T	1	-1	-1	-1	-1	-1	-1	-1	-1	-1	-1	1	1	-1	-1	-1	-1	-1	-1	-1	-1	-1	-1	-1	-1	-1
NS24295V	2	1	11	2018	2	12	1992	29	2	11	2018	1	1	-1	-1	-1	-1	-1	-1	-1	-1	-1	-1	-1	-1	-1
NS24296W	2	2	-1	-1	-1	-1	-1	-1	-1	-1	-1	-1	-1	-1	-1	-1	-1	-1	-1	-1	-1	-1	-1	-1	-1	-1
NS24297X	1	-1	-1	-1	-1	-1	-1	-1	3	-1	-1	1	1	-1	-1	-1	-1	-1	-1	-1	-1	-1	-1	-1	-1	-1
NS24298Y	2	2	-1	-1	-1	-1	-1	-1	-1	-1	-1	-1	-1	-1	-1	-1	-1	-1	-1	-1	-1	-1	-1	-1	-1	-1
NS24300Q	2	2	-1	-1	-1	-1	-1	-1	-1	-1	-1	-1	-1	-1	-1	-1	-1	-1	-1	-1	-1	-1	-1	-1	-1	-1
NS24301R	2	1	6	2017	1	6	1992	31	1	10	2020	1	1	-1	-1	-1	-1	-1	-1	-1	-1	-1	-1	-1	-1	-1
NS24304V	2	1	6	2019	2	4	1984	38	3	-1	-1	1	1	-1	-1	-1	-1	-1	-1	-1	-1	-1	-1	-1	-1	-1
NS24308Z	2	2	-1	-1	-1	-1	-1	-1	-1	-1	-1	-1	-1	-1	-1	-1	-1	-1	-1	-1	-1	-1	-1	-1	-1	-1
NS24312M	2	1	11	2020	1	4	1989	33	3	-1	-1	2	-1	2	-1	-1	-1	-1	-1	-1	-1	4	2022	-1	-1	-1
NS24312M	3	2	-1	-1	-1	-1	-1	-1	-1	-1	-1	-1	-1	-1	-1	-1	-1	-1	-1	-1	-1	-1	-1	-1	-1	-1
NS24313N	2	2	-1	-1	-1	-1	-1	-1	-1	-1	-1	-1	-1	-1	-1	-1	-1	-1	-1	-1	-1	-1	-1	-1	-1	-1
NS24314P	2	1	6	2017	2	-8	1990	31	3	-1	-1	2	-1	1	1	2	2	2	2	2	2	-8	2019	-1	-1	-1
NS24314P	3	2	-1	-1	-1	-1	-1	-1	-1	-1	-1	-1	-1	-1	-1	-1	-1	-1	-1	-1	-1	-1	-1	-1	-1	-1
NS24316R	2	2	-1	-1	-1	-1	-1	-1	-1	-1	-1	-1	-1	-1	-1	-1	-1	-1	-1	-1	-1	-1	-1	-1	-1	-1
NS24318T	1	-1	-1	-1	-1	-1	-1	-1	-1	-1	-1	1	1	-1	-1	-1	-1	-1	-1	-1	-1	-1	-1	-1	-1	-1
NS24319V	2	1	3	2018	1	3	1995	27	3	-1	-1	1	1	-1	-1	-1	-1	-1	-1	-1	-1	-1	-1	-1	-1	-1
NS24321F	2	1	11	2016	1	12	1979	42	1	9	2018	1	1	-1	-1	-1	-1	-1	-1	-1	-1	-1	-1	-1	-1	-1
NS24325K	2	1	7	2011	1	12	1983	39	1	7	2011	1	1	-1	-1	-1	-1	-1	-1	-1	-1	-1	-1	-1	-1	-1
NS24326L	2	1	3	2017	1	6	1991	30	1	6	2018	1	1	-1	-1	-1	-1	-1	-1	-1	-1	-1	-1	-1	-1	-1
NS24328N	2	2	-1	-1	-1	-1	-1	-1	-1	-1	-1	-1	-1	-1	-1	-1	-1	-1	-1	-1	-1	-1	-1	-1	-1	-1
NS24331A	2	1	5	2013	1	7	1979	43	1	8	2014	1	1	-1	-1	-1	-1	-1	-1	-1	-1	-1	-1	-1	-1	-1
NS24335E	2	2	-1	-1	-1	-1	-1	-1	-1	-1	-1	-1	-1	-1	-1	-1	-1	-1	-1	-1	-1	-1	-1	-1	-1	-1
NS24336F	2	1	8	2022	2	11	2002	20	3	-1	-1	1	1	-1	-1	-1	-1	-1	-1	-1	-1	-1	-1	-1	-1	-1
NS24338H	2	2	-1	-1	-1	-1	-1	-1	-1	-1	-1	-1	-1	-1	-1	-1	-1	-1	-1	-1	-1	-1	-1	-1	-1	-1
NS24339J	2	1	1	2016	1	6	1992	30	1	12	2015	1	1	-1	-1	-1	-1	-1	-1	-1	-1	-1	-1	-1	-1	-1
NS24340T	2	1	2	2016	2	4	1992	30	1	2	2016	1	1	-1	-1	-1	-1	-1	-1	-1	-1	-1	-1	-1	-1	-1
NS24341V	2	1	8	2010	1	2	1985	38	1	5	2013	1	1	-1	-1	-1	-1	-1	-1	-1	-1	-1	-1	-1	-1	-1
NS24346A	2	2	-1	-1	-1	-1	-1	-1	-1	-1	-1	-1	-1	-1	-1	-1	-1	-1	-1	-1	-1	-1	-1	-1	-1	-1
NS24348C	2	2	-1	-1	-1	-1	-1	-1	-1	-1	-1	-1	-1	-1	-1	-1	-1	-1	-1	-1	-1	-1	-1	-1	-1	-1
NS24349D	2	2	-1	-1	-1	-1	-1	-1	-1	-1	-1	-1	-1	-1	-1	-1	-1	-1	-1	-1	-1	-1	-1	-1	-1	-1
NS24352Q	1	-1	-1	-1	-1	-1	-1	-1	1	2	2017	1	1	-1	-1	-1	-1	-1	-1	-1	-1	-1	-1	-1	-1	-1
NS24359Y	2	1	6	2019	1	6	1978	44	3	-1	-1	1	1	-1	-1	-1	-1	-1	-1	-1	-1	-1	-1	-1	-1	-1
NS24361J	1	-1	-1	-1	-1	-1	-1	-1	-1	-1	-1	1	1	-1	-1	-1	-1	-1	-1	-1	-1	-1	-1	-1	-1	-1
NS24363L	2	1	11	2022	1	3	1992	30	3	-1	-1	1	1	-1	-1	-1	-1	-1	-1	-1	-1	-1	-1	-1	-1	-1
NS24368R	1	-1	-1	-1	-1	-1	-1	-1	1	4	2021	1	1	-1	-1	-1	-1	-1	-1	-1	-1	-1	-1	-1	-1	-1
NS24372E	1	-1	-1	-1	-1	-1	-1	-1	3	-1	-1	1	1	-1	-1	-1	-1	-1	-1	-1	-1	-1	-1	-1	-1	-1
NS24373F	2	2	-1	-1	-1	-1	-1	-1	-1	-1	-1	-1	-1	-1	-1	-1	-1	-1	-1	-1	-1	-1	-1	-1	-1	-1
NS24375H	1	-1	-1	-1	-1	-1	-1	-1	-1	-1	-1	1	1	-1	-1	-1	-1	-1	-1	-1	-1	-1	-1	-1	-1	-1
NS24378L	1	-1	-1	-1	-1	-1	-1	-1	3	-1	-1	2	-1	1	1	2	2	2	2	2	2	3	2017	-1	-1	-1
NS24378L	2	2	-1	-1	-1	-1	-1	-1	-1	-1	-1	-1	-1	-1	-1	-1	-1	-1	-1	-1	-1	-1	-1	-1	-1	-1
NS24379M	2	1	1	2023	1	8	1993	29	3	-1	-1	1	1	-1	-1	-1	-1	-1	-1	-1	-1	-1	-1	-1	-1	-1
NS24380X	2	2	-1	-1	-1	-1	-1	-1	-1	-1	-1	-1	-1	-1	-1	-1	-1	-1	-1	-1	-1	-1	-1	-1	-1	-1
NS24388F	1	-1	-1	-1	-1	-1	-1	-1	3	-1	-1	1	2	-1	-1	-1	-1	-1	-1	-1	-1	10	2018	-1	-1	-1
NS24388F	2	2	-1	-1	-1	-1	-1	-1	-1	-1	-1	-1	-1	-1	-1	-1	-1	-1	-1	-1	-1	-1	-1	-1	-1	-1
NS24389G	2	1	11	2016	1	1	1984	38	1	3	2022	1	1	-1	-1	-1	-1	-1	-1	-1	-1	-1	-1	-1	-1	-1
NS24392T	2	2	-1	-1	-1	-1	-1	-1	-1	-1	-1	-1	-1	-1	-1	-1	-1	-1	-1	-1	-1	-1	-1	-1	-1	-1
NS24394W	1	-1	-1	-1	-1	-1	-1	-1	-1	-1	-1	1	1	-1	-1	-1	-1	-1	-1	-1	-1	-1	-1	-1	-1	-1
NS24395X	2	1	5	2017	1	2	1992	30	3	-1	-1	1	1	-1	-1	-1	-1	-1	-1	-1	-1	-1	-1	-1	-1	-1
NS24396Y	2	2	-1	-1	-1	-1	-1	-1	-1	-1	-1	-1	-1	-1	-1	-1	-1	-1	-1	-1	-1	-1	-1	-1	-1	-1
NS24398A	2	1	3	2021	1	11	1986	35	1	11	2021	1	1	-1	-1	-1	-1	-1	-1	-1	-1	-1	-1	-1	-1	-1
NS24399B	1	-1	-1	-1	-1	-1	-1	-1	-1	-1	-1	1	1	-1	-1	-1	-1	-1	-1	-1	-1	-1	-1	-1	-1	-1
NS24401T	2	1	2	2019	2	3	1989	33	1	2	2019	1	1	-1	-1	-1	-1	-1	-1	-1	-1	-1	-1	-1	-1	-1
NS24403W	2	2	-1	-1	-1	-1	-1	-1	-1	-1	-1	-1	-1	-1	-1	-1	-1	-1	-1	-1	-1	-1	-1	-1	-1	-1
NS24406Z	2	1	1	2011	2	8	1986	36	3	-1	-1	1	2	-1	-1	-1	-1	-1	-1	-1	-1	9	2022	-1	-1	-1
NS24406Z	3	2	-1	-1	-1	-1	-1	-1	-1	-1	-1	-1	-1	-1	-1	-1	-1	-1	-1	-1	-1	-1	-1	-1	-1	-1
NS24410M	2	1	9	2016	1	11	1987	35	1	9	2017	1	1	-1	-1	-1	-1	-1	-1	-1	-1	-1	-1	-1	-1	-1
NS24411N	2	1	8	2018	2	12	1992	30	3	-1	-1	1	1	-1	-1	-1	-1	-1	-1	-1	-1	-1	-1	-1	-1	-1
NS24417V	1	-1	-1	-1	-1	-1	-1	-1	1	5	2021	1	1	-1	-1	-1	-1	-1	-1	-1	-1	-1	-1	-1	-1	-1
NS24419X	2	2	-1	-1	-1	-1	-1	-1	-1	-1	-1	-1	-1	-1	-1	-1	-1	-1	-1	-1	-1	-1	-1	-1	-1	-1
NS24423K	2	2	-1	-1	-1	-1	-1	-1	-1	-1	-1	-1	-1	-1	-1	-1	-1	-1	-1	-1	-1	-1	-1	-1	-1	-1
NS24425M	2	1	3	2016	1	9	1989	32	1	7	2017	1	1	-1	-1	-1	-1	-1	-1	-1	-1	-1	-1	-1	-1	-1
NS24428Q	2	1	11	2016	2	1	1986	37	3	-1	-1	1	1	-1	-1	-1	-1	-1	-1	-1	-1	-1	-1	-1	-1	-1
NS24431C	2	1	6	2017	2	6	1995	26	-1	-1	-1	1	1	-1	-1	-1	-1	-1	-1	-1	-1	-1	-1	-1	-1	-1
NS24433E	1	-1	-1	-1	-1	-1	-1	-1	-1	-1	-1	1	1	-1	-1	-1	-1	-1	-1	-1	-1	-1	-1	-1	-1	-1
NS24434F	2	2	-1	-1	-1	-1	-1	-1	-1	-1	-1	-1	-1	-1	-1	-1	-1	-1	-1	-1	-1	-1	-1	-1	-1	-1
NS24436H	2	2	-1	-1	-1	-1	-1	-1	-1	-1	-1	-1	-1	-1	-1	-1	-1	-1	-1	-1	-1	-1	-1	-1	-1	-1
NS24437J	1	-1	-1	-1	-1	-1	-1	-1	-1	-1	-1	2	-1	1	1	2	2	2	2	2	2	3	2022	2	-1	-1
NS24437J	2	2	-1	-1	-1	-1	-1	-1	-1	-1	-1	-1	-1	-1	-1	-1	-1	-1	-1	-1	-1	-1	-1	-1	-1	-1
NS24439L	2	1	6	2019	2	10	1986	36	1	8	2021	1	1	-1	-1	-1	-1	-1	-1	-1	-1	-1	-1	-1	-1	-1
NS24443Z	1	-1	-1	-1	-1	-1	-1	-1	3	-1	-1	1	1	-1	-1	-1	-1	-1	-1	-1	-1	-1	-1	-1	-1	-1
NS24446C	1	-1	-1	-1	-1	-1	-1	-1	1	10	2019	1	1	-1	-1	-1	-1	-1	-1	-1	-1	-1	-1	-1	-1	-1
NS24449F	1	-1	-1	-1	-1	-1	-1	-1	-1	-1	-1	1	1	-1	-1	-1	-1	-1	-1	-1	-1	-1	-1	-1	-1	-1
NS24450Q	1	-1	-1	-1	-1	-1	-1	-1	1	4	2022	1	1	-1	-1	-1	-1	-1	-1	-1	-1	-1	-1	-1	-1	-1
NS24451R	1	-1	-1	-1	-1	-1	-1	-1	1	6	2019	1	1	-1	-1	-1	-1	-1	-1	-1	-1	-1	-1	-1	-1	-1
NS24456X	2	2	-1	-1	-1	-1	-1	-1	-1	-1	-1	-1	-1	-1	-1	-1	-1	-1	-1	-1	-1	-1	-1	-1	-1	-1
NS24460K	2	1	6	2020	1	7	1990	32	3	-1	-1	1	1	-1	-1	-1	-1	-1	-1	-1	-1	-1	-1	-1	-1	-1
NS24461L	2	2	-1	-1	-1	-1	-1	-1	-1	-1	-1	-1	-1	-1	-1	-1	-1	-1	-1	-1	-1	-1	-1	-1	-1	-1
NS24463N	2	1	2	2016	1	11	1983	38	3	-1	-1	1	1	-1	-1	-1	-1	-1	-1	-1	-1	-1	-1	-1	-1	-1
NS24465Q	2	1	2	2022	2	4	1993	29	3	-1	-1	1	1	-1	-1	-1	-1	-1	-1	-1	-1	-1	-1	-1	-1	-1
NS24467S	1	-1	-1	-1	-1	-1	-1	-1	1	8	2016	1	1	-1	-1	-1	-1	-1	-1	-1	-1	-1	-1	-1	-1	-1
NS24468T	2	1	1	2017	2	1	1990	33	3	-1	-1	1	1	-1	-1	-1	-1	-1	-1	-1	-1	-1	-1	-1	-1	-1
NS24469V	2	1	8	2017	2	11	1992	30	2	8	2010	1	1	-1	-1	-1	-1	-1	-1	-1	-1	-1	-1	-1	-1	-1
NS24470E	2	1	4	2015	1	12	1989	33	1	4	2015	1	1	-1	-1	-1	-1	-1	-1	-1	-1	-1	-1	-1	-1	-1
NS24472G	2	1	11	2016	2	11	1989	33	2	10	2016	1	1	-1	-1	-1	-1	-1	-1	-1	-1	-1	-1	-1	-1	-1
NS24475K	1	-1	-1	-1	-1	-1	-1	-1	1	4	2019	1	1	-1	-1	-1	-1	-1	-1	-1	-1	-1	-1	-1	-1	-1
NS24478N	2	1	5	2018	1	2	1985	37	1	9	2021	1	1	-1	-1	-1	-1	-1	-1	-1	-1	-1	-1	-1	-1	-1
NS24480Z	2	2	-1	-1	-1	-1	-1	-1	-1	-1	-1	-1	-1	-1	-1	-1	-1	-1	-1	-1	-1	-1	-1	-1	-1	-1
NS24483C	1	-1	-1	-1	-1	-1	-1	-1	3	-1	-1	2	-1	1	1	2	2	2	2	2	2	11	2017	-1	-1	-1
NS24483C	2	1	6	2019	1	10	1985	37	1	8	2021	1	1	-1	-1	-1	-1	-1	-1	-1	-1	-1	-1	-1	-1	-1
NS24491V	1	-1	-1	-1	-1	-1	-1	-1	-1	-1	-1	1	1	-1	-1	-1	-1	-1	-1	-1	-1	-1	-1	-1	-1	-1
NS24495Z	2	1	9	2019	1	9	1991	31	3	-1	-1	1	1	-1	-1	-1	-1	-1	-1	-1	-1	-1	-1	-1	-1	-1
NS24497B	2	2	-1	-1	-1	-1	-1	-1	-1	-1	-1	-1	-1	-1	-1	-1	-1	-1	-1	-1	-1	-1	-1	-1	-1	-1
NS24498C	1	-1	-1	-1	-1	-1	-1	-1	3	-1	-1	2	-1	1	1	1	2	2	2	2	2	12	2016	-1	-1	-1
NS24498C	2	2	-1	-1	-1	-1	-1	-1	-1	-1	-1	-1	-1	-1	-1	-1	-1	-1	-1	-1	-1	-1	-1	-1	-1	-1
NS24500V	2	2	-1	-1	-1	-1	-1	-1	-1	-1	-1	-1	-1	-1	-1	-1	-1	-1	-1	-1	-1	-1	-1	-1	-1	-1
NS24502X	2	1	8	2018	2	3	1993	29	3	-1	-1	1	1	-1	-1	-1	-1	-1	-1	-1	-1	-1	-1	-1	-1	-1
NS24506B	2	2	-1	-1	-1	-1	-1	-1	-1	-1	-1	-1	-1	-1	-1	-1	-1	-1	-1	-1	-1	-1	-1	-1	-1	-1
NS24508D	2	2	-1	-1	-1	-1	-1	-1	-1	-1	-1	-1	-1	-1	-1	-1	-1	-1	-1	-1	-1	-1	-1	-1	-1	-1
NS24509E	2	2	-1	-1	-1	-1	-1	-1	-1	-1	-1	-1	-1	-1	-1	-1	-1	-1	-1	-1	-1	-1	-1	-1	-1	-1
NS24510P	2	2	-1	-1	-1	-1	-1	-1	-1	-1	-1	-1	-1	-1	-1	-1	-1	-1	-1	-1	-1	-1	-1	-1	-1	-1
NS24511Q	1	-1	-1	-1	-1	-1	-1	-1	-1	-1	-1	1	1	-1	-1	-1	-1	-1	-1	-1	-1	-1	-1	-1	-1	-1
NS24513S	2	1	9	2022	1	3	1991	31	1	9	2022	1	1	-1	-1	-1	-1	-1	-1	-1	-1	-1	-1	-1	-1	-1
NS24515V	1	-1	-1	-1	-1	-1	-1	-1	3	-1	-1	1	1	-1	-1	-1	-1	-1	-1	-1	-1	-1	-1	-1	-1	-1
NS24517X	2	-9	-1	-1	-1	-1	-1	-1	-1	-1	-1	-1	-1	-1	-1	-1	-1	-1	-1	-1	-1	-1	-1	-1	-1	-1
NS24519Z	2	2	-1	-1	-1	-1	-1	-1	-1	-1	-1	-1	-1	-1	-1	-1	-1	-1	-1	-1	-1	-1	-1	-1	-1	-1
NS24520J	2	2	-1	-1	-1	-1	-1	-1	-1	-1	-1	-1	-1	-1	-1	-1	-1	-1	-1	-1	-1	-1	-1	-1	-1	-1
NS24521K	2	1	6	2019	2	7	1990	32	3	-1	-1	1	1	-1	-1	-1	-1	-1	-1	-1	-1	-1	-1	-1	-1	-1
NS24522L	2	1	1	2019	2	1	1990	32	3	-1	-1	1	1	-1	-1	-1	-1	-1	-1	-1	-1	-1	-1	-1	-1	-1
NS24523M	2	2	-1	-1	-1	-1	-1	-1	-1	-1	-1	-1	-1	-1	-1	-1	-1	-1	-1	-1	-1	-1	-1	-1	-1	-1
NS24525P	2	1	5	2016	2	3	1990	32	3	-1	-1	1	1	-1	-1	-1	-1	-1	-1	-1	-1	-1	-1	-1	-1	-1
NS24535J	2	1	11	2019	-9	7	1996	26	1	11	2019	1	1	-1	-1	-1	-1	-1	-1	-1	-1	-1	-1	-1	-1	-1
NS24536K	2	2	-1	-1	-1	-1	-1	-1	-1	-1	-1	-1	-1	-1	-1	-1	-1	-1	-1	-1	-1	-1	-1	-1	-1	-1
NS24541Z	1	-1	-1	-1	-1	-1	-1	-1	-1	-1	-1	1	1	-1	-1	-1	-1	-1	-1	-1	-1	-1	-1	-1	-1	-1
NS24546E	2	2	-1	-1	-1	-1	-1	-1	-1	-1	-1	-1	-1	-1	-1	-1	-1	-1	-1	-1	-1	-1	-1	-1	-1	-1
NS24547F	2	1	3	2020	1	2	1972	50	3	-1	-1	1	1	-1	-1	-1	-1	-1	-1	-1	-1	-1	-1	-1	-1	-1
NS24548G	2	1	8	2022	2	7	2000	22	3	-1	-1	1	1	-1	-1	-1	-1	-1	-1	-1	-1	-1	-1	-1	-1	-1
NS24549H	1	-1	-1	-1	-1	-1	-1	-1	-1	-1	-1	1	1	-1	-1	-1	-1	-1	-1	-1	-1	-1	-1	-1	-1	-1
NS24551T	1	-1	-1	-1	-1	-1	-1	-1	-1	-1	-1	2	-1	1	1	2	2	2	2	2	2	4	2016	1	-9	-9
NS24551T	2	2	-1	-1	-1	-1	-1	-1	-1	-1	-1	-1	-1	-1	-1	-1	-1	-1	-1	-1	-1	-1	-1	-1	-1	-1
NS24553W	2	2	-1	-1	-1	-1	-1	-1	-1	-1	-1	-1	-1	-1	-1	-1	-1	-1	-1	-1	-1	-1	-1	-1	-1	-1
NS24557A	2	1	9	2016	1	3	1990	32	3	-1	-1	1	1	-1	-1	-1	-1	-1	-1	-1	-1	-1	-1	-1	-1	-1
NS24559C	2	1	5	2017	2	4	1991	31	1	5	2017	1	1	-1	-1	-1	-1	-1	-1	-1	-1	-1	-1	-1	-1	-1
NS24560M	2	2	-1	-1	-1	-1	-1	-1	-1	-1	-1	-1	-1	-1	-1	-1	-1	-1	-1	-1	-1	-1	-1	-1	-1	-1
NS24561N	2	1	6	2016	2	6	1992	29	3	-1	-1	1	1	-1	-1	-1	-1	-1	-1	-1	-1	-1	-1	-1	-1	-1
NS24562P	2	1	9	2021	1	8	1990	32	3	-1	-1	1	1	-1	-1	-1	-1	-1	-1	-1	-1	-1	-1	-1	-1	-1
NS24564R	2	1	5	2017	1	7	1989	32	3	-1	-1	1	1	-1	-1	-1	-1	-1	-1	-1	-1	-1	-1	-1	-1	-1
NS24566T	2	1	8	2016	2	12	1988	33	1	7	2018	1	1	-1	-1	-1	-1	-1	-1	-1	-1	-1	-1	-1	-1	-1
NS24568W	1	-1	-1	-1	-1	-1	-1	-1	1	9	2021	1	1	-1	-1	-1	-1	-1	-1	-1	-1	-1	-1	-1	-1	-1
NS24569X	1	-1	-1	-1	-1	-1	-1	-1	1	8	2017	1	1	-1	-1	-1	-1	-1	-1	-1	-1	-1	-1	-1	-1	-1
NS24575M	2	2	-1	-1	-1	-1	-1	-1	-1	-1	-1	-1	-1	-1	-1	-1	-1	-1	-1	-1	-1	-1	-1	-1	-1	-1
NS24576N	2	1	7	2018	2	1	1993	30	3	-1	-1	1	1	-1	-1	-1	-1	-1	-1	-1	-1	-1	-1	-1	-1	-1
NS24578Q	1	-1	-1	-1	-1	-1	-1	-1	2	8	2021	1	1	-1	-1	-1	-1	-1	-1	-1	-1	-1	-1	-1	-1	-1
NS24579R	1	-1	-1	-1	-1	-1	-1	-1	1	7	2019	1	1	-1	-1	-1	-1	-1	-1	-1	-1	-1	-1	-1	-1	-1
NS24581C	2	2	-1	-1	-1	-1	-1	-1	-1	-1	-1	-1	-1	-1	-1	-1	-1	-1	-1	-1	-1	-1	-1	-1	-1	-1
NS24582D	1	-1	-1	-1	-1	-1	-1	-1	1	8	2019	1	1	-1	-1	-1	-1	-1	-1	-1	-1	-1	-1	-1	-1	-1
NS24584F	2	2	-1	-1	-1	-1	-1	-1	-1	-1	-1	-1	-1	-1	-1	-1	-1	-1	-1	-1	-1	-1	-1	-1	-1	-1
NS24585G	2	1	10	2017	1	5	1989	32	3	-1	-1	1	1	-1	-1	-1	-1	-1	-1	-1	-1	-1	-1	-1	-1	-1
NS24587J	2	2	-1	-1	-1	-1	-1	-1	-1	-1	-1	-1	-1	-1	-1	-1	-1	-1	-1	-1	-1	-1	-1	-1	-1	-1
NS24588K	1	-1	-1	-1	-1	-1	-1	-1	-1	-1	-1	1	1	-1	-1	-1	-1	-1	-1	-1	-1	-1	-1	-1	-1	-1
NS24589L	2	1	10	2016	2	10	1992	30	1	10	2020	1	1	-1	-1	-1	-1	-1	-1	-1	-1	-1	-1	-1	-1	-1
NS24590W	1	-1	-1	-1	-1	-1	-1	-1	3	-1	-1	1	1	-1	-1	-1	-1	-1	-1	-1	-1	-1	-1	-1	-1	-1
NS24592Y	1	-1	-1	-1	-1	-1	-1	-1	1	2	2022	1	1	-1	-1	-1	-1	-1	-1	-1	-1	-1	-1	-1	-1	-1
NS24594A	2	1	12	2021	2	5	1996	26	3	-1	-1	1	1	-1	-1	-1	-1	-1	-1	-1	-1	-1	-1	-1	-1	-1
NS24600X	2	1	12	2014	1	-9	-9	-9	3	-1	-1	2	-1	1	1	2	2	2	2	2	2	11	2017	-1	-1	-1
NS24600X	3	2	-1	-1	-1	-1	-1	-1	-1	-1	-1	-1	-1	-1	-1	-1	-1	-1	-1	-1	-1	-1	-1	-1	-1	-1
NS24604B	2	2	-1	-1	-1	-1	-1	-1	-1	-1	-1	-1	-1	-1	-1	-1	-1	-1	-1	-1	-1	-1	-1	-1	-1	-1
NS24606D	2	1	4	2017	1	3	1990	32	3	-1	-1	2	-1	1	1	2	1	1	2	2	2	2	2022	-1	-1	-1
NS24606D	3	2	-1	-1	-1	-1	-1	-1	-1	-1	-1	-1	-1	-1	-1	-1	-1	-1	-1	-1	-1	-1	-1	-1	-1	-1
NS24609G	2	1	1	2017	1	10	1990	32	1	6	2019	1	1	-1	-1	-1	-1	-1	-1	-1	-1	-1	-1	-1	-1	-1
NS24611S	2	1	4	2013	2	5	1990	33	3	-1	-1	2	-1	1	1	2	2	2	2	2	2	3	2016	-1	-1	-1
NS24611S	3	2	-1	-1	-1	-1	-1	-1	-1	-1	-1	-1	-1	-1	-1	-1	-1	-1	-1	-1	-1	-1	-1	-1	-1	-1
NS24613V	2	1	4	2022	1	4	1990	32	3	-1	-1	1	1	-1	-1	-1	-1	-1	-1	-1	-1	-1	-1	-1	-1	-1
NS24615X	2	1	10	2022	2	12	1985	37	3	-1	-1	1	1	-1	-1	-1	-1	-1	-1	-1	-1	-1	-1	-1	-1	-1
NS24618A	1	-1	-1	-1	-1	-1	-1	-1	-1	-1	-1	2	-1	1	2	2	2	2	1	2	2	7	2017	1	7	2018
NS24618A	2	2	-1	-1	-1	-1	-1	-1	-1	-1	-1	-1	-1	-1	-1	-1	-1	-1	-1	-1	-1	-1	-1	-1	-1	-1
NS24620L	2	1	1	2021	2	-9	-9	31	3	-1	-1	1	1	-1	-1	-1	-1	-1	-1	-1	-1	-1	-1	-1	-1	-1
NS24623P	2	2	-1	-1	-1	-1	-1	-1	-1	-1	-1	-1	-1	-1	-1	-1	-1	-1	-1	-1	-1	-1	-1	-1	-1	-1
NS24627T	1	-1	-1	-1	-1	-1	-1	-1	-1	-1	-1	2	-1	1	1	2	2	2	1	2	2	2	2021	2	-1	-1
NS24627T	2	2	-1	-1	-1	-1	-1	-1	-1	-1	-1	-1	-1	-1	-1	-1	-1	-1	-1	-1	-1	-1	-1	-1	-1	-1
NS24628V	2	1	11	2017	2	11	1994	27	3	-1	-1	1	1	-1	-1	-1	-1	-1	-1	-1	-1	-1	-1	-1	-1	-1
NS24632H	1	-1	-1	-1	-1	-1	-1	-1	-1	-1	-1	1	1	-1	-1	-1	-1	-1	-1	-1	-1	-1	-1	-1	-1	-1
NS24634K	1	-1	-1	-1	-1	-1	-1	-1	-1	-1	-1	2	-1	1	1	2	2	2	2	2	2	6	2017	1	10	2017
NS24634K	2	1	5	2020	1	7	1986	36	1	11	2022	1	1	-1	-1	-1	-1	-1	-1	-1	-1	-1	-1	-1	-1	-1
NS24637N	1	-1	-1	-1	-1	-1	-1	-1	1	9	2021	1	1	-1	-1	-1	-1	-1	-1	-1	-1	-1	-1	-1	-1	-1
NS24639Q	2	2	-1	-1	-1	-1	-1	-1	-1	-1	-1	-1	-1	-1	-1	-1	-1	-1	-1	-1	-1	-1	-1	-1	-1	-1
NS24641B	2	1	8	2021	1	7	1988	33	1	12	2020	1	1	-1	-1	-1	-1	-1	-1	-1	-1	-1	-1	-1	-1	-1
NS24645F	2	1	12	2017	2	12	1990	32	1	10	2021	1	1	-1	-1	-1	-1	-1	-1	-1	-1	-1	-1	-1	-1	-1
NS24647H	1	-1	-1	-1	-1	-1	-1	-1	3	-1	-1	2	-1	1	1	2	2	2	2	2	2	3	2017	-1	-1	-1
NS24647H	2	1	5	2019	2	11	1990	32	3	-1	-1	1	1	-1	-1	-1	-1	-1	-1	-1	-1	-1	-1	-1	-1	-1
NS24649K	1	-1	-1	-1	-1	-1	-1	-1	3	-1	-1	1	1	-1	-1	-1	-1	-1	-1	-1	-1	-1	-1	-1	-1	-1
NS24651W	1	-1	-1	-1	-1	-1	-1	-1	-1	-1	-1	1	1	-1	-1	-1	-1	-1	-1	-1	-1	-1	-1	-1	-1	-1
NS24655A	1	-1	-1	-1	-1	-1	-1	-1	1	8	2021	1	1	-1	-1	-1	-1	-1	-1	-1	-1	-1	-1	-1	-1	-1
NS24656B	1	-1	-1	-1	-1	-1	-1	-1	3	-1	-1	1	1	-1	-1	-1	-1	-1	-1	-1	-1	-1	-1	-1	-1	-1
NS24661Q	2	2	-1	-1	-1	-1	-1	-1	-1	-1	-1	-1	-1	-1	-1	-1	-1	-1	-1	-1	-1	-1	-1	-1	-1	-1
NS24666W	2	1	3	2013	1	9	1988	33	3	-1	-1	1	1	-1	-1	-1	-1	-1	-1	-1	-1	-1	-1	-1	-1	-1
NS24668Y	2	1	6	2018	2	9	1988	34	3	-1	-1	1	1	-1	-1	-1	-1	-1	-1	-1	-1	-1	-1	-1	-1	-1
NS24669Z	2	1	10	2016	2	12	1994	28	3	-1	-1	1	1	-1	-1	-1	-1	-1	-1	-1	-1	-1	-1	-1	-1	-1
NS24671K	1	-1	-1	-1	-1	-1	-1	-1	-1	-1	-1	1	1	-1	-1	-1	-1	-1	-1	-1	-1	-1	-1	-1	-1	-1
NS24683G	1	-1	-1	-1	-1	-1	-1	-1	3	-1	-1	1	1	-1	-1	-1	-1	-1	-1	-1	-1	-1	-1	-1	-1	-1
NS24685J	2	2	-1	-1	-1	-1	-1	-1	-1	-1	-1	-1	-1	-1	-1	-1	-1	-1	-1	-1	-1	-1	-1	-1	-1	-1
NS24687L	2	1	10	2018	1	12	1985	37	3	-1	-1	1	1	-1	-1	-1	-1	-1	-1	-1	-1	-1	-1	-1	-1	-1
NS24689N	1	-1	-1	-1	-1	-1	-1	-1	1	7	2018	1	1	-1	-1	-1	-1	-1	-1	-1	-1	-1	-1	-1	-1	-1
NS24690Y	2	1	-8	-8	2	2	1988	34	1	8	2022	1	1	-1	-1	-1	-1	-1	-1	-1	-1	-1	-1	-1	-1	-1
NS24691Z	2	2	-1	-1	-1	-1	-1	-1	-1	-1	-1	-1	-1	-1	-1	-1	-1	-1	-1	-1	-1	-1	-1	-1	-1	-1
NS24693B	2	2	-1	-1	-1	-1	-1	-1	-1	-1	-1	-1	-1	-1	-1	-1	-1	-1	-1	-1	-1	-1	-1	-1	-1	-1
NS24695D	1	-1	-1	-1	-1	-1	-1	-1	-1	-1	-1	1	1	-1	-1	-1	-1	-1	-1	-1	-1	-1	-1	-1	-1	-1
NS24696E	2	1	10	2016	2	9	1989	32	2	9	2016	1	1	-1	-1	-1	-1	-1	-1	-1	-1	-1	-1	-1	-1	-1
NS24700Z	1	-1	-1	-1	-1	-1	-1	-1	-1	-1	-1	1	1	-1	-1	-1	-1	-1	-1	-1	-1	-1	-1	-1	-1	-1
NS24701A	2	1	5	2015	2	5	1992	29	3	-1	-1	1	1	-1	-1	-1	-1	-1	-1	-1	-1	-1	-1	-1	-1	-1
NS24702B	2	2	-1	-1	-1	-1	-1	-1	-1	-1	-1	-1	-1	-1	-1	-1	-1	-1	-1	-1	-1	-1	-1	-1	-1	-1
NS24703C	1	-1	-1	-1	-1	-1	-1	-1	-1	-1	-1	1	1	-1	-1	-1	-1	-1	-1	-1	-1	-1	-1	-1	-1	-1
NS24704D	2	1	4	2019	2	4	1987	35	3	-1	-1	1	1	-1	-1	-1	-1	-1	-1	-1	-1	-1	-1	-1	-1	-1
NS24705E	2	1	10	2016	2	8	1989	32	3	-1	-1	1	1	-1	-1	-1	-1	-1	-1	-1	-1	-1	-1	-1	-1	-1
NS24707G	2	2	-1	-1	-1	-1	-1	-1	-1	-1	-1	-1	-1	-1	-1	-1	-1	-1	-1	-1	-1	-1	-1	-1	-1	-1
NS24712W	2	2	-1	-1	-1	-1	-1	-1	-1	-1	-1	-1	-1	-1	-1	-1	-1	-1	-1	-1	-1	-1	-1	-1	-1	-1
NS24713X	2	1	4	2015	2	12	1990	31	1	2	2020	1	1	-1	-1	-1	-1	-1	-1	-1	-1	-1	-1	-1	-1	-1
NS24717B	2	1	10	2016	1	5	1984	38	3	-1	-1	2	-1	1	1	2	2	2	2	2	2	3	2018	-1	-1	-1
NS24717B	3	1	3	2020	1	11	1984	38	3	-1	-1	1	1	-1	-1	-1	-1	-1	-1	-1	-1	-1	-1	-1	-1	-1
NS24718C	2	2	-1	-1	-1	-1	-1	-1	-1	-1	-1	-1	-1	-1	-1	-1	-1	-1	-1	-1	-1	-1	-1	-1	-1	-1
NS24719D	2	1	6	2020	2	10	1992	30	1	7	2020	1	1	-1	-1	-1	-1	-1	-1	-1	-1	-1	-1	-1	-1	-1
NS24720N	2	1	6	2019	2	7	1991	31	3	-1	-1	1	1	-1	-1	-1	-1	-1	-1	-1	-1	-1	-1	-1	-1	-1
NS24721P	2	1	1	2017	1	5	1987	35	3	-1	-1	2	-1	1	1	2	1	2	2	2	2	6	2022	-1	-1	-1
NS24721P	3	2	-1	-1	-1	-1	-1	-1	-1	-1	-1	-1	-1	-1	-1	-1	-1	-1	-1	-1	-1	-1	-1	-1	-1	-1
NS24722Q	2	2	-1	-1	-1	-1	-1	-1	-1	-1	-1	-1	-1	-1	-1	-1	-1	-1	-1	-1	-1	-1	-1	-1	-1	-1
NS24723R	1	-1	-1	-1	-1	-1	-1	-1	-1	-1	-1	1	1	-1	-1	-1	-1	-1	-1	-1	-1	-1	-1	-1	-1	-1
NS24726V	2	2	-1	-1	-1	-1	-1	-1	-1	-1	-1	-1	-1	-1	-1	-1	-1	-1	-1	-1	-1	-1	-1	-1	-1	-1
NS24729Y	2	1	1	2019	1	8	1989	33	3	-1	-1	1	1	-1	-1	-1	-1	-1	-1	-1	-1	-1	-1	-1	-1	-1
NS24730H	2	1	8	2021	1	11	1995	27	1	8	2021	1	1	-1	-1	-1	-1	-1	-1	-1	-1	-1	-1	-1	-1	-1
NS24733L	1	-1	-1	-1	-1	-1	-1	-1	-1	-1	-1	1	1	-1	-1	-1	-1	-1	-1	-1	-1	-1	-1	-1	-1	-1
NS24734M	2	2	-1	-1	-1	-1	-1	-1	-1	-1	-1	-1	-1	-1	-1	-1	-1	-1	-1	-1	-1	-1	-1	-1	-1	-1
NS24735N	2	2	-1	-1	-1	-1	-1	-1	-1	-1	-1	-1	-1	-1	-1	-1	-1	-1	-1	-1	-1	-1	-1	-1	-1	-1
NS24737Q	2	2	-1	-1	-1	-1	-1	-1	-1	-1	-1	-1	-1	-1	-1	-1	-1	-1	-1	-1	-1	-1	-1	-1	-1	-1
NS24739S	1	-1	-1	-1	-1	-1	-1	-1	1	2	2018	1	1	-1	-1	-1	-1	-1	-1	-1	-1	-1	-1	-1	-1	-1
NS24743F	2	1	4	2018	1	8	1987	35	1	3	2018	1	1	-1	-1	-1	-1	-1	-1	-1	-1	-1	-1	-1	-1	-1
NS24746J	2	2	-1	-1	-1	-1	-1	-1	-1	-1	-1	-1	-1	-1	-1	-1	-1	-1	-1	-1	-1	-1	-1	-1	-1	-1
NS24748L	2	2	-1	-1	-1	-1	-1	-1	-1	-1	-1	-1	-1	-1	-1	-1	-1	-1	-1	-1	-1	-1	-1	-1	-1	-1
NS24750X	1	-1	-1	-1	-1	-1	-1	-1	-1	-1	-1	1	1	-1	-1	-1	-1	-1	-1	-1	-1	-1	-1	-1	-1	-1
NS24751Y	2	1	3	2009	2	-8	-8	-8	3	-1	-1	2	-1	1	1	2	2	2	1	2	2	5	2011	-1	-1	-1
NS24751Y	3	1	2	2014	2	-8	-8	-8	3	-1	-1	2	-1	1	1	1	2	2	2	2	2	-8	2017	-1	-1	-1
NS24751Y	4	1	12	2020	2	-8	-8	-8	3	-1	-1	2	-1	1	1	1	1	2	1	2	2	2	2021	-1	-1	-1
NS24751Y	5	2	-1	-1	-1	-1	-1	-1	-1	-1	-1	-1	-1	-1	-1	-1	-1	-1	-1	-1	-1	-1	-1	-1	-1	-1
NS24753A	2	1	6	2021	1	1	1990	33	1	8	2017	1	1	-1	-1	-1	-1	-1	-1	-1	-1	-1	-1	-1	-1	-1
NS24754B	2	1	4	2019	1	5	1995	26	3	-1	-1	1	1	-1	-1	-1	-1	-1	-1	-1	-1	-1	-1	-1	-1	-1
NS24756D	1	-1	-1	-1	-1	-1	-1	-1	-1	-1	-1	1	1	-1	-1	-1	-1	-1	-1	-1	-1	-1	-1	-1	-1	-1
NS24758F	2	2	-1	-1	-1	-1	-1	-1	-1	-1	-1	-1	-1	-1	-1	-1	-1	-1	-1	-1	-1	-1	-1	-1	-1	-1
NS24760R	2	1	9	2012	2	11	1990	32	1	9	2022	1	1	-1	-1	-1	-1	-1	-1	-1	-1	-1	-1	-1	-1	-1
NS24762T	2	1	5	2020	1	3	1980	42	1	12	2020	1	1	-1	-1	-1	-1	-1	-1	-1	-1	-1	-1	-1	-1	-1
NS24766Y	1	-1	-1	-1	-1	-1	-1	-1	1	8	2018	1	1	-1	-1	-1	-1	-1	-1	-1	-1	-1	-1	-1	-1	-1
NS24768A	2	2	-1	-1	-1	-1	-1	-1	-1	-1	-1	-1	-1	-1	-1	-1	-1	-1	-1	-1	-1	-1	-1	-1	-1	-1
NS24769B	1	-1	-1	-1	-1	-1	-1	-1	3	-1	-1	1	1	-1	-1	-1	-1	-1	-1	-1	-1	-1	-1	-1	-1	-1
NS24771M	2	1	7	2019	2	6	1992	30	3	-1	-1	1	1	-1	-1	-1	-1	-1	-1	-1	-1	-1	-1	-1	-1	-1
NS24773P	2	1	9	2020	1	2	1989	33	3	-1	-1	1	1	-1	-1	-1	-1	-1	-1	-1	-1	-1	-1	-1	-1	-1
NS24775R	2	2	-1	-1	-1	-1	-1	-1	-1	-1	-1	-1	-1	-1	-1	-1	-1	-1	-1	-1	-1	-1	-1	-1	-1	-1
NS24777T	2	1	10	2014	1	6	1992	30	3	-1	-1	1	1	-1	-1	-1	-1	-1	-1	-1	-1	-1	-1	-1	-1	-1
NS24781G	2	1	4	2020	1	6	1991	31	3	-1	-1	1	1	-1	-1	-1	-1	-1	-1	-1	-1	-1	-1	-1	-1	-1
NS24782H	2	1	9	2018	1	10	1985	37	3	-1	-1	1	1	-1	-1	-1	-1	-1	-1	-1	-1	-1	-1	-1	-1	-1
NS24783J	2	1	12	2016	1	1	1987	35	1	10	2022	1	1	-1	-1	-1	-1	-1	-1	-1	-1	-1	-1	-1	-1	-1
NS24784K	1	-1	-1	-1	-1	-1	-1	-1	-1	-1	-1	1	1	-1	-1	-1	-1	-1	-1	-1	-1	-1	-1	-1	-1	-1
NS24786M	2	1	10	2020	2	3	1993	29	3	-1	-1	1	1	-1	-1	-1	-1	-1	-1	-1	-1	-1	-1	-1	-1	-1
NS24787N	2	2	-1	-1	-1	-1	-1	-1	-1	-1	-1	-1	-1	-1	-1	-1	-1	-1	-1	-1	-1	-1	-1	-1	-1	-1
NS24789Q	2	2	-1	-1	-1	-1	-1	-1	-1	-1	-1	-1	-1	-1	-1	-1	-1	-1	-1	-1	-1	-1	-1	-1	-1	-1
NS24791B	2	1	1	2018	1	9	1979	43	1	3	2020	1	1	-1	-1	-1	-1	-1	-1	-1	-1	-1	-1	-1	-1	-1
NS24792C	2	2	-1	-1	-1	-1	-1	-1	-1	-1	-1	-1	-1	-1	-1	-1	-1	-1	-1	-1	-1	-1	-1	-1	-1	-1
NS24793D	2	2	-1	-1	-1	-1	-1	-1	-1	-1	-1	-1	-1	-1	-1	-1	-1	-1	-1	-1	-1	-1	-1	-1	-1	-1
NS24794E	1	-1	-1	-1	-1	-1	-1	-1	-1	-1	-1	1	1	-1	-1	-1	-1	-1	-1	-1	-1	-1	-1	-1	-1	-1
NS24795F	2	1	3	2020	2	4	1991	31	3	-1	-1	1	1	-1	-1	-1	-1	-1	-1	-1	-1	-1	-1	-1	-1	-1
NS24797H	2	1	8	2019	1	10	1987	34	1	8	2019	1	1	-1	-1	-1	-1	-1	-1	-1	-1	-1	-1	-1	-1	-1
NS24799K	2	1	2	2017	1	11	1988	34	1	8	2019	1	1	-1	-1	-1	-1	-1	-1	-1	-1	-1	-1	-1	-1	-1
NS24800B	2	2	-1	-1	-1	-1	-1	-1	-1	-1	-1	-1	-1	-1	-1	-1	-1	-1	-1	-1	-1	-1	-1	-1	-1	-1
NS24801C	1	-1	-1	-1	-1	-1	-1	-1	3	-1	-1	1	2	-1	-1	-1	-1	-1	-1	-1	-1	7	2018	-1	-1	-1
NS24801C	2	1	7	2018	1	10	1988	33	3	-1	-1	1	1	-1	-1	-1	-1	-1	-1	-1	-1	-1	-1	-1	-1	-1
NS24804F	2	1	11	2015	2	6	1992	30	1	9	2019	1	1	-1	-1	-1	-1	-1	-1	-1	-1	-1	-1	-1	-1	-1
NS24809L	2	2	-1	-1	-1	-1	-1	-1	-1	-1	-1	-1	-1	-1	-1	-1	-1	-1	-1	-1	-1	-1	-1	-1	-1	-1
NS24811X	2	1	1	2017	2	7	1995	27	3	-1	-1	1	1	-1	-1	-1	-1	-1	-1	-1	-1	-1	-1	-1	-1	-1
NS24814A	2	1	8	2018	1	5	1987	35	1	8	2018	1	1	-1	-1	-1	-1	-1	-1	-1	-1	-1	-1	-1	-1	-1
NS24815B	2	1	5	2016	2	7	1985	37	2	5	2016	2	-1	1	1	1	2	2	2	2	2	3	2018	2	-1	-1
NS24815B	3	1	4	2019	2	-8	-8	30	-1	-1	-1	2	-1	1	1	2	2	2	2	2	2	1	2020	-1	-1	-1
NS24815B	4	1	9	2021	2	10	1988	34	3	-1	-1	1	1	-1	-1	-1	-1	-1	-1	-1	-1	-1	-1	-1	-1	-1
NS24816C	1	-1	-1	-1	-1	-1	-1	-1	-1	-1	-1	2	-1	1	1	1	1	2	2	2	2	7	2017	2	-1	-1
NS24816C	2	2	-1	-1	-1	-1	-1	-1	-1	-1	-1	-1	-1	-1	-1	-1	-1	-1	-1	-1	-1	-1	-1	-1	-1	-1
NS24817D	1	-1	-1	-1	-1	-1	-1	-1	-1	-1	-1	1	1	-1	-1	-1	-1	-1	-1	-1	-1	-1	-1	-1	-1	-1
NS24822S	2	1	6	2010	1	8	1984	38	3	-1	-1	1	1	-1	-1	-1	-1	-1	-1	-1	-1	-1	-1	-1	-1	-1
NS24826X	2	1	10	2016	1	2	1990	32	1	10	2016	1	1	-1	-1	-1	-1	-1	-1	-1	-1	-1	-1	-1	-1	-1
NS24828Z	1	-1	-1	-1	-1	-1	-1	-1	-1	-1	-1	1	1	-1	-1	-1	-1	-1	-1	-1	-1	-1	-1	-1	-1	-1
NS24831L	2	2	-1	-1	-1	-1	-1	-1	-1	-1	-1	-1	-1	-1	-1	-1	-1	-1	-1	-1	-1	-1	-1	-1	-1	-1
NS24832M	2	2	-1	-1	-1	-1	-1	-1	-1	-1	-1	-1	-1	-1	-1	-1	-1	-1	-1	-1	-1	-1	-1	-1	-1	-1
NS24833N	1	-1	-1	-1	-1	-1	-1	-1	1	8	2017	1	1	-1	-1	-1	-1	-1	-1	-1	-1	-1	-1	-1	-1	-1
NS24834P	1	-1	-1	-1	-1	-1	-1	-1	-1	-1	-1	2	-1	1	1	2	2	2	2	2	2	7	2019	1	6	2022
NS24834P	2	2	-1	-1	-1	-1	-1	-1	-1	-1	-1	-1	-1	-1	-1	-1	-1	-1	-1	-1	-1	-1	-1	-1	-1	-1
NS24837S	2	1	5	2020	1	11	1989	33	3	-1	-1	1	1	-1	-1	-1	-1	-1	-1	-1	-1	-1	-1	-1	-1	-1
NS24840E	2	1	7	2016	2	4	1991	31	1	6	2018	1	1	-1	-1	-1	-1	-1	-1	-1	-1	-1	-1	-1	-1	-1
NS24845K	2	1	7	2021	2	5	1994	28	3	-1	-1	1	1	-1	-1	-1	-1	-1	-1	-1	-1	-1	-1	-1	-1	-1
NS24848N	2	2	-1	-1	-1	-1	-1	-1	-1	-1	-1	-1	-1	-1	-1	-1	-1	-1	-1	-1	-1	-1	-1	-1	-1	-1
NS24851A	1	-1	-1	-1	-1	-1	-1	-1	1	6	2017	1	1	-1	-1	-1	-1	-1	-1	-1	-1	-1	-1	-1	-1	-1
NS24853C	2	2	-1	-1	-1	-1	-1	-1	-1	-1	-1	-1	-1	-1	-1	-1	-1	-1	-1	-1	-1	-1	-1	-1	-1	-1
NS24854D	2	1	12	2019	1	8	1993	29	3	-1	-1	1	1	-1	-1	-1	-1	-1	-1	-1	-1	-1	-1	-1	-1	-1
NS24856F	2	1	9	2018	2	9	1988	34	3	-1	-1	1	1	-1	-1	-1	-1	-1	-1	-1	-1	-1	-1	-1	-1	-1
NS24861V	2	1	11	2017	1	1	1990	32	3	-1	-1	2	-1	1	2	2	2	2	2	2	1	8	2018	-1	-1	-1
NS24861V	3	2	-1	-1	-1	-1	-1	-1	-1	-1	-1	-1	-1	-1	-1	-1	-1	-1	-1	-1	-1	-1	-1	-1	-1	-1
NS24868C	2	1	11	2017	2	5	1992	30	1	1	2017	1	1	-1	-1	-1	-1	-1	-1	-1	-1	-1	-1	-1	-1	-1
NS24869D	2	1	10	2010	1	11	1988	34	1	8	2012	1	1	-1	-1	-1	-1	-1	-1	-1	-1	-1	-1	-1	-1	-1
NS24870N	2	2	-1	-1	-1	-1	-1	-1	-1	-1	-1	-1	-1	-1	-1	-1	-1	-1	-1	-1	-1	-1	-1	-1	-1	-1
NS24874S	2	1	2	2020	1	9	1989	33	3	-1	-1	1	1	-1	-1	-1	-1	-1	-1	-1	-1	-1	-1	-1	-1	-1
NS24879Y	2	1	10	2022	2	2	1996	26	3	-1	-1	2	-1	1	1	2	1	2	2	2	2	1	2023	-1	-1	-1
NS24879Y	3	2	-1	-1	-1	-1	-1	-1	-1	-1	-1	-1	-1	-1	-1	-1	-1	-1	-1	-1	-1	-1	-1	-1	-1	-1
NS24880H	2	1	7	2018	1	6	1989	33	3	-1	-1	1	1	-1	-1	-1	-1	-1	-1	-1	-1	-1	-1	-1	-1	-1
NS24881J	2	1	7	2012	1	6	1989	33	3	-1	-1	2	-1	1	1	2	2	2	2	2	2	12	2017	-1	-1	-1
NS24881J	3	1	2	2021	1	5	1961	61	3	-1	-1	2	-1	2	-1	-1	-1	-1	-1	-1	-1	10	2022	-1	-1	-1
NS24881J	4	2	-1	-1	-1	-1	-1	-1	-1	-1	-1	-1	-1	-1	-1	-1	-1	-1	-1	-1	-1	-1	-1	-1	-1	-1
NS24882K	1	-1	-1	-1	-1	-1	-1	-1	1	9	2018	1	1	-1	-1	-1	-1	-1	-1	-1	-1	-1	-1	-1	-1	-1
NS24887Q	1	-1	-1	-1	-1	-1	-1	-1	1	7	2017	1	1	-1	-1	-1	-1	-1	-1	-1	-1	-1	-1	-1	-1	-1
NS24888R	1	-1	-1	-1	-1	-1	-1	-1	3	-1	-1	2	-1	1	1	1	2	2	2	1	2	5	2019	-1	-1	-1
NS24888R	2	1	5	2021	2	6	1987	34	3	-1	-1	1	1	-1	-1	-1	-1	-1	-1	-1	-1	-1	-1	-1	-1	-1
NS24889S	2	1	12	2021	1	4	1984	38	3	-1	-1	1	1	-1	-1	-1	-1	-1	-1	-1	-1	-1	-1	-1	-1	-1
NS24890C	2	1	9	2019	2	7	2000	22	3	-1	-1	1	1	-1	-1	-1	-1	-1	-1	-1	-1	-1	-1	-1	-1	-1
NS24891D	2	1	4	2020	2	10	1988	34	3	-1	-1	1	1	-1	-1	-1	-1	-1	-1	-1	-1	-1	-1	-1	-1	-1
NS24893F	2	2	-1	-1	-1	-1	-1	-1	-1	-1	-1	-1	-1	-1	-1	-1	-1	-1	-1	-1	-1	-1	-1	-1	-1	-1
NS24895H	1	-1	-1	-1	-1	-1	-1	-1	3	-1	-1	1	1	-1	-1	-1	-1	-1	-1	-1	-1	-1	-1	-1	-1	-1
NS24896J	1	-1	-1	-1	-1	-1	-1	-1	3	-1	-1	1	1	-1	-1	-1	-1	-1	-1	-1	-1	-1	-1	-1	-1	-1
NS24899M	2	1	1	2016	1	4	1989	33	1	4	2019	1	1	-1	-1	-1	-1	-1	-1	-1	-1	-1	-1	-1	-1	-1
NS24906K	2	1	8	2014	2	5	1990	33	1	6	2017	1	1	-1	-1	-1	-1	-1	-1	-1	-1	-1	-1	-1	-1	-1
NS24908M	2	2	-1	-1	-1	-1	-1	-1	-1	-1	-1	-1	-1	-1	-1	-1	-1	-1	-1	-1	-1	-1	-1	-1	-1	-1
NS24910Y	2	1	9	2014	2	12	1988	34	1	6	2022	1	1	-1	-1	-1	-1	-1	-1	-1	-1	-1	-1	-1	-1	-1
NS24911Z	2	2	-1	-1	-1	-1	-1	-1	-1	-1	-1	-1	-1	-1	-1	-1	-1	-1	-1	-1	-1	-1	-1	-1	-1	-1
NS24912A	2	1	11	2020	1	4	1987	35	3	-1	-1	1	1	-1	-1	-1	-1	-1	-1	-1	-1	-1	-1	-1	-1	-1
NS24913B	2	2	-1	-1	-1	-1	-1	-1	-1	-1	-1	-1	-1	-1	-1	-1	-1	-1	-1	-1	-1	-1	-1	-1	-1	-1
NS24914C	2	2	-1	-1	-1	-1	-1	-1	-1	-1	-1	-1	-1	-1	-1	-1	-1	-1	-1	-1	-1	-1	-1	-1	-1	-1
NS24920S	2	2	-1	-1	-1	-1	-1	-1	-1	-1	-1	-1	-1	-1	-1	-1	-1	-1	-1	-1	-1	-1	-1	-1	-1	-1
NS24921T	1	-1	-1	-1	-1	-1	-1	-1	-1	-1	-1	1	1	-1	-1	-1	-1	-1	-1	-1	-1	-1	-1	-1	-1	-1
NS24925Y	2	1	5	2019	2	7	1992	29	3	-1	-1	2	-1	1	1	2	2	2	2	2	2	1	2022	-1	-1	-1
NS24925Y	3	2	-1	-1	-1	-1	-1	-1	-1	-1	-1	-1	-1	-1	-1	-1	-1	-1	-1	-1	-1	-1	-1	-1	-1	-1
NS24927A	1	-1	-1	-1	-1	-1	-1	-1	3	-1	-1	1	1	-1	-1	-1	-1	-1	-1	-1	-1	-1	-1	-1	-1	-1
NS24928B	2	1	9	2019	2	5	1992	30	3	-1	-1	2	-1	2	-1	-1	-1	-1	-1	-1	-1	10	2020	-1	-1	-1
NS24928B	3	2	-1	-1	-1	-1	-1	-1	-1	-1	-1	-1	-1	-1	-1	-1	-1	-1	-1	-1	-1	-1	-1	-1	-1	-1
NS24929C	1	-1	-1	-1	-1	-1	-1	-1	1	8	2016	1	1	-1	-1	-1	-1	-1	-1	-1	-1	-1	-1	-1	-1	-1
NS24930M	2	1	4	2017	1	2	1987	35	3	-1	-1	1	1	-1	-1	-1	-1	-1	-1	-1	-1	-1	-1	-1	-1	-1
NS24936T	2	2	-1	-1	-1	-1	-1	-1	-1	-1	-1	-1	-1	-1	-1	-1	-1	-1	-1	-1	-1	-1	-1	-1	-1	-1
NS24937V	2	1	5	2012	1	7	1990	32	3	-1	-1	2	-1	1	1	2	2	2	2	2	2	8	2019	-1	-1	-1
NS24937V	3	2	-1	-1	-1	-1	-1	-1	-1	-1	-1	-1	-1	-1	-1	-1	-1	-1	-1	-1	-1	-1	-1	-1	-1	-1
NS24938W	2	1	1	2022	2	1	1995	28	3	-1	-1	1	1	-1	-1	-1	-1	-1	-1	-1	-1	-1	-1	-1	-1	-1
NS24939X	2	2	-1	-1	-1	-1	-1	-1	-1	-1	-1	-1	-1	-1	-1	-1	-1	-1	-1	-1	-1	-1	-1	-1	-1	-1
NS24940G	2	2	-1	-1	-1	-1	-1	-1	-1	-1	-1	-1	-1	-1	-1	-1	-1	-1	-1	-1	-1	-1	-1	-1	-1	-1
NS24941H	2	2	-1	-1	-1	-1	-1	-1	-1	-1	-1	-1	-1	-1	-1	-1	-1	-1	-1	-1	-1	-1	-1	-1	-1	-1
NS24942J	2	2	-1	-1	-1	-1	-1	-1	-1	-1	-1	-1	-1	-1	-1	-1	-1	-1	-1	-1	-1	-1	-1	-1	-1	-1
NS24947P	1	-1	-1	-1	-1	-1	-1	-1	1	10	2015	1	1	-1	-1	-1	-1	-1	-1	-1	-1	-1	-1	-1	-1	-1
NS24950B	2	2	-1	-1	-1	-1	-1	-1	-1	-1	-1	-1	-1	-1	-1	-1	-1	-1	-1	-1	-1	-1	-1	-1	-1	-1
NS24951C	2	1	4	2020	1	7	1989	33	3	-1	-1	1	1	-1	-1	-1	-1	-1	-1	-1	-1	-1	-1	-1	-1	-1
NS24952D	2	2	-1	-1	-1	-1	-1	-1	-1	-1	-1	-1	-1	-1	-1	-1	-1	-1	-1	-1	-1	-1	-1	-1	-1	-1
NS24954F	1	-1	-1	-1	-1	-1	-1	-1	3	-1	-1	2	-1	1	1	2	2	2	2	2	2	11	2019	-1	-1	-1
NS24954F	2	1	1	2020	1	1	1995	28	3	-1	-1	1	1	-1	-1	-1	-1	-1	-1	-1	-1	-1	-1	-1	-1	-1
NS24955G	2	2	-1	-1	-1	-1	-1	-1	-1	-1	-1	-1	-1	-1	-1	-1	-1	-1	-1	-1	-1	-1	-1	-1	-1	-1
NS24956H	2	1	9	2018	2	10	1992	30	3	-1	-1	2	-1	1	1	2	2	2	2	2	2	5	2020	-1	-1	-1
NS24956H	3	2	-1	-1	-1	-1	-1	-1	-1	-1	-1	-1	-1	-1	-1	-1	-1	-1	-1	-1	-1	-1	-1	-1	-1	-1
NS24957J	2	1	9	2008	2	10	1989	33	1	4	2022	1	1	-1	-1	-1	-1	-1	-1	-1	-1	-1	-1	-1	-1	-1
NS24961X	1	-1	-1	-1	-1	-1	-1	-1	-1	-1	-1	1	1	-1	-1	-1	-1	-1	-1	-1	-1	-1	-1	-1	-1	-1
NS24965B	2	2	-1	-1	-1	-1	-1	-1	-1	-1	-1	-1	-1	-1	-1	-1	-1	-1	-1	-1	-1	-1	-1	-1	-1	-1
NS24966C	2	1	9	2018	2	3	1992	30	3	-1	-1	1	1	-1	-1	-1	-1	-1	-1	-1	-1	-1	-1	-1	-1	-1
NS24969F	2	1	3	2016	2	11	1983	39	3	-1	-1	2	-1	1	1	2	2	2	2	2	2	4	2020	-1	-1	-1
NS24969F	3	1	3	2022	2	4	1992	30	3	-1	-1	1	1	-1	-1	-1	-1	-1	-1	-1	-1	-1	-1	-1	-1	-1
NS24970Q	2	2	-1	-1	-1	-1	-1	-1	-1	-1	-1	-1	-1	-1	-1	-1	-1	-1	-1	-1	-1	-1	-1	-1	-1	-1
NS24973T	2	2	-1	-1	-1	-1	-1	-1	-1	-1	-1	-1	-1	-1	-1	-1	-1	-1	-1	-1	-1	-1	-1	-1	-1	-1
NS24973T	3	2	-1	-1	-1	-1	-1	-1	-1	-1	-1	-1	-1	-1	-1	-1	-1	-1	-1	-1	-1	-1	-1	-1	-1	-1
NS24974V	2	2	-1	-1	-1	-1	-1	-1	-1	-1	-1	-1	-1	-1	-1	-1	-1	-1	-1	-1	-1	-1	-1	-1	-1	-1
NS24978Z	1	-1	-1	-1	-1	-1	-1	-1	-1	-1	-1	1	1	-1	-1	-1	-1	-1	-1	-1	-1	-1	-1	-1	-1	-1
NS24979A	1	-1	-1	-1	-1	-1	-1	-1	3	-1	-1	2	-1	1	1	2	2	2	2	2	2	1	2019	-1	-1	-1
NS24979A	2	2	-1	-1	-1	-1	-1	-1	-1	-1	-1	-1	-1	-1	-1	-1	-1	-1	-1	-1	-1	-1	-1	-1	-1	-1
NS24980K	2	1	5	2022	2	11	1984	38	3	-1	-1	1	1	-1	-1	-1	-1	-1	-1	-1	-1	-1	-1	-1	-1	-1
NS24982M	2	1	3	2021	1	-9	-9	37	3	-1	-1	1	1	-1	-1	-1	-1	-1	-1	-1	-1	-1	-1	-1	-1	-1
NS24983N	2	1	9	2021	1	1	1992	30	3	-1	-1	2	-1	1	1	2	1	2	2	2	2	9	2022	-1	-1	-1
NS24983N	3	2	-1	-1	-1	-1	-1	-1	-1	-1	-1	-1	-1	-1	-1	-1	-1	-1	-1	-1	-1	-1	-1	-1	-1	-1
NS24984P	1	-1	-1	-1	-1	-1	-1	-1	1	8	2022	1	1	-1	-1	-1	-1	-1	-1	-1	-1	-1	-1	-1	-1	-1
NS24987S	2	1	9	2017	1	12	1989	33	1	7	2019	1	1	-1	-1	-1	-1	-1	-1	-1	-1	-1	-1	-1	-1	-1
NS24990E	2	1	5	2019	2	5	1986	36	3	-1	-1	1	1	-1	-1	-1	-1	-1	-1	-1	-1	-1	-1	-1	-1	-1
NS24991F	2	1	6	2017	2	9	1991	31	3	-1	-1	1	1	-1	-1	-1	-1	-1	-1	-1	-1	-1	-1	-1	-1	-1
NS24992G	1	-1	-1	-1	-1	-1	-1	-1	1	10	2021	1	1	-1	-1	-1	-1	-1	-1	-1	-1	-1	-1	-1	-1	-1
NS24993H	1	-1	-1	-1	-1	-1	-1	-1	-1	-1	-1	1	1	-1	-1	-1	-1	-1	-1	-1	-1	-1	-1	-1	-1	-1
NS24995K	1	-1	-1	-1	-1	-1	-1	-1	3	-1	-1	1	1	-1	-1	-1	-1	-1	-1	-1	-1	-1	-1	-1	-1	-1
NS24996L	2	1	7	2016	1	5	1988	34	1	8	2018	1	1	-1	-1	-1	-1	-1	-1	-1	-1	-1	-1	-1	-1	-1
NS24997M	2	2	-1	-1	-1	-1	-1	-1	-1	-1	-1	-1	-1	-1	-1	-1	-1	-1	-1	-1	-1	-1	-1	-1	-1	-1
NS24998N	2	2	-1	-1	-1	-1	-1	-1	-1	-1	-1	-1	-1	-1	-1	-1	-1	-1	-1	-1	-1	-1	-1	-1	-1	-1
NS25000E	1	-1	-1	-1	-1	-1	-1	-1	3	-1	-1	2	-1	1	2	2	2	2	2	1	1	-8	2018	-1	-1	-1
NS25000E	2	2	-1	-1	-1	-1	-1	-1	-1	-1	-1	-1	-1	-1	-1	-1	-1	-1	-1	-1	-1	-1	-1	-1	-1	-1
NS25004J	2	2	-1	-1	-1	-1	-1	-1	-1	-1	-1	-1	-1	-1	-1	-1	-1	-1	-1	-1	-1	-1	-1	-1	-1	-1
NS25005K	2	1	10	2021	2	6	1987	34	3	-1	-1	1	1	-1	-1	-1	-1	-1	-1	-1	-1	-1	-1	-1	-1	-1
NS25006L	2	2	-1	-1	-1	-1	-1	-1	-1	-1	-1	-1	-1	-1	-1	-1	-1	-1	-1	-1	-1	-1	-1	-1	-1	-1
NS25008N	2	1	2	2018	1	4	1988	34	-1	-1	-1	1	1	-1	-1	-1	-1	-1	-1	-1	-1	-1	-1	-1	-1	-1
NS25009P	2	2	-1	-1	-1	-1	-1	-1	-1	-1	-1	-1	-1	-1	-1	-1	-1	-1	-1	-1	-1	-1	-1	-1	-1	-1
NS25012B	1	-1	-1	-1	-1	-1	-1	-1	3	-1	-1	2	-1	1	1	2	2	2	2	2	2	10	2016	-1	-1	-1
NS25012B	2	2	-1	-1	-1	-1	-1	-1	-1	-1	-1	-1	-1	-1	-1	-1	-1	-1	-1	-1	-1	-1	-1	-1	-1	-1
NS25013C	1	-1	-1	-1	-1	-1	-1	-1	1	11	2019	1	1	-1	-1	-1	-1	-1	-1	-1	-1	-1	-1	-1	-1	-1
NS25014D	1	-1	-1	-1	-1	-1	-1	-1	1	7	2017	2	-1	1	1	1	2	1	1	2	2	5	2019	1	12	2020
NS25014D	2	2	-1	-1	-1	-1	-1	-1	-1	-1	-1	-1	-1	-1	-1	-1	-1	-1	-1	-1	-1	-1	-1	-1	-1	-1
NS25015E	2	2	-1	-1	-1	-1	-1	-1	-1	-1	-1	-1	-1	-1	-1	-1	-1	-1	-1	-1	-1	-1	-1	-1	-1	-1
NS25016F	2	2	-1	-1	-1	-1	-1	-1	-1	-1	-1	-1	-1	-1	-1	-1	-1	-1	-1	-1	-1	-1	-1	-1	-1	-1
NS25017G	2	1	8	2016	1	12	1989	32	3	-1	-1	1	1	-1	-1	-1	-1	-1	-1	-1	-1	-1	-1	-1	-1	-1
NS25020T	2	1	8	2016	1	3	1989	34	3	-1	-1	1	1	-1	-1	-1	-1	-1	-1	-1	-1	-1	-1	-1	-1	-1
NS25026A	2	1	8	2018	1	2	1989	33	1	8	2018	1	1	-1	-1	-1	-1	-1	-1	-1	-1	-1	-1	-1	-1	-1
NS25030N	2	1	12	2020	1	4	1988	34	1	12	2020	1	1	-1	-1	-1	-1	-1	-1	-1	-1	-1	-1	-1	-1	-1
NS25033R	2	1	6	2019	1	7	1990	32	1	7	2022	1	1	-1	-1	-1	-1	-1	-1	-1	-1	-1	-1	-1	-1	-1
NS25034S	2	1	9	2017	1	2	1989	34	1	9	2020	1	1	-1	-1	-1	-1	-1	-1	-1	-1	-1	-1	-1	-1	-1
NS25037W	1	-1	-1	-1	-1	-1	-1	-1	1	12	2022	1	1	-1	-1	-1	-1	-1	-1	-1	-1	-1	-1	-1	-1	-1
NS25038X	2	1	11	2019	1	6	1994	28	3	-1	-1	1	1	-1	-1	-1	-1	-1	-1	-1	-1	-1	-1	-1	-1	-1
NS25039Y	2	1	3	2017	2	3	1994	28	1	8	2022	1	1	-1	-1	-1	-1	-1	-1	-1	-1	-1	-1	-1	-1	-1
NS25045N	1	-1	-1	-1	-1	-1	-1	-1	-1	-1	-1	2	-1	1	1	2	2	2	2	2	2	7	2016	1	10	2017
NS25045N	2	1	1	2017	2	12	1994	27	3	-1	-1	1	1	-1	-1	-1	-1	-1	-1	-1	-1	-1	-1	-1	-1	-1
NS25046P	1	-1	-1	-1	-1	-1	-1	-1	1	2	2016	1	1	-1	-1	-1	-1	-1	-1	-1	-1	-1	-1	-1	-1	-1
NS25047Q	2	1	8	2017	1	10	1992	29	3	-1	-1	1	1	-1	-1	-1	-1	-1	-1	-1	-1	-1	-1	-1	-1	-1
NS25049S	2	2	-1	-1	-1	-1	-1	-1	-1	-1	-1	-1	-1	-1	-1	-1	-1	-1	-1	-1	-1	-1	-1	-1	-1	-1
NS25051D	2	1	6	2009	1	12	1984	38	3	-1	-1	1	1	-1	-1	-1	-1	-1	-1	-1	-1	-1	-1	-1	-1	-1
NS25053F	1	-1	-1	-1	-1	-1	-1	-1	1	8	2019	1	1	-1	-1	-1	-1	-1	-1	-1	-1	-1	-1	-1	-1	-1
NS25056J	2	1	7	2021	2	5	1989	33	3	-1	-1	1	1	-1	-1	-1	-1	-1	-1	-1	-1	-1	-1	-1	-1	-1
NS25060X	2	1	3	2017	1	-9	-9	31	3	-1	-1	1	1	-1	-1	-1	-1	-1	-1	-1	-1	-1	-1	-1	-1	-1
NS25063A	1	-1	-1	-1	-1	-1	-1	-1	1	10	2016	1	1	-1	-1	-1	-1	-1	-1	-1	-1	-1	-1	-1	-1	-1
NS25069G	2	2	-1	-1	-1	-1	-1	-1	-1	-1	-1	-1	-1	-1	-1	-1	-1	-1	-1	-1	-1	-1	-1	-1	-1	-1
NS25070R	2	1	4	2016	2	3	1987	35	1	8	2019	1	1	-1	-1	-1	-1	-1	-1	-1	-1	-1	-1	-1	-1	-1
NS25072T	1	-1	-1	-1	-1	-1	-1	-1	1	9	2021	1	1	-1	-1	-1	-1	-1	-1	-1	-1	-1	-1	-1	-1	-1
NS25073V	2	2	-1	-1	-1	-1	-1	-1	-1	-1	-1	-1	-1	-1	-1	-1	-1	-1	-1	-1	-1	-1	-1	-1	-1	-1
NS25074W	2	2	-1	-1	-1	-1	-1	-1	-1	-1	-1	-1	-1	-1	-1	-1	-1	-1	-1	-1	-1	-1	-1	-1	-1	-1
NS25075X	2	1	11	2022	2	7	2001	21	3	-1	-1	1	1	-1	-1	-1	-1	-1	-1	-1	-1	-1	-1	-1	-1	-1
NS25077Z	2	1	10	2019	2	6	1999	22	3	-1	-1	1	1	-1	-1	-1	-1	-1	-1	-1	-1	-1	-1	-1	-1	-1
NS25078A	1	-1	-1	-1	-1	-1	-1	-1	-1	-1	-1	1	1	-1	-1	-1	-1	-1	-1	-1	-1	-1	-1	-1	-1	-1
NS25079B	2	2	-1	-1	-1	-1	-1	-1	-1	-1	-1	-1	-1	-1	-1	-1	-1	-1	-1	-1	-1	-1	-1	-1	-1	-1
NS25083P	2	1	4	2016	2	9	1996	26	1	10	2015	1	1	-1	-1	-1	-1	-1	-1	-1	-1	-1	-1	-1	-1	-1
NS25084Q	1	-1	-1	-1	-1	-1	-1	-1	1	8	2016	1	1	-1	-1	-1	-1	-1	-1	-1	-1	-1	-1	-1	-1	-1
NS25085R	2	2	-1	-1	-1	-1	-1	-1	-1	-1	-1	-1	-1	-1	-1	-1	-1	-1	-1	-1	-1	-1	-1	-1	-1	-1
NS25086S	2	1	3	2017	2	12	1991	30	3	-1	-1	1	1	-1	-1	-1	-1	-1	-1	-1	-1	-1	-1	-1	-1	-1
NS25087T	1	-1	-1	-1	-1	-1	-1	-1	1	9	2018	1	1	-1	-1	-1	-1	-1	-1	-1	-1	-1	-1	-1	-1	-1
NS25089W	1	-1	-1	-1	-1	-1	-1	-1	-1	-1	-1	2	-1	1	1	2	2	2	2	2	2	10	2016	1	2	2022
NS25089W	2	2	-1	-1	-1	-1	-1	-1	-1	-1	-1	-1	-1	-1	-1	-1	-1	-1	-1	-1	-1	-1	-1	-1	-1	-1
NS25090F	2	2	-1	-1	-1	-1	-1	-1	-1	-1	-1	-1	-1	-1	-1	-1	-1	-1	-1	-1	-1	-1	-1	-1	-1	-1
NS25093J	2	2	-1	-1	-1	-1	-1	-1	-1	-1	-1	-1	-1	-1	-1	-1	-1	-1	-1	-1	-1	-1	-1	-1	-1	-1
NS25094K	1	-1	-1	-1	-1	-1	-1	-1	1	8	2016	1	1	-1	-1	-1	-1	-1	-1	-1	-1	-1	-1	-1	-1	-1
NS25103K	1	-1	-1	-1	-1	-1	-1	-1	3	-1	-1	2	-1	1	1	1	1	2	2	2	2	9	2019	-1	-1	-1
NS25103K	2	1	9	2021	1	4	1986	36	3	-1	-1	1	1	-1	-1	-1	-1	-1	-1	-1	-1	-1	-1	-1	-1	-1
NS25107P	2	1	6	2016	2	8	1983	39	3	-1	-1	2	-1	1	1	2	2	2	2	2	2	5	2017	-1	-1	-1
NS25107P	3	1	3	2020	2	7	1999	23	3	-1	-1	1	2	-1	-1	-1	-1	-1	-1	-1	-1	7	2022	-1	-1	-1
NS25107P	4	1	1	2023	2	7	1999	23	3	-1	-1	1	1	-1	-1	-1	-1	-1	-1	-1	-1	-1	-1	-1	-1	-1
NS25111C	2	1	11	2018	1	7	1989	33	3	-1	-1	2	-1	3	-1	-1	-1	-1	-1	-1	-1	1	2021	-1	-1	-1
NS25111C	3	2	-1	-1	-1	-1	-1	-1	-1	-1	-1	-1	-1	-1	-1	-1	-1	-1	-1	-1	-1	-1	-1	-1	-1	-1
NS25113E	1	-1	-1	-1	-1	-1	-1	-1	-1	-1	-1	1	1	-1	-1	-1	-1	-1	-1	-1	-1	-1	-1	-1	-1	-1
NS25114F	2	2	-1	-1	-1	-1	-1	-1	-1	-1	-1	-1	-1	-1	-1	-1	-1	-1	-1	-1	-1	-1	-1	-1	-1	-1
NS25116H	2	1	7	2021	1	2	1990	32	3	-1	-1	1	1	-1	-1	-1	-1	-1	-1	-1	-1	-1	-1	-1	-1	-1
NS25118K	2	2	-1	-1	-1	-1	-1	-1	-1	-1	-1	-1	-1	-1	-1	-1	-1	-1	-1	-1	-1	-1	-1	-1	-1	-1
NS25119L	2	1	5	2014	1	4	1990	32	3	-1	-1	1	1	-1	-1	-1	-1	-1	-1	-1	-1	-1	-1	-1	-1	-1
NS25122Y	2	1	2	2020	1	6	1989	33	3	-1	-1	1	1	-1	-1	-1	-1	-1	-1	-1	-1	-1	-1	-1	-1	-1
NS25126C	1	-1	-1	-1	-1	-1	-1	-1	3	-1	-1	1	1	-1	-1	-1	-1	-1	-1	-1	-1	-1	-1	-1	-1	-1
NS25129F	1	-1	-1	-1	-1	-1	-1	-1	1	5	2021	1	1	-1	-1	-1	-1	-1	-1	-1	-1	-1	-1	-1	-1	-1
NS25131R	2	1	1	2016	1	7	1985	37	1	7	2021	1	1	-1	-1	-1	-1	-1	-1	-1	-1	-1	-1	-1	-1	-1
NS25132S	2	1	4	2017	1	8	1994	28	3	-1	-1	1	1	-1	-1	-1	-1	-1	-1	-1	-1	-1	-1	-1	-1	-1
NS25135W	2	1	9	2017	1	9	1990	31	3	-1	-1	1	1	-1	-1	-1	-1	-1	-1	-1	-1	-1	-1	-1	-1	-1
NS25136X	2	2	-1	-1	-1	-1	-1	-1	-1	-1	-1	-1	-1	-1	-1	-1	-1	-1	-1	-1	-1	-1	-1	-1	-1	-1
NS25137Y	2	2	-1	-1	-1	-1	-1	-1	-1	-1	-1	-1	-1	-1	-1	-1	-1	-1	-1	-1	-1	-1	-1	-1	-1	-1
NS25141L	2	1	9	2021	1	1	1993	30	3	-1	-1	1	1	-1	-1	-1	-1	-1	-1	-1	-1	-1	-1	-1	-1	-1
NS25144P	2	1	8	2022	2	3	1993	29	3	-1	-1	1	1	-1	-1	-1	-1	-1	-1	-1	-1	-1	-1	-1	-1	-1
NS25145Q	2	2	-1	-1	-1	-1	-1	-1	-1	-1	-1	-1	-1	-1	-1	-1	-1	-1	-1	-1	-1	-1	-1	-1	-1	-1
NS25147S	2	1	2	2017	2	6	1995	26	2	5	2017	1	1	-1	-1	-1	-1	-1	-1	-1	-1	-1	-1	-1	-1	-1
NS25148T	2	2	-1	-1	-1	-1	-1	-1	-1	-1	-1	-1	-1	-1	-1	-1	-1	-1	-1	-1	-1	-1	-1	-1	-1	-1
NS25149V	2	2	-1	-1	-1	-1	-1	-1	-1	-1	-1	-1	-1	-1	-1	-1	-1	-1	-1	-1	-1	-1	-1	-1	-1	-1
NS25150E	2	1	6	2016	1	2	1990	32	3	-1	-1	2	-1	1	1	2	2	2	2	2	2	7	2019	-1	-1	-1
NS25150E	3	2	-1	-1	-1	-1	-1	-1	-1	-1	-1	-1	-1	-1	-1	-1	-1	-1	-1	-1	-1	-1	-1	-1	-1	-1
NS25151F	1	-1	-1	-1	-1	-1	-1	-1	3	-1	-1	1	1	-1	-1	-1	-1	-1	-1	-1	-1	-1	-1	-1	-1	-1
NS25153H	1	-1	-1	-1	-1	-1	-1	-1	1	5	2018	1	1	-1	-1	-1	-1	-1	-1	-1	-1	-1	-1	-1	-1	-1
NS25155K	2	1	12	2020	2	6	1993	30	1	12	2020	1	1	-1	-1	-1	-1	-1	-1	-1	-1	-1	-1	-1	-1	-1
NS25156L	1	-1	-1	-1	-1	-1	-1	-1	1	7	2018	1	1	-1	-1	-1	-1	-1	-1	-1	-1	-1	-1	-1	-1	-1
NS25157M	2	2	-1	-1	-1	-1	-1	-1	-1	-1	-1	-1	-1	-1	-1	-1	-1	-1	-1	-1	-1	-1	-1	-1	-1	-1
NS25158N	2	2	-1	-1	-1	-1	-1	-1	-1	-1	-1	-1	-1	-1	-1	-1	-1	-1	-1	-1	-1	-1	-1	-1	-1	-1
NS25159P	2	2	-1	-1	-1	-1	-1	-1	-1	-1	-1	-1	-1	-1	-1	-1	-1	-1	-1	-1	-1	-1	-1	-1	-1	-1
NS25160Z	2	1	2	2018	2	9	1986	36	3	-1	-1	1	1	-1	-1	-1	-1	-1	-1	-1	-1	-1	-1	-1	-1	-1
NS25163C	1	-1	-1	-1	-1	-1	-1	-1	1	8	2017	1	1	-1	-1	-1	-1	-1	-1	-1	-1	-1	-1	-1	-1	-1
NS25165E	1	-1	-1	-1	-1	-1	-1	-1	-1	-1	-1	1	1	-1	-1	-1	-1	-1	-1	-1	-1	-1	-1	-1	-1	-1
NS25167G	2	1	4	2018	2	9	1993	28	3	-1	-1	1	1	-1	-1	-1	-1	-1	-1	-1	-1	-1	-1	-1	-1	-1
NS25168H	2	2	-1	-1	-1	-1	-1	-1	-1	-1	-1	-1	-1	-1	-1	-1	-1	-1	-1	-1	-1	-1	-1	-1	-1	-1
NS25169J	2	1	12	2015	2	1	1993	29	3	-1	-1	2	-1	1	1	2	2	2	2	2	2	1	2016	-1	-1	-1
NS25169J	3	1	3	2017	2	5	1992	29	1	2	2019	1	1	-1	-1	-1	-1	-1	-1	-1	-1	-1	-1	-1	-1	-1
NS25170T	1	-1	-1	-1	-1	-1	-1	-1	3	-1	-1	2	-1	1	1	2	2	2	2	2	2	2	2017	-1	-1	-1
NS25170T	2	2	-1	-1	-1	-1	-1	-1	-1	-1	-1	-1	-1	-1	-1	-1	-1	-1	-1	-1	-1	-1	-1	-1	-1	-1
NS25172W	2	1	10	2019	1	8	1991	30	1	4	2019	2	-1	1	1	2	2	2	2	2	2	7	2021	1	8	2021
NS25172W	3	1	9	2021	1	10	1989	32	3	-1	-1	2	-1	2	-1	-1	-1	-1	-1	-1	-1	5	2022	-1	-1	-1
NS25172W	4	2	-1	-1	-1	-1	-1	-1	-1	-1	-1	-1	-1	-1	-1	-1	-1	-1	-1	-1	-1	-1	-1	-1	-1	-1
NS25173X	1	-1	-1	-1	-1	-1	-1	-1	3	-1	-1	2	-1	1	2	2	2	2	1	2	2	3	2017	-1	-1	-1
NS25173X	2	1	11	2019	1	7	1992	30	1	5	2022	1	1	-1	-1	-1	-1	-1	-1	-1	-1	-1	-1	-1	-1	-1
NS25175Z	1	-1	-1	-1	-1	-1	-1	-1	1	9	2022	1	1	-1	-1	-1	-1	-1	-1	-1	-1	-1	-1	-1	-1	-1
NS25186V	2	1	8	2022	1	9	1998	24	3	-1	-1	1	1	-1	-1	-1	-1	-1	-1	-1	-1	-1	-1	-1	-1	-1
NS25187W	2	2	-1	-1	-1	-1	-1	-1	-1	-1	-1	-1	-1	-1	-1	-1	-1	-1	-1	-1	-1	-1	-1	-1	-1	-1
NS25190H	2	1	6	2016	1	5	1979	42	3	-1	-1	2	-1	3	-1	-1	-1	-1	-1	-1	-1	1	2022	-1	-1	-1
NS25190H	3	2	-1	-1	-1	-1	-1	-1	-1	-1	-1	-1	-1	-1	-1	-1	-1	-1	-1	-1	-1	-1	-1	-1	-1	-1
NS25192K	2	2	-1	-1	-1	-1	-1	-1	-1	-1	-1	-1	-1	-1	-1	-1	-1	-1	-1	-1	-1	-1	-1	-1	-1	-1
NS25193L	1	-1	-1	-1	-1	-1	-1	-1	-1	-1	-1	1	1	-1	-1	-1	-1	-1	-1	-1	-1	-1	-1	-1	-1	-1
NS25196P	1	-1	-1	-1	-1	-1	-1	-1	3	-1	-1	1	1	-1	-1	-1	-1	-1	-1	-1	-1	-1	-1	-1	-1	-1
NS25199S	2	1	6	2010	2	9	1989	33	2	6	2015	1	1	-1	-1	-1	-1	-1	-1	-1	-1	-1	-1	-1	-1	-1
NS25201K	1	-1	-1	-1	-1	-1	-1	-1	-1	-1	-1	1	1	-1	-1	-1	-1	-1	-1	-1	-1	-1	-1	-1	-1	-1
NS25202L	1	-1	-1	-1	-1	-1	-1	-1	1	2	2020	1	1	-1	-1	-1	-1	-1	-1	-1	-1	-1	-1	-1	-1	-1
NS25203M	2	1	2	2017	2	5	1986	36	3	-1	-1	1	1	-1	-1	-1	-1	-1	-1	-1	-1	-1	-1	-1	-1	-1
NS25208S	2	1	9	2019	1	2	1984	38	1	7	2022	1	1	-1	-1	-1	-1	-1	-1	-1	-1	-1	-1	-1	-1	-1
NS25209T	2	1	4	2017	1	-9	-9	34	1	7	2021	1	1	-1	-1	-1	-1	-1	-1	-1	-1	-1	-1	-1	-1	-1
NS25210D	2	2	-1	-1	-1	-1	-1	-1	-1	-1	-1	-1	-1	-1	-1	-1	-1	-1	-1	-1	-1	-1	-1	-1	-1	-1
NS25211E	2	2	-1	-1	-1	-1	-1	-1	-1	-1	-1	-1	-1	-1	-1	-1	-1	-1	-1	-1	-1	-1	-1	-1	-1	-1
NS25214H	1	-1	-1	-1	-1	-1	-1	-1	-1	-1	-1	1	1	-1	-1	-1	-1	-1	-1	-1	-1	-1	-1	-1	-1	-1
NS25215J	2	1	2	2022	2	10	1993	29	1	2	2022	2	-1	2	-1	-1	-1	-1	-1	-1	-1	2	2022	2	-1	-1
NS25215J	3	2	-1	-1	-1	-1	-1	-1	-1	-1	-1	-1	-1	-1	-1	-1	-1	-1	-1	-1	-1	-1	-1	-1	-1	-1
NS25217L	1	-1	-1	-1	-1	-1	-1	-1	1	7	2018	1	1	-1	-1	-1	-1	-1	-1	-1	-1	-1	-1	-1	-1	-1
NS25219N	1	-1	-1	-1	-1	-1	-1	-1	-1	-1	-1	1	1	-1	-1	-1	-1	-1	-1	-1	-1	-1	-1	-1	-1	-1
NS25222A	1	-1	-1	-1	-1	-1	-1	-1	3	-1	-1	1	1	-1	-1	-1	-1	-1	-1	-1	-1	-1	-1	-1	-1	-1
NS25223B	1	-1	-1	-1	-1	-1	-1	-1	1	4	2017	1	1	-1	-1	-1	-1	-1	-1	-1	-1	-1	-1	-1	-1	-1
NS25226E	1	-1	-1	-1	-1	-1	-1	-1	3	-1	-1	2	-1	1	1	2	2	2	2	2	2	1	2019	-1	-1	-1
NS25226E	2	2	-1	-1	-1	-1	-1	-1	-1	-1	-1	-1	-1	-1	-1	-1	-1	-1	-1	-1	-1	-1	-1	-1	-1	-1
NS25227F	2	1	8	2010	1	2	1984	38	1	4	2014	1	1	-1	-1	-1	-1	-1	-1	-1	-1	-1	-1	-1	-1	-1
NS25228G	2	1	9	2019	1	6	1988	34	1	8	2019	1	1	-1	-1	-1	-1	-1	-1	-1	-1	-1	-1	-1	-1	-1
NS25229H	1	-1	-1	-1	-1	-1	-1	-1	1	9	2019	1	1	-1	-1	-1	-1	-1	-1	-1	-1	-1	-1	-1	-1	-1
NS25231T	2	1	9	2017	1	2	1987	35	3	-1	-1	2	-1	1	1	2	2	2	2	2	2	8	2020	-1	-1	-1
NS25231T	3	1	1	2021	1	9	1988	34	3	-1	-1	1	1	-1	-1	-1	-1	-1	-1	-1	-1	-1	-1	-1	-1	-1
NS25232V	2	1	1	2020	2	6	1991	31	3	-1	-1	1	1	-1	-1	-1	-1	-1	-1	-1	-1	-1	-1	-1	-1	-1
NS25233W	2	1	8	2019	1	10	1989	32	1	8	2019	1	1	-1	-1	-1	-1	-1	-1	-1	-1	-1	-1	-1	-1	-1
NS25234X	2	2	-1	-1	-1	-1	-1	-1	-1	-1	-1	-1	-1	-1	-1	-1	-1	-1	-1	-1	-1	-1	-1	-1	-1	-1
NS25235Y	1	-1	-1	-1	-1	-1	-1	-1	3	-1	-1	2	-1	1	1	2	2	2	2	2	2	5	2016	-1	-1	-1
NS25235Y	2	2	-1	-1	-1	-1	-1	-1	-1	-1	-1	-1	-1	-1	-1	-1	-1	-1	-1	-1	-1	-1	-1	-1	-1	-1
NS25240M	2	1	4	2017	1	-9	-9	-9	3	-1	-1	2	-1	1	1	2	2	2	2	2	2	4	2019	-1	-1	-1
NS25240M	3	2	-1	-1	-1	-1	-1	-1	-1	-1	-1	-1	-1	-1	-1	-1	-1	-1	-1	-1	-1	-1	-1	-1	-1	-1
NS25241N	1	-1	-1	-1	-1	-1	-1	-1	3	-1	-1	2	-1	1	2	2	2	2	2	2	1	9	2018	-1	-1	-1
NS25241N	2	2	-1	-1	-1	-1	-1	-1	-1	-1	-1	-1	-1	-1	-1	-1	-1	-1	-1	-1	-1	-1	-1	-1	-1	-1
NS25242P	2	2	-1	-1	-1	-1	-1	-1	-1	-1	-1	-1	-1	-1	-1	-1	-1	-1	-1	-1	-1	-1	-1	-1	-1	-1
NS25245S	2	2	-1	-1	-1	-1	-1	-1	-1	-1	-1	-1	-1	-1	-1	-1	-1	-1	-1	-1	-1	-1	-1	-1	-1	-1
NS25247V	2	1	9	2015	2	8	1990	32	1	10	2020	1	1	-1	-1	-1	-1	-1	-1	-1	-1	-1	-1	-1	-1	-1
NS25251H	2	1	7	2022	1	7	2000	22	3	-1	-1	1	1	-1	-1	-1	-1	-1	-1	-1	-1	-1	-1	-1	-1	-1
NS25252J	2	1	7	2017	2	2	1988	34	3	-1	-1	2	-1	1	2	2	2	2	2	2	1	7	2017	-1	-1	-1
NS25252J	3	2	-1	-1	-1	-1	-1	-1	-1	-1	-1	-1	-1	-1	-1	-1	-1	-1	-1	-1	-1	-1	-1	-1	-1	-1
NS25253K	2	1	6	2020	2	-8	-8	-8	3	-1	-1	2	-1	1	1	2	2	2	2	2	2	4	2022	-1	-1	-1
NS25253K	3	2	-1	-1	-1	-1	-1	-1	-1	-1	-1	-1	-1	-1	-1	-1	-1	-1	-1	-1	-1	-1	-1	-1	-1	-1
NS25254L	2	1	4	2014	1	10	1988	34	3	-1	-1	1	1	-1	-1	-1	-1	-1	-1	-1	-1	-1	-1	-1	-1	-1
NS25255M	1	-1	-1	-1	-1	-1	-1	-1	1	12	2018	1	1	-1	-1	-1	-1	-1	-1	-1	-1	-1	-1	-1	-1	-1
NS25256N	2	1	8	2005	2	4	1993	29	1	6	2016	2	-1	1	1	2	2	2	2	2	2	8	2021	1	3	2021
NS25256N	3	2	-1	-1	-1	-1	-1	-1	-1	-1	-1	-1	-1	-1	-1	-1	-1	-1	-1	-1	-1	-1	-1	-1	-1	-1
NS25257P	2	2	-1	-1	-1	-1	-1	-1	-1	-1	-1	-1	-1	-1	-1	-1	-1	-1	-1	-1	-1	-1	-1	-1	-1	-1
NS25258Q	1	-1	-1	-1	-1	-1	-1	-1	1	12	2016	1	1	-1	-1	-1	-1	-1	-1	-1	-1	-1	-1	-1	-1	-1
NS25259R	2	1	2	2016	1	4	1987	35	3	-1	-1	1	1	-1	-1	-1	-1	-1	-1	-1	-1	-1	-1	-1	-1	-1
NS25261C	2	1	4	2018	2	7	1991	30	3	1	2015	1	1	-1	-1	-1	-1	-1	-1	-1	-1	-1	-1	-1	-1	-1
NS25263E	2	1	9	2022	1	1	1992	31	3	-1	-1	1	1	-1	-1	-1	-1	-1	-1	-1	-1	-1	-1	-1	-1	-1
NS25272Y	2	1	3	2021	1	9	1980	42	3	-1	-1	1	1	-1	-1	-1	-1	-1	-1	-1	-1	-1	-1	-1	-1	-1
NS25273Z	1	-1	-1	-1	-1	-1	-1	-1	3	-1	-1	1	1	-1	-1	-1	-1	-1	-1	-1	-1	-1	-1	-1	-1	-1
NS25274A	2	1	1	2015	2	-9	-9	30	1	-9	-9	1	1	-1	-1	-1	-1	-1	-1	-1	-1	-1	-1	-1	-1	-1
NS25276C	2	2	-1	-1	-1	-1	-1	-1	-1	-1	-1	-1	-1	-1	-1	-1	-1	-1	-1	-1	-1	-1	-1	-1	-1	-1
NS25279F	2	2	-1	-1	-1	-1	-1	-1	-1	-1	-1	-1	-1	-1	-1	-1	-1	-1	-1	-1	-1	-1	-1	-1	-1	-1
NS25282S	2	2	-1	-1	-1	-1	-1	-1	-1	-1	-1	-1	-1	-1	-1	-1	-1	-1	-1	-1	-1	-1	-1	-1	-1	-1
NS25288Z	2	1	11	2019	2	5	1991	31	3	-1	-1	2	-1	1	1	2	1	2	2	2	2	11	2021	-1	-1	-1
NS25288Z	3	2	-1	-1	-1	-1	-1	-1	-1	-1	-1	-1	-1	-1	-1	-1	-1	-1	-1	-1	-1	-1	-1	-1	-1	-1
NS25289A	1	-1	-1	-1	-1	-1	-1	-1	1	10	2019	1	1	-1	-1	-1	-1	-1	-1	-1	-1	-1	-1	-1	-1	-1
NS25291L	1	-1	-1	-1	-1	-1	-1	-1	3	-1	-1	1	1	-1	-1	-1	-1	-1	-1	-1	-1	-1	-1	-1	-1	-1
NS25294P	2	2	-1	-1	-1	-1	-1	-1	-1	-1	-1	-1	-1	-1	-1	-1	-1	-1	-1	-1	-1	-1	-1	-1	-1	-1
NS25295Q	2	1	12	2021	2	7	1995	27	3	-1	-1	1	1	-1	-1	-1	-1	-1	-1	-1	-1	-1	-1	-1	-1	-1
NS25296R	1	-1	-1	-1	-1	-1	-1	-1	-1	-1	-1	1	1	-1	-1	-1	-1	-1	-1	-1	-1	-1	-1	-1	-1	-1
NS25298T	2	1	8	2014	1	7	1988	34	1	8	2015	1	1	-1	-1	-1	-1	-1	-1	-1	-1	-1	-1	-1	-1	-1
NS25300L	2	2	-1	-1	-1	-1	-1	-1	-1	-1	-1	-1	-1	-1	-1	-1	-1	-1	-1	-1	-1	-1	-1	-1	-1	-1
NS25301M	2	1	4	2019	2	10	1991	30	1	4	2019	1	1	-1	-1	-1	-1	-1	-1	-1	-1	-1	-1	-1	-1	-1
NS25302N	2	2	-1	-1	-1	-1	-1	-1	-1	-1	-1	-1	-1	-1	-1	-1	-1	-1	-1	-1	-1	-1	-1	-1	-1	-1
NS25303P	1	-1	-1	-1	-1	-1	-1	-1	-1	-1	-1	1	1	-1	-1	-1	-1	-1	-1	-1	-1	-1	-1	-1	-1	-1
NS25306S	2	2	-1	-1	-1	-1	-1	-1	-1	-1	-1	-1	-1	-1	-1	-1	-1	-1	-1	-1	-1	-1	-1	-1	-1	-1
NS25307T	2	1	3	2019	1	11	1991	30	3	-1	-1	1	1	-1	-1	-1	-1	-1	-1	-1	-1	-1	-1	-1	-1	-1
NS25308V	2	2	-1	-1	-1	-1	-1	-1	-1	-1	-1	-1	-1	-1	-1	-1	-1	-1	-1	-1	-1	-1	-1	-1	-1	-1
NS25310F	2	2	-1	-1	-1	-1	-1	-1	-1	-1	-1	-1	-1	-1	-1	-1	-1	-1	-1	-1	-1	-1	-1	-1	-1	-1
NS25311G	2	2	-1	-1	-1	-1	-1	-1	-1	-1	-1	-1	-1	-1	-1	-1	-1	-1	-1	-1	-1	-1	-1	-1	-1	-1
NS25314K	2	2	-1	-1	-1	-1	-1	-1	-1	-1	-1	-1	-1	-1	-1	-1	-1	-1	-1	-1	-1	-1	-1	-1	-1	-1
NS25316M	2	1	7	2018	1	12	1988	33	3	-1	-1	1	1	-1	-1	-1	-1	-1	-1	-1	-1	-1	-1	-1	-1	-1
NS25318P	1	-1	-1	-1	-1	-1	-1	-1	3	-1	-1	2	-1	1	1	2	2	2	2	2	2	6	2018	-1	-1	-1
NS25318P	2	1	9	2019	1	1	1978	44	3	-1	-1	1	1	-1	-1	-1	-1	-1	-1	-1	-1	-1	-1	-1	-1	-1
NS25319Q	1	-1	-1	-1	-1	-1	-1	-1	3	-1	-1	2	-1	1	1	2	2	2	1	2	2	2	2016	-1	-1	-1
NS25319Q	2	1	12	2017	1	6	1980	42	3	-1	-1	1	1	-1	-1	-1	-1	-1	-1	-1	-1	-1	-1	-1	-1	-1
NS25320A	1	-1	-1	-1	-1	-1	-1	-1	3	-1	-1	1	1	-1	-1	-1	-1	-1	-1	-1	-1	-1	-1	-1	-1	-1
NS25323D	2	2	-1	-1	-1	-1	-1	-1	-1	-1	-1	-1	-1	-1	-1	-1	-1	-1	-1	-1	-1	-1	-1	-1	-1	-1
NS25324E	2	2	-1	-1	-1	-1	-1	-1	-1	-1	-1	-1	-1	-1	-1	-1	-1	-1	-1	-1	-1	-1	-1	-1	-1	-1
NS25325F	2	1	10	2013	2	3	1987	36	1	9	2018	1	1	-1	-1	-1	-1	-1	-1	-1	-1	-1	-1	-1	-1	-1
NS25326G	1	-1	-1	-1	-1	-1	-1	-1	1	7	2021	1	1	-1	-1	-1	-1	-1	-1	-1	-1	-1	-1	-1	-1	-1
NS25328J	1	-1	-1	-1	-1	-1	-1	-1	3	-1	-1	2	-1	1	1	2	2	1	2	2	2	8	2018	-1	-1	-1
NS25328J	2	1	5	2019	1	8	1991	31	1	11	2021	1	1	-1	-1	-1	-1	-1	-1	-1	-1	-1	-1	-1	-1	-1
NS25332X	2	1	3	2022	2	5	1996	26	3	-1	-1	1	1	-1	-1	-1	-1	-1	-1	-1	-1	-1	-1	-1	-1	-1
NS25333Y	2	1	2	2022	2	1	1994	28	3	-1	-1	1	1	-1	-1	-1	-1	-1	-1	-1	-1	-1	-1	-1	-1	-1
NS25336B	2	1	8	2014	1	3	1983	39	1	7	2017	1	1	-1	-1	-1	-1	-1	-1	-1	-1	-1	-1	-1	-1	-1
NS25337C	2	2	-1	-1	-1	-1	-1	-1	-1	-1	-1	-1	-1	-1	-1	-1	-1	-1	-1	-1	-1	-1	-1	-1	-1	-1
NS25342R	2	2	-1	-1	-1	-1	-1	-1	-1	-1	-1	-1	-1	-1	-1	-1	-1	-1	-1	-1	-1	-1	-1	-1	-1	-1
NS25343S	1	-1	-1	-1	-1	-1	-1	-1	3	-1	-1	2	-1	1	1	2	2	2	2	2	2	2	2016	-1	-1	-1
NS25343S	2	1	1	2020	2	3	1993	30	3	-1	-1	2	-1	2	-1	-1	-1	-1	-1	-1	-1	1	2021	-1	-1	-1
NS25343S	3	2	-1	-1	-1	-1	-1	-1	-1	-1	-1	-1	-1	-1	-1	-1	-1	-1	-1	-1	-1	-1	-1	-1	-1	-1
NS25346W	2	2	-1	-1	-1	-1	-1	-1	-1	-1	-1	-1	-1	-1	-1	-1	-1	-1	-1	-1	-1	-1	-1	-1	-1	-1
NS25349Z	1	-1	-1	-1	-1	-1	-1	-1	-1	-1	-1	1	1	-1	-1	-1	-1	-1	-1	-1	-1	-1	-1	-1	-1	-1
NS25350J	2	1	9	2013	1	-9	-9	-9	1	9	2013	1	1	-1	-1	-1	-1	-1	-1	-1	-1	-1	-1	-1	-1	-1
NS25351K	2	2	-1	-1	-1	-1	-1	-1	-1	-1	-1	-1	-1	-1	-1	-1	-1	-1	-1	-1	-1	-1	-1	-1	-1	-1
NS25356Q	2	1	6	2016	2	2	1995	28	3	-1	-1	1	1	-1	-1	-1	-1	-1	-1	-1	-1	-1	-1	-1	-1	-1
NS25362F	2	2	-1	-1	-1	-1	-1	-1	-1	-1	-1	-1	-1	-1	-1	-1	-1	-1	-1	-1	-1	-1	-1	-1	-1	-1
NS25364H	1	-1	-1	-1	-1	-1	-1	-1	1	5	2019	1	1	-1	-1	-1	-1	-1	-1	-1	-1	-1	-1	-1	-1	-1
NS25366K	1	-1	-1	-1	-1	-1	-1	-1	3	-1	-1	1	1	-1	-1	-1	-1	-1	-1	-1	-1	-1	-1	-1	-1	-1
NS25367L	2	2	-1	-1	-1	-1	-1	-1	-1	-1	-1	-1	-1	-1	-1	-1	-1	-1	-1	-1	-1	-1	-1	-1	-1	-1
NS25368M	2	1	3	2021	1	2	1989	34	1	8	2021	1	1	-1	-1	-1	-1	-1	-1	-1	-1	-1	-1	-1	-1	-1
NS25371Z	1	-1	-1	-1	-1	-1	-1	-1	1	8	2021	1	1	-1	-1	-1	-1	-1	-1	-1	-1	-1	-1	-1	-1	-1
NS25374C	2	1	9	2016	-9	-9	-9	-9	3	-1	-1	2	-1	1	1	2	2	2	2	2	2	9	2019	-1	-1	-1
NS25374C	3	2	-1	-1	-1	-1	-1	-1	-1	-1	-1	-1	-1	-1	-1	-1	-1	-1	-1	-1	-1	-1	-1	-1	-1	-1
NS25375D	1	-1	-1	-1	-1	-1	-1	-1	-1	-1	-1	1	1	-1	-1	-1	-1	-1	-1	-1	-1	-1	-1	-1	-1	-1
NS25379H	1	-1	-1	-1	-1	-1	-1	-1	3	-1	-1	1	1	-1	-1	-1	-1	-1	-1	-1	-1	-1	-1	-1	-1	-1
NS25381T	1	-1	-1	-1	-1	-1	-1	-1	-1	-1	-1	1	1	-1	-1	-1	-1	-1	-1	-1	-1	-1	-1	-1	-1	-1
NS25382V	2	2	-1	-1	-1	-1	-1	-1	-1	-1	-1	-1	-1	-1	-1	-1	-1	-1	-1	-1	-1	-1	-1	-1	-1	-1
NS25387A	2	2	-1	-1	-1	-1	-1	-1	-1	-1	-1	-1	-1	-1	-1	-1	-1	-1	-1	-1	-1	-1	-1	-1	-1	-1
NS25388B	2	1	11	2017	1	7	1990	32	1	10	2017	1	1	-1	-1	-1	-1	-1	-1	-1	-1	-1	-1	-1	-1	-1
NS25390M	1	-1	-1	-1	-1	-1	-1	-1	3	-1	-1	2	-1	1	2	2	2	2	2	1	2	8	2020	-1	-1	-1
NS25390M	2	2	-1	-1	-1	-1	-1	-1	-1	-1	-1	-1	-1	-1	-1	-1	-1	-1	-1	-1	-1	-1	-1	-1	-1	-1
NS25392P	2	1	3	2020	1	2	1990	32	1	2	2020	1	1	-1	-1	-1	-1	-1	-1	-1	-1	-1	-1	-1	-1	-1
NS25393Q	2	1	9	2017	2	5	1991	31	1	9	2017	1	1	-1	-1	-1	-1	-1	-1	-1	-1	-1	-1	-1	-1	-1
NS25394R	2	1	10	2008	1	6	1984	38	1	10	2015	1	1	-1	-1	-1	-1	-1	-1	-1	-1	-1	-1	-1	-1	-1
NS25395S	2	1	4	2016	2	10	1990	32	1	4	2016	1	1	-1	-1	-1	-1	-1	-1	-1	-1	-1	-1	-1	-1	-1
NS25396T	2	2	-1	-1	-1	-1	-1	-1	-1	-1	-1	-1	-1	-1	-1	-1	-1	-1	-1	-1	-1	-1	-1	-1	-1	-1
NS25397V	1	-1	-1	-1	-1	-1	-1	-1	3	-1	-1	2	-1	1	1	2	2	2	2	2	2	6	2017	-1	-1	-1
NS25397V	2	1	7	2020	2	9	1993	29	3	-1	-1	1	1	-1	-1	-1	-1	-1	-1	-1	-1	-1	-1	-1	-1	-1
NS25402Q	2	1	9	2012	2	5	1988	34	3	-1	-1	1	1	-1	-1	-1	-1	-1	-1	-1	-1	-1	-1	-1	-1	-1
NS25403R	2	1	4	2020	2	11	1987	35	3	-1	-1	1	1	-1	-1	-1	-1	-1	-1	-1	-1	-1	-1	-1	-1	-1
NS25404S	2	1	2	2018	1	8	1989	32	3	-1	-1	1	1	-1	-1	-1	-1	-1	-1	-1	-1	-1	-1	-1	-1	-1
NS25407W	1	-1	-1	-1	-1	-1	-1	-1	-1	-1	-1	1	1	-1	-1	-1	-1	-1	-1	-1	-1	-1	-1	-1	-1	-1
NS25410H	2	1	4	2017	1	12	1989	33	3	-1	-1	2	-1	1	1	2	2	2	2	2	2	4	2019	-1	-1	-1
NS25410H	3	1	4	2020	1	8	1989	33	3	-1	-1	1	1	-1	-1	-1	-1	-1	-1	-1	-1	-1	-1	-1	-1	-1
NS25412K	2	1	2	2015	1	1	1990	32	3	-1	-1	1	1	-1	-1	-1	-1	-1	-1	-1	-1	-1	-1	-1	-1	-1
NS25413L	2	2	-1	-1	-1	-1	-1	-1	-1	-1	-1	-1	-1	-1	-1	-1	-1	-1	-1	-1	-1	-1	-1	-1	-1	-1
NS25417Q	1	-1	-1	-1	-1	-1	-1	-1	3	-1	-1	2	-1	1	1	2	2	2	2	2	2	6	2017	-1	-1	-1
NS25417Q	2	2	-1	-1	-1	-1	-1	-1	-1	-1	-1	-1	-1	-1	-1	-1	-1	-1	-1	-1	-1	-1	-1	-1	-1	-1
NS25419S	1	-1	-1	-1	-1	-1	-1	-1	3	-1	-1	1	1	-1	-1	-1	-1	-1	-1	-1	-1	-1	-1	-1	-1	-1
NS25420C	1	-1	-1	-1	-1	-1	-1	-1	1	5	2016	1	1	-1	-1	-1	-1	-1	-1	-1	-1	-1	-1	-1	-1	-1
NS25422E	2	1	9	2013	1	7	1992	30	3	-1	-1	2	-1	1	1	2	1	2	1	2	2	2	2014	-1	-1	-1
NS25422E	3	1	9	2015	1	11	1984	38	3	-1	-1	2	-1	1	1	2	2	2	2	2	2	11	2015	-1	-1	-1
NS25422E	4	1	5	2019	1	7	1982	40	1	5	2022	1	1	-1	-1	-1	-1	-1	-1	-1	-1	-1	-1	-1	-1	-1
NS25424G	2	1	6	2016	1	7	1973	49	3	-1	-1	1	1	-1	-1	-1	-1	-1	-1	-1	-1	-1	-1	-1	-1	-1
NS25426J	2	1	11	2017	2	5	1989	34	1	6	2023	1	1	-1	-1	-1	-1	-1	-1	-1	-1	-1	-1	-1	-1	-1
NS25427K	2	1	6	2009	2	6	1992	30	1	5	2012	2	-1	1	1	2	2	2	2	2	2	8	2016	1	8	2016
NS25427K	3	1	3	2017	2	4	1994	28	3	-1	-1	2	-1	1	1	2	1	2	2	2	2	8	2020	-1	-1	-1
NS25427K	4	2	-1	-1	-1	-1	-1	-1	-1	-1	-1	-1	-1	-1	-1	-1	-1	-1	-1	-1	-1	-1	-1	-1	-1	-1
NS25431Y	1	-1	-1	-1	-1	-1	-1	-1	3	-1	-1	2	-1	1	1	2	2	2	2	2	2	6	2018	-1	-1	-1
NS25431Y	2	1	9	2019	2	10	1996	25	1	7	2021	1	1	-1	-1	-1	-1	-1	-1	-1	-1	-1	-1	-1	-1	-1
NS25432Z	1	-1	-1	-1	-1	-1	-1	-1	-1	-1	-1	1	1	-1	-1	-1	-1	-1	-1	-1	-1	-1	-1	-1	-1	-1
NS25438F	1	-1	-1	-1	-1	-1	-1	-1	1	10	2018	2	-1	1	1	2	2	2	2	2	2	6	2019	1	5	2020
NS25438F	2	1	3	2020	2	10	1989	33	1	9	2022	1	1	-1	-1	-1	-1	-1	-1	-1	-1	-1	-1	-1	-1	-1
NS25439G	1	-1	-1	-1	-1	-1	-1	-1	1	8	2021	1	1	-1	-1	-1	-1	-1	-1	-1	-1	-1	-1	-1	-1	-1
NS25441S	1	-1	-1	-1	-1	-1	-1	-1	1	6	2017	1	1	-1	-1	-1	-1	-1	-1	-1	-1	-1	-1	-1	-1	-1
NS25445X	2	1	6	2019	1	5	1989	33	3	1	2019	2	-1	1	1	2	2	2	2	2	2	5	2021	1	5	2021
NS25445X	3	2	-1	-1	-1	-1	-1	-1	-1	-1	-1	-1	-1	-1	-1	-1	-1	-1	-1	-1	-1	-1	-1	-1	-1	-1
NS25451M	2	2	-1	-1	-1	-1	-1	-1	-1	-1	-1	-1	-1	-1	-1	-1	-1	-1	-1	-1	-1	-1	-1	-1	-1	-1
NS25453P	2	1	6	2016	2	6	1995	27	3	-1	-1	2	-1	2	-1	-1	-1	-1	-1	-1	-1	8	2016	-1	-1	-1
NS25453P	3	2	-1	-1	-1	-1	-1	-1	-1	-1	-1	-1	-1	-1	-1	-1	-1	-1	-1	-1	-1	-1	-1	-1	-1	-1
NS25458V	1	-1	-1	-1	-1	-1	-1	-1	3	-1	-1	1	1	-1	-1	-1	-1	-1	-1	-1	-1	-1	-1	-1	-1	-1
NS25459W	2	1	10	2019	1	10	1990	32	3	-1	-1	1	1	-1	-1	-1	-1	-1	-1	-1	-1	-1	-1	-1	-1	-1
NS25462H	2	2	-1	-1	-1	-1	-1	-1	-1	-1	-1	-1	-1	-1	-1	-1	-1	-1	-1	-1	-1	-1	-1	-1	-1	-1
NS25463J	2	1	2	2018	1	3	1994	28	1	3	2016	1	1	-1	-1	-1	-1	-1	-1	-1	-1	-1	-1	-1	-1	-1
NS25464K	1	-1	-1	-1	-1	-1	-1	-1	3	-1	-1	2	-1	1	1	1	2	1	2	2	2	-8	2017	-1	-1	-1
NS25464K	2	2	-1	-1	-1	-1	-1	-1	-1	-1	-1	-1	-1	-1	-1	-1	-1	-1	-1	-1	-1	-1	-1	-1	-1	-1
NS25466M	1	-1	-1	-1	-1	-1	-1	-1	-1	-1	-1	1	1	-1	-1	-1	-1	-1	-1	-1	-1	-1	-1	-1	-1	-1
NS25471B	2	1	4	2013	2	5	1990	32	1	4	2013	2	-1	1	1	2	2	2	2	2	2	8	2019	1	11	2021
NS25471B	3	2	-1	-1	-1	-1	-1	-1	-1	-1	-1	-1	-1	-1	-1	-1	-1	-1	-1	-1	-1	-1	-1	-1	-1	-1
NS25474E	2	2	-1	-1	-1	-1	-1	-1	-1	-1	-1	-1	-1	-1	-1	-1	-1	-1	-1	-1	-1	-1	-1	-1	-1	-1
NS25479K	2	2	-1	-1	-1	-1	-1	-1	-1	-1	-1	-1	-1	-1	-1	-1	-1	-1	-1	-1	-1	-1	-1	-1	-1	-1
NS25480V	1	-1	-1	-1	-1	-1	-1	-1	3	-1	-1	1	1	-1	-1	-1	-1	-1	-1	-1	-1	-1	-1	-1	-1	-1
NS25481W	1	-1	-1	-1	-1	-1	-1	-1	3	-1	-1	1	1	-1	-1	-1	-1	-1	-1	-1	-1	-1	-1	-1	-1	-1
NS25483Y	2	1	2	2017	2	9	1978	44	3	-1	-1	2	-1	1	1	2	2	2	2	2	2	5	2018	-1	-1	-1
NS25483Y	3	2	-1	-1	-1	-1	-1	-1	-1	-1	-1	-1	-1	-1	-1	-1	-1	-1	-1	-1	-1	-1	-1	-1	-1	-1
NS25485A	1	-1	-1	-1	-1	-1	-1	-1	1	7	2017	1	1	-1	-1	-1	-1	-1	-1	-1	-1	-1	-1	-1	-1	-1
NS25486B	2	2	-1	-1	-1	-1	-1	-1	-1	-1	-1	-1	-1	-1	-1	-1	-1	-1	-1	-1	-1	-1	-1	-1	-1	-1
NS25488D	2	1	3	2020	2	10	1990	32	3	-1	-1	1	1	-1	-1	-1	-1	-1	-1	-1	-1	-1	-1	-1	-1	-1
NS25489E	2	2	-1	-1	-1	-1	-1	-1	-1	-1	-1	-1	-1	-1	-1	-1	-1	-1	-1	-1	-1	-1	-1	-1	-1	-1
NS25491Q	2	2	-1	-1	-1	-1	-1	-1	-1	-1	-1	-1	-1	-1	-1	-1	-1	-1	-1	-1	-1	-1	-1	-1	-1	-1
NS25497X	2	1	7	2018	1	9	1984	38	3	-1	-1	1	1	-1	-1	-1	-1	-1	-1	-1	-1	-1	-1	-1	-1	-1
NS25501R	2	1	8	2016	2	2	1990	32	1	12	2018	1	1	-1	-1	-1	-1	-1	-1	-1	-1	-1	-1	-1	-1	-1
NS25502S	1	-1	-1	-1	-1	-1	-1	-1	-1	-1	-1	1	1	-1	-1	-1	-1	-1	-1	-1	-1	-1	-1	-1	-1	-1
NS25505W	2	1	8	2014	1	5	1989	34	1	8	2014	1	1	-1	-1	-1	-1	-1	-1	-1	-1	-1	-1	-1	-1	-1
NS25506X	2	1	2	2011	2	7	1988	34	3	-1	-1	2	-1	1	2	2	2	1	2	2	2	1	2013	-1	-1	-1
NS25506X	3	1	6	2016	2	6	1990	32	3	-1	-1	2	-1	1	2	2	2	1	2	2	2	6	2017	-1	-1	-1
NS25506X	4	2	-1	-1	-1	-1	-1	-1	-1	-1	-1	-1	-1	-1	-1	-1	-1	-1	-1	-1	-1	-1	-1	-1	-1	-1
NS25509A	1	-1	-1	-1	-1	-1	-1	-1	3	-1	-1	1	1	-1	-1	-1	-1	-1	-1	-1	-1	-1	-1	-1	-1	-1
NS25510K	2	1	4	2011	2	8	1986	36	3	-1	-1	1	1	-1	-1	-1	-1	-1	-1	-1	-1	-1	-1	-1	-1	-1
NS25513N	2	1	8	2014	1	5	1989	33	1	6	2017	1	1	-1	-1	-1	-1	-1	-1	-1	-1	-1	-1	-1	-1	-1
NS25519V	2	2	-1	-1	-1	-1	-1	-1	-1	-1	-1	-1	-1	-1	-1	-1	-1	-1	-1	-1	-1	-1	-1	-1	-1	-1
NS25521F	2	2	-1	-1	-1	-1	-1	-1	-1	-1	-1	-1	-1	-1	-1	-1	-1	-1	-1	-1	-1	-1	-1	-1	-1	-1
NS25524J	2	1	12	2016	1	4	1992	30	3	-1	-1	1	1	-1	-1	-1	-1	-1	-1	-1	-1	-1	-1	-1	-1	-1
NS25526L	1	-1	-1	-1	-1	-1	-1	-1	-1	-1	-1	1	1	-1	-1	-1	-1	-1	-1	-1	-1	-1	-1	-1	-1	-1
NS25528N	2	1	10	2020	1	9	1993	28	3	-1	-1	1	1	-1	-1	-1	-1	-1	-1	-1	-1	-1	-1	-1	-1	-1
NS25530Z	2	1	12	2016	1	6	1990	31	3	-1	-1	1	1	-1	-1	-1	-1	-1	-1	-1	-1	-1	-1	-1	-1	-1
NS25531A	2	1	5	2016	1	3	1990	32	1	10	2017	1	1	-1	-1	-1	-1	-1	-1	-1	-1	-1	-1	-1	-1	-1
NS25534D	2	1	9	2017	1	12	1979	43	1	9	2018	2	-1	1	2	2	2	2	1	2	2	5	2020	1	11	2020
NS25534D	3	2	-1	-1	-1	-1	-1	-1	-1	-1	-1	-1	-1	-1	-1	-1	-1	-1	-1	-1	-1	-1	-1	-1	-1	-1
NS25537G	2	1	3	2022	2	4	1993	29	3	-1	-1	1	1	-1	-1	-1	-1	-1	-1	-1	-1	-1	-1	-1	-1	-1
NS25538H	2	1	9	2011	2	6	1991	31	3	-1	-1	2	-1	2	-1	-1	-1	-1	-1	-1	-1	2	2015	-1	-1	-1
NS25538H	3	2	-1	-1	-1	-1	-1	-1	-1	-1	-1	-1	-1	-1	-1	-1	-1	-1	-1	-1	-1	-1	-1	-1	-1	-1
NS25539J	2	1	12	2016	1	4	1989	33	1	6	2022	1	1	-1	-1	-1	-1	-1	-1	-1	-1	-1	-1	-1	-1	-1
NS25543X	2	2	-1	-1	-1	-1	-1	-1	-1	-1	-1	-1	-1	-1	-1	-1	-1	-1	-1	-1	-1	-1	-1	-1	-1	-1
NS25546A	2	1	2	2020	1	9	1989	33	1	7	2022	1	1	-1	-1	-1	-1	-1	-1	-1	-1	-1	-1	-1	-1	-1
NS25547B	1	-1	-1	-1	-1	-1	-1	-1	1	5	2018	1	1	-1	-1	-1	-1	-1	-1	-1	-1	-1	-1	-1	-1	-1
NS25548C	2	2	-1	-1	-1	-1	-1	-1	-1	-1	-1	-1	-1	-1	-1	-1	-1	-1	-1	-1	-1	-1	-1	-1	-1	-1
NS25549D	1	-1	-1	-1	-1	-1	-1	-1	-1	-1	-1	1	1	-1	-1	-1	-1	-1	-1	-1	-1	-1	-1	-1	-1	-1
NS25550N	1	-1	-1	-1	-1	-1	-1	-1	-1	-1	-1	1	1	-1	-1	-1	-1	-1	-1	-1	-1	-1	-1	-1	-1	-1
NS25551P	2	1	9	2012	1	9	1987	35	3	-1	-1	1	1	-1	-1	-1	-1	-1	-1	-1	-1	-1	-1	-1	-1	-1
NS25552Q	2	1	5	2016	2	5	1988	34	3	-1	-1	1	1	-1	-1	-1	-1	-1	-1	-1	-1	-1	-1	-1	-1	-1
NS25553R	1	-1	-1	-1	-1	-1	-1	-1	-1	-1	-1	1	1	-1	-1	-1	-1	-1	-1	-1	-1	-1	-1	-1	-1	-1
NS25554S	2	1	12	2019	1	1	1988	34	3	-1	-1	1	1	-1	-1	-1	-1	-1	-1	-1	-1	-1	-1	-1	-1	-1
NS25555T	2	1	8	2010	2	10	1989	33	3	-1	-1	1	1	-1	-1	-1	-1	-1	-1	-1	-1	-1	-1	-1	-1	-1
NS25558X	2	2	-1	-1	-1	-1	-1	-1	-1	-1	-1	-1	-1	-1	-1	-1	-1	-1	-1	-1	-1	-1	-1	-1	-1	-1
NS25559Y	2	2	-1	-1	-1	-1	-1	-1	-1	-1	-1	-1	-1	-1	-1	-1	-1	-1	-1	-1	-1	-1	-1	-1	-1	-1
NS25565N	2	2	-1	-1	-1	-1	-1	-1	-1	-1	-1	-1	-1	-1	-1	-1	-1	-1	-1	-1	-1	-1	-1	-1	-1	-1
NS25566P	2	1	6	2018	1	1	1992	30	1	6	2018	1	1	-1	-1	-1	-1	-1	-1	-1	-1	-1	-1	-1	-1	-1
NS25567Q	1	-1	-1	-1	-1	-1	-1	-1	1	12	2019	1	1	-1	-1	-1	-1	-1	-1	-1	-1	-1	-1	-1	-1	-1
NS25568R	2	1	1	2023	1	6	1985	38	1	4	2023	1	1	-1	-1	-1	-1	-1	-1	-1	-1	-1	-1	-1	-1	-1
NS25571D	2	1	6	2019	2	9	1990	32	3	-1	-1	2	-1	1	1	2	1	2	2	2	2	1	2022	-1	-1	-1
NS25571D	3	2	-1	-1	-1	-1	-1	-1	-1	-1	-1	-1	-1	-1	-1	-1	-1	-1	-1	-1	-1	-1	-1	-1	-1	-1
NS25572E	1	-1	-1	-1	-1	-1	-1	-1	1	12	2018	1	1	-1	-1	-1	-1	-1	-1	-1	-1	-1	-1	-1	-1	-1
NS25577K	2	1	6	2018	2	10	1988	33	1	10	2021	1	1	-1	-1	-1	-1	-1	-1	-1	-1	-1	-1	-1	-1	-1
NS25578L	2	1	1	2019	2	9	1989	33	1	12	2020	1	1	-1	-1	-1	-1	-1	-1	-1	-1	-1	-1	-1	-1	-1
NS25580X	2	1	5	2022	1	10	1987	34	1	5	2022	1	1	-1	-1	-1	-1	-1	-1	-1	-1	-1	-1	-1	-1	-1
NS25582Z	1	-1	-1	-1	-1	-1	-1	-1	-1	-1	-1	1	1	-1	-1	-1	-1	-1	-1	-1	-1	-1	-1	-1	-1	-1
NS25587E	2	2	-1	-1	-1	-1	-1	-1	-1	-1	-1	-1	-1	-1	-1	-1	-1	-1	-1	-1	-1	-1	-1	-1	-1	-1
NS25588F	2	1	5	2011	1	1	1988	34	1	2	2017	1	1	-1	-1	-1	-1	-1	-1	-1	-1	-1	-1	-1	-1	-1
NS25590R	2	2	-1	-1	-1	-1	-1	-1	-1	-1	-1	-1	-1	-1	-1	-1	-1	-1	-1	-1	-1	-1	-1	-1	-1	-1
NS25591S	2	2	-1	-1	-1	-1	-1	-1	-1	-1	-1	-1	-1	-1	-1	-1	-1	-1	-1	-1	-1	-1	-1	-1	-1	-1
NS25592T	2	1	8	2020	2	1	1990	33	3	-1	-1	1	1	-1	-1	-1	-1	-1	-1	-1	-1	-1	-1	-1	-1	-1
NS25593V	2	2	-1	-1	-1	-1	-1	-1	-1	-1	-1	-1	-1	-1	-1	-1	-1	-1	-1	-1	-1	-1	-1	-1	-1	-1
NS25594W	2	2	-1	-1	-1	-1	-1	-1	-1	-1	-1	-1	-1	-1	-1	-1	-1	-1	-1	-1	-1	-1	-1	-1	-1	-1
NS25596Y	2	1	-8	2017	1	10	1988	34	3	-1	-1	1	1	-1	-1	-1	-1	-1	-1	-1	-1	-1	-1	-1	-1	-1
NS25599B	2	2	-1	-1	-1	-1	-1	-1	-1	-1	-1	-1	-1	-1	-1	-1	-1	-1	-1	-1	-1	-1	-1	-1	-1	-1
NS25600S	2	1	11	2019	2	8	1996	26	3	-1	-1	1	1	-1	-1	-1	-1	-1	-1	-1	-1	-1	-1	-1	-1	-1
NS25603W	1	-1	-1	-1	-1	-1	-1	-1	-1	-1	-1	1	1	-1	-1	-1	-1	-1	-1	-1	-1	-1	-1	-1	-1	-1
NS25604X	2	1	8	2016	2	11	1991	31	3	-1	-1	1	1	-1	-1	-1	-1	-1	-1	-1	-1	-1	-1	-1	-1	-1
NS25606Z	2	2	-1	-1	-1	-1	-1	-1	-1	-1	-1	-1	-1	-1	-1	-1	-1	-1	-1	-1	-1	-1	-1	-1	-1	-1
NS25608B	2	1	8	2020	1	10	1991	31	3	-1	-1	1	1	-1	-1	-1	-1	-1	-1	-1	-1	-1	-1	-1	-1	-1
NS25610M	2	1	9	2019	1	4	1990	32	1	8	2019	1	1	-1	-1	-1	-1	-1	-1	-1	-1	-1	-1	-1	-1	-1
NS25611N	2	2	-1	-1	-1	-1	-1	-1	-1	-1	-1	-1	-1	-1	-1	-1	-1	-1	-1	-1	-1	-1	-1	-1	-1	-1
NS25615S	2	1	7	2017	2	9	1989	33	3	-1	-1	1	1	-1	-1	-1	-1	-1	-1	-1	-1	-1	-1	-1	-1	-1
NS25618W	2	1	5	2016	1	6	1990	32	1	10	2018	1	1	-1	-1	-1	-1	-1	-1	-1	-1	-1	-1	-1	-1	-1
NS25619X	1	-1	-1	-1	-1	-1	-1	-1	3	-1	-1	1	1	-1	-1	-1	-1	-1	-1	-1	-1	-1	-1	-1	-1	-1
NS25621H	2	1	8	2019	1	6	1988	33	1	8	2019	1	1	-1	-1	-1	-1	-1	-1	-1	-1	-1	-1	-1	-1	-1
NS25622J	1	-1	-1	-1	-1	-1	-1	-1	1	9	2016	1	1	-1	-1	-1	-1	-1	-1	-1	-1	-1	-1	-1	-1	-1
NS25623K	2	1	4	2018	1	12	1992	30	3	-1	-1	2	-1	1	1	2	2	2	2	2	2	9	2022	-1	-1	-1
NS25623K	3	2	-1	-1	-1	-1	-1	-1	-1	-1	-1	-1	-1	-1	-1	-1	-1	-1	-1	-1	-1	-1	-1	-1	-1	-1
NS25628Q	2	1	8	2022	2	9	1997	25	3	-1	-1	2	-1	2	-1	-1	-1	-1	-1	-1	-1	9	2022	-1	-1	-1
NS25628Q	3	2	-1	-1	-1	-1	-1	-1	-1	-1	-1	-1	-1	-1	-1	-1	-1	-1	-1	-1	-1	-1	-1	-1	-1	-1
NS25630B	2	2	-1	-1	-1	-1	-1	-1	-1	-1	-1	-1	-1	-1	-1	-1	-1	-1	-1	-1	-1	-1	-1	-1	-1	-1
NS25631C	2	1	8	2016	1	5	1990	32	1	6	2022	1	1	-1	-1	-1	-1	-1	-1	-1	-1	-1	-1	-1	-1	-1
NS25634F	2	1	5	2014	2	-8	-8	26	3	-1	-1	2	-1	1	1	2	2	2	2	2	2	1	2018	-1	-1	-1
NS25634F	3	1	6	2021	2	1	1991	31	3	-1	-1	2	-1	1	2	2	2	2	1	2	2	3	2022	-1	-1	-1
NS25634F	4	2	-1	-1	-1	-1	-1	-1	-1	-1	-1	-1	-1	-1	-1	-1	-1	-1	-1	-1	-1	-1	-1	-1	-1	-1
NS25635G	1	-1	-1	-1	-1	-1	-1	-1	1	4	2019	1	1	-1	-1	-1	-1	-1	-1	-1	-1	-1	-1	-1	-1	-1
NS25636H	2	1	5	2017	2	11	1990	31	3	-1	-1	1	1	-1	-1	-1	-1	-1	-1	-1	-1	-1	-1	-1	-1	-1
NS25638K	1	-1	-1	-1	-1	-1	-1	-1	-1	-1	-1	1	1	-1	-1	-1	-1	-1	-1	-1	-1	-1	-1	-1	-1	-1
NS25639L	1	-1	-1	-1	-1	-1	-1	-1	-1	-1	-1	1	1	-1	-1	-1	-1	-1	-1	-1	-1	-1	-1	-1	-1	-1
NS25639L	2	1	-1	-1	-1	-1	-1	-1	-1	-1	-1	-1	-1	-1	-1	-1	-1	-1	-1	-1	-1	-1	-1	-1	-1	-1
NS25640W	2	1	4	2015	2	8	1987	36	3	-1	-1	2	-1	1	1	2	1	2	2	2	2	3	2017	-1	-1	-1
NS25640W	3	2	-1	-1	-1	-1	-1	-1	-1	-1	-1	-1	-1	-1	-1	-1	-1	-1	-1	-1	-1	-1	-1	-1	-1	-1
NS25641X	2	2	-1	-1	-1	-1	-1	-1	-1	-1	-1	-1	-1	-1	-1	-1	-1	-1	-1	-1	-1	-1	-1	-1	-1	-1
NS25642Y	2	2	-1	-1	-1	-1	-1	-1	-1	-1	-1	-1	-1	-1	-1	-1	-1	-1	-1	-1	-1	-1	-1	-1	-1	-1
NS25649F	1	-1	-1	-1	-1	-1	-1	-1	3	-1	-1	2	-1	1	1	2	2	2	2	2	2	12	2018	-1	-1	-1
NS25649F	2	1	8	2021	1	10	1994	27	3	-1	-1	1	1	-1	-1	-1	-1	-1	-1	-1	-1	-1	-1	-1	-1	-1
NS25654V	2	1	7	2021	2	3	1987	36	3	-1	-1	2	-1	2	-1	-1	-1	-1	-1	-1	-1	3	2022	-1	-1	-1
NS25654V	3	2	-1	-1	-1	-1	-1	-1	-1	-1	-1	-1	-1	-1	-1	-1	-1	-1	-1	-1	-1	-1	-1	-1	-1	-1
NS25658Z	2	1	8	2018	2	8	1983	39	3	-1	-1	1	1	-1	-1	-1	-1	-1	-1	-1	-1	-1	-1	-1	-1	-1
NS25661L	1	-1	-1	-1	-1	-1	-1	-1	1	12	2021	1	2	-1	-1	-1	-1	-1	-1	-1	-1	8	2018	-1	-1	-1
NS25661L	2	2	-1	-1	-1	-1	-1	-1	-1	-1	-1	-1	-1	-1	-1	-1	-1	-1	-1	-1	-1	-1	-1	-1	-1	-1
NS25664P	2	1	2	2013	1	3	1989	33	3	-1	-1	1	1	-1	-1	-1	-1	-1	-1	-1	-1	-1	-1	-1	-1	-1
NS25665Q	2	1	7	2010	2	6	1992	30	3	-1	-1	2	-1	1	2	2	2	2	2	2	1	11	2010	-1	-1	-1
NS25665Q	3	1	2	2014	2	1	1980	42	3	-1	-1	2	-1	3	-1	-1	-1	-1	-1	-1	-1	2	2016	-1	-1	-1
NS25665Q	4	1	5	2019	2	2	1990	32	3	-1	-1	2	-1	1	2	2	2	2	2	2	1	3	2020	-1	-1	-1
NS25665Q	5	2	-1	-1	-1	-1	-1	-1	-1	-1	-1	-1	-1	-1	-1	-1	-1	-1	-1	-1	-1	-1	-1	-1	-1	-1
NS25666R	2	2	-1	-1	-1	-1	-1	-1	-1	-1	-1	-1	-1	-1	-1	-1	-1	-1	-1	-1	-1	-1	-1	-1	-1	-1
NS25667S	2	1	3	2017	1	1	1986	36	3	-1	-1	1	1	-1	-1	-1	-1	-1	-1	-1	-1	-1	-1	-1	-1	-1
NS25668T	1	-1	-1	-1	-1	-1	-1	-1	1	4	2022	1	1	-1	-1	-1	-1	-1	-1	-1	-1	-1	-1	-1	-1	-1
NS25669V	1	-1	-1	-1	-1	-1	-1	-1	3	-1	-1	2	-1	1	1	2	2	2	2	2	2	10	2020	-1	-1	-1
NS25669V	2	2	-1	-1	-1	-1	-1	-1	-1	-1	-1	-1	-1	-1	-1	-1	-1	-1	-1	-1	-1	-1	-1	-1	-1	-1
NS25671F	2	1	2	2017	1	4	1986	36	3	-1	-1	1	1	-1	-1	-1	-1	-1	-1	-1	-1	-1	-1	-1	-1	-1
NS25672G	2	1	7	2017	1	3	1989	33	1	8	2020	1	1	-1	-1	-1	-1	-1	-1	-1	-1	-1	-1	-1	-1	-1
NS25674J	1	-1	-1	-1	-1	-1	-1	-1	-1	-1	-1	1	1	-1	-1	-1	-1	-1	-1	-1	-1	-1	-1	-1	-1	-1
NS25679P	2	2	-1	-1	-1	-1	-1	-1	-1	-1	-1	-1	-1	-1	-1	-1	-1	-1	-1	-1	-1	-1	-1	-1	-1	-1
NS25683C	2	1	11	2020	2	8	1999	23	1	11	2017	1	1	-1	-1	-1	-1	-1	-1	-1	-1	-1	-1	-1	-1	-1
NS25684D	2	1	8	2019	2	5	1991	31	1	8	2019	1	1	-1	-1	-1	-1	-1	-1	-1	-1	-1	-1	-1	-1	-1
NS25685E	1	-1	-1	-1	-1	-1	-1	-1	1	10	2018	1	1	-1	-1	-1	-1	-1	-1	-1	-1	-1	-1	-1	-1	-1
NS25686F	1	-1	-1	-1	-1	-1	-1	-1	1	8	2021	1	1	-1	-1	-1	-1	-1	-1	-1	-1	-1	-1	-1	-1	-1
NS25687G	2	1	12	2019	2	4	1988	34	3	-1	-1	1	1	-1	-1	-1	-1	-1	-1	-1	-1	-1	-1	-1	-1	-1
NS25692W	2	1	11	2018	2	7	1987	35	3	-1	-1	2	-1	1	1	2	2	2	2	2	2	1	2019	-1	-1	-1
NS25692W	3	2	-1	-1	-1	-1	-1	-1	-1	-1	-1	-1	-1	-1	-1	-1	-1	-1	-1	-1	-1	-1	-1	-1	-1	-1
NS25701W	1	-1	-1	-1	-1	-1	-1	-1	1	8	2020	1	1	-1	-1	-1	-1	-1	-1	-1	-1	-1	-1	-1	-1	-1
NS25702X	2	2	-1	-1	-1	-1	-1	-1	-1	-1	-1	-1	-1	-1	-1	-1	-1	-1	-1	-1	-1	-1	-1	-1	-1	-1
NS25703Y	2	1	12	2017	1	11	1991	31	2	3	2016	1	1	-1	-1	-1	-1	-1	-1	-1	-1	-1	-1	-1	-1	-1
NS25705A	1	-1	-1	-1	-1	-1	-1	-1	3	-1	-1	1	1	-1	-1	-1	-1	-1	-1	-1	-1	-1	-1	-1	-1	-1
NS25709E	2	1	6	2018	2	4	1992	30	3	-1	-1	1	1	-1	-1	-1	-1	-1	-1	-1	-1	-1	-1	-1	-1	-1
NS25710P	1	-1	-1	-1	-1	-1	-1	-1	-1	-1	-1	1	1	-1	-1	-1	-1	-1	-1	-1	-1	-1	-1	-1	-1	-1
NS25713S	1	-1	-1	-1	-1	-1	-1	-1	-1	-1	-1	1	1	-1	-1	-1	-1	-1	-1	-1	-1	-1	-1	-1	-1	-1
NS25714T	2	1	5	2010	2	1	1990	32	1	8	2013	2	-1	1	1	2	2	2	2	2	2	5	2018	1	12	2021
NS25714T	3	1	5	2019	2	2	1990	32	3	-1	-1	1	1	-1	-1	-1	-1	-1	-1	-1	-1	-1	-1	-1	-1	-1
NS25715V	1	-1	-1	-1	-1	-1	-1	-1	-1	-1	-1	1	1	-1	-1	-1	-1	-1	-1	-1	-1	-1	-1	-1	-1	-1
NS25717X	1	-1	-1	-1	-1	-1	-1	-1	-1	-1	-1	1	1	-1	-1	-1	-1	-1	-1	-1	-1	-1	-1	-1	-1	-1
NS25720J	2	1	8	2016	1	7	1986	36	1	8	2017	1	1	-1	-1	-1	-1	-1	-1	-1	-1	-1	-1	-1	-1	-1
NS25722L	2	1	3	2016	1	2	1987	36	1	9	2022	1	1	-1	-1	-1	-1	-1	-1	-1	-1	-1	-1	-1	-1	-1
NS25723M	1	-1	-1	-1	-1	-1	-1	-1	1	9	2016	1	1	-1	-1	-1	-1	-1	-1	-1	-1	-1	-1	-1	-1	-1
NS25724N	2	2	-1	-1	-1	-1	-1	-1	-1	-1	-1	-1	-1	-1	-1	-1	-1	-1	-1	-1	-1	-1	-1	-1	-1	-1
NS25730D	2	1	9	2018	1	9	1990	32	1	9	2018	1	1	-1	-1	-1	-1	-1	-1	-1	-1	-1	-1	-1	-1	-1
NS25733G	1	-1	-1	-1	-1	-1	-1	-1	3	-1	-1	1	1	-1	-1	-1	-1	-1	-1	-1	-1	-1	-1	-1	-1	-1
NS25735J	2	1	2	2020	1	4	1977	45	3	-1	-1	1	1	-1	-1	-1	-1	-1	-1	-1	-1	-1	-1	-1	-1	-1
NS25736K	2	1	9	2017	1	12	1989	32	1	11	2021	1	1	-1	-1	-1	-1	-1	-1	-1	-1	-1	-1	-1	-1	-1
NS25737L	2	1	5	2017	1	6	1991	31	3	-1	-1	1	1	-1	-1	-1	-1	-1	-1	-1	-1	-1	-1	-1	-1	-1
NS25741Z	2	1	5	2017	1	8	1983	39	1	8	2019	1	1	-1	-1	-1	-1	-1	-1	-1	-1	-1	-1	-1	-1	-1
NS25743B	1	-1	-1	-1	-1	-1	-1	-1	3	-1	-1	2	-1	2	-1	-1	-1	-1	-1	-1	-1	4	2021	-1	-1	-1
NS25743B	2	2	-1	-1	-1	-1	-1	-1	-1	-1	-1	-1	-1	-1	-1	-1	-1	-1	-1	-1	-1	-1	-1	-1	-1	-1
NS25744C	2	2	-1	-1	-1	-1	-1	-1	-1	-1	-1	-1	-1	-1	-1	-1	-1	-1	-1	-1	-1	-1	-1	-1	-1	-1
NS25745D	2	1	5	2007	1	9	1987	35	3	-1	-1	2	-1	1	1	2	1	2	2	2	2	4	2021	-1	-1	-1
NS25745D	3	1	2	2022	1	2	1999	24	3	-1	-1	1	1	-1	-1	-1	-1	-1	-1	-1	-1	-1	-1	-1	-1	-1
NS25746E	1	-1	-1	-1	-1	-1	-1	-1	-1	-1	-1	1	1	-1	-1	-1	-1	-1	-1	-1	-1	-1	-1	-1	-1	-1
NS25747F	1	-1	-1	-1	-1	-1	-1	-1	-1	-1	-1	1	1	-1	-1	-1	-1	-1	-1	-1	-1	-1	-1	-1	-1	-1
NS25754X	2	2	-1	-1	-1	-1	-1	-1	-1	-1	-1	-1	-1	-1	-1	-1	-1	-1	-1	-1	-1	-1	-1	-1	-1	-1
NS25755Y	2	2	-1	-1	-1	-1	-1	-1	-1	-1	-1	-1	-1	-1	-1	-1	-1	-1	-1	-1	-1	-1	-1	-1	-1	-1
NS25764R	2	1	11	2010	2	2	1991	31	1	9	2014	2	-1	1	1	2	2	2	2	2	2	8	2021	2	-1	-1
NS25764R	3	2	-1	-1	-1	-1	-1	-1	-1	-1	-1	-1	-1	-1	-1	-1	-1	-1	-1	-1	-1	-1	-1	-1	-1	-1
NS25765S	2	1	3	2017	1	4	1990	32	1	3	2017	2	-1	3	-1	-1	-1	-1	-1	-1	-1	5	2021	-1	-1	-1
NS25765S	3	2	-1	-1	-1	-1	-1	-1	-1	-1	-1	-1	-1	-1	-1	-1	-1	-1	-1	-1	-1	-1	-1	-1	-1	-1
NS25766T	2	2	-1	-1	-1	-1	-1	-1	-1	-1	-1	-1	-1	-1	-1	-1	-1	-1	-1	-1	-1	-1	-1	-1	-1	-1
NS25772J	2	1	5	2018	1	10	1989	33	1	9	2022	1	1	-1	-1	-1	-1	-1	-1	-1	-1	-1	-1	-1	-1	-1
NS25773K	2	2	-1	-1	-1	-1	-1	-1	-1	-1	-1	-1	-1	-1	-1	-1	-1	-1	-1	-1	-1	-1	-1	-1	-1	-1
NS25776N	2	1	2	2023	1	6	1990	32	3	-1	-1	1	1	-1	-1	-1	-1	-1	-1	-1	-1	-1	-1	-1	-1	-1
NS25781C	2	2	-1	-1	-1	-1	-1	-1	-1	-1	-1	-1	-1	-1	-1	-1	-1	-1	-1	-1	-1	-1	-1	-1	-1	-1
NS25786H	1	-1	-1	-1	-1	-1	-1	-1	-1	-1	-1	1	1	-1	-1	-1	-1	-1	-1	-1	-1	-1	-1	-1	-1	-1
NS25787J	2	1	6	2020	2	10	1992	30	3	-1	-1	1	1	-1	-1	-1	-1	-1	-1	-1	-1	-1	-1	-1	-1	-1
NS25788K	1	-1	-1	-1	-1	-1	-1	-1	1	8	2022	1	1	-1	-1	-1	-1	-1	-1	-1	-1	-1	-1	-1	-1	-1
NS25789L	2	1	10	2012	1	6	1990	32	1	8	2016	1	1	-1	-1	-1	-1	-1	-1	-1	-1	-1	-1	-1	-1	-1
NS25792Y	2	2	-1	-1	-1	-1	-1	-1	-1	-1	-1	-1	-1	-1	-1	-1	-1	-1	-1	-1	-1	-1	-1	-1	-1	-1
NS25794A	1	-1	-1	-1	-1	-1	-1	-1	1	6	2016	1	1	-1	-1	-1	-1	-1	-1	-1	-1	-1	-1	-1	-1	-1
NS25795B	2	1	5	2012	1	6	1987	34	1	9	2014	2	-1	1	2	2	2	2	1	2	2	6	2020	2	-1	-1
NS25795B	3	2	-1	-1	-1	-1	-1	-1	-1	-1	-1	-1	-1	-1	-1	-1	-1	-1	-1	-1	-1	-1	-1	-1	-1	-1
NS25797D	2	1	4	2017	1	8	1987	35	1	8	2021	1	1	-1	-1	-1	-1	-1	-1	-1	-1	-1	-1	-1	-1	-1
NS25799F	2	1	10	2018	1	7	1990	33	1	10	2018	1	1	-1	-1	-1	-1	-1	-1	-1	-1	-1	-1	-1	-1	-1
NS25802Z	1	-1	-1	-1	-1	-1	-1	-1	-1	-1	-1	1	1	-1	-1	-1	-1	-1	-1	-1	-1	-1	-1	-1	-1	-1
NS25804B	2	2	-1	-1	-1	-1	-1	-1	-1	-1	-1	-1	-1	-1	-1	-1	-1	-1	-1	-1	-1	-1	-1	-1	-1	-1
NS25810R	2	1	5	2017	1	12	1988	33	1	12	2017	1	1	-1	-1	-1	-1	-1	-1	-1	-1	-1	-1	-1	-1	-1
NS25811S	1	-1	-1	-1	-1	-1	-1	-1	3	-1	-1	2	-1	1	1	2	2	2	2	2	2	6	2016	-1	-1	-1
NS25811S	2	1	8	2018	1	2	1990	32	3	-1	-1	2	-1	1	1	2	2	2	2	2	2	5	2021	-1	-1	-1
NS25811S	3	2	-1	-1	-1	-1	-1	-1	-1	-1	-1	-1	-1	-1	-1	-1	-1	-1	-1	-1	-1	-1	-1	-1	-1	-1
NS25817Z	2	2	-1	-1	-1	-1	-1	-1	-1	-1	-1	-1	-1	-1	-1	-1	-1	-1	-1	-1	-1	-1	-1	-1	-1	-1
NS25819B	1	-1	-1	-1	-1	-1	-1	-1	-1	-1	-1	1	1	-1	-1	-1	-1	-1	-1	-1	-1	-1	-1	-1	-1	-1
NS25821M	2	1	7	2018	1	9	1989	33	1	10	2022	1	1	-1	-1	-1	-1	-1	-1	-1	-1	-1	-1	-1	-1	-1
NS25822N	2	1	1	2015	2	-9	-9	33	1	-9	-9	1	1	-1	-1	-1	-1	-1	-1	-1	-1	-1	-1	-1	-1	-1
NS25825R	2	2	-1	-1	-1	-1	-1	-1	-1	-1	-1	-1	-1	-1	-1	-1	-1	-1	-1	-1	-1	-1	-1	-1	-1	-1
NS25827T	2	2	-1	-1	-1	-1	-1	-1	-1	-1	-1	-1	-1	-1	-1	-1	-1	-1	-1	-1	-1	-1	-1	-1	-1	-1
NS25828V	2	1	6	2021	1	11	1984	38	1	7	2021	1	1	-1	-1	-1	-1	-1	-1	-1	-1	-1	-1	-1	-1	-1
NS25832H	1	-1	-1	-1	-1	-1	-1	-1	1	4	2019	2	-1	1	2	2	2	2	2	2	1	1	2020	1	9	2021
NS25832H	2	2	-1	-1	-1	-1	-1	-1	-1	-1	-1	-1	-1	-1	-1	-1	-1	-1	-1	-1	-1	-1	-1	-1	-1	-1
NS25834K	2	1	4	2019	1	3	1994	28	1	4	2019	1	1	-1	-1	-1	-1	-1	-1	-1	-1	-1	-1	-1	-1	-1
NS25836M	1	-1	-1	-1	-1	-1	-1	-1	3	-1	-1	2	-1	1	1	2	2	2	2	2	2	5	2020	-1	-1	-1
NS25836M	2	1	8	2021	2	6	1990	33	3	-1	-1	1	1	-1	-1	-1	-1	-1	-1	-1	-1	-1	-1	-1	-1	-1
NS25838P	2	1	1	2017	1	8	1988	33	1	9	2021	1	1	-1	-1	-1	-1	-1	-1	-1	-1	-1	-1	-1	-1	-1
NS25846G	2	1	8	2017	2	12	1990	31	1	7	2017	1	1	-1	-1	-1	-1	-1	-1	-1	-1	-1	-1	-1	-1	-1
NS25847H	2	1	10	2020	1	5	1996	25	1	11	2021	1	1	-1	-1	-1	-1	-1	-1	-1	-1	-1	-1	-1	-1	-1
NS25854Z	2	2	-1	-1	-1	-1	-1	-1	-1	-1	-1	-1	-1	-1	-1	-1	-1	-1	-1	-1	-1	-1	-1	-1	-1	-1
NS25855A	2	2	-1	-1	-1	-1	-1	-1	-1	-1	-1	-1	-1	-1	-1	-1	-1	-1	-1	-1	-1	-1	-1	-1	-1	-1
NS25858D	2	1	12	2020	2	6	1986	36	3	-1	-1	1	1	-1	-1	-1	-1	-1	-1	-1	-1	-1	-1	-1	-1	-1
NS25863S	2	1	5	2015	1	4	1991	31	2	3	2015	1	1	-1	-1	-1	-1	-1	-1	-1	-1	-1	-1	-1	-1	-1
NS25864T	2	1	3	2017	1	12	1986	35	3	-1	-1	2	-1	1	1	2	2	2	2	2	2	7	2022	-1	-1	-1
NS25864T	3	2	-1	-1	-1	-1	-1	-1	-1	-1	-1	-1	-1	-1	-1	-1	-1	-1	-1	-1	-1	-1	-1	-1	-1	-1
NS25866W	2	2	-1	-1	-1	-1	-1	-1	-1	-1	-1	-1	-1	-1	-1	-1	-1	-1	-1	-1	-1	-1	-1	-1	-1	-1
NS25867X	2	2	-1	-1	-1	-1	-1	-1	-1	-1	-1	-1	-1	-1	-1	-1	-1	-1	-1	-1	-1	-1	-1	-1	-1	-1
NS25868Y	2	2	-1	-1	-1	-1	-1	-1	-1	-1	-1	-1	-1	-1	-1	-1	-1	-1	-1	-1	-1	-1	-1	-1	-1	-1
NS25869Z	1	-1	-1	-1	-1	-1	-1	-1	3	-1	-1	1	1	-1	-1	-1	-1	-1	-1	-1	-1	-1	-1	-1	-1	-1
NS25870J	2	2	-1	-1	-1	-1	-1	-1	-1	-1	-1	-1	-1	-1	-1	-1	-1	-1	-1	-1	-1	-1	-1	-1	-1	-1
NS25872L	1	-1	-1	-1	-1	-1	-1	-1	1	7	2018	1	1	-1	-1	-1	-1	-1	-1	-1	-1	-1	-1	-1	-1	-1
NS25874N	2	2	-1	-1	-1	-1	-1	-1	-1	-1	-1	-1	-1	-1	-1	-1	-1	-1	-1	-1	-1	-1	-1	-1	-1	-1
NS25877R	1	-1	-1	-1	-1	-1	-1	-1	-1	-1	-1	2	-1	1	1	2	1	1	1	2	2	3	2017	1	5	2017
NS25877R	2	1	9	2020	2	4	1988	34	1	9	2020	1	1	-1	-1	-1	-1	-1	-1	-1	-1	-1	-1	-1	-1	-1
NS25882F	2	1	8	2017	1	9	1992	30	3	-1	-1	2	-1	1	1	2	2	2	2	2	2	9	2019	-1	-1	-1
NS25882F	3	2	-1	-1	-1	-1	-1	-1	-1	-1	-1	-1	-1	-1	-1	-1	-1	-1	-1	-1	-1	-1	-1	-1	-1	-1
NS25885J	2	2	-1	-1	-1	-1	-1	-1	-1	-1	-1	-1	-1	-1	-1	-1	-1	-1	-1	-1	-1	-1	-1	-1	-1	-1
NS25888M	2	2	-1	-1	-1	-1	-1	-1	-1	-1	-1	-1	-1	-1	-1	-1	-1	-1	-1	-1	-1	-1	-1	-1	-1	-1
NS25890Y	1	-1	-1	-1	-1	-1	-1	-1	-1	-1	-1	1	1	-1	-1	-1	-1	-1	-1	-1	-1	-1	-1	-1	-1	-1
NS25891Z	2	1	7	2017	2	4	1990	32	1	6	2022	1	1	-1	-1	-1	-1	-1	-1	-1	-1	-1	-1	-1	-1	-1
NS25892A	2	2	-1	-1	-1	-1	-1	-1	-1	-1	-1	-1	-1	-1	-1	-1	-1	-1	-1	-1	-1	-1	-1	-1	-1	-1
NS25895D	1	-1	-1	-1	-1	-1	-1	-1	1	5	2018	1	1	-1	-1	-1	-1	-1	-1	-1	-1	-1	-1	-1	-1	-1
NS25898G	2	2	-1	-1	-1	-1	-1	-1	-1	-1	-1	-1	-1	-1	-1	-1	-1	-1	-1	-1	-1	-1	-1	-1	-1	-1
NS25899H	1	-1	-1	-1	-1	-1	-1	-1	-1	-1	-1	1	1	-1	-1	-1	-1	-1	-1	-1	-1	-1	-1	-1	-1	-1
NS25904D	1	-1	-1	-1	-1	-1	-1	-1	-1	-1	-1	1	1	-1	-1	-1	-1	-1	-1	-1	-1	-1	-1	-1	-1	-1
NS25906F	2	2	-1	-1	-1	-1	-1	-1	-1	-1	-1	-1	-1	-1	-1	-1	-1	-1	-1	-1	-1	-1	-1	-1	-1	-1
NS25907G	2	2	-1	-1	-1	-1	-1	-1	-1	-1	-1	-1	-1	-1	-1	-1	-1	-1	-1	-1	-1	-1	-1	-1	-1	-1
NS25908H	2	1	10	2020	1	8	1989	33	3	-1	-1	1	1	-1	-1	-1	-1	-1	-1	-1	-1	-1	-1	-1	-1	-1
NS25910T	2	1	10	2019	2	3	1993	29	3	9	2019	1	1	-1	-1	-1	-1	-1	-1	-1	-1	-1	-1	-1	-1	-1
NS25912W	1	-1	-1	-1	-1	-1	-1	-1	1	2	2020	1	1	-1	-1	-1	-1	-1	-1	-1	-1	-1	-1	-1	-1	-1
NS25914Y	1	-1	-1	-1	-1	-1	-1	-1	1	7	2019	1	1	-1	-1	-1	-1	-1	-1	-1	-1	-1	-1	-1	-1	-1
NS25917B	2	2	-1	-1	-1	-1	-1	-1	-1	-1	-1	-1	-1	-1	-1	-1	-1	-1	-1	-1	-1	-1	-1	-1	-1	-1
NS25920N	1	-1	-1	-1	-1	-1	-1	-1	1	7	2019	1	1	-1	-1	-1	-1	-1	-1	-1	-1	-1	-1	-1	-1	-1
NS25922Q	2	1	11	2019	1	2	1993	29	3	-1	-1	1	1	-1	-1	-1	-1	-1	-1	-1	-1	-1	-1	-1	-1	-1
NS25923R	2	1	7	2022	2	3	1989	34	1	7	2022	1	1	-1	-1	-1	-1	-1	-1	-1	-1	-1	-1	-1	-1	-1
NS25924S	1	-1	-1	-1	-1	-1	-1	-1	1	7	2018	1	1	-1	-1	-1	-1	-1	-1	-1	-1	-1	-1	-1	-1	-1
NS25927W	2	2	-1	-1	-1	-1	-1	-1	-1	-1	-1	-1	-1	-1	-1	-1	-1	-1	-1	-1	-1	-1	-1	-1	-1	-1
NS25930H	2	2	-1	-1	-1	-1	-1	-1	-1	-1	-1	-1	-1	-1	-1	-1	-1	-1	-1	-1	-1	-1	-1	-1	-1	-1
NS25934M	1	-1	-1	-1	-1	-1	-1	-1	1	10	2020	1	1	-1	-1	-1	-1	-1	-1	-1	-1	-1	-1	-1	-1	-1
NS25935N	1	-1	-1	-1	-1	-1	-1	-1	3	-1	-1	1	1	-1	-1	-1	-1	-1	-1	-1	-1	-1	-1	-1	-1	-1
NS25940C	2	2	-1	-1	-1	-1	-1	-1	-1	-1	-1	-1	-1	-1	-1	-1	-1	-1	-1	-1	-1	-1	-1	-1	-1	-1
NS25943F	1	-1	-1	-1	-1	-1	-1	-1	1	3	2018	1	1	-1	-1	-1	-1	-1	-1	-1	-1	-1	-1	-1	-1	-1
NS25944G	1	-1	-1	-1	-1	-1	-1	-1	1	9	2018	1	1	-1	-1	-1	-1	-1	-1	-1	-1	-1	-1	-1	-1	-1
NS25948L	1	-1	-1	-1	-1	-1	-1	-1	3	-1	-1	2	-1	1	1	2	2	2	1	2	2	2	2018	-1	-1	-1
NS25948L	2	1	3	2021	2	7	1992	30	3	-1	-1	1	1	-1	-1	-1	-1	-1	-1	-1	-1	-1	-1	-1	-1	-1
NS25950X	2	2	-1	-1	-1	-1	-1	-1	-1	-1	-1	-1	-1	-1	-1	-1	-1	-1	-1	-1	-1	-1	-1	-1	-1	-1
NS25956D	2	1	2	2016	1	11	1989	33	1	2	2016	1	1	-1	-1	-1	-1	-1	-1	-1	-1	-1	-1	-1	-1	-1
NS25957E	2	1	10	2021	2	12	1990	31	1	10	2021	1	1	-1	-1	-1	-1	-1	-1	-1	-1	-1	-1	-1	-1	-1
NS25958F	2	2	-1	-1	-1	-1	-1	-1	-1	-1	-1	-1	-1	-1	-1	-1	-1	-1	-1	-1	-1	-1	-1	-1	-1	-1
NS25962T	2	1	10	2011	1	4	1987	35	1	8	2017	2	-1	1	1	2	2	2	2	2	2	3	2021	1	9	2021
NS25962T	3	2	-1	-1	-1	-1	-1	-1	-1	-1	-1	-1	-1	-1	-1	-1	-1	-1	-1	-1	-1	-1	-1	-1	-1	-1
NS25963V	2	1	7	2016	2	4	1991	31	1	10	2021	1	1	-1	-1	-1	-1	-1	-1	-1	-1	-1	-1	-1	-1	-1
NS25966Y	1	-1	-1	-1	-1	-1	-1	-1	1	8	2021	1	1	-1	-1	-1	-1	-1	-1	-1	-1	-1	-1	-1	-1	-1
NS25969B	2	1	2	2020	1	7	1996	26	3	-1	-1	1	1	-1	-1	-1	-1	-1	-1	-1	-1	-1	-1	-1	-1	-1
NS25970L	2	2	-1	-1	-1	-1	-1	-1	-1	-1	-1	-1	-1	-1	-1	-1	-1	-1	-1	-1	-1	-1	-1	-1	-1	-1
NS25971M	1	-1	-1	-1	-1	-1	-1	-1	3	-1	-1	1	1	-1	-1	-1	-1	-1	-1	-1	-1	-1	-1	-1	-1	-1
NS25973P	2	2	-1	-1	-1	-1	-1	-1	-1	-1	-1	-1	-1	-1	-1	-1	-1	-1	-1	-1	-1	-1	-1	-1	-1	-1
NS25974Q	2	1	9	2015	2	5	1992	30	1	12	2017	1	1	-1	-1	-1	-1	-1	-1	-1	-1	-1	-1	-1	-1	-1
NS25978V	2	1	4	2018	2	10	1990	32	1	12	2017	1	1	-1	-1	-1	-1	-1	-1	-1	-1	-1	-1	-1	-1	-1
NS25979W	1	-1	-1	-1	-1	-1	-1	-1	3	-1	-1	2	-1	1	1	2	2	2	2	2	2	11	2020	-1	-1	-1
NS25979W	2	2	-1	-1	-1	-1	-1	-1	-1	-1	-1	-1	-1	-1	-1	-1	-1	-1	-1	-1	-1	-1	-1	-1	-1	-1
NS25981G	2	2	-1	-1	-1	-1	-1	-1	-1	-1	-1	-1	-1	-1	-1	-1	-1	-1	-1	-1	-1	-1	-1	-1	-1	-1
NS25984K	1	-1	-1	-1	-1	-1	-1	-1	3	-1	-1	2	-1	1	1	2	1	1	2	2	2	1	2020	-1	-1	-1
NS25984K	2	1	2	2021	2	11	1992	29	3	-1	-1	1	1	-1	-1	-1	-1	-1	-1	-1	-1	-1	-1	-1	-1	-1
NS25985L	1	-1	-1	-1	-1	-1	-1	-1	1	8	2022	1	1	-1	-1	-1	-1	-1	-1	-1	-1	-1	-1	-1	-1	-1
NS25986M	2	1	1	2013	2	7	1993	29	3	-1	-1	1	1	-1	-1	-1	-1	-1	-1	-1	-1	-1	-1	-1	-1	-1
NS25988P	2	1	1	2016	2	9	1991	32	1	8	2023	1	1	-1	-1	-1	-1	-1	-1	-1	-1	-1	-1	-1	-1	-1
NS25994E	2	1	9	2016	2	7	1986	36	1	9	2022	1	1	-1	-1	-1	-1	-1	-1	-1	-1	-1	-1	-1	-1	-1
NS25995F	1	-1	-1	-1	-1	-1	-1	-1	1	4	2017	1	1	-1	-1	-1	-1	-1	-1	-1	-1	-1	-1	-1	-1	-1
NS25997H	2	1	7	2010	2	3	1990	33	1	10	2018	1	1	-1	-1	-1	-1	-1	-1	-1	-1	-1	-1	-1	-1	-1
NS25998J	2	2	-1	-1	-1	-1	-1	-1	-1	-1	-1	-1	-1	-1	-1	-1	-1	-1	-1	-1	-1	-1	-1	-1	-1	-1
NS26000A	2	1	3	2020	1	4	1989	32	3	-1	-1	2	-1	1	1	1	1	1	1	2	2	1	2021	-1	-1	-1
NS26000A	3	2	-1	-1	-1	-1	-1	-1	-1	-1	-1	-1	-1	-1	-1	-1	-1	-1	-1	-1	-1	-1	-1	-1	-1	-1
NS26001B	1	-1	-1	-1	-1	-1	-1	-1	-1	-1	-1	1	1	-1	-1	-1	-1	-1	-1	-1	-1	-1	-1	-1	-1	-1
NS26002C	2	1	12	2020	2	10	1990	32	3	-1	-1	1	1	-1	-1	-1	-1	-1	-1	-1	-1	-1	-1	-1	-1	-1
NS26004E	1	-1	-1	-1	-1	-1	-1	-1	-1	-1	-1	1	1	-1	-1	-1	-1	-1	-1	-1	-1	-1	-1	-1	-1	-1
NS26010V	2	2	-1	-1	-1	-1	-1	-1	-1	-1	-1	-1	-1	-1	-1	-1	-1	-1	-1	-1	-1	-1	-1	-1	-1	-1
NS26011W	2	1	9	2020	2	6	1992	30	1	3	2022	1	1	-1	-1	-1	-1	-1	-1	-1	-1	-1	-1	-1	-1	-1
NS26012X	1	-1	-1	-1	-1	-1	-1	-1	1	7	2016	1	1	-1	-1	-1	-1	-1	-1	-1	-1	-1	-1	-1	-1	-1
NS26016B	2	2	-1	-1	-1	-1	-1	-1	-1	-1	-1	-1	-1	-1	-1	-1	-1	-1	-1	-1	-1	-1	-1	-1	-1	-1
NS26023S	2	1	9	2008	2	9	1988	34	1	11	2011	1	1	-1	-1	-1	-1	-1	-1	-1	-1	-1	-1	-1	-1	-1
NS26031K	1	-1	-1	-1	-1	-1	-1	-1	-1	-1	-1	2	-1	1	1	2	2	2	1	2	2	8	2016	1	6	2020
NS26031K	2	1	12	2016	2	3	1989	33	3	-1	-1	1	1	-1	-1	-1	-1	-1	-1	-1	-1	-1	-1	-1	-1	-1
NS26033M	1	-1	-1	-1	-1	-1	-1	-1	1	7	2019	1	1	-1	-1	-1	-1	-1	-1	-1	-1	-1	-1	-1	-1	-1
NS26034N	2	1	2	2022	1	11	1989	33	3	-1	-1	1	1	-1	-1	-1	-1	-1	-1	-1	-1	-1	-1	-1	-1	-1
NS26035P	2	1	11	2018	2	1	1992	30	3	-1	-1	1	1	-1	-1	-1	-1	-1	-1	-1	-1	-1	-1	-1	-1	-1
NS26036Q	1	-1	-1	-1	-1	-1	-1	-1	3	-1	-1	2	-1	2	-1	-1	-1	-1	-1	-1	-1	12	2021	-1	-1	-1
NS26036Q	2	2	-1	-1	-1	-1	-1	-1	-1	-1	-1	-1	-1	-1	-1	-1	-1	-1	-1	-1	-1	-1	-1	-1	-1	-1
NS26037R	2	1	5	2015	1	5	1987	35	1	6	2022	1	1	-1	-1	-1	-1	-1	-1	-1	-1	9	2019	-1	-1	-1
NS26039T	2	2	-1	-1	-1	-1	-1	-1	-1	-1	-1	-1	-1	-1	-1	-1	-1	-1	-1	-1	-1	-1	-1	-1	-1	-1
NS26041E	2	1	11	2022	2	9	1998	24	3	-1	-1	1	1	-1	-1	-1	-1	-1	-1	-1	-1	-1	-1	-1	-1	-1
NS26043G	1	-1	-1	-1	-1	-1	-1	-1	3	-1	-1	1	1	-1	-1	-1	-1	-1	-1	-1	-1	-1	-1	-1	-1	-1
NS26045J	2	1	9	2018	2	5	1991	31	3	-1	-1	1	1	-1	-1	-1	-1	-1	-1	-1	-1	-1	-1	-1	-1	-1
NS26047L	2	1	11	2015	2	1	1992	31	1	8	2018	1	1	-1	-1	-1	-1	-1	-1	-1	-1	-1	-1	-1	-1	-1
NS26049N	1	-1	-1	-1	-1	-1	-1	-1	-1	-1	-1	1	1	-1	-1	-1	-1	-1	-1	-1	-1	-1	-1	-1	-1	-1
NS26050Y	1	-1	-1	-1	-1	-1	-1	-1	1	7	2019	1	1	-1	-1	-1	-1	-1	-1	-1	-1	-1	-1	-1	-1	-1
NS26055D	2	1	5	2016	1	9	1990	32	1	1	2017	1	1	-1	-1	-1	-1	-1	-1	-1	-1	-1	-1	-1	-1	-1
NS26057F	1	-1	-1	-1	-1	-1	-1	-1	3	-1	-1	2	-1	1	1	2	2	2	2	2	2	2	2016	-1	-1	-1
NS26057F	2	1	2	2017	1	11	1988	34	1	8	2019	1	1	-1	-1	-1	-1	-1	-1	-1	-1	-1	-1	-1	-1	-1
NS26058G	2	2	-1	-1	-1	-1	-1	-1	-1	-1	-1	-1	-1	-1	-1	-1	-1	-1	-1	-1	-1	-1	-1	-1	-1	-1
NS26060S	2	1	6	2019	1	4	1982	40	3	-1	-1	1	1	-1	-1	-1	-1	-1	-1	-1	-1	-1	-1	-1	-1	-1
NS26061T	2	1	7	2019	1	5	1995	27	3	-1	-1	2	-1	1	1	2	2	2	2	2	2	6	2022	-1	-1	-1
NS26061T	3	2	-1	-1	-1	-1	-1	-1	-1	-1	-1	-1	-1	-1	-1	-1	-1	-1	-1	-1	-1	-1	-1	-1	-1	-1
NS26066Z	1	-1	-1	-1	-1	-1	-1	-1	1	4	2017	1	1	-1	-1	-1	-1	-1	-1	-1	-1	-1	-1	-1	-1	-1
NS26068B	1	-1	-1	-1	-1	-1	-1	-1	3	-1	-1	1	1	-1	-1	-1	-1	-1	-1	-1	-1	-1	-1	-1	-1	-1
NS26070M	2	2	-1	-1	-1	-1	-1	-1	-1	-1	-1	-1	-1	-1	-1	-1	-1	-1	-1	-1	-1	-1	-1	-1	-1	-1
NS26072P	1	-1	-1	-1	-1	-1	-1	-1	-1	-1	-1	2	-1	1	1	2	2	2	2	2	2	12	2016	1	2	2017
NS26072P	2	1	5	2017	1	6	1984	38	3	-1	-1	2	-1	1	1	2	2	2	2	2	2	3	2020	-1	-1	-1
NS26072P	3	1	10	2022	1	10	1986	36	3	-1	-1	1	1	-1	-1	-1	-1	-1	-1	-1	-1	-1	-1	-1	-1	-1
NS26073Q	1	-1	-1	-1	-1	-1	-1	-1	1	7	2017	1	1	-1	-1	-1	-1	-1	-1	-1	-1	-1	-1	-1	-1	-1
NS26074R	1	-1	-1	-1	-1	-1	-1	-1	2	2	2022	1	1	-1	-1	-1	-1	-1	-1	-1	-1	-1	-1	-1	-1	-1
NS26078W	1	-1	-1	-1	-1	-1	-1	-1	-1	-1	-1	1	1	-1	-1	-1	-1	-1	-1	-1	-1	-1	-1	-1	-1	-1
NS26081H	2	2	-1	-1	-1	-1	-1	-1	-1	-1	-1	-1	-1	-1	-1	-1	-1	-1	-1	-1	-1	-1	-1	-1	-1	-1
NS26083K	1	-1	-1	-1	-1	-1	-1	-1	-1	-1	-1	2	-1	1	2	2	2	2	2	2	1	8	2019	1	10	2020
NS26083K	2	2	-1	-1	-1	-1	-1	-1	-1	-1	-1	-1	-1	-1	-1	-1	-1	-1	-1	-1	-1	-1	-1	-1	-1	-1
NS26084L	2	1	4	2019	1	4	1986	36	3	-1	-1	1	1	-1	-1	-1	-1	-1	-1	-1	-1	-1	-1	-1	-1	-1
NS26085M	2	1	5	2019	1	10	1995	27	1	5	2019	1	1	-1	-1	-1	-1	-1	-1	-1	-1	-1	-1	-1	-1	-1
NS26086N	2	2	-1	-1	-1	-1	-1	-1	-1	-1	-1	-1	-1	-1	-1	-1	-1	-1	-1	-1	-1	-1	-1	-1	-1	-1
NS26087P	2	1	2	2022	2	8	2003	19	1	2	2022	1	1	-1	-1	-1	-1	-1	-1	-1	-1	-1	-1	-1	-1	-1
NS26088Q	2	1	7	2018	2	9	1989	33	1	9	2022	1	1	-1	-1	-1	-1	-1	-1	-1	-1	-1	-1	-1	-1	-1
NS26091C	2	1	1	2021	2	12	1990	31	3	-1	-1	2	-1	2	-1	-1	-1	-1	-1	-1	-1	9	2021	-1	-1	-1
NS26091C	3	2	-1	-1	-1	-1	-1	-1	-1	-1	-1	-1	-1	-1	-1	-1	-1	-1	-1	-1	-1	-1	-1	-1	-1	-1
NS26092D	2	1	5	2017	2	2	1990	32	3	-1	-1	1	1	-1	-1	-1	-1	-1	-1	-1	-1	-1	-1	-1	-1	-1
NS26096H	2	1	6	2016	2	1	1992	31	1	8	2021	1	1	-1	-1	-1	-1	-1	-1	-1	-1	-1	-1	-1	-1	-1
NS26097J	2	1	12	2019	2	4	1991	31	1	3	2022	1	1	-1	-1	-1	-1	-1	-1	-1	-1	-1	-1	-1	-1	-1
NS26099L	2	1	6	2016	2	1	1992	31	1	4	2019	1	1	-1	-1	-1	-1	-1	-1	-1	-1	-1	-1	-1	-1	-1
NS26100C	2	2	-1	-1	-1	-1	-1	-1	-1	-1	-1	-1	-1	-1	-1	-1	-1	-1	-1	-1	-1	-1	-1	-1	-1	-1
NS26101D	1	-1	-1	-1	-1	-1	-1	-1	1	5	2017	1	1	-1	-1	-1	-1	-1	-1	-1	-1	-1	-1	-1	-1	-1
NS26103F	2	1	7	2012	1	9	1981	41	1	8	2017	1	1	-1	-1	-1	-1	-1	-1	-1	-1	-1	-1	-1	-1	-1
NS26105H	2	2	-1	-1	-1	-1	-1	-1	-1	-1	-1	-1	-1	-1	-1	-1	-1	-1	-1	-1	-1	-1	-1	-1	-1	-1
NS26107K	2	2	-1	-1	-1	-1	-1	-1	-1	-1	-1	-1	-1	-1	-1	-1	-1	-1	-1	-1	-1	-1	-1	-1	-1	-1
NS26108L	2	2	-1	-1	-1	-1	-1	-1	-1	-1	-1	-1	-1	-1	-1	-1	-1	-1	-1	-1	-1	-1	-1	-1	-1	-1
NS26109M	2	1	1	2011	1	3	1989	34	1	1	2011	1	1	-1	-1	-1	-1	-1	-1	-1	-1	-1	-1	-1	-1	-1
NS26117E	1	-1	-1	-1	-1	-1	-1	-1	3	-1	-1	2	-1	1	1	2	2	2	2	2	2	8	2017	-1	-1	-1
NS26117E	2	1	1	2018	2	12	1990	32	1	12	2020	1	1	-1	-1	-1	-1	-1	-1	-1	-1	-1	-1	-1	-1	-1
NS26118F	2	1	7	2016	2	8	1990	32	3	-1	-1	1	1	-1	-1	-1	-1	-1	-1	-1	-1	-1	-1	-1	-1	-1
NS26119G	2	1	9	2017	2	12	1992	29	1	7	2021	1	1	-1	-1	-1	-1	-1	-1	-1	-1	-1	-1	-1	-1	-1
NS26121S	2	1	8	2014	2	6	1992	30	1	9	2016	1	1	-1	-1	-1	-1	-1	-1	-1	-1	-1	-1	-1	-1	-1
