idacirscore_y,w2sexyp,w4ghq12scr,w2ethnicyp,w2fat5yp,bullied,truant,w2hiqualgmp,w3outschbyp,w7heflag,w9danvqh,w9dvnvqh,w9drussell,imdrscore_y,gor_x,marital_status_MP,w4lnpar,w3parqualmp,w4readsyp,w4concenyp,w4noconfyp,drugs,job_attd,w6univyp,w9_income_above_median
0.26,1.0,5.0,1.0,1.0,0.05263,0,3.0,2.0,2,4.0,3.0,3.0,26,3,2.0,2.0,4.0,1.0,2.0,3.0,0.0,1.0,0.0,1.0
0.38,1.0,0.0,1.0,2.0,0.05263,0,1.0,1.0,1,4.0,4.0,3.0,52,9,2.0,2.0,4.0,5.0,2.0,1.0,0.0,1.0,1.0,0.0
0.09,1.0,1.0,1.0,3.0,0.05263,1,3.0,2.0,2,5.0,2.0,3.0,10,6,3.0,1.0,1.0,3.0,2.0,2.0,0.0,3.0,0.0,1.0
0.28,1.0,1.0,3.0,1.0,0.05263,0,1.0,2.0,1,4.0,6.0,2.0,34,7,3.0,1.0,4.0,2.0,2.0,1.0,0.0,3.0,1.0,1.0
0.03,1.0,0.0,1.0,3.0,0.05263,0,1.0,1.0,1,4.0,6.0,1.0,4,8,2.0,2.0,2.0,3.0,2.0,2.0,0.0,3.0,1.0,1.0
0.4,0.0,0.0,1.0,,0.05263,0,5.0,2.0,2,6.0,2.0,3.0,37,4,3.0,1.0,1.0,3.0,2.0,1.0,0.0,3.0,0.0,0.0
0.01,0.0,1.0,1.0,2.0,0.05263,0,2.0,2.0,1,5.0,6.0,2.0,3,3,2.0,2.0,3.0,1.0,2.0,1.0,0.0,2.0,1.0,1.0
0.2,0.0,2.0,1.0,2.0,0.05263,0,2.0,2.0,1,5.0,1.0,2.0,20,4,2.0,2.0,,1.0,2.0,1.0,1.0,3.0,1.0,1.0
0.07,0.0,,1.0,2.0,0.05263,1,2.0,2.0,2,2.0,3.0,3.0,14,3,2.0,2.0,2.0,2.0,,,0.0,3.0,0.0,0.0
0.05,0.0,10.0,1.0,2.0,0.10526,0,2.0,2.0,1,5.0,6.0,2.0,5,4,2.0,2.0,2.0,4.0,3.0,2.0,1.0,3.0,1.0,1.0
0.02,0.0,4.0,1.0,3.0,0.05263,0,3.0,2.0,1,5.0,5.0,3.0,3,6,3.0,1.0,3.0,1.0,2.0,2.0,1.0,2.0,1.0,1.0
0.75,1.0,0.0,3.0,3.0,0.0,1,3.0,2.0,2,1.0,6.0,3.0,69,5,2.0,2.0,,1.0,2.0,2.0,1.0,3.0,0.0,0.0
0.58,0.0,7.0,3.0,1.0,0.0,0,5.0,1.0,1,4.0,5.0,2.0,42,7,3.0,1.0,,2.0,3.0,3.0,0.0,2.0,1.0,1.0
0.37,0.0,1.0,1.0,2.0,0.15789,1,5.0,1.0,2,3.0,6.0,3.0,39,1,1.0,2.0,4.0,5.0,2.0,3.0,0.0,3.0,0.0,1.0
0.02,1.0,1.0,1.0,2.0,0.10526,0,1.0,2.0,1,5.0,5.0,1.0,2,8,2.0,2.0,5.0,1.0,2.0,1.0,0.0,3.0,0.0,1.0
0.06,0.0,2.0,1.0,2.0,0.05263,1,2.0,2.0,2,4.0,3.0,3.0,14,2,2.0,2.0,4.0,5.0,3.0,1.0,1.0,3.0,0.0,0.0
0.51,1.0,2.0,1.0,3.0,0.05263,0,4.0,1.0,2,1.0,6.0,3.0,42,4,2.0,2.0,5.0,5.0,2.0,1.0,1.0,2.0,0.0,1.0
0.22,1.0,0.0,1.0,1.0,0.05263,0,5.0,2.0,2,2.0,3.0,3.0,24,8,3.0,1.0,4.0,1.0,1.0,1.0,0.0,3.0,0.0,1.0
0.14,1.0,0.0,1.0,3.0,0.05263,1,4.0,2.0,2,2.0,6.0,3.0,18,6,2.0,2.0,3.0,5.0,2.0,1.0,1.0,3.0,0.0,1.0
0.43,0.0,0.0,1.0,2.0,0.05263,0,3.0,2.0,1,4.0,5.0,2.0,50,5,3.0,1.0,3.0,2.0,1.0,2.0,0.0,3.0,1.0,1.0
0.15,0.0,0.0,1.0,2.0,0.15789,1,3.0,2.0,2,4.0,3.0,3.0,17,8,3.0,1.0,3.0,3.0,1.0,1.0,1.0,3.0,0.0,0.0
0.33,1.0,3.0,3.0,1.0,0.05263,0,5.0,1.0,1,5.0,5.0,1.0,26,6,2.0,2.0,4.0,5.0,2.0,3.0,0.0,3.0,1.0,1.0
0.59,0.0,10.0,3.0,3.0,0.05263,0,5.0,1.0,1,5.0,5.0,2.0,61,7,2.0,2.0,3.0,4.0,4.0,3.0,0.0,4.0,1.0,1.0
0.22,0.0,6.0,1.0,2.0,0.21053,0,4.0,2.0,2,3.0,2.0,3.0,34,3,2.0,1.0,4.0,1.0,3.0,3.0,1.0,2.0,0.0,0.0
0.14,1.0,5.0,1.0,1.0,0.05263,0,4.0,1.0,2,6.0,6.0,3.0,17,2,2.0,2.0,3.0,1.0,1.0,3.0,0.0,2.0,0.0,0.0
0.07,1.0,4.0,1.0,3.0,0.05263,0,1.0,2.0,1,4.0,6.0,2.0,13,9,2.0,2.0,4.0,1.0,2.0,3.0,0.0,3.0,0.0,1.0
0.3,1.0,2.0,1.0,2.0,0.05263,0,3.0,2.0,1,4.0,6.0,2.0,45,2,2.0,2.0,4.0,2.0,2.0,2.0,0.0,3.0,1.0,1.0
0.25,1.0,,1.0,2.0,0.05263,1,4.0,1.0,1,4.0,6.0,2.0,19,8,2.0,2.0,3.0,4.0,,,0.0,2.0,1.0,1.0
0.6,0.0,,3.0,2.0,0.0,0,5.0,2.0,2,,,3.0,59,3,2.0,2.0,,6.0,2.0,2.0,0.0,2.0,0.0,0.0
0.04,1.0,0.0,1.0,2.0,0.05263,0,3.0,2.0,2,1.0,2.0,3.0,10,4,2.0,2.0,2.0,1.0,2.0,1.0,0.0,3.0,0.0,0.0
0.18,1.0,1.0,2.0,1.0,0.05263,0,2.0,1.0,1,4.0,6.0,2.0,22,9,1.0,1.0,4.0,1.0,2.0,1.0,0.0,3.0,1.0,1.0
0.47,0.0,7.0,3.0,2.0,0.0,0,5.0,1.0,1,4.0,6.0,2.0,60,3,2.0,2.0,,2.0,2.0,3.0,0.0,3.0,0.0,1.0
0.06,0.0,0.0,3.0,,0.05263,0,2.0,2.0,1,5.0,5.0,2.0,9,8,2.0,2.0,3.0,4.0,2.0,2.0,0.0,3.0,0.0,1.0
0.21,0.0,2.0,1.0,2.0,0.05263,0,2.0,2.0,2,4.0,2.0,3.0,18,6,2.0,2.0,1.0,2.0,2.0,1.0,1.0,2.0,0.0,1.0
0.38,0.0,2.0,4.0,2.0,0.05263,0,,1.0,1,4.0,6.0,1.0,35,7,2.0,2.0,4.0,4.0,2.0,2.0,0.0,2.0,1.0,1.0
0.06,1.0,0.0,1.0,3.0,0.05263,0,3.0,1.0,2,3.0,3.0,3.0,13,5,2.0,2.0,3.0,3.0,2.0,1.0,1.0,3.0,0.0,1.0
0.27,0.0,1.0,1.0,2.0,0.05263,0,5.0,2.0,1,4.0,2.0,1.0,29,1,2.0,2.0,4.0,2.0,2.0,2.0,0.0,3.0,1.0,1.0
0.02,1.0,0.0,1.0,3.0,0.10526,0,1.0,2.0,1,4.0,6.0,2.0,4,7,2.0,2.0,4.0,3.0,2.0,1.0,0.0,3.0,1.0,1.0
0.32,0.0,0.0,3.0,2.0,0.10526,0,2.0,2.0,2,4.0,1.0,3.0,40,5,2.0,2.0,2.0,2.0,2.0,1.0,0.0,2.0,0.0,0.0
0.47,1.0,1.0,1.0,3.0,0.05263,0,3.0,2.0,2,6.0,6.0,3.0,33,6,2.0,2.0,5.0,2.0,1.0,1.0,0.0,3.0,0.0,1.0
0.02,1.0,12.0,3.0,3.0,0.05263,1,4.0,2.0,1,5.0,6.0,2.0,5,4,2.0,2.0,5.0,4.0,3.0,4.0,1.0,2.0,0.0,1.0
0.09,0.0,7.0,1.0,2.0,0.21053,0,3.0,2.0,2,2.0,2.0,3.0,27,1,2.0,2.0,2.0,5.0,2.0,3.0,0.0,2.0,0.0,0.0
0.12,1.0,7.0,3.0,3.0,0.05263,0,5.0,2.0,1,4.0,1.0,2.0,19,5,2.0,2.0,3.0,3.0,1.0,3.0,0.0,3.0,1.0,0.0
0.39,0.0,4.0,1.0,2.0,0.05263,1,5.0,2.0,2,1.0,3.0,3.0,46,5,3.0,2.0,3.0,1.0,2.0,3.0,0.0,2.0,0.0,0.0
0.05,0.0,1.0,1.0,2.0,0.05263,0,2.0,2.0,2,5.0,5.0,3.0,22,2,2.0,2.0,4.0,1.0,2.0,1.0,0.0,2.0,0.0,1.0
0.11,0.0,1.0,1.0,,0.05263,1,2.0,1.0,1,5.0,6.0,3.0,10,8,2.0,2.0,4.0,2.0,3.0,2.0,0.0,3.0,0.0,0.0
0.08,1.0,5.0,1.0,2.0,0.05263,0,4.0,1.0,1,5.0,3.0,2.0,9,6,3.0,1.0,3.0,1.0,3.0,2.0,0.0,4.0,0.0,1.0
0.43,0.0,7.0,3.0,4.0,0.05263,1,5.0,2.0,1,3.0,4.0,3.0,48,3,2.0,2.0,3.0,1.0,3.0,1.0,1.0,3.0,1.0,1.0
0.5,0.0,0.0,3.0,,0.05263,0,5.0,1.0,1,4.0,5.0,2.0,44,7,2.0,2.0,3.0,3.0,2.0,1.0,0.0,2.0,1.0,1.0
0.07,0.0,1.0,1.0,2.0,0.05263,0,2.0,2.0,1,4.0,3.0,2.0,14,3,3.0,2.0,5.0,1.0,2.0,1.0,0.0,,1.0,0.0
0.04,1.0,4.0,1.0,,0.05263,0,4.0,1.0,2,4.0,6.0,2.0,12,2,2.0,2.0,4.0,1.0,1.0,1.0,0.0,3.0,0.0,1.0
0.1,0.0,8.0,1.0,1.0,0.05263,0,3.0,1.0,1,4.0,6.0,2.0,9,9,3.0,1.0,5.0,1.0,2.0,4.0,1.0,3.0,0.0,0.0
0.5,0.0,0.0,1.0,2.0,0.10526,0,2.0,2.0,2,1.0,2.0,3.0,60,3,1.0,1.0,3.0,3.0,2.0,2.0,0.0,2.0,0.0,0.0
0.07,0.0,1.0,1.0,1.0,0.15789,0,3.0,2.0,1,4.0,5.0,1.0,13,5,2.0,2.0,4.0,1.0,2.0,1.0,0.0,3.0,1.0,1.0
0.26,0.0,0.0,1.0,1.0,0.15789,0,3.0,2.0,1,5.0,6.0,2.0,27,1,2.0,2.0,3.0,2.0,2.0,2.0,1.0,3.0,1.0,1.0
0.62,1.0,,1.0,2.0,0.26316,0,4.0,1.0,2,6.0,6.0,3.0,52,9,3.0,1.0,1.0,6.0,1.0,1.0,1.0,2.0,0.0,0.0
0.22,1.0,2.0,1.0,2.0,0.05263,0,2.0,1.0,2,3.0,6.0,3.0,35,9,3.0,1.0,4.0,5.0,2.0,2.0,1.0,2.0,0.0,1.0
0.05,0.0,12.0,1.0,2.0,0.21053,1,1.0,2.0,2,3.0,1.0,3.0,9,4,3.0,2.0,2.0,1.0,3.0,4.0,1.0,1.0,0.0,0.0
0.05,1.0,0.0,1.0,1.0,0.05263,0,1.0,2.0,1,4.0,5.0,1.0,10,6,2.0,2.0,3.0,6.0,2.0,1.0,0.0,3.0,1.0,1.0
0.11,0.0,1.0,1.0,3.0,0.05263,0,3.0,1.0,1,5.0,3.0,2.0,16,4,3.0,1.0,4.0,2.0,2.0,1.0,1.0,3.0,0.0,0.0
0.36,0.0,1.0,1.0,2.0,0.05263,1,3.0,1.0,2,3.0,6.0,3.0,36,2,3.0,1.0,3.0,1.0,1.0,1.0,1.0,3.0,0.0,0.0
0.09,1.0,0.0,1.0,2.0,0.10526,1,4.0,2.0,2,1.0,6.0,3.0,5,4,3.0,1.0,2.0,6.0,2.0,1.0,1.0,3.0,0.0,1.0
0.54,0.0,2.0,1.0,2.0,0.05263,0,1.0,2.0,1,5.0,6.0,1.0,44,7,2.0,2.0,4.0,1.0,2.0,2.0,0.0,3.0,1.0,1.0
0.21,0.0,10.0,1.0,1.0,0.05263,1,3.0,1.0,2,4.0,3.0,3.0,18,2,3.0,1.0,2.0,2.0,3.0,3.0,1.0,1.0,0.0,1.0
0.23,1.0,3.0,1.0,1.0,0.26316,0,3.0,2.0,2,3.0,2.0,3.0,15,9,3.0,1.0,3.0,5.0,2.0,3.0,0.0,2.0,0.0,0.0
0.14,0.0,0.0,1.0,2.0,0.21053,0,2.0,2.0,1,4.0,3.0,2.0,13,8,2.0,2.0,3.0,1.0,2.0,1.0,1.0,2.0,0.0,1.0
0.07,0.0,5.0,1.0,2.0,0.05263,0,1.0,2.0,1,5.0,6.0,1.0,5,8,2.0,2.0,,2.0,3.0,1.0,0.0,3.0,1.0,0.0
0.31,0.0,1.0,1.0,3.0,0.05263,0,3.0,2.0,2,1.0,6.0,3.0,27,7,3.0,1.0,1.0,3.0,2.0,1.0,0.0,3.0,0.0,0.0
0.11,0.0,1.0,1.0,4.0,0.05263,0,4.0,1.0,2,2.0,6.0,3.0,11,2,2.0,2.0,4.0,2.0,2.0,2.0,0.0,2.0,0.0,0.0
0.23,0.0,3.0,3.0,2.0,0.05263,0,3.0,1.0,1,5.0,6.0,1.0,32,7,2.0,2.0,4.0,1.0,1.0,2.0,0.0,2.0,1.0,1.0
0.27,0.0,0.0,1.0,2.0,0.05263,0,3.0,2.0,2,3.0,6.0,3.0,16,6,1.0,1.0,3.0,1.0,2.0,1.0,0.0,2.0,0.0,0.0
0.41,1.0,2.0,3.0,2.0,0.05263,1,1.0,1.0,1,4.0,6.0,2.0,31,6,2.0,2.0,3.0,2.0,2.0,2.0,0.0,4.0,1.0,1.0
0.26,0.0,4.0,3.0,2.0,0.05263,0,3.0,2.0,1,4.0,5.0,2.0,22,7,2.0,2.0,3.0,3.0,2.0,3.0,0.0,3.0,0.0,1.0
0.32,0.0,0.0,3.0,2.0,0.05263,0,5.0,2.0,2,3.0,6.0,3.0,39,3,2.0,2.0,5.0,1.0,2.0,1.0,0.0,3.0,0.0,0.0
0.18,0.0,3.0,3.0,1.0,0.05263,0,5.0,1.0,2,2.0,3.0,3.0,21,3,2.0,2.0,3.0,3.0,2.0,1.0,0.0,4.0,0.0,0.0
0.24,0.0,7.0,3.0,1.0,0.05263,1,5.0,1.0,1,5.0,5.0,2.0,37,4,2.0,2.0,,5.0,4.0,1.0,1.0,3.0,1.0,1.0
0.07,0.0,0.0,1.0,2.0,0.21053,0,2.0,1.0,1,5.0,2.0,2.0,3,8,2.0,2.0,4.0,1.0,2.0,1.0,0.0,1.0,1.0,1.0
0.41,0.0,6.0,3.0,3.0,0.05263,0,3.0,2.0,1,5.0,6.0,1.0,37,2,2.0,2.0,4.0,2.0,2.0,3.0,0.0,3.0,1.0,0.0
0.35,0.0,0.0,4.0,,0.05263,0,2.0,1.0,1,4.0,5.0,2.0,43,7,1.0,1.0,4.0,1.0,2.0,1.0,0.0,4.0,1.0,1.0
0.02,1.0,2.0,1.0,3.0,0.15789,0,2.0,2.0,2,4.0,3.0,3.0,2,8,2.0,2.0,2.0,3.0,2.0,3.0,1.0,3.0,0.0,1.0
0.2,0.0,,3.0,,0.05263,1,5.0,1.0,2,4.0,4.0,2.0,26,3,2.0,2.0,3.0,2.0,1.0,2.0,0.0,3.0,0.0,0.0
0.23,0.0,3.0,1.0,2.0,0.05263,0,3.0,1.0,2,4.0,4.0,3.0,14,6,2.0,,4.0,3.0,3.0,3.0,0.0,4.0,0.0,0.0
0.21,1.0,1.0,1.0,3.0,0.05263,0,2.0,2.0,2,2.0,2.0,3.0,16,6,2.0,2.0,3.0,5.0,2.0,1.0,1.0,2.0,0.0,0.0
0.29,1.0,0.0,2.0,2.0,0.05263,0,4.0,2.0,2,2.0,5.0,3.0,26,3,2.0,2.0,4.0,4.0,2.0,1.0,0.0,2.0,0.0,0.0
0.39,1.0,1.0,1.0,2.0,0.05263,0,5.0,2.0,1,5.0,5.0,2.0,27,7,2.0,2.0,3.0,4.0,2.0,1.0,0.0,3.0,0.0,0.0
0.06,1.0,1.0,1.0,2.0,0.05263,1,2.0,1.0,1,4.0,5.0,3.0,8,5,3.0,1.0,4.0,1.0,2.0,1.0,0.0,4.0,0.0,1.0
0.09,0.0,0.0,1.0,3.0,0.05263,1,4.0,2.0,2,6.0,2.0,3.0,15,9,2.0,2.0,3.0,1.0,2.0,2.0,1.0,2.0,0.0,0.0
0.04,1.0,1.0,1.0,2.0,0.10526,1,1.0,2.0,1,4.0,6.0,2.0,10,3,3.0,1.0,3.0,1.0,3.0,1.0,1.0,2.0,1.0,0.0
0.06,0.0,0.0,1.0,3.0,0.05263,0,2.0,1.0,2,2.0,5.0,3.0,4,9,3.0,1.0,4.0,1.0,2.0,1.0,1.0,2.0,0.0,1.0
0.58,0.0,3.0,3.0,2.0,0.0,0,5.0,1.0,2,3.0,6.0,3.0,53,7,2.0,2.0,,4.0,3.0,3.0,0.0,2.0,0.0,0.0
0.08,0.0,5.0,4.0,3.0,0.05263,0,3.0,2.0,1,5.0,5.0,1.0,8,7,2.0,2.0,4.0,1.0,2.0,3.0,0.0,3.0,1.0,1.0
0.09,1.0,0.0,1.0,2.0,0.10526,1,2.0,1.0,2,3.0,5.0,3.0,8,6,3.0,1.0,2.0,4.0,2.0,1.0,1.0,3.0,0.0,0.0
0.61,0.0,1.0,3.0,3.0,0.0,0,3.0,2.0,1,6.0,6.0,3.0,54,7,2.0,2.0,,3.0,2.0,1.0,0.0,3.0,0.0,0.0
0.61,0.0,2.0,1.0,4.0,0.10526,1,3.0,2.0,2,2.0,3.0,3.0,69,2,2.0,2.0,3.0,4.0,2.0,2.0,0.0,2.0,0.0,0.0
0.06,1.0,0.0,1.0,3.0,0.05263,1,2.0,2.0,1,4.0,6.0,2.0,17,4,2.0,2.0,3.0,1.0,2.0,1.0,1.0,2.0,0.0,1.0
0.41,0.0,0.0,3.0,1.0,0.0,0,,1.0,2,4.0,3.0,2.0,37,7,,2.0,,1.0,1.0,1.0,0.0,3.0,1.0,0.0
0.31,0.0,0.0,1.0,3.0,0.05263,0,5.0,1.0,2,4.0,2.0,3.0,25,8,2.0,2.0,4.0,2.0,2.0,2.0,1.0,2.0,0.0,0.0
0.09,0.0,1.0,1.0,3.0,0.05263,0,2.0,2.0,2,3.0,1.0,3.0,6,8,2.0,2.0,4.0,4.0,2.0,2.0,0.0,2.0,0.0,1.0
0.38,0.0,3.0,3.0,,0.0,1,5.0,1.0,1,4.0,5.0,2.0,31,5,2.0,2.0,,2.0,2.0,1.0,0.0,2.0,1.0,1.0
0.3,1.0,0.0,1.0,2.0,0.05263,0,5.0,1.0,1,4.0,3.0,2.0,29,2,2.0,2.0,2.0,2.0,2.0,1.0,1.0,2.0,1.0,1.0
0.06,0.0,7.0,1.0,2.0,0.05263,0,3.0,1.0,2,4.0,6.0,2.0,6,1,2.0,2.0,4.0,1.0,2.0,4.0,0.0,3.0,0.0,1.0
0.08,1.0,1.0,1.0,1.0,0.05263,1,4.0,2.0,2,3.0,3.0,3.0,9,9,3.0,2.0,4.0,2.0,2.0,1.0,0.0,2.0,0.0,1.0
0.45,0.0,0.0,1.0,,0.05263,1,2.0,1.0,1,4.0,5.0,2.0,54,2,1.0,1.0,1.0,2.0,2.0,1.0,1.0,3.0,0.0,1.0
0.06,0.0,0.0,1.0,3.0,0.21053,0,2.0,1.0,2,3.0,2.0,3.0,3,6,3.0,1.0,1.0,5.0,2.0,2.0,1.0,2.0,0.0,0.0
0.61,0.0,,1.0,2.0,0.10526,0,3.0,1.0,2,1.0,2.0,3.0,68,4,2.0,2.0,4.0,3.0,2.0,4.0,0.0,1.0,0.0,0.0
0.43,0.0,0.0,3.0,3.0,0.05263,0,5.0,1.0,2,3.0,3.0,3.0,49,5,2.0,2.0,4.0,2.0,2.0,1.0,0.0,2.0,0.0,0.0
0.05,1.0,,1.0,2.0,0.10526,0,3.0,2.0,2,3.0,2.0,3.0,8,9,3.0,1.0,2.0,1.0,2.0,1.0,0.0,3.0,0.0,0.0
0.21,0.0,2.0,1.0,2.0,0.05263,0,3.0,1.0,2,6.0,1.0,3.0,33,5,2.0,2.0,3.0,1.0,2.0,3.0,1.0,2.0,0.0,0.0
0.23,0.0,0.0,1.0,4.0,0.05263,1,2.0,2.0,2,4.0,6.0,3.0,29,2,3.0,1.0,4.0,3.0,2.0,2.0,1.0,2.0,0.0,1.0
0.24,0.0,2.0,3.0,,0.0,0,5.0,1.0,2,3.0,3.0,3.0,27,6,2.0,2.0,,1.0,2.0,1.0,0.0,3.0,0.0,0.0
0.05,0.0,4.0,2.0,2.0,0.05263,0,2.0,2.0,1,4.0,6.0,2.0,5,6,2.0,2.0,3.0,1.0,2.0,,1.0,3.0,1.0,1.0
0.46,1.0,0.0,1.0,1.0,0.05263,0,3.0,2.0,1,5.0,6.0,2.0,57,2,2.0,2.0,4.0,3.0,2.0,1.0,0.0,3.0,1.0,1.0
0.09,1.0,0.0,3.0,2.0,0.05263,0,3.0,1.0,2,2.0,3.0,3.0,13,5,3.0,1.0,1.0,3.0,2.0,2.0,0.0,3.0,0.0,0.0
0.89,0.0,3.0,3.0,2.0,0.05263,0,2.0,2.0,1,3.0,2.0,3.0,68,7,1.0,2.0,3.0,1.0,2.0,1.0,0.0,3.0,1.0,0.0
0.11,1.0,5.0,1.0,2.0,0.10526,1,2.0,2.0,1,4.0,6.0,1.0,14,2,2.0,2.0,4.0,1.0,3.0,1.0,1.0,4.0,1.0,1.0
0.02,0.0,0.0,1.0,2.0,0.05263,0,5.0,2.0,1,4.0,1.0,2.0,9,3,1.0,1.0,3.0,1.0,2.0,1.0,0.0,4.0,1.0,1.0
0.31,1.0,0.0,1.0,3.0,0.05263,0,2.0,1.0,2,,,3.0,32,1,2.0,2.0,3.0,4.0,2.0,1.0,1.0,2.0,0.0,1.0
0.14,1.0,0.0,1.0,3.0,0.05263,1,3.0,2.0,2,1.0,6.0,3.0,12,6,2.0,2.0,3.0,4.0,2.0,1.0,1.0,2.0,0.0,0.0
0.52,0.0,,1.0,1.0,0.05263,0,3.0,1.0,1,4.0,5.0,3.0,56,1,2.0,2.0,4.0,2.0,3.0,1.0,1.0,4.0,1.0,0.0
0.33,0.0,8.0,1.0,1.0,0.26316,1,3.0,2.0,2,4.0,4.0,3.0,37,2,1.0,1.0,2.0,3.0,2.0,4.0,1.0,2.0,0.0,1.0
0.31,0.0,1.0,3.0,2.0,0.0,0,5.0,2.0,2,6.0,6.0,3.0,51,2,2.0,2.0,,1.0,1.0,1.0,1.0,3.0,0.0,0.0
0.58,1.0,1.0,1.0,2.0,0.05263,0,5.0,1.0,1,3.0,6.0,3.0,52,7,2.0,2.0,2.0,2.0,2.0,2.0,0.0,2.0,1.0,1.0
0.04,0.0,10.0,1.0,2.0,0.05263,1,4.0,1.0,2,5.0,3.0,1.0,14,3,3.0,1.0,3.0,1.0,3.0,3.0,1.0,3.0,0.0,1.0
0.06,1.0,1.0,1.0,2.0,0.05263,0,3.0,2.0,1,4.0,5.0,2.0,14,4,2.0,2.0,4.0,4.0,2.0,1.0,0.0,2.0,1.0,1.0
0.12,1.0,0.0,1.0,,0.15789,0,3.0,2.0,2,3.0,3.0,3.0,21,8,3.0,1.0,4.0,2.0,2.0,1.0,0.0,3.0,0.0,0.0
0.33,1.0,2.0,3.0,2.0,0.0,0,5.0,2.0,2,4.0,6.0,3.0,41,4,2.0,2.0,,2.0,2.0,1.0,0.0,2.0,0.0,0.0
0.14,0.0,5.0,1.0,2.0,0.15789,1,3.0,2.0,2,4.0,6.0,2.0,23,9,3.0,1.0,3.0,3.0,2.0,3.0,1.0,2.0,0.0,1.0
0.44,0.0,2.0,3.0,3.0,0.0,0,5.0,1.0,2,3.0,3.0,3.0,62,3,2.0,2.0,,4.0,3.0,2.0,0.0,3.0,0.0,0.0
0.05,0.0,1.0,1.0,1.0,0.10526,0,5.0,2.0,1,3.0,3.0,3.0,6,8,2.0,2.0,3.0,1.0,1.0,2.0,0.0,1.0,0.0,1.0
0.46,0.0,3.0,3.0,2.0,0.05263,0,1.0,1.0,1,4.0,5.0,2.0,43,7,2.0,2.0,5.0,1.0,2.0,1.0,0.0,1.0,0.0,0.0
0.3,1.0,0.0,3.0,4.0,0.05263,0,2.0,2.0,1,4.0,6.0,2.0,36,5,2.0,2.0,3.0,1.0,2.0,1.0,0.0,2.0,1.0,1.0
0.1,1.0,0.0,3.0,3.0,0.05263,0,5.0,1.0,2,1.0,2.0,3.0,16,4,3.0,1.0,1.0,3.0,2.0,1.0,0.0,2.0,0.0,1.0
0.01,0.0,0.0,1.0,,0.05263,0,2.0,1.0,2,4.0,5.0,2.0,2,2,2.0,2.0,4.0,2.0,2.0,1.0,0.0,3.0,0.0,1.0
0.45,0.0,1.0,2.0,2.0,0.0,1,5.0,2.0,2,3.0,1.0,3.0,33,6,2.0,2.0,,3.0,1.0,2.0,0.0,2.0,0.0,0.0
0.12,0.0,8.0,1.0,2.0,0.05263,1,2.0,1.0,1,5.0,6.0,3.0,15,5,2.0,2.0,4.0,2.0,3.0,4.0,1.0,3.0,0.0,1.0
0.07,1.0,0.0,1.0,2.0,0.05263,0,2.0,1.0,2,4.0,5.0,3.0,11,8,2.0,2.0,3.0,2.0,2.0,1.0,0.0,3.0,0.0,1.0
0.16,0.0,0.0,1.0,,0.26316,1,2.0,2.0,1,4.0,6.0,2.0,22,5,2.0,2.0,4.0,1.0,2.0,1.0,0.0,2.0,1.0,1.0
0.02,1.0,,1.0,2.0,0.05263,0,2.0,2.0,1,4.0,5.0,2.0,6,8,2.0,2.0,3.0,1.0,3.0,,0.0,2.0,0.0,1.0
0.4,1.0,0.0,2.0,4.0,0.05263,0,5.0,1.0,2,2.0,6.0,3.0,41,9,1.0,1.0,4.0,5.0,2.0,1.0,0.0,3.0,0.0,1.0
0.05,0.0,0.0,1.0,2.0,0.05263,0,2.0,2.0,1,5.0,5.0,2.0,13,2,2.0,2.0,3.0,2.0,1.0,1.0,0.0,4.0,1.0,1.0
0.37,1.0,0.0,3.0,3.0,0.05263,1,3.0,2.0,1,4.0,6.0,2.0,43,5,2.0,2.0,1.0,2.0,1.0,1.0,0.0,2.0,0.0,1.0
0.33,0.0,0.0,3.0,2.0,0.0,0,4.0,1.0,2,2.0,3.0,3.0,53,2,3.0,1.0,,3.0,1.0,1.0,0.0,3.0,0.0,0.0
0.2,0.0,0.0,1.0,3.0,0.05263,0,2.0,1.0,1,4.0,6.0,2.0,16,6,3.0,2.0,5.0,1.0,2.0,1.0,0.0,2.0,0.0,1.0
0.06,0.0,3.0,1.0,3.0,0.10526,0,2.0,1.0,2,4.0,6.0,3.0,6,9,3.0,1.0,3.0,4.0,2.0,2.0,0.0,2.0,0.0,1.0
0.19,0.0,0.0,1.0,1.0,0.10526,0,5.0,2.0,2,3.0,3.0,3.0,20,9,4.0,1.0,4.0,1.0,2.0,1.0,0.0,4.0,0.0,0.0
0.1,0.0,0.0,1.0,2.0,0.05263,0,2.0,2.0,1,4.0,5.0,2.0,16,5,3.0,1.0,5.0,1.0,2.0,1.0,0.0,4.0,0.0,1.0
0.11,1.0,6.0,1.0,2.0,0.05263,0,1.0,2.0,1,5.0,5.0,2.0,13,9,2.0,2.0,4.0,2.0,2.0,2.0,0.0,2.0,1.0,1.0
0.04,1.0,1.0,3.0,2.0,0.05263,0,3.0,2.0,1,4.0,6.0,2.0,6,8,2.0,2.0,4.0,1.0,2.0,1.0,0.0,2.0,0.0,1.0
0.46,1.0,1.0,1.0,2.0,0.31579,0,5.0,1.0,2,1.0,6.0,3.0,52,3,3.0,2.0,1.0,6.0,2.0,1.0,0.0,3.0,0.0,0.0
0.35,0.0,2.0,3.0,2.0,0.05263,0,5.0,1.0,1,4.0,6.0,2.0,25,7,2.0,2.0,1.0,1.0,2.0,2.0,1.0,3.0,1.0,1.0
0.38,0.0,8.0,1.0,2.0,0.10526,1,3.0,2.0,2,5.0,6.0,2.0,30,7,3.0,1.0,4.0,1.0,2.0,3.0,1.0,4.0,0.0,0.0
0.52,1.0,0.0,3.0,,0.05263,0,5.0,1.0,2,4.0,2.0,3.0,70,3,2.0,2.0,4.0,5.0,2.0,1.0,0.0,3.0,0.0,1.0
0.27,0.0,0.0,1.0,,0.05263,0,3.0,2.0,1,5.0,5.0,2.0,28,3,3.0,1.0,2.0,1.0,2.0,1.0,0.0,2.0,1.0,1.0
0.16,1.0,,3.0,3.0,0.10526,1,4.0,1.0,2,5.0,,3.0,22,2,2.0,2.0,2.0,,,,1.0,3.0,0.0,0.0
0.55,0.0,1.0,3.0,2.0,0.05263,0,5.0,1.0,2,4.0,3.0,3.0,68,2,2.0,2.0,3.0,1.0,1.0,2.0,1.0,2.0,0.0,0.0
0.08,1.0,10.0,1.0,2.0,0.05263,1,2.0,2.0,2,3.0,6.0,3.0,5,8,3.0,1.0,3.0,4.0,3.0,3.0,1.0,2.0,0.0,1.0
0.04,1.0,0.0,1.0,2.0,0.05263,0,1.0,1.0,1,5.0,5.0,1.0,5,3,3.0,1.0,4.0,3.0,2.0,1.0,1.0,3.0,0.0,1.0
0.26,0.0,0.0,3.0,2.0,0.05263,1,5.0,2.0,2,3.0,6.0,3.0,32,7,2.0,2.0,4.0,5.0,2.0,1.0,0.0,3.0,1.0,1.0
0.32,1.0,0.0,3.0,2.0,0.0,0,5.0,2.0,1,4.0,5.0,2.0,40,5,2.0,2.0,,2.0,2.0,1.0,0.0,3.0,1.0,1.0
0.12,0.0,4.0,1.0,3.0,0.05263,0,3.0,2.0,1,4.0,6.0,2.0,8,5,2.0,2.0,3.0,1.0,2.0,3.0,1.0,4.0,1.0,1.0
0.51,0.0,1.0,1.0,2.0,0.05263,1,5.0,2.0,2,4.0,3.0,3.0,59,1,1.0,2.0,4.0,2.0,2.0,1.0,0.0,3.0,1.0,0.0
0.06,0.0,3.0,1.0,3.0,0.10526,0,1.0,1.0,1,4.0,5.0,2.0,8,8,3.0,1.0,4.0,1.0,2.0,2.0,0.0,2.0,1.0,0.0
0.17,0.0,2.0,1.0,4.0,0.26316,0,2.0,2.0,2,2.0,4.0,3.0,11,8,2.0,2.0,1.0,2.0,2.0,1.0,0.0,3.0,0.0,1.0
0.07,0.0,0.0,1.0,2.0,0.05263,1,2.0,2.0,2,1.0,3.0,3.0,13,2,2.0,2.0,2.0,3.0,2.0,1.0,1.0,2.0,0.0,0.0
0.36,1.0,0.0,1.0,2.0,0.10526,0,5.0,2.0,2,2.0,1.0,3.0,30,2,1.0,1.0,3.0,1.0,2.0,2.0,0.0,2.0,0.0,1.0
0.32,0.0,0.0,1.0,1.0,0.05263,0,2.0,2.0,2,4.0,3.0,3.0,29,4,3.0,1.0,4.0,2.0,2.0,2.0,0.0,2.0,0.0,0.0
0.08,1.0,1.0,1.0,2.0,0.36842,0,2.0,2.0,1,5.0,6.0,1.0,15,4,3.0,1.0,3.0,2.0,2.0,1.0,1.0,2.0,1.0,1.0
0.09,1.0,0.0,1.0,2.0,0.05263,1,3.0,2.0,1,4.0,3.0,2.0,7,6,2.0,2.0,4.0,2.0,2.0,2.0,0.0,3.0,0.0,0.0
0.37,0.0,0.0,3.0,2.0,0.0,0,5.0,1.0,1,4.0,6.0,2.0,50,3,2.0,2.0,,2.0,2.0,1.0,0.0,3.0,1.0,0.0
0.29,0.0,1.0,4.0,3.0,0.05263,1,2.0,2.0,1,4.0,4.0,2.0,27,7,3.0,1.0,4.0,1.0,2.0,1.0,1.0,3.0,1.0,1.0
0.32,0.0,0.0,1.0,,0.10526,0,3.0,2.0,2,3.0,4.0,3.0,36,8,3.0,1.0,4.0,1.0,2.0,1.0,0.0,3.0,0.0,1.0
0.05,0.0,5.0,1.0,2.0,0.10526,0,4.0,1.0,1,4.0,6.0,2.0,16,4,2.0,2.0,3.0,2.0,2.0,2.0,0.0,2.0,1.0,1.0
0.04,1.0,1.0,1.0,3.0,0.05263,1,4.0,2.0,2,5.0,6.0,2.0,9,2,2.0,1.0,3.0,5.0,1.0,1.0,1.0,2.0,0.0,1.0
0.11,0.0,6.0,2.0,3.0,0.05263,0,5.0,1.0,2,4.0,6.0,3.0,25,5,3.0,1.0,2.0,2.0,3.0,2.0,0.0,2.0,0.0,0.0
0.06,1.0,0.0,1.0,2.0,0.05263,0,1.0,1.0,1,4.0,6.0,2.0,9,8,2.0,2.0,3.0,1.0,2.0,2.0,1.0,2.0,0.0,0.0
0.11,1.0,2.0,1.0,2.0,0.05263,0,3.0,2.0,1,4.0,6.0,2.0,12,7,2.0,2.0,4.0,1.0,2.0,3.0,1.0,3.0,1.0,1.0
0.45,,1.0,,,0.05263,0,2.0,1.0,1,5.0,6.0,3.0,52,2,1.0,1.0,1.0,4.0,2.0,2.0,1.0,2.0,1.0,1.0
0.03,1.0,3.0,3.0,2.0,0.05263,1,1.0,2.0,1,5.0,6.0,2.0,3,7,3.0,1.0,3.0,4.0,2.0,1.0,1.0,3.0,0.0,1.0
0.11,1.0,0.0,1.0,3.0,0.05263,0,3.0,2.0,2,3.0,3.0,3.0,16,4,2.0,2.0,4.0,3.0,2.0,1.0,0.0,3.0,0.0,1.0
0.35,0.0,2.0,3.0,,0.10526,0,5.0,2.0,2,3.0,3.0,3.0,48,3,2.0,2.0,3.0,2.0,2.0,1.0,0.0,2.0,0.0,0.0
0.04,0.0,1.0,1.0,1.0,0.10526,0,2.0,1.0,1,4.0,6.0,3.0,9,1,2.0,2.0,4.0,2.0,2.0,3.0,0.0,3.0,0.0,1.0
0.02,1.0,0.0,2.0,2.0,0.05263,0,1.0,2.0,1,4.0,1.0,1.0,6,7,2.0,2.0,4.0,1.0,2.0,1.0,1.0,3.0,1.0,1.0
0.64,0.0,0.0,1.0,,0.05263,0,3.0,1.0,2,2.0,2.0,3.0,65,2,3.0,1.0,1.0,1.0,2.0,1.0,1.0,3.0,0.0,0.0
0.23,1.0,0.0,1.0,3.0,0.05263,0,5.0,2.0,2,2.0,2.0,3.0,24,6,2.0,2.0,4.0,4.0,2.0,1.0,0.0,3.0,0.0,0.0
0.15,1.0,7.0,3.0,2.0,0.26316,0,1.0,2.0,1,5.0,5.0,2.0,12,7,2.0,2.0,1.0,2.0,3.0,1.0,0.0,3.0,1.0,1.0
0.48,0.0,2.0,3.0,,0.0,0,5.0,2.0,1,4.0,6.0,1.0,63,5,3.0,1.0,,1.0,3.0,2.0,0.0,2.0,1.0,1.0
0.27,0.0,4.0,1.0,1.0,0.15789,0,2.0,2.0,2,4.0,1.0,2.0,27,9,3.0,,1.0,1.0,2.0,3.0,1.0,3.0,0.0,0.0
0.35,1.0,0.0,3.0,2.0,0.05263,0,2.0,1.0,1,4.0,6.0,2.0,46,5,2.0,2.0,4.0,2.0,2.0,1.0,0.0,2.0,1.0,1.0
0.35,0.0,1.0,1.0,3.0,0.15789,1,3.0,2.0,2,2.0,2.0,3.0,52,3,3.0,1.0,,1.0,2.0,4.0,1.0,2.0,0.0,1.0
0.05,0.0,5.0,1.0,2.0,0.05263,1,1.0,1.0,1,4.0,4.0,2.0,10,5,2.0,2.0,3.0,4.0,3.0,2.0,1.0,3.0,1.0,1.0
0.11,0.0,0.0,2.0,3.0,0.05263,0,5.0,2.0,1,4.0,5.0,2.0,20,8,3.0,1.0,1.0,6.0,2.0,1.0,1.0,3.0,0.0,0.0
0.27,1.0,7.0,1.0,2.0,0.31579,1,5.0,2.0,2,1.0,3.0,3.0,35,4,3.0,1.0,4.0,3.0,2.0,4.0,0.0,2.0,0.0,0.0
0.19,1.0,0.0,1.0,3.0,0.05263,0,4.0,1.0,1,5.0,3.0,2.0,24,4,3.0,2.0,4.0,1.0,2.0,2.0,0.0,2.0,0.0,1.0
0.21,1.0,0.0,1.0,3.0,0.05263,0,4.0,2.0,1,4.0,6.0,2.0,26,3,3.0,1.0,4.0,3.0,2.0,1.0,0.0,3.0,1.0,0.0
0.43,0.0,4.0,3.0,3.0,0.05263,0,5.0,2.0,1,4.0,5.0,2.0,39,6,2.0,2.0,3.0,3.0,3.0,2.0,1.0,2.0,1.0,1.0
0.61,0.0,1.0,4.0,2.0,0.05263,0,3.0,1.0,2,1.0,3.0,3.0,51,7,1.0,1.0,4.0,1.0,2.0,2.0,0.0,3.0,0.0,0.0
0.06,0.0,2.0,1.0,2.0,0.05263,0,1.0,2.0,1,5.0,6.0,1.0,6,8,2.0,2.0,4.0,1.0,3.0,2.0,0.0,3.0,1.0,1.0
0.2,1.0,2.0,1.0,2.0,0.10526,0,3.0,2.0,2,4.0,4.0,2.0,30,2,2.0,2.0,5.0,5.0,1.0,1.0,0.0,1.0,0.0,1.0
0.16,1.0,8.0,1.0,3.0,0.10526,0,5.0,1.0,2,6.0,6.0,3.0,15,9,2.0,2.0,3.0,5.0,2.0,2.0,1.0,3.0,0.0,0.0
0.2,1.0,1.0,3.0,1.0,0.05263,0,3.0,2.0,1,5.0,5.0,3.0,32,5,2.0,2.0,2.0,1.0,1.0,1.0,0.0,1.0,0.0,1.0
0.32,0.0,0.0,3.0,2.0,0.0,0,5.0,2.0,1,6.0,5.0,3.0,40,3,2.0,2.0,,4.0,2.0,1.0,0.0,3.0,0.0,0.0
0.14,0.0,1.0,1.0,2.0,0.05263,0,3.0,1.0,1,5.0,6.0,3.0,21,3,3.0,1.0,4.0,5.0,2.0,1.0,1.0,2.0,1.0,1.0
0.4,0.0,7.0,1.0,2.0,0.05263,1,3.0,1.0,2,4.0,3.0,3.0,30,6,3.0,1.0,2.0,1.0,3.0,4.0,0.0,2.0,0.0,0.0
0.69,0.0,1.0,1.0,2.0,0.15789,0,4.0,1.0,2,4.0,4.0,3.0,73,9,3.0,2.0,3.0,3.0,2.0,1.0,0.0,2.0,1.0,1.0
0.48,0.0,2.0,1.0,3.0,0.05263,0,5.0,2.0,2,2.0,2.0,3.0,39,4,2.0,2.0,4.0,1.0,1.0,2.0,0.0,2.0,0.0,0.0
0.18,0.0,10.0,1.0,3.0,0.31579,1,3.0,2.0,2,6.0,5.0,3.0,15,8,2.0,2.0,3.0,5.0,2.0,3.0,1.0,2.0,0.0,1.0
0.24,0.0,1.0,1.0,,0.05263,0,5.0,2.0,2,4.0,4.0,2.0,21,9,3.0,1.0,4.0,3.0,2.0,1.0,0.0,2.0,0.0,1.0
0.21,0.0,10.0,1.0,1.0,0.15789,0,3.0,1.0,2,3.0,3.0,3.0,32,9,3.0,1.0,4.0,2.0,1.0,4.0,0.0,2.0,0.0,0.0
0.25,1.0,0.0,3.0,1.0,0.05263,0,1.0,1.0,1,3.0,3.0,3.0,25,2,3.0,1.0,2.0,1.0,1.0,1.0,0.0,2.0,0.0,0.0
0.4,0.0,1.0,4.0,3.0,0.05263,0,2.0,2.0,1,4.0,5.0,2.0,35,7,1.0,1.0,2.0,3.0,2.0,1.0,0.0,3.0,0.0,0.0
0.09,1.0,5.0,1.0,2.0,0.05263,0,3.0,2.0,1,4.0,2.0,2.0,10,9,3.0,1.0,4.0,3.0,3.0,1.0,0.0,3.0,1.0,1.0
0.09,1.0,3.0,1.0,1.0,0.05263,0,2.0,2.0,1,5.0,6.0,1.0,11,7,2.0,2.0,4.0,1.0,3.0,1.0,0.0,3.0,1.0,1.0
0.1,1.0,3.0,1.0,2.0,0.10526,1,2.0,1.0,2,2.0,4.0,3.0,7,2,2.0,2.0,4.0,3.0,2.0,1.0,0.0,4.0,0.0,0.0
0.1,1.0,1.0,1.0,2.0,0.05263,0,3.0,1.0,2,3.0,6.0,3.0,13,6,3.0,1.0,4.0,6.0,2.0,2.0,1.0,2.0,0.0,1.0
0.06,1.0,1.0,1.0,2.0,0.36842,0,4.0,1.0,1,5.0,6.0,2.0,10,8,2.0,2.0,3.0,1.0,2.0,1.0,1.0,3.0,1.0,1.0
0.03,1.0,0.0,1.0,2.0,0.05263,0,3.0,1.0,1,4.0,1.0,2.0,4,6,2.0,2.0,2.0,3.0,2.0,1.0,0.0,3.0,1.0,1.0
0.42,1.0,1.0,2.0,,0.05263,0,4.0,1.0,2,,6.0,3.0,33,7,3.0,1.0,1.0,3.0,1.0,1.0,0.0,2.0,0.0,1.0
0.23,0.0,0.0,1.0,1.0,0.05263,0,5.0,1.0,1,2.0,5.0,3.0,28,2,2.0,2.0,4.0,3.0,2.0,1.0,0.0,2.0,0.0,0.0
0.12,0.0,2.0,3.0,1.0,0.05263,0,3.0,2.0,1,4.0,3.0,3.0,8,5,3.0,1.0,4.0,3.0,1.0,1.0,0.0,2.0,1.0,1.0
0.07,1.0,1.0,1.0,,0.15789,1,1.0,2.0,2,4.0,3.0,2.0,8,3,2.0,2.0,4.0,1.0,2.0,1.0,1.0,3.0,0.0,1.0
0.32,0.0,0.0,3.0,1.0,0.0,0,5.0,1.0,2,3.0,3.0,3.0,24,9,2.0,2.0,,2.0,2.0,1.0,0.0,3.0,0.0,0.0
0.38,1.0,4.0,3.0,3.0,0.05263,0,2.0,1.0,1,4.0,3.0,2.0,42,3,2.0,2.0,4.0,6.0,2.0,3.0,0.0,2.0,0.0,1.0
0.05,1.0,1.0,1.0,3.0,0.05263,0,4.0,2.0,2,4.0,4.0,2.0,8,3,3.0,1.0,4.0,2.0,3.0,1.0,0.0,2.0,0.0,1.0
0.06,0.0,3.0,1.0,2.0,0.05263,1,3.0,1.0,2,4.0,5.0,3.0,16,5,2.0,2.0,4.0,4.0,2.0,1.0,0.0,2.0,0.0,1.0
0.3,0.0,6.0,1.0,2.0,0.05263,0,3.0,1.0,1,5.0,5.0,2.0,31,8,2.0,2.0,4.0,5.0,3.0,2.0,0.0,2.0,0.0,0.0
0.14,1.0,4.0,1.0,3.0,0.05263,1,2.0,2.0,2,2.0,2.0,3.0,10,8,3.0,1.0,2.0,2.0,3.0,1.0,1.0,2.0,0.0,0.0
0.47,1.0,1.0,3.0,3.0,0.0,0,,1.0,2,1.0,6.0,3.0,48,3,2.0,2.0,,4.0,2.0,1.0,0.0,2.0,0.0,0.0
0.28,0.0,5.0,1.0,4.0,0.05263,1,2.0,1.0,2,4.0,5.0,2.0,25,9,3.0,1.0,1.0,3.0,4.0,3.0,1.0,2.0,0.0,1.0
0.26,1.0,1.0,1.0,1.0,0.05263,1,3.0,2.0,2,4.0,3.0,3.0,26,4,2.0,2.0,1.0,2.0,1.0,1.0,0.0,2.0,0.0,1.0
0.56,0.0,0.0,1.0,2.0,0.05263,0,3.0,2.0,1,4.0,4.0,2.0,62,2,2.0,2.0,3.0,2.0,2.0,1.0,0.0,3.0,1.0,1.0
0.52,0.0,0.0,3.0,2.0,0.0,1,5.0,1.0,1,5.0,5.0,1.0,50,6,3.0,1.0,,3.0,1.0,1.0,0.0,3.0,0.0,1.0
0.07,0.0,0.0,1.0,2.0,0.10526,0,5.0,2.0,2,4.0,3.0,3.0,10,2,3.0,2.0,4.0,3.0,2.0,1.0,1.0,2.0,0.0,0.0
0.02,0.0,0.0,1.0,3.0,0.05263,0,5.0,1.0,2,4.0,5.0,2.0,2,9,2.0,2.0,2.0,2.0,2.0,1.0,1.0,3.0,0.0,1.0
0.46,1.0,0.0,3.0,2.0,0.05263,1,3.0,1.0,1,4.0,2.0,2.0,59,5,3.0,1.0,4.0,4.0,2.0,1.0,1.0,2.0,0.0,0.0
0.12,1.0,0.0,1.0,2.0,0.05263,0,4.0,1.0,2,4.0,3.0,3.0,22,2,2.0,2.0,4.0,6.0,2.0,1.0,0.0,2.0,0.0,1.0
0.5,0.0,5.0,3.0,2.0,0.05263,0,5.0,1.0,1,4.0,5.0,1.0,69,2,2.0,2.0,2.0,3.0,2.0,2.0,0.0,3.0,1.0,0.0
0.34,0.0,5.0,3.0,1.0,0.0,0,5.0,1.0,1,3.0,6.0,3.0,41,7,3.0,1.0,,1.0,3.0,4.0,,3.0,0.0,1.0
0.02,1.0,1.0,3.0,2.0,0.05263,0,3.0,2.0,2,6.0,3.0,3.0,9,3,2.0,2.0,4.0,1.0,2.0,1.0,0.0,2.0,0.0,1.0
0.04,0.0,1.0,1.0,,0.05263,0,2.0,1.0,1,4.0,4.0,3.0,7,6,3.0,1.0,4.0,2.0,2.0,1.0,1.0,4.0,1.0,0.0
0.5,0.0,8.0,1.0,1.0,0.05263,1,3.0,1.0,2,2.0,3.0,3.0,57,1,3.0,1.0,1.0,2.0,1.0,4.0,1.0,3.0,0.0,0.0
0.39,1.0,2.0,3.0,1.0,0.0,0,5.0,2.0,1,4.0,6.0,2.0,40,7,3.0,1.0,,2.0,2.0,1.0,1.0,1.0,1.0,1.0
0.27,1.0,1.0,2.0,1.0,0.05263,0,2.0,1.0,1,4.0,4.0,2.0,29,7,2.0,2.0,3.0,2.0,1.0,1.0,0.0,2.0,0.0,0.0
0.06,0.0,0.0,1.0,2.0,0.05263,0,3.0,2.0,1,5.0,5.0,2.0,15,1,2.0,2.0,2.0,4.0,2.0,2.0,0.0,3.0,1.0,1.0
0.09,0.0,,1.0,1.0,0.05263,0,2.0,1.0,1,4.0,5.0,1.0,15,3,3.0,1.0,4.0,,,,1.0,3.0,0.0,1.0
0.49,0.0,0.0,1.0,3.0,0.21053,1,5.0,1.0,2,1.0,6.0,3.0,46,6,3.0,1.0,2.0,3.0,2.0,1.0,1.0,2.0,0.0,0.0
0.06,0.0,4.0,1.0,3.0,0.15789,0,4.0,1.0,1,6.0,6.0,3.0,8,6,2.0,2.0,4.0,4.0,2.0,2.0,0.0,3.0,0.0,0.0
0.42,1.0,0.0,3.0,1.0,0.0,0,5.0,2.0,1,4.0,5.0,2.0,43,2,2.0,2.0,,3.0,2.0,1.0,0.0,2.0,1.0,0.0
0.08,0.0,5.0,1.0,2.0,0.05263,0,2.0,2.0,1,5.0,6.0,1.0,12,7,2.0,2.0,3.0,1.0,2.0,2.0,0.0,3.0,1.0,1.0
0.13,1.0,0.0,1.0,3.0,0.05263,0,3.0,2.0,1,4.0,2.0,2.0,21,5,3.0,1.0,3.0,2.0,2.0,2.0,1.0,2.0,0.0,1.0
0.01,0.0,1.0,1.0,3.0,0.15789,1,3.0,2.0,1,4.0,3.0,2.0,2,8,3.0,1.0,4.0,1.0,1.0,2.0,1.0,2.0,0.0,1.0
0.16,1.0,0.0,3.0,2.0,0.0,0,5.0,1.0,1,5.0,5.0,3.0,24,6,2.0,2.0,,2.0,2.0,2.0,1.0,3.0,1.0,1.0
0.25,0.0,0.0,1.0,2.0,0.05263,1,4.0,2.0,1,3.0,6.0,3.0,24,9,2.0,2.0,5.0,2.0,2.0,1.0,0.0,4.0,0.0,0.0
0.54,1.0,3.0,3.0,2.0,0.0,0,5.0,2.0,2,3.0,2.0,3.0,68,4,2.0,2.0,,2.0,2.0,2.0,1.0,2.0,1.0,1.0
0.06,1.0,5.0,5.0,2.0,0.05263,1,2.0,2.0,1,4.0,6.0,2.0,4,4,2.0,2.0,2.0,5.0,2.0,3.0,1.0,4.0,1.0,1.0
0.19,1.0,3.0,1.0,2.0,0.05263,0,5.0,1.0,2,4.0,3.0,3.0,14,9,2.0,2.0,3.0,1.0,1.0,1.0,1.0,3.0,1.0,0.0
0.07,0.0,8.0,3.0,1.0,0.15789,0,2.0,1.0,1,4.0,5.0,2.0,27,2,2.0,2.0,5.0,1.0,1.0,4.0,0.0,3.0,1.0,0.0
0.11,0.0,2.0,1.0,2.0,0.10526,0,2.0,2.0,1,5.0,5.0,3.0,17,5,3.0,1.0,4.0,2.0,2.0,2.0,1.0,4.0,1.0,1.0
0.81,0.0,1.0,1.0,2.0,0.05263,0,4.0,1.0,1,5.0,5.0,1.0,75,2,2.0,2.0,5.0,1.0,2.0,1.0,0.0,2.0,1.0,1.0
0.23,0.0,3.0,1.0,3.0,0.05263,1,1.0,2.0,1,5.0,6.0,1.0,21,5,2.0,2.0,3.0,3.0,2.0,2.0,1.0,,0.0,0.0
0.08,1.0,1.0,4.0,2.0,0.05263,1,3.0,2.0,2,,6.0,3.0,19,2,3.0,1.0,2.0,1.0,2.0,2.0,1.0,3.0,0.0,0.0
0.03,0.0,10.0,1.0,3.0,0.15789,0,1.0,1.0,1,5.0,6.0,1.0,1,8,3.0,1.0,1.0,1.0,3.0,4.0,1.0,3.0,1.0,1.0
0.3,0.0,2.0,1.0,2.0,0.15789,0,3.0,2.0,2,3.0,6.0,3.0,21,8,1.0,1.0,2.0,3.0,2.0,3.0,0.0,2.0,0.0,0.0
0.16,0.0,,1.0,2.0,0.05263,1,3.0,1.0,2,1.0,1.0,3.0,23,1,1.0,2.0,4.0,,,,1.0,1.0,0.0,0.0
0.52,0.0,1.0,3.0,2.0,0.05263,0,3.0,2.0,1,5.0,5.0,3.0,65,5,2.0,,3.0,1.0,1.0,1.0,0.0,3.0,0.0,0.0
0.46,0.0,3.0,1.0,4.0,0.10526,0,4.0,1.0,2,4.0,3.0,3.0,39,9,2.0,2.0,3.0,1.0,1.0,1.0,0.0,3.0,0.0,0.0
0.03,0.0,0.0,1.0,2.0,0.05263,0,3.0,2.0,1,4.0,5.0,2.0,4,5,2.0,2.0,3.0,1.0,2.0,2.0,1.0,3.0,1.0,1.0
0.44,0.0,,1.0,2.0,0.05263,0,2.0,2.0,2,2.0,2.0,3.0,41,5,3.0,2.0,4.0,3.0,2.0,1.0,0.0,3.0,0.0,0.0
0.08,1.0,0.0,1.0,2.0,0.05263,0,3.0,1.0,2,2.0,3.0,3.0,14,9,1.0,1.0,3.0,3.0,2.0,1.0,1.0,2.0,0.0,1.0
0.23,0.0,0.0,3.0,2.0,0.05263,0,5.0,1.0,2,2.0,6.0,3.0,24,7,2.0,2.0,4.0,1.0,1.0,1.0,0.0,3.0,0.0,0.0
0.4,1.0,0.0,1.0,2.0,0.10526,0,2.0,1.0,1,4.0,5.0,2.0,29,6,2.0,2.0,2.0,3.0,2.0,1.0,0.0,3.0,0.0,1.0
0.14,0.0,7.0,1.0,2.0,0.05263,1,1.0,1.0,1,5.0,6.0,1.0,12,7,2.0,2.0,4.0,1.0,2.0,3.0,1.0,3.0,1.0,1.0
0.33,1.0,0.0,1.0,2.0,0.05263,1,5.0,1.0,1,4.0,6.0,2.0,40,5,2.0,2.0,4.0,4.0,2.0,1.0,0.0,3.0,0.0,1.0
0.32,0.0,2.0,3.0,2.0,0.05263,0,4.0,2.0,1,4.0,6.0,2.0,35,4,2.0,2.0,3.0,1.0,2.0,2.0,0.0,2.0,1.0,1.0
0.18,1.0,0.0,1.0,3.0,0.05263,0,2.0,1.0,2,2.0,6.0,3.0,13,8,2.0,2.0,4.0,5.0,2.0,1.0,0.0,2.0,0.0,1.0
0.01,1.0,3.0,1.0,2.0,0.10526,1,1.0,1.0,1,5.0,6.0,2.0,5,2,2.0,2.0,2.0,1.0,2.0,2.0,1.0,4.0,1.0,1.0
0.02,0.0,0.0,1.0,1.0,0.05263,0,2.0,2.0,2,4.0,1.0,3.0,5,9,2.0,2.0,4.0,2.0,2.0,1.0,0.0,4.0,1.0,1.0
0.33,0.0,0.0,1.0,3.0,0.26316,1,2.0,2.0,2,4.0,3.0,3.0,28,2,1.0,1.0,3.0,2.0,2.0,2.0,0.0,2.0,0.0,0.0
0.07,0.0,1.0,1.0,3.0,0.05263,1,1.0,2.0,2,4.0,6.0,2.0,12,3,3.0,1.0,3.0,1.0,2.0,2.0,1.0,4.0,0.0,0.0
0.09,1.0,0.0,1.0,2.0,0.05263,0,4.0,1.0,2,2.0,3.0,3.0,24,6,3.0,2.0,3.0,1.0,2.0,1.0,0.0,2.0,1.0,0.0
0.03,0.0,6.0,1.0,3.0,0.05263,0,2.0,2.0,1,2.0,6.0,3.0,10,1,2.0,2.0,3.0,1.0,2.0,3.0,1.0,2.0,1.0,1.0
0.51,0.0,0.0,1.0,4.0,0.10526,0,3.0,2.0,1,5.0,5.0,2.0,46,9,2.0,2.0,1.0,1.0,2.0,2.0,0.0,2.0,1.0,1.0
0.02,0.0,0.0,1.0,,0.05263,0,3.0,1.0,1,5.0,5.0,3.0,5,2,2.0,2.0,4.0,2.0,2.0,2.0,0.0,3.0,1.0,0.0
0.42,1.0,0.0,3.0,2.0,0.05263,0,3.0,2.0,1,3.0,2.0,3.0,50,2,2.0,2.0,4.0,1.0,2.0,1.0,0.0,3.0,0.0,0.0
0.19,0.0,4.0,2.0,3.0,0.05263,1,1.0,2.0,2,5.0,5.0,3.0,29,5,1.0,1.0,3.0,3.0,2.0,3.0,1.0,2.0,0.0,1.0
0.05,1.0,2.0,1.0,2.0,0.05263,1,3.0,2.0,2,3.0,3.0,3.0,10,6,3.0,1.0,3.0,3.0,2.0,1.0,1.0,2.0,0.0,1.0
0.07,0.0,2.0,1.0,2.0,0.15789,0,2.0,2.0,1,5.0,5.0,2.0,8,4,3.0,1.0,3.0,1.0,2.0,1.0,0.0,3.0,1.0,1.0
0.03,0.0,0.0,1.0,2.0,0.05263,1,2.0,1.0,1,5.0,5.0,2.0,4,3,3.0,1.0,3.0,3.0,2.0,1.0,1.0,2.0,1.0,1.0
0.23,1.0,0.0,3.0,1.0,0.05263,0,2.0,1.0,1,4.0,6.0,2.0,34,4,2.0,2.0,4.0,4.0,2.0,2.0,0.0,3.0,1.0,1.0
0.54,1.0,0.0,3.0,3.0,0.05263,0,5.0,2.0,1,,,3.0,68,4,2.0,2.0,5.0,4.0,1.0,1.0,0.0,2.0,0.0,0.0
0.02,1.0,0.0,1.0,2.0,0.05263,0,3.0,1.0,1,5.0,5.0,3.0,2,6,2.0,2.0,5.0,1.0,2.0,2.0,0.0,3.0,1.0,1.0
0.05,0.0,5.0,1.0,2.0,0.10526,1,3.0,2.0,1,4.0,3.0,2.0,8,7,3.0,1.0,3.0,3.0,2.0,3.0,1.0,2.0,0.0,0.0
0.61,0.0,2.0,4.0,3.0,0.05263,0,3.0,2.0,2,4.0,,2.0,55,7,2.0,2.0,3.0,1.0,2.0,1.0,0.0,3.0,0.0,1.0
0.17,0.0,0.0,1.0,2.0,0.05263,0,3.0,2.0,1,4.0,6.0,2.0,18,6,3.0,1.0,2.0,1.0,2.0,1.0,1.0,1.0,0.0,1.0
0.46,1.0,1.0,3.0,4.0,0.05263,0,5.0,2.0,1,3.0,6.0,3.0,42,7,2.0,2.0,2.0,4.0,2.0,3.0,1.0,1.0,1.0,1.0
0.43,1.0,0.0,2.0,2.0,0.05263,0,4.0,2.0,2,6.0,6.0,3.0,23,6,1.0,1.0,1.0,1.0,2.0,2.0,1.0,2.0,0.0,0.0
0.67,1.0,7.0,1.0,2.0,0.0,0,5.0,2.0,1,5.0,5.0,1.0,52,7,3.0,1.0,,1.0,4.0,3.0,0.0,3.0,0.0,1.0
0.04,0.0,0.0,1.0,3.0,0.10526,0,3.0,1.0,1,4.0,3.0,2.0,9,6,2.0,2.0,4.0,1.0,2.0,2.0,1.0,4.0,1.0,0.0
0.23,1.0,0.0,1.0,2.0,0.05263,0,2.0,1.0,2,4.0,3.0,3.0,18,9,3.0,1.0,4.0,5.0,2.0,1.0,1.0,2.0,0.0,1.0
0.21,1.0,,1.0,3.0,0.05263,0,3.0,2.0,1,5.0,5.0,3.0,27,4,2.0,2.0,2.0,5.0,,3.0,0.0,1.0,0.0,1.0
0.16,1.0,0.0,1.0,,0.05263,0,5.0,2.0,2,3.0,3.0,3.0,17,6,2.0,2.0,3.0,2.0,1.0,2.0,0.0,2.0,0.0,1.0
0.38,0.0,5.0,1.0,,0.05263,0,4.0,2.0,2,4.0,2.0,2.0,36,5,2.0,2.0,4.0,2.0,2.0,3.0,0.0,3.0,0.0,1.0
0.17,1.0,0.0,1.0,2.0,0.21053,0,2.0,2.0,2,3.0,6.0,3.0,21,8,1.0,1.0,3.0,1.0,2.0,1.0,0.0,1.0,0.0,0.0
0.38,1.0,4.0,4.0,2.0,0.05263,0,5.0,2.0,1,5.0,5.0,2.0,18,7,3.0,1.0,4.0,1.0,2.0,1.0,0.0,2.0,1.0,1.0
0.09,0.0,4.0,1.0,2.0,0.05263,0,5.0,2.0,2,4.0,3.0,3.0,14,5,2.0,2.0,3.0,1.0,2.0,1.0,0.0,3.0,1.0,0.0
0.04,1.0,0.0,1.0,1.0,0.10526,0,2.0,2.0,1,4.0,4.0,2.0,9,9,2.0,2.0,2.0,3.0,1.0,1.0,1.0,2.0,1.0,1.0
0.5,0.0,7.0,1.0,,0.15789,1,5.0,2.0,2,4.0,3.0,3.0,57,1,1.0,,4.0,1.0,2.0,4.0,0.0,3.0,0.0,0.0
0.05,0.0,2.0,1.0,2.0,0.10526,0,2.0,2.0,1,5.0,6.0,1.0,5,9,2.0,2.0,4.0,1.0,2.0,1.0,1.0,3.0,1.0,1.0
0.44,1.0,0.0,1.0,2.0,0.10526,1,5.0,2.0,2,2.0,4.0,3.0,40,8,3.0,1.0,4.0,1.0,1.0,1.0,0.0,3.0,0.0,1.0
0.05,0.0,4.0,1.0,3.0,0.10526,0,4.0,2.0,2,3.0,2.0,3.0,7,4,2.0,2.0,4.0,5.0,2.0,3.0,0.0,2.0,0.0,0.0
0.13,0.0,3.0,1.0,2.0,0.05263,1,3.0,2.0,2,2.0,6.0,3.0,18,2,3.0,1.0,1.0,1.0,2.0,2.0,0.0,3.0,0.0,1.0
0.09,1.0,2.0,1.0,1.0,0.05263,1,2.0,1.0,2,4.0,4.0,3.0,6,6,2.0,2.0,2.0,3.0,1.0,1.0,0.0,3.0,0.0,1.0
0.02,1.0,0.0,1.0,2.0,0.05263,0,2.0,2.0,1,4.0,4.0,2.0,5,2,3.0,1.0,4.0,5.0,1.0,1.0,0.0,2.0,0.0,1.0
0.55,0.0,0.0,3.0,,0.0,0,5.0,1.0,2,3.0,3.0,3.0,47,7,2.0,2.0,,2.0,1.0,1.0,0.0,2.0,1.0,1.0
0.08,1.0,3.0,1.0,3.0,0.05263,0,2.0,1.0,1,4.0,5.0,1.0,10,5,3.0,1.0,4.0,5.0,2.0,3.0,0.0,3.0,1.0,1.0
0.42,1.0,3.0,1.0,3.0,0.05263,0,4.0,1.0,2,3.0,3.0,3.0,40,5,2.0,2.0,3.0,4.0,2.0,2.0,1.0,2.0,0.0,1.0
0.43,1.0,4.0,3.0,2.0,0.05263,0,3.0,1.0,1,5.0,5.0,2.0,32,7,2.0,2.0,4.0,3.0,2.0,3.0,1.0,3.0,1.0,1.0
0.19,0.0,2.0,1.0,2.0,0.05263,1,5.0,2.0,2,4.0,5.0,3.0,25,9,2.0,2.0,4.0,2.0,2.0,1.0,1.0,3.0,0.0,1.0
0.32,0.0,4.0,1.0,2.0,0.05263,1,3.0,1.0,2,1.0,6.0,3.0,30,3,3.0,1.0,3.0,1.0,3.0,2.0,1.0,4.0,0.0,0.0
0.54,1.0,0.0,1.0,2.0,0.05263,0,5.0,2.0,1,4.0,3.0,1.0,62,2,3.0,2.0,4.0,1.0,2.0,1.0,0.0,2.0,1.0,1.0
0.24,0.0,0.0,1.0,,0.05263,0,2.0,2.0,1,4.0,3.0,3.0,29,5,2.0,2.0,4.0,4.0,2.0,1.0,1.0,2.0,0.0,0.0
0.14,1.0,0.0,1.0,,0.10526,1,5.0,2.0,2,3.0,,3.0,15,4,2.0,2.0,1.0,3.0,2.0,1.0,1.0,1.0,0.0,1.0
0.05,0.0,3.0,1.0,4.0,0.05263,1,4.0,2.0,2,1.0,6.0,3.0,4,8,3.0,2.0,1.0,4.0,2.0,2.0,1.0,4.0,0.0,0.0
0.31,0.0,4.0,1.0,2.0,0.21053,0,5.0,1.0,2,4.0,3.0,3.0,21,4,2.0,2.0,3.0,2.0,2.0,2.0,1.0,2.0,0.0,0.0
0.55,1.0,0.0,2.0,,0.05263,0,3.0,2.0,2,3.0,4.0,3.0,49,7,3.0,1.0,4.0,3.0,2.0,1.0,1.0,4.0,0.0,0.0
0.41,0.0,3.0,1.0,2.0,0.10526,1,2.0,1.0,1,5.0,6.0,1.0,41,2,3.0,1.0,3.0,1.0,2.0,3.0,1.0,3.0,1.0,1.0
0.1,0.0,0.0,1.0,1.0,0.10526,0,2.0,2.0,2,1.0,2.0,3.0,23,1,3.0,1.0,4.0,2.0,2.0,1.0,1.0,1.0,0.0,0.0
0.06,1.0,0.0,1.0,1.0,0.05263,0,2.0,1.0,1,5.0,6.0,2.0,11,3,2.0,2.0,2.0,1.0,2.0,1.0,0.0,3.0,1.0,1.0
0.18,0.0,7.0,1.0,1.0,0.05263,1,3.0,1.0,1,5.0,6.0,1.0,28,1,2.0,2.0,4.0,1.0,2.0,4.0,0.0,3.0,1.0,1.0
0.09,1.0,3.0,1.0,2.0,0.05263,0,3.0,1.0,1,5.0,6.0,3.0,9,8,3.0,1.0,3.0,1.0,2.0,2.0,1.0,3.0,1.0,1.0
0.36,0.0,0.0,1.0,2.0,0.05263,0,4.0,1.0,2,3.0,4.0,3.0,30,2,2.0,2.0,3.0,1.0,2.0,1.0,0.0,3.0,0.0,1.0
0.46,1.0,0.0,3.0,,0.0,0,1.0,2.0,1,4.0,5.0,2.0,32,7,2.0,2.0,,3.0,1.0,1.0,0.0,2.0,1.0,1.0
0.51,0.0,1.0,3.0,4.0,0.05263,0,3.0,1.0,1,4.0,6.0,2.0,50,7,2.0,2.0,5.0,1.0,2.0,1.0,0.0,3.0,1.0,1.0
0.06,1.0,0.0,1.0,2.0,0.15789,0,2.0,2.0,2,4.0,3.0,3.0,8,5,2.0,2.0,3.0,1.0,1.0,1.0,0.0,3.0,0.0,0.0
0.04,1.0,0.0,1.0,3.0,0.05263,0,3.0,2.0,2,4.0,6.0,2.0,5,5,2.0,2.0,2.0,1.0,2.0,1.0,0.0,2.0,0.0,1.0
0.41,1.0,2.0,1.0,3.0,0.05263,0,4.0,2.0,2,5.0,5.0,3.0,46,2,1.0,1.0,1.0,1.0,2.0,4.0,0.0,2.0,0.0,1.0
0.11,0.0,1.0,1.0,2.0,0.05263,0,4.0,2.0,1,4.0,5.0,3.0,17,6,3.0,1.0,4.0,3.0,2.0,2.0,0.0,3.0,0.0,1.0
0.14,0.0,3.0,1.0,,0.05263,0,2.0,2.0,1,5.0,6.0,2.0,13,6,3.0,1.0,2.0,4.0,2.0,2.0,1.0,3.0,1.0,1.0
0.11,0.0,4.0,3.0,2.0,0.05263,1,2.0,2.0,1,4.0,6.0,2.0,11,7,2.0,2.0,4.0,1.0,2.0,1.0,0.0,3.0,1.0,1.0
0.02,1.0,1.0,1.0,2.0,0.05263,0,1.0,2.0,1,4.0,3.0,2.0,8,5,2.0,2.0,4.0,2.0,3.0,1.0,0.0,3.0,0.0,1.0
0.29,0.0,5.0,1.0,2.0,0.05263,1,2.0,1.0,1,5.0,3.0,2.0,40,5,2.0,2.0,4.0,2.0,1.0,1.0,1.0,2.0,1.0,1.0
0.04,0.0,1.0,1.0,2.0,0.05263,0,2.0,2.0,2,5.0,6.0,2.0,5,8,3.0,1.0,4.0,2.0,2.0,1.0,0.0,4.0,0.0,0.0
0.44,0.0,4.0,4.0,1.0,0.05263,0,3.0,2.0,1,4.0,5.0,2.0,36,7,2.0,2.0,3.0,1.0,1.0,2.0,0.0,2.0,1.0,0.0
0.33,0.0,2.0,3.0,3.0,0.05263,0,5.0,2.0,1,4.0,6.0,1.0,31,3,2.0,2.0,3.0,5.0,2.0,1.0,0.0,3.0,1.0,0.0
0.03,1.0,0.0,1.0,2.0,0.31579,0,2.0,2.0,1,5.0,5.0,1.0,1,8,3.0,1.0,4.0,1.0,2.0,1.0,0.0,3.0,1.0,1.0
0.34,1.0,0.0,2.0,4.0,0.05263,1,4.0,2.0,2,4.0,3.0,2.0,31,7,1.0,1.0,1.0,4.0,2.0,1.0,1.0,1.0,0.0,1.0
0.01,0.0,0.0,1.0,1.0,0.05263,0,3.0,1.0,2,3.0,6.0,3.0,2,8,2.0,2.0,3.0,3.0,1.0,1.0,0.0,3.0,0.0,0.0
0.04,0.0,,3.0,2.0,0.05263,0,1.0,2.0,1,4.0,6.0,1.0,9,5,2.0,2.0,3.0,2.0,,,0.0,3.0,1.0,1.0
0.03,0.0,0.0,3.0,2.0,0.05263,0,3.0,2.0,1,4.0,6.0,2.0,3,4,2.0,2.0,3.0,2.0,2.0,2.0,0.0,2.0,1.0,1.0
0.17,1.0,2.0,1.0,2.0,0.05263,1,3.0,2.0,1,4.0,6.0,2.0,21,5,2.0,2.0,4.0,1.0,2.0,2.0,0.0,2.0,1.0,1.0
0.24,1.0,0.0,3.0,2.0,0.05263,0,5.0,1.0,1,4.0,5.0,2.0,37,4,2.0,2.0,5.0,3.0,1.0,1.0,0.0,3.0,0.0,1.0
0.45,0.0,3.0,4.0,2.0,0.05263,0,4.0,2.0,1,4.0,3.0,2.0,51,7,2.0,2.0,4.0,1.0,1.0,1.0,0.0,3.0,0.0,0.0
0.25,0.0,0.0,1.0,3.0,0.10526,0,4.0,2.0,2,2.0,3.0,3.0,37,3,2.0,2.0,4.0,1.0,2.0,2.0,0.0,3.0,0.0,0.0
0.11,1.0,1.0,1.0,3.0,0.05263,1,2.0,2.0,1,4.0,5.0,2.0,5,8,3.0,1.0,4.0,3.0,2.0,1.0,1.0,2.0,0.0,1.0
0.06,1.0,0.0,1.0,3.0,0.26316,0,4.0,2.0,1,4.0,6.0,2.0,9,9,2.0,2.0,3.0,3.0,2.0,1.0,0.0,2.0,0.0,0.0
0.15,0.0,,3.0,2.0,0.05263,1,5.0,2.0,1,4.0,3.0,3.0,18,3,2.0,2.0,3.0,2.0,,,0.0,3.0,1.0,0.0
0.29,0.0,5.0,4.0,1.0,0.05263,0,4.0,2.0,1,4.0,5.0,2.0,32,7,3.0,1.0,5.0,1.0,2.0,1.0,1.0,2.0,1.0,1.0
0.1,1.0,4.0,1.0,2.0,0.05263,0,2.0,1.0,2,3.0,6.0,3.0,12,3,2.0,2.0,5.0,4.0,2.0,3.0,0.0,3.0,1.0,1.0
0.03,0.0,2.0,1.0,,0.05263,1,3.0,2.0,2,4.0,1.0,3.0,7,8,3.0,1.0,4.0,1.0,2.0,2.0,1.0,1.0,0.0,1.0
0.03,1.0,0.0,1.0,3.0,0.10526,0,2.0,1.0,1,5.0,6.0,1.0,4,6,3.0,1.0,4.0,1.0,2.0,1.0,1.0,3.0,1.0,1.0
0.03,0.0,0.0,1.0,2.0,0.26316,0,2.0,1.0,2,4.0,3.0,3.0,3,8,3.0,1.0,2.0,1.0,2.0,1.0,0.0,4.0,0.0,1.0
0.13,0.0,0.0,1.0,2.0,0.05263,0,3.0,2.0,1,5.0,5.0,2.0,17,6,4.0,1.0,4.0,1.0,2.0,1.0,0.0,2.0,0.0,0.0
0.05,0.0,,1.0,2.0,0.10526,0,3.0,1.0,1,5.0,5.0,1.0,4,6,3.0,1.0,2.0,1.0,,,0.0,2.0,1.0,1.0
0.55,0.0,2.0,2.0,4.0,0.42105,1,2.0,1.0,1,4.0,6.0,2.0,39,7,1.0,1.0,4.0,1.0,1.0,1.0,0.0,3.0,1.0,1.0
0.51,1.0,3.0,3.0,,0.0,0,3.0,2.0,1,4.0,6.0,3.0,31,7,2.0,1.0,,2.0,1.0,2.0,0.0,3.0,0.0,0.0
0.35,0.0,1.0,3.0,3.0,0.05263,0,3.0,2.0,1,5.0,6.0,2.0,48,3,2.0,2.0,4.0,5.0,2.0,1.0,0.0,2.0,1.0,1.0
0.09,0.0,0.0,1.0,2.0,0.05263,0,2.0,2.0,2,3.0,6.0,3.0,15,6,3.0,1.0,2.0,3.0,2.0,2.0,1.0,3.0,0.0,1.0
0.42,0.0,0.0,3.0,1.0,0.0,0,5.0,2.0,2,2.0,6.0,3.0,33,7,3.0,1.0,,2.0,2.0,1.0,0.0,2.0,0.0,0.0
0.02,1.0,0.0,3.0,3.0,0.05263,0,5.0,2.0,1,4.0,6.0,2.0,11,5,2.0,2.0,4.0,1.0,1.0,1.0,0.0,4.0,1.0,1.0
0.37,1.0,3.0,3.0,3.0,0.0,1,5.0,2.0,1,4.0,4.0,2.0,60,4,2.0,2.0,,3.0,1.0,1.0,0.0,2.0,1.0,1.0
0.14,1.0,2.0,1.0,3.0,0.21053,0,1.0,2.0,2,4.0,3.0,3.0,25,3,3.0,1.0,1.0,3.0,2.0,3.0,1.0,2.0,0.0,1.0
0.33,1.0,2.0,3.0,2.0,0.0,0,3.0,2.0,2,4.0,4.0,2.0,41,2,2.0,2.0,,4.0,2.0,1.0,0.0,3.0,0.0,1.0
0.1,1.0,10.0,1.0,1.0,0.05263,1,3.0,1.0,1,5.0,6.0,2.0,30,1,2.0,2.0,5.0,4.0,2.0,3.0,1.0,3.0,1.0,1.0
0.81,0.0,7.0,3.0,1.0,0.0,0,5.0,1.0,1,5.0,5.0,2.0,77,5,2.0,2.0,,1.0,4.0,4.0,0.0,3.0,1.0,0.0
0.1,1.0,0.0,1.0,2.0,0.10526,1,3.0,1.0,2,1.0,6.0,3.0,19,3,2.0,2.0,3.0,1.0,2.0,1.0,1.0,2.0,0.0,0.0
0.06,1.0,1.0,1.0,4.0,0.05263,0,3.0,1.0,2,2.0,3.0,3.0,18,3,2.0,2.0,2.0,1.0,2.0,2.0,0.0,2.0,0.0,1.0
0.05,0.0,4.0,1.0,,0.05263,0,3.0,2.0,2,3.0,6.0,3.0,13,8,2.0,2.0,4.0,1.0,2.0,1.0,1.0,3.0,0.0,0.0
0.06,0.0,3.0,1.0,4.0,0.05263,0,2.0,2.0,1,4.0,1.0,2.0,11,6,3.0,1.0,4.0,2.0,1.0,3.0,1.0,3.0,0.0,1.0
0.1,0.0,5.0,1.0,1.0,0.10526,0,3.0,2.0,2,4.0,3.0,2.0,10,6,2.0,2.0,4.0,1.0,2.0,2.0,0.0,2.0,0.0,1.0
0.1,1.0,0.0,1.0,,0.05263,0,3.0,1.0,1,5.0,6.0,2.0,16,9,2.0,2.0,4.0,1.0,2.0,1.0,0.0,4.0,1.0,1.0
0.37,0.0,,3.0,1.0,0.0,0,5.0,2.0,2,4.0,3.0,3.0,34,7,3.0,1.0,,1.0,1.0,,0.0,3.0,0.0,0.0
0.19,0.0,0.0,1.0,2.0,0.05263,0,2.0,2.0,1,5.0,1.0,1.0,32,4,2.0,2.0,3.0,2.0,2.0,1.0,0.0,1.0,1.0,1.0
0.08,0.0,2.0,1.0,1.0,0.10526,0,5.0,2.0,1,5.0,6.0,1.0,20,5,2.0,2.0,4.0,2.0,1.0,2.0,0.0,2.0,1.0,1.0
0.61,1.0,1.0,1.0,,0.21053,1,5.0,2.0,2,6.0,6.0,3.0,66,5,4.0,2.0,4.0,5.0,2.0,1.0,0.0,2.0,0.0,0.0
0.17,0.0,6.0,1.0,2.0,0.05263,1,2.0,2.0,2,4.0,3.0,3.0,26,5,3.0,1.0,3.0,3.0,2.0,3.0,1.0,3.0,0.0,0.0
0.44,0.0,1.0,1.0,3.0,0.05263,0,4.0,1.0,2,2.0,3.0,3.0,41,5,3.0,1.0,4.0,3.0,2.0,2.0,0.0,2.0,0.0,0.0
0.15,0.0,4.0,1.0,2.0,0.10526,1,1.0,2.0,1,4.0,4.0,3.0,27,5,3.0,1.0,4.0,1.0,2.0,1.0,0.0,2.0,1.0,0.0
0.11,1.0,0.0,4.0,3.0,0.05263,0,2.0,1.0,2,3.0,4.0,3.0,13,6,3.0,1.0,4.0,1.0,2.0,2.0,1.0,3.0,1.0,1.0
0.41,0.0,0.0,4.0,3.0,0.15789,1,2.0,2.0,2,4.0,3.0,2.0,45,7,3.0,1.0,4.0,1.0,1.0,1.0,1.0,3.0,0.0,1.0
0.13,0.0,0.0,3.0,,0.0,0,5.0,2.0,1,5.0,6.0,2.0,17,5,3.0,1.0,,2.0,1.0,2.0,0.0,3.0,1.0,1.0
0.21,1.0,2.0,1.0,3.0,0.05263,0,5.0,2.0,2,2.0,6.0,3.0,26,6,2.0,2.0,4.0,2.0,2.0,3.0,0.0,2.0,0.0,1.0
0.24,1.0,0.0,3.0,1.0,0.0,0,5.0,2.0,1,4.0,3.0,1.0,24,7,3.0,1.0,,1.0,2.0,2.0,0.0,3.0,1.0,1.0
0.39,1.0,9.0,3.0,3.0,0.26316,0,1.0,2.0,1,6.0,6.0,3.0,51,2,2.0,2.0,2.0,1.0,3.0,2.0,0.0,3.0,1.0,1.0
0.15,0.0,1.0,1.0,3.0,0.0,0,5.0,2.0,1,4.0,6.0,2.0,25,5,3.0,1.0,,1.0,1.0,2.0,1.0,4.0,1.0,1.0
0.08,0.0,1.0,1.0,3.0,0.05263,0,2.0,2.0,1,4.0,5.0,1.0,12,2,2.0,2.0,3.0,1.0,2.0,1.0,0.0,3.0,1.0,1.0
0.11,1.0,1.0,1.0,2.0,0.05263,1,2.0,1.0,1,4.0,5.0,2.0,14,8,2.0,2.0,3.0,1.0,2.0,1.0,0.0,2.0,0.0,1.0
0.52,0.0,3.0,3.0,,0.0,0,5.0,1.0,1,5.0,6.0,3.0,43,7,2.0,2.0,,3.0,2.0,2.0,0.0,2.0,1.0,1.0
0.33,0.0,2.0,1.0,2.0,0.05263,0,3.0,2.0,1,5.0,6.0,2.0,43,4,2.0,2.0,5.0,1.0,2.0,2.0,0.0,2.0,1.0,0.0
0.16,1.0,1.0,1.0,3.0,0.31579,1,1.0,2.0,2,2.0,2.0,3.0,10,8,2.0,2.0,3.0,3.0,2.0,2.0,1.0,3.0,0.0,0.0
0.48,1.0,,1.0,2.0,0.10526,0,2.0,2.0,2,4.0,3.0,2.0,58,3,3.0,2.0,4.0,4.0,2.0,,1.0,3.0,0.0,1.0
0.03,1.0,0.0,1.0,3.0,0.10526,1,3.0,1.0,2,5.0,6.0,2.0,5,4,2.0,2.0,4.0,2.0,2.0,1.0,1.0,3.0,0.0,1.0
0.05,0.0,2.0,2.0,3.0,0.05263,1,1.0,1.0,1,5.0,6.0,1.0,18,8,2.0,2.0,3.0,1.0,2.0,1.0,1.0,3.0,0.0,1.0
0.02,0.0,0.0,1.0,1.0,0.05263,0,2.0,2.0,2,4.0,3.0,3.0,2,8,3.0,1.0,4.0,1.0,2.0,1.0,0.0,1.0,0.0,1.0
0.07,0.0,0.0,1.0,2.0,0.05263,0,2.0,2.0,1,5.0,6.0,1.0,11,5,2.0,2.0,3.0,1.0,2.0,1.0,1.0,4.0,1.0,1.0
0.03,1.0,11.0,1.0,3.0,0.10526,1,1.0,1.0,1,4.0,5.0,2.0,1,8,2.0,2.0,5.0,1.0,4.0,4.0,1.0,2.0,1.0,1.0
0.41,1.0,1.0,3.0,1.0,0.05263,0,2.0,1.0,1,4.0,3.0,2.0,44,2,3.0,1.0,4.0,4.0,1.0,1.0,1.0,1.0,1.0,0.0
0.36,1.0,4.0,1.0,2.0,0.10526,0,3.0,1.0,2,3.0,3.0,3.0,30,2,2.0,2.0,2.0,4.0,3.0,2.0,1.0,2.0,0.0,0.0
0.13,0.0,6.0,1.0,3.0,0.21053,0,3.0,1.0,1,5.0,3.0,3.0,16,3,3.0,1.0,4.0,2.0,2.0,4.0,0.0,3.0,0.0,0.0
0.13,0.0,2.0,3.0,2.0,0.05263,1,4.0,1.0,1,4.0,3.0,2.0,17,4,3.0,1.0,3.0,4.0,1.0,2.0,0.0,2.0,1.0,0.0
0.06,0.0,0.0,1.0,2.0,0.05263,0,3.0,2.0,2,3.0,6.0,3.0,8,8,2.0,2.0,4.0,1.0,2.0,1.0,0.0,3.0,0.0,1.0
0.43,0.0,0.0,3.0,,0.0,0,5.0,1.0,2,3.0,6.0,3.0,57,3,2.0,2.0,,1.0,1.0,1.0,1.0,3.0,1.0,0.0
0.66,0.0,2.0,3.0,2.0,0.0,1,5.0,1.0,1,4.0,6.0,2.0,56,7,3.0,1.0,,1.0,2.0,1.0,0.0,2.0,1.0,1.0
0.43,0.0,2.0,1.0,2.0,0.05263,1,2.0,1.0,2,3.0,3.0,3.0,47,2,2.0,2.0,3.0,2.0,2.0,1.0,0.0,3.0,1.0,0.0
0.04,0.0,1.0,1.0,1.0,0.05263,0,5.0,2.0,1,4.0,6.0,1.0,7,6,2.0,2.0,4.0,2.0,2.0,2.0,1.0,3.0,1.0,1.0
0.32,0.0,6.0,5.0,,0.05263,0,5.0,2.0,1,4.0,3.0,1.0,36,7,2.0,2.0,4.0,1.0,2.0,3.0,1.0,3.0,1.0,1.0
0.41,1.0,1.0,3.0,2.0,0.26316,0,5.0,2.0,1,6.0,4.0,3.0,57,2,3.0,1.0,4.0,3.0,1.0,1.0,0.0,2.0,0.0,1.0
0.5,1.0,0.0,1.0,2.0,0.05263,0,5.0,2.0,1,4.0,5.0,2.0,27,7,1.0,1.0,5.0,1.0,2.0,1.0,0.0,3.0,1.0,1.0
0.11,0.0,7.0,1.0,3.0,0.05263,0,3.0,2.0,2,5.0,3.0,3.0,18,2,2.0,2.0,2.0,4.0,3.0,3.0,0.0,3.0,0.0,0.0
0.29,0.0,1.0,1.0,2.0,0.05263,1,2.0,1.0,2,2.0,1.0,3.0,13,8,3.0,1.0,3.0,2.0,4.0,1.0,1.0,2.0,0.0,1.0
0.25,1.0,6.0,3.0,,0.0,1,3.0,2.0,2,4.0,6.0,2.0,21,7,2.0,2.0,,5.0,3.0,2.0,1.0,3.0,0.0,1.0
0.44,0.0,4.0,3.0,2.0,0.05263,1,5.0,1.0,1,4.0,6.0,2.0,43,4,2.0,2.0,5.0,2.0,2.0,1.0,0.0,3.0,0.0,0.0
0.22,0.0,7.0,1.0,,0.05263,1,3.0,2.0,1,4.0,5.0,2.0,14,6,2.0,2.0,1.0,3.0,1.0,4.0,1.0,3.0,0.0,1.0
0.05,0.0,1.0,1.0,2.0,0.05263,0,2.0,2.0,1,4.0,2.0,2.0,4,2,2.0,2.0,4.0,1.0,2.0,1.0,0.0,4.0,1.0,1.0
0.45,1.0,0.0,1.0,2.0,0.05263,0,3.0,2.0,2,4.0,4.0,3.0,37,6,3.0,1.0,4.0,3.0,2.0,1.0,0.0,2.0,0.0,1.0
0.59,1.0,1.0,4.0,3.0,0.05263,0,3.0,2.0,2,4.0,6.0,2.0,45,7,1.0,1.0,3.0,1.0,3.0,2.0,0.0,2.0,0.0,1.0
0.1,0.0,0.0,1.0,1.0,0.10526,0,4.0,2.0,1,4.0,5.0,2.0,12,6,3.0,1.0,4.0,1.0,2.0,2.0,0.0,2.0,1.0,1.0
0.18,0.0,0.0,1.0,3.0,0.05263,0,3.0,2.0,2,3.0,3.0,3.0,9,8,1.0,1.0,4.0,5.0,2.0,1.0,0.0,2.0,0.0,0.0
0.31,1.0,0.0,2.0,2.0,0.05263,0,3.0,2.0,1,5.0,5.0,3.0,23,6,3.0,2.0,4.0,3.0,2.0,1.0,1.0,3.0,0.0,1.0
0.08,1.0,4.0,1.0,3.0,0.10526,0,3.0,1.0,2,4.0,3.0,2.0,10,6,2.0,2.0,4.0,4.0,3.0,1.0,0.0,1.0,0.0,1.0
0.12,1.0,0.0,1.0,2.0,0.05263,0,2.0,2.0,2,4.0,3.0,3.0,16,9,2.0,2.0,4.0,3.0,2.0,1.0,0.0,3.0,0.0,1.0
0.12,0.0,0.0,1.0,3.0,0.05263,0,2.0,2.0,2,1.0,3.0,3.0,16,6,2.0,2.0,3.0,1.0,2.0,1.0,0.0,3.0,0.0,0.0
0.03,0.0,3.0,1.0,2.0,0.10526,0,1.0,2.0,1,5.0,4.0,1.0,4,8,2.0,2.0,3.0,2.0,2.0,2.0,1.0,4.0,1.0,1.0
0.11,0.0,0.0,1.0,,0.0,1,4.0,1.0,2,4.0,3.0,2.0,20,2,2.0,2.0,,3.0,1.0,1.0,1.0,2.0,0.0,1.0
0.03,1.0,1.0,1.0,2.0,0.05263,0,1.0,1.0,1,4.0,6.0,1.0,6,2,2.0,2.0,5.0,2.0,2.0,1.0,0.0,4.0,1.0,1.0
0.07,1.0,2.0,1.0,2.0,0.10526,0,5.0,2.0,2,3.0,6.0,3.0,9,9,1.0,1.0,4.0,4.0,2.0,3.0,0.0,2.0,0.0,0.0
0.34,1.0,0.0,3.0,2.0,0.05263,0,4.0,1.0,1,4.0,5.0,1.0,27,7,2.0,2.0,4.0,3.0,1.0,1.0,0.0,3.0,1.0,1.0
0.34,0.0,2.0,3.0,,0.05263,0,3.0,2.0,1,4.0,5.0,2.0,27,7,2.0,2.0,4.0,1.0,2.0,2.0,0.0,2.0,1.0,0.0
0.08,0.0,3.0,1.0,2.0,0.05263,0,4.0,1.0,1,5.0,6.0,1.0,18,1,2.0,2.0,3.0,1.0,2.0,1.0,0.0,3.0,1.0,1.0
0.47,0.0,10.0,3.0,3.0,0.0,1,5.0,1.0,2,4.0,6.0,2.0,44,5,2.0,2.0,,3.0,3.0,3.0,0.0,3.0,0.0,0.0
0.43,0.0,0.0,1.0,2.0,0.0,1,5.0,2.0,1,5.0,4.0,2.0,50,7,3.0,1.0,,1.0,1.0,2.0,1.0,2.0,0.0,1.0
0.46,0.0,0.0,3.0,,0.0,0,5.0,2.0,2,4.0,4.0,3.0,52,7,2.0,2.0,,3.0,2.0,1.0,0.0,3.0,0.0,0.0
0.09,1.0,3.0,2.0,2.0,0.21053,0,3.0,2.0,2,4.0,5.0,3.0,19,5,1.0,1.0,2.0,1.0,2.0,2.0,1.0,4.0,0.0,1.0
0.38,1.0,0.0,3.0,3.0,0.05263,1,5.0,1.0,2,4.0,3.0,2.0,26,6,3.0,1.0,4.0,3.0,1.0,2.0,0.0,3.0,0.0,1.0
0.59,0.0,11.0,4.0,3.0,0.05263,0,1.0,1.0,2,4.0,4.0,2.0,38,6,2.0,2.0,2.0,5.0,2.0,3.0,0.0,3.0,0.0,0.0
0.09,0.0,1.0,1.0,2.0,0.05263,0,5.0,2.0,1,4.0,2.0,1.0,17,2,2.0,2.0,2.0,1.0,1.0,1.0,0.0,3.0,1.0,1.0
0.2,0.0,0.0,1.0,2.0,0.05263,0,2.0,2.0,1,5.0,3.0,2.0,13,8,2.0,2.0,3.0,2.0,2.0,1.0,0.0,3.0,0.0,1.0
0.42,0.0,0.0,3.0,2.0,0.05263,0,4.0,2.0,1,4.0,1.0,2.0,54,5,2.0,2.0,4.0,3.0,2.0,1.0,0.0,3.0,1.0,0.0
0.33,1.0,1.0,4.0,,0.10526,0,1.0,2.0,1,4.0,4.0,2.0,24,8,2.0,2.0,1.0,5.0,2.0,1.0,0.0,3.0,0.0,1.0
0.32,1.0,0.0,3.0,2.0,0.05263,0,5.0,2.0,1,4.0,5.0,2.0,32,7,2.0,2.0,4.0,3.0,2.0,2.0,0.0,1.0,1.0,0.0
0.06,1.0,1.0,1.0,3.0,0.05263,1,3.0,2.0,1,4.0,6.0,2.0,11,4,3.0,1.0,2.0,5.0,2.0,1.0,1.0,3.0,1.0,1.0
0.61,0.0,8.0,3.0,2.0,0.0,0,5.0,1.0,1,5.0,6.0,1.0,58,7,2.0,2.0,,1.0,3.0,2.0,0.0,3.0,1.0,0.0
0.53,0.0,1.0,2.0,2.0,0.05263,0,5.0,2.0,1,4.0,3.0,3.0,45,7,3.0,1.0,4.0,1.0,2.0,1.0,0.0,3.0,0.0,0.0
0.04,0.0,0.0,1.0,3.0,0.05263,0,3.0,2.0,1,4.0,5.0,3.0,4,5,3.0,1.0,3.0,4.0,2.0,1.0,0.0,2.0,1.0,0.0
0.19,0.0,3.0,1.0,1.0,0.15789,1,3.0,1.0,2,4.0,4.0,3.0,25,9,3.0,1.0,4.0,1.0,2.0,2.0,0.0,3.0,0.0,0.0
0.04,1.0,6.0,1.0,2.0,0.10526,0,3.0,2.0,2,2.0,6.0,3.0,3,6,2.0,2.0,1.0,2.0,3.0,3.0,1.0,1.0,0.0,0.0
0.36,0.0,0.0,1.0,3.0,0.05263,0,3.0,1.0,2,2.0,3.0,3.0,28,8,2.0,2.0,4.0,3.0,2.0,1.0,0.0,3.0,0.0,0.0
0.48,1.0,0.0,1.0,3.0,0.05263,1,5.0,1.0,2,1.0,6.0,3.0,41,3,3.0,1.0,2.0,6.0,2.0,2.0,1.0,2.0,0.0,0.0
0.32,0.0,1.0,1.0,2.0,0.05263,1,2.0,1.0,2,3.0,6.0,3.0,33,2,2.0,2.0,2.0,5.0,1.0,1.0,0.0,3.0,0.0,0.0
0.02,0.0,1.0,1.0,2.0,0.05263,1,2.0,2.0,1,4.0,6.0,1.0,4,7,2.0,2.0,3.0,1.0,2.0,2.0,1.0,3.0,0.0,1.0
0.96,1.0,1.0,3.0,4.0,0.05263,0,5.0,2.0,2,3.0,6.0,3.0,71,7,2.0,2.0,4.0,5.0,3.0,2.0,1.0,3.0,0.0,1.0
0.05,0.0,2.0,1.0,1.0,0.05263,0,3.0,2.0,1,3.0,6.0,3.0,13,1,2.0,2.0,3.0,3.0,1.0,1.0,0.0,3.0,1.0,1.0
0.42,0.0,1.0,1.0,1.0,0.05263,0,5.0,1.0,1,5.0,5.0,2.0,49,1,3.0,1.0,4.0,5.0,2.0,1.0,1.0,3.0,0.0,1.0
0.31,0.0,5.0,1.0,1.0,0.10526,1,2.0,2.0,1,4.0,3.0,3.0,32,3,3.0,1.0,1.0,1.0,3.0,2.0,0.0,3.0,1.0,0.0
0.44,0.0,3.0,4.0,4.0,0.05263,1,3.0,2.0,1,4.0,5.0,1.0,45,5,3.0,1.0,4.0,2.0,2.0,3.0,0.0,3.0,1.0,1.0
0.23,0.0,0.0,2.0,3.0,0.05263,0,5.0,1.0,2,2.0,6.0,3.0,40,5,3.0,2.0,5.0,3.0,2.0,1.0,1.0,2.0,0.0,0.0
0.42,1.0,0.0,1.0,2.0,0.05263,0,3.0,2.0,2,4.0,4.0,3.0,42,9,3.0,1.0,4.0,1.0,2.0,1.0,0.0,2.0,0.0,0.0
0.13,1.0,2.0,3.0,1.0,0.0,0,2.0,2.0,1,4.0,5.0,2.0,30,3,2.0,2.0,,3.0,2.0,2.0,0.0,2.0,1.0,1.0
0.16,0.0,1.0,3.0,,0.10526,0,5.0,2.0,1,5.0,6.0,1.0,30,3,2.0,2.0,4.0,3.0,2.0,2.0,0.0,2.0,1.0,0.0
0.44,0.0,1.0,4.0,2.0,0.05263,0,3.0,2.0,1,4.0,5.0,2.0,40,7,1.0,1.0,3.0,2.0,2.0,2.0,0.0,3.0,0.0,1.0
0.08,1.0,0.0,3.0,2.0,0.05263,0,5.0,2.0,1,4.0,6.0,2.0,9,7,2.0,2.0,1.0,4.0,2.0,2.0,0.0,3.0,1.0,0.0
0.36,1.0,2.0,1.0,2.0,0.05263,0,3.0,2.0,2,2.0,2.0,3.0,36,6,3.0,1.0,4.0,2.0,2.0,1.0,0.0,2.0,0.0,1.0
0.34,0.0,4.0,1.0,2.0,0.05263,0,5.0,2.0,2,1.0,2.0,3.0,40,5,3.0,1.0,1.0,5.0,2.0,4.0,0.0,2.0,0.0,0.0
0.1,0.0,2.0,1.0,2.0,0.05263,1,2.0,2.0,1,5.0,5.0,2.0,19,4,2.0,2.0,5.0,4.0,3.0,2.0,1.0,3.0,1.0,1.0
0.28,1.0,0.0,1.0,2.0,0.21053,0,3.0,1.0,1,5.0,6.0,1.0,15,9,3.0,1.0,4.0,1.0,2.0,1.0,1.0,4.0,1.0,1.0
0.47,0.0,0.0,1.0,1.0,0.21053,0,1.0,1.0,1,5.0,5.0,2.0,54,2,3.0,1.0,4.0,1.0,1.0,1.0,0.0,3.0,1.0,1.0
0.05,0.0,2.0,1.0,2.0,0.05263,0,2.0,2.0,2,4.0,5.0,2.0,19,1,2.0,2.0,3.0,2.0,2.0,3.0,0.0,4.0,0.0,1.0
0.14,1.0,3.0,1.0,,0.05263,0,2.0,2.0,1,4.0,5.0,1.0,19,1,2.0,2.0,4.0,2.0,3.0,1.0,0.0,3.0,1.0,1.0
0.21,1.0,0.0,3.0,,0.05263,0,1.0,2.0,1,4.0,3.0,2.0,18,7,3.0,1.0,4.0,5.0,1.0,1.0,0.0,2.0,1.0,1.0
0.37,0.0,4.0,1.0,1.0,0.21053,0,2.0,1.0,1,5.0,5.0,3.0,45,1,2.0,2.0,2.0,1.0,2.0,3.0,0.0,3.0,1.0,1.0
0.16,0.0,7.0,3.0,2.0,0.0,0,3.0,2.0,1,4.0,5.0,2.0,26,5,2.0,2.0,,1.0,2.0,3.0,0.0,3.0,1.0,1.0
0.43,0.0,1.0,3.0,3.0,0.0,0,5.0,1.0,2,6.0,3.0,3.0,56,3,3.0,2.0,,2.0,1.0,1.0,0.0,2.0,0.0,0.0
0.44,0.0,0.0,3.0,3.0,0.0,0,5.0,2.0,1,3.0,6.0,3.0,51,7,2.0,2.0,,1.0,2.0,1.0,0.0,3.0,0.0,0.0
0.12,1.0,0.0,1.0,2.0,0.05263,0,3.0,1.0,2,4.0,3.0,3.0,10,4,2.0,2.0,2.0,4.0,2.0,2.0,1.0,2.0,0.0,1.0
0.09,0.0,2.0,1.0,2.0,0.10526,0,3.0,1.0,2,5.0,3.0,3.0,13,2,2.0,2.0,1.0,2.0,1.0,1.0,0.0,3.0,0.0,0.0
0.13,1.0,0.0,1.0,3.0,0.05263,0,5.0,2.0,2,4.0,6.0,3.0,24,4,2.0,2.0,4.0,3.0,2.0,1.0,1.0,2.0,0.0,1.0
0.23,1.0,0.0,1.0,2.0,0.05263,1,3.0,2.0,1,4.0,3.0,2.0,40,5,3.0,1.0,4.0,3.0,2.0,1.0,0.0,3.0,0.0,1.0
0.56,1.0,,3.0,,0.05263,1,5.0,2.0,1,4.0,5.0,2.0,46,7,2.0,2.0,4.0,3.0,2.0,1.0,0.0,1.0,1.0,1.0
0.24,0.0,5.0,1.0,,0.10526,0,3.0,1.0,1,4.0,6.0,2.0,23,3,3.0,1.0,3.0,2.0,2.0,3.0,1.0,4.0,1.0,0.0
0.15,1.0,3.0,1.0,3.0,0.05263,0,4.0,2.0,1,4.0,6.0,2.0,19,2,2.0,2.0,4.0,2.0,3.0,2.0,0.0,3.0,1.0,1.0
0.48,1.0,1.0,1.0,2.0,0.05263,0,5.0,2.0,2,4.0,3.0,3.0,52,2,1.0,2.0,5.0,5.0,1.0,1.0,0.0,4.0,0.0,1.0
0.02,0.0,,1.0,2.0,0.05263,0,2.0,2.0,1,4.0,6.0,1.0,2,8,3.0,1.0,2.0,4.0,3.0,2.0,0.0,2.0,1.0,1.0
0.56,0.0,0.0,3.0,1.0,0.05263,0,5.0,2.0,1,5.0,5.0,3.0,60,7,2.0,2.0,4.0,1.0,2.0,1.0,0.0,,1.0,1.0
0.18,,,,,0.05263,1,5.0,1.0,2,2.0,3.0,3.0,15,8,2.0,2.0,4.0,5.0,1.0,3.0,1.0,2.0,0.0,1.0
0.5,0.0,1.0,1.0,2.0,0.21053,1,5.0,1.0,2,1.0,3.0,3.0,43,8,3.0,1.0,3.0,1.0,2.0,2.0,0.0,1.0,0.0,0.0
0.22,1.0,4.0,1.0,2.0,0.10526,1,3.0,1.0,2,1.0,3.0,3.0,20,6,2.0,2.0,3.0,6.0,2.0,3.0,1.0,2.0,0.0,1.0
0.18,0.0,1.0,1.0,1.0,0.05263,0,5.0,1.0,2,3.0,6.0,3.0,28,2,3.0,2.0,5.0,2.0,2.0,1.0,0.0,3.0,0.0,0.0
0.18,1.0,0.0,3.0,2.0,0.26316,0,3.0,1.0,1,3.0,3.0,3.0,14,8,3.0,2.0,1.0,2.0,2.0,1.0,0.0,3.0,0.0,1.0
0.18,0.0,,3.0,,0.15789,0,3.0,2.0,1,4.0,5.0,2.0,20,7,2.0,2.0,3.0,3.0,2.0,1.0,0.0,3.0,1.0,1.0
0.06,0.0,8.0,1.0,2.0,0.21053,0,2.0,2.0,2,4.0,6.0,3.0,8,4,2.0,2.0,3.0,1.0,3.0,3.0,0.0,1.0,0.0,0.0
0.09,0.0,2.0,1.0,4.0,0.15789,1,5.0,1.0,2,6.0,6.0,3.0,15,3,3.0,1.0,2.0,3.0,2.0,2.0,0.0,3.0,0.0,0.0
0.06,0.0,0.0,1.0,2.0,0.05263,0,2.0,2.0,1,4.0,5.0,3.0,14,5,2.0,2.0,2.0,2.0,2.0,2.0,0.0,3.0,0.0,0.0
0.53,0.0,1.0,2.0,,0.05263,0,2.0,2.0,2,3.0,3.0,3.0,41,3,2.0,2.0,3.0,1.0,2.0,1.0,1.0,4.0,0.0,0.0
0.02,0.0,2.0,1.0,3.0,0.36842,0,5.0,2.0,2,3.0,4.0,3.0,4,8,2.0,2.0,3.0,4.0,2.0,1.0,1.0,1.0,0.0,1.0
0.03,0.0,2.0,1.0,2.0,0.05263,0,2.0,2.0,1,5.0,6.0,1.0,2,9,2.0,2.0,2.0,5.0,2.0,1.0,1.0,3.0,0.0,1.0
0.32,0.0,1.0,3.0,1.0,0.05263,1,5.0,2.0,2,3.0,6.0,3.0,40,3,2.0,2.0,5.0,3.0,2.0,1.0,0.0,2.0,0.0,0.0
0.41,0.0,3.0,1.0,2.0,0.15789,0,3.0,1.0,1,4.0,2.0,3.0,43,1,3.0,1.0,2.0,1.0,3.0,1.0,0.0,3.0,1.0,0.0
0.37,0.0,2.0,3.0,2.0,0.10526,0,1.0,1.0,1,4.0,5.0,1.0,41,3,2.0,2.0,4.0,4.0,2.0,1.0,0.0,3.0,1.0,1.0
0.6,1.0,2.0,4.0,2.0,0.05263,0,5.0,1.0,1,5.0,5.0,2.0,67,2,2.0,2.0,3.0,3.0,2.0,1.0,0.0,3.0,1.0,1.0
0.09,1.0,1.0,1.0,2.0,0.05263,1,2.0,2.0,1,3.0,6.0,3.0,18,4,3.0,1.0,5.0,5.0,2.0,1.0,1.0,3.0,1.0,1.0
0.3,0.0,5.0,1.0,1.0,0.31579,1,2.0,2.0,2,2.0,6.0,3.0,24,6,2.0,2.0,3.0,2.0,3.0,3.0,0.0,3.0,0.0,0.0
0.08,0.0,0.0,1.0,3.0,0.05263,1,3.0,2.0,2,2.0,6.0,3.0,11,9,2.0,2.0,2.0,1.0,2.0,2.0,1.0,2.0,0.0,1.0
0.06,0.0,5.0,1.0,2.0,0.05263,0,2.0,1.0,2,4.0,3.0,2.0,6,6,2.0,2.0,1.0,4.0,3.0,2.0,0.0,2.0,0.0,0.0
0.21,0.0,3.0,3.0,2.0,0.05263,1,2.0,2.0,1,4.0,6.0,1.0,16,6,2.0,2.0,4.0,1.0,3.0,2.0,1.0,3.0,1.0,1.0
0.66,0.0,8.0,3.0,2.0,0.05263,1,3.0,2.0,1,5.0,5.0,2.0,53,2,2.0,2.0,3.0,1.0,4.0,2.0,1.0,4.0,1.0,1.0
0.02,0.0,10.0,1.0,2.0,0.0,0,2.0,1.0,1,5.0,6.0,1.0,5,6,3.0,1.0,,3.0,3.0,4.0,0.0,4.0,1.0,1.0
0.38,0.0,0.0,1.0,2.0,0.10526,1,2.0,2.0,2,6.0,2.0,3.0,34,8,1.0,1.0,1.0,3.0,1.0,2.0,0.0,3.0,0.0,0.0
0.07,1.0,,1.0,2.0,0.21053,0,4.0,1.0,2,4.0,3.0,3.0,6,9,3.0,1.0,2.0,1.0,,2.0,0.0,2.0,0.0,1.0
0.1,0.0,1.0,1.0,1.0,0.05263,0,2.0,2.0,1,5.0,5.0,1.0,7,5,2.0,2.0,4.0,1.0,2.0,1.0,0.0,4.0,0.0,1.0
0.08,0.0,4.0,1.0,2.0,0.05263,0,1.0,2.0,1,5.0,5.0,1.0,15,2,3.0,1.0,4.0,3.0,3.0,2.0,0.0,2.0,1.0,1.0
0.49,1.0,1.0,3.0,2.0,0.0,0,5.0,1.0,1,5.0,5.0,2.0,35,6,2.0,2.0,,4.0,2.0,2.0,0.0,3.0,1.0,1.0
0.69,0.0,5.0,3.0,3.0,0.0,0,5.0,2.0,1,5.0,6.0,2.0,64,7,2.0,,,2.0,2.0,3.0,0.0,4.0,1.0,1.0
0.36,0.0,4.0,1.0,2.0,0.05263,1,1.0,2.0,2,2.0,3.0,3.0,35,2,3.0,1.0,4.0,2.0,2.0,2.0,1.0,2.0,0.0,0.0
0.42,0.0,0.0,3.0,3.0,0.05263,1,5.0,2.0,2,3.0,6.0,3.0,50,5,3.0,1.0,1.0,6.0,2.0,1.0,1.0,3.0,0.0,1.0
0.04,0.0,0.0,1.0,,0.05263,0,1.0,2.0,1,4.0,6.0,2.0,17,7,2.0,2.0,2.0,1.0,2.0,1.0,1.0,3.0,1.0,1.0
0.11,1.0,,3.0,,0.05263,0,5.0,1.0,1,5.0,6.0,2.0,16,2,2.0,2.0,4.0,2.0,2.0,1.0,0.0,2.0,1.0,1.0
0.37,1.0,10.0,3.0,2.0,0.05263,1,4.0,2.0,2,6.0,2.0,3.0,43,5,2.0,2.0,1.0,1.0,2.0,4.0,0.0,2.0,0.0,0.0
0.05,1.0,10.0,1.0,2.0,0.05263,1,2.0,2.0,2,4.0,5.0,3.0,4,5,2.0,2.0,4.0,2.0,2.0,4.0,1.0,2.0,0.0,1.0
0.24,1.0,0.0,1.0,2.0,0.10526,1,2.0,2.0,2,6.0,6.0,3.0,29,9,3.0,1.0,4.0,3.0,1.0,1.0,1.0,3.0,0.0,1.0
0.3,0.0,5.0,3.0,3.0,0.05263,1,5.0,2.0,2,4.0,4.0,2.0,37,2,3.0,1.0,5.0,2.0,2.0,3.0,0.0,3.0,0.0,1.0
0.4,0.0,0.0,4.0,2.0,0.10526,0,3.0,2.0,2,4.0,3.0,2.0,23,7,2.0,1.0,4.0,1.0,2.0,1.0,0.0,3.0,0.0,1.0
0.14,0.0,0.0,1.0,2.0,0.05263,0,2.0,1.0,1,5.0,6.0,2.0,20,9,3.0,1.0,4.0,1.0,2.0,1.0,0.0,3.0,1.0,1.0
0.1,0.0,11.0,1.0,2.0,0.05263,0,2.0,1.0,1,4.0,6.0,2.0,10,6,3.0,1.0,4.0,1.0,3.0,4.0,0.0,3.0,1.0,1.0
0.03,0.0,2.0,1.0,3.0,0.05263,0,2.0,2.0,1,5.0,6.0,1.0,8,5,2.0,2.0,4.0,2.0,2.0,1.0,1.0,3.0,1.0,1.0
0.37,0.0,3.0,4.0,3.0,0.05263,1,4.0,2.0,1,4.0,5.0,2.0,24,7,3.0,1.0,2.0,2.0,2.0,3.0,0.0,3.0,1.0,1.0
0.28,1.0,1.0,1.0,2.0,0.05263,0,4.0,2.0,2,1.0,3.0,3.0,36,1,2.0,2.0,2.0,1.0,1.0,1.0,0.0,2.0,0.0,1.0
0.35,0.0,0.0,1.0,2.0,0.05263,1,2.0,2.0,2,3.0,3.0,3.0,32,9,3.0,1.0,4.0,3.0,2.0,2.0,0.0,3.0,0.0,0.0
0.08,0.0,0.0,1.0,2.0,0.05263,0,4.0,2.0,1,4.0,6.0,2.0,8,6,2.0,2.0,4.0,2.0,2.0,2.0,0.0,3.0,1.0,1.0
0.05,0.0,0.0,1.0,2.0,0.05263,0,3.0,1.0,2,4.0,2.0,3.0,9,4,2.0,2.0,2.0,1.0,2.0,1.0,0.0,4.0,0.0,0.0
0.31,0.0,4.0,1.0,3.0,0.05263,1,5.0,2.0,2,5.0,5.0,3.0,30,4,2.0,2.0,2.0,4.0,2.0,2.0,0.0,3.0,0.0,1.0
0.02,0.0,6.0,1.0,3.0,0.10526,1,2.0,2.0,2,3.0,6.0,3.0,8,9,2.0,2.0,2.0,2.0,2.0,1.0,1.0,4.0,0.0,0.0
0.06,1.0,1.0,1.0,3.0,0.15789,0,3.0,2.0,2,4.0,6.0,2.0,6,9,2.0,2.0,4.0,2.0,2.0,1.0,0.0,3.0,0.0,1.0
0.16,0.0,1.0,1.0,4.0,0.05263,0,3.0,1.0,1,4.0,6.0,2.0,25,2,2.0,2.0,4.0,2.0,2.0,1.0,0.0,1.0,1.0,0.0
0.31,0.0,1.0,3.0,2.0,0.05263,1,5.0,2.0,2,6.0,6.0,3.0,34,3,3.0,1.0,5.0,3.0,2.0,2.0,0.0,2.0,0.0,0.0
0.37,0.0,3.0,3.0,,0.10526,0,5.0,2.0,1,4.0,4.0,3.0,50,3,2.0,2.0,5.0,1.0,2.0,1.0,0.0,3.0,0.0,1.0
0.12,0.0,3.0,1.0,3.0,0.05263,0,3.0,1.0,1,4.0,5.0,2.0,20,2,2.0,2.0,4.0,2.0,2.0,2.0,0.0,3.0,1.0,0.0
0.16,1.0,0.0,1.0,1.0,0.05263,0,3.0,2.0,1,4.0,6.0,2.0,21,5,2.0,2.0,4.0,2.0,2.0,1.0,0.0,2.0,0.0,1.0
0.13,0.0,0.0,1.0,,0.10526,0,3.0,2.0,2,2.0,5.0,3.0,23,4,2.0,2.0,4.0,1.0,2.0,1.0,0.0,3.0,0.0,0.0
0.61,0.0,1.0,3.0,,0.0,0,5.0,2.0,1,5.0,2.0,2.0,47,7,2.0,2.0,,2.0,2.0,1.0,0.0,2.0,1.0,0.0
0.34,1.0,2.0,1.0,2.0,0.05263,0,4.0,1.0,2,2.0,3.0,3.0,42,5,3.0,1.0,3.0,1.0,1.0,1.0,1.0,1.0,0.0,1.0
0.14,0.0,0.0,4.0,1.0,0.05263,0,1.0,2.0,1,4.0,6.0,1.0,14,7,3.0,1.0,4.0,1.0,2.0,1.0,0.0,2.0,1.0,1.0
0.6,0.0,0.0,3.0,1.0,0.0,0,5.0,1.0,1,4.0,5.0,2.0,49,7,2.0,2.0,,3.0,2.0,1.0,0.0,2.0,1.0,1.0
0.55,0.0,0.0,4.0,1.0,0.05263,0,1.0,2.0,2,4.0,6.0,2.0,59,7,2.0,1.0,3.0,1.0,2.0,1.0,1.0,2.0,0.0,1.0
0.48,0.0,0.0,1.0,2.0,0.0,1,3.0,2.0,1,4.0,4.0,3.0,52,2,1.0,1.0,,1.0,1.0,2.0,1.0,3.0,0.0,0.0
0.66,0.0,6.0,1.0,1.0,0.31579,0,2.0,2.0,1,5.0,3.0,3.0,68,2,2.0,2.0,3.0,2.0,1.0,3.0,0.0,2.0,0.0,1.0
0.2,0.0,2.0,1.0,2.0,0.05263,0,4.0,1.0,1,4.0,2.0,2.0,23,1,1.0,2.0,2.0,1.0,1.0,1.0,1.0,3.0,1.0,1.0
0.13,0.0,2.0,2.0,2.0,0.26316,0,3.0,2.0,2,3.0,2.0,3.0,21,9,3.0,1.0,3.0,1.0,2.0,2.0,0.0,3.0,0.0,0.0
0.08,1.0,6.0,1.0,1.0,0.05263,0,2.0,2.0,1,4.0,6.0,2.0,6,8,2.0,2.0,2.0,2.0,2.0,3.0,0.0,3.0,1.0,1.0
0.28,0.0,3.0,1.0,3.0,0.05263,1,5.0,2.0,1,5.0,2.0,3.0,33,3,1.0,1.0,2.0,1.0,2.0,1.0,1.0,2.0,1.0,0.0
0.27,1.0,5.0,3.0,3.0,0.0,1,5.0,2.0,2,4.0,5.0,2.0,36,4,3.0,1.0,,1.0,3.0,3.0,0.0,4.0,0.0,1.0
0.49,0.0,8.0,3.0,2.0,0.05263,1,5.0,2.0,1,4.0,6.0,2.0,65,5,2.0,2.0,4.0,1.0,3.0,3.0,1.0,1.0,1.0,1.0
0.42,0.0,0.0,4.0,3.0,0.05263,0,3.0,1.0,2,4.0,3.0,3.0,33,8,1.0,1.0,3.0,3.0,2.0,2.0,0.0,3.0,0.0,1.0
0.12,1.0,0.0,3.0,,0.05263,0,2.0,2.0,1,3.0,4.0,3.0,10,7,3.0,1.0,3.0,5.0,1.0,1.0,0.0,2.0,1.0,1.0
0.52,1.0,4.0,1.0,1.0,0.05263,0,1.0,2.0,1,4.0,2.0,3.0,57,2,3.0,1.0,3.0,4.0,3.0,1.0,0.0,4.0,1.0,0.0
0.05,0.0,1.0,1.0,2.0,0.05263,0,3.0,1.0,2,4.0,3.0,3.0,10,6,2.0,2.0,4.0,4.0,2.0,1.0,1.0,4.0,0.0,0.0
0.45,0.0,0.0,3.0,2.0,0.0,0,5.0,1.0,1,5.0,5.0,3.0,60,3,2.0,2.0,,5.0,2.0,1.0,0.0,2.0,0.0,1.0
0.05,0.0,0.0,1.0,2.0,0.10526,0,2.0,2.0,2,4.0,5.0,3.0,13,1,3.0,2.0,4.0,2.0,2.0,1.0,0.0,3.0,0.0,1.0
0.06,1.0,0.0,1.0,4.0,0.05263,0,2.0,2.0,2,4.0,3.0,2.0,11,5,2.0,2.0,4.0,1.0,2.0,1.0,1.0,3.0,0.0,0.0
0.21,0.0,2.0,1.0,2.0,0.10526,0,3.0,2.0,2,3.0,6.0,3.0,16,6,1.0,2.0,3.0,5.0,2.0,2.0,1.0,3.0,1.0,1.0
0.57,1.0,1.0,1.0,2.0,0.05263,0,5.0,2.0,2,4.0,3.0,3.0,38,7,1.0,1.0,3.0,6.0,2.0,2.0,0.0,2.0,0.0,0.0
0.26,0.0,2.0,1.0,1.0,0.10526,0,4.0,1.0,1,4.0,3.0,2.0,32,3,2.0,2.0,4.0,1.0,1.0,2.0,1.0,2.0,1.0,0.0
0.06,0.0,0.0,1.0,3.0,0.05263,0,3.0,2.0,1,5.0,6.0,2.0,6,6,2.0,2.0,4.0,2.0,2.0,2.0,0.0,2.0,1.0,1.0
0.24,1.0,0.0,4.0,1.0,0.05263,0,5.0,2.0,1,5.0,5.0,1.0,30,3,1.0,1.0,5.0,5.0,2.0,1.0,0.0,3.0,1.0,1.0
0.33,0.0,3.0,3.0,2.0,0.0,0,5.0,2.0,1,4.0,4.0,2.0,47,3,2.0,2.0,,1.0,1.0,4.0,0.0,3.0,1.0,0.0
0.44,1.0,0.0,3.0,3.0,0.0,0,5.0,2.0,1,4.0,5.0,2.0,59,4,2.0,2.0,,4.0,1.0,1.0,0.0,3.0,1.0,1.0
0.67,1.0,0.0,1.0,1.0,0.05263,0,5.0,2.0,1,4.0,5.0,1.0,53,3,3.0,1.0,4.0,1.0,1.0,1.0,1.0,3.0,1.0,0.0
0.11,1.0,0.0,1.0,2.0,0.05263,1,3.0,2.0,2,3.0,3.0,3.0,17,9,2.0,2.0,4.0,1.0,2.0,2.0,0.0,3.0,0.0,0.0
0.49,0.0,0.0,4.0,2.0,0.15789,1,2.0,2.0,2,4.0,5.0,2.0,52,5,3.0,1.0,2.0,2.0,2.0,1.0,1.0,3.0,0.0,1.0
0.08,1.0,1.0,1.0,2.0,0.05263,0,2.0,2.0,2,5.0,6.0,3.0,4,8,1.0,1.0,2.0,1.0,1.0,1.0,0.0,2.0,0.0,1.0
0.15,0.0,0.0,1.0,2.0,0.05263,0,4.0,1.0,2,1.0,2.0,3.0,17,1,2.0,2.0,4.0,1.0,2.0,2.0,0.0,2.0,0.0,0.0
0.13,1.0,,1.0,4.0,0.21053,1,3.0,1.0,2,6.0,6.0,3.0,15,9,3.0,1.0,3.0,6.0,1.0,,1.0,2.0,0.0,0.0
0.36,0.0,2.0,3.0,2.0,0.0,0,5.0,2.0,1,4.0,6.0,1.0,29,7,2.0,2.0,,2.0,3.0,3.0,0.0,3.0,1.0,1.0
0.19,1.0,4.0,1.0,2.0,0.05263,0,3.0,2.0,1,5.0,2.0,2.0,21,3,2.0,2.0,4.0,1.0,2.0,1.0,0.0,2.0,0.0,1.0
0.06,0.0,0.0,1.0,2.0,0.05263,0,3.0,1.0,2,5.0,5.0,3.0,8,6,3.0,1.0,4.0,1.0,2.0,1.0,0.0,2.0,0.0,1.0
0.05,0.0,5.0,1.0,3.0,0.05263,0,5.0,2.0,1,4.0,5.0,1.0,3,8,2.0,2.0,3.0,2.0,2.0,3.0,1.0,3.0,1.0,1.0
0.17,0.0,0.0,1.0,3.0,0.10526,1,3.0,2.0,1,4.0,3.0,2.0,26,5,2.0,2.0,4.0,1.0,2.0,1.0,0.0,2.0,1.0,1.0
0.55,0.0,12.0,3.0,,0.10526,1,5.0,1.0,1,4.0,6.0,2.0,47,7,2.0,2.0,2.0,1.0,3.0,4.0,1.0,4.0,1.0,1.0
0.22,1.0,0.0,1.0,1.0,0.05263,0,4.0,2.0,1,4.0,6.0,2.0,24,8,3.0,1.0,3.0,4.0,2.0,2.0,0.0,2.0,0.0,1.0
0.35,0.0,1.0,3.0,2.0,0.0,1,2.0,1.0,1,5.0,5.0,2.0,34,6,2.0,2.0,,3.0,2.0,1.0,1.0,2.0,1.0,0.0
0.34,1.0,0.0,3.0,3.0,0.05263,0,5.0,2.0,2,2.0,6.0,3.0,49,2,2.0,2.0,4.0,4.0,1.0,1.0,0.0,2.0,0.0,1.0
0.11,1.0,3.0,1.0,2.0,0.21053,0,3.0,2.0,2,4.0,3.0,3.0,11,9,2.0,2.0,3.0,1.0,3.0,2.0,1.0,3.0,0.0,1.0
0.06,0.0,4.0,3.0,2.0,0.05263,0,2.0,1.0,1,5.0,5.0,3.0,9,6,3.0,1.0,3.0,1.0,3.0,2.0,0.0,2.0,0.0,1.0
0.19,0.0,1.0,1.0,1.0,0.10526,1,4.0,2.0,2,2.0,3.0,3.0,17,4,2.0,2.0,2.0,1.0,2.0,2.0,1.0,2.0,0.0,0.0
0.21,0.0,0.0,1.0,2.0,0.05263,0,2.0,2.0,2,4.0,2.0,3.0,27,4,2.0,2.0,2.0,3.0,2.0,1.0,0.0,2.0,0.0,0.0
0.2,1.0,6.0,1.0,3.0,0.05263,0,3.0,1.0,1,4.0,6.0,1.0,20,8,2.0,2.0,2.0,1.0,2.0,3.0,1.0,3.0,1.0,1.0
0.28,1.0,2.0,1.0,4.0,0.05263,0,4.0,1.0,2,5.0,4.0,2.0,30,5,2.0,2.0,4.0,6.0,2.0,1.0,1.0,3.0,0.0,0.0
0.29,0.0,8.0,1.0,,0.21053,0,4.0,1.0,2,2.0,6.0,3.0,23,6,3.0,1.0,5.0,5.0,3.0,2.0,1.0,2.0,0.0,1.0
0.06,0.0,4.0,1.0,2.0,0.05263,1,2.0,1.0,2,2.0,2.0,3.0,8,8,3.0,1.0,2.0,4.0,2.0,3.0,1.0,3.0,0.0,0.0
0.11,0.0,12.0,1.0,2.0,0.10526,0,3.0,2.0,1,5.0,6.0,1.0,11,6,2.0,2.0,3.0,4.0,3.0,4.0,1.0,4.0,0.0,1.0
0.38,1.0,0.0,2.0,2.0,0.05263,0,2.0,1.0,1,4.0,3.0,3.0,43,2,1.0,1.0,4.0,3.0,2.0,1.0,0.0,2.0,1.0,1.0
0.04,1.0,0.0,3.0,3.0,0.05263,0,3.0,2.0,1,5.0,6.0,1.0,3,9,2.0,2.0,4.0,2.0,2.0,1.0,1.0,3.0,1.0,1.0
0.05,0.0,0.0,1.0,2.0,0.36842,0,1.0,2.0,1,5.0,4.0,3.0,6,9,4.0,1.0,3.0,1.0,2.0,1.0,0.0,3.0,1.0,1.0
0.26,0.0,1.0,1.0,,0.15789,1,2.0,2.0,2,2.0,,3.0,29,4,3.0,1.0,2.0,3.0,2.0,2.0,0.0,4.0,0.0,0.0
0.23,0.0,6.0,3.0,2.0,0.05263,1,5.0,2.0,1,5.0,6.0,1.0,17,1,2.0,2.0,4.0,1.0,3.0,3.0,0.0,3.0,1.0,0.0
0.24,0.0,,3.0,2.0,0.05263,0,3.0,2.0,1,4.0,4.0,2.0,39,4,3.0,1.0,,1.0,1.0,3.0,0.0,3.0,1.0,0.0
0.04,1.0,0.0,2.0,3.0,0.05263,1,3.0,2.0,2,3.0,6.0,3.0,3,4,2.0,2.0,3.0,5.0,2.0,1.0,0.0,2.0,0.0,1.0
0.4,1.0,0.0,3.0,1.0,0.0,0,5.0,1.0,1,3.0,6.0,3.0,56,3,2.0,2.0,,4.0,1.0,1.0,0.0,2.0,0.0,0.0
0.07,0.0,0.0,1.0,2.0,0.05263,0,4.0,2.0,1,4.0,6.0,2.0,14,2,2.0,2.0,4.0,1.0,2.0,1.0,0.0,3.0,1.0,0.0
0.11,1.0,9.0,1.0,3.0,0.05263,0,2.0,1.0,2,4.0,6.0,2.0,12,5,3.0,1.0,2.0,2.0,1.0,3.0,0.0,3.0,0.0,1.0
0.03,1.0,0.0,1.0,3.0,0.05263,0,2.0,2.0,2,5.0,5.0,2.0,4,8,3.0,1.0,4.0,5.0,2.0,2.0,1.0,2.0,0.0,1.0
0.11,0.0,2.0,1.0,2.0,0.05263,0,3.0,2.0,2,5.0,4.0,3.0,16,4,3.0,1.0,2.0,4.0,3.0,1.0,0.0,1.0,0.0,1.0
0.36,1.0,,3.0,,0.0,1,5.0,2.0,1,4.0,6.0,3.0,29,7,2.0,2.0,,,2.0,1.0,1.0,3.0,1.0,1.0
0.16,0.0,0.0,1.0,2.0,0.05263,0,3.0,2.0,1,5.0,6.0,2.0,15,3,3.0,1.0,4.0,1.0,2.0,1.0,0.0,3.0,0.0,1.0
0.06,0.0,0.0,1.0,3.0,0.10526,0,2.0,2.0,2,3.0,3.0,3.0,9,5,2.0,2.0,4.0,3.0,2.0,2.0,0.0,2.0,0.0,1.0
0.55,1.0,3.0,1.0,1.0,0.05263,1,5.0,1.0,2,1.0,3.0,3.0,65,2,2.0,2.0,5.0,6.0,1.0,1.0,0.0,2.0,0.0,1.0
0.33,0.0,0.0,1.0,2.0,0.05263,0,5.0,2.0,1,4.0,2.0,2.0,31,3,1.0,1.0,3.0,1.0,2.0,1.0,0.0,3.0,0.0,0.0
0.14,1.0,0.0,1.0,2.0,0.05263,0,3.0,2.0,1,5.0,6.0,1.0,20,4,2.0,2.0,5.0,1.0,1.0,1.0,0.0,3.0,1.0,1.0
0.08,0.0,0.0,1.0,3.0,0.15789,0,2.0,2.0,2,2.0,3.0,3.0,5,8,1.0,1.0,4.0,2.0,1.0,1.0,1.0,4.0,0.0,1.0
0.4,0.0,0.0,4.0,2.0,0.10526,0,3.0,1.0,1,4.0,6.0,2.0,36,7,2.0,2.0,3.0,1.0,2.0,1.0,0.0,4.0,1.0,1.0
0.26,0.0,10.0,1.0,2.0,0.05263,0,3.0,2.0,1,4.0,6.0,3.0,22,6,2.0,2.0,4.0,2.0,4.0,3.0,0.0,3.0,1.0,1.0
0.24,1.0,2.0,1.0,1.0,0.05263,0,2.0,2.0,1,5.0,6.0,2.0,27,2,1.0,1.0,4.0,3.0,2.0,1.0,0.0,3.0,,1.0
0.11,1.0,2.0,5.0,3.0,0.05263,0,2.0,1.0,2,5.0,6.0,2.0,10,8,3.0,1.0,4.0,2.0,2.0,2.0,0.0,3.0,0.0,1.0
0.05,0.0,12.0,1.0,3.0,0.05263,0,3.0,2.0,1,4.0,5.0,2.0,9,4,3.0,1.0,3.0,4.0,4.0,4.0,0.0,3.0,0.0,1.0
0.03,1.0,3.0,1.0,2.0,0.31579,1,2.0,1.0,1,4.0,6.0,2.0,4,6,3.0,1.0,4.0,3.0,3.0,1.0,1.0,3.0,1.0,1.0
0.17,0.0,11.0,1.0,2.0,0.26316,0,3.0,1.0,2,2.0,2.0,3.0,20,8,2.0,2.0,3.0,2.0,4.0,4.0,1.0,3.0,0.0,0.0
0.39,0.0,4.0,3.0,1.0,0.05263,0,5.0,1.0,1,4.0,4.0,2.0,44,5,2.0,2.0,4.0,1.0,2.0,1.0,0.0,2.0,0.0,0.0
0.15,1.0,1.0,1.0,2.0,0.05263,1,3.0,2.0,2,2.0,1.0,3.0,16,5,1.0,1.0,1.0,2.0,2.0,2.0,1.0,2.0,0.0,1.0
0.46,0.0,1.0,1.0,3.0,0.05263,1,5.0,2.0,2,6.0,6.0,3.0,38,6,2.0,2.0,5.0,2.0,3.0,1.0,0.0,2.0,0.0,0.0
0.1,0.0,2.0,2.0,1.0,0.05263,1,3.0,1.0,1,5.0,6.0,2.0,8,7,1.0,1.0,3.0,1.0,3.0,1.0,0.0,3.0,0.0,1.0
0.39,0.0,0.0,1.0,3.0,0.10526,0,3.0,1.0,2,1.0,3.0,3.0,36,1,2.0,2.0,5.0,5.0,2.0,1.0,0.0,1.0,0.0,0.0
0.46,1.0,1.0,2.0,2.0,0.05263,0,5.0,2.0,1,5.0,3.0,3.0,42,7,2.0,2.0,2.0,4.0,1.0,1.0,0.0,3.0,0.0,1.0
0.06,0.0,0.0,1.0,2.0,0.05263,0,2.0,2.0,2,3.0,6.0,3.0,12,3,3.0,1.0,1.0,4.0,2.0,1.0,1.0,2.0,0.0,0.0
0.61,0.0,3.0,3.0,2.0,0.05263,0,5.0,2.0,1,4.0,6.0,1.0,59,7,2.0,2.0,4.0,1.0,2.0,1.0,0.0,3.0,1.0,1.0
0.37,1.0,3.0,1.0,2.0,0.31579,0,3.0,2.0,2,3.0,3.0,3.0,36,4,3.0,2.0,4.0,2.0,1.0,1.0,0.0,2.0,0.0,0.0
0.09,0.0,6.0,5.0,2.0,0.05263,0,2.0,1.0,2,4.0,6.0,1.0,26,3,3.0,2.0,3.0,5.0,3.0,3.0,0.0,3.0,1.0,1.0
0.44,0.0,4.0,3.0,3.0,0.05263,0,5.0,2.0,1,5.0,6.0,2.0,47,2,2.0,2.0,5.0,1.0,2.0,3.0,0.0,2.0,1.0,0.0
0.17,1.0,1.0,3.0,,0.05263,0,5.0,1.0,2,4.0,3.0,2.0,23,4,2.0,2.0,2.0,4.0,2.0,1.0,1.0,2.0,0.0,0.0
0.13,0.0,0.0,3.0,2.0,0.36842,0,3.0,1.0,1,5.0,6.0,2.0,18,3,4.0,1.0,3.0,4.0,2.0,1.0,0.0,4.0,1.0,1.0
0.46,1.0,5.0,1.0,2.0,0.05263,0,1.0,1.0,1,5.0,2.0,2.0,43,6,2.0,2.0,3.0,4.0,2.0,1.0,0.0,2.0,1.0,1.0
0.19,0.0,6.0,1.0,3.0,0.05263,0,5.0,1.0,2,3.0,6.0,3.0,24,4,3.0,1.0,,2.0,3.0,3.0,0.0,1.0,0.0,0.0
0.4,0.0,0.0,3.0,,0.0,0,5.0,2.0,1,4.0,3.0,2.0,38,4,2.0,2.0,,4.0,2.0,1.0,0.0,4.0,1.0,0.0
0.32,0.0,0.0,4.0,2.0,0.05263,0,4.0,2.0,1,,,3.0,31,7,3.0,1.0,4.0,1.0,2.0,2.0,0.0,3.0,0.0,1.0
0.45,1.0,0.0,3.0,2.0,0.05263,0,5.0,1.0,2,4.0,3.0,3.0,61,3,2.0,2.0,1.0,5.0,2.0,1.0,1.0,2.0,0.0,0.0
0.51,1.0,2.0,2.0,1.0,0.05263,1,1.0,1.0,2,5.0,5.0,2.0,42,5,1.0,1.0,4.0,4.0,2.0,1.0,1.0,4.0,0.0,1.0
0.62,0.0,2.0,2.0,2.0,0.26316,0,2.0,2.0,1,5.0,5.0,2.0,62,2,1.0,2.0,3.0,1.0,2.0,1.0,0.0,2.0,0.0,1.0
0.32,0.0,0.0,3.0,,0.0,0,5.0,2.0,1,4.0,5.0,1.0,30,7,2.0,2.0,,4.0,2.0,2.0,0.0,3.0,1.0,1.0
0.6,0.0,3.0,1.0,4.0,0.10526,1,4.0,2.0,1,5.0,5.0,3.0,65,2,2.0,2.0,3.0,2.0,2.0,2.0,1.0,3.0,1.0,1.0
0.11,1.0,0.0,1.0,2.0,0.15789,0,4.0,2.0,2,4.0,2.0,3.0,9,8,3.0,1.0,4.0,3.0,1.0,1.0,0.0,2.0,0.0,1.0
0.01,0.0,0.0,1.0,,0.05263,0,2.0,1.0,1,4.0,5.0,2.0,11,2,2.0,2.0,2.0,5.0,1.0,1.0,0.0,2.0,1.0,1.0
0.45,1.0,0.0,1.0,3.0,0.05263,1,4.0,2.0,2,6.0,6.0,3.0,56,8,2.0,2.0,3.0,5.0,2.0,1.0,1.0,2.0,0.0,0.0
0.57,1.0,,3.0,,0.0,0,5.0,2.0,2,3.0,3.0,3.0,55,7,2.0,2.0,,3.0,3.0,1.0,0.0,2.0,0.0,1.0
0.24,0.0,2.0,1.0,1.0,0.10526,0,3.0,2.0,1,4.0,6.0,2.0,25,4,3.0,2.0,5.0,2.0,2.0,1.0,0.0,2.0,0.0,0.0
0.08,1.0,1.0,1.0,3.0,0.10526,0,5.0,2.0,2,6.0,6.0,3.0,12,9,2.0,2.0,4.0,5.0,2.0,1.0,0.0,4.0,0.0,0.0
0.53,0.0,12.0,3.0,2.0,0.0,0,5.0,1.0,1,5.0,6.0,2.0,55,7,2.0,2.0,,1.0,4.0,4.0,0.0,2.0,1.0,1.0
0.18,1.0,3.0,3.0,4.0,0.05263,0,1.0,2.0,1,5.0,6.0,1.0,16,7,2.0,2.0,3.0,1.0,2.0,1.0,0.0,3.0,1.0,1.0
0.09,1.0,0.0,1.0,4.0,0.05263,0,5.0,2.0,2,6.0,3.0,3.0,15,9,2.0,2.0,3.0,1.0,2.0,1.0,1.0,2.0,0.0,1.0
0.89,0.0,5.0,1.0,3.0,0.10526,1,2.0,2.0,2,4.0,6.0,3.0,80,3,3.0,1.0,3.0,1.0,2.0,3.0,1.0,2.0,0.0,0.0
0.05,1.0,4.0,1.0,2.0,0.05263,0,5.0,2.0,2,3.0,3.0,3.0,13,8,2.0,2.0,3.0,2.0,3.0,3.0,0.0,3.0,0.0,1.0
0.14,0.0,0.0,1.0,3.0,0.21053,1,2.0,1.0,2,2.0,6.0,3.0,23,6,3.0,2.0,2.0,1.0,2.0,1.0,0.0,2.0,0.0,1.0
0.31,0.0,0.0,3.0,2.0,0.05263,1,2.0,2.0,1,4.0,5.0,2.0,48,2,2.0,2.0,3.0,1.0,2.0,1.0,0.0,2.0,1.0,1.0
0.15,1.0,2.0,3.0,2.0,0.05263,0,2.0,2.0,1,4.0,5.0,1.0,11,7,2.0,2.0,,2.0,2.0,2.0,0.0,3.0,1.0,1.0
0.21,0.0,0.0,3.0,2.0,0.05263,0,5.0,2.0,1,5.0,5.0,2.0,18,7,2.0,2.0,3.0,3.0,1.0,1.0,0.0,3.0,1.0,1.0
0.42,0.0,5.0,1.0,1.0,0.0,0,5.0,2.0,1,4.0,5.0,2.0,43,7,2.0,2.0,,1.0,2.0,3.0,0.0,2.0,1.0,1.0
0.05,1.0,1.0,1.0,4.0,0.05263,0,3.0,1.0,1,4.0,2.0,2.0,7,6,2.0,2.0,3.0,4.0,2.0,1.0,0.0,3.0,1.0,1.0
0.3,1.0,0.0,1.0,,0.05263,0,5.0,2.0,2,2.0,2.0,3.0,50,3,2.0,2.0,2.0,5.0,1.0,1.0,0.0,1.0,0.0,1.0
0.08,0.0,,1.0,2.0,0.10526,0,3.0,2.0,2,1.0,3.0,3.0,5,8,2.0,2.0,2.0,1.0,2.0,1.0,0.0,2.0,0.0,0.0
0.03,1.0,3.0,1.0,2.0,0.05263,0,2.0,2.0,1,5.0,6.0,3.0,12,5,3.0,2.0,4.0,4.0,2.0,1.0,0.0,3.0,0.0,1.0
0.05,0.0,3.0,1.0,2.0,0.05263,1,2.0,2.0,1,5.0,6.0,1.0,8,9,2.0,2.0,1.0,5.0,2.0,4.0,1.0,3.0,1.0,1.0
0.16,1.0,0.0,3.0,3.0,0.05263,0,3.0,1.0,1,4.0,2.0,2.0,12,8,2.0,2.0,5.0,2.0,2.0,1.0,0.0,2.0,1.0,1.0
0.48,1.0,0.0,1.0,3.0,0.05263,0,2.0,1.0,1,4.0,5.0,2.0,59,1,3.0,1.0,4.0,2.0,2.0,2.0,1.0,3.0,1.0,1.0
0.1,1.0,6.0,3.0,3.0,0.05263,0,4.0,2.0,1,4.0,6.0,2.0,13,7,2.0,2.0,5.0,2.0,3.0,2.0,0.0,3.0,0.0,1.0
0.07,1.0,3.0,1.0,4.0,0.05263,0,2.0,2.0,1,4.0,5.0,2.0,9,2,2.0,2.0,3.0,3.0,2.0,3.0,1.0,2.0,1.0,1.0
0.42,1.0,0.0,1.0,2.0,0.05263,0,2.0,1.0,1,5.0,5.0,2.0,40,5,2.0,2.0,2.0,1.0,2.0,2.0,0.0,3.0,1.0,1.0
0.41,0.0,9.0,3.0,2.0,0.0,1,5.0,1.0,1,4.0,6.0,2.0,44,2,2.0,2.0,,3.0,4.0,3.0,0.0,2.0,0.0,0.0
0.45,1.0,1.0,3.0,2.0,0.0,0,2.0,2.0,1,4.0,6.0,1.0,47,2,2.0,2.0,,5.0,1.0,2.0,0.0,3.0,1.0,1.0
0.45,0.0,7.0,1.0,3.0,0.15789,0,3.0,1.0,1,5.0,6.0,2.0,45,9,3.0,1.0,4.0,4.0,3.0,3.0,0.0,4.0,0.0,1.0
0.59,0.0,,1.0,2.0,0.10526,0,2.0,1.0,2,4.0,2.0,3.0,46,8,3.0,1.0,4.0,4.0,2.0,2.0,0.0,3.0,0.0,0.0
0.32,1.0,0.0,1.0,2.0,0.05263,1,2.0,2.0,1,4.0,4.0,2.0,29,9,1.0,1.0,4.0,2.0,2.0,1.0,1.0,3.0,0.0,1.0
0.66,0.0,0.0,2.0,2.0,0.05263,1,2.0,1.0,2,4.0,3.0,2.0,47,7,1.0,1.0,4.0,1.0,1.0,1.0,1.0,2.0,1.0,0.0
0.74,1.0,5.0,1.0,3.0,0.15789,0,3.0,1.0,2,2.0,3.0,3.0,64,2,2.0,2.0,4.0,6.0,1.0,1.0,0.0,2.0,0.0,1.0
0.22,1.0,3.0,3.0,2.0,0.05263,1,5.0,2.0,1,4.0,6.0,2.0,22,7,2.0,2.0,5.0,2.0,2.0,2.0,0.0,3.0,1.0,1.0
0.03,1.0,2.0,1.0,4.0,0.05263,0,1.0,1.0,1,5.0,2.0,1.0,7,9,2.0,2.0,4.0,1.0,2.0,1.0,0.0,2.0,0.0,1.0
0.12,1.0,2.0,1.0,,0.21053,0,1.0,2.0,2,2.0,6.0,3.0,23,2,3.0,1.0,4.0,1.0,2.0,2.0,0.0,2.0,0.0,0.0
0.07,0.0,0.0,1.0,,0.05263,0,4.0,1.0,2,3.0,3.0,3.0,10,8,3.0,1.0,4.0,1.0,2.0,1.0,0.0,3.0,0.0,1.0
0.36,1.0,3.0,3.0,2.0,0.05263,0,5.0,2.0,1,5.0,5.0,3.0,56,4,2.0,2.0,3.0,2.0,2.0,3.0,0.0,3.0,1.0,1.0
0.49,1.0,12.0,3.0,1.0,0.05263,1,4.0,2.0,1,5.0,6.0,3.0,55,3,2.0,2.0,4.0,2.0,3.0,4.0,1.0,3.0,0.0,1.0
0.09,1.0,0.0,1.0,2.0,0.05263,0,2.0,2.0,2,3.0,6.0,3.0,18,8,3.0,2.0,4.0,1.0,2.0,1.0,1.0,2.0,0.0,1.0
0.29,0.0,6.0,1.0,2.0,0.05263,1,5.0,2.0,1,4.0,3.0,2.0,20,3,2.0,2.0,1.0,2.0,3.0,2.0,1.0,2.0,1.0,0.0
0.33,1.0,2.0,2.0,,0.05263,0,4.0,2.0,1,5.0,6.0,2.0,20,8,2.0,2.0,4.0,3.0,4.0,2.0,0.0,3.0,1.0,1.0
0.2,0.0,3.0,1.0,2.0,0.05263,0,3.0,1.0,1,5.0,4.0,2.0,10,8,2.0,2.0,4.0,3.0,3.0,1.0,0.0,3.0,0.0,1.0
0.24,1.0,0.0,1.0,3.0,0.05263,0,3.0,1.0,2,3.0,3.0,3.0,28,6,1.0,1.0,1.0,2.0,2.0,1.0,1.0,2.0,0.0,1.0
0.53,0.0,10.0,1.0,3.0,0.10526,1,4.0,1.0,2,3.0,4.0,3.0,71,3,2.0,2.0,1.0,1.0,4.0,3.0,0.0,3.0,0.0,0.0
0.04,0.0,0.0,3.0,,0.05263,0,3.0,2.0,1,5.0,5.0,1.0,7,2,2.0,2.0,3.0,2.0,2.0,1.0,0.0,3.0,1.0,1.0
0.42,1.0,0.0,1.0,2.0,0.05263,0,5.0,2.0,2,1.0,3.0,3.0,38,2,3.0,1.0,2.0,6.0,1.0,1.0,0.0,2.0,0.0,1.0
0.3,0.0,0.0,1.0,2.0,0.05263,0,4.0,1.0,2,6.0,3.0,3.0,30,3,2.0,2.0,1.0,3.0,2.0,1.0,1.0,4.0,0.0,0.0
0.14,0.0,3.0,1.0,2.0,0.05263,1,2.0,2.0,1,5.0,4.0,2.0,19,7,2.0,2.0,4.0,2.0,3.0,1.0,0.0,3.0,0.0,1.0
0.3,0.0,0.0,1.0,,0.05263,0,3.0,2.0,1,5.0,3.0,2.0,31,5,3.0,1.0,4.0,5.0,2.0,1.0,0.0,3.0,1.0,0.0
0.26,0.0,11.0,1.0,1.0,0.10526,0,3.0,1.0,1,4.0,3.0,2.0,15,6,2.0,2.0,4.0,1.0,3.0,4.0,0.0,4.0,0.0,1.0
0.03,0.0,1.0,1.0,,0.10526,1,4.0,1.0,2,5.0,3.0,2.0,3,8,2.0,2.0,2.0,4.0,2.0,1.0,1.0,2.0,0.0,1.0
0.07,1.0,1.0,1.0,1.0,0.10526,0,3.0,1.0,1,4.0,5.0,3.0,10,3,3.0,1.0,4.0,2.0,2.0,1.0,1.0,2.0,0.0,1.0
0.06,0.0,0.0,1.0,,0.31579,1,2.0,1.0,2,1.0,3.0,3.0,11,3,2.0,2.0,3.0,2.0,2.0,2.0,1.0,2.0,0.0,0.0
0.43,1.0,1.0,4.0,3.0,0.10526,0,2.0,,1,5.0,6.0,3.0,41,7,2.0,2.0,3.0,1.0,2.0,2.0,0.0,2.0,0.0,1.0
0.05,0.0,1.0,1.0,3.0,0.05263,0,3.0,1.0,2,4.0,3.0,2.0,10,3,3.0,1.0,3.0,4.0,1.0,1.0,1.0,2.0,0.0,0.0
0.58,0.0,2.0,3.0,2.0,0.05263,1,5.0,2.0,1,4.0,3.0,2.0,64,5,2.0,2.0,5.0,1.0,3.0,1.0,0.0,1.0,0.0,0.0
0.31,1.0,0.0,1.0,3.0,0.10526,0,2.0,2.0,2,1.0,6.0,3.0,26,9,3.0,1.0,2.0,1.0,2.0,1.0,0.0,2.0,0.0,1.0
0.22,0.0,3.0,1.0,2.0,0.05263,1,4.0,1.0,1,4.0,6.0,2.0,21,9,2.0,2.0,4.0,2.0,2.0,2.0,1.0,3.0,1.0,0.0
0.56,1.0,6.0,4.0,3.0,0.05263,1,2.0,1.0,1,4.0,5.0,2.0,49,7,2.0,2.0,1.0,1.0,1.0,1.0,0.0,4.0,1.0,1.0
0.02,0.0,0.0,1.0,3.0,0.05263,0,3.0,2.0,2,4.0,5.0,3.0,4,4,2.0,2.0,1.0,2.0,2.0,2.0,0.0,3.0,0.0,0.0
0.36,0.0,2.0,3.0,,0.05263,0,5.0,1.0,1,5.0,1.0,2.0,30,6,2.0,2.0,3.0,3.0,2.0,1.0,0.0,2.0,0.0,1.0
0.26,0.0,6.0,1.0,,0.10526,1,5.0,2.0,2,6.0,2.0,3.0,28,1,4.0,2.0,,1.0,2.0,3.0,1.0,2.0,0.0,0.0
0.08,1.0,7.0,1.0,1.0,0.31579,0,2.0,1.0,1,5.0,5.0,2.0,7,5,2.0,2.0,1.0,1.0,3.0,1.0,0.0,2.0,0.0,1.0
0.38,0.0,0.0,3.0,2.0,0.05263,0,3.0,2.0,1,5.0,6.0,2.0,44,2,2.0,2.0,4.0,1.0,2.0,1.0,0.0,3.0,1.0,0.0
0.44,0.0,1.0,1.0,3.0,0.05263,1,5.0,2.0,2,2.0,2.0,3.0,50,4,2.0,2.0,4.0,1.0,2.0,2.0,0.0,2.0,0.0,0.0
0.51,0.0,2.0,4.0,,0.05263,0,3.0,1.0,1,5.0,4.0,2.0,40,6,3.0,1.0,2.0,1.0,2.0,3.0,0.0,3.0,0.0,1.0
0.11,0.0,1.0,1.0,2.0,0.05263,0,1.0,2.0,1,4.0,6.0,2.0,11,7,2.0,2.0,4.0,2.0,2.0,1.0,1.0,2.0,0.0,0.0
0.12,1.0,0.0,1.0,2.0,0.05263,0,2.0,2.0,1,4.0,6.0,2.0,13,1,2.0,2.0,4.0,5.0,2.0,1.0,1.0,3.0,1.0,0.0
0.83,0.0,0.0,4.0,2.0,0.05263,0,5.0,2.0,1,4.0,3.0,3.0,58,3,1.0,1.0,3.0,1.0,2.0,2.0,0.0,3.0,0.0,1.0
0.41,0.0,7.0,1.0,2.0,0.05263,0,3.0,2.0,2,3.0,6.0,3.0,46,3,2.0,2.0,1.0,1.0,3.0,3.0,0.0,2.0,0.0,0.0
0.02,1.0,0.0,1.0,2.0,0.05263,0,3.0,2.0,1,4.0,1.0,2.0,10,2,2.0,2.0,3.0,1.0,2.0,1.0,1.0,3.0,1.0,1.0
0.09,1.0,0.0,1.0,1.0,0.10526,1,4.0,2.0,2,6.0,6.0,3.0,13,9,2.0,2.0,3.0,5.0,1.0,1.0,0.0,1.0,0.0,1.0
0.16,0.0,8.0,3.0,,0.05263,0,2.0,2.0,1,5.0,2.0,2.0,20,6,2.0,2.0,2.0,5.0,3.0,4.0,1.0,3.0,0.0,0.0
0.71,0.0,0.0,1.0,,0.05263,1,2.0,2.0,2,2.0,2.0,3.0,74,3,3.0,1.0,4.0,6.0,2.0,1.0,0.0,3.0,0.0,0.0
0.39,1.0,0.0,3.0,3.0,0.05263,0,4.0,1.0,1,5.0,6.0,2.0,27,7,2.0,2.0,5.0,1.0,2.0,1.0,0.0,2.0,1.0,1.0
0.16,1.0,0.0,1.0,2.0,0.05263,0,3.0,2.0,2,2.0,3.0,3.0,14,3,2.0,2.0,2.0,2.0,2.0,1.0,0.0,4.0,0.0,0.0
0.1,0.0,0.0,1.0,1.0,0.05263,0,3.0,1.0,2,6.0,3.0,3.0,12,1,1.0,1.0,3.0,3.0,2.0,2.0,1.0,2.0,0.0,0.0
0.06,0.0,0.0,1.0,2.0,0.15789,1,1.0,2.0,1,5.0,6.0,1.0,6,7,2.0,2.0,3.0,1.0,2.0,2.0,1.0,3.0,1.0,1.0
0.38,0.0,0.0,4.0,,0.36842,1,1.0,2.0,1,5.0,5.0,2.0,24,7,1.0,1.0,2.0,1.0,2.0,2.0,0.0,3.0,1.0,1.0
0.47,1.0,9.0,3.0,3.0,0.0,0,4.0,2.0,1,4.0,6.0,2.0,52,2,2.0,2.0,,2.0,3.0,2.0,0.0,2.0,1.0,0.0
0.02,1.0,0.0,1.0,2.0,0.05263,1,1.0,1.0,1,4.0,6.0,2.0,4,4,2.0,2.0,2.0,2.0,2.0,2.0,1.0,2.0,1.0,1.0
0.02,1.0,,2.0,,0.10526,0,2.0,2.0,2,2.0,6.0,3.0,4,8,2.0,2.0,2.0,3.0,2.0,2.0,1.0,2.0,0.0,0.0
0.59,0.0,1.0,1.0,,0.05263,1,3.0,1.0,2,2.0,3.0,3.0,69,3,3.0,1.0,2.0,3.0,3.0,1.0,1.0,3.0,0.0,0.0
0.09,0.0,0.0,3.0,2.0,0.05263,0,3.0,1.0,1,4.0,5.0,2.0,21,5,2.0,2.0,4.0,2.0,2.0,1.0,0.0,4.0,1.0,1.0
0.36,1.0,1.0,2.0,2.0,0.05263,0,1.0,1.0,2,5.0,5.0,3.0,25,8,3.0,1.0,3.0,1.0,3.0,1.0,0.0,2.0,0.0,1.0
0.05,1.0,0.0,1.0,1.0,0.05263,0,3.0,2.0,1,4.0,6.0,1.0,17,2,2.0,2.0,4.0,2.0,2.0,1.0,0.0,3.0,1.0,1.0
0.08,1.0,3.0,4.0,3.0,0.05263,1,2.0,1.0,1,5.0,5.0,2.0,7,9,3.0,1.0,1.0,1.0,2.0,1.0,1.0,3.0,0.0,1.0
0.05,0.0,11.0,1.0,,0.05263,1,1.0,2.0,1,4.0,3.0,2.0,16,7,2.0,2.0,3.0,1.0,3.0,3.0,1.0,3.0,0.0,0.0
0.23,1.0,0.0,1.0,2.0,0.05263,1,4.0,1.0,1,3.0,4.0,3.0,28,1,3.0,1.0,5.0,5.0,1.0,1.0,0.0,3.0,0.0,1.0
0.06,1.0,0.0,1.0,2.0,0.05263,0,2.0,2.0,2,4.0,3.0,3.0,13,6,2.0,2.0,4.0,3.0,2.0,1.0,1.0,2.0,0.0,1.0
0.05,0.0,0.0,1.0,2.0,0.10526,0,4.0,2.0,2,4.0,3.0,3.0,12,5,2.0,2.0,4.0,4.0,2.0,2.0,0.0,3.0,0.0,0.0
0.21,0.0,1.0,1.0,,0.05263,0,4.0,2.0,2,3.0,1.0,3.0,26,8,3.0,1.0,4.0,4.0,3.0,2.0,0.0,2.0,0.0,1.0
0.29,1.0,6.0,1.0,2.0,0.15789,1,4.0,2.0,2,1.0,1.0,3.0,43,2,3.0,1.0,4.0,6.0,2.0,4.0,1.0,2.0,0.0,0.0
0.04,1.0,3.0,1.0,2.0,0.05263,0,3.0,1.0,1,4.0,5.0,2.0,4,8,2.0,2.0,4.0,4.0,3.0,1.0,1.0,3.0,0.0,1.0
0.41,0.0,,3.0,2.0,0.0,0,5.0,1.0,2,1.0,3.0,3.0,31,6,3.0,2.0,,3.0,1.0,1.0,0.0,,0.0,0.0
0.2,0.0,,1.0,,0.05263,0,3.0,1.0,2,3.0,5.0,3.0,11,8,3.0,1.0,4.0,6.0,4.0,2.0,0.0,2.0,0.0,0.0
0.42,1.0,6.0,3.0,2.0,0.05263,0,5.0,2.0,2,4.0,4.0,3.0,38,2,2.0,2.0,4.0,5.0,3.0,2.0,0.0,3.0,0.0,0.0
0.21,0.0,0.0,3.0,2.0,0.05263,0,3.0,2.0,2,2.0,5.0,3.0,24,2,2.0,2.0,1.0,1.0,2.0,1.0,0.0,3.0,0.0,0.0
0.55,1.0,2.0,3.0,,0.0,1,5.0,2.0,1,4.0,6.0,1.0,47,7,2.0,2.0,,3.0,2.0,2.0,0.0,2.0,0.0,1.0
0.07,1.0,0.0,1.0,1.0,0.05263,0,1.0,1.0,1,4.0,6.0,2.0,10,6,2.0,2.0,4.0,2.0,1.0,1.0,1.0,3.0,0.0,1.0
0.03,0.0,7.0,1.0,2.0,0.05263,0,1.0,2.0,2,5.0,3.0,2.0,5,4,2.0,2.0,4.0,1.0,2.0,3.0,0.0,2.0,1.0,0.0
0.43,0.0,9.0,1.0,,0.05263,0,3.0,1.0,2,4.0,3.0,3.0,41,2,2.0,2.0,2.0,5.0,3.0,3.0,0.0,3.0,0.0,0.0
0.21,0.0,2.0,1.0,3.0,0.05263,1,5.0,2.0,2,4.0,4.0,3.0,22,5,3.0,1.0,1.0,1.0,3.0,2.0,0.0,2.0,1.0,0.0
0.32,0.0,6.0,1.0,2.0,0.05263,0,5.0,2.0,1,4.0,5.0,2.0,36,2,3.0,1.0,4.0,3.0,2.0,4.0,0.0,2.0,0.0,1.0
0.07,0.0,0.0,2.0,2.0,0.05263,1,2.0,2.0,2,2.0,2.0,3.0,9,6,3.0,1.0,5.0,1.0,2.0,1.0,0.0,3.0,0.0,0.0
0.04,0.0,11.0,1.0,3.0,0.10526,0,4.0,1.0,2,2.0,3.0,3.0,7,5,3.0,2.0,3.0,4.0,3.0,4.0,1.0,3.0,0.0,1.0
0.02,1.0,1.0,1.0,3.0,0.05263,0,3.0,2.0,2,3.0,6.0,3.0,5,9,2.0,2.0,4.0,5.0,2.0,2.0,1.0,2.0,0.0,1.0
0.07,0.0,4.0,1.0,4.0,0.05263,0,5.0,1.0,2,2.0,,3.0,10,3,2.0,2.0,2.0,5.0,4.0,2.0,0.0,3.0,0.0,0.0
0.39,0.0,4.0,3.0,3.0,0.05263,0,5.0,2.0,2,3.0,6.0,3.0,49,3,2.0,2.0,5.0,1.0,1.0,1.0,0.0,4.0,0.0,0.0
0.21,0.0,0.0,1.0,2.0,0.21053,0,2.0,2.0,2,4.0,4.0,3.0,8,8,2.0,2.0,4.0,3.0,2.0,1.0,0.0,2.0,0.0,0.0
0.04,0.0,4.0,1.0,2.0,0.05263,0,2.0,2.0,2,5.0,5.0,3.0,11,3,3.0,1.0,4.0,3.0,2.0,2.0,0.0,3.0,0.0,0.0
0.07,0.0,1.0,1.0,2.0,0.15789,1,3.0,2.0,2,4.0,4.0,3.0,9,7,2.0,2.0,2.0,2.0,3.0,1.0,1.0,3.0,0.0,1.0
0.02,0.0,1.0,1.0,2.0,0.05263,0,3.0,1.0,1,4.0,5.0,2.0,6,4,2.0,2.0,2.0,3.0,2.0,2.0,0.0,1.0,1.0,0.0
0.35,1.0,0.0,1.0,2.0,0.21053,0,5.0,2.0,2,3.0,3.0,3.0,35,5,2.0,2.0,4.0,3.0,2.0,1.0,0.0,3.0,0.0,1.0
0.26,0.0,0.0,1.0,,0.10526,1,3.0,1.0,2,6.0,3.0,3.0,13,7,3.0,,2.0,1.0,2.0,2.0,1.0,2.0,0.0,0.0
0.75,0.0,0.0,2.0,,0.05263,0,5.0,1.0,2,4.0,4.0,3.0,78,2,1.0,1.0,4.0,1.0,1.0,2.0,1.0,3.0,0.0,0.0
0.11,0.0,0.0,1.0,2.0,0.05263,0,2.0,2.0,2,3.0,6.0,3.0,19,3,3.0,1.0,4.0,3.0,2.0,1.0,0.0,,0.0,0.0
0.1,1.0,6.0,1.0,1.0,0.05263,0,3.0,1.0,2,4.0,3.0,2.0,11,6,2.0,2.0,4.0,4.0,2.0,3.0,1.0,4.0,0.0,0.0
0.37,1.0,0.0,1.0,3.0,0.05263,1,5.0,1.0,2,6.0,6.0,3.0,38,4,2.0,2.0,1.0,6.0,1.0,1.0,0.0,3.0,0.0,0.0
0.34,0.0,8.0,1.0,3.0,0.05263,1,3.0,1.0,2,2.0,6.0,3.0,44,2,1.0,1.0,1.0,1.0,4.0,4.0,1.0,2.0,0.0,0.0
0.16,0.0,6.0,1.0,3.0,0.15789,1,2.0,,2,3.0,3.0,3.0,23,1,2.0,2.0,2.0,1.0,3.0,2.0,0.0,2.0,0.0,0.0
0.23,0.0,0.0,2.0,4.0,0.05263,1,4.0,2.0,1,4.0,6.0,2.0,18,9,2.0,2.0,4.0,2.0,1.0,2.0,0.0,2.0,1.0,1.0
0.22,0.0,0.0,1.0,,0.05263,0,3.0,1.0,2,2.0,3.0,3.0,26,3,2.0,2.0,4.0,4.0,2.0,1.0,0.0,3.0,0.0,0.0
0.11,0.0,7.0,1.0,2.0,0.15789,1,3.0,1.0,2,6.0,6.0,3.0,22,4,2.0,2.0,2.0,1.0,3.0,2.0,1.0,2.0,0.0,0.0
0.23,1.0,,5.0,1.0,0.05263,1,1.0,2.0,1,4.0,6.0,2.0,20,7,2.0,2.0,4.0,1.0,1.0,1.0,1.0,4.0,0.0,1.0
0.08,0.0,4.0,1.0,,0.05263,0,2.0,2.0,1,5.0,5.0,1.0,15,2,3.0,1.0,4.0,2.0,2.0,3.0,0.0,3.0,1.0,1.0
0.08,1.0,4.0,1.0,2.0,0.10526,0,1.0,2.0,1,5.0,5.0,2.0,14,9,2.0,2.0,3.0,5.0,2.0,3.0,0.0,3.0,1.0,1.0
0.27,1.0,2.0,3.0,1.0,0.0,0,5.0,2.0,1,5.0,5.0,2.0,27,7,2.0,2.0,,1.0,3.0,1.0,0.0,4.0,1.0,1.0
0.63,0.0,10.0,2.0,2.0,0.05263,1,5.0,1.0,1,4.0,3.0,2.0,71,2,2.0,2.0,1.0,3.0,4.0,3.0,0.0,3.0,0.0,1.0
0.48,1.0,0.0,3.0,2.0,0.0,0,5.0,1.0,2,2.0,3.0,3.0,41,4,2.0,2.0,,5.0,1.0,1.0,0.0,2.0,0.0,0.0
0.47,1.0,0.0,1.0,2.0,0.05263,0,5.0,1.0,2,2.0,2.0,3.0,42,2,3.0,1.0,2.0,4.0,2.0,1.0,0.0,2.0,0.0,0.0
0.1,0.0,0.0,1.0,2.0,0.05263,0,4.0,2.0,1,4.0,6.0,2.0,12,7,2.0,2.0,3.0,3.0,2.0,2.0,1.0,3.0,1.0,0.0
0.06,1.0,0.0,1.0,2.0,0.05263,0,3.0,2.0,2,5.0,2.0,3.0,10,1,2.0,2.0,4.0,3.0,2.0,1.0,0.0,3.0,0.0,1.0
0.38,1.0,1.0,3.0,2.0,0.0,1,5.0,1.0,2,1.0,4.0,3.0,49,2,2.0,2.0,,3.0,1.0,1.0,0.0,4.0,0.0,0.0
0.69,1.0,0.0,1.0,1.0,0.05263,0,5.0,2.0,2,4.0,5.0,2.0,77,2,1.0,1.0,4.0,2.0,2.0,1.0,1.0,3.0,1.0,1.0
0.06,1.0,4.0,1.0,2.0,0.05263,0,3.0,2.0,2,2.0,6.0,3.0,16,3,2.0,2.0,4.0,1.0,3.0,2.0,1.0,3.0,0.0,1.0
0.29,0.0,1.0,3.0,2.0,0.10526,0,2.0,1.0,1,4.0,6.0,1.0,37,6,2.0,2.0,4.0,1.0,2.0,1.0,0.0,3.0,0.0,1.0
0.33,0.0,0.0,3.0,3.0,0.05263,0,4.0,1.0,2,5.0,3.0,3.0,32,7,2.0,2.0,4.0,1.0,2.0,1.0,0.0,2.0,0.0,1.0
0.29,1.0,3.0,3.0,,0.05263,0,5.0,1.0,2,6.0,6.0,3.0,37,5,2.0,2.0,4.0,4.0,1.0,1.0,0.0,2.0,0.0,0.0
0.58,1.0,1.0,1.0,2.0,0.10526,0,3.0,1.0,2,3.0,6.0,3.0,61,2,1.0,1.0,3.0,4.0,3.0,1.0,0.0,1.0,0.0,0.0
0.26,0.0,0.0,1.0,2.0,0.26316,0,3.0,2.0,1,4.0,6.0,2.0,25,5,2.0,2.0,3.0,1.0,2.0,2.0,0.0,2.0,1.0,0.0
0.04,0.0,2.0,1.0,,0.05263,0,4.0,2.0,1,4.0,5.0,2.0,8,9,3.0,1.0,4.0,2.0,3.0,1.0,1.0,3.0,1.0,1.0
0.06,0.0,2.0,1.0,2.0,0.05263,0,3.0,2.0,1,4.0,6.0,2.0,4,4,3.0,1.0,4.0,1.0,2.0,1.0,0.0,2.0,1.0,1.0
0.05,0.0,2.0,1.0,2.0,0.31579,0,2.0,2.0,1,4.0,6.0,2.0,11,8,3.0,2.0,1.0,1.0,3.0,1.0,1.0,2.0,1.0,0.0
0.42,1.0,0.0,1.0,,0.10526,0,3.0,1.0,1,4.0,6.0,2.0,49,1,3.0,2.0,4.0,4.0,2.0,2.0,0.0,3.0,1.0,0.0
0.61,1.0,0.0,3.0,2.0,0.0,0,5.0,2.0,1,4.0,6.0,2.0,43,7,2.0,2.0,,5.0,2.0,1.0,0.0,2.0,1.0,0.0
0.56,0.0,2.0,1.0,2.0,0.10526,1,3.0,1.0,2,3.0,6.0,3.0,36,2,3.0,1.0,4.0,1.0,2.0,1.0,0.0,3.0,0.0,1.0
0.71,,1.0,,,0.0,0,,2.0,1,5.0,6.0,1.0,57,7,,2.0,,1.0,2.0,2.0,1.0,3.0,1.0,1.0
0.08,0.0,0.0,1.0,3.0,0.10526,0,1.0,2.0,2,4.0,3.0,3.0,14,9,3.0,1.0,3.0,4.0,2.0,1.0,1.0,2.0,0.0,0.0
0.43,1.0,2.0,3.0,3.0,0.05263,1,5.0,1.0,1,4.0,6.0,2.0,48,5,2.0,2.0,4.0,5.0,2.0,1.0,1.0,3.0,1.0,1.0
0.57,0.0,7.0,2.0,1.0,0.0,1,5.0,1.0,1,4.0,3.0,2.0,55,7,2.0,2.0,,2.0,1.0,1.0,0.0,3.0,0.0,1.0
0.03,0.0,8.0,1.0,2.0,0.05263,0,2.0,1.0,1,5.0,6.0,2.0,6,8,3.0,1.0,3.0,1.0,3.0,2.0,0.0,3.0,1.0,1.0
0.19,0.0,1.0,3.0,3.0,0.05263,0,3.0,2.0,2,1.0,6.0,3.0,28,7,2.0,1.0,4.0,1.0,2.0,2.0,0.0,2.0,0.0,0.0
0.44,1.0,6.0,4.0,2.0,0.05263,1,3.0,2.0,2,4.0,3.0,2.0,43,7,3.0,1.0,4.0,1.0,3.0,2.0,1.0,2.0,0.0,1.0
0.41,0.0,0.0,3.0,2.0,0.05263,0,5.0,2.0,1,4.0,6.0,2.0,31,7,2.0,2.0,5.0,1.0,1.0,1.0,0.0,4.0,1.0,1.0
0.06,0.0,1.0,1.0,1.0,0.10526,0,3.0,2.0,1,4.0,4.0,3.0,14,3,3.0,1.0,4.0,3.0,2.0,1.0,0.0,3.0,1.0,1.0
0.69,1.0,0.0,3.0,,0.05263,0,5.0,1.0,2,4.0,3.0,3.0,63,5,3.0,1.0,2.0,1.0,2.0,1.0,0.0,2.0,0.0,1.0
0.33,0.0,4.0,1.0,3.0,0.05263,1,2.0,2.0,1,4.0,6.0,2.0,30,9,2.0,2.0,4.0,1.0,3.0,2.0,1.0,4.0,0.0,1.0
0.37,0.0,2.0,3.0,3.0,0.0,0,5.0,1.0,2,3.0,6.0,3.0,43,5,3.0,1.0,,2.0,1.0,2.0,1.0,2.0,0.0,1.0
0.2,0.0,1.0,1.0,2.0,0.05263,0,4.0,2.0,1,4.0,3.0,2.0,20,4,2.0,2.0,3.0,1.0,3.0,1.0,0.0,3.0,0.0,1.0
0.06,0.0,0.0,1.0,2.0,0.05263,0,3.0,2.0,2,4.0,6.0,3.0,6,8,3.0,1.0,3.0,3.0,2.0,1.0,0.0,3.0,0.0,0.0
0.21,0.0,5.0,1.0,2.0,0.05263,0,3.0,2.0,1,4.0,5.0,2.0,21,5,3.0,2.0,5.0,2.0,3.0,3.0,0.0,2.0,1.0,1.0
0.38,1.0,7.0,2.0,2.0,0.05263,0,1.0,2.0,2,4.0,6.0,3.0,59,5,1.0,1.0,4.0,3.0,2.0,3.0,1.0,3.0,0.0,1.0
0.41,0.0,0.0,1.0,2.0,0.05263,0,4.0,1.0,2,4.0,3.0,3.0,37,7,3.0,1.0,4.0,2.0,1.0,2.0,1.0,2.0,0.0,0.0
0.37,1.0,1.0,3.0,,0.05263,0,5.0,2.0,1,4.0,6.0,2.0,43,5,2.0,2.0,4.0,3.0,2.0,2.0,0.0,2.0,1.0,1.0
0.39,1.0,,3.0,1.0,0.0,0,5.0,2.0,2,4.0,3.0,3.0,50,5,2.0,2.0,,3.0,1.0,1.0,0.0,2.0,0.0,0.0
0.31,1.0,3.0,1.0,2.0,0.10526,0,1.0,1.0,1,5.0,6.0,2.0,26,6,2.0,2.0,3.0,2.0,3.0,2.0,1.0,3.0,0.0,1.0
0.02,0.0,,1.0,2.0,0.05263,1,1.0,2.0,1,5.0,5.0,1.0,5,8,2.0,2.0,2.0,4.0,,,0.0,3.0,1.0,1.0
0.05,1.0,6.0,1.0,2.0,0.10526,1,2.0,2.0,2,5.0,6.0,2.0,9,4,3.0,1.0,4.0,5.0,3.0,1.0,1.0,4.0,0.0,1.0
0.11,1.0,4.0,1.0,3.0,0.47368,0,2.0,2.0,2,1.0,1.0,3.0,16,4,3.0,1.0,2.0,5.0,2.0,2.0,1.0,2.0,0.0,1.0
0.38,0.0,2.0,1.0,3.0,0.21053,1,2.0,1.0,2,1.0,3.0,3.0,28,6,3.0,1.0,4.0,4.0,3.0,1.0,1.0,3.0,0.0,0.0
0.09,1.0,1.0,1.0,2.0,0.05263,0,3.0,2.0,2,2.0,1.0,3.0,8,2,3.0,1.0,1.0,1.0,2.0,1.0,0.0,2.0,0.0,1.0
0.07,0.0,0.0,1.0,3.0,0.21053,0,4.0,2.0,1,4.0,5.0,3.0,14,1,3.0,1.0,1.0,5.0,2.0,2.0,0.0,3.0,0.0,1.0
0.28,0.0,2.0,1.0,2.0,0.26316,0,3.0,2.0,2,5.0,5.0,3.0,31,9,3.0,1.0,4.0,5.0,2.0,1.0,0.0,2.0,0.0,0.0
0.09,1.0,6.0,1.0,3.0,0.05263,0,3.0,2.0,1,4.0,5.0,2.0,12,9,2.0,2.0,4.0,3.0,2.0,3.0,1.0,3.0,0.0,1.0
0.18,1.0,0.0,1.0,,0.15789,0,3.0,2.0,2,1.0,3.0,3.0,23,1,2.0,2.0,4.0,5.0,2.0,1.0,0.0,4.0,0.0,0.0
0.45,0.0,3.0,3.0,3.0,0.0,0,,1.0,1,4.0,5.0,2.0,44,7,,2.0,,4.0,2.0,2.0,0.0,3.0,1.0,1.0
0.01,1.0,4.0,1.0,3.0,0.05263,0,2.0,1.0,1,4.0,5.0,1.0,3,8,2.0,2.0,4.0,1.0,2.0,1.0,1.0,4.0,0.0,1.0
0.85,1.0,5.0,3.0,2.0,0.0,0,3.0,1.0,1,3.0,6.0,3.0,54,7,2.0,2.0,,3.0,2.0,4.0,0.0,3.0,1.0,1.0
0.33,0.0,0.0,1.0,2.0,0.05263,0,3.0,2.0,1,5.0,5.0,3.0,37,4,3.0,1.0,2.0,5.0,1.0,1.0,1.0,3.0,1.0,1.0
0.55,0.0,5.0,3.0,1.0,0.05263,0,3.0,2.0,1,4.0,6.0,2.0,51,2,3.0,1.0,3.0,1.0,3.0,2.0,0.0,2.0,1.0,1.0
0.15,1.0,0.0,4.0,2.0,0.05263,0,2.0,2.0,1,5.0,6.0,2.0,16,7,2.0,2.0,3.0,1.0,1.0,1.0,0.0,2.0,1.0,1.0
0.09,0.0,6.0,1.0,4.0,0.05263,0,4.0,1.0,2,3.0,,3.0,6,8,2.0,2.0,3.0,2.0,2.0,4.0,0.0,3.0,0.0,0.0
0.13,0.0,4.0,3.0,2.0,0.05263,1,5.0,2.0,1,4.0,4.0,3.0,15,5,2.0,2.0,3.0,4.0,1.0,2.0,0.0,2.0,0.0,0.0
0.44,0.0,2.0,3.0,2.0,0.05263,0,5.0,1.0,1,5.0,6.0,2.0,30,5,2.0,2.0,2.0,5.0,2.0,2.0,0.0,2.0,1.0,1.0
0.43,1.0,0.0,3.0,4.0,0.05263,0,5.0,2.0,2,3.0,6.0,3.0,56,3,2.0,2.0,3.0,2.0,2.0,1.0,1.0,2.0,1.0,0.0
0.48,0.0,2.0,1.0,3.0,0.31579,0,5.0,2.0,2,4.0,3.0,3.0,30,8,2.0,2.0,3.0,6.0,3.0,2.0,1.0,2.0,0.0,0.0
0.63,0.0,2.0,3.0,1.0,0.05263,0,5.0,1.0,1,4.0,6.0,3.0,78,1,3.0,1.0,5.0,1.0,4.0,2.0,0.0,3.0,1.0,0.0
0.18,1.0,1.0,1.0,,0.05263,0,3.0,2.0,1,5.0,6.0,2.0,21,2,3.0,1.0,4.0,3.0,2.0,2.0,1.0,3.0,1.0,1.0
0.76,0.0,,4.0,2.0,0.10526,1,2.0,1.0,1,4.0,3.0,2.0,52,7,2.0,2.0,,3.0,1.0,1.0,1.0,3.0,0.0,1.0
0.14,1.0,3.0,1.0,,0.21053,0,2.0,2.0,1,5.0,6.0,3.0,13,6,3.0,1.0,3.0,3.0,2.0,3.0,0.0,4.0,1.0,1.0
0.11,0.0,1.0,1.0,2.0,0.21053,0,1.0,2.0,1,4.0,6.0,2.0,16,5,2.0,2.0,2.0,1.0,1.0,2.0,0.0,4.0,0.0,0.0
0.16,1.0,3.0,1.0,1.0,0.05263,0,2.0,2.0,2,3.0,6.0,3.0,14,2,2.0,2.0,3.0,1.0,3.0,1.0,1.0,1.0,0.0,1.0
0.25,0.0,1.0,1.0,1.0,0.05263,1,3.0,1.0,1,5.0,5.0,2.0,37,8,2.0,2.0,4.0,1.0,2.0,3.0,0.0,4.0,1.0,1.0
0.17,1.0,0.0,1.0,,0.05263,0,5.0,1.0,2,4.0,3.0,3.0,15,9,2.0,2.0,3.0,1.0,2.0,2.0,0.0,2.0,0.0,1.0
0.39,0.0,0.0,2.0,2.0,0.05263,0,5.0,2.0,2,3.0,6.0,3.0,35,7,3.0,1.0,4.0,1.0,2.0,1.0,0.0,3.0,0.0,1.0
0.04,1.0,2.0,1.0,1.0,0.05263,0,3.0,1.0,1,5.0,6.0,1.0,7,6,3.0,1.0,4.0,3.0,2.0,1.0,0.0,2.0,0.0,1.0
0.2,1.0,0.0,2.0,3.0,0.05263,0,2.0,2.0,1,5.0,6.0,2.0,28,2,1.0,1.0,3.0,2.0,1.0,1.0,1.0,3.0,0.0,1.0
0.06,1.0,0.0,1.0,2.0,0.05263,0,3.0,1.0,2,1.0,2.0,3.0,9,8,3.0,1.0,5.0,3.0,2.0,2.0,1.0,2.0,0.0,1.0
0.12,0.0,0.0,1.0,4.0,0.05263,1,3.0,2.0,2,3.0,6.0,3.0,9,9,2.0,2.0,3.0,1.0,1.0,1.0,1.0,3.0,1.0,0.0
0.17,0.0,0.0,1.0,2.0,0.05263,0,2.0,2.0,2,5.0,3.0,3.0,15,6,3.0,2.0,3.0,2.0,1.0,1.0,0.0,2.0,0.0,0.0
0.47,1.0,0.0,1.0,2.0,0.05263,0,5.0,1.0,2,1.0,6.0,3.0,52,5,2.0,2.0,2.0,1.0,2.0,1.0,0.0,2.0,0.0,0.0
0.53,1.0,12.0,1.0,2.0,0.05263,1,5.0,2.0,2,1.0,6.0,3.0,49,8,2.0,2.0,5.0,3.0,4.0,4.0,0.0,2.0,0.0,0.0
0.26,0.0,2.0,1.0,4.0,0.05263,1,2.0,1.0,2,6.0,5.0,3.0,30,9,3.0,1.0,4.0,1.0,2.0,2.0,1.0,2.0,0.0,0.0
0.06,0.0,1.0,1.0,2.0,0.05263,1,3.0,1.0,2,2.0,2.0,3.0,11,3,2.0,2.0,4.0,1.0,2.0,1.0,1.0,3.0,0.0,1.0
0.1,1.0,0.0,1.0,1.0,0.05263,0,2.0,2.0,1,4.0,3.0,2.0,13,3,2.0,2.0,4.0,1.0,2.0,2.0,0.0,2.0,1.0,1.0
0.07,1.0,0.0,1.0,,0.05263,0,3.0,2.0,2,1.0,2.0,3.0,9,3,3.0,1.0,3.0,3.0,1.0,1.0,0.0,3.0,0.0,0.0
0.09,1.0,0.0,1.0,1.0,0.05263,0,1.0,2.0,1,5.0,5.0,3.0,17,2,2.0,2.0,4.0,4.0,2.0,1.0,0.0,3.0,1.0,1.0
0.1,0.0,0.0,1.0,1.0,0.05263,0,1.0,1.0,2,4.0,4.0,2.0,11,8,2.0,2.0,3.0,1.0,2.0,2.0,1.0,2.0,0.0,1.0
0.36,0.0,8.0,1.0,1.0,0.05263,1,1.0,1.0,1,4.0,5.0,2.0,25,8,3.0,1.0,2.0,1.0,3.0,3.0,1.0,4.0,0.0,1.0
0.16,1.0,0.0,1.0,3.0,0.05263,0,3.0,2.0,2,2.0,6.0,3.0,16,1,2.0,2.0,4.0,5.0,2.0,2.0,0.0,2.0,0.0,0.0
0.15,0.0,0.0,3.0,,0.05263,0,3.0,2.0,1,4.0,6.0,1.0,14,7,2.0,2.0,4.0,1.0,2.0,2.0,1.0,3.0,1.0,1.0
0.27,1.0,0.0,1.0,2.0,0.0,0,5.0,2.0,2,3.0,6.0,3.0,27,5,2.0,2.0,,4.0,2.0,1.0,0.0,2.0,0.0,0.0
0.32,1.0,6.0,3.0,3.0,0.0,1,5.0,1.0,2,1.0,6.0,3.0,27,8,3.0,1.0,,5.0,2.0,3.0,0.0,3.0,0.0,0.0
0.18,0.0,8.0,3.0,4.0,0.05263,0,4.0,2.0,1,5.0,5.0,2.0,15,7,2.0,2.0,3.0,5.0,3.0,4.0,0.0,2.0,1.0,1.0
0.21,0.0,2.0,1.0,2.0,0.05263,0,4.0,1.0,1,4.0,4.0,3.0,22,6,2.0,2.0,4.0,5.0,2.0,2.0,0.0,3.0,1.0,1.0
0.15,1.0,1.0,1.0,3.0,0.05263,0,4.0,2.0,2,2.0,3.0,3.0,19,9,2.0,2.0,2.0,5.0,2.0,1.0,1.0,1.0,0.0,1.0
0.05,0.0,0.0,1.0,3.0,0.05263,0,5.0,1.0,2,3.0,3.0,3.0,3,8,2.0,2.0,3.0,3.0,2.0,1.0,1.0,3.0,0.0,1.0
0.22,0.0,9.0,1.0,2.0,0.05263,1,5.0,2.0,1,5.0,5.0,2.0,17,9,3.0,1.0,4.0,1.0,3.0,4.0,0.0,3.0,0.0,1.0
0.07,0.0,8.0,1.0,3.0,0.05263,0,3.0,2.0,1,4.0,6.0,2.0,6,8,3.0,1.0,3.0,1.0,2.0,3.0,1.0,4.0,1.0,1.0
0.49,0.0,,4.0,2.0,0.05263,0,3.0,2.0,1,4.0,6.0,2.0,38,7,3.0,1.0,4.0,4.0,3.0,4.0,0.0,3.0,0.0,1.0
0.07,1.0,4.0,1.0,2.0,0.05263,0,3.0,1.0,1,4.0,6.0,2.0,24,4,2.0,2.0,4.0,2.0,2.0,2.0,0.0,3.0,1.0,1.0
0.06,1.0,0.0,1.0,2.0,0.05263,0,1.0,2.0,1,4.0,6.0,1.0,6,6,2.0,2.0,4.0,2.0,2.0,1.0,0.0,4.0,1.0,1.0
0.43,1.0,0.0,3.0,2.0,0.05263,0,5.0,1.0,1,4.0,6.0,2.0,45,2,2.0,2.0,5.0,1.0,2.0,1.0,0.0,1.0,1.0,1.0
0.16,0.0,3.0,1.0,1.0,0.10526,0,3.0,1.0,2,4.0,1.0,3.0,12,8,3.0,1.0,4.0,6.0,2.0,1.0,1.0,2.0,0.0,0.0
0.2,0.0,1.0,1.0,4.0,0.21053,0,3.0,1.0,2,1.0,6.0,3.0,10,8,3.0,1.0,4.0,1.0,2.0,1.0,0.0,3.0,0.0,0.0
0.26,0.0,0.0,3.0,3.0,0.05263,0,5.0,1.0,1,4.0,6.0,2.0,29,5,2.0,2.0,4.0,2.0,2.0,2.0,0.0,3.0,1.0,1.0
0.15,0.0,2.0,1.0,2.0,0.05263,0,2.0,1.0,1,4.0,6.0,2.0,35,2,2.0,2.0,1.0,3.0,2.0,2.0,0.0,2.0,1.0,0.0
0.29,0.0,3.0,3.0,2.0,0.05263,0,5.0,2.0,1,5.0,5.0,1.0,25,7,2.0,2.0,3.0,5.0,2.0,3.0,0.0,3.0,1.0,1.0
0.03,0.0,0.0,1.0,2.0,0.05263,0,5.0,2.0,1,4.0,4.0,2.0,7,4,2.0,2.0,4.0,2.0,2.0,2.0,0.0,4.0,1.0,1.0
0.66,0.0,0.0,4.0,4.0,0.05263,1,3.0,2.0,1,5.0,5.0,3.0,48,7,3.0,1.0,4.0,2.0,2.0,2.0,0.0,2.0,1.0,1.0
0.49,0.0,0.0,1.0,1.0,0.05263,0,4.0,2.0,2,6.0,3.0,3.0,57,3,2.0,2.0,3.0,1.0,2.0,1.0,0.0,2.0,0.0,0.0
0.1,0.0,2.0,1.0,,0.05263,0,4.0,1.0,1,5.0,4.0,3.0,19,2,2.0,2.0,4.0,1.0,2.0,3.0,0.0,3.0,1.0,1.0
0.23,0.0,7.0,1.0,,0.05263,0,4.0,2.0,2,3.0,3.0,3.0,22,8,2.0,2.0,3.0,1.0,2.0,4.0,1.0,2.0,0.0,1.0
0.06,0.0,0.0,1.0,2.0,0.05263,0,1.0,2.0,1,5.0,5.0,3.0,27,2,2.0,2.0,3.0,1.0,2.0,1.0,0.0,2.0,1.0,1.0
0.41,,7.0,,,0.21053,0,3.0,2.0,2,4.0,4.0,3.0,51,3,1.0,1.0,4.0,2.0,3.0,2.0,0.0,3.0,0.0,0.0
0.02,0.0,1.0,1.0,3.0,0.05263,0,4.0,1.0,1,5.0,5.0,2.0,8,2,2.0,2.0,3.0,3.0,3.0,1.0,0.0,3.0,0.0,1.0
0.05,1.0,1.0,1.0,1.0,0.05263,0,2.0,1.0,2,4.0,4.0,,7,7,3.0,1.0,2.0,2.0,3.0,1.0,1.0,2.0,0.0,1.0
0.31,0.0,0.0,1.0,3.0,0.05263,0,2.0,1.0,2,1.0,3.0,3.0,28,5,1.0,1.0,3.0,1.0,2.0,1.0,0.0,3.0,0.0,0.0
0.04,0.0,3.0,1.0,,0.05263,0,4.0,2.0,1,4.0,5.0,2.0,10,1,3.0,1.0,1.0,4.0,2.0,1.0,0.0,3.0,1.0,1.0
0.15,0.0,1.0,1.0,2.0,0.05263,0,5.0,1.0,2,3.0,3.0,3.0,24,2,3.0,1.0,3.0,3.0,2.0,1.0,1.0,3.0,0.0,1.0
0.04,1.0,8.0,1.0,1.0,0.05263,1,3.0,1.0,2,3.0,6.0,3.0,11,9,3.0,1.0,3.0,2.0,2.0,3.0,1.0,2.0,0.0,1.0
0.09,0.0,0.0,1.0,3.0,0.05263,1,3.0,2.0,2,2.0,6.0,3.0,8,9,1.0,1.0,3.0,3.0,2.0,1.0,1.0,3.0,0.0,1.0
0.38,1.0,2.0,1.0,2.0,0.05263,0,2.0,1.0,2,5.0,5.0,2.0,45,5,2.0,2.0,4.0,1.0,2.0,2.0,1.0,2.0,0.0,1.0
0.06,1.0,2.0,1.0,3.0,0.05263,0,3.0,2.0,2,2.0,6.0,3.0,5,8,4.0,,4.0,1.0,2.0,1.0,1.0,3.0,0.0,1.0
0.34,0.0,6.0,1.0,2.0,0.15789,1,1.0,1.0,1,5.0,4.0,2.0,37,3,3.0,1.0,3.0,3.0,3.0,3.0,0.0,2.0,1.0,1.0
0.31,1.0,1.0,3.0,2.0,0.05263,1,2.0,1.0,2,2.0,1.0,3.0,36,2,2.0,2.0,2.0,5.0,1.0,1.0,0.0,1.0,0.0,0.0
0.07,1.0,4.0,1.0,1.0,0.15789,0,1.0,2.0,1,5.0,5.0,2.0,8,9,4.0,2.0,4.0,5.0,3.0,4.0,0.0,3.0,1.0,1.0
0.69,0.0,,1.0,1.0,0.10526,0,2.0,1.0,2,4.0,3.0,3.0,63,2,2.0,2.0,3.0,1.0,2.0,2.0,0.0,3.0,0.0,0.0
0.17,1.0,,3.0,2.0,0.05263,0,3.0,2.0,1,4.0,6.0,2.0,31,2,3.0,2.0,2.0,1.0,2.0,,0.0,2.0,0.0,0.0
0.81,1.0,1.0,3.0,,0.05263,1,2.0,2.0,1,3.0,6.0,3.0,77,5,2.0,2.0,4.0,5.0,2.0,2.0,1.0,2.0,1.0,0.0
0.08,1.0,0.0,1.0,2.0,0.05263,0,3.0,2.0,1,5.0,5.0,1.0,5,8,2.0,2.0,3.0,1.0,2.0,1.0,0.0,3.0,1.0,1.0
0.04,0.0,1.0,1.0,1.0,0.10526,0,2.0,2.0,1,4.0,5.0,3.0,10,6,2.0,2.0,4.0,1.0,2.0,1.0,0.0,2.0,1.0,1.0
0.49,1.0,1.0,1.0,2.0,0.0,0,5.0,2.0,1,4.0,3.0,2.0,39,5,4.0,1.0,,2.0,2.0,1.0,1.0,2.0,0.0,1.0
0.1,1.0,0.0,1.0,2.0,0.05263,0,2.0,2.0,1,4.0,6.0,2.0,6,6,2.0,2.0,3.0,1.0,2.0,1.0,0.0,3.0,1.0,0.0
0.56,1.0,0.0,2.0,1.0,0.10526,0,5.0,1.0,2,6.0,6.0,3.0,48,5,1.0,1.0,1.0,5.0,2.0,1.0,1.0,3.0,0.0,0.0
0.02,0.0,3.0,1.0,2.0,0.10526,1,5.0,1.0,2,5.0,2.0,3.0,8,2,2.0,2.0,3.0,5.0,1.0,2.0,1.0,2.0,0.0,1.0
0.46,0.0,2.0,3.0,1.0,0.05263,1,4.0,2.0,1,5.0,6.0,2.0,35,7,3.0,1.0,4.0,1.0,2.0,1.0,0.0,4.0,1.0,1.0
0.07,0.0,0.0,1.0,1.0,0.15789,0,3.0,1.0,1,5.0,5.0,2.0,9,9,2.0,2.0,4.0,1.0,1.0,2.0,1.0,3.0,1.0,0.0
0.48,1.0,4.0,1.0,1.0,0.05263,1,4.0,2.0,2,4.0,3.0,2.0,52,2,3.0,2.0,1.0,1.0,2.0,2.0,1.0,2.0,0.0,1.0
0.1,1.0,1.0,1.0,3.0,0.05263,1,4.0,2.0,2,3.0,3.0,3.0,13,8,2.0,2.0,3.0,3.0,3.0,1.0,0.0,3.0,0.0,1.0
0.22,1.0,7.0,1.0,2.0,0.10526,1,3.0,2.0,2,3.0,6.0,3.0,21,7,3.0,2.0,4.0,3.0,2.0,3.0,1.0,4.0,0.0,1.0
0.33,0.0,2.0,2.0,2.0,0.05263,1,2.0,2.0,1,4.0,5.0,2.0,34,7,1.0,1.0,4.0,3.0,2.0,1.0,1.0,3.0,1.0,1.0
0.26,1.0,0.0,1.0,4.0,0.26316,0,2.0,2.0,1,4.0,5.0,2.0,18,9,3.0,1.0,2.0,1.0,2.0,2.0,0.0,3.0,1.0,1.0
0.38,0.0,0.0,1.0,3.0,0.05263,0,2.0,2.0,2,4.0,5.0,3.0,24,6,1.0,1.0,4.0,3.0,1.0,1.0,0.0,2.0,0.0,1.0
0.14,1.0,0.0,1.0,2.0,0.10526,0,3.0,1.0,2,3.0,6.0,3.0,25,5,3.0,1.0,2.0,1.0,2.0,1.0,0.0,3.0,0.0,1.0
0.15,0.0,0.0,1.0,2.0,0.10526,0,2.0,1.0,2,4.0,6.0,2.0,19,3,2.0,2.0,4.0,3.0,2.0,1.0,1.0,3.0,0.0,1.0
0.07,1.0,0.0,1.0,2.0,0.05263,0,2.0,1.0,1,4.0,5.0,2.0,7,4,2.0,2.0,1.0,5.0,2.0,1.0,0.0,3.0,1.0,1.0
0.09,0.0,7.0,1.0,,0.05263,0,1.0,1.0,1,5.0,5.0,2.0,9,8,2.0,2.0,3.0,1.0,3.0,3.0,0.0,3.0,1.0,1.0
0.24,0.0,1.0,3.0,,0.0,0,5.0,2.0,1,5.0,6.0,2.0,33,7,3.0,1.0,,5.0,2.0,2.0,0.0,4.0,1.0,1.0
0.21,1.0,2.0,2.0,3.0,0.05263,0,2.0,2.0,2,3.0,6.0,3.0,16,7,3.0,1.0,4.0,2.0,2.0,1.0,1.0,3.0,1.0,1.0
0.04,0.0,8.0,1.0,2.0,0.21053,0,3.0,1.0,1,4.0,6.0,1.0,9,9,3.0,1.0,2.0,4.0,4.0,3.0,1.0,3.0,0.0,1.0
0.43,0.0,0.0,1.0,2.0,0.05263,0,3.0,2.0,2,2.0,4.0,3.0,36,7,2.0,2.0,4.0,4.0,2.0,1.0,0.0,1.0,0.0,1.0
0.18,0.0,1.0,1.0,2.0,0.05263,0,2.0,2.0,1,4.0,6.0,2.0,26,2,3.0,1.0,1.0,4.0,2.0,1.0,0.0,3.0,1.0,1.0
0.64,0.0,3.0,1.0,2.0,0.10526,0,3.0,1.0,2,2.0,3.0,3.0,65,2,2.0,2.0,4.0,4.0,2.0,2.0,0.0,3.0,0.0,0.0
0.05,0.0,0.0,3.0,,0.05263,0,5.0,1.0,1,5.0,5.0,1.0,6,4,2.0,2.0,5.0,2.0,2.0,1.0,0.0,3.0,0.0,1.0
0.32,1.0,0.0,2.0,3.0,0.26316,0,1.0,1.0,2,4.0,3.0,3.0,28,6,2.0,1.0,3.0,5.0,2.0,2.0,0.0,2.0,1.0,1.0
0.55,0.0,5.0,3.0,2.0,0.0,0,5.0,2.0,1,5.0,6.0,3.0,44,7,2.0,2.0,,2.0,2.0,2.0,0.0,2.0,1.0,0.0
0.13,0.0,0.0,1.0,2.0,0.05263,0,3.0,1.0,1,4.0,6.0,1.0,12,6,3.0,1.0,3.0,2.0,2.0,2.0,1.0,3.0,1.0,1.0
0.04,1.0,2.0,1.0,2.0,0.05263,0,3.0,1.0,2,5.0,5.0,3.0,7,4,2.0,2.0,3.0,3.0,2.0,1.0,1.0,2.0,0.0,1.0
0.03,1.0,4.0,1.0,1.0,0.05263,0,3.0,1.0,1,5.0,2.0,2.0,3,6,2.0,2.0,3.0,4.0,3.0,1.0,0.0,2.0,1.0,1.0
0.08,0.0,5.0,3.0,1.0,0.05263,0,5.0,2.0,1,5.0,6.0,2.0,18,8,3.0,1.0,3.0,2.0,2.0,3.0,0.0,3.0,1.0,1.0
0.11,1.0,9.0,1.0,2.0,0.10526,0,4.0,1.0,1,2.0,6.0,3.0,6,8,1.0,1.0,4.0,1.0,3.0,4.0,0.0,4.0,0.0,1.0
0.56,0.0,2.0,1.0,3.0,0.05263,1,5.0,1.0,2,1.0,6.0,3.0,48,5,2.0,2.0,1.0,1.0,2.0,3.0,0.0,2.0,0.0,0.0
0.09,0.0,1.0,4.0,2.0,0.05263,0,4.0,2.0,1,5.0,6.0,2.0,16,2,3.0,1.0,3.0,2.0,2.0,2.0,0.0,3.0,1.0,0.0
0.03,0.0,0.0,1.0,3.0,0.05263,0,2.0,1.0,1,4.0,6.0,2.0,9,3,2.0,2.0,3.0,3.0,2.0,1.0,0.0,2.0,1.0,0.0
0.55,0.0,7.0,4.0,3.0,0.05263,0,2.0,2.0,1,5.0,6.0,2.0,62,7,3.0,1.0,3.0,1.0,2.0,3.0,0.0,2.0,1.0,1.0
0.06,0.0,7.0,1.0,2.0,0.05263,1,1.0,1.0,1,5.0,5.0,2.0,5,8,4.0,1.0,3.0,1.0,3.0,1.0,1.0,3.0,1.0,1.0
0.39,1.0,0.0,1.0,2.0,0.10526,0,3.0,2.0,2,2.0,2.0,3.0,45,5,2.0,2.0,4.0,1.0,2.0,1.0,0.0,3.0,0.0,1.0
0.25,0.0,10.0,1.0,3.0,0.05263,1,2.0,1.0,2,2.0,6.0,3.0,37,2,3.0,1.0,3.0,2.0,3.0,3.0,1.0,1.0,0.0,0.0
0.03,0.0,2.0,1.0,3.0,0.05263,0,2.0,1.0,2,3.0,6.0,3.0,7,6,2.0,2.0,3.0,2.0,2.0,1.0,0.0,3.0,0.0,1.0
0.56,0.0,5.0,4.0,1.0,0.05263,0,1.0,2.0,1,4.0,5.0,2.0,45,7,2.0,2.0,4.0,3.0,1.0,3.0,0.0,2.0,1.0,1.0
0.22,0.0,5.0,1.0,2.0,0.05263,1,5.0,1.0,1,5.0,6.0,2.0,28,2,2.0,2.0,1.0,5.0,3.0,2.0,0.0,3.0,1.0,1.0
0.25,1.0,1.0,1.0,2.0,0.15789,0,2.0,2.0,2,4.0,3.0,3.0,18,9,2.0,2.0,4.0,1.0,2.0,1.0,0.0,2.0,0.0,1.0
0.1,0.0,1.0,1.0,,0.05263,0,5.0,1.0,2,1.0,6.0,3.0,14,8,3.0,1.0,4.0,1.0,1.0,2.0,0.0,3.0,0.0,0.0
0.33,0.0,0.0,3.0,3.0,0.0,0,5.0,1.0,2,2.0,3.0,3.0,34,5,2.0,2.0,,2.0,2.0,2.0,0.0,3.0,0.0,0.0
0.33,0.0,0.0,1.0,,0.05263,0,4.0,1.0,1,4.0,6.0,3.0,45,2,3.0,1.0,4.0,5.0,2.0,1.0,0.0,3.0,0.0,0.0
0.08,0.0,1.0,1.0,,0.10526,0,2.0,1.0,1,5.0,6.0,2.0,7,9,2.0,2.0,3.0,5.0,2.0,2.0,0.0,3.0,0.0,1.0
0.2,0.0,8.0,1.0,3.0,0.05263,1,3.0,2.0,2,2.0,6.0,3.0,23,3,3.0,1.0,2.0,1.0,2.0,4.0,1.0,2.0,0.0,1.0
0.46,0.0,1.0,3.0,2.0,0.0,0,5.0,1.0,1,4.0,3.0,3.0,59,5,3.0,1.0,,5.0,1.0,1.0,0.0,3.0,1.0,0.0
0.22,0.0,0.0,1.0,2.0,0.05263,0,3.0,2.0,1,5.0,5.0,1.0,22,1,2.0,2.0,3.0,1.0,2.0,1.0,0.0,3.0,1.0,1.0
0.09,0.0,3.0,1.0,1.0,0.10526,0,2.0,2.0,2,2.0,4.0,3.0,13,5,2.0,2.0,4.0,1.0,3.0,1.0,0.0,3.0,0.0,1.0
0.43,1.0,0.0,3.0,2.0,0.0,1,5.0,1.0,1,4.0,5.0,2.0,56,3,2.0,2.0,,4.0,1.0,1.0,0.0,2.0,0.0,1.0
0.18,1.0,0.0,1.0,3.0,0.05263,0,5.0,1.0,1,5.0,6.0,2.0,16,8,2.0,2.0,2.0,1.0,2.0,2.0,1.0,2.0,0.0,1.0
0.51,1.0,0.0,1.0,3.0,0.05263,0,2.0,1.0,2,3.0,4.0,3.0,42,1,1.0,1.0,2.0,2.0,2.0,1.0,1.0,1.0,0.0,0.0
0.41,1.0,5.0,3.0,2.0,0.05263,1,5.0,1.0,1,6.0,6.0,3.0,17,7,2.0,2.0,4.0,4.0,3.0,2.0,1.0,2.0,1.0,1.0
0.01,0.0,0.0,1.0,2.0,0.05263,0,2.0,2.0,1,4.0,6.0,2.0,3,4,2.0,2.0,5.0,2.0,1.0,1.0,0.0,3.0,1.0,1.0
0.05,1.0,3.0,3.0,2.0,0.05263,0,5.0,2.0,2,3.0,6.0,3.0,5,2,2.0,2.0,4.0,1.0,2.0,1.0,1.0,3.0,0.0,1.0
0.61,1.0,0.0,3.0,,0.05263,0,5.0,2.0,1,4.0,6.0,2.0,43,7,2.0,2.0,4.0,3.0,1.0,1.0,0.0,2.0,1.0,1.0
0.08,1.0,3.0,1.0,1.0,0.10526,0,2.0,2.0,1,4.0,2.0,3.0,8,8,2.0,2.0,4.0,3.0,3.0,1.0,0.0,4.0,0.0,0.0
0.44,0.0,,1.0,3.0,0.05263,0,3.0,1.0,2,3.0,6.0,3.0,38,8,3.0,1.0,4.0,2.0,2.0,,0.0,2.0,0.0,0.0
0.26,1.0,0.0,3.0,,0.0,0,5.0,1.0,1,4.0,5.0,2.0,17,9,2.0,2.0,,5.0,2.0,1.0,0.0,3.0,1.0,1.0
0.17,1.0,12.0,1.0,2.0,0.10526,0,3.0,1.0,1,4.0,4.0,3.0,22,8,2.0,2.0,4.0,1.0,3.0,3.0,0.0,2.0,1.0,1.0
0.52,1.0,0.0,2.0,,0.42105,0,2.0,1.0,2,3.0,6.0,3.0,39,6,1.0,1.0,4.0,2.0,1.0,2.0,0.0,2.0,0.0,1.0
0.35,0.0,7.0,4.0,2.0,0.05263,0,1.0,2.0,1,4.0,5.0,1.0,28,7,2.0,2.0,4.0,5.0,3.0,3.0,1.0,3.0,0.0,0.0
0.31,0.0,11.0,3.0,2.0,0.05263,0,5.0,2.0,1,4.0,5.0,2.0,23,8,2.0,2.0,4.0,1.0,3.0,4.0,0.0,3.0,1.0,0.0
0.28,1.0,0.0,1.0,3.0,0.05263,0,3.0,2.0,2,2.0,6.0,3.0,18,8,2.0,2.0,3.0,2.0,2.0,1.0,0.0,1.0,0.0,1.0
0.05,1.0,1.0,1.0,3.0,0.21053,1,2.0,2.0,1,3.0,6.0,3.0,6,8,2.0,2.0,4.0,1.0,2.0,1.0,1.0,3.0,1.0,0.0
0.06,0.0,2.0,1.0,2.0,0.36842,1,3.0,2.0,2,4.0,6.0,2.0,7,8,3.0,1.0,3.0,1.0,3.0,2.0,1.0,3.0,0.0,1.0
0.71,0.0,1.0,1.0,2.0,0.05263,0,3.0,2.0,2,4.0,2.0,3.0,62,2,1.0,1.0,2.0,2.0,2.0,1.0,0.0,4.0,0.0,0.0
0.09,0.0,1.0,1.0,3.0,0.05263,1,5.0,2.0,2,2.0,6.0,3.0,10,4,3.0,1.0,3.0,2.0,2.0,1.0,1.0,2.0,0.0,0.0
0.06,0.0,2.0,1.0,3.0,0.05263,0,4.0,2.0,1,5.0,5.0,2.0,15,3,2.0,2.0,4.0,2.0,2.0,1.0,1.0,2.0,1.0,1.0
0.29,1.0,1.0,1.0,3.0,0.05263,0,4.0,2.0,1,4.0,6.0,2.0,35,4,3.0,1.0,3.0,2.0,2.0,1.0,0.0,3.0,1.0,1.0
0.25,1.0,3.0,2.0,2.0,0.10526,1,4.0,2.0,1,4.0,6.0,2.0,20,4,2.0,2.0,4.0,6.0,4.0,1.0,0.0,1.0,0.0,1.0
0.1,1.0,0.0,1.0,2.0,0.05263,1,3.0,2.0,2,4.0,5.0,2.0,16,2,2.0,2.0,2.0,6.0,1.0,1.0,0.0,2.0,0.0,1.0
0.2,1.0,0.0,1.0,1.0,0.10526,0,2.0,1.0,2,4.0,4.0,3.0,20,9,2.0,2.0,2.0,2.0,2.0,1.0,0.0,2.0,0.0,1.0
0.33,0.0,0.0,1.0,2.0,0.05263,1,5.0,1.0,2,1.0,2.0,3.0,48,4,1.0,2.0,4.0,3.0,2.0,1.0,1.0,2.0,0.0,0.0
0.06,1.0,4.0,1.0,1.0,0.36842,1,1.0,2.0,1,5.0,5.0,2.0,5,3,3.0,1.0,3.0,6.0,3.0,1.0,1.0,2.0,1.0,1.0
0.04,0.0,5.0,1.0,3.0,0.15789,0,3.0,1.0,2,3.0,3.0,3.0,3,9,3.0,1.0,3.0,5.0,4.0,2.0,0.0,3.0,0.0,0.0
0.41,1.0,0.0,3.0,2.0,0.05263,1,4.0,2.0,2,1.0,3.0,3.0,60,5,2.0,2.0,2.0,1.0,1.0,1.0,1.0,2.0,0.0,1.0
0.08,0.0,1.0,1.0,2.0,0.10526,1,3.0,2.0,2,2.0,2.0,3.0,14,9,3.0,1.0,3.0,3.0,2.0,3.0,1.0,2.0,0.0,0.0
0.09,0.0,0.0,1.0,1.0,0.05263,0,3.0,2.0,1,4.0,6.0,2.0,10,8,2.0,2.0,4.0,4.0,2.0,1.0,0.0,3.0,0.0,1.0
0.05,0.0,3.0,1.0,3.0,0.05263,0,4.0,2.0,1,5.0,5.0,2.0,8,3,2.0,2.0,4.0,1.0,2.0,3.0,0.0,4.0,1.0,1.0
0.04,0.0,4.0,2.0,2.0,0.05263,0,4.0,2.0,1,4.0,6.0,2.0,5,5,2.0,2.0,2.0,1.0,2.0,2.0,0.0,4.0,1.0,1.0
0.05,1.0,0.0,1.0,2.0,0.15789,0,3.0,2.0,1,5.0,6.0,2.0,6,6,3.0,1.0,3.0,2.0,2.0,1.0,1.0,3.0,1.0,1.0
0.1,0.0,0.0,1.0,2.0,0.10526,1,2.0,2.0,2,4.0,4.0,3.0,22,4,3.0,2.0,2.0,4.0,2.0,1.0,1.0,2.0,0.0,1.0
0.41,0.0,0.0,1.0,3.0,0.26316,0,2.0,1.0,2,4.0,3.0,3.0,39,8,1.0,1.0,3.0,3.0,2.0,2.0,1.0,2.0,0.0,0.0
0.29,1.0,0.0,2.0,2.0,0.05263,0,3.0,2.0,2,4.0,6.0,2.0,32,7,3.0,1.0,3.0,5.0,2.0,1.0,1.0,4.0,0.0,1.0
0.09,0.0,3.0,1.0,2.0,0.15789,0,2.0,1.0,1,5.0,6.0,2.0,13,6,2.0,2.0,1.0,3.0,2.0,3.0,0.0,4.0,1.0,1.0
0.2,1.0,4.0,3.0,2.0,0.05263,0,5.0,1.0,1,4.0,4.0,2.0,29,5,2.0,2.0,1.0,2.0,2.0,2.0,1.0,4.0,1.0,1.0
0.39,0.0,0.0,1.0,2.0,0.10526,0,1.0,1.0,1,5.0,2.0,2.0,43,5,2.0,2.0,3.0,2.0,1.0,1.0,0.0,4.0,1.0,0.0
0.56,0.0,5.0,1.0,3.0,0.10526,0,3.0,1.0,1,5.0,6.0,2.0,48,5,2.0,2.0,3.0,3.0,2.0,4.0,0.0,3.0,1.0,1.0
0.18,1.0,3.0,1.0,4.0,0.05263,1,4.0,1.0,2,1.0,4.0,3.0,19,2,2.0,2.0,4.0,1.0,2.0,3.0,1.0,2.0,0.0,1.0
0.23,0.0,2.0,2.0,1.0,0.10526,1,3.0,1.0,2,5.0,3.0,3.0,25,8,1.0,1.0,2.0,2.0,2.0,1.0,1.0,1.0,0.0,0.0
0.26,0.0,8.0,1.0,3.0,0.05263,1,3.0,2.0,2,4.0,6.0,2.0,24,6,3.0,1.0,3.0,3.0,4.0,3.0,0.0,2.0,0.0,1.0
0.18,0.0,5.0,1.0,2.0,0.10526,0,3.0,1.0,2,4.0,3.0,3.0,16,9,2.0,2.0,2.0,2.0,2.0,3.0,1.0,3.0,0.0,0.0
0.35,1.0,3.0,1.0,2.0,0.05263,0,5.0,2.0,2,2.0,3.0,3.0,39,1,2.0,2.0,,2.0,2.0,2.0,0.0,2.0,0.0,0.0
0.13,1.0,2.0,1.0,3.0,0.10526,0,2.0,2.0,1,4.0,5.0,1.0,13,6,3.0,1.0,2.0,1.0,2.0,3.0,0.0,3.0,1.0,1.0
0.37,0.0,2.0,1.0,2.0,0.05263,0,5.0,1.0,1,4.0,3.0,3.0,50,2,2.0,2.0,4.0,1.0,2.0,2.0,0.0,3.0,0.0,1.0
0.6,0.0,0.0,4.0,3.0,0.10526,0,4.0,2.0,1,4.0,6.0,2.0,55,7,3.0,1.0,4.0,1.0,2.0,2.0,0.0,3.0,1.0,1.0
0.09,1.0,0.0,1.0,,0.05263,0,1.0,1.0,2,3.0,3.0,3.0,17,5,3.0,1.0,4.0,5.0,1.0,1.0,0.0,2.0,0.0,0.0
0.38,0.0,1.0,1.0,3.0,0.05263,0,2.0,1.0,1,4.0,6.0,2.0,35,4,2.0,1.0,3.0,5.0,2.0,1.0,0.0,3.0,1.0,0.0
0.47,1.0,0.0,4.0,1.0,0.05263,0,1.0,2.0,1,4.0,6.0,2.0,32,7,2.0,2.0,4.0,1.0,1.0,1.0,0.0,3.0,1.0,1.0
0.2,0.0,3.0,1.0,2.0,0.10526,1,1.0,2.0,2,4.0,3.0,2.0,23,7,3.0,2.0,2.0,2.0,2.0,1.0,1.0,3.0,0.0,1.0
0.35,0.0,0.0,1.0,2.0,0.10526,0,5.0,2.0,2,2.0,6.0,3.0,21,8,2.0,2.0,3.0,5.0,2.0,2.0,0.0,2.0,0.0,0.0
0.39,0.0,4.0,1.0,2.0,0.10526,0,2.0,1.0,2,4.0,6.0,3.0,54,3,3.0,2.0,3.0,3.0,2.0,3.0,0.0,3.0,1.0,0.0
0.99,0.0,0.0,1.0,2.0,0.05263,0,5.0,2.0,1,5.0,6.0,2.0,77,7,2.0,1.0,4.0,1.0,2.0,1.0,0.0,3.0,0.0,1.0
0.41,0.0,0.0,3.0,2.0,0.0,0,5.0,1.0,1,5.0,5.0,2.0,34,7,2.0,2.0,,1.0,2.0,2.0,0.0,4.0,1.0,1.0
0.28,0.0,1.0,1.0,2.0,0.10526,0,3.0,1.0,2,3.0,3.0,3.0,36,2,2.0,2.0,4.0,2.0,2.0,2.0,0.0,2.0,0.0,1.0
0.09,0.0,0.0,1.0,3.0,0.05263,0,2.0,2.0,1,4.0,5.0,2.0,14,5,2.0,2.0,4.0,3.0,2.0,2.0,0.0,3.0,1.0,1.0
0.32,0.0,8.0,1.0,3.0,0.10526,1,2.0,1.0,1,4.0,6.0,1.0,27,6,3.0,1.0,5.0,1.0,3.0,1.0,1.0,3.0,1.0,0.0
0.47,0.0,0.0,3.0,1.0,0.05263,0,2.0,1.0,1,5.0,6.0,3.0,52,7,2.0,2.0,3.0,1.0,2.0,1.0,0.0,3.0,1.0,1.0
0.64,1.0,0.0,3.0,2.0,0.05263,0,5.0,2.0,2,1.0,6.0,3.0,57,7,2.0,2.0,2.0,2.0,2.0,2.0,0.0,2.0,0.0,1.0
0.37,1.0,0.0,3.0,,0.0,0,5.0,2.0,1,5.0,5.0,3.0,52,5,3.0,2.0,,2.0,2.0,1.0,0.0,2.0,0.0,1.0
0.36,0.0,6.0,4.0,3.0,0.10526,0,2.0,1.0,1,,,3.0,24,7,1.0,1.0,3.0,3.0,2.0,3.0,1.0,3.0,1.0,1.0
0.35,1.0,0.0,1.0,3.0,0.05263,1,4.0,2.0,2,2.0,6.0,3.0,34,2,2.0,2.0,1.0,3.0,2.0,1.0,0.0,1.0,0.0,0.0
0.6,0.0,3.0,3.0,2.0,0.10526,1,5.0,2.0,2,2.0,6.0,3.0,61,3,2.0,2.0,3.0,1.0,2.0,2.0,1.0,2.0,1.0,0.0
0.28,1.0,0.0,2.0,,0.05263,1,2.0,2.0,2,4.0,4.0,3.0,34,5,3.0,1.0,4.0,1.0,1.0,1.0,1.0,3.0,0.0,1.0
0.88,1.0,1.0,1.0,4.0,0.10526,1,5.0,2.0,2,4.0,2.0,3.0,80,2,2.0,2.0,4.0,5.0,2.0,2.0,1.0,2.0,0.0,0.0
0.57,0.0,1.0,2.0,2.0,0.05263,1,2.0,2.0,2,3.0,3.0,3.0,45,7,2.0,2.0,1.0,1.0,2.0,1.0,0.0,3.0,0.0,1.0
0.09,0.0,0.0,2.0,2.0,0.05263,1,1.0,2.0,1,4.0,4.0,2.0,18,2,2.0,2.0,4.0,1.0,1.0,1.0,1.0,3.0,0.0,1.0
0.05,0.0,1.0,3.0,,0.05263,0,5.0,2.0,1,5.0,6.0,1.0,7,3,3.0,1.0,5.0,1.0,2.0,2.0,1.0,2.0,1.0,1.0
0.18,1.0,1.0,1.0,2.0,0.52632,0,3.0,2.0,1,4.0,3.0,3.0,19,9,2.0,2.0,4.0,6.0,2.0,3.0,0.0,3.0,0.0,0.0
0.38,0.0,9.0,2.0,2.0,0.36842,1,3.0,1.0,2,1.0,1.0,3.0,25,7,1.0,1.0,1.0,1.0,3.0,3.0,0.0,1.0,0.0,0.0
0.15,1.0,2.0,1.0,2.0,0.15789,0,1.0,2.0,1,5.0,5.0,1.0,17,2,2.0,2.0,4.0,1.0,2.0,1.0,0.0,3.0,1.0,1.0
0.04,1.0,3.0,1.0,2.0,0.05263,0,4.0,2.0,2,4.0,5.0,2.0,7,1,3.0,1.0,2.0,3.0,2.0,1.0,0.0,2.0,0.0,1.0
0.3,0.0,4.0,4.0,1.0,0.05263,1,3.0,2.0,1,5.0,5.0,2.0,23,7,1.0,1.0,4.0,1.0,2.0,2.0,0.0,3.0,1.0,1.0
0.04,1.0,0.0,3.0,2.0,0.05263,0,5.0,1.0,1,4.0,6.0,1.0,7,7,2.0,2.0,4.0,1.0,2.0,1.0,0.0,3.0,0.0,1.0
0.29,1.0,0.0,1.0,2.0,0.21053,0,2.0,1.0,2,4.0,4.0,3.0,37,1,2.0,2.0,3.0,1.0,1.0,1.0,0.0,1.0,0.0,0.0
0.11,0.0,4.0,1.0,,0.05263,0,3.0,2.0,1,4.0,6.0,2.0,17,7,2.0,2.0,4.0,1.0,3.0,2.0,1.0,3.0,1.0,1.0
0.12,0.0,1.0,1.0,2.0,0.10526,0,2.0,1.0,1,4.0,6.0,1.0,12,7,2.0,2.0,4.0,1.0,2.0,2.0,0.0,2.0,0.0,0.0
0.37,1.0,1.0,1.0,4.0,0.10526,0,5.0,2.0,1,5.0,6.0,2.0,39,3,2.0,2.0,4.0,4.0,2.0,1.0,0.0,3.0,1.0,1.0
0.04,1.0,0.0,1.0,1.0,0.05263,0,1.0,2.0,1,4.0,5.0,2.0,7,9,3.0,1.0,4.0,2.0,2.0,1.0,1.0,3.0,0.0,1.0
0.05,0.0,1.0,1.0,2.0,0.05263,0,2.0,2.0,1,4.0,6.0,2.0,9,8,2.0,2.0,3.0,3.0,2.0,1.0,0.0,3.0,1.0,0.0
0.09,0.0,0.0,1.0,2.0,0.10526,0,2.0,2.0,1,4.0,5.0,2.0,21,9,3.0,2.0,4.0,3.0,2.0,1.0,1.0,3.0,1.0,0.0
0.48,0.0,10.0,3.0,,0.0,0,5.0,1.0,1,4.0,5.0,2.0,59,3,2.0,2.0,,1.0,3.0,3.0,0.0,3.0,0.0,1.0
0.1,1.0,0.0,1.0,2.0,0.05263,0,3.0,2.0,1,5.0,5.0,2.0,22,4,2.0,2.0,4.0,1.0,2.0,1.0,0.0,3.0,1.0,1.0
0.27,0.0,2.0,4.0,1.0,0.0,0,4.0,1.0,1,4.0,4.0,2.0,30,4,3.0,1.0,,4.0,1.0,1.0,0.0,3.0,1.0,0.0
0.41,0.0,1.0,3.0,2.0,0.05263,0,5.0,2.0,1,4.0,6.0,3.0,36,7,2.0,2.0,5.0,2.0,2.0,1.0,0.0,3.0,1.0,1.0
0.32,0.0,10.0,3.0,2.0,0.0,0,3.0,2.0,1,4.0,6.0,3.0,40,3,2.0,2.0,,1.0,3.0,4.0,0.0,2.0,1.0,0.0
0.12,0.0,5.0,1.0,2.0,0.05263,0,3.0,2.0,2,3.0,2.0,3.0,15,6,2.0,2.0,3.0,2.0,2.0,3.0,0.0,3.0,0.0,0.0
0.06,1.0,0.0,3.0,2.0,0.05263,0,3.0,2.0,1,4.0,6.0,2.0,3,5,2.0,2.0,4.0,2.0,1.0,1.0,0.0,3.0,1.0,1.0
0.34,1.0,0.0,1.0,1.0,0.05263,0,4.0,2.0,2,3.0,3.0,3.0,40,5,2.0,2.0,5.0,4.0,2.0,2.0,0.0,3.0,0.0,1.0
0.07,1.0,0.0,1.0,2.0,0.05263,0,3.0,2.0,2,2.0,3.0,3.0,7,5,2.0,2.0,4.0,6.0,1.0,1.0,0.0,3.0,0.0,0.0
0.22,1.0,0.0,1.0,4.0,0.10526,0,2.0,2.0,2,4.0,6.0,2.0,15,3,3.0,2.0,2.0,1.0,2.0,1.0,0.0,3.0,0.0,1.0
0.34,1.0,0.0,3.0,,0.10526,1,5.0,2.0,2,3.0,3.0,3.0,28,7,2.0,2.0,3.0,5.0,1.0,1.0,0.0,4.0,0.0,1.0
0.21,0.0,0.0,1.0,2.0,0.05263,0,5.0,2.0,2,4.0,3.0,3.0,18,6,3.0,2.0,4.0,1.0,2.0,1.0,0.0,2.0,0.0,0.0
0.59,1.0,1.0,3.0,4.0,0.0,0,5.0,1.0,1,5.0,6.0,1.0,24,7,2.0,2.0,,1.0,2.0,1.0,0.0,3.0,1.0,1.0
0.43,0.0,0.0,3.0,2.0,0.0,1,5.0,1.0,1,3.0,6.0,3.0,57,3,2.0,2.0,,4.0,2.0,1.0,0.0,4.0,1.0,0.0
0.11,1.0,0.0,1.0,2.0,0.05263,0,4.0,2.0,2,3.0,3.0,3.0,12,8,3.0,1.0,5.0,5.0,2.0,1.0,1.0,1.0,0.0,0.0
0.28,1.0,8.0,1.0,3.0,0.10526,0,1.0,1.0,1,5.0,5.0,1.0,28,8,2.0,2.0,4.0,1.0,2.0,3.0,0.0,3.0,1.0,1.0
0.18,1.0,2.0,1.0,1.0,0.05263,0,2.0,1.0,1,4.0,3.0,2.0,19,9,2.0,2.0,3.0,6.0,3.0,2.0,1.0,3.0,0.0,1.0
0.09,1.0,3.0,1.0,3.0,0.05263,0,1.0,2.0,1,4.0,6.0,3.0,10,6,3.0,1.0,2.0,2.0,3.0,2.0,1.0,3.0,0.0,0.0
0.07,1.0,0.0,1.0,1.0,0.05263,0,1.0,2.0,1,5.0,6.0,1.0,5,5,2.0,2.0,3.0,6.0,2.0,1.0,0.0,3.0,1.0,1.0
0.01,0.0,0.0,1.0,,0.10526,0,2.0,2.0,2,3.0,6.0,3.0,6,5,2.0,2.0,3.0,1.0,2.0,1.0,0.0,3.0,0.0,0.0
0.04,1.0,9.0,1.0,1.0,0.05263,1,1.0,1.0,1,5.0,1.0,1.0,8,2,3.0,1.0,3.0,1.0,3.0,4.0,1.0,4.0,0.0,1.0
0.08,0.0,0.0,1.0,2.0,0.15789,0,1.0,2.0,1,4.0,5.0,1.0,15,2,2.0,2.0,1.0,1.0,2.0,2.0,1.0,3.0,1.0,1.0
0.36,0.0,0.0,1.0,2.0,0.42105,1,4.0,1.0,2,6.0,6.0,3.0,26,5,2.0,2.0,1.0,5.0,2.0,1.0,0.0,2.0,0.0,0.0
0.24,0.0,,4.0,1.0,0.05263,1,2.0,2.0,2,6.0,6.0,3.0,29,4,2.0,2.0,1.0,5.0,2.0,4.0,1.0,2.0,0.0,0.0
0.19,1.0,0.0,1.0,3.0,0.05263,0,3.0,2.0,2,4.0,3.0,3.0,17,6,3.0,1.0,4.0,1.0,1.0,1.0,0.0,2.0,0.0,1.0
0.44,0.0,4.0,1.0,3.0,0.05263,0,2.0,1.0,2,3.0,3.0,3.0,37,8,2.0,2.0,4.0,2.0,2.0,3.0,0.0,3.0,0.0,1.0
0.31,1.0,0.0,3.0,1.0,0.05263,0,5.0,2.0,2,4.0,6.0,2.0,45,2,3.0,1.0,4.0,3.0,1.0,1.0,0.0,2.0,0.0,1.0
0.03,1.0,4.0,1.0,1.0,0.47368,0,2.0,2.0,2,3.0,3.0,3.0,4,8,2.0,2.0,3.0,1.0,2.0,2.0,1.0,3.0,0.0,0.0
0.06,0.0,1.0,1.0,2.0,0.05263,0,4.0,1.0,2,5.0,3.0,3.0,6,6,3.0,1.0,4.0,1.0,2.0,2.0,0.0,2.0,0.0,1.0
0.39,0.0,5.0,1.0,,0.05263,1,4.0,2.0,2,4.0,3.0,3.0,38,5,3.0,1.0,4.0,1.0,2.0,3.0,1.0,2.0,0.0,0.0
0.16,0.0,3.0,1.0,3.0,0.21053,1,3.0,1.0,2,3.0,4.0,3.0,23,1,2.0,2.0,2.0,3.0,2.0,1.0,1.0,2.0,0.0,0.0
0.19,1.0,5.0,1.0,2.0,0.05263,1,2.0,1.0,2,4.0,3.0,3.0,16,6,1.0,2.0,3.0,2.0,2.0,2.0,1.0,3.0,0.0,1.0
0.16,0.0,3.0,3.0,2.0,0.05263,0,2.0,2.0,1,3.0,5.0,3.0,24,3,2.0,2.0,4.0,4.0,1.0,1.0,0.0,2.0,1.0,1.0
0.16,0.0,1.0,3.0,2.0,0.05263,0,4.0,2.0,2,3.0,3.0,3.0,30,3,3.0,1.0,4.0,1.0,1.0,1.0,0.0,3.0,0.0,0.0
0.13,0.0,0.0,1.0,3.0,0.36842,0,3.0,2.0,1,4.0,6.0,2.0,11,5,3.0,1.0,4.0,5.0,2.0,1.0,0.0,3.0,0.0,1.0
0.31,1.0,1.0,3.0,2.0,0.0,0,5.0,2.0,1,5.0,5.0,2.0,34,3,2.0,2.0,,4.0,1.0,1.0,0.0,4.0,1.0,1.0
0.01,1.0,5.0,1.0,2.0,0.05263,1,1.0,2.0,1,5.0,4.0,2.0,1,6,2.0,2.0,4.0,1.0,1.0,3.0,1.0,3.0,0.0,1.0
0.42,1.0,3.0,1.0,2.0,0.05263,0,3.0,1.0,2,4.0,4.0,3.0,33,8,3.0,2.0,4.0,1.0,2.0,2.0,1.0,3.0,0.0,1.0
0.2,1.0,0.0,1.0,3.0,0.05263,1,4.0,2.0,1,4.0,6.0,2.0,20,9,2.0,2.0,4.0,2.0,2.0,2.0,0.0,3.0,1.0,0.0
0.18,1.0,3.0,1.0,,0.05263,0,4.0,2.0,1,4.0,1.0,2.0,11,6,2.0,2.0,2.0,1.0,2.0,3.0,0.0,3.0,1.0,1.0
0.53,1.0,0.0,1.0,,0.05263,0,3.0,1.0,2,2.0,6.0,3.0,58,2,2.0,2.0,4.0,5.0,1.0,1.0,0.0,2.0,0.0,0.0
0.17,1.0,0.0,1.0,2.0,0.05263,0,2.0,2.0,1,3.0,3.0,3.0,23,4,2.0,2.0,4.0,4.0,2.0,1.0,0.0,3.0,1.0,0.0
0.27,0.0,4.0,1.0,3.0,0.05263,1,2.0,2.0,2,4.0,6.0,3.0,13,8,3.0,2.0,4.0,1.0,2.0,2.0,1.0,3.0,0.0,1.0
0.23,0.0,2.0,1.0,2.0,0.47368,1,3.0,1.0,2,3.0,4.0,3.0,15,9,3.0,1.0,2.0,1.0,2.0,1.0,1.0,2.0,0.0,1.0
0.14,0.0,0.0,1.0,4.0,0.15789,1,2.0,2.0,2,3.0,6.0,3.0,14,9,3.0,1.0,1.0,4.0,1.0,2.0,1.0,2.0,0.0,0.0
0.08,1.0,1.0,1.0,2.0,0.05263,0,1.0,2.0,1,5.0,5.0,2.0,8,7,2.0,2.0,3.0,6.0,2.0,1.0,0.0,2.0,1.0,1.0
0.34,1.0,2.0,1.0,2.0,0.05263,1,3.0,1.0,1,5.0,6.0,2.0,29,6,1.0,2.0,2.0,1.0,2.0,3.0,1.0,2.0,0.0,1.0
0.09,1.0,1.0,1.0,2.0,0.21053,0,1.0,2.0,1,4.0,2.0,2.0,21,2,2.0,2.0,4.0,1.0,2.0,2.0,1.0,3.0,1.0,0.0
0.23,1.0,1.0,3.0,2.0,0.05263,0,3.0,2.0,1,5.0,3.0,2.0,29,5,2.0,2.0,4.0,1.0,2.0,1.0,0.0,2.0,1.0,0.0
0.57,,2.0,,,0.10526,0,5.0,1.0,2,6.0,6.0,3.0,55,2,1.0,1.0,1.0,6.0,2.0,4.0,0.0,2.0,0.0,1.0
0.06,0.0,0.0,1.0,2.0,0.05263,1,3.0,2.0,1,5.0,6.0,2.0,7,4,2.0,2.0,3.0,1.0,1.0,1.0,0.0,3.0,1.0,1.0
0.05,0.0,2.0,1.0,2.0,0.05263,1,3.0,1.0,1,4.0,6.0,1.0,5,6,2.0,2.0,4.0,1.0,3.0,2.0,0.0,3.0,1.0,0.0
0.02,1.0,,1.0,2.0,0.05263,1,1.0,2.0,1,5.0,5.0,1.0,9,5,2.0,2.0,2.0,1.0,,,1.0,2.0,1.0,1.0
0.14,0.0,5.0,1.0,2.0,0.10526,0,3.0,2.0,1,4.0,6.0,2.0,14,9,3.0,1.0,2.0,2.0,3.0,2.0,0.0,3.0,1.0,0.0
0.08,0.0,5.0,1.0,1.0,0.26316,1,1.0,2.0,1,5.0,6.0,1.0,11,9,2.0,2.0,3.0,2.0,3.0,3.0,1.0,4.0,1.0,1.0
0.01,0.0,0.0,1.0,,0.05263,0,3.0,2.0,2,3.0,6.0,3.0,4,8,3.0,1.0,4.0,3.0,2.0,1.0,0.0,2.0,0.0,0.0
0.2,1.0,3.0,3.0,2.0,0.05263,0,1.0,1.0,1,5.0,6.0,2.0,46,4,2.0,2.0,4.0,1.0,2.0,1.0,0.0,3.0,1.0,1.0
0.17,0.0,10.0,1.0,1.0,0.05263,0,3.0,1.0,1,5.0,3.0,1.0,22,5,2.0,2.0,2.0,3.0,2.0,4.0,0.0,3.0,1.0,1.0
0.54,0.0,0.0,3.0,3.0,0.05263,0,5.0,2.0,1,4.0,5.0,3.0,49,3,2.0,2.0,5.0,2.0,1.0,1.0,0.0,3.0,1.0,0.0
0.28,1.0,0.0,1.0,2.0,0.05263,0,3.0,1.0,1,4.0,5.0,3.0,38,2,2.0,2.0,4.0,1.0,1.0,1.0,0.0,2.0,0.0,0.0
0.22,0.0,2.0,1.0,3.0,0.10526,0,5.0,2.0,2,4.0,3.0,3.0,25,2,2.0,1.0,3.0,2.0,2.0,2.0,0.0,3.0,0.0,0.0
0.3,0.0,4.0,3.0,1.0,0.05263,0,5.0,1.0,1,4.0,3.0,2.0,29,7,3.0,1.0,,2.0,2.0,1.0,0.0,2.0,0.0,1.0
0.08,1.0,0.0,3.0,1.0,0.05263,0,5.0,1.0,1,5.0,5.0,1.0,22,8,2.0,2.0,1.0,3.0,2.0,2.0,1.0,3.0,1.0,1.0
0.03,1.0,0.0,1.0,2.0,0.10526,0,5.0,1.0,2,4.0,6.0,2.0,12,8,2.0,2.0,4.0,1.0,2.0,1.0,0.0,3.0,0.0,0.0
0.09,0.0,0.0,1.0,4.0,0.21053,0,2.0,1.0,2,6.0,3.0,3.0,12,8,1.0,2.0,3.0,2.0,2.0,1.0,1.0,2.0,0.0,0.0
0.03,1.0,2.0,1.0,2.0,0.31579,0,2.0,1.0,1,4.0,5.0,2.0,2,6,2.0,2.0,3.0,5.0,2.0,1.0,0.0,2.0,1.0,1.0
0.38,1.0,1.0,3.0,2.0,0.0,0,3.0,1.0,2,4.0,4.0,3.0,45,2,2.0,2.0,,3.0,1.0,1.0,0.0,2.0,0.0,0.0
0.04,1.0,0.0,1.0,2.0,0.05263,1,2.0,1.0,1,5.0,5.0,1.0,11,9,3.0,1.0,4.0,4.0,2.0,1.0,1.0,4.0,1.0,1.0
0.55,1.0,2.0,3.0,,0.05263,0,2.0,1.0,1,5.0,5.0,1.0,53,2,3.0,1.0,2.0,3.0,1.0,1.0,0.0,2.0,1.0,1.0
0.09,1.0,0.0,1.0,2.0,0.05263,0,3.0,2.0,1,5.0,6.0,1.0,14,8,2.0,2.0,4.0,1.0,2.0,1.0,0.0,4.0,1.0,1.0
0.49,0.0,0.0,3.0,1.0,0.05263,0,5.0,1.0,2,4.0,2.0,3.0,38,2,3.0,1.0,,1.0,1.0,1.0,0.0,2.0,0.0,0.0
0.32,1.0,0.0,1.0,3.0,0.05263,1,5.0,2.0,2,3.0,6.0,3.0,20,8,2.0,2.0,3.0,6.0,2.0,1.0,1.0,3.0,0.0,1.0
0.16,0.0,0.0,1.0,1.0,0.26316,0,1.0,2.0,1,4.0,6.0,2.0,12,9,2.0,2.0,3.0,1.0,2.0,2.0,0.0,4.0,1.0,0.0
0.45,1.0,0.0,1.0,,0.05263,0,5.0,1.0,1,4.0,6.0,2.0,53,3,3.0,1.0,3.0,1.0,2.0,1.0,0.0,3.0,0.0,1.0
0.04,1.0,1.0,1.0,2.0,0.05263,1,2.0,1.0,1,4.0,5.0,1.0,5,3,3.0,1.0,4.0,5.0,2.0,1.0,1.0,3.0,1.0,1.0
0.51,0.0,3.0,3.0,3.0,0.05263,0,4.0,1.0,2,3.0,3.0,3.0,40,6,2.0,2.0,2.0,3.0,3.0,2.0,0.0,2.0,0.0,1.0
0.1,0.0,1.0,1.0,1.0,0.10526,0,1.0,2.0,1,4.0,6.0,2.0,12,9,3.0,1.0,4.0,1.0,2.0,1.0,0.0,3.0,0.0,1.0
0.32,1.0,5.0,3.0,,0.0,0,5.0,2.0,1,4.0,5.0,1.0,35,5,2.0,2.0,,2.0,1.0,2.0,0.0,4.0,1.0,1.0
0.07,1.0,0.0,1.0,2.0,0.05263,0,3.0,2.0,2,5.0,5.0,3.0,8,8,3.0,1.0,5.0,3.0,2.0,1.0,0.0,2.0,0.0,1.0
0.1,0.0,0.0,1.0,3.0,0.31579,0,3.0,2.0,1,4.0,3.0,2.0,11,3,2.0,2.0,4.0,3.0,2.0,1.0,0.0,3.0,1.0,1.0
0.05,1.0,0.0,1.0,3.0,0.10526,0,2.0,2.0,1,5.0,1.0,2.0,5,7,2.0,2.0,4.0,3.0,2.0,2.0,0.0,2.0,1.0,1.0
0.15,0.0,1.0,1.0,2.0,0.10526,0,2.0,2.0,1,5.0,6.0,2.0,20,2,2.0,2.0,4.0,1.0,2.0,1.0,0.0,4.0,1.0,0.0
