NSID	W8HISTID	W8HIST	W8WORKHRSP	W8STUDYHRSP	W8USUALP	W8SICKHRSP	W8HISTSTPM	W8HISTSTPY	W8DACTIVITYP
NS10001S	1	1	1	-1	-1	-1	5	2007	1
NS10004W	1	1	1	-1	-1	-1	7	2011	1
NS10004W	2	5	-1	1	3	-1	9	2008	6
NS10011M	1	4	-1	-1	-1	-1	2	2012	5
NS10011M	2	1	1	-1	-1	-1	5	2009	1
NS10020F	1	4	-1	-1	-1	-1	1	2011	5
NS10020F	2	5	-1	1	3	-1	9	2009	6
NS10021G	1	6	1	-1	-1	-1	9	2014	12
NS10021G	2	1	1	-1	-1	-1	3	2011	1
NS10021G	3	4	-1	-1	-1	-1	9	2010	5
NS10021G	4	1	1	-1	-1	-1	5	2010	1
NS10026M	1	1	1	-1	-1	-1	5	2006	1
NS10027N	1	5	-1	1	3	-1	9	2008	6
NS10029Q	1	1	1	-1	-1	-1	-8	-8	1
NS10030A	1	1	1	-1	-1	-1	9	2006	1
NS10031B	1	1	1	-1	-1	-1	11	2009	1
NS10033D	1	1	1	-1	-1	-1	9	2011	1
NS10033D	2	5	-1	1	3	-1	9	2009	6
NS10036G	1	4	-1	-1	-1	-1	4	2009	5
NS10038J	1	1	1	-1	-1	-1	6	2010	1
NS10039K	1	1	1	-1	-1	-1	1	2015	1
NS10039K	2	1	1	-1	-1	-1	7	2012	1
NS10039K	3	1	1	-1	-1	-1	9	2010	1
NS10039K	4	5	-1	1	2	-1	9	2008	6
NS10040V	1	1	1	-1	-1	-1	7	1997	1
NS10041W	1	1	2	-1	-1	-1	9	2012	2
NS10041W	2	1	2	-1	-1	-1	6	2010	2
NS10042X	1	4	-1	-1	-1	-1	8	2010	5
NS10044Z	1	1	1	-1	-1	-1	1	2013	1
NS10044Z	2	5	-1	1	3	-1	10	2011	6
NS10044Z	3	5	-1	1	3	-1	9	2008	6
NS10045A	1	6	2	-1	-1	-1	9	2009	12
NS10047C	1	1	1	-1	-1	-1	9	2011	1
NS10047C	2	5	-1	1	3	-1	9	2008	6
NS10052R	1	5	-1	1	3	-1	9	2008	6
NS10053S	1	4	-1	-1	-1	-1	2	2013	5
NS10053S	2	3	1	-1	-1	-1	11	2011	11
NS10053S	3	9	-1	-1	-1	-1	7	2008	13
NS10055V	1	1	2	-1	-1	-1	3	2013	2
NS10055V	2	4	-1	-1	-1	-1	6	2012	5
NS10055V	3	5	-1	1	3	-1	6	2010	6
NS10056W	1	4	-1	-1	-1	-1	10	2014	5
NS10056W	2	1	2	-1	-1	-1	10	2014	2
NS10056W	3	5	-1	1	3	-1	9	2013	6
NS10056W	4	1	2	-1	-1	-1	6	2013	2
NS10056W	5	1	1	-1	-1	-1	3	2013	1
NS10056W	6	4	-1	-1	-1	-1	1	2013	5
NS10056W	7	1	1	-1	-1	-1	7	2012	1
NS10056W	8	5	-1	1	3	-1	9	2008	6
NS10059Z	1	1	2	-1	-1	-1	9	2011	2
NS10059Z	2	5	-1	1	3	-1	9	2008	6
NS10065P	1	1	1	-1	-1	-1	8	2008	1
NS10067R	1	1	1	-1	-1	-1	3	2014	1
NS10067R	2	1	2	-1	-1	-1	10	2011	2
NS10067R	3	1	1	-1	-1	-1	6	2011	1
NS10067R	4	1	1	-1	-1	-1	6	2008	1
NS10068S	1	1	1	-1	-1	-1	-8	2006	1
NS10072F	1	1	1	-1	-1	-1	3	2015	1
NS10072F	2	4	-1	-1	-1	-1	1	2015	5
NS10072F	3	1	1	-1	-1	-1	11	2014	1
NS10072F	4	4	-1	-1	-1	-1	10	2013	5
NS10072F	5	1	1	-1	-1	-1	8	2013	1
NS10072F	6	4	-1	-1	-1	-1	5	2012	5
NS10072F	7	5	-1	1	3	-1	9	2008	6
NS10074H	1	5	-1	1	3	-1	9	2012	6
NS10074H	2	1	1	-1	-1	-1	10	2011	1
NS10074H	3	1	2	-1	-1	-1	7	2011	2
NS10074H	4	5	-1	1	3	-1	9	2008	6
NS10076K	1	5	-1	1	3	-1	9	2008	6
NS10078M	1	1	2	-1	-1	-1	10	2011	2
NS10078M	2	1	1	-1	-1	-1	1	2010	1
NS10085D	1	4	-1	-1	-1	-1	5	2008	5
NS10085D	2	5	-1	2	2	-1	9	2006	7
NS10086E	1	5	-1	1	3	-1	9	2009	6
NS10090S	1	1	1	-1	-1	-1	8	2013	1
NS10090S	2	5	-1	1	3	-1	4	2012	6
NS10090S	3	1	1	-1	-1	-1	4	2007	1
NS10094X	1	4	-1	-1	-1	-1	3	2013	5
NS10094X	2	1	1	-1	-1	-1	7	2012	1
NS10094X	3	1	1	-1	-1	-1	7	2011	1
NS10094X	4	5	-1	1	3	-1	10	2008	6
NS10095Y	1	1	1	-1	-1	-1	11	2011	1
NS10095Y	2	1	1	-1	-1	-1	6	2011	1
NS10095Y	3	5	-1	1	3	-1	9	2008	6
NS10097A	1	1	1	-1	-1	-1	3	2012	1
NS10097A	2	7	-1	-1	-1	-1	1	2010	8
NS10097A	3	5	-1	1	2	-1	9	2008	6
NS10100T	1	5	-1	1	3	-1	9	2009	6
NS10101V	1	1	2	-1	-1	-1	7	2011	2
NS10101V	2	1	2	-1	-1	-1	-8	2008	2
NS10104Y	1	1	2	-1	-1	-1	6	2009	2
NS10104Y	2	5	-1	1	3	-1	9	2008	6
NS10104Y	3	5	-1	1	2	-1	9	2007	6
NS10104Y	4	5	-1	1	1	-1	9	1994	6
NS10105Z	1	1	2	-1	-1	-1	11	2013	2
NS10105Z	2	5	-1	1	3	-1	9	2011	6
NS10105Z	3	6	1	-1	-1	-1	9	2010	12
NS10105Z	4	4	-1	-1	-1	-1	4	2010	5
NS10115T	1	1	1	-1	-1	-1	1	2012	1
NS10115T	2	2	1	-1	-1	-1	1	2011	3
NS10115T	3	6	1	-1	-1	-1	9	2006	12
NS10118X	1	1	2	-1	-1	-1	9	2013	2
NS10118X	2	1	2	-1	-1	-1	5	2010	2
NS10118X	3	4	-1	-1	-1	-1	4	2010	5
NS10118X	4	4	-1	-1	-1	-1	6	2009	5
NS10118X	5	1	2	-1	-1	-1	3	2009	2
NS10118X	6	3	2	-1	-1	-1	6	2008	11
NS10118X	7	1	1	-1	-1	-1	10	2007	1
NS10118X	8	1	1	-1	-1	-1	1	2007	1
NS10118X	9	1	1	-1	-1	-1	10	2006	1
NS10118X	10	4	-1	-1	-1	-1	9	2006	5
NS10120H	1	1	2	-1	-1	-1	10	2012	2
NS10120H	2	1	2	-1	-1	-1	6	2012	2
NS10120H	3	1	2	-1	-1	-1	1	2009	2
NS10121J	1	1	2	-1	-1	-1	10	2009	2
NS10128R	1	1	1	-1	-1	-1	2	2015	1
NS10128R	2	1	1	-1	-1	-1	3	2011	1
NS10128R	3	5	-1	2	4	-1	3	2010	7
NS10131D	1	1	1	-1	-1	-1	7	2015	1
NS10131D	2	1	2	-1	-1	-1	2	2015	2
NS10131D	3	4	-1	-1	-1	-1	10	2014	5
NS10131D	4	1	1	-1	-1	-1	6	2013	1
NS10131D	5	5	-1	1	3	-1	9	2011	6
NS10131D	6	5	-1	1	2	-1	9	2009	6
NS10134G	1	1	1	-1	-1	-1	12	2015	1
NS10134G	2	1	1	-1	-1	-1	4	2015	1
NS10134G	3	4	-1	-1	-1	-1	10	2014	5
NS10134G	4	5	-1	1	3	-1	10	2013	6
NS10134G	5	1	1	-1	-1	-1	2	2013	1
NS10134G	6	4	-1	-1	-1	-1	10	2012	5
NS10134G	7	1	1	-1	-1	-1	10	2011	1
NS10134G	8	1	2	-1	-1	-1	3	2010	2
NS10137K	1	1	1	-1	-1	-1	12	2010	1
NS10137K	2	8	-1	-1	-1	2	4	2009	10
NS10138L	1	1	2	-1	-1	-1	9	2014	2
NS10138L	2	5	-1	1	3	-1	9	2009	6
NS10146D	1	1	1	-1	-1	-1	7	2013	1
NS10146D	2	5	-1	1	3	-1	9	2009	6
NS10147E	1	1	1	-1	-1	-1	5	2007	1
NS10148F	1	1	1	-1	-1	-1	6	2006	1
NS10153V	1	5	-1	1	2	-1	9	2006	6
NS10155X	1	1	1	-1	-1	-1	9	2012	1
NS10155X	2	1	1	-1	-1	-1	9	2011	1
NS10155X	3	5	-1	1	3	-1	9	2008	6
NS10158A	1	1	1	-1	-1	-1	3	2013	1
NS10158A	2	5	-1	1	3	-1	9	2011	6
NS10158A	3	4	-1	-1	-1	-1	7	2011	5
NS10158A	4	5	-1	1	3	-1	9	2009	6
NS10160L	1	1	1	-1	-1	-1	6	2010	1
NS10164Q	1	5	-1	1	3	-1	10	2009	6
NS10165R	1	1	1	-1	-1	-1	7	2012	1
NS10165R	2	6	1	-1	-1	-1	9	2008	12
NS10167T	1	1	2	-1	-1	-1	8	2008	2
NS10168V	1	2	2	-1	-1	-1	12	2015	4
NS10168V	2	1	2	-1	-1	-1	5	2011	2
NS10168V	3	5	-1	1	2	-1	9	2008	6
NS10169W	1	1	1	-1	-1	-1	9	2008	1
NS10169W	2	5	-1	1	1	-1	9	2006	6
NS10170F	1	1	1	-1	-1	-1	9	2011	1
NS10170F	2	5	-1	1	3	-1	9	2008	6
NS10171G	1	1	1	-1	-1	-1	6	2014	1
NS10171G	2	2	1	-1	-1	-1	12	2010	3
NS10171G	3	4	-1	-1	-1	-1	9	2007	5
NS10173J	1	4	-1	-1	-1	-1	7	2013	5
NS10173J	2	5	-1	1	3	-1	9	2012	6
NS10173J	3	5	-1	1	3	-1	10	2008	6
NS10174K	1	1	1	-1	-1	-1	3	2015	1
NS10174K	2	1	2	-1	-1	-1	10	2014	2
NS10174K	3	1	1	-1	-1	-1	6	2012	1
NS10174K	4	5	-1	1	3	-1	9	2009	6
NS10175L	1	1	1	-1	-1	-1	5	2008	1
NS10176M	1	5	-1	1	3	-1	9	2009	6
NS10176M	2	10	-1	-1	-1	-1	3	2009	14
NS10176M	3	5	-1	1	2	-1	9	2006	6
NS10177N	1	1	1	-1	-1	-1	7	2008	1
NS10177N	2	1	1	-1	-1	-1	6	2007	1
NS10177N	3	5	-1	1	1	-1	9	2001	6
NS10189K	1	4	-1	-1	-1	-1	6	2016	5
NS10189K	2	1	1	-1	-1	-1	8	2014	1
NS10189K	3	4	-1	-1	-1	-1	6	2014	5
NS10189K	4	1	1	-1	-1	-1	5	2012	1
NS10189K	5	5	-1	1	3	-1	9	2010	6
NS10190V	1	1	1	-1	-1	-1	6	2010	1
NS10190V	2	5	-1	1	2	-1	9	2006	6
NS10191W	1	5	-1	1	3	-1	7	2009	6
NS10191W	2	5	-1	1	1	-1	9	2001	6
NS10197C	1	1	2	-1	-1	-1	10	2007	2
NS10198D	1	5	-1	1	2	-1	9	2007	6
NS10198D	2	5	-1	1	1	-1	1	2006	6
NS10201X	1	1	1	-1	-1	-1	5	2009	1
NS10205B	1	1	1	-1	-1	-1	9	2006	1
NS10206C	1	1	1	-1	-1	-1	-9	-9	1
NS10213T	1	5	-1	1	3	-1	9	2008	6
NS10215W	1	9	-1	-1	-1	-1	10	2014	13
NS10215W	2	1	1	-1	-1	-1	4	2012	1
NS10215W	3	5	-1	1	3	-1	9	2008	6
NS10215W	4	5	-1	1	1	-1	10	1995	6
NS10217Y	1	1	2	-1	-1	-1	8	2013	2
NS10217Y	2	5	-1	1	3	-1	9	2010	6
NS10217Y	3	5	-1	1	2	-1	9	2007	6
NS10218Z	1	1	1	-1	-1	-1	2	2013	1
NS10218Z	2	5	-1	1	3	-1	9	2008	6
NS10219A	1	5	-1	1	3	-1	9	2010	6
NS10222M	1	1	1	-1	-1	-1	11	2011	1
NS10222M	2	1	1	-1	-1	-1	10	2007	1
NS10225Q	1	10	-1	-1	-1	-1	6	2013	14
NS10225Q	2	10	-1	-1	-1	-1	6	2013	14
NS10225Q	3	5	-1	1	3	-1	9	2012	6
NS10225Q	4	1	2	-1	-1	-1	10	2011	2
NS10225Q	5	5	-1	1	3	-1	9	2009	6
NS10227S	1	1	1	-1	-1	-1	1	2012	1
NS10227S	2	1	1	-1	-1	-1	10	2010	1
NS10227S	3	1	1	-1	-1	-1	2	2009	1
NS10232G	1	5	-1	1	3	-1	9	2008	6
NS10232G	2	5	-1	1	2	-1	9	2006	6
NS10239P	1	4	-1	-1	-1	-1	1	2012	5
NS10239P	2	6	1	-1	-1	-1	8	2008	12
NS10245E	1	5	-1	1	3	-1	9	2009	6
NS10246F	1	5	-1	1	3	-1	9	2012	6
NS10246F	2	1	2	-1	-1	-1	9	2010	2
NS10246F	3	5	-1	1	2	-1	9	2001	6
NS10251V	1	1	1	-1	-1	-1	8	2006	1
NS10252W	1	1	1	-1	-1	-1	8	2012	1
NS10252W	2	5	-1	1	3	-1	9	2008	6
NS10253X	1	1	1	-1	-1	-1	6	2014	1
NS10253X	2	2	1	-1	-1	-1	6	2013	3
NS10253X	3	1	1	-1	-1	-1	7	2009	1
NS10255Z	1	1	1	-1	-1	-1	8	2015	1
NS10255Z	2	1	1	-1	-1	-1	10	2013	1
NS10255Z	3	4	-1	-1	-1	-1	2	2013	5
NS10255Z	4	1	1	-1	-1	-1	10	2012	1
NS10255Z	5	-8	-1	-1	-1	-1	-8	-8	-8
NS10256A	1	1	1	-1	-1	-1	1	2012	1
NS10256A	2	1	2	-1	-1	-1	11	2007	2
NS10258C	1	1	1	-1	-1	-1	9	2009	1
NS10259D	1	1	1	-1	-1	-1	-8	-8	1
NS10262Q	1	1	1	-1	-1	-1	3	2011	1
NS10262Q	2	1	1	-1	-1	-1	10	2010	1
NS10262Q	3	10	-1	-1	-1	-1	8	2010	14
NS10262Q	4	1	1	-1	-1	-1	8	2009	1
NS10265T	1	1	1	-1	-1	-1	3	2014	1
NS10265T	2	1	1	-1	-1	-1	12	2012	1
NS10265T	3	5	-1	1	3	-1	9	2011	6
NS10265T	4	5	-1	1	3	-1	9	2008	6
NS10266V	1	1	2	-1	-1	-1	9	2012	2
NS10266V	2	5	-1	1	3	-1	9	2009	6
NS10270H	1	1	1	-1	-1	-1	8	2015	1
NS10270H	2	5	-1	1	3	-1	7	2013	6
NS10270H	3	5	-1	1	3	-1	9	2009	6
NS10281D	1	1	1	-1	-1	-1	3	2015	1
NS10281D	2	1	1	-1	-1	-1	12	2014	1
NS10281D	3	1	1	-1	-1	-1	9	2014	1
NS10281D	4	5	-1	1	3	-1	9	2008	6
NS10281D	5	5	-1	1	1	-1	9	2001	6
NS10287K	1	1	2	-1	-1	-1	11	2013	2
NS10287K	2	4	-1	-1	-1	-1	10	2013	5
NS10287K	3	1	2	-1	-1	-1	8	2013	2
NS10287K	4	4	-1	-1	-1	-1	7	2013	5
NS10287K	5	1	2	-1	-1	-1	8	2012	2
NS10287K	6	5	-1	1	3	-1	9	2008	6
NS10288L	1	1	1	-1	-1	-1	6	2011	1
NS10288L	2	5	-1	1	3	-1	9	2008	6
NS10290X	1	1	2	-1	-1	-1	7	2007	2
NS10291Y	1	1	1	-1	-1	-1	6	2014	1
NS10291Y	2	10	-1	-1	-1	-1	1	2013	14
NS10291Y	3	1	2	-1	-1	-1	5	2008	2
NS10293A	1	1	1	-1	-1	-1	1	2008	1
NS10293A	2	1	2	-1	-1	-1	2	2007	2
NS10293A	3	1	1	-1	-1	-1	6	2006	1
NS10294B	1	1	1	-1	-1	-1	10	2011	1
NS10294B	2	4	-1	-1	-1	-1	7	2011	5
NS10294B	3	5	-1	1	3	-1	8	2008	6
NS10295C	1	1	1	-1	-1	-1	7	2012	1
NS10295C	2	1	1	-1	-1	-1	10	2011	1
NS10295C	3	1	2	-1	-1	-1	4	2011	2
NS10295C	4	5	-1	1	3	-1	9	2008	6
NS10298F	1	1	1	-1	-1	-1	11	2013	1
NS10298F	2	1	1	-1	-1	-1	1	2013	1
NS10298F	3	1	2	-1	-1	-1	7	2011	2
NS10298F	4	5	-1	1	3	-1	9	2009	6
NS10298F	5	5	-1	1	2	-1	9	2007	6
NS10298F	6	5	-1	1	1	-1	9	2006	6
NS10299G	1	1	1	-1	-1	-1	9	2012	1
NS10299G	2	5	-1	1	3	-1	9	2008	6
NS10307F	1	10	-1	-1	-1	-1	2	2015	14
NS10307F	2	1	1	-1	-1	-1	9	2014	1
NS10307F	3	1	1	-1	-1	-1	5	2014	1
NS10307F	4	1	1	-1	-1	-1	1	2014	1
NS10307F	5	1	1	-1	-1	-1	8	2013	1
NS10307F	6	1	1	-1	-1	-1	5	2013	1
NS10307F	7	1	1	-1	-1	-1	3	2013	1
NS10307F	8	1	2	-1	-1	-1	6	2012	2
NS10307F	9	5	-1	1	3	-1	9	2009	6
NS10309H	1	3	2	-1	-1	-1	1	2014	11
NS10309H	2	5	-1	1	3	-1	10	2010	6
NS10309H	3	5	-1	1	2	-1	9	2009	6
NS10309H	4	5	-1	1	2	-1	9	2008	6
NS10309H	5	5	-1	1	2	-1	9	2007	6
NS10309H	6	5	-1	1	2	-1	9	2006	6
NS10312V	1	5	-1	1	3	-1	9	2008	6
NS10314X	1	1	1	-1	-1	-1	6	2013	1
NS10314X	2	4	-1	-1	-1	-1	6	2005	5
NS10315Y	1	1	1	-1	-1	-1	12	2014	1
NS10315Y	2	1	1	-1	-1	-1	3	2014	1
NS10315Y	3	4	-1	-1	-1	-1	12	2013	5
NS10315Y	4	1	1	-1	-1	-1	5	2012	1
NS10315Y	5	1	1	-1	-1	-1	3	2010	1
NS10317A	1	5	-1	1	3	-1	9	2008	6
NS10322P	1	1	2	-1	-1	-1	2	2008	2
NS10328W	1	1	1	-1	-1	-1	5	2011	1
NS10328W	2	5	-1	1	3	-1	9	2008	6
NS10336N	1	1	1	-1	-1	-1	8	2012	1
NS10336N	2	5	-1	1	3	-1	9	2009	6
NS10343E	1	5	-1	1	3	-1	10	2009	6
NS10346H	1	1	2	-1	-1	-1	4	2009	2
NS10350W	1	4	-1	-1	-1	-1	8	2009	5
NS10352Y	1	1	1	-1	-1	-1	9	2013	1
NS10352Y	2	5	-1	1	3	-1	9	2009	6
NS10354A	1	4	-1	-1	-1	-1	7	2015	5
NS10354A	2	1	1	-1	-1	-1	7	2013	1
NS10354A	3	1	1	-1	-1	-1	11	2012	1
NS10354A	4	1	1	-1	-1	-1	5	2011	1
NS10354A	5	5	-1	1	3	-1	9	2008	6
NS10355B	1	1	1	-1	-1	-1	9	2011	1
NS10355B	2	5	-1	1	3	-1	9	2008	6
NS10357D	1	5	-1	1	4	-1	9	2013	6
NS10357D	2	1	1	-1	-1	-1	2	2012	1
NS10357D	3	1	2	-1	-1	-1	8	2011	2
NS10357D	4	5	-1	1	3	-1	9	2008	6
NS10358E	1	1	2	-1	-1	-1	6	2006	2
NS10362S	1	1	1	-1	-1	-1	9	2011	1
NS10362S	2	5	-1	1	3	-1	10	2008	6
NS10363T	1	5	-1	1	3	-1	9	2009	6
NS10364V	1	1	1	-1	-1	-1	9	2012	1
NS10364V	2	4	-1	-1	-1	-1	7	2012	5
NS10364V	3	5	-1	1	3	-1	9	2009	6
NS10364V	4	10	-1	-1	-1	-1	2	2009	14
NS10364V	5	1	2	-1	-1	-1	7	2008	2
NS10365W	1	4	-1	-1	-1	-1	11	2012	5
NS10365W	2	1	2	-1	-1	-1	9	2006	2
NS10374P	1	1	1	-1	-1	-1	9	2011	1
NS10374P	2	1	1	-1	-1	-1	1	2010	1
NS10374P	3	1	1	-1	-1	-1	9	2007	1
NS10374P	4	4	-1	-1	-1	-1	6	2006	5
NS10375Q	1	1	1	-1	-1	-1	7	2015	1
NS10375Q	2	4	-1	-1	-1	-1	5	2015	5
NS10375Q	3	10	-1	-1	-1	-1	2	2015	14
NS10375Q	4	1	1	-1	-1	-1	11	2014	1
NS10375Q	5	1	1	-1	-1	-1	7	2014	1
NS10375Q	6	1	1	-1	-1	-1	10	2013	1
NS10375Q	7	10	-1	-1	-1	-1	10	2012	14
NS10375Q	8	1	1	-1	-1	-1	10	2010	1
NS10375Q	9	5	-1	2	2	-1	9	2008	7
NS10381F	1	5	-1	1	2	-1	9	2014	6
NS10381F	2	5	-1	1	2	-1	9	2013	6
NS10381F	3	9	-1	-1	-1	-1	12	2010	13
NS10381F	4	1	1	-1	-1	-1	1	2008	1
NS10381F	5	4	-1	-1	-1	-1	10	2006	5
NS10381F	6	5	-1	1	1	-1	9	2002	6
NS10384J	1	5	-1	1	2	-1	9	2013	6
NS10384J	2	2	1	-1	-1	-1	8	2008	3
NS10384J	3	1	1	-1	-1	-1	1	2007	1
NS10387M	1	1	1	-1	-1	-1	7	2008	1
NS10387M	2	5	-1	1	1	-1	9	2001	6
NS10388N	1	5	-1	1	3	-1	9	2008	6
NS10391A	1	5	-1	1	3	-1	9	2008	6
NS10393C	1	1	1	-1	-1	-1	4	2011	1
NS10393C	2	5	-1	1	3	-1	9	2008	6
NS10394D	1	1	1	-1	-1	-1	7	2012	1
NS10394D	2	1	1	-1	-1	-1	5	2012	1
NS10394D	3	1	2	-1	-1	-1	8	2007	2
NS10396F	1	3	1	-1	-1	-1	7	2011	11
NS10396F	2	5	-1	1	3	-1	9	2008	6
NS10397G	1	1	1	-1	-1	-1	11	2006	1
NS10401B	1	1	1	-1	-1	-1	3	2015	1
NS10401B	2	1	1	-1	-1	-1	1	2014	1
NS10401B	3	1	1	-1	-1	-1	9	2013	1
NS10401B	4	1	1	-1	-1	-1	8	2012	1
NS10401B	5	1	1	-1	-1	-1	8	2009	1
NS10401B	6	1	1	-1	-1	-1	9	2008	1
NS10401B	7	1	2	-1	-1	-1	6	2006	2
NS10402C	1	1	1	-1	-1	-1	7	2015	1
NS10402C	2	1	1	-1	-1	-1	7	2015	1
NS10402C	3	1	2	-1	-1	-1	7	2015	2
NS10402C	4	5	-1	1	3	-1	9	2014	6
NS10402C	5	4	-1	-1	-1	-1	9	2012	5
NS10402C	6	5	-1	1	3	-1	9	2008	6
NS10406G	1	1	1	-1	-1	-1	11	2012	1
NS10406G	2	1	2	-1	-1	-1	8	2010	2
NS10406G	3	5	-1	1	3	-1	9	2009	6
NS10407H	1	4	-1	-1	-1	-1	6	2012	5
NS10407H	2	5	-1	1	3	-1	9	2008	6
NS10409K	1	1	1	-1	-1	-1	3	2012	1
NS10409K	2	5	-1	1	3	-1	9	2008	6
NS10411W	1	1	1	-1	-1	-1	3	2014	1
NS10411W	2	1	1	-1	-1	-1	7	2012	1
NS10411W	3	5	-1	1	3	-1	10	2008	6
NS10411W	4	5	-1	1	1	-1	9	2001	6
NS10413Y	1	5	-1	2	3	-1	9	2012	7
NS10413Y	2	5	-1	1	3	-1	9	2009	6
NS10413Y	3	5	-1	1	2	-1	9	2006	6
NS10414Z	1	1	2	-1	-1	-1	7	2014	2
NS10414Z	2	4	-1	-1	-1	-1	-8	-8	5
NS10415A	1	1	2	-1	-1	-1	4	2008	2
NS10420P	1	1	1	-1	-1	-1	6	2011	1
NS10420P	2	5	-1	1	3	-1	9	2008	6
NS10421Q	1	4	-1	-1	-1	-1	12	2009	5
NS10421Q	2	10	-1	-1	-1	-1	12	2009	14
NS10421Q	3	10	-1	-1	-1	-1	-8	-8	14
NS10423S	1	1	2	-1	-1	-1	6	2007	2
NS10424T	1	1	1	-1	-1	-1	6	2011	1
NS10424T	2	5	-1	1	3	-1	9	2008	6
NS10426W	1	1	1	-1	-1	-1	2	2015	1
NS10426W	2	1	1	-1	-1	-1	6	2012	1
NS10426W	3	1	1	-1	-1	-1	1	2010	1
NS10427X	1	1	1	-1	-1	-1	7	2012	1
NS10427X	2	5	-1	1	3	-1	9	2009	6
NS10430J	1	1	1	-1	-1	-1	6	2013	1
NS10430J	2	1	1	-1	-1	-1	1	2013	1
NS10430J	3	1	1	-1	-1	-1	4	2012	1
NS10430J	4	1	1	-1	-1	-1	4	2011	1
NS10430J	5	1	2	-1	-1	-1	6	2006	2
NS10431K	1	5	-1	1	3	-1	9	2009	6
NS10434N	1	1	1	-1	-1	-1	1	2011	1
NS10434N	2	5	-1	1	3	-1	9	2008	6
NS10436Q	1	1	1	-1	-1	-1	12	2013	1
NS10436Q	2	5	-1	1	3	-1	9	2009	6
NS10437R	1	1	1	-1	-1	-1	9	2011	1
NS10437R	2	5	-1	1	3	-1	9	2008	6
NS10440D	1	1	1	-1	-1	-1	3	2013	1
NS10440D	2	1	2	-1	-1	-1	4	2012	2
NS10440D	3	10	-1	-1	-1	-1	4	2006	14
NS10444H	1	2	1	-1	-1	-1	8	2015	3
NS10444H	2	5	-1	1	3	-1	10	2012	6
NS10444H	3	5	-1	1	2	-1	9	2008	6
NS10444H	4	5	-1	1	1	-1	9	2003	6
NS10447L	1	1	1	-1	-1	-1	1	2011	1
NS10447L	2	5	-1	1	3	-1	9	2010	6
NS10447L	3	5	-1	1	2	-1	9	2009	6
NS10457F	1	1	1	-1	-1	-1	10	2008	1
NS10458G	1	1	1	-1	-1	-1	7	2012	1
NS10458G	2	5	-1	1	3	-1	9	2009	6
NS10458G	3	5	-1	1	2	-1	9	2006	6
NS10459H	1	5	-1	1	3	-1	9	2008	6
NS10460S	1	1	2	-1	-1	-1	11	2010	2
NS10460S	2	1	1	-1	-1	-1	4	2010	1
NS10460S	3	1	2	-1	-1	-1	12	2009	2
NS10460S	4	1	2	-1	-1	-1	6	2006	2
NS10461T	1	1	1	-1	-1	-1	9	2008	1
NS10463W	1	5	-1	1	3	-1	9	2009	6
NS10463W	2	5	-1	1	1	-1	9	2001	6
NS10465Y	1	1	1	-1	-1	-1	9	2008	1
NS10468B	1	1	2	-1	-1	-1	-8	-8	2
NS10472P	1	5	-1	1	3	-1	9	2008	6
NS10474R	1	5	-1	1	3	-1	10	2009	6
NS10475S	1	1	1	-1	-1	-1	9	2012	1
NS10475S	2	5	-1	1	3	-1	9	2009	6
NS10475S	3	1	1	-1	-1	-1	9	2008	1
NS10476T	1	5	-1	1	3	-1	9	2008	6
NS10477V	1	1	1	-1	-1	-1	6	2010	1
NS10478W	1	4	-1	-1	-1	-1	9	2008	5
NS10482J	1	1	1	-1	-1	-1	12	2009	1
NS10482J	2	5	-1	1	2	-1	9	2006	6
NS10483K	1	1	2	-1	-1	-1	7	2008	2
NS10485M	1	1	1	-1	-1	-1	9	2013	1
NS10485M	2	4	-1	-1	-1	-1	8	2009	5
NS10488Q	1	5	-1	1	3	-1	9	2009	6
NS10494F	1	1	1	-1	-1	-1	8	2013	1
NS10494F	2	8	-1	-1	-1	2	6	2012	10
NS10494F	3	1	1	-1	-1	-1	9	2010	1
NS10496H	1	1	1	-1	-1	-1	9	2013	1
NS10496H	2	5	-1	1	3	-1	10	2009	6
NS10504G	1	5	-1	1	3	-1	9	2013	6
NS10504G	2	1	2	-1	-1	-1	11	2012	2
NS10504G	3	1	1	-1	-1	-1	7	2011	1
NS10504G	4	5	-1	1	3	-1	9	2008	6
NS10506J	1	1	2	-1	-1	-1	9	2013	2
NS10506J	2	6	1	-1	-1	-1	1	2010	12
NS10507K	1	1	2	-1	-1	-1	12	2015	2
NS10507K	2	5	-1	1	2	-1	10	2014	6
NS10507K	3	5	-1	2	2	-1	9	2013	7
NS10507K	4	3	2	-1	-1	-1	11	2012	11
NS10507K	5	3	2	-1	-1	-1	8	2011	11
NS10507K	6	4	-1	-1	-1	-1	8	2010	5
NS10507K	7	5	-1	2	2	-1	8	2009	7
NS10511Y	1	1	1	-1	-1	-1	7	2014	1
NS10511Y	2	1	2	-1	-1	-1	7	2009	2
NS10511Y	3	10	-1	-1	-1	-1	7	2008	14
NS10511Y	4	5	-1	1	2	-1	9	2006	6
NS10512Z	1	4	-1	-1	-1	-1	10	2014	5
NS10512Z	2	1	2	-1	-1	-1	5	2014	2
NS10512Z	3	4	-1	-1	-1	-1	8	2013	5
NS10512Z	4	5	-1	1	3	-1	9	2010	6
NS10512Z	5	1	2	-1	-1	-1	12	2009	2
NS10513A	1	1	1	-1	-1	-1	1	2015	1
NS10513A	2	4	-1	-1	-1	-1	6	2013	5
NS10513A	3	5	-1	1	3	-1	10	2008	6
NS10514B	1	1	1	-1	-1	-1	9	2006	1
NS10516D	1	1	1	-1	-1	-1	9	2013	1
NS10516D	2	1	1	-1	-1	-1	2	2013	1
NS10516D	3	1	1	-1	-1	-1	9	2011	1
NS10516D	4	3	2	-1	-1	-1	6	2011	11
NS10516D	5	5	-1	1	3	-1	9	2008	6
NS10522T	1	1	1	-1	-1	-1	2	2012	1
NS10522T	2	5	-1	1	3	-1	9	2008	6
NS10524W	1	1	1	-1	-1	-1	5	2007	1
NS10525X	1	1	1	-1	-1	-1	2	2014	1
NS10525X	2	1	1	-1	-1	-1	8	2013	1
NS10525X	3	1	1	-1	-1	-1	4	2012	1
NS10525X	4	1	1	-1	-1	-1	9	2006	1
NS10528A	1	1	2	-1	-1	-1	1	2012	2
NS10528A	2	1	2	-1	-1	-1	6	2009	2
NS10530L	1	1	1	-1	-1	-1	6	2010	1
NS10531M	1	4	-1	-1	-1	-1	10	2014	5
NS10531M	2	1	1	-1	-1	-1	6	2013	1
NS10531M	3	1	1	-1	-1	-1	3	2012	1
NS10531M	4	4	-1	-1	-1	-1	7	2009	5
NS10532N	1	1	1	-1	-1	-1	9	2008	1
NS10533P	1	1	1	-1	-1	-1	6	2012	1
NS10533P	2	1	1	-1	-1	-1	5	2012	1
NS10533P	3	1	1	-1	-1	-1	9	2009	1
NS10533P	4	1	1	-1	-1	-1	7	2006	1
NS10537T	1	1	2	-1	-1	-1	8	2011	2
NS10537T	2	4	-1	-1	-1	-1	7	2008	5
NS10537T	3	5	-1	1	2	-1	9	2006	6
NS10542H	1	1	1	-1	-1	-1	11	2011	1
NS10542H	2	1	1	-1	-1	-1	11	2011	1
NS10542H	3	1	1	-1	-1	-1	7	2011	1
NS10542H	4	5	-1	1	3	-1	9	2008	6
NS10542H	5	5	-1	1	1	-1	9	2001	6
NS10544K	1	4	-1	-1	-1	-1	3	2012	5
NS10544K	2	4	-1	-1	-1	-1	5	2011	5
NS10544K	3	1	1	-1	-1	-1	6	2010	1
NS10546M	1	1	1	-1	-1	-1	2	2014	1
NS10546M	2	1	1	-1	-1	-1	11	2013	1
NS10546M	3	3	1	-1	-1	-1	1	2013	11
NS10546M	4	4	-1	-1	-1	-1	8	2012	5
NS10546M	5	5	-1	1	3	-1	9	2009	6
NS10548P	1	9	-1	-1	-1	-1	8	2010	13
NS10548P	2	5	-1	1	2	-1	-8	-8	6
NS10551B	1	1	2	-1	-1	-1	6	2010	2
NS10551B	2	10	-1	-1	-1	-1	4	2010	14
NS10551B	3	5	-1	1	3	-1	9	2008	6
NS10553D	1	1	1	-1	-1	-1	8	2012	1
NS10553D	2	5	-1	1	3	-1	9	2009	6
NS10555F	1	1	1	-1	-1	-1	10	2013	1
NS10555F	2	1	1	-1	-1	-1	3	2012	1
NS10555F	3	3	1	-1	-1	-1	9	2011	11
NS10555F	4	5	-1	1	3	-1	9	2008	6
NS10557H	1	1	1	-1	-1	-1	4	2012	1
NS10557H	2	1	1	-1	-1	-1	4	2011	1
NS10557H	3	2	1	-1	-1	-1	10	2009	3
NS10559K	1	1	1	-1	-1	-1	7	2015	1
NS10559K	2	1	1	-1	-1	-1	9	2013	1
NS10559K	3	5	-1	1	3	-1	9	2009	6
NS10559K	4	5	-1	1	2	-1	9	2008	6
NS10563Y	1	5	-1	1	3	-1	9	2008	6
NS10565A	1	5	-1	1	3	-1	9	2009	6
NS10566B	1	3	1	-1	-1	-1	3	2015	11
NS10566B	2	4	-1	-1	-1	-1	11	2014	5
NS10566B	3	3	1	-1	-1	-1	11	2013	11
NS10566B	4	1	1	-1	-1	-1	7	2011	1
NS10566B	5	5	-1	1	3	-1	9	2008	6
NS10568D	1	1	1	-1	-1	-1	6	2012	1
NS10568D	2	4	-1	-1	-1	-1	1	2012	5
NS10568D	3	1	1	-1	-1	-1	9	2007	1
NS10570P	1	1	1	-1	-1	-1	7	2014	1
NS10570P	2	1	1	-1	-1	-1	4	2012	1
NS10570P	3	1	2	-1	-1	-1	10	2009	2
NS10575V	1	1	1	-1	-1	-1	3	2015	1
NS10575V	2	1	1	-1	-1	-1	8	2014	1
NS10575V	3	1	1	-1	-1	-1	9	2012	1
NS10575V	4	1	2	-1	-1	-1	3	2012	2
NS10575V	5	3	1	-1	-1	-1	11	2011	11
NS10575V	6	1	1	-1	-1	-1	6	2011	1
NS10575V	7	5	-1	1	3	-1	9	2008	6
NS10578Y	1	1	1	-1	-1	-1	4	2014	1
NS10578Y	2	1	1	-1	-1	-1	9	2012	1
NS10578Y	3	5	-1	1	3	-1	9	2008	6
NS10581K	1	6	1	-1	-1	-1	7	2006	12
NS10582L	1	10	-1	-1	-1	-1	8	2011	14
NS10582L	2	5	-1	1	3	-1	10	2008	6
NS10584N	1	1	1	-1	-1	-1	9	2012	1
NS10584N	2	5	-1	1	3	-1	9	2009	6
NS10585P	1	1	1	-1	-1	-1	8	2014	1
NS10585P	2	7	-1	-1	-1	-1	8	2013	8
NS10585P	3	5	-1	1	3	-1	9	2008	6
NS10586Q	1	4	-1	-1	-1	-1	6	2012	5
NS10586Q	2	1	1	-1	-1	-1	6	2012	1
NS10586Q	3	-8	-1	-1	-1	-1	-8	-8	-8
NS10588S	1	5	-1	1	3	-1	9	2008	6
NS10590D	1	5	-1	1	3	-1	9	2008	6
NS10591E	1	5	-1	1	2	-1	9	2012	6
NS10591E	2	1	1	-1	-1	-1	7	2011	1
NS10591E	3	5	-1	1	3	-1	8	2008	6
NS10592F	1	1	1	-1	-1	-1	2	2012	1
NS10592F	2	1	2	-1	-1	-1	10	2011	2
NS10592F	3	4	-1	-1	-1	-1	7	2011	5
NS10592F	4	5	-1	1	3	-1	9	2008	6
NS10593G	1	1	1	-1	-1	-1	9	2009	1
NS10595J	1	3	2	-1	-1	-1	9	2011	11
NS10595J	2	4	-1	-1	-1	-1	9	2010	5
NS10597L	1	1	2	-1	-1	-1	4	2010	2
NS10598M	1	1	1	-1	-1	-1	5	2015	1
NS10598M	2	1	1	-1	-1	-1	2	2014	1
NS10598M	3	1	1	-1	-1	-1	3	2013	1
NS10598M	4	1	1	-1	-1	-1	3	2012	1
NS10598M	5	2	1	-1	-1	-1	3	2010	3
NS10599N	1	1	2	-1	-1	-1	12	2012	2
NS10599N	2	5	-1	1	2	-1	9	2009	6
NS10599N	3	1	1	-1	-1	-1	7	2006	1
NS10600E	1	4	-1	-1	-1	-1	-9	-9	5
NS10601F	1	1	1	-1	-1	-1	8	2007	1
NS10602G	1	1	1	-1	-1	-1	11	2011	1
NS10602G	2	1	2	-1	-1	-1	6	2011	2
NS10602G	3	1	2	-1	-1	-1	-8	2009	2
NS10605K	1	1	1	-1	-1	-1	4	2013	1
NS10605K	2	5	-1	1	3	-1	9	2008	6
NS10605K	3	5	-1	1	2	-1	9	2006	6
NS10608N	1	1	1	-1	-1	-1	7	2006	1
NS10610Z	1	4	-1	-1	-1	-1	8	2006	5
NS10614D	1	10	-1	-1	-1	-1	6	2014	14
NS10614D	2	5	-1	1	3	-1	9	2012	6
NS10614D	3	1	2	-1	-1	-1	8	2012	2
NS10614D	4	5	-1	1	3	-1	9	2009	6
NS10623X	1	1	1	-1	-1	-1	7	2014	1
NS10623X	2	1	1	-1	-1	-1	10	2013	1
NS10623X	3	1	1	1	-1	-1	10	2012	1
NS10623X	4	5	-1	1	3	-1	9	2009	6
NS10623X	5	5	-1	1	2	-1	9	2006	6
NS10625Z	1	1	1	-1	-1	-1	9	2006	1
NS10627B	1	5	-1	1	3	-1	9	2008	6
NS10628C	1	1	1	-1	-1	-1	1	2013	1
NS10628C	2	1	1	-1	-1	-1	1	2012	1
NS10628C	3	1	1	-1	-1	-1	1	2011	1
NS10628C	4	1	1	-1	-1	-1	1	2010	1
NS10628C	5	5	-1	1	3	-1	1	2007	6
NS10631P	1	1	1	-1	-1	-1	6	2011	1
NS10631P	2	1	1	-1	-1	-1	9	2009	1
NS10631P	3	5	-1	1	1	-1	9	1995	6
NS10632Q	1	4	-1	-1	-1	-1	6	2013	5
NS10632Q	2	1	1	-1	-1	-1	7	2012	1
NS10632Q	3	5	-1	1	3	-1	9	2011	6
NS10632Q	4	10	-1	-1	-1	-1	7	2010	14
NS10632Q	5	5	-1	1	2	-1	9	2008	6
NS10633R	1	1	2	-1	-1	-1	9	2014	2
NS10633R	2	1	2	-1	-1	-1	9	2013	2
NS10633R	3	9	-1	-1	-1	-1	1	2010	13
NS10634S	1	1	2	-1	-1	-1	9	2012	2
NS10634S	2	5	-1	1	3	-1	6	2009	6
NS10640H	1	1	1	-1	-1	-1	7	2011	1
NS10640H	2	1	1	-1	-1	-1	11	2007	1
NS10641J	1	2	2	-1	-1	-1	2	2015	4
NS10641J	2	1	2	-1	-1	-1	9	2013	2
NS10641J	3	1	1	-1	-1	-1	7	2011	1
NS10641J	4	5	-1	1	3	-1	9	2009	6
NS10642K	1	1	2	-1	-1	-1	10	2006	2
NS10642K	2	5	-1	1	1	-1	9	1999	6
NS10644M	1	1	1	-1	-1	-1	9	2013	1
NS10644M	2	5	-1	1	3	-1	9	2012	6
NS10644M	3	1	1	-1	-1	-1	9	2011	1
NS10644M	4	1	2	-1	-1	-1	7	2011	2
NS10644M	5	5	-1	1	3	-1	9	2008	6
NS10645N	1	5	-1	1	3	-1	9	2013	6
NS10645N	2	1	1	-1	-1	-1	6	2010	1
NS10645N	3	1	1	-1	-1	-1	9	2008	1
NS10648R	1	1	1	-1	-1	-1	10	2007	1
NS10649S	1	1	1	-1	-1	-1	1	2010	1
NS10649S	2	5	-1	1	3	-1	10	2009	6
NS10649S	3	5	-1	1	2	-1	9	2008	6
NS10651D	1	1	1	-1	-1	-1	11	2009	1
NS10651D	2	4	-1	-1	-1	-1	-8	-9	5
NS10655H	1	1	1	-1	-1	-1	4	2011	1
NS10655H	2	5	-1	1	3	-1	9	2008	6
NS10656J	1	1	2	-1	-1	-1	1	2010	2
NS10656J	2	5	-1	1	2	-1	9	2006	6
NS10658L	1	1	1	-1	-1	-1	1	2015	1
NS10658L	2	1	1	-1	-1	-1	5	2014	1
NS10658L	3	4	-1	-1	-1	-1	2	2014	5
NS10658L	4	1	1	-1	-1	-1	6	2013	1
NS10658L	5	-8	-1	-1	-1	-1	-8	-8	-8
NS10660X	1	5	-1	1	3	-1	9	2012	6
NS10660X	2	3	1	-1	-1	-1	4	2011	11
NS10660X	3	5	-1	1	3	-1	5	2008	6
NS10661Y	1	1	1	-1	-1	-1	7	2014	1
NS10661Y	2	5	-1	1	3	-1	9	2008	6
NS10663A	1	3	1	-1	-1	-1	11	2012	11
NS10663A	2	5	-1	1	3	-1	9	2009	6
NS10664B	1	5	-1	1	3	-1	10	2009	6
NS10666D	1	4	-1	-1	-1	-1	9	2006	5
NS10667E	1	5	-1	1	3	-1	9	2008	6
NS10669G	1	4	-1	-1	-1	-1	6	2012	5
NS10669G	2	1	2	-1	-1	-1	3	2011	2
NS10669G	3	8	-1	-1	-1	2	-8	-8	10
NS10672T	1	1	1	-1	-1	-1	10	2012	1
NS10672T	2	1	1	-1	-1	-1	5	2012	1
NS10672T	3	1	1	-1	-1	-1	10	2011	1
NS10672T	4	5	-1	1	3	-1	9	2008	6
NS10676Y	1	1	1	-1	-1	-1	6	2014	1
NS10676Y	2	1	1	-1	-1	-1	6	2013	1
NS10676Y	3	5	-1	1	3	-1	9	2012	6
NS10676Y	4	1	1	-1	-1	-1	8	2011	1
NS10676Y	5	5	-1	1	3	-1	9	2008	6
NS10678A	1	1	1	-1	-1	-1	11	2014	1
NS10678A	2	1	2	-1	-1	-1	2	2014	2
NS10678A	3	3	2	-1	-1	-1	10	2013	11
NS10678A	4	1	1	-1	-1	-1	5	2013	1
NS10678A	5	3	2	-1	-1	-1	3	2013	11
NS10678A	6	2	2	-1	-1	-1	10	2012	4
NS10678A	7	1	2	-1	-1	-1	7	2012	2
NS10678A	8	5	-1	1	3	-1	9	2009	6
NS10679B	1	4	-1	-1	-1	-1	5	2013	5
NS10679B	2	4	-1	-1	-1	-1	5	2013	5
NS10679B	3	4	-1	-1	-1	-1	4	2013	5
NS10679B	4	4	-1	-1	-1	-1	3	2013	5
NS10679B	5	-9	-1	-1	-1	-1	-9	-9	-8
NS10680L	1	1	1	-1	-1	-1	6	2015	1
NS10680L	2	1	1	-1	-1	-1	3	2011	1
NS10680L	3	5	-1	1	3	-1	9	2010	6
NS10680L	4	-9	-1	-1	-1	-1	9	2010	-8
NS10680L	5	-8	-1	-1	-1	-1	-8	-8	-8
NS10682N	1	1	1	-1	-1	-1	2	2008	1
NS10683P	1	5	-1	1	2	-1	9	2007	6
NS10684Q	1	1	1	-1	-1	-1	10	2014	1
NS10684Q	2	1	1	-1	-1	-1	3	2014	1
NS10684Q	3	4	-1	-1	-1	-1	10	2013	5
NS10684Q	4	1	2	-1	-1	-1	9	2009	2
NS10685R	1	1	1	-1	-1	-1	2	2014	1
NS10685R	2	1	1	-1	-1	-1	11	2013	1
NS10685R	3	1	1	-1	-1	-1	11	2013	1
NS10685R	4	1	2	-1	-1	-1	6	2013	2
NS10685R	5	1	1	-1	-1	-1	6	2012	1
NS10685R	6	5	-1	1	3	-1	9	2008	6
NS10689W	1	1	1	-1	-1	-1	7	2009	1
NS10694K	1	1	2	-1	-1	-1	8	2012	2
NS10694K	2	1	2	-1	-1	-1	1	2011	2
NS10694K	3	1	2	-1	-1	-1	9	2008	2
NS10695L	1	4	-1	-1	-1	-1	6	2015	5
NS10695L	2	1	1	-1	-1	-1	4	2015	1
NS10695L	3	4	-1	-1	-1	-1	3	2015	5
NS10695L	4	1	1	-1	-1	-1	12	2014	1
NS10695L	5	4	-1	-1	-1	-1	10	2014	5
NS10695L	6	1	1	-1	-1	-1	9	2014	1
NS10695L	7	4	-1	-1	-1	-1	1	2014	5
NS10695L	8	1	1	-1	-1	-1	9	2013	1
NS10695L	9	1	1	-1	-1	-1	8	2009	1
NS10695L	10	4	-1	-1	-1	-1	3	2007	5
NS10695L	11	5	-1	1	2	-1	9	2006	6
NS10699Q	1	5	-1	1	3	-1	9	2012	6
NS10699Q	2	5	-1	1	2	-1	9	2010	6
NS10699Q	3	5	-1	1	1	-1	9	2005	6
NS10704L	1	5	-1	1	2	-1	9	2006	6
NS10705M	1	1	1	-1	-1	-1	2	2014	1
NS10705M	2	5	-1	1	3	-1	10	2010	6
NS10705M	3	5	-1	1	2	-1	9	2009	6
NS10705M	4	5	-1	1	1	-1	9	2007	6
NS10705M	5	5	-1	1	1	-1	8	2004	6
NS10709R	1	1	1	-1	-1	-1	8	2014	1
NS10709R	2	1	1	-1	-1	-1	8	2014	1
NS10709R	3	2	2	-1	-1	-1	6	2012	4
NS10709R	4	4	-1	-1	-1	-1	-8	-8	5
NS10710B	1	1	2	-1	-1	-1	9	2008	2
NS10710B	2	4	-1	-1	-1	-1	9	2006	5
NS10711C	1	1	1	-1	-1	-1	1	2007	1
NS10712D	1	5	-1	1	3	-1	9	2008	6
NS10714F	1	1	2	-1	-1	-1	11	2014	2
NS10714F	2	5	-1	1	3	-1	9	2011	6
NS10714F	3	5	-1	1	2	-1	9	2009	6
NS10715G	1	5	-1	2	3	-1	9	2008	7
NS10715G	2	5	-1	1	2	-1	9	2006	6
NS10719L	1	4	-1	-1	-1	-1	6	2013	5
NS10719L	2	5	-1	1	3	-1	10	2008	6
NS10720W	1	4	-1	-1	-1	-1	-8	2007	5
NS10722Y	1	1	1	-1	-1	-1	10	2013	1
NS10722Y	2	5	-1	1	3	-1	9	2010	6
NS10722Y	3	5	-1	2	1	-1	9	2009	7
NS10726C	1	1	1	-1	-1	-1	2	2009	1
NS10729F	1	1	1	-1	-1	-1	12	2014	1
NS10729F	2	1	1	-1	-1	-1	11	2012	1
NS10729F	3	5	-1	1	2	-1	9	2011	6
NS10729F	4	1	2	-1	-1	-1	9	2010	2
NS10729F	5	5	-1	1	3	-1	9	2008	6
NS10732S	1	1	2	-1	-1	-1	9	2007	2
NS10735W	1	1	2	-1	-1	-1	5	2008	2
NS10741L	1	4	-1	-1	-1	-1	1	2015	5
NS10741L	2	1	1	-1	-1	-1	10	2014	1
NS10741L	3	1	1	-1	-1	-1	2	2014	1
NS10741L	4	4	-1	-1	-1	-1	9	2013	5
NS10741L	5	1	1	-1	-1	-1	3	2013	1
NS10741L	6	1	1	-1	-1	-1	9	2009	1
NS10745Q	1	1	1	-1	-1	-1	8	2012	1
NS10745Q	2	5	-1	1	3	-1	9	2008	6
NS10746R	1	1	2	-1	-1	-1	5	2014	2
NS10746R	2	3	2	-1	-1	-1	10	2013	11
NS10746R	3	5	-1	2	3	-1	9	2008	7
NS10747S	1	1	1	-1	-1	-1	2	2012	1
NS10747S	2	1	1	-1	-1	-1	11	2011	1
NS10747S	3	1	1	-1	-1	-1	11	2010	1
NS10747S	4	1	1	-1	-1	-1	9	2008	1
NS10750E	1	4	-1	-1	-1	-1	9	2010	5
NS10750E	2	4	-1	-1	-1	-1	9	2009	5
NS10752G	1	5	-1	1	3	-1	9	2008	6
NS10752G	2	5	-1	1	2	-1	9	2006	6
NS10753H	1	5	-1	1	3	-1	9	2011	6
NS10753H	2	5	-1	1	2	-1	8	2000	6
NS10757M	1	5	-1	1	3	-1	9	2009	6
NS10758N	1	5	-1	1	3	-1	9	2010	6
NS10758N	2	1	1	-1	-1	-1	11	2008	1
NS10761A	1	1	1	-1	-1	-1	10	2010	1
NS10761A	2	2	1	-1	-1	-1	3	2010	3
NS10762B	1	1	2	-1	-1	-1	2	2016	2
NS10762B	2	1	2	-1	-1	-1	11	2013	2
NS10762B	3	4	-1	-1	-1	-1	10	2009	5
NS10762B	4	1	2	-1	-1	-1	7	2009	2
NS10762B	5	4	-1	-1	-1	-1	1	2009	5
NS10762B	6	1	2	-1	-1	-1	7	2008	2
NS10762B	7	4	-1	-1	-1	-1	7	2006	5
NS10763C	1	5	-1	1	3	-1	9	2009	6
NS10765E	1	1	1	-1	-1	-1	8	2006	1
NS10769J	1	1	1	-1	-1	-1	1	2007	1
NS10771V	1	3	2	-1	-1	-1	6	2011	11
NS10771V	2	5	-1	1	3	-1	6	2008	6
NS10773X	1	5	-1	1	2	-1	6	2009	6
NS10775Z	1	5	-1	1	3	-1	9	2010	6
NS10775Z	2	5	-1	1	2	-1	9	2008	6
NS10777B	1	5	-1	1	2	-1	9	2009	6
NS10779D	1	5	-1	1	3	-1	9	2014	6
NS10779D	2	7	-1	-1	-1	-1	2	2012	8
NS10779D	3	1	2	-1	-1	-1	11	2011	2
NS10779D	4	5	-1	1	3	-1	9	2008	6
NS10780N	1	5	-1	1	3	-1	9	2009	6
NS10781P	1	5	-1	1	3	-1	9	2009	6
NS10783R	1	1	1	-1	-1	-1	2	2007	1
NS10786V	1	1	2	-1	-1	-1	4	2008	2
NS10786V	2	5	-1	1	2	-1	9	2006	6
NS10788X	1	5	-1	1	3	-1	9	2010	6
NS10788X	2	5	-1	1	2	-1	9	2008	6
NS10788X	3	4	-1	-1	-1	-1	12	2007	5
NS10788X	4	6	1	-1	-1	-1	7	2007	12
NS10788X	5	4	-1	-1	-1	-1	4	2007	5
NS10788X	6	5	-1	1	2	-1	9	2006	6
NS10790H	1	1	2	-1	-1	-1	3	2014	2
NS10790H	2	4	-1	-1	-1	-1	1	2014	5
NS10790H	3	1	2	-1	-1	-1	10	2013	2
NS10790H	4	4	-1	-1	-1	-1	8	2013	5
NS10790H	5	1	1	-1	-1	-1	2	2013	1
NS10790H	6	1	2	-1	-1	-1	12	2008	2
NS10795N	1	5	-1	1	2	-1	9	2006	6
NS10800J	1	5	-1	1	3	-1	9	2013	6
NS10800J	2	10	-1	-1	-1	-1	1	2013	14
NS10800J	3	1	1	-1	-1	-1	6	2012	1
NS10800J	4	5	-1	1	3	-1	9	2008	6
NS10801K	1	5	-1	1	3	-1	9	2014	6
NS10801K	2	1	2	-1	-1	-1	1	2014	2
NS10801K	3	1	2	-1	-1	-1	12	2013	2
NS10801K	4	4	-1	-1	-1	-1	8	2013	5
NS10801K	5	5	-1	1	3	-1	9	2010	6
NS10801K	6	1	1	-1	-1	-1	5	2009	1
NS10802L	1	1	2	-1	-1	-1	-9	-8	2
NS10806Q	1	2	1	-1	-1	-1	9	2006	3
NS10811E	1	1	2	-1	-1	-1	5	2014	2
NS10811E	2	5	-1	1	2	-1	9	2011	6
NS10811E	3	1	2	-1	-1	-1	4	2008	2
NS10811E	4	4	-1	-1	-1	-1	7	2006	5
NS10812F	1	1	2	-1	-1	-1	3	2013	2
NS10812F	2	1	2	-1	-1	-1	3	2010	2
NS10816K	1	1	2	-1	-1	-1	8	2007	2
NS10817L	1	5	-1	1	1	-1	9	2002	6
NS10820Y	1	1	1	-1	-1	-1	3	2013	1
NS10820Y	2	2	2	-1	-1	-1	10	2012	4
NS10820Y	3	5	-1	1	3	-1	9	2009	6
NS10821Z	1	5	-1	1	3	-1	9	2009	6
NS10821Z	2	5	-1	1	2	-1	9	2006	6
NS10825D	1	4	-1	-1	-1	-1	9	2010	5
NS10825D	2	5	-1	1	2	-1	9	2008	6
NS10826E	1	1	2	-1	-1	-1	9	2009	2
NS10827F	1	1	2	-1	-1	-1	9	2012	2
NS10827F	2	1	2	-1	-1	-1	5	2012	2
NS10827F	3	1	2	-1	-1	-1	7	2010	2
NS10827F	4	5	-1	1	2	-1	9	2008	6
NS10829H	1	5	-1	1	3	-1	9	2010	6
NS10829H	2	1	1	-1	-1	-1	10	2008	1
NS10830S	1	1	1	-1	-1	-1	8	2014	1
NS10830S	2	5	-1	1	3	-1	9	2008	6
NS10832V	1	5	-1	1	3	-1	9	2008	6
NS10833W	1	1	1	-1	-1	-1	8	2015	1
NS10833W	2	8	-1	-1	-1	2	2	2003	10
NS10835Y	1	1	2	-1	-1	-1	11	2012	2
NS10835Y	2	4	-1	-1	-1	-1	10	2012	5
NS10835Y	3	1	1	-1	-1	-1	9	2012	1
NS10835Y	4	4	-1	-1	-1	-1	6	2012	5
NS10835Y	5	3	1	-1	-1	-1	4	2012	11
NS10835Y	6	4	-1	-1	-1	-1	11	2011	5
NS10835Y	7	1	1	-1	-1	-1	7	2011	1
NS10835Y	8	10	-1	-1	-1	-1	6	2011	14
NS10835Y	9	5	-1	1	3	-1	9	2008	6
NS10839C	1	4	-1	-1	-1	-1	9	2013	5
NS10839C	2	1	1	-1	-1	-1	1	2012	1
NS10839C	3	1	2	-1	-1	-1	4	2011	2
NS10839C	4	4	-1	-1	-1	-1	11	2010	5
NS10839C	5	1	1	-1	-1	-1	9	2010	1
NS10839C	6	4	-1	-1	-1	-1	8	2010	5
NS10839C	7	1	1	-1	-1	-1	8	2009	1
NS10841N	1	4	-1	-1	-1	-1	2	2008	5
NS10844R	1	5	-1	1	3	-1	9	2008	6
NS10845S	1	1	1	-1	-1	-1	12	2012	1
NS10845S	2	1	2	-1	-1	-1	11	2012	2
NS10845S	3	3	2	-1	-1	-1	9	2012	11
NS10845S	4	4	-1	-1	-1	-1	7	2012	5
NS10845S	5	5	-1	1	3	-1	10	2008	6
NS10846T	1	1	1	-1	-1	-1	8	2012	1
NS10846T	2	5	-1	1	3	-1	9	2008	6
NS10849X	1	1	1	-1	-1	-1	2	2013	1
NS10849X	2	1	1	-1	-1	-1	6	2010	1
NS10849X	3	1	1	-1	-1	-1	12	2008	1
NS10849X	4	1	1	-1	-1	-1	12	2006	1
NS10849X	5	4	-1	-1	-1	-1	8	2006	5
NS10850G	1	1	1	-1	-1	-1	1	2012	1
NS10850G	2	1	1	-1	-1	-1	5	2011	1
NS10850G	3	1	1	-1	-1	-1	10	2008	1
NS10850G	4	5	-1	1	1	-1	9	2006	6
NS10851H	1	1	1	-1	-1	-1	8	2008	1
NS10851H	2	1	2	-1	-1	-1	5	2007	2
NS10851H	3	5	-1	1	1	-1	9	2001	6
NS10854L	1	1	1	-1	-1	-1	9	2012	1
NS10854L	2	1	1	-1	-1	-1	12	2011	1
NS10854L	3	4	-1	-1	-1	-1	6	2011	5
NS10854L	4	5	-1	1	3	-1	9	2008	6
NS10855M	1	1	1	-1	-1	-1	9	2013	1
NS10855M	2	5	-1	1	3	-1	9	2008	6
NS10858Q	1	4	-1	-1	-1	-1	5	2014	5
NS10858Q	2	1	1	-1	-1	-1	2	2010	1
NS10859R	1	5	-1	1	3	-1	9	2010	6
NS10859R	2	5	-1	1	1	-1	9	2000	6
NS10861C	1	5	-1	1	3	-1	9	2008	6
NS10862D	1	5	-1	1	2	-1	9	2006	6
NS10865G	1	9	-1	-1	-1	-1	4	2010	13
NS10867J	1	5	-1	1	3	-1	9	2008	6
NS10870W	1	1	1	-1	-1	-1	6	2009	1
NS10871X	1	1	1	-1	-1	-1	5	2014	1
NS10871X	2	5	-1	1	3	-1	9	2009	6
NS10874A	1	5	-1	1	3	-1	9	2008	6
NS10875B	1	9	-1	-1	-1	-1	3	2010	13
NS10878E	1	5	-1	1	2	-1	9	2006	6
NS10879F	1	1	1	-1	-1	-1	8	2006	1
NS10881R	1	5	-1	1	1	-1	9	2014	6
NS10881R	2	5	-1	1	3	-1	9	2008	6
NS10882S	1	4	-1	-1	-1	-1	1	2013	5
NS10882S	2	1	2	-1	-1	-1	11	2012	2
NS10882S	3	1	2	-1	-1	-1	8	2012	2
NS10882S	4	5	-1	1	3	-1	9	2011	6
NS10882S	5	4	-1	-1	-1	-1	7	2011	5
NS10882S	6	5	-1	1	3	-1	9	2008	6
NS10883T	1	1	1	-1	-1	-1	1	2012	1
NS10883T	2	1	2	-1	-1	-1	6	2011	2
NS10883T	3	5	-1	1	3	-1	10	2009	6
NS10883T	4	5	-1	1	2	-1	9	2007	6
NS10886X	1	1	1	-1	-1	-1	1	2012	1
NS10886X	2	5	-1	1	3	-1	9	2008	6
NS10893N	1	1	1	-1	-1	-1	11	2012	1
NS10893N	2	4	-1	-1	-1	-1	9	2012	5
NS10893N	3	1	1	-1	-1	-1	12	2011	1
NS10893N	4	4	-1	-1	-1	-1	11	2011	5
NS10893N	5	10	-1	-1	-1	-1	10	2011	14
NS10893N	6	4	-1	-1	-1	-1	7	2011	5
NS10893N	7	5	-1	1	3	-1	9	2008	6
NS10893N	8	5	-1	1	1	-1	9	2006	6
NS10896R	1	1	1	-1	-1	-1	9	2007	1
NS10898T	1	1	1	-1	-1	-1	11	2012	1
NS10898T	2	1	1	-1	-1	-1	11	2012	1
NS10898T	3	1	1	-1	-1	-1	7	2012	1
NS10898T	4	1	1	-1	-1	-1	7	2012	1
NS10898T	5	5	-1	1	3	-1	9	2008	6
NS10900L	1	1	1	-1	-1	-1	4	2011	1
NS10900L	2	5	-1	1	3	-1	-8	-8	6
NS10901M	1	5	-1	1	2	-1	9	2006	6
NS10902N	1	1	1	-1	-1	-1	8	2013	1
NS10902N	2	5	-1	1	3	-1	9	2010	6
NS10902N	3	5	-1	1	2	-1	9	2008	6
NS10903P	1	4	-1	-1	-1	-1	11	2015	5
NS10903P	2	1	1	-1	-1	-1	8	2015	1
NS10903P	3	1	1	-1	-1	-1	8	2015	1
NS10903P	4	1	1	-1	-1	-1	10	2014	1
NS10903P	5	1	1	-1	-1	-1	8	2014	1
NS10903P	6	1	2	-1	-1	-1	5	2014	2
NS10903P	7	1	1	-1	-1	-1	1	2014	1
NS10903P	8	4	-1	-1	-1	-1	1	2014	5
NS10903P	9	1	1	-1	-1	-1	8	2013	1
NS10903P	10	1	1	-1	-1	-1	1	2013	1
NS10903P	11	1	1	-1	-1	-1	6	2012	1
NS10903P	12	4	-1	-1	-1	-1	11	2011	5
NS10903P	13	1	1	-1	-1	-1	8	2011	1
NS10903P	14	1	1	-1	-1	-1	3	2011	1
NS10903P	15	1	2	-1	-1	-1	3	2011	2
NS10903P	16	1	2	-1	-1	-1	7	2010	2
NS10903P	17	5	-1	1	2	-1	8	2009	6
NS10904Q	1	1	1	-1	-1	-1	9	2012	1
NS10904Q	2	5	-1	1	3	-1	10	2009	6
NS10908V	1	1	1	-1	-1	-1	7	2011	1
NS10908V	2	1	1	-1	-1	-1	8	2008	1
NS10909W	1	5	-1	1	3	-1	9	2009	6
NS10909W	2	5	-1	1	2	-1	9	2006	6
NS10912H	1	1	2	-1	-1	-1	9	2005	2
NS10913J	1	4	-1	-1	-1	-1	7	2009	5
NS10913J	2	1	1	-1	-1	-1	10	2007	1
NS10916M	1	10	-1	-1	-1	-1	-9	-9	14
NS10926G	1	1	1	-1	-1	-1	8	2006	1
NS10930V	1	5	-1	1	3	-1	9	2011	6
NS10930V	2	5	-1	1	2	-1	9	2006	6
NS10931W	1	1	1	-1	-1	-1	2	2015	1
NS10931W	2	4	-1	-1	-1	-1	7	2008	5
NS10939E	1	4	-1	-1	-1	-1	5	2014	5
NS10939E	2	1	1	-1	-1	-1	10	2010	1
NS10939E	3	5	-1	1	2	-1	9	2006	6
NS10940P	1	1	1	-1	-1	-1	5	2013	1
NS10940P	2	1	1	-1	-1	-1	6	2012	1
NS10940P	3	5	-1	1	3	-1	9	2008	6
NS10940P	4	5	-1	1	1	-1	9	2001	6
NS10941Q	1	5	-1	1	1	-1	9	2006	6
NS10942R	1	1	1	-1	-1	-1	1	2012	1
NS10942R	2	1	1	-1	-1	-1	9	2009	1
NS10942R	3	1	1	-1	-1	-1	9	2007	1
NS10942R	4	5	-1	1	2	-1	9	2006	6
NS10947X	1	1	1	-1	-1	-1	11	2011	1
NS10947X	2	1	2	-1	-1	-1	7	2007	2
NS10950J	1	4	-1	-1	-1	-1	-9	-9	5
NS10953M	1	1	1	-1	-1	-1	4	2009	1
NS10954N	1	2	1	-1	-1	-1	4	2009	3
NS10954N	2	10	-1	-1	-1	-1	4	2008	14
NS10955P	1	1	1	-1	-1	-1	9	2014	1
NS10955P	2	4	-1	-1	-1	-1	7	2014	5
NS10955P	3	5	-1	1	3	-1	9	2013	6
NS10955P	4	4	-1	-1	-1	-1	7	2013	5
NS10955P	5	1	1	-1	-1	-1	1	2013	1
NS10955P	6	5	-1	1	3	-1	9	2009	6
NS10956Q	1	1	1	-1	-1	-1	4	2010	1
NS10956Q	2	4	-1	-1	-1	-1	1	2010	5
NS10956Q	3	1	1	-1	-1	-1	9	2008	1
NS10956Q	4	5	-1	1	2	-1	9	2006	6
NS10957R	1	5	-1	1	3	-1	9	2008	6
NS10958S	1	6	1	-1	-1	-1	-8	2006	12
NS10963G	1	1	1	-1	-1	-1	8	2012	1
NS10963G	2	5	-1	1	3	-1	9	2008	6
NS10967L	1	1	1	-1	-1	-1	7	2006	1
NS10968M	1	1	1	-1	-1	-1	11	2014	1
NS10968M	2	1	1	-1	-1	-1	8	2014	1
NS10968M	3	1	2	-1	-1	-1	8	2012	2
NS10968M	4	-8	-1	-1	-1	-1	6	2012	-8
NS10968M	5	1	2	-1	-1	-1	7	2007	2
NS10970Y	1	1	1	-1	-1	-1	9	2013	1
NS10970Y	2	1	1	-1	-1	-1	7	2013	1
NS10970Y	3	1	2	-1	-1	-1	8	2012	2
NS10970Y	4	5	-1	1	3	-1	9	2008	6
NS10972A	1	5	-1	1	3	-1	9	2008	6
NS10973B	1	1	1	-1	-1	-1	8	2012	1
NS10973B	2	1	1	-1	-1	-1	1	2012	1
NS10973B	3	1	1	-1	-1	-1	1	2009	1
NS10976E	1	1	2	-1	-1	-1	6	2010	2
NS10983W	1	1	2	-1	-1	-1	9	2011	2
NS10983W	2	4	-1	-1	-1	-1	6	2011	5
NS10983W	3	5	-1	1	3	-1	9	2008	6
NS10984X	1	5	-1	1	3	-1	9	2008	6
NS10986Z	1	3	2	-1	-1	-1	1	2011	11
NS10986Z	2	1	2	-1	-1	-1	10	2009	2
NS10988B	1	1	1	-1	-1	-1	1	2011	1
NS10988B	2	1	2	-1	-1	-1	10	2008	2
NS10989C	1	1	2	-1	-1	-1	2	2012	2
NS10989C	2	1	2	-1	-1	-1	7	2011	2
NS10989C	3	5	-1	1	3	-1	9	2008	6
NS10990M	1	1	1	-1	-1	-1	10	2014	1
NS10990M	2	10	-1	-1	-1	-1	10	2013	14
NS10990M	3	1	1	-1	-1	-1	6	2012	1
NS10990M	4	5	-1	1	3	-1	9	2009	6
NS10991N	1	1	2	-1	-1	-1	10	2015	2
NS10991N	2	5	-1	1	3	-1	9	2014	6
NS10991N	3	1	2	-1	-1	-1	3	2014	2
NS10991N	4	1	2	-1	-1	-1	7	2013	2
NS10991N	5	3	2	-1	-1	-1	3	2013	11
NS10991N	6	8	-1	-1	-1	2	7	2011	10
NS10991N	7	5	-1	1	3	-1	9	2008	6
NS10996T	1	4	-1	-1	-1	-1	7	2010	5
NS10997V	1	1	1	-1	-1	-1	8	2012	1
NS10997V	2	5	-1	1	3	-1	9	2009	6
NS11002P	1	1	1	-1	-1	-1	3	2015	1
NS11002P	2	4	-1	-1	-1	-1	10	2014	5
NS11002P	3	1	1	-1	-1	-1	9	2013	1
NS11002P	4	10	-1	-1	-1	-1	3	2013	14
NS11002P	5	1	1	-1	-1	-1	10	2012	1
NS11002P	6	1	1	-1	-1	-1	6	2012	1
NS11002P	7	5	-1	1	3	-1	9	2009	6
NS11003Q	1	1	1	-1	-1	-1	6	2009	1
NS11004R	1	5	-1	1	3	-1	9	2009	6
NS11005S	1	1	1	-1	-1	-1	9	2012	1
NS11005S	2	1	1	-1	-1	-1	9	2007	1
NS11005S	3	5	-1	1	2	-1	9	2006	6
NS11010G	1	1	2	-1	-1	-1	2	2012	2
NS11010G	2	4	-1	-1	-1	-1	9	2011	5
NS11010G	3	5	-1	1	3	-1	9	2009	6
NS11015M	1	1	1	-1	-1	-1	-8	2012	1
NS11015M	2	5	-1	1	2	-1	9	2008	6
NS11016N	1	5	-1	1	2	-1	9	2006	6
NS11016N	3	-8	-1	-1	-1	-1	5	2011	-8
NS11016N	4	10	-1	-1	-1	-1	7	2010	14
NS11016N	5	10	-1	-1	-1	-1	-8	-8	14
NS11019R	1	1	1	-1	-1	-1	4	2013	1
NS11019R	2	1	2	-1	-1	-1	9	2010	2
NS11019R	3	5	-1	1	3	-1	9	2008	6
NS11020B	1	1	2	-1	-1	-1	12	2009	2
NS11022D	1	1	1	-1	-1	-1	10	2012	1
NS11022D	2	4	-1	-1	-1	-1	6	2012	5
NS11022D	3	5	-1	1	3	-1	9	2008	6
NS11026H	1	1	1	-1	-1	-1	8	2013	1
NS11026H	2	1	2	-1	-1	-1	4	2013	2
NS11026H	3	1	1	-1	-1	-1	2	2009	1
NS11031X	1	1	1	-1	-1	-1	5	2014	1
NS11031X	2	1	1	-1	-1	-1	11	2013	1
NS11031X	3	1	1	-1	-1	-1	5	2013	1
NS11031X	4	1	1	-1	-1	-1	11	2012	1
NS11031X	5	1	1	-1	-1	-1	5	2012	1
NS11031X	6	1	1	-1	-1	-1	7	2011	1
NS11031X	7	5	-1	1	3	-1	10	2008	6
NS11039F	1	1	2	-1	-1	-1	1	2012	2
NS11039F	2	5	-1	1	3	-1	10	2010	6
NS11039F	3	5	-1	1	2	-1	9	2007	6
NS11041R	1	1	1	-1	-1	-1	9	2012	1
NS11041R	2	10	-1	-1	-1	-1	5	2012	14
NS11041R	3	1	1	-1	-1	-1	9	2011	1
NS11041R	4	10	-1	-1	-1	-1	5	2011	14
NS11041R	5	1	1	-1	-1	-1	7	2010	1
NS11041R	6	1	2	-1	-1	-1	3	2009	2
NS11042S	1	1	1	-1	-1	-1	10	2015	1
NS11042S	2	1	1	-1	-1	-1	10	2013	1
NS11042S	3	5	-1	1	3	-1	9	2012	6
NS11042S	4	4	-1	-1	-1	-1	8	2011	5
NS11042S	5	5	-1	1	3	-1	9	2008	6
NS11042S	6	5	-1	1	1	-1	9	2006	6
NS11047Y	1	4	-1	-1	-1	-1	4	2014	5
NS11047Y	2	1	1	-1	-1	-1	9	2007	1
NS11047Y	3	4	-1	-1	-1	-1	7	2007	5
NS11048Z	1	1	2	-1	-1	-1	10	2006	2
NS11055Q	1	5	-1	1	3	-1	9	2009	6
NS11055Q	2	5	-1	1	1	-1	9	1996	6
NS11058T	1	5	-1	1	3	-1	3	2012	6
NS11058T	2	1	1	-1	-1	-1	11	2011	1
NS11058T	3	5	-1	2	2	-1	9	2010	7
NS11058T	4	1	2	-1	-1	-1	7	2009	2
NS11062G	1	1	1	-1	-1	-1	7	2011	1
NS11062G	2	1	1	-1	-1	-1	7	2010	1
NS11062G	3	5	-1	1	3	-1	9	2007	6
NS11064J	1	5	-1	1	3	-1	10	2008	6
NS11066L	1	1	1	-1	-1	-1	2	2008	1
NS11071A	1	5	-1	1	3	-1	9	2009	6
NS11071A	2	5	-1	1	2	-1	9	2006	6
NS11073C	1	5	-1	1	3	-1	9	2008	6
NS11076F	1	5	-1	1	3	-1	9	2010	6
NS11076F	2	1	2	-1	-1	-1	6	2008	2
NS11076F	3	5	-1	1	2	-1	9	2006	6
NS11078H	1	5	-1	2	2	-1	-8	2000	7
NS11080T	1	1	1	-1	-1	-1	9	2010	1
NS11080T	2	1	2	-1	-1	-1	9	2010	2
NS11080T	3	1	1	-1	-1	-1	8	2007	1
NS11081V	1	6	1	-1	-1	-1	7	2010	12
NS11081V	2	1	2	-1	-1	-1	3	2010	2
NS11082W	1	1	2	-1	-1	-1	3	2013	2
NS11082W	2	5	-1	1	3	-1	9	2008	6
NS11089D	1	4	-1	-1	-1	-1	10	2015	5
NS11089D	2	1	2	-1	-1	-1	3	2015	2
NS11089D	3	4	-1	-1	-1	-1	10	2014	5
NS11089D	4	1	1	-1	-1	-1	2	2014	1
NS11089D	5	4	-1	-1	-1	-1	8	2013	5
NS11089D	6	1	1	-1	-1	-1	10	2011	1
NS11089D	7	5	-1	1	3	-1	9	2008	6
NS11090N	1	5	-1	1	3	-1	9	2011	6
NS11090N	2	5	-1	1	2	-1	9	2009	6
NS11091P	1	5	-1	1	3	-1	10	2012	6
NS11091P	2	1	2	-1	-1	-1	10	2011	2
NS11091P	3	5	-1	1	3	-1	10	2009	6
NS11098X	1	4	-1	-1	-1	-1	7	2008	5
NS11098X	2	5	-1	1	1	-1	9	2001	6
NS11109Z	1	5	-1	2	2	-1	9	2013	7
NS11109Z	2	4	-1	-1	-1	-1	3	2012	5
NS11109Z	3	1	1	-1	-1	-1	9	2006	1
NS11115P	1	1	1	-1	-1	-1	5	2015	1
NS11115P	2	1	1	-1	-1	-1	2	2012	1
NS11115P	3	1	1	-1	-1	-1	9	2009	1
NS11115P	4	5	-1	1	2	-1	9	2006	6
NS11120D	1	5	-1	1	3	-1	9	2012	6
NS11120D	2	1	2	-1	-1	-1	11	2011	2
NS11120D	3	5	-1	1	3	-1	9	2008	6
NS11121E	1	1	1	-1	-1	-1	9	2008	1
NS11124H	1	1	1	-1	-1	-1	3	2015	1
NS11124H	2	4	-1	-1	-1	-1	9	2014	5
NS11124H	3	1	2	-1	-1	-1	9	2013	2
NS11124H	4	2	2	-1	-1	-1	4	2012	4
NS11124H	5	4	-1	-1	-1	-1	7	2011	5
NS11124H	6	5	-1	1	3	-1	9	2008	6
NS11126K	1	1	1	-1	-1	-1	5	2012	1
NS11126K	2	5	-1	1	3	-1	9	2008	6
NS11128M	1	4	-1	-1	-1	-1	8	2012	5
NS11128M	2	5	-1	1	3	-1	9	2008	6
NS11129N	1	1	1	-1	-1	-1	6	2013	1
NS11129N	2	5	-1	2	4	-1	4	2013	7
NS11129N	3	1	2	-1	-1	-1	2	2013	2
NS11129N	4	1	1	-1	-1	-1	7	2012	1
NS11129N	5	1	2	-1	-1	-1	3	2012	2
NS11129N	6	1	2	-1	-1	-1	11	2011	2
NS11129N	7	5	-1	1	3	-1	9	2008	6
NS11131Z	1	1	1	-1	-1	-1	6	2012	1
NS11131Z	2	10	-1	-1	-1	-1	3	2012	14
NS11131Z	3	1	1	-1	-1	-1	6	2011	1
NS11131Z	4	5	-1	1	3	-1	9	2008	6
NS11132A	1	1	1	-1	-1	-1	8	2009	1
NS11134C	1	5	-1	1	3	-1	9	2013	6
NS11134C	2	10	-1	-1	-1	-1	9	2012	14
NS11134C	3	5	-1	1	3	-1	9	2008	6
NS11137F	1	1	1	-1	-1	-1	1	2006	1
NS11147A	1	5	-1	1	3	-1	9	2008	6
NS11154R	1	10	-1	-1	-1	-1	1	2012	14
NS11154R	2	1	1	-1	-1	-1	9	2006	1
NS11155S	1	1	1	-1	-1	-1	2	2015	1
NS11155S	2	9	-1	-1	-1	-1	-8	2013	13
NS11155S	3	1	2	-1	-1	-1	-8	-8	2
NS11163K	1	1	1	-1	-1	-1	10	2011	1
NS11163K	2	5	-1	1	3	-1	9	2008	6
NS11165M	1	1	1	-1	-1	-1	6	2013	1
NS11165M	2	5	-1	1	3	-1	9	2009	6
NS11165M	3	10	-1	-1	-1	-1	1	2009	14
NS11171C	1	10	-1	-1	-1	-1	9	2009	14
NS11174F	1	1	2	-1	-1	-1	8	2010	2
NS11174F	2	4	-1	-1	-1	-1	7	2007	5
NS11176H	1	5	-1	1	3	-1	9	2008	6
NS11178K	1	1	1	-1	-1	-1	9	2011	1
NS11178K	2	1	1	-1	-1	-1	8	2008	1
NS11183Z	1	5	-1	1	3	-1	9	2011	6
NS11183Z	2	4	-1	-1	-1	-1	9	2010	5
NS11183Z	3	5	-1	1	2	-1	9	2007	6
NS11184A	1	1	1	-1	-1	-1	10	2012	1
NS11184A	2	5	-1	1	3	-1	9	2011	6
NS11184A	3	5	-1	1	2	-1	9	2008	6
NS11185B	1	1	1	-1	-1	-1	7	2014	1
NS11185B	2	2	1	-1	-1	-1	1	2010	3
NS11187D	1	5	-1	1	3	-1	9	2009	6
NS11187D	2	5	-1	1	2	-1	9	2007	6
NS11187D	3	5	-1	1	1	-1	9	1994	6
NS11188E	1	1	1	-1	-1	-1	3	2009	1
NS11190Q	1	5	-1	2	2	-1	-8	2009	7
NS11190Q	2	10	-1	-1	-1	-1	-8	-8	14
NS11199A	1	1	1	-1	-1	-1	2	2015	1
NS11199A	2	1	1	-1	-1	-1	4	2011	1
NS11199A	3	5	-1	1	3	-1	9	2008	6
NS11201S	1	4	-1	-1	-1	-1	3	2012	5
NS11201S	2	1	2	-1	-1	-1	7	2009	2
NS11202T	1	1	1	-1	-1	-1	7	2008	1
NS11203V	1	4	-1	-1	-1	-1	7	2011	5
NS11203V	2	5	-1	1	3	-1	10	2008	6
NS11208A	1	5	-1	1	3	-1	9	2008	6
NS11211M	1	1	1	-1	-1	-1	7	2013	1
NS11211M	2	1	1	-1	-1	-1	7	2012	1
NS11211M	3	5	-1	1	3	-1	9	2008	6
NS11212N	1	1	1	-1	-1	-1	6	2012	1
NS11212N	2	1	1	-1	-1	-1	4	2011	1
NS11212N	3	1	1	-1	-1	-1	1	2011	1
NS11212N	4	5	-1	1	3	-1	10	2008	6
NS11214Q	1	1	1	-1	-1	-1	8	2012	1
NS11214Q	2	5	-1	1	3	-1	9	2008	6
NS11215R	1	1	1	-1	-1	-1	7	2008	1
NS11216S	1	2	2	-1	-1	-1	7	2012	4
NS11216S	2	5	-1	1	3	-1	9	2008	6
NS11218V	1	1	2	-1	-1	-1	3	2011	2
NS11218V	2	1	1	-1	-1	-1	6	2007	1
NS11219W	1	4	-1	-1	-1	-1	9	2006	5
NS11220F	1	1	2	-1	-1	-1	6	2012	2
NS11220F	2	1	1	-1	-1	-1	10	2011	1
NS11220F	3	1	1	-1	-1	-1	1	2011	1
NS11220F	4	5	-1	1	3	-1	9	2009	6
NS11227N	1	4	-1	-1	-1	-1	-8	2009	5
NS11233D	1	1	1	-1	-1	-1	1	2015	1
NS11233D	2	1	1	-1	-1	-1	9	2014	1
NS11233D	3	1	1	-1	-1	-1	12	2013	1
NS11233D	4	1	1	-1	-1	-1	11	2012	1
NS11233D	5	1	1	-1	-1	-1	12	2011	1
NS11233D	6	5	-1	1	3	-1	9	2009	6
NS11234E	1	8	-1	-1	-1	2	2	2011	10
NS11234E	2	5	-1	1	3	-1	10	2009	6
NS11235F	1	1	2	-1	-1	-1	9	2012	2
NS11235F	2	5	-1	1	3	-1	9	2009	6
NS11238J	1	1	1	-1	-1	-1	3	2015	1
NS11238J	2	4	-1	-1	-1	-1	5	2011	5
NS11238J	3	5	-1	1	3	-1	9	2010	6
NS11239K	1	1	2	-1	-1	-1	9	2008	2
NS11240V	1	1	1	-1	-1	-1	1	2014	1
NS11240V	2	1	1	-1	-1	-1	8	2013	1
NS11240V	3	1	1	-1	-1	-1	1	2013	1
NS11240V	4	1	1	-1	-1	-1	5	2008	1
NS11242X	1	2	2	-1	-1	-1	5	2013	4
NS11242X	2	5	-1	1	3	-1	9	2010	6
NS11242X	3	1	2	-1	-1	-1	8	2009	2
NS11246B	1	1	1	-1	-1	-1	10	2011	1
NS11246B	2	5	-1	1	3	-1	10	2008	6
NS11247C	1	2	2	-1	-1	-1	8	2012	4
NS11247C	2	4	-1	-1	-1	-1	5	2011	5
NS11247C	3	5	-1	1	3	-1	10	2009	6
NS11249E	1	1	2	-1	-1	-1	3	2008	2
NS11251Q	1	1	1	-1	-1	-1	9	2011	1
NS11251Q	2	5	-1	1	3	-1	9	2008	6
NS11251Q	3	5	-1	1	1	-1	9	2001	6
NS11252R	1	4	-1	-1	-1	-1	12	2013	5
NS11252R	2	1	1	-1	-1	-1	9	2012	1
NS11252R	3	5	-1	1	2	-1	9	2006	6
NS11253S	1	1	1	-1	-1	-1	7	2015	1
NS11253S	2	1	2	-1	-1	-1	5	2015	2
NS11253S	3	1	1	-1	-1	-1	4	2015	1
NS11253S	4	10	-1	-1	-1	-1	9	2014	14
NS11253S	5	1	1	-1	-1	-1	3	2014	1
NS11253S	6	10	-1	-1	-1	-1	9	2013	14
NS11253S	7	1	1	-1	-1	-1	7	2007	1
NS11255V	1	2	1	-1	-1	-1	4	2015	3
NS11255V	2	1	1	-1	-1	-1	3	2014	1
NS11255V	3	4	-1	-1	-1	-1	4	2010	5
NS11255V	4	5	-1	2	2	-1	9	2007	7
NS11255V	5	5	-1	1	1	-1	9	2000	6
NS11257X	1	5	-1	1	3	-1	9	2009	6
NS11258Y	1	1	1	-1	-1	-1	6	2013	1
NS11258Y	2	4	-1	-1	-1	-1	6	2011	5
NS11258Y	3	5	-1	1	2	-1	9	2008	6
NS11258Y	4	4	-1	-1	-1	-1	6	2006	5
NS11262L	1	4	-1	-1	-1	-1	6	2013	5
NS11262L	2	1	2	-1	-1	-1	8	2011	2
NS11262L	3	5	-1	1	3	-1	9	2008	6
NS11263M	1	5	-1	1	3	-1	9	2008	6
NS11272F	1	1	1	-1	-1	-1	2	2011	1
NS11272F	2	10	-1	-1	-1	-1	9	2010	14
NS11272F	3	5	-1	1	2	-1	9	2006	6
NS11273G	1	1	1	-1	-1	-1	10	2009	1
NS11274H	1	1	1	-1	-1	-1	10	2006	1
NS11275J	1	5	-1	1	3	-1	9	2008	6
NS11276K	1	10	-1	-1	-1	-1	9	2012	14
NS11276K	2	1	1	-1	-1	-1	5	2011	1
NS11276K	3	5	-1	1	3	-1	9	2008	6
NS11281Z	1	5	-1	1	3	-1	9	2012	6
NS11281Z	2	1	1	-1	-1	-1	8	2011	1
NS11281Z	3	1	1	-1	-1	-1	3	2007	1
NS11281Z	4	5	-1	1	2	-1	9	2006	6
NS11284C	1	2	1	-1	-1	-1	9	2009	3
NS11286E	1	1	1	-1	-1	-1	7	2011	1
NS11286E	2	5	-1	1	3	-1	9	2008	6
NS11286E	3	1	1	-1	-1	-1	7	2008	1
NS11294X	1	5	-1	1	3	-1	9	2008	6
NS11296Z	1	1	1	-1	-1	-1	8	2014	1
NS11296Z	2	5	-1	1	3	-1	10	2008	6
NS11297A	1	1	1	-1	-1	-1	3	2014	1
NS11297A	2	1	1	-1	-1	-1	11	2012	1
NS11297A	3	3	2	-1	-1	-1	5	2012	11
NS11297A	4	1	2	-1	-1	-1	4	2011	2
NS11297A	5	5	-1	1	3	-1	9	2008	6
NS11299C	1	1	2	-1	-1	-1	9	2015	2
NS11299C	2	3	2	-1	-1	-1	10	2014	11
NS11299C	3	5	-1	1	3	-1	9	2010	6
NS11299C	4	4	-1	-1	-1	-1	8	2006	5
NS11305Z	1	1	1	-1	-1	-1	2	2007	1
NS11309D	1	1	2	-1	-1	-1	-8	2012	2
NS11309D	2	5	-1	1	3	-1	9	2009	6
NS11311P	1	5	-1	1	3	-1	9	2008	6
NS11318X	1	1	1	-1	-1	-1	2	2013	1
NS11318X	2	3	1	-1	-1	-1	12	2012	11
NS11318X	3	4	-1	-1	-1	-1	8	2012	5
NS11318X	4	5	-1	1	3	-1	9	2010	6
NS11318X	5	1	1	-1	-1	-1	4	2010	1
NS11319Y	1	1	1	-1	-1	-1	4	2010	1
NS11320H	1	3	2	-1	-1	-1	3	2009	11
NS11320H	2	5	-1	1	2	-1	9	2007	6
NS11320H	3	10	-1	-1	-1	-1	-8	-8	14
NS11321J	1	5	-1	1	3	-1	9	2009	6
NS11322K	1	1	1	-1	-1	-1	8	2014	1
NS11322K	2	1	1	-1	-1	-1	5	2013	1
NS11322K	3	4	-1	-1	-1	-1	9	2012	5
NS11322K	4	5	-1	1	3	-1	9	2011	6
NS11322K	5	5	-1	1	3	-1	9	2008	6
NS11323L	1	1	1	-1	-1	-1	12	2014	1
NS11323L	2	1	1	-1	-1	-1	5	2014	1
NS11323L	3	10	-1	-1	-1	-1	-9	-9	14
NS11326P	1	5	-1	1	1	-1	10	2000	6
NS11328R	1	1	1	-1	-1	-1	6	2013	1
NS11328R	2	5	-1	1	3	-1	9	2009	6
NS11330C	1	10	-1	-1	-1	-1	6	2013	14
NS11330C	2	3	1	-1	-1	-1	3	2013	11
NS11330C	3	1	1	-1	-1	-1	10	2012	1
NS11330C	4	10	-1	-1	-1	-1	9	2012	14
NS11330C	5	1	1	-1	-1	-1	7	2011	1
NS11330C	6	5	-1	1	3	-1	9	2008	6
NS11338L	1	1	2	-1	-1	-1	9	2006	2
NS11340X	1	1	1	-1	-1	-1	11	2012	1
NS11340X	2	3	1	-1	-1	-1	10	2012	11
NS11340X	3	3	1	-1	-1	-1	6	2012	11
NS11340X	4	4	-1	-1	-1	-1	1	2012	5
NS11340X	5	5	-1	1	3	-1	6	2008	6
NS11343A	1	5	-1	1	2	-1	6	2008	6
NS11343A	2	5	-1	1	1	-1	9	2006	6
NS11346D	1	1	2	-1	-1	-1	1	2014	2
NS11346D	2	1	1	-1	-1	-1	6	2012	1
NS11346D	3	4	-1	-1	-1	-1	2	2011	5
NS11346D	4	1	2	-1	-1	-1	8	2010	2
NS11346D	5	4	-1	-1	-1	-1	2	2010	5
NS11348F	1	1	1	-1	-1	-1	7	2013	1
NS11348F	2	1	1	-1	-1	-1	7	2013	1
NS11348F	3	1	1	-1	-1	-1	8	2011	1
NS11348F	4	1	2	-1	-1	-1	2	2009	2
NS11350R	1	1	1	-1	-1	-1	11	2013	1
NS11350R	2	1	1	-1	-1	-1	9	2013	1
NS11350R	3	5	-1	1	3	-1	9	2009	6
NS11351S	1	5	-1	1	3	-1	9	2015	6
NS11351S	2	5	-1	1	3	-1	9	2010	6
NS11351S	3	5	-1	1	2	-1	9	2009	6
NS11353V	1	1	1	-1	-1	-1	6	2009	1
NS11354W	1	1	1	-1	-1	-1	9	2013	1
NS11354W	2	4	-1	-1	-1	-1	9	2012	5
NS11354W	3	1	1	-1	-1	-1	9	2011	1
NS11354W	4	5	-1	1	3	-1	9	2008	6
NS11356Y	1	1	2	-1	-1	-1	2	2013	2
NS11356Y	2	4	-1	-1	-1	-1	12	2012	5
NS11356Y	3	1	1	-1	-1	-1	8	2012	1
NS11356Y	4	3	2	-1	-1	-1	5	2012	11
NS11356Y	5	4	-1	-1	-1	-1	7	2011	5
NS11356Y	6	5	-1	1	3	-1	9	2008	6
NS11360L	1	1	2	-1	-1	-1	2	2013	2
NS11360L	2	4	-1	-1	-1	-1	8	2009	5
NS11367T	1	1	2	-1	-1	-1	8	2008	2
NS11367T	2	5	-1	2	3	-1	9	2007	7
NS11367T	3	5	-1	1	1	-1	9	2006	6
NS11368V	1	1	1	-1	-1	-1	11	2013	1
NS11368V	2	10	-1	-1	-1	-1	12	2012	14
NS11368V	3	1	1	-1	-1	-1	8	2012	1
NS11368V	4	5	-1	1	3	-1	9	2009	6
NS11372H	1	1	1	-1	-1	-1	1	2010	1
NS11374K	1	10	-1	-1	-1	-1	1	2009	14
NS11374K	2	4	-1	-1	-1	-1	1	2006	5
NS11375L	1	5	-1	1	3	-1	9	2008	6
NS11376M	1	5	-1	1	3	-1	9	2008	6
NS11384E	1	1	2	-1	-1	-1	8	2010	2
NS11384E	2	5	-1	1	2	-1	9	2007	6
NS11385F	1	1	1	-1	-1	-1	6	2008	1
NS11385F	2	5	-1	1	2	-1	10	2006	6
NS11385F	3	5	-1	1	1	-1	9	1995	6
NS11390V	1	1	1	-1	-1	-1	9	2009	1
NS11391W	1	4	-1	-1	-1	-1	12	2014	5
NS11391W	2	1	1	-1	-1	-1	6	2014	1
NS11391W	3	4	-1	-1	-1	-1	3	2014	5
NS11391W	4	4	-1	-1	-1	-1	1	2014	5
NS11391W	5	4	-1	-1	-1	-1	9	2013	5
NS11391W	6	1	1	-1	-1	-1	9	2012	1
NS11391W	7	4	-1	-1	-1	-1	9	2011	5
NS11391W	8	5	-1	1	3	-1	9	2008	6
NS11393Y	1	1	1	-1	-1	-1	3	2015	1
NS11393Y	2	5	-1	2	3	-1	9	2014	7
NS11393Y	3	1	1	-1	-1	-1	2	2014	1
NS11393Y	4	1	1	-1	-1	-1	8	2012	1
NS11393Y	5	5	-1	1	3	-1	9	2008	6
NS11394Z	1	1	1	-1	-1	-1	1	2014	1
NS11394Z	2	1	1	-1	-1	-1	10	2013	1
NS11394Z	3	10	-1	-1	-1	-1	2	2013	14
NS11394Z	4	1	1	-1	-1	-1	5	2012	1
NS11394Z	5	5	-1	1	3	-1	10	2008	6
NS11395A	1	1	1	-1	-1	-1	5	2014	1
NS11395A	2	1	1	-1	-1	-1	2	2010	1
NS11399E	1	1	1	-1	-1	-1	2	2014	1
NS11399E	2	1	1	-1	-1	-1	10	2011	1
NS11399E	3	5	-1	1	3	-1	10	2008	6
NS11401X	1	1	1	-1	-1	-1	9	2014	1
NS11401X	2	5	-1	2	3	-1	9	2012	7
NS11401X	3	5	-1	1	3	-1	9	2009	6
NS11409F	1	10	-1	-1	-1	-1	12	2014	14
NS11409F	2	1	1	-1	-1	-1	1	2013	1
NS11409F	3	5	-1	1	3	-1	9	2010	6
NS11409F	4	5	-1	1	2	-1	9	2008	6
NS11410Q	1	1	1	-1	-1	-1	9	2009	1
NS11413T	1	5	-1	1	3	-1	9	2008	6
NS11418Z	1	5	-1	1	3	-1	9	2008	6
NS11420K	1	1	1	-1	-1	-1	9	2013	1
NS11420K	2	10	-1	-1	-1	-1	7	2013	14
NS11420K	3	5	-1	1	3	-1	9	2012	6
NS11421L	1	1	1	-1	-1	-1	11	2013	1
NS11421L	2	1	1	-1	-1	-1	5	2013	1
NS11421L	3	1	1	-1	-1	-1	9	2012	1
NS11421L	4	5	-1	1	3	-1	9	2008	6
NS11424P	1	1	1	-1	-1	-1	1	2013	1
NS11424P	2	1	2	-1	-1	-1	2	2012	2
NS11424P	3	5	-1	1	3	-1	9	2009	6
NS11427S	1	1	1	-1	-1	-1	10	2012	1
NS11427S	2	1	1	-1	-1	-1	4	2010	1
NS11427S	3	1	1	-1	-1	-1	2	2010	1
NS11427S	4	6	2	-1	-1	-1	2	2009	12
NS11428T	1	1	1	-1	-1	-1	5	2015	1
NS11428T	2	1	1	-1	-1	-1	5	2014	1
NS11428T	3	3	1	-1	-1	-1	6	2011	11
NS11428T	4	5	-1	1	3	-1	10	2008	6
NS11436L	1	5	-1	1	3	-1	9	2009	6
NS11437M	1	1	1	-1	-1	-1	4	2010	1
NS11439P	1	1	1	-1	-1	-1	6	2011	1
NS11439P	2	5	-1	1	3	-1	1	2008	6
NS11439P	3	5	-1	1	2	-1	9	2006	6
NS11441A	1	1	2	-1	-1	-1	7	2011	2
NS11441A	2	5	-1	1	3	-1	9	2008	6
NS11443C	1	1	1	-1	-1	-1	1	2015	1
NS11443C	2	1	2	-1	-1	-1	10	2013	2
NS11443C	3	1	1	-1	-1	-1	8	2010	1
NS11443C	4	10	-1	-1	-1	-1	12	2009	14
NS11444D	1	1	1	-1	-1	-1	6	2014	1
NS11444D	2	4	-1	-1	-1	-1	10	2013	5
NS11444D	3	1	1	-1	-1	-1	7	2013	1
NS11444D	4	5	-1	1	3	-1	9	2010	6
NS11444D	5	4	-1	-1	-1	-1	12	2009	5
NS11451V	1	1	1	-1	-1	-1	8	2013	1
NS11451V	2	5	-1	1	3	-1	6	2010	6
NS11451V	3	5	-1	1	2	-1	6	2007	6
NS11452W	1	5	-1	1	3	-1	9	2008	6
NS11452W	2	5	-1	1	2	-1	9	2006	6
NS11455Z	1	1	1	-1	-1	-1	-8	-8	1
NS11457B	1	1	2	-1	-1	-1	4	2013	2
NS11457B	2	1	1	-1	-1	-1	10	2007	1
NS11458C	1	1	1	-1	-1	-1	3	2011	1
NS11458C	2	1	1	-1	-1	-1	-8	2008	1
NS11458C	3	1	1	-1	-1	-1	8	2006	1
NS11459D	1	1	1	-1	-1	-1	9	2006	1
NS11460N	1	1	1	-1	-1	-1	10	2009	1
NS11460N	2	1	1	-1	-1	-1	1	2009	1
NS11460N	3	6	1	-1	-1	-1	10	2006	12
NS11460N	4	5	-1	1	2	-1	10	2006	6
NS11460N	5	5	-1	1	1	-1	9	2006	6
NS11465T	1	1	1	-1	-1	-1	11	2015	1
NS11465T	2	1	1	-1	-1	-1	9	2014	1
NS11465T	3	1	1	-1	-1	-1	8	2009	1
NS11465T	4	1	2	-1	-1	-1	10	2007	2
NS11466V	1	10	-1	-1	-1	-1	6	1990	14
NS11470H	1	1	1	-1	-1	-1	6	2013	1
NS11470H	2	1	1	-1	-1	-1	1	2010	1
NS11472K	1	1	1	-1	-1	-1	9	2012	1
NS11472K	2	5	-1	1	3	-1	9	2009	6
NS11473L	1	4	-1	-1	-1	-1	6	2015	5
NS11473L	2	2	1	-1	-1	-1	9	2007	3
NS11473L	3	5	-1	2	4	-1	2	2006	7
NS11474M	1	1	1	-1	-1	-1	7	2014	1
NS11474M	2	10	-1	-1	-1	-1	1	2013	14
NS11474M	3	1	1	-1	-1	-1	6	2012	1
NS11474M	4	1	1	-1	-1	-1	6	2011	1
NS11474M	5	5	-1	1	3	-1	9	2008	6
NS11474M	6	5	-1	1	2	-1	9	2006	6
NS11476P	1	1	1	-1	-1	-1	5	2011	1
NS11476P	2	1	1	-1	-1	-1	9	2007	1
NS11477Q	1	4	-1	-1	-1	-1	7	2014	5
NS11477Q	2	1	1	-1	-1	-1	7	2013	1
NS11477Q	3	1	2	-1	-1	-1	7	2012	2
NS11477Q	4	5	-1	1	3	-1	9	2009	6
NS11478R	1	1	1	-1	-1	-1	9	2011	1
NS11478R	2	5	-1	1	2	-1	9	2009	6
NS11478R	3	5	-1	1	1	-1	9	1995	6
NS11480C	1	1	2	-1	-1	-1	9	2010	2
NS11480C	2	4	-1	-1	-1	-1	4	2010	5
NS11481D	1	5	-1	1	3	-1	9	2009	6
NS11482E	1	8	-1	-1	-1	2	10	2008	10
NS11485H	1	1	1	-1	-1	-1	9	2015	1
NS11485H	2	1	2	-1	-1	-1	7	2014	2
NS11485H	3	1	1	-1	-1	-1	7	2012	1
NS11485H	4	4	-1	-1	-1	-1	6	2010	5
NS11487K	1	1	1	-1	-1	-1	9	2013	1
NS11487K	2	5	-1	1	3	-1	9	2009	6
NS11488L	1	8	-1	-1	-1	1	10	2012	9
NS11488L	2	1	1	-1	-1	-1	9	2012	1
NS11488L	3	1	1	-1	-1	-1	9	2011	1
NS11488L	4	5	-1	1	3	-1	9	2008	6
NS11489M	1	1	1	-1	-1	-1	5	2014	1
NS11489M	2	1	2	-1	-1	-1	3	2014	2
NS11489M	3	1	1	-1	-1	-1	12	2013	1
NS11489M	4	1	1	-1	-1	-1	1	2013	1
NS11489M	5	1	2	-1	-1	-1	11	2012	2
NS11489M	6	1	1	-1	-1	-1	12	2008	1
NS11495C	1	1	2	-1	-1	-1	9	2009	2
NS11497E	1	1	1	-1	-1	-1	11	2011	1
NS11497E	2	1	2	-1	-1	-1	-8	2010	2
NS11497E	3	-8	-1	-1	-1	-1	-8	-8	-8
NS11500Y	1	1	1	-1	-1	-1	2	2009	1
NS11501Z	1	1	1	-1	-1	-1	2	2015	1
NS11501Z	2	1	1	-1	-1	-1	1	2014	1
NS11501Z	3	5	-1	1	3	-1	9	2011	6
NS11501Z	4	5	-1	1	2	-1	9	2009	6
NS11503B	1	1	1	-1	-1	-1	8	2006	1
NS11507F	1	1	2	-1	-1	-1	6	2009	2
NS11508G	1	10	-1	-1	-1	-1	7	2011	14
NS11508G	2	10	-1	-1	-1	-1	1	2006	14
NS11509H	1	1	2	-1	-1	-1	6	2010	2
NS11511T	1	1	1	-1	-1	-1	11	2012	1
NS11511T	2	1	1	-1	-1	-1	1	2011	1
NS11511T	3	1	1	-1	-1	-1	9	2010	1
NS11511T	4	5	-1	1	2	-1	9	2006	6
NS11513W	1	1	1	-1	-1	-1	9	2014	1
NS11513W	2	7	-1	-1	-1	-1	6	2014	8
NS11513W	3	3	1	-1	-1	-1	5	2014	11
NS11513W	4	5	-1	2	2	-1	9	2013	7
NS11513W	5	5	-1	1	3	-1	9	2010	6
NS11513W	6	5	-1	1	2	-1	9	2009	6
NS11514X	1	1	1	-1	-1	-1	3	2010	1
NS11516Z	1	5	-1	1	3	-1	9	2007	6
NS11520M	1	1	1	-1	-1	-1	6	2013	1
NS11520M	2	1	2	-1	-1	-1	4	2013	2
NS11520M	3	4	-1	-1	-1	-1	1	2013	5
NS11520M	4	1	1	-1	-1	-1	8	2008	1
NS11522P	1	10	-1	-1	-1	-1	2	2014	14
NS11522P	2	1	1	-1	-1	-1	2	2014	1
NS11522P	3	10	-1	-1	-1	-1	12	2013	14
NS11522P	4	1	1	-1	-1	-1	9	2013	1
NS11522P	5	1	1	-1	-1	-1	6	2013	1
NS11522P	6	10	-1	-1	-1	-1	3	2013	14
NS11522P	7	1	1	-1	-1	-1	10	2012	1
NS11522P	8	10	-1	-1	-1	-1	9	2012	14
NS11522P	9	1	1	-1	-1	-1	1	2012	1
NS11522P	10	4	-1	-1	-1	-1	6	2011	5
NS11522P	11	5	-1	1	3	-1	9	2008	6
NS11525S	1	1	1	-1	-1	-1	10	2011	1
NS11525S	2	5	-1	1	3	-1	10	2008	6
NS11529X	1	1	1	-1	-1	-1	10	2014	1
NS11529X	2	1	1	-1	-1	-1	8	2013	1
NS11529X	3	1	-8	-1	-1	-1	-8	2012	-8
NS11529X	4	10	-1	-1	-1	-1	-8	-8	14
NS11533K	1	1	1	-1	-1	-1	11	2010	1
NS11533K	2	1	2	-1	-1	-1	6	2004	2
NS11535M	1	4	-1	-1	-1	-1	12	2014	5
NS11535M	2	1	1	-1	-1	-1	12	2013	1
NS11535M	3	1	1	-1	-1	-1	7	2012	1
NS11535M	4	5	-1	1	3	-1	9	2008	6
NS11535M	5	5	-1	1	1	-1	9	2003	6
NS11537P	1	1	1	-1	-1	-1	11	2011	1
NS11537P	2	1	1	-1	-1	-1	1	2009	1
NS11539R	1	1	1	-1	-1	-1	2	2015	1
NS11539R	2	1	1	-1	-1	-1	10	2014	1
NS11539R	3	8	-1	-1	-1	1	5	2014	9
NS11539R	4	1	1	-1	-1	-1	4	2014	1
NS11539R	5	1	1	-1	-1	-1	7	2012	1
NS11539R	6	5	-1	1	3	-1	9	2009	6
NS11541C	1	4	-1	-1	-1	-1	6	2010	5
NS11542D	1	1	2	-1	-1	-1	7	2011	2
NS11542D	2	4	-1	-1	-1	-1	8	2009	5
NS11549L	1	1	1	-1	-1	-1	6	2014	1
NS11549L	2	1	1	-1	-1	-1	1	2014	1
NS11549L	3	1	1	-1	-1	-1	7	2012	1
NS11549L	4	4	-1	-1	-1	-1	9	2011	5
NS11549L	5	5	-1	1	3	-1	9	2008	6
NS11550W	1	1	1	-1	-1	-1	1	2009	1
NS11552Y	1	1	1	-1	-1	-1	7	2014	1
NS11552Y	2	1	1	-1	-1	-1	7	2013	1
NS11552Y	3	5	-1	1	3	-1	9	2009	6
NS11558E	1	1	1	-1	-1	-1	11	2012	1
NS11558E	2	1	1	-1	-1	-1	1	2012	1
NS11558E	3	1	1	-1	-1	-1	6	2011	1
NS11558E	4	1	1	-1	-1	-1	6	2010	1
NS11560Q	1	1	1	-1	-1	-1	9	2009	1
NS11561R	1	1	1	-1	-1	-1	4	2014	1
NS11561R	2	1	1	-1	-1	-1	7	2013	1
NS11561R	3	1	1	-1	-1	-1	12	2012	1
NS11561R	4	5	-1	1	3	-1	8	2009	6
NS11561R	5	1	2	-1	-1	-1	9	2008	2
NS11563T	1	1	1	-1	-1	-1	6	2012	1
NS11563T	2	5	-1	1	3	-1	9	2009	6
NS11563T	3	1	2	-1	-1	-1	9	2008	2
NS11563T	4	5	-1	1	1	-1	9	2003	6
NS11564V	1	1	1	-1	-1	-1	10	2014	1
NS11564V	2	1	1	-1	-1	-1	6	2014	1
NS11564V	3	5	-1	1	3	-1	9	2012	6
NS11564V	4	1	1	-1	-1	-1	2	2012	1
NS11564V	5	5	-1	1	3	-1	9	2010	6
NS11564V	6	5	-1	1	2	-1	9	2008	6
NS11566X	1	1	1	-1	-1	-1	4	2010	1
NS11568Z	1	4	-1	-1	-1	-1	4	2014	5
NS11568Z	2	1	1	-1	-1	-1	8	2013	1
NS11568Z	3	1	1	-1	-1	-1	7	2011	1
NS11568Z	4	5	-1	1	3	-1	9	2008	6
NS11570K	1	1	1	-1	-1	-1	10	2006	1
NS11572M	1	1	1	-1	-1	-1	9	2007	1
NS11579V	1	1	1	-1	-1	-1	4	2011	1
NS11579V	2	1	1	-1	-1	-1	7	2010	1
NS11579V	3	1	2	-1	-1	-1	4	2008	2
NS11580E	1	5	-1	1	3	-1	9	2008	6
NS11581F	1	1	2	-1	-1	-1	6	2010	2
NS11583H	1	1	1	-1	-1	-1	9	2008	1
NS11583H	2	1	1	-1	-1	-1	8	2008	1
NS11583H	3	1	2	-1	-1	-1	6	2006	2
NS11587M	1	4	-1	-1	-1	-1	7	2006	5
NS11589P	1	1	1	-1	-1	-1	2	2014	1
NS11589P	2	1	1	-1	-1	-1	2	2013	1
NS11589P	3	4	-1	-1	-1	-1	8	2012	5
NS11589P	4	1	2	-1	-1	-1	1	2012	2
NS11589P	5	10	-1	-1	-1	-1	1	2012	14
NS11589P	6	10	-1	-1	-1	-1	12	2011	14
NS11589P	7	10	-1	-1	-1	-1	11	2011	14
NS11589P	8	5	-1	1	1	-1	1	2000	6
NS11590Z	1	1	1	-1	-1	-1	1	2008	1
NS11591A	1	5	-1	1	3	-1	9	2009	6
NS11592B	1	1	1	-1	-1	-1	3	2014	1
NS11592B	2	1	1	-1	-1	-1	9	2011	1
NS11592B	3	5	-1	1	3	-1	9	2008	6
NS11594D	1	5	-1	1	3	-1	9	2008	6
NS11596F	1	1	1	-1	-1	-1	3	2015	1
NS11596F	2	1	1	-1	-1	-1	11	2013	1
NS11596F	3	1	1	-1	-1	-1	11	2013	1
NS11596F	4	1	1	-1	-1	-1	8	2013	1
NS11596F	5	1	2	-1	-1	-1	8	2006	2
NS11597G	1	5	-1	1	2	-1	9	2006	6
NS11598H	1	1	2	-1	-1	-1	6	2014	2
NS11598H	2	10	-1	-1	-1	-1	8	2013	14
NS11598H	3	1	1	-1	-1	-1	9	2009	1
NS11598H	4	1	2	-1	-1	-1	8	2007	2
NS11601B	1	5	-1	1	3	-1	9	2009	6
NS11602C	1	1	2	-1	-1	-1	2	2014	2
NS11602C	2	10	-1	-1	-1	-1	9	2005	14
NS11603D	1	1	1	-1	-1	-1	5	2012	1
NS11603D	2	1	1	-1	-1	-1	9	2011	1
NS11603D	3	5	-1	1	3	-1	9	2008	6
NS11607H	1	1	1	-1	-1	-1	3	2014	1
NS11607H	2	1	2	-1	-1	-1	8	2013	2
NS11607H	3	1	2	-1	-1	-1	5	2008	2
NS11608J	1	1	1	-1	-1	-1	1	2016	1
NS11608J	2	4	-1	-1	-1	-1	12	2015	5
NS11608J	3	1	1	-1	-1	-1	2	2014	1
NS11608J	4	4	-1	-1	-1	-1	6	2013	5
NS11608J	5	5	-1	1	3	-1	9	2009	6
NS11611W	1	5	-1	1	2	-1	9	2006	6
NS11611W	3	-8	-1	-1	-1	-1	-8	-8	-8
NS11613Y	1	1	1	-1	-1	-1	10	2010	1
NS11613Y	2	1	2	-1	-1	-1	9	2009	2
NS11618D	1	1	1	-1	-1	-1	9	2014	1
NS11618D	2	5	-1	1	3	-1	9	2011	6
NS11618D	3	5	-1	1	2	-1	9	2009	6
NS11619E	1	1	1	-1	-1	-1	3	2009	1
NS11619E	2	1	1	-1	-1	-1	7	2008	1
NS11619E	3	5	-1	1	2	-1	9	2006	6
NS11621Q	1	5	-1	1	3	-1	9	2009	6
NS11627X	1	4	-1	-1	-1	-1	2	2013	5
NS11627X	2	1	2	-1	-1	-1	6	2011	2
NS11627X	3	5	-1	1	2	-1	9	2006	6
NS11628Y	1	1	1	-1	-1	-1	12	2011	1
NS11628Y	2	1	1	-1	-1	-1	12	2011	1
NS11628Y	3	1	1	-1	-1	-1	12	2011	1
NS11628Y	4	-8	-1	-1	-1	-1	-8	-8	-8
NS11630J	1	1	2	-1	-1	-1	10	2008	2
NS11631K	1	3	2	-1	-1	-1	7	2012	11
NS11631K	2	10	-1	-1	-1	-1	1	2012	14
NS11631K	3	1	2	-1	-1	-1	11	2011	2
NS11631K	4	10	-1	-1	-1	-1	7	2011	14
NS11631K	5	5	-1	1	3	-1	9	2008	6
NS11631K	6	5	-1	1	2	-1	9	2006	6
NS11635P	1	1	1	-1	-1	-1	6	2015	1
NS11635P	2	1	2	-1	-1	-1	6	2010	2
NS11636Q	1	1	1	-1	-1	-1	5	2010	1
NS11639T	1	5	-1	1	3	-1	9	2008	6
NS11641E	1	5	-1	1	3	-1	9	2010	6
NS11641E	2	1	1	-1	-1	-1	1	2008	1
NS11642F	1	1	1	-1	-1	-1	6	2014	1
NS11642F	2	5	-1	1	3	-1	9	2009	6
NS11643G	1	5	-1	1	3	-1	9	2008	6
NS11644H	1	1	1	-1	-1	-1	7	2014	1
NS11644H	2	1	2	-1	-1	-1	10	2011	2
NS11644H	3	8	-1	-1	-1	2	9	2010	10
NS11644H	4	1	1	-1	-1	-1	8	2010	1
NS11644H	5	1	2	-1	-1	-1	9	2007	2
NS11650Y	1	1	1	-1	-1	-1	11	2013	1
NS11650Y	2	1	1	-1	-1	-1	2	2011	1
NS11650Y	3	10	-1	-1	-1	-1	-8	-8	14
NS11651Z	1	10	-1	-1	-1	-1	12	2012	14
NS11651Z	2	1	1	-1	-1	-1	7	2006	1
NS11652A	1	1	1	-1	-1	-1	8	2012	1
NS11652A	2	1	2	-1	-1	-1	5	2011	2
NS11652A	3	5	-1	1	3	-1	9	2008	6
NS11653B	1	5	-1	1	3	-1	9	2008	6
NS11654C	1	1	1	-1	-1	-1	10	2010	1
NS11654C	2	1	1	-1	-1	-1	-8	2008	1
NS11657F	1	1	2	-1	-1	-1	9	2013	2
NS11657F	2	5	-1	1	2	-1	9	2012	6
NS11657F	3	1	2	-1	-1	-1	9	2011	2
NS11657F	4	5	-1	1	3	-1	9	2008	6
NS11659H	1	1	1	-1	-1	-1	5	2006	1
NS11661T	1	1	1	-1	-1	-1	8	2013	1
NS11661T	2	1	2	-1	-1	-1	11	2012	2
NS11661T	3	3	1	-1	-1	-1	10	2012	11
NS11661T	4	1	2	-1	-1	-1	9	2012	2
NS11661T	5	1	1	-1	-1	-1	7	2012	1
NS11661T	6	5	-1	1	3	-1	10	2009	6
NS11667A	1	1	2	-1	-1	-1	6	2008	2
NS11671N	1	4	-1	-1	-1	-1	5	2010	5
NS11673Q	1	1	1	-1	-1	-1	1	2016	1
NS11673Q	2	1	1	-1	-1	-1	9	2014	1
NS11673Q	3	5	-1	1	3	-1	9	2013	6
NS11673Q	4	5	-1	1	3	-1	9	2009	6
NS11673Q	5	5	-1	1	2	-1	9	2008	6
NS11673Q	6	5	-1	1	1	-1	8	2001	6
NS11676T	1	6	1	-1	-1	-1	8	2015	12
NS11676T	2	1	2	-1	-1	-1	10	2013	2
NS11676T	3	5	-1	1	3	-1	9	2010	6
NS11676T	4	5	-1	1	1	-1	9	1994	6
NS11678W	1	1	2	-1	-1	-1	5	2015	2
NS11678W	2	1	2	-1	-1	-1	12	2014	2
NS11678W	3	4	-1	-1	-1	-1	9	2012	5
NS11678W	4	4	-1	-1	-1	-1	8	2009	5
NS11678W	5	1	1	-1	-1	-1	7	2005	1
NS11679X	1	1	2	-1	-1	-1	9	2010	2
NS11679X	2	5	-1	1	3	-1	9	2010	6
NS11679X	3	5	-1	2	2	-1	1	2009	7
NS11681H	1	1	1	-1	-1	-1	8	2008	1
NS11682J	1	1	2	-1	-1	-1	10	2014	2
NS11682J	2	5	-1	1	2	-1	-8	-8	6
NS11685M	1	1	2	-1	-1	-1	2	2010	2
NS11688Q	1	4	-1	-1	-1	-1	2	2014	5
NS11688Q	2	1	1	-1	-1	-1	2	2014	1
NS11688Q	3	1	1	-1	-1	-1	6	2013	1
NS11688Q	4	4	-1	-1	-1	-1	2	2013	5
NS11688Q	5	3	1	-1	-1	-1	1	2013	11
NS11688Q	6	4	-1	-1	-1	-1	7	2011	5
NS11688Q	7	5	-1	1	3	-1	9	2008	6
NS11690B	1	5	-1	1	3	-1	9	2008	6
NS11692D	1	2	1	-1	-1	-1	5	2014	3
NS11692D	2	1	1	-1	-1	-1	4	2012	1
NS11692D	3	1	2	-1	-1	-1	-8	2006	2
NS11695G	1	1	1	-1	-1	-1	4	2007	1
NS11696H	1	5	-1	1	3	-1	9	2012	6
NS11696H	2	5	-1	1	2	-1	9	2011	6
NS11696H	3	2	1	-1	-1	-1	7	2010	3
NS11696H	4	1	1	-1	-1	-1	1	2009	1
NS11703F	1	1	2	-1	-1	-1	8	2012	2
NS11703F	2	1	2	-1	-1	-1	5	2012	2
NS11703F	3	5	-1	1	3	-1	9	2009	6
NS11704G	1	5	-1	1	3	-1	10	2008	6
NS11706J	1	1	1	-1	-1	-1	7	2011	1
NS11706J	2	5	-1	1	3	-1	9	2008	6
NS11710X	1	1	1	-1	-1	-1	9	2011	1
NS11710X	2	1	1	-1	-1	-1	11	2009	1
NS11714B	1	1	2	-1	-1	-1	6	2014	2
NS11714B	2	5	-1	1	3	-1	9	2010	6
NS11714B	3	5	-1	1	2	-1	9	2008	6
NS11714B	4	5	-1	1	1	-1	9	2001	6
NS11717E	1	9	-1	-1	-1	-1	8	2014	13
NS11717E	2	5	-1	1	2	-1	9	2013	6
NS11717E	3	9	-1	-1	-1	-1	5	2012	13
NS11717E	4	4	-1	-1	-1	-1	9	2011	5
NS11717E	5	1	1	-1	-1	-1	1	2010	1
NS11717E	6	4	-1	-1	-1	-1	11	2009	5
NS11717E	7	1	1	-1	-1	-1	11	2008	1
NS11717E	8	4	-1	-1	-1	-1	8	2007	5
NS11717E	9	5	-1	1	2	-1	9	2006	6
NS11719G	1	1	1	-1	-1	-1	4	2014	1
NS11719G	2	1	2	-1	-1	-1	9	2013	2
NS11719G	3	4	-1	-1	-1	-1	9	2011	5
NS11719G	4	5	-1	1	2	-1	9	2007	6
NS11722T	1	1	1	-1	-1	-1	9	2013	1
NS11722T	2	1	2	-1	-1	-1	5	2008	2
NS11724W	1	1	1	-1	-1	-1	8	2012	1
NS11724W	2	1	1	-1	-1	-1	7	2010	1
NS11724W	3	1	2	-1	-1	-1	7	2008	2
NS11724W	4	5	-1	1	2	-1	9	2006	6
NS11731M	1	1	2	-1	-1	-1	12	2014	2
NS11731M	2	1	2	-1	-1	-1	6	2014	2
NS11731M	3	9	-1	-1	-1	-1	9	2012	13
NS11731M	4	5	-1	1	2	-1	6	2011	6
NS11731M	5	5	-1	1	1	-1	9	1995	6
NS11732N	1	5	-1	1	3	-1	10	2008	6
NS11734Q	1	1	1	-1	-1	-1	6	2011	1
NS11734Q	2	1	1	-1	-1	-1	8	2009	1
NS11736S	1	4	-1	-1	-1	-1	6	2014	5
NS11736S	2	1	1	-1	-1	-1	3	2014	1
NS11736S	3	4	-1	-1	-1	-1	5	2013	5
NS11736S	4	1	1	-1	-1	-1	5	2012	1
NS11736S	5	4	-1	-1	-1	-1	6	2011	5
NS11736S	6	5	-1	1	3	-1	9	2008	6
NS11737T	1	1	1	-1	-1	-1	10	2015	1
NS11737T	2	4	-1	-1	-1	-1	7	2015	5
NS11737T	3	1	2	-1	-1	-1	6	2015	2
NS11737T	4	4	-1	-1	-1	-1	4	2015	5
NS11737T	5	1	2	-1	-1	-1	10	2014	2
NS11737T	6	5	-1	1	3	-1	9	2011	6
NS11737T	7	4	-1	-1	-1	-1	4	2010	5
NS11737T	8	5	-1	1	3	-1	9	2009	6
NS11737T	9	10	-1	-1	-1	-1	7	2008	14
NS11738V	1	1	2	-1	-1	-1	5	2012	2
NS11738V	2	4	-1	-1	-1	-1	6	2006	5
NS11741G	1	6	1	-1	-1	-1	9	2006	12
NS11743J	1	1	1	-1	-1	-1	8	2015	1
NS11743J	2	4	-1	-1	-1	-1	1	2015	5
NS11743J	3	4	-1	-1	-1	-1	7	2014	5
NS11743J	4	1	1	-1	-1	-1	3	2014	1
NS11743J	5	5	-1	1	3	-1	9	2009	6
NS11745L	1	5	-1	1	3	-1	7	2010	6
NS11745L	2	5	-1	1	2	-1	7	2008	6
NS11746M	1	1	1	-1	-1	-1	8	2013	1
NS11746M	2	1	1	-1	-1	-1	6	2013	1
NS11746M	3	4	-1	-1	-1	-1	2	2013	5
NS11746M	4	8	-1	-1	-1	1	2	2013	9
NS11746M	5	1	1	-1	-1	-1	9	2012	1
NS11746M	6	3	1	-1	-1	-1	3	2012	11
NS11746M	7	1	1	-1	-1	-1	10	2011	1
NS11746M	8	4	-1	-1	-1	-1	7	2011	5
NS11746M	9	5	-1	1	3	-1	9	2008	6
NS11762X	1	5	-1	1	3	-1	9	2008	6
NS11765A	1	1	1	-1	-1	-1	7	2015	1
NS11765A	2	1	1	-1	-1	-1	5	2015	1
NS11765A	3	1	1	-1	-1	-1	3	2015	1
NS11765A	4	1	1	-1	-1	-1	10	2014	1
NS11765A	5	1	1	-1	-1	-1	8	2014	1
NS11765A	6	-8	-1	-1	-1	-1	-8	-8	-8
NS11767C	1	10	-1	-1	-1	-1	7	2015	14
NS11767C	2	1	1	-1	-1	-1	7	2008	1
NS11770P	1	1	2	-1	-1	-1	6	2014	2
NS11770P	2	1	1	-1	-1	-1	12	2013	1
NS11770P	3	5	-1	1	3	-1	9	2010	6
NS11770P	4	1	1	-1	-1	-1	9	2008	1
NS11771Q	1	1	1	-1	-1	-1	11	2008	1
NS11772R	1	1	1	-1	-1	-1	2	2015	1
NS11772R	2	1	1	-1	-1	-1	3	2014	1
NS11772R	3	4	-1	-1	-1	-1	8	2013	5
NS11772R	4	1	2	-1	-1	-1	10	2012	2
NS11772R	5	5	-1	1	3	-1	9	2008	6
NS11775V	1	5	-1	1	3	-1	9	2009	6
NS11778Y	1	5	-1	1	3	-1	9	2008	6
NS11780J	1	1	2	-1	-1	-1	6	2006	2
NS11783M	1	1	2	-1	-1	-1	8	2013	2
NS11783M	2	4	-1	-1	-1	-1	6	2013	5
NS11783M	3	1	2	-1	-1	-1	8	2012	2
NS11783M	4	1	2	-1	-1	-1	9	2010	2
NS11783M	5	1	2	-1	-1	-1	9	2008	2
NS11783M	6	4	-1	-1	-1	-1	6	2007	5
NS11783M	7	5	-1	1	2	-1	9	2006	6
NS11784N	1	5	-1	1	3	-1	9	2014	6
NS11784N	2	1	1	-1	-1	-1	9	2011	1
NS11784N	3	10	-1	-1	-1	-1	1	2011	14
NS11784N	4	5	-1	1	3	-1	9	2008	6
NS11784N	5	5	-1	1	2	-1	9	2006	6
NS11785P	1	1	1	-1	-1	-1	4	2011	1
NS11785P	2	1	1	-1	-1	-1	2	2009	1
NS11786Q	1	5	-1	1	3	-1	9	2011	6
NS11786Q	2	3	1	-1	-1	-1	7	2010	11
NS11786Q	3	5	-1	2	2	-1	10	2009	7
NS11787R	1	1	1	-1	-1	-1	11	2012	1
NS11787R	2	1	1	-1	-1	-1	9	2011	1
NS11787R	3	5	-1	1	3	-1	9	2008	6
NS11793G	1	5	-1	1	3	-1	9	2014	6
NS11793G	2	1	1	-1	-1	-1	9	2012	1
NS11793G	3	1	2	-1	-1	-1	9	2011	2
NS11793G	4	5	-1	1	3	-1	9	2008	6
NS11799N	1	1	2	-1	-1	-1	9	2014	2
NS11799N	2	1	1	-1	-1	-1	12	2012	1
NS11799N	3	5	-1	1	3	-1	9	2009	6
NS11801F	1	5	-1	1	3	-1	9	2010	6
NS11801F	2	5	-1	1	2	-1	9	2007	6
NS11802G	1	1	1	-1	-1	-1	4	2013	1
NS11802G	2	5	-1	1	3	-1	9	2009	6
NS11805K	1	9	-1	-1	-1	-1	9	2013	13
NS11805K	2	1	1	-1	-1	-1	1	2013	1
NS11805K	3	5	-1	1	2	-1	9	2007	6
NS11805K	4	5	-1	1	1	-1	9	2000	6
NS11816F	1	1	1	-1	-1	-1	9	2009	1
NS11817G	1	1	1	-1	-1	-1	1	2013	1
NS11817G	2	4	-1	-1	-1	-1	6	2012	5
NS11817G	3	5	-1	1	3	-1	9	2011	6
NS11817G	4	5	-1	1	3	-1	9	2008	6
NS11819J	1	1	1	-1	-1	-1	4	2015	1
NS11819J	2	2	1	-1	-1	-1	1	2015	3
NS11819J	3	1	1	-1	-1	-1	1	2014	1
NS11819J	4	1	1	-1	-1	-1	6	2013	1
NS11819J	5	1	1	-1	-1	-1	1	2010	1
NS11820T	1	1	2	-1	-1	-1	4	2011	2
NS11820T	2	9	-1	-1	-1	-1	7	2009	13
NS11823X	1	5	-1	1	3	-1	9	2011	6
NS11823X	2	5	-1	1	2	-1	9	2006	6
NS11826A	1	3	1	-1	-1	-1	7	2011	11
NS11826A	2	5	-1	1	3	-1	9	2008	6
NS11828C	1	1	1	-1	-1	-1	11	2011	1
NS11828C	2	4	-1	-1	-1	-1	9	2011	5
NS11828C	3	5	-1	1	3	-1	9	2008	6
NS11828C	4	5	-1	1	1	-1	9	1994	6
NS11831P	1	3	2	-1	-1	-1	6	2012	11
NS11831P	2	5	-1	1	3	-1	9	2008	6
NS11832Q	1	5	-1	1	3	-1	-8	-8	6
NS11837W	1	4	-1	-1	-1	-1	6	2012	5
NS11837W	2	1	1	-1	-1	-1	6	2007	1
NS11840H	1	1	1	-1	-1	-1	9	2009	1
NS11843L	1	1	2	-1	-1	-1	5	2014	2
NS11843L	2	1	1	-1	-1	-1	5	2011	1
NS11843L	3	1	1	-1	-1	-1	5	2010	1
NS11843L	4	1	1	-1	-1	-1	3	2008	1
NS11843L	5	5	-1	1	2	-1	9	2006	6
NS11844M	1	1	1	-1	-1	-1	8	2012	1
NS11844M	2	5	-1	1	3	-1	9	2010	6
NS11848R	1	1	1	-1	-1	-1	6	2010	1
NS11848R	2	1	1	-1	-1	-1	10	2009	1
NS11852E	1	10	-1	-1	-1	-1	6	2008	14
NS11853F	1	5	-1	1	3	-1	9	2011	6
NS11853F	2	1	1	-1	-1	-1	6	2010	1
NS11853F	3	5	-1	1	2	-1	9	2006	6
NS11855H	1	1	1	-1	-1	-1	9	2010	1
NS11855H	2	5	-1	2	2	-1	9	2008	7
NS11858L	1	1	1	-1	-1	-1	3	2010	1
NS11859M	1	8	-1	-1	-1	1	12	2014	9
NS11859M	2	1	1	-1	-1	-1	9	2014	1
NS11859M	3	5	-1	1	3	-1	9	2010	6
NS11859M	4	1	1	-1	-1	-1	3	2009	1
NS11859M	5	5	-1	1	3	-1	9	2008	6
NS11859M	6	5	-1	1	1	-1	9	1995	6
NS11860X	1	5	-1	1	3	-1	9	2009	6
NS11861Y	1	5	-1	1	3	-1	9	2009	6
NS11863A	1	8	-1	-1	-1	2	9	1990	10
NS11864B	1	2	2	-1	-1	-1	3	2013	4
NS11864B	2	1	1	-1	-1	-1	9	2012	1
NS11864B	3	5	-1	1	3	-1	9	2008	6
NS11866D	1	1	1	-1	-1	-1	9	2012	1
NS11866D	2	5	-1	1	3	-1	9	2008	6
NS11867E	1	4	-1	-1	-1	-1	11	2012	5
NS11867E	2	5	-1	1	3	-1	9	2009	6
NS11868F	1	5	-1	1	3	-1	7	2013	6
NS11868F	2	1	1	-1	-1	-1	2	2013	1
NS11868F	3	5	-1	1	2	-1	9	2009	6
NS11869G	1	4	-1	-1	-1	-1	6	2008	5
NS11869G	2	5	-1	1	2	-1	9	2006	6
NS11871S	1	5	-1	2	2	-1	5	2015	7
NS11871S	2	4	-1	-1	-1	-1	4	2013	5
NS11871S	3	1	2	-1	-1	-1	11	2011	2
NS11871S	4	9	-1	-1	-1	-1	3	2009	13
NS11871S	5	1	1	-1	-1	-1	12	2006	1
NS11871S	6	5	-1	1	1	-1	5	2002	6
NS11874W	1	1	2	-1	-1	-1	10	2015	2
NS11874W	2	1	1	-1	-1	-1	4	2015	1
NS11874W	3	1	1	-1	-1	-1	10	2012	1
NS11874W	4	10	-1	-1	-1	-1	12	2011	14
NS11874W	5	-8	-1	-1	-1	-1	10	2007	-8
NS11877Z	1	10	-1	-1	-1	-1	1	2014	14
NS11877Z	2	1	1	-1	-1	-1	6	2009	1
NS11877Z	3	4	-1	-1	-1	-1	6	2009	5
NS11877Z	4	1	1	-1	-1	-1	6	2008	1
NS11878A	1	1	1	-1	-1	-1	3	2010	1
NS11880L	1	1	1	-1	-1	-1	1	2014	1
NS11880L	2	1	1	-1	-1	-1	11	2011	1
NS11880L	3	-9	-1	-1	-1	-1	-9	-9	-8
NS11881M	1	1	1	-1	-1	-1	10	2007	1
NS11881M	2	5	-1	2	4	-1	7	2006	7
NS11882N	1	1	1	-1	-1	-1	7	2012	1
NS11882N	2	1	1	-1	-1	-1	-8	2008	1
NS11882N	3	5	-1	1	2	-1	9	2006	6
NS11883P	1	3	2	-1	-1	-1	8	2012	11
NS11883P	2	3	2	-1	-1	-1	8	2012	11
NS11883P	3	5	-1	2	2	-1	9	2008	7
NS11883P	4	3	2	-1	-1	-1	9	2006	11
NS11884Q	1	5	-1	1	3	-1	9	2008	6
NS11885R	1	1	1	-1	-1	-1	1	2013	1
NS11885R	2	1	1	-1	-1	-1	6	2011	1
NS11885R	3	1	1	-1	-1	-1	9	2010	1
NS11885R	4	5	-1	1	3	-1	9	2009	6
NS11889W	1	5	-1	1	3	-1	10	2009	6
NS11893J	1	1	1	-1	-1	-1	5	2007	1
NS11894K	1	5	-1	1	3	-1	9	2008	6
NS11896M	1	4	-1	-1	-1	-1	2	2013	5
NS11896M	2	1	1	-1	-1	-1	9	2008	1
NS11898P	1	1	1	-1	-1	-1	6	2011	1
NS11898P	2	5	-1	1	3	-1	9	2008	6
NS11898P	3	5	-1	1	2	-1	9	2006	6
NS11900G	1	1	1	-1	-1	-1	6	2011	1
NS11900G	2	5	-1	1	3	-1	9	2008	6
NS11900G	3	1	2	-1	-1	-1	10	2006	2
NS11900G	4	5	-1	1	2	-1	9	2006	6
NS11902J	1	1	2	-1	-1	-1	1	2014	2
NS11902J	2	2	1	-1	-1	-1	8	2013	3
NS11902J	3	1	2	-1	-1	-1	3	2013	2
NS11902J	4	2	1	-1	-1	-1	6	2012	3
NS11902J	5	5	-1	1	3	-1	10	2009	6
NS11903K	1	5	-1	1	3	-1	2	2010	6
NS11904L	1	1	1	-1	-1	-1	3	2010	1
NS11906N	1	5	-1	1	3	-1	9	2010	6
NS11906N	2	5	-1	1	2	-1	9	2008	6
NS11908Q	1	4	-1	-1	-1	-1	2	2015	5
NS11908Q	2	1	1	-1	-1	-1	1	2014	1
NS11908Q	3	1	2	-1	-1	-1	11	2013	2
NS11908Q	4	5	-1	1	3	-1	9	2008	6
NS11912D	1	1	1	-1	-1	-1	10	2013	1
NS11912D	2	5	-1	1	2	-1	9	2012	6
NS11912D	3	1	1	-1	-1	-1	6	2010	1
NS11912D	4	4	-1	-1	-1	-1	7	2006	5
NS11916H	1	1	1	-1	-1	-1	11	2013	1
NS11916H	2	1	1	-1	-1	-1	9	2012	1
NS11916H	3	5	-1	1	3	-1	9	2011	6
NS11916H	4	5	-1	1	3	-1	9	2008	6
NS11917J	1	1	1	-1	-1	-1	2	2010	1
NS11919L	1	5	-1	1	3	-1	9	2009	6
NS11919L	2	5	-1	1	2	-1	9	2006	6
NS11920W	1	5	-1	1	3	-1	9	2011	6
NS11920W	2	5	-1	1	3	-1	9	2008	6
NS11921X	1	5	-1	1	3	-1	9	2008	6
NS11922Y	1	1	2	-1	-1	-1	3	2007	2
NS11922Y	2	5	-1	1	2	-1	9	2006	6
NS11923Z	1	1	2	-1	-1	-1	9	2008	2
NS11928E	1	1	1	-1	-1	-1	8	2012	1
NS11928E	2	5	-1	1	3	-1	9	2009	6
NS11929F	1	1	1	-1	-1	-1	2	2009	1
NS11930Q	1	1	1	-1	-1	-1	12	2011	1
NS11930Q	2	5	-1	1	3	-1	9	2008	6
NS11931R	1	1	1	-1	-1	-1	5	2012	1
NS11931R	2	1	2	-1	-1	-1	5	2010	2
NS11931R	3	5	-1	1	2	-1	9	2007	6
NS11931R	4	5	-1	1	1	-1	9	2000	6
NS11932S	1	1	1	-1	-1	-1	7	2012	1
NS11932S	2	5	-1	1	3	-1	9	2009	6
NS11934V	1	3	2	-1	-1	-1	11	2011	11
NS11934V	2	4	-1	-1	-1	-1	6	2011	5
NS11934V	3	5	-1	1	3	-1	9	2008	6
NS11935W	1	5	-1	1	3	-1	9	2010	6
NS11935W	2	5	-1	1	2	-1	9	2007	6
NS11937Y	1	1	1	-1	-1	-1	10	2009	1
NS11945Q	1	1	2	-1	-1	-1	6	2014	2
NS11945Q	2	5	-1	1	3	-1	8	2009	6
NS11946R	1	1	1	-1	-1	-1	7	2010	1
NS11946R	2	4	-1	-1	-1	-1	5	2007	5
NS11947S	1	5	-1	1	2	-1	9	2006	6
NS11948T	1	5	-1	1	3	-1	-9	-9	6
NS11950E	1	1	1	-1	-1	-1	10	2015	1
NS11950E	2	1	2	-1	-1	-1	9	2014	2
NS11950E	3	2	1	-1	-1	-1	4	2013	3
NS11950E	4	5	-1	1	3	-1	9	2011	6
NS11950E	5	5	-1	1	3	-1	9	2008	6
NS11951F	1	1	1	-1	-1	-1	2	2013	1
NS11951F	2	4	-1	-1	-1	-1	7	2012	5
NS11951F	3	1	1	-1	-1	-1	12	2011	1
NS11951F	4	1	1	-1	-1	-1	6	2011	1
NS11951F	5	3	1	-1	-1	-1	11	2010	11
NS11951F	6	4	-1	-1	-1	-1	11	2009	5
NS11951F	7	1	2	-1	-1	-1	4	2008	2
NS11952G	1	5	-1	1	3	-1	9	2009	6
NS11952G	2	5	-1	1	2	-1	9	2006	6
NS11953H	1	1	2	-1	-1	-1	11	2012	2
NS11953H	2	5	-1	1	3	-1	9	2009	6
NS11958N	1	1	1	-1	-1	-1	6	2012	1
NS11958N	2	4	-1	-1	-1	-1	4	2011	5
NS11958N	3	5	-1	1	3	-1	9	2008	6
NS11961A	1	1	1	-1	-1	-1	7	2013	1
NS11961A	2	1	1	-1	-1	-1	5	2012	1
NS11961A	3	5	-1	1	3	-1	9	2009	6
NS11961A	4	1	1	-1	-1	-1	6	2008	1
NS11967G	1	1	1	-1	-1	-1	3	2015	1
NS11967G	2	5	-1	1	3	-1	9	2010	6
NS11967G	3	5	-1	1	2	-1	9	2006	6
NS11970T	1	2	1	-1	-1	-1	4	2015	3
NS11970T	2	1	1	-1	-1	-1	4	2014	1
NS11970T	3	1	1	-1	-1	-1	6	2011	1
NS11970T	4	5	-1	1	3	-1	9	2009	6
NS11970T	5	10	-1	-1	-1	-1	2	2009	14
NS11970T	6	1	1	-1	-1	-1	7	2008	1
NS11970T	7	5	-1	1	2	-1	9	2006	6
NS11977B	1	1	1	-1	-1	-1	11	2015	1
NS11977B	2	4	-1	-1	-1	-1	4	2012	5
NS11977B	3	1	2	-1	-1	-1	11	2011	2
NS11977B	4	4	-1	-1	-1	-1	11	2010	5
NS11977B	5	4	-1	-1	-1	-1	5	2009	5
NS11978C	1	1	1	-1	-1	-1	10	2012	1
NS11978C	2	5	-1	1	3	-1	4	2009	6
NS11979D	1	1	2	-1	-1	-1	10	2014	2
NS11979D	2	1	2	-1	-1	-1	5	2014	2
NS11979D	3	1	1	-1	-1	-1	1	2014	1
NS11979D	4	1	1	-1	-1	-1	11	2013	1
NS11979D	5	1	2	-1	-1	-1	6	2011	2
NS11979D	6	5	-1	1	3	-1	10	2008	6
NS11981P	1	1	2	-1	-1	-1	6	2012	2
NS11981P	2	1	2	-1	-1	-1	10	2006	2
NS11982Q	1	3	1	-1	-1	-1	8	2015	11
NS11982Q	2	4	-1	-1	-1	-1	8	2014	5
NS11982Q	3	1	2	-1	-1	-1	9	2009	2
NS11983R	1	1	1	-1	-1	-1	-9	-9	1
NS11993L	1	1	1	-1	-1	-1	3	2013	1
NS11993L	2	1	1	-1	-1	-1	7	2012	1
NS11993L	3	5	-1	1	3	-1	9	2009	6
NS11998R	1	1	2	-1	-1	-1	10	2012	2
NS11998R	2	1	2	-1	-1	-1	10	2012	2
NS11998R	3	5	-1	1	3	-1	10	2011	6
NS11998R	4	5	-1	1	3	-1	9	2008	6
NS11999S	1	1	1	-1	-1	-1	10	2013	1
NS11999S	2	1	1	-1	-1	-1	8	2012	1
NS11999S	3	5	-1	1	3	-1	9	2008	6
NS12003L	1	3	2	-1	-1	-1	9	2011	11
NS12003L	2	3	2	-1	-1	-1	3	2011	11
NS12003L	3	1	1	-1	-1	-1	8	2007	1
NS12003L	4	5	-1	1	2	-1	9	2006	6
NS12008R	1	1	2	-1	-1	-1	1	2009	2
NS12011D	1	1	1	-1	-1	-1	-8	2010	1
NS12011D	2	5	-1	1	2	-1	9	2006	6
NS12016J	1	3	2	-1	-1	-1	6	2014	11
NS12016J	2	1	1	-1	-1	-1	11	2012	1
NS12016J	3	5	-1	1	3	-1	9	2009	6
NS12021Y	1	1	2	-1	-1	-1	5	2015	2
NS12021Y	2	4	-1	-1	-1	-1	12	2014	5
NS12021Y	3	1	2	-1	-1	-1	2	2014	2
NS12021Y	4	4	-1	-1	-1	-1	7	2013	5
NS12021Y	5	1	1	-1	-1	-1	3	2009	1
NS12023A	1	1	1	-1	-1	-1	1	2012	1
NS12023A	2	1	2	-1	-1	-1	8	2011	2
NS12023A	3	4	-1	-1	-1	-1	6	2011	5
NS12023A	4	5	-1	1	3	-1	10	2008	6
NS12024B	1	1	1	-1	-1	-1	7	2014	1
NS12024B	2	1	1	-1	-1	-1	9	2011	1
NS12024B	3	1	1	-1	-1	-1	9	2010	1
NS12024B	4	5	-1	1	2	-1	9	2007	6
NS12026D	1	1	1	-1	-1	-1	6	2012	1
NS12026D	2	5	-1	1	3	-1	8	2011	6
NS12026D	3	1	1	-1	-1	-1	6	2010	1
NS12026D	4	5	-1	1	3	-1	9	2008	6
NS12029G	1	5	-1	1	3	-1	9	2008	6
NS12030R	1	1	1	-1	-1	-1	9	2011	1
NS12030R	2	5	-1	1	3	-1	9	2008	6
NS12034W	1	1	2	-1	-1	-1	10	2011	2
NS12034W	2	5	-1	1	3	-1	9	2008	6
NS12034W	3	5	-1	1	2	-1	9	2006	6
NS12036Y	1	5	-1	1	3	-1	10	2001	6
NS12037Z	1	4	-1	-1	-1	-1	9	2014	5
NS12037Z	2	1	1	-1	-1	-1	2	2014	1
NS12037Z	3	1	1	-1	-1	-1	11	2013	1
NS12037Z	4	1	1	-1	-1	-1	9	2013	1
NS12037Z	5	4	-1	-1	-1	-1	1	2013	5
NS12037Z	6	8	-1	-1	-1	1	4	2012	9
NS12037Z	7	1	1	-1	-1	-1	7	2008	1
NS12037Z	8	5	-1	1	2	-1	9	2006	6
NS12042N	1	1	1	-1	-1	-1	1	2010	1
NS12042N	2	10	-1	-1	-1	-1	1	2009	14
NS12042N	3	5	-1	1	2	-1	1	2007	6
NS12043P	1	5	-1	1	3	-1	9	2011	6
NS12043P	2	5	-1	1	2	-1	9	2009	6
NS12045R	1	1	1	-1	-1	-1	6	2013	1
NS12045R	2	4	-1	-1	-1	-1	4	2013	5
NS12045R	3	1	1	-1	-1	-1	2	2013	1
NS12045R	4	4	-1	-1	-1	-1	12	2012	5
NS12045R	5	5	-1	1	3	-1	9	2009	6
NS12047T	1	5	-1	1	3	-1	9	2008	6
NS12048V	1	1	2	-1	-1	-1	-8	-8	2
NS12051G	1	5	-1	1	3	-1	9	2008	6
NS12052H	1	1	1	-1	-1	-1	1	2016	1
NS12052H	2	6	1	-1	-1	-1	7	2014	12
NS12052H	3	1	1	-1	-1	-1	11	2012	1
NS12052H	4	1	2	-1	-1	-1	8	2012	2
NS12052H	5	1	1	-1	-1	-1	4	2010	1
NS12052H	6	4	-1	-1	-1	-1	6	2006	5
NS12053J	1	5	-1	1	3	-1	9	2007	6
NS12054K	1	5	-1	1	3	-1	10	2010	6
NS12054K	2	5	-1	1	2	-1	9	2006	6
NS12055L	1	4	-1	-1	-1	-1	1	2015	5
NS12055L	2	4	-1	-1	-1	-1	1	2012	5
NS12055L	3	5	-1	1	3	-1	9	2010	6
NS12055L	4	4	-1	-1	-1	-1	1	2006	5
NS12059Q	1	1	1	-1	-1	-1	9	2007	1
NS12059Q	2	5	-1	1	2	-1	9	2006	6
NS12060A	1	1	1	-1	-1	-1	12	2009	1
NS12062C	1	1	1	-1	-1	-1	5	2010	1
NS12062C	2	1	1	-1	-1	-1	10	2008	1
NS12062C	3	4	-1	-1	-1	-1	4	2008	5
NS12062C	4	5	-1	1	1	-1	9	2001	6
NS12063D	1	5	-1	1	3	-1	9	2008	6
NS12064E	1	1	1	-1	-1	-1	9	2014	1
NS12064E	2	5	-1	1	3	-1	9	2013	6
NS12064E	3	1	2	-1	-1	-1	9	2012	2
NS12064E	4	1	2	-1	-1	-1	6	2012	2
NS12064E	5	10	-1	-1	-1	-1	3	2012	14
NS12064E	6	1	2	-1	-1	-1	5	2011	2
NS12064E	7	5	-1	1	3	-1	9	2008	6
NS12068J	1	1	1	-1	-1	-1	6	2011	1
NS12068J	2	1	1	-1	-1	-1	6	2010	1
NS12068J	3	1	2	-1	-1	-1	6	2009	2
NS12070V	1	1	2	-1	-1	-1	7	2010	2
NS12070V	2	4	-1	-1	-1	-1	7	2008	5
NS12071W	1	1	1	-1	-1	-1	3	2013	1
NS12071W	2	1	2	-1	-1	-1	9	2012	2
NS12071W	3	2	1	-1	-1	-1	5	2011	3
NS12071W	4	5	-1	1	3	-1	9	2008	6
NS12072X	1	1	1	-1	-1	-1	4	2012	1
NS12072X	2	1	1	-1	-1	-1	2	2011	1
NS12072X	3	1	1	-1	-1	-1	9	2008	1
NS12073Y	1	5	-1	1	3	-1	9	2011	6
NS12073Y	2	1	1	-1	-1	-1	1	2009	1
NS12075A	1	1	1	-1	-1	-1	8	2012	1
NS12075A	2	5	-1	1	3	-1	9	2009	6
NS12075A	3	10	-1	-1	-1	-1	9	2008	14
NS12075A	4	5	-1	1	1	-1	9	2001	6
NS12077C	1	5	-1	1	3	-1	9	2009	6
NS12078D	1	7	-1	-1	-1	-1	9	2010	8
NS12078D	2	1	1	-1	-1	-1	6	2008	1
NS12081Q	1	1	1	-1	-1	-1	1	2010	1
NS12081Q	2	1	1	-1	-1	-1	12	2008	1
NS12081Q	3	1	1	-1	-1	-1	11	2006	1
NS12081Q	4	4	-1	-1	-1	-1	6	2006	5
NS12084T	1	5	-1	1	3	-1	9	2009	6
NS12084T	2	5	-1	1	1	-1	9	2003	6
NS12085V	1	4	-1	-1	-1	-1	7	2009	5
NS12090J	1	5	-1	1	3	-1	9	2009	6
NS12098S	1	1	1	-1	-1	-1	6	2006	1
NS12100K	1	5	-1	1	2	-1	10	2009	6
NS12100K	2	5	-1	1	1	-1	10	2007	6
NS12100K	3	5	-1	1	1	-1	10	2001	6
NS12103N	1	4	-1	-1	-1	-1	4	2014	5
NS12103N	2	4	-1	-1	-1	-1	4	2010	5
NS12106R	1	1	1	-1	-1	-1	6	2010	1
NS12106R	2	4	-1	-1	-1	-1	9	2008	5
NS12106R	3	5	-1	1	1	-1	8	1995	6
NS12107S	1	1	1	-1	-1	-1	5	2015	1
NS12107S	2	1	2	-1	-1	-1	3	2011	2
NS12107S	3	4	-1	-1	-1	-1	1	2011	5
NS12107S	4	5	-1	1	3	-1	10	2008	6
NS12112G	1	1	1	-1	-1	-1	10	2012	1
NS12112G	2	5	-1	1	3	-1	10	2008	6
NS12115K	1	1	1	-1	-1	-1	8	2008	1
NS12116L	1	5	-1	1	2	-1	9	2010	6
NS12116L	2	1	2	-1	-1	-1	9	2010	2
NS12116L	3	5	-1	1	2	-1	9	2009	6
NS12117M	1	1	1	-1	-1	-1	10	2012	1
NS12117M	2	1	2	-1	-1	-1	4	2008	2
NS12118N	1	1	2	-1	-1	-1	1	2012	2
NS12118N	2	4	-1	-1	-1	-1	7	2011	5
NS12118N	3	5	-1	1	3	-1	9	2008	6
NS12120Z	1	1	1	-1	-1	-1	6	2011	1
NS12120Z	2	5	-1	1	3	-1	9	2010	6
NS12120Z	3	5	-1	1	2	-1	9	2007	6
NS12126F	1	5	-1	1	3	-1	9	2008	6
NS12126F	2	5	-1	1	1	-1	9	2006	6
NS12127G	1	1	1	-1	-1	-1	1	2014	1
NS12127G	2	1	1	-1	-1	-1	7	2012	1
NS12127G	3	1	1	-1	-1	-1	1	2012	1
NS12127G	4	5	-1	1	3	-1	9	2009	6
NS12131V	1	5	-1	1	3	-1	9	2011	6
NS12131V	2	5	-1	1	2	-1	9	2007	6
NS12133X	1	1	1	-1	-1	-1	9	2013	1
NS12133X	2	1	1	-1	-1	-1	7	2011	1
NS12133X	3	1	2	-1	-1	-1	8	2010	2
NS12133X	4	5	-1	1	2	-1	9	2005	6
NS12134Y	1	5	-1	1	3	-1	10	2010	6
NS12134Y	2	1	1	-1	-1	-1	10	2006	1
NS12134Y	3	5	-1	1	1	-1	9	2003	6
NS12137B	1	1	1	-1	-1	-1	-8	2008	1
NS12137B	2	1	1	-1	-1	-1	-8	2008	1
NS12137B	3	1	1	-1	-1	-1	-9	-9	1
NS12138C	1	5	-1	1	3	-1	9	2009	6
NS12139D	1	5	-1	1	1	-1	9	2007	6
NS12140N	1	5	-1	1	3	-1	9	2008	6
NS12141P	1	1	1	-1	-1	-1	11	2008	1
NS12142Q	1	1	1	-1	-1	-1	1	2013	1
NS12142Q	2	1	1	-1	-1	-1	1	2013	1
NS12142Q	3	5	-1	1	3	-1	9	2008	6
NS12143R	1	4	-1	-1	-1	-1	5	2013	5
NS12143R	2	1	2	-1	-1	-1	4	2010	2
NS12143R	3	1	1	-1	-1	-1	12	2009	1
NS12143R	4	1	1	-1	-1	-1	2	2008	1
NS12148X	1	1	2	-1	-1	-1	9	2010	2
NS12148X	2	1	2	-1	-1	-1	9	2007	2
NS12151J	1	5	-1	1	3	-1	10	2008	6
NS12152K	1	5	-1	1	3	-1	9	2014	6
NS12152K	2	1	1	-1	-1	-1	6	2012	1
NS12152K	3	1	2	-1	-1	-1	6	2008	2
NS12154M	1	1	1	-1	-1	-1	4	2010	1
NS12155N	1	1	1	-1	-1	-1	5	2012	1
NS12155N	2	1	1	-1	-1	-1	10	2011	1
NS12155N	3	5	-1	1	3	-1	9	2008	6
NS12160C	1	1	2	-1	-1	-1	7	2007	2
NS12160C	2	4	-1	-1	-1	-1	7	2006	5
NS12163F	1	1	1	-1	-1	-1	12	2013	1
NS12163F	2	4	-1	-1	-1	-1	9	2013	5
NS12163F	3	1	2	-1	-1	-1	1	2011	2
NS12163F	4	4	-1	-1	-1	-1	1	2011	5
NS12163F	5	1	1	-1	-1	-1	4	2008	1
NS12164G	1	4	-1	-1	-1	-1	2	2010	5
NS12164G	2	5	-1	1	2	-1	9	2008	6
NS12167K	1	1	1	-1	-1	-1	7	2013	1
NS12167K	2	1	1	-1	-1	-1	1	2013	1
NS12167K	3	2	1	-1	-1	-1	7	2012	3
NS12167K	4	1	1	-1	-1	-1	6	2011	1
NS12167K	5	5	-1	1	3	-1	9	2008	6
NS12167K	6	5	-1	1	2	-1	9	2006	6
NS12168L	1	4	-1	-1	-1	-1	9	2014	5
NS12168L	2	5	-1	1	3	-1	9	2012	6
NS12168L	3	5	-1	1	3	-1	9	2009	6
NS12170X	1	1	1	-1	-1	-1	4	2012	1
NS12170X	2	1	1	-1	-1	-1	4	2010	1
NS12170X	3	5	-1	1	3	-1	5	2009	6
NS12170X	4	10	-1	-1	-1	-1	-9	-9	14
NS12171Y	1	1	2	-1	-1	-1	1	2013	2
NS12171Y	2	10	-1	-1	-1	-1	11	2012	14
NS12171Y	3	1	1	-1	-1	-1	-8	2008	1
NS12175C	1	5	-1	1	3	-1	9	2008	6
NS12178F	1	4	-1	-1	-1	-1	6	2014	5
NS12178F	2	3	2	-1	-1	-1	3	2014	11
NS12178F	3	5	-1	2	3	-1	9	2012	7
NS12178F	4	1	2	-1	-1	-1	8	2011	2
NS12178F	5	5	-1	1	3	-1	9	2008	6
NS12178F	6	5	-1	1	1	-1	9	2001	6
NS12180R	1	5	-1	1	3	-1	10	2009	6
NS12184W	1	5	-1	2	2	-1	8	2013	7
NS12184W	2	1	1	-1	-1	-1	6	2012	1
NS12184W	3	1	1	-1	-1	-1	1	2012	1
NS12184W	4	1	1	-1	-1	-1	4	2011	1
NS12184W	5	1	1	-1	-1	-1	9	2010	1
NS12184W	6	5	-1	1	2	-1	7	2006	6
NS12185X	1	1	1	-1	-1	-1	9	2012	1
NS12185X	2	1	1	-1	-1	-1	6	2009	1
NS12191M	1	5	-1	1	3	-1	4	2011	6
NS12191M	2	1	1	-1	-1	-1	9	2010	1
NS12191M	3	1	1	-1	-1	-1	2	2005	1
NS12193P	1	1	1	-1	-1	-1	6	2013	1
NS12193P	2	5	-1	1	3	-1	-8	-8	6
NS12195R	1	1	2	-1	-1	-1	9	2014	2
NS12195R	2	1	2	-1	-1	-1	8	2014	2
NS12195R	3	1	2	-1	-1	-1	8	2014	2
NS12195R	4	4	-1	-1	-1	-1	2	2014	5
NS12195R	5	3	2	-1	-1	-1	2	2014	11
NS12195R	6	1	2	-1	-1	-1	9	2013	2
NS12195R	7	5	-1	1	3	-1	9	2008	6
NS12197T	1	8	-1	-1	-1	2	12	2005	10
NS12201N	1	1	1	-1	-1	-1	4	2014	1
NS12201N	2	1	1	-1	-1	-1	9	2013	1
NS12201N	3	1	1	-1	-1	-1	6	2013	1
NS12201N	4	5	-1	2	2	-1	1	2013	7
NS12201N	5	1	2	-1	-1	-1	10	2012	2
NS12201N	6	6	1	-1	-1	-1	3	2012	12
NS12201N	7	1	1	-1	-1	-1	9	2011	1
NS12201N	8	1	1	-1	-1	-1	5	2010	1
NS12202P	1	1	1	-1	-1	-1	12	2014	1
NS12202P	2	4	-1	-1	-1	-1	11	2014	5
NS12202P	3	3	2	-1	-1	-1	9	2014	11
NS12202P	4	1	1	-1	-1	-1	6	2014	1
NS12202P	5	5	-1	1	3	-1	9	2013	6
NS12202P	6	1	1	-1	-1	-1	7	2012	1
NS12202P	7	5	-1	1	3	-1	9	2009	6
NS12203Q	1	2	2	-1	-1	-1	9	2014	4
NS12203Q	2	5	-1	1	3	-1	9	2011	6
NS12203Q	3	5	-1	1	2	-1	9	2010	6
NS12203Q	4	1	2	-1	-1	-1	1	2009	2
NS12205S	1	5	-1	1	3	-1	9	2008	6
NS12211H	1	4	-1	-1	-1	-1	7	2012	5
NS12211H	2	5	-1	1	3	-1	9	2009	6
NS12211H	3	5	-1	1	2	-1	9	2006	6
NS12212J	1	1	2	-1	-1	-1	10	2008	2
NS12215M	1	1	1	-1	-1	-1	7	2012	1
NS12215M	2	5	-1	1	3	-1	9	2008	6
NS12216N	1	1	1	-1	-1	-1	8	2012	1
NS12216N	2	5	-1	1	3	-1	9	2009	6
NS12217P	1	1	2	-1	-1	-1	1	2007	2
NS12218Q	1	1	1	-1	-1	-1	7	2012	1
NS12218Q	2	5	-1	1	3	-1	9	2009	6
NS12223E	1	5	-1	1	2	-1	9	2008	6
NS12230W	1	1	1	-1	-1	-1	9	2011	1
NS12230W	2	5	-1	1	3	-1	9	2008	6
NS12232Y	1	1	1	-1	-1	-1	10	2009	1
NS12236C	1	1	1	-1	-1	-1	7	2008	1
NS12236C	2	5	-1	1	2	-1	9	2007	6
NS12238E	1	1	1	-1	-1	-1	1	2013	1
NS12238E	2	1	1	-1	-1	-1	10	2011	1
NS12238E	3	1	1	-1	-1	-1	6	2011	1
NS12238E	4	5	-1	1	3	-1	9	2008	6
NS12243T	1	5	-1	1	3	-1	4	2014	6
NS12243T	2	4	-1	-1	-1	-1	6	2012	5
NS12243T	3	5	-1	1	3	-1	9	2008	6
NS12245W	1	1	1	-1	-1	-1	6	2013	1
NS12245W	2	5	-1	1	3	-1	9	2009	6
NS12245W	3	5	-1	1	2	-1	9	2007	6
NS12246X	1	1	1	-1	-1	-1	2	2014	1
NS12246X	2	1	1	-1	-1	-1	2	2013	1
NS12246X	3	1	1	-1	-1	-1	5	2012	1
NS12246X	4	5	-1	1	3	-1	9	2008	6
NS12247Y	1	2	1	-1	-1	-1	3	2016	3
NS12247Y	2	10	-1	-1	-1	-1	3	2016	14
NS12247Y	3	10	-1	-1	-1	-1	3	2016	14
NS12247Y	4	10	-1	-1	-1	-1	2	2010	14
NS12253N	1	5	-1	1	3	-1	9	2008	6
NS12254P	1	5	-1	1	3	-1	9	2011	6
NS12254P	2	5	-1	1	3	-1	9	2008	6
NS12254P	3	5	-1	1	1	-1	9	1994	6
NS12255Q	1	1	2	-1	-1	-1	10	2009	2
NS12258T	1	5	-1	1	2	-1	9	2013	6
NS12258T	2	1	2	-1	-1	-1	9	2011	2
NS12258T	3	1	1	-1	-1	-1	10	2009	1
NS12259V	1	1	1	-1	-1	-1	8	2011	1
NS12259V	2	5	-1	1	3	-1	10	2009	6
NS12260E	1	1	2	-1	-1	-1	8	2011	2
NS12260E	2	5	-1	1	3	-1	10	2008	6
NS12264J	1	1	2	-1	-1	-1	10	2011	2
NS12264J	2	5	-1	1	2	-1	9	2006	6
NS12269P	1	1	1	-1	-1	-1	5	2011	1
NS12269P	2	5	-1	1	3	-1	9	2008	6
NS12270Z	1	1	1	-1	-1	-1	7	2010	1
NS12270Z	2	5	-1	1	2	-1	9	2006	6
NS12274D	1	5	-1	1	3	-1	9	2009	6
NS12275E	1	6	1	-1	-1	-1	7	2008	12
NS12275E	2	1	1	-1	-1	-1	9	2006	1
NS12276F	1	1	1	-1	-1	-1	9	2014	1
NS12276F	2	1	1	-1	-1	-1	9	2013	1
NS12276F	3	5	-1	1	3	-1	9	2008	6
NS12278H	1	5	-1	1	3	-1	9	2009	6
NS12281V	1	5	-1	2	3	-1	1	2010	7
NS12285Z	1	5	-1	1	2	-1	9	2013	6
NS12285Z	2	4	-1	-1	-1	-1	9	2012	5
NS12285Z	3	1	2	-1	-1	-1	5	2009	2
NS12289D	1	4	-1	-1	-1	-1	6	2013	5
NS12289D	2	5	-1	1	4	-1	11	2012	6
NS12289D	3	1	2	-1	-1	-1	1	2008	2
NS12290N	1	1	1	-1	-1	-1	2	2014	1
NS12290N	2	1	1	-1	-1	-1	9	2012	1
NS12290N	3	5	-1	1	3	-1	9	2008	6
NS12294S	1	1	1	-1	-1	-1	8	2012	1
NS12294S	2	1	2	-1	-1	-1	6	2012	2
NS12294S	3	5	-1	1	3	-1	9	2009	6
NS12297W	1	1	1	-1	-1	-1	11	2010	1
NS12297W	2	1	1	-1	-1	-1	8	2009	1
NS12300P	1	4	-1	-1	-1	-1	8	2006	5
NS12303S	1	1	1	-1	-1	-1	8	2013	1
NS12303S	2	1	1	-1	-1	-1	7	2012	1
NS12303S	3	5	-1	1	3	-1	9	2009	6
NS12305V	1	1	1	-1	-1	-1	1	2012	1
NS12305V	2	10	-1	-1	-1	-1	9	2011	14
NS12305V	3	5	-1	1	3	-1	9	2009	6
NS12306W	1	1	1	-1	-1	-1	2	2011	1
NS12306W	2	1	1	-1	-1	-1	4	2010	1
NS12307X	1	10	-1	-1	-1	-1	10	2010	14
NS12307X	2	5	-1	2	2	-1	9	2007	7
NS12313M	1	1	1	-1	-1	-1	5	2015	1
NS12313M	2	1	1	-1	-1	-1	1	2015	1
NS12313M	3	1	1	-1	-1	-1	1	2014	1
NS12313M	4	4	-1	-1	-1	-1	10	2007	5
NS12313M	5	5	-1	1	2	-1	9	2006	6
NS12316Q	1	4	-1	-1	-1	-1	10	2008	5
NS12317R	1	5	-1	1	3	-1	9	2008	6
NS12317R	2	5	-1	1	1	-1	9	2006	6
NS12320D	1	1	1	-1	-1	-1	9	2009	1
NS12330Y	1	4	-1	-1	-1	-1	7	2012	5
NS12330Y	2	5	-1	1	3	-1	9	2009	6
NS12333B	1	1	1	-1	-1	-1	11	2013	1
NS12333B	2	1	1	-1	-1	-1	6	2013	1
NS12333B	3	1	1	-1	-1	-1	11	2012	1
NS12333B	4	2	2	-1	-1	-1	11	2009	4
NS12334C	1	5	-1	1	3	-1	9	2008	6
NS12335D	1	6	1	-1	-1	-1	9	2006	12
NS12336E	1	4	-1	-1	-1	-1	-8	2011	5
NS12336E	2	3	1	-1	-1	-1	7	2011	11
NS12336E	3	4	-1	-1	-1	-1	-8	2011	5
NS12336E	4	1	1	-1	-1	-1	-8	2008	1
NS12342V	1	10	-1	-1	-1	-1	1	2006	14
NS12343W	1	10	-1	-1	-1	-1	5	2013	14
NS12343W	2	1	1	-1	-1	-1	1	2013	1
NS12343W	3	1	1	-1	-1	-1	8	2012	1
NS12343W	4	1	1	-1	-1	-1	5	2012	1
NS12343W	5	10	-1	-1	-1	-1	1	2012	14
NS12343W	6	1	2	-1	-1	-1	8	2009	2
NS12344X	1	5	-1	1	3	-1	9	2009	6
NS12354R	1	5	-1	1	3	-1	9	2008	6
NS12358W	1	1	1	-1	-1	-1	1	2006	1
NS12368Q	1	2	1	-1	-1	-1	2	2015	3
NS12368Q	2	1	1	-1	-1	-1	5	2013	1
NS12368Q	3	5	-1	1	3	-1	9	2012	6
NS12368Q	4	1	1	-1	-1	-1	5	2011	1
NS12368Q	5	5	-1	1	3	-1	9	2008	6
NS12372D	1	1	1	-1	-1	-1	10	2015	1
NS12372D	2	1	2	-1	-1	-1	9	2015	2
NS12372D	3	1	2	-1	-1	-1	6	2015	2
NS12372D	4	5	-1	1	3	-1	9	2014	6
NS12372D	5	1	1	-1	-1	-1	11	2013	1
NS12372D	6	1	2	-1	-1	-1	5	2013	2
NS12372D	7	4	-1	-1	-1	-1	10	2012	5
NS12372D	8	5	-1	1	3	-1	10	2008	6
NS12374F	1	4	-1	-1	-1	-1	4	2014	5
NS12374F	2	4	-1	-1	-1	-1	5	2013	5
NS12374F	3	9	-1	-1	-1	-1	-8	-8	13
NS12377J	1	1	1	-1	-1	-1	8	2012	1
NS12377J	2	5	-1	1	3	-1	9	2008	6
NS12378K	1	5	-1	1	3	-1	9	2005	6
NS12380W	1	1	1	-1	-1	-1	4	2014	1
NS12380W	2	1	2	-1	-1	-1	12	2013	2
NS12380W	3	3	1	-1	-1	-1	7	2013	11
NS12380W	4	1	2	-1	-1	-1	2	2013	2
NS12380W	5	3	1	-1	-1	-1	12	2012	11
NS12380W	6	5	-1	1	3	-1	9	2009	6
NS12380W	7	1	1	-1	-1	-1	11	2008	1
NS12380W	8	5	-1	1	2	-1	9	2006	6
NS12382Y	1	1	1	-1	-1	-1	11	2008	1
NS12383Z	1	1	1	-1	-1	-1	-8	-8	1
NS12384A	1	1	2	-1	-1	-1	12	2012	2
NS12384A	2	4	-1	-1	-1	-1	2	2012	5
NS12384A	3	1	1	-1	-1	-1	11	2011	1
NS12384A	4	4	-1	-1	-1	-1	12	2010	5
NS12384A	5	1	1	-1	-1	-1	12	2009	1
NS12385B	1	1	1	-1	-1	-1	9	2013	1
NS12385B	2	1	1	-1	-1	-1	9	2012	1
NS12385B	3	5	-1	1	3	-1	9	2009	6
NS12388E	1	5	-1	1	3	-1	9	2008	6
NS12390Q	1	1	1	-1	-1	-1	3	2015	1
NS12390Q	2	1	1	-1	-1	-1	5	2013	1
NS12390Q	3	1	1	-1	-1	-1	11	2012	1
NS12390Q	4	1	2	-1	-1	-1	8	2012	2
NS12390Q	5	1	1	-1	-1	-1	9	2011	1
NS12390Q	6	5	-1	1	3	-1	9	2008	6
NS12390Q	7	5	-1	1	2	-1	9	2006	6
NS12392S	1	5	-1	1	3	-1	10	2009	6
NS12395W	1	5	-1	1	3	-1	9	2008	6
NS12395W	2	5	-1	1	2	-1	9	2006	6
NS12396X	1	1	2	-1	-1	-1	2	2013	2
NS12396X	2	5	-1	1	3	-1	9	2009	6
NS12398Z	1	1	1	-1	-1	-1	3	2013	1
NS12398Z	2	4	-1	-1	-1	-1	6	2012	5
NS12398Z	3	5	-1	1	3	-1	9	2009	6
NS12399A	1	1	1	-1	-1	-1	8	2011	1
NS12399A	2	5	-1	1	3	-1	10	2008	6
NS12402T	1	5	-1	1	3	-1	9	2011	6
NS12402T	2	5	-1	1	2	-1	8	2008	6
NS12409B	1	1	1	-1	-1	-1	6	2015	1
NS12409B	2	8	-1	-1	-1	2	11	2012	10
NS12409B	3	10	-1	-1	-1	-1	1	2011	14
NS12409B	4	5	-1	1	3	-1	-9	-9	6
NS12410L	1	1	2	-1	-1	-1	4	2011	2
NS12410L	2	1	1	-1	-1	-1	-8	2009	1
NS12411M	1	1	2	-1	-1	-1	7	2007	2
NS12413P	1	1	1	-1	-1	-1	7	2013	1
NS12413P	2	5	-1	1	3	-1	9	2010	6
NS12413P	3	5	-1	1	2	-1	9	2008	6
NS12414Q	1	1	1	-1	-1	-1	10	2012	1
NS12414Q	2	1	1	-1	-1	-1	5	2012	1
NS12414Q	3	5	-1	1	3	-1	9	2011	6
NS12414Q	4	5	-1	1	3	-1	9	2008	6
NS12415R	1	5	-1	1	3	-1	10	2009	6
NS12418V	1	5	-1	1	3	-1	9	2009	6
NS12419W	1	10	-1	-1	-1	-1	4	2013	14
NS12419W	2	10	-1	-1	-1	-1	4	2013	14
NS12419W	3	10	-1	-1	-1	-1	4	2013	14
NS12419W	4	1	2	-1	-1	-1	9	2012	2
NS12419W	5	3	2	-1	-1	-1	5	2012	11
NS12419W	6	10	-1	-1	-1	-1	2	2012	14
NS12419W	7	1	1	-1	-1	-1	10	2011	1
NS12419W	8	5	-1	1	3	-1	9	2008	6
NS12422H	1	5	-1	1	3	-1	9	2008	6
NS12427N	1	5	-1	1	3	-1	9	2009	6
NS12428P	1	1	1	-1	-1	-1	11	2015	1
NS12428P	2	1	1	-1	-1	-1	4	2014	1
NS12428P	3	1	1	-1	-1	-1	12	2012	1
NS12428P	4	1	1	-1	-1	-1	10	2006	1
NS12428P	5	5	-1	1	2	-1	9	2006	6
NS12430A	1	1	1	-1	-1	-1	5	2006	1
NS12434E	1	1	1	-1	-1	-1	8	2014	1
NS12434E	2	5	-1	1	3	-1	10	2008	6
NS12437H	1	1	1	-1	-1	-1	4	2013	1
NS12437H	2	1	1	-1	-1	-1	1	2013	1
NS12437H	3	9	-1	-1	-1	-1	1	2013	13
NS12437H	4	9	-1	-1	-1	-1	12	2012	13
NS12437H	5	1	1	-1	-1	-1	-8	-8	1
NS12439K	1	5	-1	2	2	-1	9	2008	7
NS12443Y	1	9	-1	-1	-1	-1	3	2008	13
NS12444Z	1	1	2	-1	-1	-1	6	2012	2
NS12444Z	2	2	2	-1	-1	-1	4	2012	4
NS12444Z	3	4	-1	-1	-1	-1	1	2012	5
NS12444Z	4	1	2	-1	-1	-1	10	2011	2
NS12444Z	5	4	-1	-1	-1	-1	6	2011	5
NS12444Z	6	5	-1	1	3	-1	9	2008	6
NS12446B	1	1	2	-1	-1	-1	9	2013	2
NS12446B	2	5	-1	1	3	-1	2	2012	6
NS12446B	3	1	1	-1	-1	-1	9	2011	1
NS12446B	4	5	-1	1	3	-1	9	2008	6
NS12447C	1	5	-1	1	3	-1	9	2013	6
NS12447C	2	5	-1	1	3	-1	9	2010	6
NS12447C	3	1	2	-1	-1	-1	2	2008	2
NS12452R	1	1	1	-1	-1	-1	9	2012	1
NS12452R	2	1	1	-1	-1	-1	9	2011	1
NS12452R	3	1	1	-1	-1	-1	5	2011	1
NS12452R	4	1	1	-1	-1	-1	3	2010	1
NS12452R	5	1	1	-1	-1	-1	8	2007	1
NS12454T	1	5	-1	1	3	-1	9	2009	6
NS12463M	1	5	-1	1	3	-1	9	2008	6
NS12464N	1	1	1	-1	-1	-1	7	2012	1
NS12464N	2	5	-1	1	3	-1	9	2009	6
NS12466Q	1	1	1	-1	-1	-1	5	2011	1
NS12466Q	2	1	1	-1	-1	-1	12	2010	1
NS12466Q	3	1	2	-1	-1	-1	10	2009	2
NS12466Q	4	5	-1	1	2	-1	9	2009	6
NS12466Q	5	5	-1	1	1	-1	9	2002	6
NS12468S	1	1	2	-1	-1	-1	10	2009	2
NS12468S	2	1	2	-1	-1	-1	2	2009	2
NS12468S	3	5	-1	1	3	-1	9	2008	6
NS12468S	4	5	-1	1	2	-1	9	2006	6
NS12469T	1	1	1	-1	-1	-1	11	2007	1
NS12470D	1	1	1	-1	-1	-1	8	2011	1
NS12470D	2	1	2	-1	-1	-1	4	2011	2
NS12470D	3	1	1	-1	-1	-1	-8	-8	1
NS12472F	1	4	-1	-1	-1	-1	1	2007	5
NS12474H	1	1	2	-1	-1	-1	2	2014	2
NS12474H	2	1	2	-1	-1	-1	8	2013	2
NS12474H	3	1	2	-1	-1	-1	2	2012	2
NS12474H	4	5	-1	1	2	-1	9	2009	6
NS12475J	1	2	1	-1	-1	-1	6	2009	3
NS12478M	1	1	1	-1	-1	-1	2	2011	1
NS12478M	2	1	1	-1	-1	-1	2	2009	1
NS12479N	1	1	1	-1	-1	-1	9	2013	1
NS12479N	2	1	2	-1	-1	-1	1	2010	2
NS12480Y	1	1	2	-1	-1	-1	9	2008	2
NS12481Z	1	1	1	-1	-1	-1	8	2011	1
NS12481Z	2	5	-1	1	3	-1	9	2008	6
NS12483B	1	1	2	-1	-1	-1	7	2011	2
NS12483B	2	5	-1	1	3	-1	9	2008	6
NS12485D	1	1	1	-1	-1	-1	1	2013	1
NS12485D	2	1	1	-1	-1	-1	1	2012	1
NS12485D	3	5	-1	2	1	-1	8	2011	7
NS12485D	4	5	-1	1	3	-1	9	2008	6
NS12485D	5	10	-1	-1	-1	-1	3	2008	14
NS12485D	6	5	-1	1	1	-1	9	2006	6
NS12486E	1	1	2	-1	-1	-1	2	2012	2
NS12486E	2	4	-1	-1	-1	-1	8	2010	5
NS12486E	3	1	2	-1	-1	-1	10	2009	2
NS12490S	1	9	-1	-1	-1	-1	11	2010	13
NS12490S	2	1	2	-1	-1	-1	10	2008	2
NS12492V	1	1	1	-1	-1	-1	11	2011	1
NS12492V	2	1	1	-1	-1	-1	7	2010	1
NS12492V	3	5	-1	1	3	-1	9	2008	6
NS12496Z	1	1	1	-1	-1	-1	11	2012	1
NS12496Z	2	1	1	-1	-1	-1	9	2012	1
NS12496Z	3	5	-1	1	3	-1	9	2008	6
NS12497A	1	5	-1	1	3	-1	9	2008	6
NS12502W	1	1	1	-1	-1	-1	6	2014	1
NS12502W	2	7	-1	-1	-1	-1	1	2013	8
NS12502W	3	1	1	-1	-1	-1	1	2012	1
NS12502W	4	4	-1	-1	-1	-1	1	2008	5
NS12502W	5	7	-1	-1	-1	-1	1	2006	8
NS12504Y	1	1	2	-1	-1	-1	9	2009	2
NS12504Y	2	5	-1	1	3	-1	8	2008	6
NS12514S	1	1	1	-1	-1	-1	11	2013	1
NS12514S	2	1	1	-1	-1	-1	11	2012	1
NS12514S	3	4	-1	-1	-1	-1	7	2012	5
NS12514S	4	5	-1	1	3	-1	9	2008	6
NS12516V	1	9	-1	-1	-1	-1	1	2013	13
NS12516V	2	1	1	-1	-1	-1	4	2011	1
NS12516V	3	9	-1	-1	-1	-1	6	2007	13
NS12516V	4	5	-1	1	1	-1	9	2001	6
NS12518X	1	5	-1	1	3	-1	9	2014	6
NS12518X	2	5	-1	2	3	-1	9	2014	7
NS12518X	3	1	2	-1	-1	-1	6	2011	2
NS12518X	4	5	-1	1	3	-1	9	2008	6
NS12519Y	1	1	1	-1	-1	-1	9	2014	1
NS12519Y	2	1	1	-1	-1	-1	9	2012	1
NS12519Y	3	5	-1	1	3	-1	10	2009	6
NS12521J	1	1	1	-1	-1	-1	4	2006	1
NS12523L	1	5	-1	1	3	-1	10	2011	6
NS12523L	2	1	1	-1	-1	-1	7	2011	1
NS12523L	3	5	-1	1	3	-1	9	2008	6
NS12525N	1	1	1	-1	-1	-1	11	2011	1
NS12525N	2	1	1	-1	-1	-1	7	2011	1
NS12525N	3	5	-1	1	3	-1	10	2008	6
NS12525N	4	5	-1	1	1	-1	-8	1995	6
NS12527Q	1	1	1	-1	-1	-1	12	2013	1
NS12527Q	2	10	-1	-1	-1	-1	11	2012	14
NS12527Q	3	5	-1	1	3	-1	9	2009	6
NS12529S	1	1	2	-1	-1	-1	9	2011	2
NS12529S	2	1	1	-1	-1	-1	2	2009	1
NS12531D	1	5	-1	1	3	-1	9	2014	6
NS12531D	2	4	-1	-1	-1	-1	8	2014	5
NS12531D	3	3	1	-1	-1	-1	6	2014	11
NS12531D	4	1	1	-1	-1	-1	3	2014	1
NS12531D	5	4	-1	-1	-1	-1	11	2013	5
NS12531D	6	3	1	-1	-1	-1	8	2013	11
NS12531D	7	5	-1	1	3	-1	9	2010	6
NS12531D	8	1	1	-1	-1	-1	7	2010	1
NS12531D	9	5	-1	1	3	-1	9	2009	6
NS12532E	1	5	-1	1	3	-1	9	2012	6
NS12532E	2	1	1	-1	-1	-1	9	2011	1
NS12532E	3	5	-1	1	3	-1	9	2008	6
NS12535H	1	2	2	-1	-1	-1	8	2013	4
NS12535H	2	1	1	-1	-1	-1	8	2013	1
NS12535H	3	4	-1	-1	-1	-1	7	2013	5
NS12535H	4	1	2	-1	-1	-1	5	2013	2
NS12535H	5	1	2	-1	-1	-1	9	2012	2
NS12535H	6	5	-1	1	3	-1	9	2009	6
NS12537K	1	4	-1	-1	-1	-1	5	2012	5
NS12537K	2	5	-1	1	2	-1	9	2007	6
NS12539M	1	1	1	-1	-1	-1	3	2014	1
NS12539M	2	2	1	-1	-1	-1	1	2011	3
NS12539M	3	1	2	-1	-1	-1	1	2010	2
NS12543A	1	1	1	-1	-1	-1	9	2009	1
NS12544B	1	1	1	-1	-1	-1	4	2015	1
NS12544B	2	9	-1	-1	-1	-1	2	2013	13
NS12544B	3	5	-1	1	3	-1	9	2010	6
NS12544B	4	5	-1	1	2	-1	9	2007	6
NS12544B	5	5	-1	1	1	-1	10	2002	6
NS12545C	1	1	1	-1	-1	-1	11	2013	1
NS12545C	2	4	-1	-1	-1	-1	3	2012	5
NS12545C	3	2	1	-1	-1	-1	1	2012	3
NS12545C	4	4	-1	-1	-1	-1	10	2011	5
NS12545C	5	1	1	-1	-1	-1	9	2011	1
NS12545C	6	1	1	-1	-1	-1	9	2008	1
NS12545C	7	4	-1	-1	-1	-1	7	2008	5
NS12545C	8	5	-1	1	2	-1	9	2006	6
NS12546D	1	1	2	-1	-1	-1	5	2007	2
NS12548F	1	5	-1	1	2	-1	9	2013	6
NS12548F	2	5	-1	1	1	-1	8	2010	6
NS12549G	1	5	-1	1	3	-1	10	2010	6
NS12549G	2	5	-1	1	2	-1	9	2006	6
NS12551S	1	1	1	-1	-1	-1	6	2011	1
NS12551S	2	1	1	-1	-1	-1	8	2010	1
NS12551S	3	5	-1	1	2	-1	9	2008	6
NS12554W	1	1	1	-1	-1	-1	8	2010	1
NS12554W	2	5	-1	1	2	-1	9	2006	6
NS12556Y	1	1	2	-1	-1	-1	9	2008	2
NS12557Z	1	1	1	-1	-1	-1	5	2011	1
NS12557Z	2	5	-1	1	2	-1	9	2009	6
NS12560L	1	1	1	-1	-1	-1	11	2014	1
NS12560L	2	1	1	-1	-1	-1	3	2014	1
NS12560L	3	1	1	-1	-1	-1	1	2014	1
NS12560L	4	1	1	-1	-1	-1	7	2011	1
NS12560L	5	5	-1	1	3	-1	9	2009	6
NS12562N	1	1	2	-1	-1	-1	12	2013	2
NS12562N	2	5	-1	1	3	-1	9	2008	6
NS12564Q	1	1	2	-1	-1	-1	1	2015	2
NS12564Q	2	4	-1	-1	-1	-1	6	2008	5
NS12564Q	3	4	-1	-1	-1	-1	-9	-9	5
NS12566S	1	9	-1	-1	-1	-1	2	2009	13
NS12566S	2	1	1	-1	-1	-1	9	2006	1
NS12569W	1	1	1	-1	-1	-1	10	2012	1
NS12569W	2	1	2	-1	-1	-1	9	2006	2
NS12571G	1	4	-1	-1	-1	-1	12	2013	5
NS12571G	2	1	1	-1	-1	-1	2	2013	1
NS12571G	3	4	-1	-1	-1	-1	1	2013	5
NS12571G	4	1	1	-1	-1	-1	10	2012	1
NS12571G	5	10	-1	-1	-1	-1	7	2012	14
NS12571G	6	5	-1	1	3	-1	9	2008	6
NS12572H	1	2	1	-1	-1	-1	5	2011	3
NS12572H	2	5	-1	1	3	-1	9	2009	6
NS12573J	1	1	1	-1	-1	-1	6	2013	1
NS12573J	2	5	-1	1	3	-1	9	2008	6
NS12573J	3	5	-1	1	1	-1	4	1995	6
NS12574K	1	1	1	-1	-1	-1	9	2013	1
NS12574K	2	1	1	-1	-1	-1	9	2011	1
NS12574K	3	1	1	-1	-1	-1	9	2008	1
NS12577N	1	5	-1	1	3	-1	9	2009	6
NS12580A	1	4	-1	-1	-1	-1	2	2010	5
NS12581B	1	1	1	-1	-1	-1	-9	-9	1
NS12584E	1	1	1	-1	-1	-1	10	2009	1
NS12584E	2	5	-1	1	2	-1	9	2006	6
NS12586G	1	1	1	-1	-1	-1	1	2012	1
NS12586G	2	1	1	-1	-1	-1	7	2011	1
NS12586G	3	1	2	-1	-1	-1	10	2010	2
NS12586G	4	1	1	-1	-1	-1	5	2010	1
NS12590V	1	1	1	-1	-1	-1	11	2011	1
NS12590V	2	1	1	-1	-1	-1	2	2011	1
NS12590V	3	6	1	-1	-1	-1	9	2006	12
NS12593Y	1	1	1	-1	-1	-1	2	2012	1
NS12593Y	2	1	1	-1	-1	-1	2	2010	1
NS12596B	1	5	-1	1	3	-1	9	2009	6
NS12598D	1	5	-1	2	3	-1	10	2013	7
NS12598D	2	1	1	-1	-1	-1	10	2012	1
NS12598D	3	4	-1	-1	-1	-1	6	2011	5
NS12598D	4	5	-1	1	3	-1	10	2008	6
NS12603Z	1	1	1	-1	-1	-1	6	2013	1
NS12603Z	2	5	-1	1	3	-1	9	2009	6
NS12606C	1	5	-1	1	3	-1	9	2008	6
NS12608E	1	2	1	-1	-1	-1	5	2008	3
NS12610Q	1	2	1	-1	-1	-1	8	2010	3
NS12610Q	2	1	1	-1	-1	-1	6	2006	1
NS12611R	1	4	-1	-1	-1	-1	6	2010	5
NS12616X	1	1	1	-1	-1	-1	-8	2011	1
NS12616X	2	5	-1	1	3	-1	-8	-8	6
NS12618Z	1	1	1	-1	-1	-1	11	2009	1
NS12618Z	2	1	2	-1	-1	-1	11	2006	2
NS12618Z	3	5	-1	1	2	-1	9	2005	6
NS12621L	1	1	1	-1	-1	-1	6	2010	1
NS12634J	1	1	1	-1	-1	-1	10	2013	1
NS12634J	2	5	-1	1	3	-1	9	2012	6
NS12634J	3	1	1	-1	-1	-1	6	2012	1
NS12634J	4	5	-1	1	3	-1	9	2008	6
NS12637M	1	2	1	-1	-1	-1	10	2014	3
NS12637M	2	2	1	-1	-1	-1	2	2014	3
NS12637M	3	1	1	-1	-1	-1	10	2012	1
NS12637M	4	4	-1	-1	-1	-1	6	2012	5
NS12637M	5	5	-1	1	2	-1	9	2010	6
NS12637M	6	5	-1	1	1	-1	9	1994	6
NS12638N	1	-9	-1	-1	-1	-1	-9	-9	-8
NS12639P	1	1	2	-1	-1	-1	12	2015	2
NS12639P	2	4	-1	-1	-1	-1	6	2015	5
NS12639P	3	1	1	-1	-1	-1	7	2012	1
NS12639P	4	1	1	-1	-1	-1	6	2010	1
NS12639P	5	1	1	-1	-1	-1	9	2005	1
NS12643C	1	1	2	-1	-1	-1	12	2014	2
NS12643C	2	4	-1	-1	-1	-1	8	2007	5
NS12644D	1	1	1	-1	-1	-1	6	2013	1
NS12644D	2	1	1	-1	-1	-1	3	2012	1
NS12644D	3	1	2	-1	-1	-1	9	2011	2
NS12644D	4	10	-1	-1	-1	-1	-8	-8	14
NS12645E	1	1	2	-1	-1	-1	10	2007	2
NS12648H	1	1	2	-1	-1	-1	8	2010	2
NS12648H	2	5	-1	1	2	-1	10	2007	6
NS12648H	3	4	-1	-1	-1	-1	8	2006	5
NS12650T	1	5	-1	1	3	-1	9	2010	6
NS12650T	2	1	2	-1	-1	-1	8	2007	2
NS12653X	1	5	-1	1	3	-1	9	2008	6
NS12658C	1	1	1	-1	-1	-1	12	2012	1
NS12658C	2	5	-1	1	3	-1	9	2008	6
NS12661P	1	1	1	-1	-1	-1	11	2013	1
NS12661P	2	1	1	-1	-1	-1	3	2012	1
NS12661P	3	1	1	-1	-1	-1	10	2008	1
NS12661P	4	1	2	-1	-1	-1	3	2006	2
NS12664S	1	1	1	-1	-1	-1	9	2014	1
NS12664S	2	4	-1	-1	-1	-1	1	2014	5
NS12664S	3	1	1	-1	-1	-1	8	2013	1
NS12664S	4	-8	-1	-1	-1	-1	8	2013	-8
NS12664S	5	5	-1	1	1	-1	9	2008	6
NS12664S	6	10	-1	-1	-1	-1	-8	-8	14
NS12664S	8	5	-1	1	1	-1	9	2001	6
NS12665T	1	-8	-1	-1	-1	-1	1	2011	-8
NS12665T	2	5	-1	1	1	-1	7	2010	6
NS12665T	3	5	-1	1	1	-1	-8	-8	6
NS12673L	1	1	2	-1	-1	-1	4	2015	2
NS12673L	2	1	1	-1	-1	-1	10	2014	1
NS12673L	3	1	2	-1	-1	-1	6	2014	2
NS12673L	4	1	2	-1	-1	-1	5	2014	2
NS12673L	5	1	2	-1	-1	-1	9	2013	2
NS12673L	6	1	2	-1	-1	-1	6	2013	2
NS12673L	7	1	2	-1	-1	-1	2	2013	2
NS12673L	8	1	2	-1	-1	-1	1	2011	2
NS12673L	9	1	2	-1	-1	-1	4	2008	2
NS12677Q	1	2	1	-1	-1	-1	6	2012	3
NS12677Q	2	5	-1	1	3	-1	9	2009	6
NS12679S	1	5	-1	1	3	-1	8	2010	6
NS12679S	2	4	-1	-1	-1	-1	7	2009	5
NS12684G	1	5	-1	1	3	-1	9	2008	6
NS12688L	1	5	-1	1	2	-1	9	2007	6
NS12691Y	1	5	-1	1	3	-1	9	2008	6
NS12691Y	2	5	-1	1	1	-1	9	2006	6
NS12693A	1	1	1	-1	-1	-1	9	2014	1
NS12693A	2	5	-1	1	3	-1	9	2013	6
NS12693A	3	5	-1	1	3	-1	9	2009	6
NS12695C	1	1	1	-1	-1	-1	6	2011	1
NS12695C	2	5	-1	1	3	-1	9	2010	6
NS12695C	3	5	-1	1	2	-1	8	2008	6
NS12697E	1	1	1	-1	-1	-1	9	2010	1
NS12697E	2	5	-1	1	2	-1	9	2006	6
NS12699G	1	1	1	-1	-1	-1	2	2015	1
NS12699G	2	1	1	-1	-1	-1	2	2013	1
NS12699G	3	1	2	-1	-1	-1	9	2008	2
NS12700Y	1	1	1	-1	-1	-1	10	2011	1
NS12700Y	2	5	-1	1	3	-1	9	2008	6
NS12703B	1	5	-1	1	3	-1	9	2008	6
NS12708G	1	1	2	-1	-1	-1	10	2013	2
NS12708G	2	4	-1	-1	-1	-1	1	2013	5
NS12708G	3	1	1	-1	-1	-1	7	2011	1
NS12708G	4	5	-1	1	3	-1	9	2008	6
NS12711T	1	5	-1	1	3	-1	9	2010	6
NS12711T	2	5	-1	1	2	-1	8	2008	6
NS12713W	1	1	2	-1	-1	-1	1	2010	2
NS12713W	2	9	-1	-1	-1	-1	4	2009	13
NS12714X	1	1	2	-1	-1	-1	7	2008	2
NS12715Y	1	1	1	-1	-1	-1	11	2013	1
NS12715Y	2	5	-1	1	3	-1	9	2009	6
NS12718B	1	1	2	-1	-1	-1	11	2008	2
NS12722P	1	2	1	-1	-1	-1	10	2015	3
NS12722P	2	1	1	-1	-1	-1	9	2014	1
NS12722P	3	5	-1	1	2	-1	9	2013	6
NS12722P	4	4	-1	-1	-1	-1	7	2012	5
NS12722P	5	5	-1	1	3	-1	10	2008	6
NS12723Q	1	1	1	-1	-1	-1	10	2013	1
NS12723Q	2	5	-1	1	3	-1	9	2009	6
NS12728W	1	1	1	-1	-1	-1	9	2011	1
NS12728W	2	1	1	-1	-1	-1	7	2010	1
NS12728W	3	4	-1	-1	-1	-1	5	2010	5
NS12729X	1	1	1	-1	-1	-1	5	2013	1
NS12729X	2	1	2	-1	-1	-1	1	2013	2
NS12729X	3	1	2	-1	-1	-1	10	2012	2
NS12729X	4	1	2	-1	-1	-1	1	2012	2
NS12729X	5	1	2	-1	-1	-1	5	2011	2
NS12729X	6	5	-1	1	3	-1	9	2008	6
NS12730G	1	4	-1	-1	-1	-1	2	2014	5
NS12730G	2	8	-1	-1	-1	1	2	2013	9
NS12730G	3	5	-1	1	3	-1	9	2009	6
NS12730G	4	5	-1	1	2	-1	9	2008	6
NS12730G	5	5	-1	1	1	-1	9	1996	6
NS12735M	1	1	1	-1	-1	-1	11	2008	1
NS12737P	1	1	1	-1	-1	-1	3	2013	1
NS12737P	2	1	1	-1	-1	-1	8	2008	1
NS12739R	1	1	2	-1	-1	-1	7	2008	2
NS12740B	1	1	1	-1	-1	-1	4	2014	1
NS12740B	2	1	1	-1	-1	-1	10	2013	1
NS12740B	3	1	1	-1	-1	-1	8	2010	1
NS12740B	4	5	-1	1	3	-1	9	2009	6
NS12742D	1	1	1	-1	-1	-1	7	2008	1
NS12742D	2	5	-1	1	2	-1	9	2006	6
NS12747J	1	1	1	-1	-1	-1	4	2015	1
NS12747J	2	1	1	-1	-1	-1	12	2013	1
NS12747J	3	1	2	-1	-1	-1	10	2013	2
NS12747J	4	1	1	-1	-1	-1	10	2012	1
NS12747J	5	1	1	-1	-1	-1	2	2012	1
NS12747J	6	1	2	-1	-1	-1	6	2011	2
NS12747J	7	1	1	-1	-1	-1	10	2010	1
NS12747J	8	1	1	-1	-1	-1	7	2008	1
NS12748K	1	1	1	-1	-1	-1	12	2013	1
NS12748K	2	1	1	-1	-1	-1	6	2009	1
NS12748K	3	1	1	-1	-1	-1	1	2008	1
NS12748K	4	5	-1	2	2	-1	9	2006	7
NS12749L	1	1	2	-1	-1	-1	12	2009	2
NS12754A	1	5	-1	1	3	-1	10	2008	6
NS12756C	1	1	2	-1	-1	-1	10	2014	2
NS12756C	2	5	-1	1	3	-1	10	2013	6
NS12756C	3	1	1	-1	-1	-1	10	2012	1
NS12756C	4	1	2	-1	-1	-1	9	2011	2
NS12756C	5	5	-1	1	3	-1	10	2008	6
NS12759F	1	1	1	-1	-1	-1	2	2013	1
NS12759F	2	5	-1	1	3	-1	9	2008	6
NS12762S	1	1	1	-1	-1	-1	1	2013	1
NS12762S	2	5	-1	1	3	-1	9	2011	6
NS12762S	3	1	1	-1	-1	-1	4	2010	1
NS12763T	1	5	-1	1	2	-1	9	2012	6
NS12763T	2	1	1	-1	-1	-1	7	2006	1
NS12768Z	1	10	-1	-1	-1	-1	9	2014	14
NS12768Z	2	1	1	-1	-1	-1	1	2014	1
NS12768Z	3	1	1	-1	-1	-1	1	2013	1
NS12768Z	4	5	-1	1	3	-1	9	2008	6
NS12772M	1	4	-1	-1	-1	-1	6	2012	5
NS12772M	2	5	-1	1	3	-1	9	2008	6
NS12773N	1	1	1	-1	-1	-1	11	2015	1
NS12773N	2	4	-1	-1	-1	-1	6	2015	5
NS12773N	3	5	-1	1	3	-1	9	2013	6
NS12773N	4	1	1	-1	-1	-1	7	2012	1
NS12773N	5	5	-1	1	3	-1	9	2009	6
NS12776R	1	5	-1	1	3	-1	9	2008	6
NS12777S	1	1	1	-1	-1	-1	7	2015	1
NS12777S	2	1	1	-1	-1	-1	11	2014	1
NS12777S	3	3	1	-1	-1	-1	6	2014	11
NS12777S	4	1	1	-1	-1	-1	9	2013	1
NS12777S	5	5	-1	1	3	-1	9	2010	6
NS12777S	6	1	1	-1	-1	-1	6	2008	1
NS12781F	1	1	1	-1	-1	-1	7	2011	1
NS12781F	2	1	1	-1	-1	-1	4	2011	1
NS12781F	3	4	-1	-1	-1	-1	9	2010	5
NS12781F	4	1	1	-1	-1	-1	7	2009	1
NS12781F	5	4	-1	-1	-1	-1	3	2009	5
NS12781F	6	1	1	-1	-1	-1	7	2008	1
NS12781F	7	4	-1	-1	-1	-1	12	2007	5
NS12781F	8	4	-1	-1	-1	-1	9	2007	5
NS12781F	9	1	2	-1	-1	-1	1	2007	2
NS12782G	1	1	1	-1	-1	-1	12	2011	1
NS12782G	2	4	-1	-1	-1	-1	6	2011	5
NS12782G	3	5	-1	1	3	-1	9	2008	6
NS12783H	1	1	1	-1	-1	-1	9	2014	1
NS12783H	2	1	2	-1	-1	-1	1	2014	2
NS12783H	3	7	-1	-1	-1	-1	9	2013	8
NS12783H	4	1	1	-1	-1	-1	11	2012	1
NS12783H	5	2	1	-1	-1	-1	7	2012	3
NS12783H	6	5	-1	1	3	-1	9	2009	6
NS12788N	1	1	1	-1	-1	-1	7	2012	1
NS12788N	2	4	-1	-1	-1	-1	-8	2010	5
NS12788N	3	8	-1	-1	-1	2	3	2010	10
NS12788N	4	10	-1	-1	-1	-1	7	2006	14
NS12792B	1	5	-1	1	3	-1	9	2013	6
NS12792B	2	1	1	-1	-1	-1	4	2013	1
NS12792B	3	5	-1	1	3	-1	9	2009	6
NS12792B	4	5	-1	1	2	-1	9	2007	6
NS12792B	5	5	-1	1	1	-1	9	2001	6
NS12793C	1	1	2	-1	-1	-1	5	2008	2
NS12794D	1	4	-1	-1	-1	-1	8	2008	5
NS12798H	1	7	-1	-1	-1	-1	6	2011	8
NS12798H	2	4	-1	-1	-1	-1	11	2008	5
NS12800A	1	1	1	-1	-1	-1	9	2010	1
NS12800A	2	5	-1	1	1	-1	9	2008	6
NS12801B	1	5	-1	1	4	-1	9	2010	6
NS12801B	2	1	1	-1	-1	-1	3	2008	1
NS12802C	1	1	1	-1	-1	-1	2	2013	1
NS12802C	2	5	-1	1	3	-1	9	2008	6
NS12804E	1	1	2	-1	-1	-1	8	2011	2
NS12804E	2	1	1	-1	-1	-1	6	2011	1
NS12804E	3	5	-1	1	3	-1	9	2008	6
NS12805F	1	2	1	-1	-1	-1	6	2013	3
NS12805F	2	2	1	-1	-1	-1	8	2012	3
NS12805F	3	4	-1	-1	-1	-1	6	2012	5
NS12805F	4	5	-1	1	3	-1	10	2009	6
NS12805F	5	5	-1	1	2	-1	9	2008	6
NS12805F	6	5	-1	1	1	-1	9	1994	6
NS12807H	1	1	1	-1	-1	-1	9	2012	1
NS12807H	2	1	1	-1	-1	-1	5	2011	1
NS12807H	3	5	-1	1	3	-1	9	2008	6
NS12808J	1	1	1	-1	-1	-1	8	2014	1
NS12808J	2	4	-1	-1	-1	-1	2	2014	5
NS12808J	3	2	2	-1	-1	-1	9	2013	4
NS12808J	4	10	-1	-1	-1	-1	-8	-9	14
NS12811W	1	5	-1	1	2	-1	9	2015	6
NS12811W	2	1	1	-1	-1	-1	1	2015	1
NS12811W	3	1	1	-1	-1	-1	2	2014	1
NS12811W	4	4	-1	-1	-1	-1	12	2013	5
NS12811W	5	1	1	-1	-1	-1	1	2013	1
NS12811W	6	1	1	-1	-1	-1	3	2012	1
NS12811W	7	8	-1	-1	-1	2	4	2011	10
NS12811W	8	1	1	-1	-1	-1	4	2010	1
NS12811W	9	5	-1	2	2	-1	9	2008	7
NS12811W	10	4	-1	-1	-1	-1	12	2007	5
NS12814Z	1	1	1	-1	-1	-1	3	2009	1
NS12814Z	2	5	-1	1	3	-1	9	2008	6
NS12814Z	3	5	-1	1	2	-1	9	2006	6
NS12815A	1	5	-1	1	3	-1	9	2008	6
NS12818D	1	5	-1	1	3	-1	9	2008	6
NS12819E	1	1	2	-1	-1	-1	3	2013	2
NS12819E	2	1	2	-1	-1	-1	1	2012	2
NS12819E	3	4	-1	-1	-1	-1	1	2011	5
NS12819E	4	5	-1	1	3	-1	9	2009	6
NS12820P	1	1	1	-1	-1	-1	4	2013	1
NS12820P	2	1	1	-1	-1	-1	6	2012	1
NS12820P	3	1	1	-1	-1	-1	4	2012	1
NS12820P	4	5	-1	1	3	-1	10	2011	6
NS12820P	5	1	2	-1	-1	-1	10	2007	2
NS12821Q	1	1	1	-1	-1	-1	9	2015	1
NS12821Q	2	1	2	-1	-1	-1	8	2014	2
NS12821Q	3	1	1	-1	-1	-1	4	2014	1
NS12821Q	4	1	1	-1	-1	-1	6	2013	1
NS12821Q	5	1	1	-1	-1	-1	9	2012	1
NS12821Q	6	4	1	-1	-1	-1	6	2012	5
NS12821Q	7	5	-1	1	3	-1	10	2009	6
NS12825V	1	1	1	-1	-1	-1	1	2008	1
NS12830J	1	1	2	-1	-1	-1	5	2006	2
NS12831K	1	1	2	-1	-1	-1	10	2007	2
NS12833M	1	5	-1	1	3	-1	9	2008	6
NS12837R	1	1	1	-1	-1	-1	2	2014	1
NS12837R	2	1	1	-1	-1	-1	1	2009	1
NS12839T	1	1	1	-1	-1	-1	10	2011	1
NS12839T	2	1	2	-1	-1	-1	8	2010	2
NS12839T	3	1	-9	-1	-1	-1	-8	-8	-8
NS12842F	1	1	1	-1	-1	-1	5	2008	1
NS12844H	1	5	-1	2	3	-1	9	2009	7
NS12848M	1	1	1	-1	-1	-1	1	2014	1
NS12848M	2	1	1	-1	-1	-1	11	2013	1
NS12848M	3	8	-1	-1	-1	2	1	2006	10
NS12849N	1	5	-1	1	3	-1	9	2009	6
NS12849N	2	5	-1	1	2	-1	9	2006	6
NS12851Z	1	9	-1	-1	-1	-1	6	2009	13
NS12851Z	2	4	-1	-1	-1	-1	9	2006	5
NS12855D	1	5	-1	1	3	-1	10	2013	6
NS12855D	2	1	1	-1	-1	-1	10	2013	1
NS12855D	3	5	-1	1	3	-1	9	2013	6
NS12855D	4	5	-1	1	1	-1	9	2001	6
NS12860S	1	9	-1	-1	-1	-1	3	2010	13
NS12860S	2	1	2	-1	-1	-1	1	2008	2
NS12860S	3	5	-1	1	2	-1	9	2007	6
NS12860S	4	5	-1	1	1	-1	9	1994	6
NS12864X	1	1	2	-1	-1	-1	9	2013	2
NS12864X	2	5	-1	2	2	-1	9	2010	7
NS12864X	3	5	-1	2	2	-1	9	2009	7
NS12865Y	1	1	1	-1	-1	-1	11	2012	1
NS12865Y	2	1	1	-1	-1	-1	10	2011	1
NS12865Y	3	1	2	-1	-1	-1	10	2010	2
NS12865Y	4	4	-1	-1	-1	-1	1	2009	5
NS12865Y	5	1	1	-1	-1	-1	6	2008	1
NS12865Y	6	5	-1	1	2	-1	9	2006	6
NS12866Z	1	1	1	-1	-1	-1	3	2013	1
NS12866Z	2	1	1	-1	-1	-1	3	2011	1
NS12866Z	3	1	1	-1	-1	-1	7	2008	1
NS12866Z	4	1	2	-1	-1	-1	6	2006	2
NS12870M	1	5	-1	1	3	-1	10	2013	6
NS12870M	2	1	1	-1	-1	-1	8	2011	1
NS12870M	3	5	-1	1	3	-1	10	2008	6
NS12870M	4	5	-1	1	1	-1	9	2000	6
NS12871N	1	1	1	-1	-1	-1	1	2012	1
NS12871N	2	1	2	-1	-1	-1	7	2008	2
NS12871N	3	6	2	-1	-1	-1	1	2008	12
NS12871N	4	5	-1	1	1	-1	9	2006	6
NS12872P	1	1	1	-1	-1	-1	10	2012	1
NS12872P	2	1	1	-1	-1	-1	6	2012	1
NS12872P	3	1	1	-1	-1	-1	9	2011	1
NS12872P	4	4	-1	-1	-1	-1	6	2011	5
NS12872P	5	5	-1	1	3	-1	9	2008	6
NS12874R	1	1	1	-1	-1	-1	9	2013	1
NS12874R	2	1	1	-1	-1	-1	5	2010	1
NS12878W	1	5	-1	1	3	-1	10	2009	6
NS12880G	1	1	2	-1	-1	-1	8	2007	2
NS12882J	1	5	-1	1	3	-1	9	2008	6
NS12885M	1	1	2	-1	-1	-1	3	2012	2
NS12885M	2	1	2	-1	-1	-1	6	2011	2
NS12885M	3	5	-1	1	3	-1	10	2008	6
NS12886N	1	5	-1	1	3	-1	9	2009	6
NS12892D	1	1	1	-1	-1	-1	4	2013	1
NS12892D	2	1	1	-1	-1	-1	10	2011	1
NS12892D	3	5	-1	1	3	-1	9	2008	6
NS12893E	1	1	1	-1	-1	-1	8	2008	1
NS12895G	1	1	1	-1	-1	-1	12	2013	1
NS12895G	2	1	1	-1	-1	-1	9	2011	1
NS12895G	3	5	-1	1	3	-1	9	2008	6
NS12896H	1	4	-1	-1	-1	-1	3	2012	5
NS12896H	2	5	-1	1	2	-1	9	1998	6
NS12899L	1	4	-1	-1	-1	-1	3	2015	5
NS12899L	2	1	1	-1	-1	-1	10	2014	1
NS12899L	3	4	-1	-1	-1	-1	8	2014	5
NS12899L	4	1	1	-1	-1	-1	4	2014	1
NS12899L	5	1	1	-1	-1	-1	7	2013	1
NS12899L	6	1	1	-1	-1	-1	1	2009	1
NS12902E	1	4	-1	-1	-1	-1	7	2012	5
NS12902E	2	1	2	-1	-1	-1	4	2012	2
NS12902E	3	4	-1	-1	-1	-1	10	2010	5
NS12902E	4	1	1	-1	-1	-1	5	2008	1
NS12904G	1	1	1	-1	-1	-1	8	2007	1
NS12904G	2	1	1	-1	-1	-1	7	2006	1
NS12907K	1	1	1	-1	-1	-1	6	2010	1
NS12907K	2	1	1	-1	-1	-1	1	2009	1
NS12908L	1	4	-1	-1	-1	-1	6	2010	5
NS12908L	2	5	-1	1	2	-1	9	2008	6
NS12908L	3	5	-1	1	1	-1	9	2001	6
NS12909M	1	1	1	-1	-1	-1	6	2013	1
NS12909M	2	1	1	-1	-1	-1	5	2006	1
NS12910X	1	10	-1	-1	-1	-1	9	2013	14
NS12910X	2	1	1	-1	-1	-1	2	2009	1
NS12913A	1	5	-1	1	3	-1	9	2008	6
NS12917E	1	1	1	-1	-1	-1	4	2010	1
NS12917E	2	1	1	-1	-1	-1	7	2009	1
NS12917E	3	5	-1	1	2	-1	9	2006	6
NS12920R	1	5	-1	1	3	-1	9	2008	6
NS12921S	1	5	-1	1	3	-1	9	2008	6
NS12922T	1	1	1	-1	-1	-1	1	2013	1
NS12922T	2	1	2	-1	-1	-1	10	2007	2
NS12925X	1	1	1	-1	-1	-1	9	2005	1
NS12926Y	1	3	1	-1	-1	-1	9	2013	11
NS12926Y	2	5	-1	1	3	-1	9	2012	6
NS12926Y	3	1	1	-1	-1	-1	1	2012	1
NS12926Y	4	5	-1	1	3	-1	9	2008	6
NS12928A	1	1	2	-1	-1	-1	10	2013	2
NS12928A	2	1	2	-1	-1	-1	10	2012	2
NS12928A	3	5	-1	1	3	-1	10	2009	6
NS12928A	4	5	-1	1	2	-1	9	2006	6
NS12931M	1	1	1	-1	-1	-1	5	2011	1
NS12931M	2	5	-1	1	3	-1	9	2008	6
NS12932N	1	1	1	-1	-1	-1	4	2014	1
NS12932N	2	1	1	-1	-1	-1	11	2013	1
NS12932N	3	4	-1	-1	-1	-1	10	2010	5
NS12932N	4	10	-1	-1	-1	-1	7	2006	14
NS12933P	1	1	1	-1	-1	-1	8	2011	1
NS12933P	2	5	-1	1	3	-1	10	2008	6
NS12935R	1	1	1	-1	-1	-1	3	2013	1
NS12935R	2	1	1	-1	-1	-1	8	2011	1
NS12935R	3	5	-1	1	3	-1	5	2008	6
NS12937T	1	1	1	-1	-1	-1	10	2014	1
NS12937T	2	1	1	-1	-1	-1	3	2014	1
NS12937T	3	5	-1	1	2	-1	8	2013	6
NS12937T	4	1	1	-1	-1	-1	2	2013	1
NS12937T	5	4	-1	-1	-1	-1	11	2012	5
NS12937T	6	1	1	-1	-1	-1	9	2012	1
NS12937T	7	4	-1	-1	-1	-1	6	2012	5
NS12937T	8	5	-1	1	3	-1	9	2009	6
NS12938V	1	5	-1	1	2	-1	9	2006	6
NS12940F	1	1	2	-1	-1	-1	8	2005	2
NS12941G	1	2	2	-1	-1	-1	9	2015	4
NS12941G	2	1	2	-1	-1	-1	9	2014	2
NS12941G	3	1	1	-1	-1	-1	5	2014	1
NS12941G	4	4	-1	-1	-1	-1	1	2014	5
NS12941G	5	1	1	-1	-1	-1	7	2013	1
NS12941G	6	5	-1	1	3	-1	9	2009	6
NS12942H	1	1	2	-1	-1	-1	9	2013	2
NS12942H	2	10	-1	-1	-1	-1	5	2013	14
NS12942H	3	1	1	-1	-1	-1	2	2012	1
NS12942H	4	10	-1	-1	-1	-1	11	2011	14
NS12942H	5	1	1	-1	-1	-1	6	2011	1
NS12942H	6	5	-1	1	3	-1	10	2008	6
NS12946M	1	5	-1	1	3	-1	9	2008	6
NS12946M	2	-8	-1	-1	-1	-1	-8	-8	-8
NS12948P	1	5	-1	1	2	-1	9	2009	6
NS12948P	2	1	1	-1	-1	-1	9	2006	1
NS12950A	1	1	1	-1	-1	-1	7	2012	1
NS12950A	2	1	1	-1	-1	-1	2	2010	1
NS12950A	3	1	1	-1	-1	-1	8	2009	1
NS12950A	4	4	-1	-1	-1	-1	12	2008	5
NS12950A	5	5	-1	1	2	-1	9	2006	6
NS12951B	1	5	-1	1	3	-1	9	2009	6
NS12951B	2	5	-1	1	2	-1	9	2006	6
NS12953D	1	1	1	-1	-1	-1	10	2013	1
NS12953D	2	1	2	-1	-1	-1	8	2013	2
NS12953D	3	4	-1	-1	-1	-1	10	2012	5
NS12953D	4	1	1	-1	-1	-1	5	2012	1
NS12953D	5	1	2	-1	-1	-1	10	2011	2
NS12953D	6	1	2	-1	-1	-1	4	2010	2
NS12953D	7	1	2	-1	-1	-1	3	2009	2
NS12957H	1	1	1	-1	-1	-1	8	2014	1
NS12957H	2	5	-1	1	3	-1	9	2009	6
NS12958J	1	5	-1	1	3	-1	9	2009	6
NS12961W	1	1	1	-1	-1	-1	4	2014	1
NS12961W	2	1	1	-1	-1	-1	4	2013	1
NS12961W	3	1	1	-1	-1	-1	4	2014	1
NS12961W	4	3	1	-1	-1	-1	7	2011	11
NS12961W	5	5	-1	1	3	-1	9	2008	6
NS12963Y	1	1	1	-1	-1	-1	2	2008	1
NS12963Y	2	5	-1	1	1	-1	9	1994	6
NS12966B	1	5	-1	1	3	-1	9	2008	6
NS12967C	1	5	-1	1	3	-1	9	2009	6
NS12973S	1	1	2	-1	-1	-1	11	2008	2
NS12980J	1	1	2	-1	-1	-1	12	2011	2
NS12980J	2	4	-1	-1	-1	-1	7	2011	5
NS12980J	3	5	-1	1	3	-1	9	2008	6
NS12983M	1	4	-1	-1	-1	-1	8	2013	5
NS12983M	2	1	1	-1	-1	-1	7	2012	1
NS12983M	3	4	-1	-1	-1	-1	7	2011	5
NS12983M	4	5	-1	1	2	-1	9	2008	6
NS12987R	1	1	1	-1	-1	-1	11	2010	1
NS12987R	2	4	-1	-1	-1	-1	1	2010	5
NS12988S	1	1	1	-1	-1	-1	10	2013	1
NS12988S	2	1	1	-1	-1	-1	6	2012	1
NS12988S	3	5	-1	1	3	-1	9	2009	6
NS12988S	4	5	-1	1	3	-1	9	2008	6
NS12991E	1	1	1	-1	-1	-1	9	2011	1
NS12991E	2	5	-1	1	3	-1	9	2008	6
NS12993G	1	1	1	-1	-1	-1	8	2011	1
NS12993G	2	5	-1	1	3	-1	9	2008	6
NS12994H	1	1	1	-1	-1	-1	3	2013	1
NS12994H	2	1	1	-1	-1	-1	6	2012	1
NS12994H	3	5	-1	1	3	-1	9	2009	6
NS12997L	1	1	1	-1	-1	-1	3	2008	1
NS12998M	1	5	-1	1	1	-1	9	2006	6
NS13000D	1	1	1	-1	-1	-1	3	2006	1
NS13002F	1	5	-1	1	3	-1	9	2012	6
NS13002F	2	1	2	-1	-1	-1	6	2010	2
NS13005J	1	1	1	-1	-1	-1	1	2008	1
NS13007L	1	1	1	-1	-1	-1	4	2013	1
NS13007L	2	4	-1	-1	-1	-1	8	2012	5
NS13007L	3	5	-1	1	3	-1	9	2009	6
NS13010Y	1	5	-1	1	2	-1	6	2009	6
NS13013B	1	5	-1	1	3	-1	9	2010	6
NS13013B	2	1	2	-1	-1	-1	2	2009	2
NS13015D	1	1	1	-1	-1	-1	11	2009	1
NS13015D	2	5	-1	1	2	-1	9	2008	6
NS13015D	3	5	-1	1	1	-1	-8	-8	6
NS13017F	1	1	1	-1	-1	-1	5	2012	1
NS13017F	2	5	-1	1	3	-1	9	2009	6
NS13019H	1	7	-1	-1	-1	-1	6	2010	8
NS13019H	2	5	-1	2	4	-1	9	2007	7
NS13021T	1	1	2	-1	-1	-1	7	2007	2
NS13024X	1	1	1	-1	-1	-1	8	2012	1
NS13024X	2	5	-1	1	3	-1	9	2009	6
NS13025Y	1	5	-1	1	3	-1	9	2011	6
NS13025Y	2	1	2	-1	-1	-1	9	2009	2
NS13027A	1	5	-1	1	3	-1	9	2008	6
NS13033Q	1	1	1	-1	-1	-1	9	2011	1
NS13033Q	2	5	-1	1	3	-1	9	2008	6
NS13036T	1	1	2	-1	-1	-1	5	2014	2
NS13036T	2	1	2	-1	-1	-1	9	2012	2
NS13036T	3	5	-1	2	2	-1	9	2010	7
NS13036T	4	1	2	-1	-1	-1	10	2008	2
NS13036T	5	9	-1	-1	-1	-1	6	2006	13
NS13038W	1	10	-1	-1	-1	-1	7	2014	14
NS13038W	2	1	1	-1	-1	-1	5	2011	1
NS13038W	3	1	2	-1	-1	-1	9	2008	2
NS13038W	4	5	-1	1	3	-1	9	2008	6
NS13038W	5	5	-1	1	1	-1	9	2001	6
NS13040G	1	1	1	-1	-1	-1	8	2011	1
NS13040G	2	5	-1	1	3	-1	9	2008	6
NS13042J	1	1	1	-1	-1	-1	6	2011	1
NS13042J	2	5	-1	1	3	-1	9	2008	6
NS13043K	1	5	-1	1	3	-1	9	2008	6
NS13044L	1	5	-1	1	3	-1	9	2008	6
NS13045M	1	1	1	-1	-1	-1	9	2014	1
NS13045M	2	1	1	-1	-1	-1	9	2012	1
NS13045M	3	10	-1	-1	-1	-1	5	2011	14
NS13045M	4	4	-1	-1	-1	-1	2	2010	5
NS13050B	1	1	1	-1	-1	-1	6	2013	1
NS13050B	2	1	1	-1	-1	-1	5	2013	1
NS13050B	3	1	1	-1	-1	-1	9	2012	1
NS13050B	4	5	-1	1	3	-1	9	2009	6
NS13053E	1	1	2	-1	-1	-1	6	2011	2
NS13053E	2	5	-1	1	3	-1	10	2008	6
NS13054F	1	1	1	-1	-1	-1	9	2013	1
NS13054F	2	1	1	-1	-1	-1	1	2013	1
NS13054F	3	1	1	-1	-1	-1	9	2008	1
NS13056H	1	1	1	-1	-1	-1	1	2010	1
NS13057J	1	1	1	-1	-1	-1	9	2014	1
NS13057J	2	1	1	-1	-1	-1	9	2013	1
NS13057J	3	5	-1	1	3	-1	9	2012	6
NS13057J	4	5	-1	1	3	-1	9	2009	6
NS13063Z	1	10	-1	-1	-1	-1	8	2010	14
NS13063Z	2	10	-1	-1	-1	-1	-8	-8	14
NS13065B	1	1	1	-1	-1	-1	6	2008	1
NS13070Q	1	5	-1	1	3	-1	9	2009	6
NS13071R	1	5	-1	1	3	-1	9	2009	6
NS13076X	1	1	1	-1	-1	-1	6	2009	1
NS13076X	2	5	-1	1	2	-1	9	2006	6
NS13081L	1	1	2	-1	-1	-1	9	2014	2
NS13081L	2	4	-1	-1	-1	-1	1	2014	5
NS13081L	3	1	1	-1	-1	-1	9	2013	1
NS13081L	4	4	-1	-1	-1	-1	1	2013	5
NS13081L	5	4	-1	-1	-1	-1	-8	-8	5
NS13082M	1	1	1	-1	-1	-1	6	2013	1
NS13082M	2	1	1	-1	-1	-1	8	2012	1
NS13082M	3	5	-1	1	3	-1	9	2008	6
NS13082M	4	5	-1	1	2	-1	9	2006	6
NS13083N	1	1	1	-1	-1	-1	7	2006	1
NS13085Q	1	1	1	-1	-1	-1	11	2013	1
NS13085Q	2	1	1	-1	-1	-1	6	2012	1
NS13085Q	3	1	1	-1	-1	-1	6	2010	1
NS13085Q	4	5	-1	1	3	-1	9	2009	6
NS13085Q	5	5	-1	1	1	-1	5	2006	6
NS13089V	1	1	1	-1	-1	-1	10	2013	1
NS13089V	2	4	-1	-1	-1	-1	7	2013	5
NS13089V	3	1	1	-1	-1	-1	6	2012	1
NS13089V	4	1	1	-1	-1	-1	12	2010	1
NS13089V	5	4	-1	-1	-1	-1	12	2009	5
NS13090E	1	5	-1	1	3	-1	9	2008	6
NS13091F	1	10	-1	-1	-1	-1	9	2013	14
NS13091F	2	3	2	-1	-1	-1	9	2013	11
NS13091F	3	5	-1	1	3	-1	9	2008	6
NS13095K	1	1	1	-1	-1	-1	8	2013	1
NS13095K	2	5	-1	1	3	-1	9	2012	6
NS13095K	3	5	-1	1	3	-1	9	2009	6
NS13097M	1	1	1	-1	-1	-1	9	2007	1
NS13099P	1	5	-1	1	2	-1	9	2006	6
NS13107N	1	1	1	-1	-1	-1	6	2012	1
NS13107N	2	5	-1	1	3	-1	9	2009	6
NS13110A	1	5	-1	1	3	-1	9	2009	6
NS13112C	1	1	1	-1	-1	-1	8	2013	1
NS13112C	2	1	1	-1	-1	-1	4	2013	1
NS13112C	3	1	2	-1	-1	-1	9	2012	2
NS13112C	4	5	-1	1	3	-1	9	2008	6
NS13117H	1	1	1	-1	-1	-1	6	2011	1
NS13117H	2	1	1	-1	-1	-1	9	2008	1
NS13118J	1	1	2	-1	-1	-1	8	2012	2
NS13118J	2	1	2	-1	-1	-1	7	2012	2
NS13118J	3	4	-1	-1	-1	-1	11	2010	5
NS13118J	4	4	-1	-1	-1	-1	-8	-8	5
NS13120V	1	3	2	-1	-1	-1	7	2012	11
NS13120V	2	5	-1	1	3	-1	9	2009	6
NS13122X	1	4	-1	-1	-1	-1	2	2016	5
NS13122X	2	1	1	-1	-1	-1	12	2015	1
NS13122X	3	1	2	-1	-1	-1	7	2015	2
NS13122X	4	1	1	-1	-1	-1	9	2012	1
NS13122X	5	4	-1	-1	-1	-1	-8	2010	5
NS13122X	6	-8	-1	-1	-1	-1	-8	-8	-8
NS13124Z	1	3	2	-1	-1	-1	9	2013	11
NS13124Z	2	1	2	-1	-1	-1	9	2012	2
NS13124Z	3	5	-1	1	3	-1	9	2008	6
NS13125A	1	1	1	-1	-1	-1	7	2009	1
NS13126B	1	1	1	-1	-1	-1	6	2011	1
NS13126B	2	1	2	-1	-1	-1	6	2006	2
NS13127C	1	5	-1	1	3	-1	9	2009	6
NS13128D	1	1	1	-1	-1	-1	7	2009	1
NS13128D	2	1	1	-1	-1	-1	9	2007	1
NS13128D	3	5	-1	1	1	-1	9	2000	6
NS13129E	1	2	1	-1	-1	-1	6	2007	3
NS13131Q	1	1	1	-1	-1	-1	7	2010	1
NS13131Q	2	4	-1	-1	-1	-1	9	2007	5
NS13132R	1	10	1	1	4	-1	9	2006	14
NS13134T	1	4	-1	-1	-1	-1	4	2013	5
NS13134T	2	5	-1	1	3	-1	10	2008	6
NS13135V	1	5	-1	1	3	-1	9	2009	6
NS13136W	1	1	1	-1	-1	-1	7	2012	1
NS13136W	2	5	-1	1	3	-1	9	2008	6
NS13141K	1	1	2	-1	-1	-1	1	2010	2
NS13144N	1	1	1	-1	-1	-1	7	2012	1
NS13144N	2	1	1	-1	-1	-1	6	2010	1
NS13144N	3	5	-1	1	2	-1	9	2006	6
NS13147R	1	1	1	-1	-1	-1	3	2010	1
NS13150D	1	1	2	-1	-1	-1	8	2010	2
NS13150D	2	1	2	-1	-1	-1	1	2008	2
NS13152F	1	1	1	-1	-1	-1	1	2012	1
NS13152F	2	1	2	-1	-1	-1	9	2009	2
NS13153G	1	5	-1	1	3	-1	10	2008	6
NS13156K	1	1	1	-1	-1	-1	8	2014	1
NS13156K	2	1	1	-1	-1	-1	1	2014	1
NS13156K	3	4	-1	-1	-1	-1	7	2013	5
NS13156K	4	1	1	-1	-1	-1	12	2012	1
NS13156K	5	4	-1	-1	-1	-1	10	2012	5
NS13156K	6	1	1	-1	-1	-1	6	2012	1
NS13156K	7	5	-1	1	3	-1	9	2008	6
NS13159N	1	1	1	-1	-1	-1	10	2009	1
NS13159N	2	1	1	-1	-1	-1	2	2009	1
NS13159N	3	1	1	-1	-1	-1	10	2008	1
NS13159N	4	5	-1	1	2	-1	9	2004	6
NS13160Y	1	5	-1	1	3	-1	10	2012	6
NS13160Y	2	1	1	-1	-1	-1	9	2006	1
NS13165D	1	2	1	-1	-1	-1	10	2013	3
NS13165D	2	7	-1	-1	-1	-1	7	2013	8
NS13165D	3	4	-1	-1	-1	-1	2	2012	5
NS13165D	4	1	1	-1	-1	-1	2	2008	1
NS13166E	1	1	1	-1	-1	-1	2	2012	1
NS13166E	2	1	1	-1	-1	-1	6	2011	1
NS13166E	3	1	1	-1	-1	-1	1	2010	1
NS13166E	4	1	1	-1	-1	-1	6	2009	1
NS13166E	5	5	-1	2	2	-1	9	2007	7
NS13166E	6	5	-1	1	1	-1	7	2006	6
NS13171T	1	5	-1	2	2	-1	9	2014	7
NS13171T	2	1	2	-1	-1	-1	9	2014	2
NS13171T	3	4	-1	-1	-1	-1	6	2009	5
NS13172V	1	1	2	-1	-1	-1	4	2014	2
NS13172V	2	1	2	-1	-1	-1	3	2014	2
NS13172V	3	1	1	-1	-1	-1	-8	-8	1
NS13174X	1	5	-1	1	3	-1	9	2009	6
NS13175Y	1	4	-1	-1	-1	-1	8	2014	5
NS13175Y	2	1	1	-1	-1	-1	12	2012	1
NS13175Y	3	1	1	-1	-1	-1	5	2012	1
NS13175Y	4	5	-1	1	3	-1	9	2009	6
NS13177A	1	5	-1	1	3	-1	9	2008	6
NS13178B	1	1	1	-1	-1	-1	3	2014	1
NS13178B	2	1	1	-1	-1	-1	9	2013	1
NS13178B	3	1	1	-1	-1	-1	1	2012	1
NS13178B	4	1	2	-1	-1	-1	9	2011	2
NS13178B	5	5	-1	1	3	-1	9	2008	6
NS13179C	1	1	1	-1	-1	-1	6	1990	1
NS13181N	1	1	1	-1	-1	-1	6	2009	1
NS13183Q	1	1	2	-1	-1	-1	6	2012	2
NS13183Q	2	1	2	-1	-1	-1	5	2012	2
NS13183Q	3	5	-1	1	3	-1	9	2009	6
NS13188W	1	10	-1	-1	-1	-1	9	2008	14
NS13192J	1	10	-1	-1	-1	-1	-9	-9	14
NS13195M	1	1	2	-1	-1	-1	9	2006	2
NS13196N	1	5	-1	1	3	-1	9	2008	6
NS13198Q	1	1	2	-1	-1	-1	7	2010	2
NS13198Q	2	4	-1	-1	-1	-1	1	2010	5
NS13201J	1	5	-1	1	3	-1	9	2010	6
NS13201J	2	5	-1	1	2	-1	9	2007	6
NS13201J	3	5	-1	1	1	-1	9	2001	6
NS13202K	1	4	-1	-1	-1	-1	2	2015	5
NS13202K	2	1	2	-1	-1	-1	12	2012	2
NS13202K	3	4	-1	-1	-1	-1	7	2012	5
NS13202K	4	5	-1	1	3	-1	9	2009	6
NS13204M	1	1	1	-1	-1	-1	3	2015	1
NS13204M	2	1	1	-1	-1	-1	6	2013	1
NS13204M	3	3	1	-1	-1	-1	1	2013	11
NS13204M	4	1	1	-1	-1	-1	11	2012	1
NS13204M	5	4	-1	-1	-1	-1	9	2012	5
NS13204M	6	5	-1	1	3	-1	9	2008	6
NS13207Q	1	1	1	-1	-1	-1	6	2012	1
NS13207Q	2	1	2	-1	-1	-1	9	2011	2
NS13207Q	3	5	-1	1	3	-1	9	2008	6
NS13210C	1	1	1	-1	-1	-1	7	2006	1
NS13214G	1	4	-1	-1	-1	-1	8	2012	5
NS13214G	2	10	-1	-1	-1	-1	4	2012	14
NS13214G	3	1	1	-1	-1	-1	9	2011	1
NS13214G	4	1	2	-1	-1	-1	7	2011	2
NS13214G	5	5	-1	1	3	-1	9	2008	6
NS13216J	1	1	1	-1	-1	-1	2	2013	1
NS13216J	2	1	1	-1	-1	-1	1	2012	1
NS13216J	3	1	2	-1	-1	-1	1	2009	2
NS13221Y	1	4	-1	-1	-1	-1	8	2012	5
NS13221Y	2	5	-1	1	3	-1	9	2008	6
NS13223A	1	5	-1	1	3	-1	9	2009	6
NS13226D	1	5	-1	1	3	-1	9	2008	6
NS13227E	1	4	-1	-1	-1	-1	9	2012	5
NS13227E	2	1	1	-1	-1	-1	8	2008	1
NS13228F	1	1	1	-1	-1	-1	9	2013	1
NS13228F	2	1	1	-1	-1	-1	4	2011	1
NS13228F	3	5	-1	1	3	-1	9	2010	6
NS13228F	4	1	1	-1	-1	-1	6	2008	1
NS13229G	1	1	2	-1	-1	-1	6	2009	2
NS13234W	1	1	1	-1	-1	-1	3	2011	1
NS13234W	2	1	1	-1	-1	-1	10	2010	1
NS13234W	3	1	1	-1	-1	-1	3	2008	1
NS13236Y	1	1	1	-1	-1	-1	10	2013	1
NS13236Y	2	1	1	-1	-1	-1	9	2011	1
NS13236Y	3	5	-1	1	3	-1	9	2008	6
NS13238A	1	5	-1	1	3	-1	9	2009	6
NS13239B	1	1	1	-1	-1	-1	6	2010	1
NS13239B	2	1	2	-1	-1	-1	8	2009	2
NS13240L	1	1	1	-1	-1	-1	6	2011	1
NS13240L	2	1	2	-1	-1	-1	9	2010	2
NS13240L	3	5	-1	1	2	-1	2	2009	6
NS13241M	1	1	1	-1	-1	-1	9	2014	1
NS13241M	2	1	1	-1	-1	-1	9	2013	1
NS13248V	1	1	1	-1	-1	-1	6	2003	1
NS13251G	1	1	1	-1	-1	-1	9	2011	1
NS13251G	2	5	-1	1	3	-1	9	2008	6
NS13252H	1	1	1	-1	-1	-1	9	2013	1
NS13252H	2	1	1	-1	-1	-1	8	2012	1
NS13252H	3	10	-1	-1	-1	-1	1	2012	14
NS13252H	4	5	-1	1	3	-1	9	2009	6
NS13253J	1	1	1	-1	-1	-1	8	2015	1
NS13253J	2	10	-1	-1	-1	-1	7	2014	14
NS13253J	3	1	1	-1	-1	-1	6	2012	1
NS13253J	4	5	-1	1	3	-1	9	2009	6
NS13253J	5	1	1	-1	-1	-1	8	2008	1
NS13254K	1	5	-1	2	3	-1	9	2008	7
NS13256M	1	5	-1	1	3	-1	9	2008	6
NS13259Q	1	1	1	-1	-1	-1	5	2013	1
NS13259Q	2	5	-1	1	3	-1	9	2010	6
NS13259Q	3	5	-1	1	2	-1	9	2008	6
NS13261B	1	1	1	-1	-1	-1	2	2011	1
NS13261B	2	5	-1	1	3	-1	3	2008	6
NS13262C	1	1	1	-1	-1	-1	6	2006	1
NS13264E	1	1	1	-1	-1	-1	11	2007	1
NS13265F	1	1	1	-1	-1	-1	5	2012	1
NS13265F	2	1	2	-1	-1	-1	6	2011	2
NS13265F	3	1	2	-1	-1	-1	10	2009	2
NS13267H	1	1	1	-1	-1	-1	8	2012	1
NS13267H	2	5	-1	1	4	-1	9	2011	6
NS13267H	3	5	-1	1	3	-1	9	2008	6
NS13275A	1	1	1	-1	-1	-1	5	2015	1
NS13275A	2	1	1	-1	-1	-1	10	2010	1
NS13275A	3	1	1	-1	-1	-1	6	2009	1
NS13275A	4	5	-1	1	2	-1	9	2006	6
NS13283S	1	1	1	-1	-1	-1	9	2006	1
NS13285V	1	5	-1	1	3	-1	9	2010	6
NS13285V	2	1	2	-1	-1	-1	10	2008	2
NS13286W	1	5	-1	1	3	-1	9	2009	6
NS13288Y	1	4	-1	-1	-1	-1	7	2008	5
NS13289Z	1	5	-1	1	3	-1	10	2011	6
NS13289Z	2	5	-1	1	2	-1	9	2009	6
NS13291K	1	1	1	-1	-1	-1	8	2012	1
NS13291K	2	1	1	-1	-1	-1	7	2011	1
NS13291K	3	5	-1	1	3	-1	9	2008	6
NS13294N	1	1	1	-1	-1	-1	9	2013	1
NS13294N	2	5	-1	1	3	-1	9	2008	6
NS13295P	1	6	1	-1	-1	-1	10	2008	12
NS13295P	2	1	2	-1	-1	-1	1	2007	2
NS13301L	1	1	1	-1	-1	-1	1	2012	1
NS13301L	2	4	-1	-1	-1	-1	11	2011	5
NS13301L	3	4	-1	-1	-1	-1	1	2010	5
NS13303N	1	3	1	-1	-1	-1	6	2015	11
NS13303N	2	4	-1	-1	-1	-1	8	2013	5
NS13303N	3	1	2	-1	-1	-1	9	2012	2
NS13303N	4	4	-1	-1	-1	-1	9	2008	5
NS13308T	1	1	1	-1	-1	-1	11	2014	1
NS13308T	2	1	1	-1	-1	-1	9	2009	1
NS13310E	1	5	-1	1	3	-1	9	2008	6
NS13313H	1	5	-1	2	3	-1	1	2014	7
NS13313H	2	1	1	-1	-1	-1	5	2012	1
NS13313H	3	1	2	-1	-1	-1	9	2011	2
NS13313H	4	5	-1	1	3	-1	9	2008	6
NS13317M	1	1	2	-1	-1	-1	11	2013	2
NS13317M	2	1	1	-1	-1	-1	9	2008	1
NS13318N	1	1	1	-1	-1	-1	-8	2009	1
NS13318N	2	5	-1	1	2	-1	-8	2006	6
NS13319P	1	10	-1	-1	-1	-1	-8	-8	14
NS13322B	1	5	-1	1	3	-1	10	2009	6
NS13324D	1	8	-1	-1	-1	2	12	2014	10
NS13324D	2	1	1	-1	-1	-1	3	2014	1
NS13324D	3	1	1	-1	-1	-1	8	2012	1
NS13324D	4	1	1	-1	-1	-1	2	2010	1
NS13330T	1	2	1	-1	-1	-1	1	2011	3
NS13330T	2	6	1	-1	-1	-1	8	2007	12
NS13331V	1	1	1	-1	-1	-1	9	2012	1
NS13331V	2	1	1	-1	-1	-1	2	2011	1
NS13331V	3	4	-1	-1	-1	-1	6	2010	5
NS13338C	1	1	1	-1	-1	-1	1	2001	1
NS13339D	1	1	2	-1	-1	-1	6	2012	2
NS13339D	2	5	-1	1	3	-1	9	2009	6
NS13340N	1	1	1	-1	-1	-1	8	2008	1
NS13340N	2	5	-1	1	2	-1	7	2006	6
NS13341P	1	5	-1	1	2	-1	7	2007	6
NS13342Q	1	1	1	-1	-1	-1	7	2013	1
NS13342Q	2	1	1	-1	-1	-1	6	2012	1
NS13342Q	3	6	1	-1	-1	-1	9	2008	12
NS13344S	1	1	2	-1	-1	-1	9	2010	2
NS13344S	2	4	-1	-1	-1	-1	9	2009	5
NS13347W	1	2	2	-1	-1	-1	4	2014	4
NS13347W	2	1	1	-1	-1	-1	5	2012	1
NS13347W	3	1	1	-1	-1	-1	5	2012	1
NS13347W	4	4	-1	-1	-1	-1	4	2012	5
NS13347W	5	5	-1	1	3	-1	9	2008	6
NS13349Y	1	5	-1	1	2	-1	9	2006	6
NS13351J	1	5	-1	1	3	-1	9	2008	6
NS13354M	1	1	1	-1	-1	-1	2	2014	1
NS13354M	2	1	1	-1	-1	-1	8	2012	1
NS13354M	3	1	1	-1	-1	-1	9	2010	1
NS13354M	4	5	-1	2	2	-1	9	2008	7
NS13358R	1	1	1	-1	-1	-1	6	2013	1
NS13358R	2	5	-1	1	3	-1	9	2008	6
NS13362E	1	5	-1	1	3	-1	9	2011	6
NS13362E	2	5	-1	1	3	-1	9	2009	6
NS13364G	1	1	1	-1	-1	-1	7	2015	1
NS13364G	2	1	1	-1	-1	-1	12	2014	1
NS13364G	3	4	-1	-1	-1	-1	4	2012	5
NS13364G	4	1	1	-1	-1	-1	9	2009	1
NS13364G	5	4	-1	-1	-1	-1	5	2009	5
NS13371Y	1	1	1	-1	-1	-1	2	2013	1
NS13371Y	2	1	1	-1	-1	-1	3	2012	1
NS13371Y	3	1	1	-1	-1	-1	3	2009	1
NS13372Z	1	1	1	-1	-1	-1	7	2015	1
NS13372Z	2	9	-1	-1	-1	-1	7	2011	13
NS13372Z	3	1	1	-1	-1	-1	9	2008	1
NS13372Z	4	1	2	-1	-1	-1	9	2006	2
NS13374B	1	1	2	-1	-1	-1	11	2007	2
NS13375C	1	2	1	-1	-1	-1	3	2016	3
NS13375C	2	4	-1	-1	-1	-1	12	2015	5
NS13375C	3	1	1	-1	-1	-1	7	2014	1
NS13375C	4	4	-1	-1	-1	-1	1	2014	5
NS13375C	5	1	1	-1	-1	-1	5	2012	1
NS13375C	6	-8	-1	-1	-1	-1	-8	-8	-8
NS13376D	1	5	-1	1	2	-1	9	2006	6
NS13378F	1	1	1	-1	-1	-1	1	2012	1
NS13378F	2	1	2	-1	-1	-1	7	2011	2
NS13378F	3	5	-1	1	3	-1	9	2008	6
NS13380R	1	1	2	-1	-1	-1	9	2008	2
NS13382T	1	5	-1	1	3	-1	8	2008	6
NS13383V	1	1	2	-1	-1	-1	6	2012	2
NS13383V	2	5	-1	1	3	-1	9	2009	6
NS13386Y	1	4	-1	-1	-1	-1	11	2011	5
NS13386Y	2	1	1	-1	-1	-1	11	2009	1
NS13390L	1	9	-1	-1	-1	-1	2	2014	13
NS13390L	2	1	2	-1	-1	-1	11	2012	2
NS13390L	3	5	-1	1	2	-1	9	2010	6
NS13390L	4	5	-1	1	1	-1	9	2001	6
NS13392N	1	1	1	-1	-1	-1	5	2007	1
NS13394Q	1	1	1	-1	-1	-1	7	2014	1
NS13394Q	2	5	-1	1	3	-1	10	2010	6
NS13394Q	3	1	2	-1	-1	-1	7	2006	2
NS13397T	1	4	-1	-1	-1	-1	4	2015	5
NS13397T	2	1	1	-1	-1	-1	3	2015	1
NS13397T	3	4	-1	-1	-1	-1	1	2011	5
NS13397T	4	5	-1	1	2	-1	9	2010	6
NS13397T	5	5	-1	1	2	-1	9	2009	6
NS13398V	1	1	1	-1	-1	-1	9	2008	1
NS13400M	1	5	-1	1	3	-1	9	2008	6
NS13404R	1	6	1	-1	-1	-1	8	2008	12
NS13405S	1	1	1	-1	-1	-1	3	2013	1
NS13405S	2	1	1	-1	-1	-1	4	2012	1
NS13405S	3	1	2	-1	-1	-1	4	2011	2
NS13405S	4	1	2	-1	-1	-1	8	2010	2
NS13405S	5	4	-1	-1	-1	-1	7	2010	5
NS13405S	6	1	2	-1	-1	-1	6	2009	2
NS13406T	1	1	1	-1	-1	-1	5	2006	1
NS13410G	1	1	1	-1	-1	-1	1	2016	1
NS13410G	2	1	1	-1	-1	-1	7	2008	1
NS13412J	1	1	1	-1	-1	-1	8	2012	1
NS13412J	2	5	-1	1	3	-1	9	2008	6
NS13412J	3	5	-1	1	2	-1	9	2006	6
NS13415M	1	4	-1	-1	-1	-1	5	2011	5
NS13415M	2	1	2	-1	-1	-1	5	2010	2
NS13418Q	1	1	2	-1	-1	-1	5	2012	2
NS13418Q	2	5	-1	1	1	-1	3	2011	6
NS13418Q	3	5	-1	1	1	-1	4	2006	6
NS13421C	1	1	1	-1	-1	-1	8	2013	1
NS13421C	2	1	1	-1	-1	-1	9	2012	1
NS13421C	3	10	-1	-1	-1	-1	6	2012	14
NS13421C	4	5	-1	1	3	-1	9	2009	6
NS13423E	1	1	1	-1	-1	-1	6	2014	1
NS13423E	2	1	1	-1	-1	-1	10	2011	1
NS13423E	3	5	-1	1	3	-1	9	2008	6
NS13424F	1	1	1	-1	-1	-1	9	2012	1
NS13424F	2	5	-1	1	3	-1	9	2009	6
NS13427J	1	5	-1	1	3	-1	9	2008	6
NS13429L	1	1	1	-1	-1	-1	1	2012	1
NS13429L	2	1	1	-1	-1	-1	3	2010	1
NS13433Z	1	5	-1	1	2	-1	9	2009	6
NS13435B	1	5	-1	1	3	-1	9	2008	6
NS13437D	1	1	1	-1	-1	-1	10	2005	1
NS13439F	1	3	2	-1	-1	-1	-8	-8	11
NS13450K	1	1	2	-1	-1	-1	9	2012	2
NS13450K	2	5	-1	1	3	-1	9	2008	6
NS13452M	1	1	1	-1	-1	-1	6	2015	1
NS13452M	2	4	-1	-1	-1	-1	7	2014	5
NS13452M	3	1	1	-1	-1	-1	12	2013	1
NS13452M	4	1	1	-1	-1	-1	6	2011	1
NS13452M	5	1	1	-1	-1	-1	12	2009	1
NS13452M	6	5	-1	1	1	-1	9	2002	6
NS13453N	1	1	2	-1	-1	-1	9	2009	2
NS13454P	1	1	2	-1	-1	-1	7	2009	2
NS13455Q	1	5	-1	1	3	-1	9	2009	6
NS13459V	1	5	-1	1	3	-1	9	2009	6
NS13461F	1	5	-1	1	2	-1	9	2009	6
NS13462G	1	1	1	-1	-1	-1	5	2014	1
NS13462G	2	5	-1	1	3	-1	8	2009	6
NS13462G	3	5	-1	1	1	-1	4	1995	6
NS13464J	1	1	1	-1	-1	-1	12	2014	1
NS13464J	2	1	1	-1	-1	-1	10	2012	1
NS13464J	3	1	1	-1	-1	-1	10	2011	1
NS13464J	4	1	2	-1	-1	-1	4	2011	2
NS13464J	5	5	-1	1	3	-1	9	2008	6
NS13465K	1	1	2	-1	-1	-1	8	2009	2
NS13468N	1	4	-1	-1	-1	-1	6	2012	5
NS13468N	2	5	-1	1	3	-1	9	2008	6
NS13470Z	1	1	1	-1	-1	-1	5	2012	1
NS13470Z	2	1	2	-1	-1	-1	5	2008	2
NS13474D	1	1	1	-1	-1	-1	6	2013	1
NS13474D	2	5	-1	2	2	-1	9	2012	7
NS13474D	3	1	1	-1	-1	-1	10	2011	1
NS13474D	4	1	2	-1	-1	-1	2	2010	2
NS13477G	1	1	2	-1	-1	-1	9	2008	2
NS13479J	1	8	-1	-1	-1	2	6	2009	10
NS13479J	2	5	-1	1	2	-1	-8	-8	6
NS13480T	1	5	-1	1	3	-1	9	2008	6
NS13486A	1	1	2	-1	-1	-1	6	2008	2
NS13489D	1	4	-1	-1	-1	-1	7	2008	5
NS13493R	1	10	-1	-1	-1	-1	12	2013	14
NS13493R	2	1	1	-1	-1	-1	8	2013	1
NS13493R	3	1	1	-1	-1	-1	3	2013	1
NS13493R	4	1	1	-1	-1	-1	2	2012	1
NS13493R	5	10	-1	-1	-1	-1	2	2011	14
NS13493R	6	6	1	-1	-1	-1	9	2006	12
NS13494S	1	1	1	-1	-1	-1	9	2011	1
NS13494S	2	4	-1	-1	-1	-1	3	2011	5
NS13494S	3	1	1	-1	-1	-1	1	2010	1
NS13496V	1	1	1	-1	-1	-1	9	2013	1
NS13496V	2	1	1	-1	-1	-1	9	2013	1
NS13496V	3	5	-1	1	3	-1	9	2008	6
NS13499Y	1	3	2	-1	-1	-1	10	2013	11
NS13499Y	2	1	1	-1	-1	-1	1	2013	1
NS13499Y	3	5	-1	1	3	-1	9	2009	6
NS13504T	1	1	1	-1	-1	-1	11	2011	1
NS13504T	2	5	-1	1	3	-1	9	2009	6
NS13505V	1	1	1	-1	-1	-1	-8	-8	1
NS13507X	1	1	2	-1	-1	-1	3	2010	2
NS13507X	2	3	1	-1	-1	-1	6	2009	11
NS13507X	3	1	1	-1	-1	-1	6	2008	1
NS13507X	4	5	-1	1	2	-1	9	2007	6
NS13507X	5	5	-1	1	1	-1	9	1995	6
NS13512L	1	1	2	-1	-1	-1	10	2012	2
NS13512L	2	9	-1	-1	-1	-1	4	2011	13
NS13512L	3	1	1	-1	-1	-1	4	2010	1
NS13516Q	1	1	1	-1	-1	-1	4	2012	1
NS13516Q	2	1	1	-1	-1	-1	7	2009	1
NS13516Q	3	6	1	-1	-1	-1	9	2008	12
NS13516Q	4	6	1	-1	-1	-1	9	2008	12
NS13516Q	5	4	-1	-1	-1	-1	8	2006	5
NS13517R	1	3	2	-1	-1	-1	1	2013	11
NS13517R	2	5	-1	1	3	-1	9	2011	6
NS13517R	3	5	-1	1	3	-1	9	2008	6
NS13519T	1	5	-1	1	3	-1	9	2009	6
NS13520D	1	1	1	-1	-1	-1	9	2012	1
NS13520D	2	1	1	-1	-1	-1	6	2008	1
NS13522F	1	4	-1	-1	-1	-1	7	2012	5
NS13522F	2	5	-1	1	3	-1	10	2008	6
NS13523G	1	1	1	-1	-1	-1	7	2007	1
NS13525J	1	5	-1	1	3	-1	9	2010	6
NS13525J	2	3	2	-1	-1	-1	11	2008	11
NS13526K	1	1	2	-1	-1	-1	9	2010	2
NS13526K	2	4	-1	-1	-1	-1	2	2009	5
NS13528M	1	5	-1	1	3	-1	9	2014	6
NS13528M	2	1	1	-1	-1	-1	8	2013	1
NS13528M	3	10	-1	-1	-1	-1	7	2013	14
NS13528M	4	5	-1	1	3	-1	9	2008	6
NS13529N	1	8	-1	-1	-1	1	10	2014	9
NS13529N	2	1	1	-1	-1	-1	9	2008	1
NS13530Y	1	9	-1	-1	-1	-1	6	2008	13
NS13533B	1	1	2	-1	-1	-1	9	2006	2
NS13538G	1	5	-1	1	3	-1	9	2008	6
NS13540S	1	1	1	-1	-1	-1	9	2011	1
NS13540S	2	5	-1	1	3	-1	9	2008	6
NS13541T	1	1	2	-1	-1	-1	9	2012	2
NS13541T	2	9	-1	-1	-1	-1	6	2010	13
NS13541T	3	1	1	-1	-1	-1	4	2007	1
NS13541T	4	1	2	-1	-1	-1	6	2006	2
NS13543W	1	2	1	-1	-1	-1	4	2016	3
NS13543W	2	1	1	-1	-1	-1	10	2012	1
NS13543W	3	1	1	-1	-1	-1	9	2006	1
NS13545Y	1	1	1	-1	-1	-1	11	2008	1
NS13545Y	2	1	1	-1	-1	-1	7	2006	1
NS13549C	1	1	1	-1	-1	-1	6	2013	1
NS13549C	2	5	-1	1	3	-1	9	2012	6
NS13549C	3	2	1	-1	-1	-1	6	2011	3
NS13549C	4	5	-1	1	3	-1	9	2008	6
NS13551N	1	1	1	-1	-1	-1	3	2009	1
NS13556T	1	5	-1	1	3	-1	1	2009	6
NS13558W	1	9	-1	-1	-1	-1	1	2010	13
NS13558W	2	1	1	-1	-1	-1	7	2008	1
NS13559X	1	7	-1	-1	-1	-1	5	2011	8
NS13559X	2	4	-1	-1	-1	-1	5	2010	5
NS13560G	1	4	-1	-1	-1	-1	5	2014	5
NS13560G	2	1	2	-1	-1	-1	1	2011	2
NS13560G	3	1	1	-1	-1	-1	7	2006	1
NS13561H	1	2	1	-1	-1	-1	4	2013	3
NS13561H	2	1	2	-1	-1	-1	5	2010	2
NS13563K	1	1	2	-1	-1	-1	11	2012	2
NS13563K	2	1	2	-1	-1	-1	11	2012	2
NS13563K	3	1	2	-1	-1	-1	-8	-8	2
NS13571C	1	1	1	-1	-1	-1	3	2015	1
NS13571C	2	4	-1	-1	-1	-1	12	2012	5
NS13571C	3	1	1	-1	-1	-1	11	2008	1
NS13572D	1	1	1	-1	-1	-1	12	2012	1
NS13572D	2	5	-1	1	3	-1	9	2008	6
NS13574F	1	1	1	-1	-1	-1	4	2015	1
NS13574F	2	1	1	-1	-1	-1	8	2014	1
NS13574F	3	5	-1	1	3	-1	10	2009	6
NS13577J	1	1	1	-1	-1	-1	11	2011	1
NS13577J	2	5	-1	1	3	-1	10	2008	6
NS13579L	1	1	1	-1	-1	-1	5	2011	1
NS13579L	2	4	-1	-1	-1	-1	5	2010	5
NS13581X	1	1	1	-1	-1	-1	10	2014	1
NS13581X	2	1	1	-1	-1	-1	12	2012	1
NS13581X	3	1	1	-1	-1	-1	4	2010	1
NS13581X	4	5	-1	1	3	-1	9	2009	6
NS13581X	5	5	-1	1	2	-1	9	2006	6
NS13584A	1	5	-1	1	3	-1	9	2012	6
NS13584A	2	1	2	-1	-1	-1	10	2007	2
NS13585B	1	1	2	-1	-1	-1	10	2006	2
NS13588E	1	1	1	-1	-1	-1	12	2006	1
NS13591R	1	9	-1	-1	-1	-1	1	2013	13
NS13591R	2	1	1	-1	-1	-1	7	2008	1
NS13591R	3	5	-1	1	2	-1	9	2005	6
NS13596X	1	1	1	-1	-1	-1	1	2010	1
NS13599A	1	1	1	-1	-1	-1	7	2011	1
NS13599A	2	5	-1	1	3	-1	9	2008	6
NS13605X	1	5	-1	1	3	-1	9	2011	6
NS13605X	2	5	-1	1	2	-1	9	2008	6
NS13607Z	1	5	-1	1	3	-1	9	2014	6
NS13607Z	2	3	1	-1	-1	-1	10	2013	11
NS13607Z	3	9	-1	-1	-1	-1	7	2012	13
NS13607Z	4	5	-1	1	3	-1	9	2009	6
NS13608A	1	10	-1	-1	-1	-1	8	2015	14
NS13608A	2	1	2	-1	-1	-1	9	2014	2
NS13608A	3	4	-1	-1	-1	-1	6	2014	5
NS13608A	4	5	-1	1	3	-1	9	2009	6
NS13608A	5	5	-1	2	2	-1	9	2008	7
NS13615R	1	5	-1	1	1	-1	9	1997	6
NS13620F	1	1	1	-1	-1	-1	1	2013	1
NS13620F	2	1	1	-1	-1	-1	9	2012	1
NS13620F	3	5	-1	1	3	-1	9	2008	6
NS13622H	1	1	1	-1	-1	-1	8	2012	1
NS13622H	2	5	-1	1	3	-1	9	2009	6
NS13625L	1	1	1	-1	-1	-1	12	2015	1
NS13625L	2	1	1	-1	-1	-1	9	2015	1
NS13625L	3	1	1	-1	-1	-1	4	2015	1
NS13625L	4	1	1	-1	-1	-1	1	2015	1
NS13625L	5	1	1	-1	-1	-1	1	2013	1
NS13625L	6	1	1	-1	-1	-1	10	2012	1
NS13625L	7	1	2	-1	-1	-1	3	2012	2
NS13625L	8	1	1	-1	-1	-1	5	2011	1
NS13625L	9	1	1	-1	-1	-1	1	2011	1
NS13625L	10	10	-1	-1	-1	-1	12	2010	14
NS13625L	11	1	1	-1	-1	-1	8	2010	1
NS13625L	12	1	1	-1	-1	-1	9	2009	1
NS13627N	1	1	1	-1	-1	-1	7	2013	1
NS13627N	2	5	-1	1	3	-1	9	2008	6
NS13627N	3	5	-1	1	2	-1	9	2006	6
NS13628P	1	1	1	-1	-1	-1	9	2013	1
NS13628P	2	4	-1	-1	-1	-1	3	2013	5
NS13628P	3	1	1	-1	-1	-1	9	2012	1
NS13628P	4	5	-1	1	3	-1	9	2009	6
NS13631B	1	1	1	-1	-1	-1	7	2013	1
NS13631B	2	5	-1	1	3	-1	9	2008	6
NS13634E	1	1	1	-1	-1	-1	9	2013	1
NS13634E	2	1	1	-1	-1	-1	3	2007	1
NS13637H	1	4	-1	-1	-1	-1	8	2011	5
NS13637H	2	5	-1	1	3	-1	9	2008	6
NS13640V	1	5	-1	1	3	-1	9	2008	6
NS13642X	1	4	-1	-1	-1	-1	1	2013	5
NS13642X	2	2	1	-1	-1	-1	10	2012	3
NS13642X	3	4	-1	-1	-1	-1	7	2012	5
NS13642X	4	5	-1	1	3	-1	9	2009	6
NS13644Z	1	1	1	-1	-1	-1	6	2011	1
NS13644Z	2	6	1	-1	-1	-1	7	2006	12
NS13657X	1	4	-1	-1	-1	-1	7	2012	5
NS13657X	2	5	-1	1	3	-1	9	2008	6
NS13659Z	1	1	1	-1	-1	-1	1	2012	1
NS13659Z	2	1	2	-1	-1	-1	10	2011	2
NS13659Z	3	5	-1	1	3	-1	9	2008	6
NS13661K	1	1	1	-1	-1	-1	-8	-8	1
NS13665P	1	1	2	-1	-1	-1	11	2010	2
NS13665P	2	6	2	-1	-1	-1	9	2008	12
NS13671E	1	1	2	-1	-1	-1	9	2006	2
NS13672F	1	1	1	-1	-1	-1	9	2011	1
NS13672F	2	1	2	-1	-1	-1	2	2011	2
NS13672F	3	4	-1	-1	-1	-1	12	2009	5
NS13673G	1	5	-1	1	2	-1	9	2006	6
NS13674H	1	1	1	-1	-1	-1	10	2014	1
NS13674H	2	3	2	-1	-1	-1	6	2014	11
NS13674H	3	1	2	-1	-1	-1	10	2013	2
NS13674H	4	4	-1	-1	-1	-1	1	2013	5
NS13674H	5	1	2	-1	-1	-1	10	2012	2
NS13674H	6	5	-1	1	3	-1	10	2008	6
NS13675J	1	1	1	-1	-1	-1	9	2013	1
NS13675J	2	5	-1	1	3	-1	9	2010	6
NS13675J	3	10	-1	-1	-1	-1	6	2008	14
NS13678M	1	5	-1	1	2	-1	-9	-9	6
NS13679N	1	5	-1	1	3	-1	9	2011	6
NS13679N	2	5	-1	1	2	-1	9	2009	6
NS13681Z	1	1	2	-1	-1	-1	11	2011	2
NS13681Z	2	1	1	-1	-1	-1	8	2011	1
NS13681Z	3	5	-1	1	3	-1	9	2008	6
NS13683B	1	1	1	-1	-1	-1	7	2013	1
NS13683B	2	1	1	-1	-1	-1	9	2012	1
NS13683B	3	5	-1	1	3	-1	9	2009	6
NS13686E	1	4	-1	-1	-1	-1	8	2009	5
NS13692V	1	1	2	-1	-1	-1	7	2013	2
NS13692V	2	5	-1	1	3	-1	9	2009	6
NS13692V	3	5	-1	1	2	-1	9	2008	6
NS13692V	4	5	-1	1	2	-1	9	2006	6
NS13698B	1	4	-1	-1	-1	-1	8	2014	5
NS13698B	2	10	-1	-1	-1	-1	5	2012	14
NS13698B	3	5	-1	1	3	-1	8	2008	6
NS13698B	4	5	-1	1	2	-1	8	2006	6
NS13699C	1	1	1	-1	-1	-1	3	2013	1
NS13699C	2	5	-1	1	3	-1	9	2009	6
NS13700T	1	4	-1	-1	-1	-1	8	2013	5
NS13700T	2	1	1	-1	-1	-1	6	2013	1
NS13700T	3	5	-1	1	3	-1	9	2011	6
NS13700T	4	8	-1	-1	-1	2	6	2010	10
NS13700T	5	5	-1	1	3	-1	9	2008	6
NS13701V	1	5	-1	1	3	-1	9	2009	6
NS13703X	1	5	-1	1	3	-1	9	2007	6
NS13704Y	1	9	-1	-1	-1	-1	8	2013	13
NS13704Y	2	5	-1	1	3	-1	8	2012	6
NS13704Y	3	10	-1	-1	-1	-1	8	2012	14
NS13704Y	4	3	2	-1	-1	-1	4	2012	11
NS13704Y	5	10	-1	-1	-1	-1	-9	-9	14
NS13709D	1	1	1	-1	-1	-1	8	2013	1
NS13709D	2	4	-1	-1	-1	-1	7	2011	5
NS13709D	3	5	-1	1	3	-1	9	2008	6
NS13709D	4	5	-1	1	1	-1	9	2001	6
NS13711P	1	1	1	-1	-1	-1	8	2010	1
NS13711P	2	5	-1	1	3	-1	9	2009	6
NS13712Q	1	1	2	-1	-1	-1	1	2012	2
NS13712Q	2	4	-1	-1	-1	-1	9	2011	5
NS13712Q	3	10	-1	-1	-1	-1	7	2011	14
NS13712Q	4	5	-1	1	3	-1	9	2008	6
NS13715T	1	1	1	-1	-1	-1	8	2014	1
NS13715T	2	1	1	-1	-1	-1	7	2010	1
NS13716V	1	5	-1	1	3	-1	9	2008	6
NS13722K	1	5	-1	1	2	-1	9	2006	6
NS13723L	1	1	1	-1	-1	-1	5	2008	1
NS13728R	1	5	-1	1	3	-1	9	2008	6
NS13733F	1	1	1	-1	-1	-1	5	2012	1
NS13733F	2	3	2	-1	-1	-1	9	2011	11
NS13733F	3	5	-1	1	3	-1	9	2008	6
NS13736J	1	1	1	-1	-1	-1	1	2014	1
NS13736J	2	1	1	-1	-1	-1	4	2013	1
NS13736J	3	5	-1	1	3	-1	9	2009	6
NS13741Y	1	1	1	-1	-1	-1	4	2013	1
NS13741Y	2	1	1	-1	-1	-1	7	2010	1
NS13741Y	3	5	-1	1	2	-1	-8	-8	6
NS13744B	1	1	1	-1	-1	-1	9	2011	1
NS13744B	2	5	-1	1	3	-1	9	2008	6
NS13745C	1	1	2	-1	-1	-1	9	2011	2
NS13745C	2	5	-1	1	3	-1	9	2008	6
NS13746D	1	1	2	-1	-1	-1	10	2006	2
NS13749G	1	9	-1	-1	-1	-1	10	2008	13
NS13753V	1	4	-1	-1	-1	-1	2	2009	5
NS13753V	2	1	2	-1	-1	-1	6	2004	2
NS13754W	1	1	1	-1	-1	-1	4	2011	1
NS13754W	2	1	1	-1	-1	-1	1	2010	1
NS13754W	3	1	1	-1	-1	-1	1	2009	1
NS13755X	1	1	2	-1	-1	-1	9	2012	2
NS13755X	2	6	1	-1	-1	-1	7	2012	12
NS13755X	3	5	-1	1	3	-1	9	2008	6
NS13757Z	1	5	-1	1	3	-1	9	2014	6
NS13757Z	2	1	1	-1	-1	-1	8	2013	1
NS13757Z	3	1	1	-1	-1	-1	6	2013	1
NS13757Z	4	3	1	-1	-1	-1	1	2013	11
NS13757Z	5	1	1	-1	-1	-1	10	2012	1
NS13757Z	6	4	-1	-1	-1	-1	8	2012	5
NS13757Z	7	5	-1	1	3	-1	9	2008	6
NS13759B	1	1	1	-1	-1	-1	9	2012	1
NS13759B	2	5	-1	1	3	-1	9	2009	6
NS13761M	1	5	-1	1	3	-1	9	2008	6
NS13762N	1	3	2	-1	-1	-1	9	2010	11
NS13762N	2	5	-1	1	2	-1	9	2006	6
NS13763P	1	1	1	-1	-1	-1	11	2013	1
NS13763P	2	1	1	-1	-1	-1	11	2012	1
NS13763P	3	5	-1	1	3	-1	9	2009	6
NS13763P	4	1	2	-1	-1	-1	2	2009	2
NS13763P	5	1	1	-1	-1	-1	10	2008	1
NS13763P	6	5	-1	1	1	-1	9	2001	6
NS13768V	1	1	1	-1	-1	-1	3	2007	1
NS13768V	2	5	-1	1	1	-1	9	2006	6
NS13770F	1	5	-1	1	3	-1	8	2007	6
NS13771G	1	1	2	-1	-1	-1	8	2007	2
NS13777N	1	5	-1	1	3	-1	7	2010	6
NS13777N	2	5	-1	1	2	-1	7	2006	6
NS13781B	1	5	-1	1	3	-1	9	2008	6
NS13783D	1	1	2	-1	-1	-1	3	2010	2
NS13783D	2	1	1	-1	-1	-1	2	2007	1
NS13788J	1	1	1	-1	-1	-1	9	2014	1
NS13788J	2	1	2	-1	-1	-1	5	2014	2
NS13788J	3	1	1	-1	-1	-1	2	2014	1
NS13788J	4	4	-1	-1	-1	-1	9	2013	5
NS13788J	5	1	1	-1	-1	-1	6	2012	1
NS13788J	6	5	-1	1	3	-1	9	2008	6
NS13789K	1	1	2	-1	-1	-1	5	2010	2
NS13789K	2	1	2	-1	-1	-1	6	2007	2
NS13790V	1	10	-1	-1	-1	-1	5	2014	14
NS13790V	2	1	1	-1	-1	-1	12	2012	1
NS13790V	3	3	1	-1	-1	-1	8	2012	11
NS13790V	4	4	-1	-1	-1	-1	5	2012	5
NS13790V	5	5	-1	1	3	-1	9	2009	6
NS13790V	6	3	2	-1	-1	-1	1	2009	11
NS13790V	7	1	2	-1	-1	-1	8	2008	2
NS13790V	8	5	-1	1	1	-1	9	1994	6
NS13795A	1	5	-1	1	3	-1	9	2014	6
NS13795A	2	1	1	-1	-1	-1	7	2012	1
NS13795A	3	5	-1	1	3	-1	9	2009	6
NS13798D	1	5	-1	1	3	-1	9	2009	6
NS13802Y	1	1	1	-1	-1	-1	9	2009	1
NS13803Z	1	1	1	-1	-1	-1	11	2012	1
NS13803Z	2	1	1	-1	-1	-1	8	2011	1
NS13803Z	3	5	-1	1	3	-1	9	2008	6
NS13804A	1	4	-1	-1	-1	-1	4	2014	5
NS13804A	2	1	1	-1	-1	-1	5	2011	1
NS13804A	3	5	-1	1	1	-1	9	2007	6
NS13806C	1	5	-1	1	3	-1	9	2009	6
NS13807D	1	1	1	-1	-1	-1	9	2012	1
NS13807D	2	9	-1	-1	-1	-1	12	2009	13
NS13807D	3	1	2	-1	-1	-1	10	2007	2
NS13807D	4	4	-1	-1	-1	-1	6	2006	5
NS13808E	1	4	-1	-1	-1	-1	2	2009	5
NS13808E	2	5	-1	1	1	-1	9	2001	6
NS13811R	1	5	-1	1	3	-1	9	2008	6
NS13812S	1	1	1	-1	-1	-1	9	2013	1
NS13812S	2	4	-1	-1	-1	-1	9	2010	5
NS13813T	1	5	-1	1	3	-1	9	2009	6
NS13815W	1	1	1	-1	-1	-1	2	2011	1
NS13815W	2	9	-1	-1	-1	-1	12	2009	13
NS13816X	1	1	1	-1	-1	-1	4	2012	1
NS13816X	2	4	-1	-1	-1	-1	9	2011	5
NS13816X	3	5	-1	1	3	-1	9	2008	6
NS13818Z	1	1	1	-1	-1	-1	1	2014	1
NS13818Z	2	1	1	-1	-1	-1	1	2013	1
NS13818Z	3	4	-1	-1	-1	-1	1	2010	5
NS13823N	1	1	1	-1	-1	-1	4	2013	1
NS13823N	2	4	-1	-1	-1	-1	-8	-8	5
NS13824P	1	5	-1	1	3	-1	9	2008	6
NS13824P	2	5	-1	1	2	-1	9	2006	6
NS13825Q	1	1	1	-1	-1	-1	3	2016	1
NS13825Q	2	1	1	-1	-1	-1	10	2015	1
NS13825Q	3	5	-1	1	3	-1	9	2010	6
NS13825Q	4	5	-1	1	2	-1	9	2006	6
NS13827S	1	1	2	-1	-1	-1	8	2012	2
NS13827S	2	5	-1	1	3	-1	9	2009	6
NS13828T	1	1	1	-1	-1	-1	3	2009	1
NS13830E	1	5	-1	1	3	-1	9	2008	6
NS13833H	1	1	1	-1	-1	-1	1	2014	1
NS13833H	2	1	1	-1	-1	-1	1	2014	1
NS13833H	3	4	-1	-1	-1	-1	10	2013	5
NS13833H	4	1	2	-1	-1	-1	8	2012	2
NS13833H	5	5	-1	1	3	-1	10	2010	6
NS13833H	6	5	-1	1	2	-1	9	2007	6
NS13834J	1	1	1	-1	-1	-1	3	2015	1
NS13834J	2	8	-1	-1	-1	2	3	2002	10
NS13835K	1	5	-1	1	3	-1	10	2008	6
NS13838N	1	4	-1	-1	-1	-1	2	2013	5
NS13838N	2	1	1	-1	-1	-1	10	2012	1
NS13838N	3	1	1	-1	-1	-1	10	2011	1
NS13838N	4	1	1	-1	-1	-1	2	2011	1
NS13838N	5	1	1	-1	-1	-1	7	2010	1
NS13839P	1	1	1	-1	-1	-1	3	2012	1
NS13839P	2	1	1	-1	-1	-1	9	2008	1
NS13840Z	1	4	-1	-1	-1	-1	9	2014	5
NS13840Z	2	5	-1	1	3	-1	9	2013	6
NS13840Z	3	1	1	-1	-1	-1	11	2012	1
NS13840Z	4	4	-1	-1	-1	-1	7	2012	5
NS13840Z	5	1	1	-1	-1	-1	2	2012	1
NS13840Z	6	4	-1	-1	-1	-1	12	2011	5
NS13840Z	7	1	1	-1	-1	-1	9	2011	1
NS13840Z	8	5	-1	1	3	-1	9	2001	6
NS13842B	1	5	-1	1	3	-1	1	2014	6
NS13842B	2	10	-1	-1	-1	-1	6	2013	14
NS13842B	3	5	-1	1	3	-1	9	2012	6
NS13842B	4	1	1	-1	-1	-1	7	2012	1
NS13842B	5	5	-1	1	3	-1	10	2009	6
NS13843C	1	10	-1	-1	-1	-1	7	2012	14
NS13843C	2	5	-1	1	3	-1	10	2008	6
NS13847G	1	1	2	-1	-1	-1	4	2007	2
NS13849J	1	1	1	-1	-1	-1	5	2009	1
NS13849J	2	1	1	-1	-1	-1	6	2008	1
NS13853X	1	5	-1	1	3	-1	9	2009	6
NS13853X	2	9	-1	-1	-1	-1	1	2006	13
NS13854Y	1	3	1	-1	-1	-1	8	2011	11
NS13854Y	2	5	-1	1	3	-1	9	2008	6
NS13859D	1	5	-1	1	3	-1	10	2011	6
NS13859D	2	4	-1	-1	-1	-1	6	2010	5
NS13860N	1	4	-1	-1	-1	-1	4	2013	5
NS13860N	2	5	-1	1	3	-1	9	2010	6
NS13860N	3	5	-1	1	2	-1	9	2007	6
NS13861P	1	1	1	-1	-1	-1	12	2014	1
NS13861P	2	1	1	-1	-1	-1	7	2014	1
NS13861P	3	1	1	-1	-1	-1	10	2013	1
NS13861P	4	1	1	-1	-1	-1	6	2012	1
NS13861P	5	1	1	-1	-1	-1	2	2011	1
NS13861P	6	5	-1	1	3	-1	10	2008	6
NS13861P	7	5	-1	1	2	-1	9	2006	6
NS13862Q	1	1	1	-1	-1	-1	4	2010	1
NS13863R	1	1	1	-1	-1	-1	2	2011	1
NS13863R	2	4	-1	-1	-1	-1	6	2010	5
NS13864S	1	1	1	-1	-1	-1	8	2014	1
NS13864S	2	5	-1	1	3	-1	9	2012	6
NS13864S	3	1	1	-1	-1	-1	9	2011	1
NS13864S	4	5	-1	1	3	-1	9	2008	6
NS13867W	1	1	1	-1	-1	-1	9	2010	1
NS13871J	1	1	2	-1	-1	-1	1	2014	2
NS13871J	2	1	1	-1	-1	-1	8	2012	1
NS13871J	3	5	-1	1	3	-1	9	2009	6
NS13874M	1	1	2	-1	-1	-1	7	2006	2
NS13875N	1	1	2	-1	-1	-1	9	2013	2
NS13875N	2	1	1	-1	-1	-1	2	2012	1
NS13875N	3	1	2	-1	-1	-1	8	2011	2
NS13875N	4	5	-1	1	3	-1	10	2008	6
NS13877Q	1	5	-1	1	3	-1	9	2010	6
NS13877Q	2	5	-1	1	2	-1	9	2009	6
NS13877Q	3	5	-1	1	1	-1	9	2006	6
NS13880C	1	6	1	-1	-1	-1	10	2009	12
NS13880C	2	5	-1	1	2	-1	9	2007	6
NS13881D	1	5	-1	1	3	-1	9	2010	6
NS13881D	2	5	-1	1	3	-1	9	2009	6
NS13883F	1	5	-1	1	3	-1	10	2013	6
NS13883F	2	1	1	-1	-1	-1	-8	2011	1
NS13883F	3	5	-1	1	3	-1	9	2009	6
NS13883F	4	5	-1	1	2	-1	9	2006	6
NS13884G	1	1	1	-1	-1	-1	10	2013	1
NS13884G	2	1	1	-1	-1	-1	3	2013	1
NS13884G	3	1	1	-1	-1	-1	12	2011	1
NS13884G	4	5	-1	1	3	-1	10	2008	6
NS13890X	1	1	1	-1	-1	-1	-8	2012	1
NS13890X	2	1	1	-1	-1	-1	-8	2012	1
NS13890X	3	1	1	-1	-1	-1	9	2006	1
NS13894B	1	2	1	-1	-1	-1	10	2013	3
NS13894B	2	3	2	-1	-1	-1	1	2013	11
NS13894B	3	4	-1	-1	-1	-1	8	2012	5
NS13894B	4	5	-1	1	3	-1	9	2009	6
NS13895C	1	1	1	-1	-1	-1	9	2013	1
NS13895C	2	4	-1	-1	-1	-1	8	2012	5
NS13895C	3	1	2	-1	-1	-1	3	2008	2
NS13896D	1	1	1	-1	-1	-1	9	2010	1
NS13896D	2	1	1	-1	-1	-1	4	2010	1
NS13896D	3	4	-1	-1	-1	-1	10	2009	5
NS13896D	4	1	1	-1	-1	-1	4	2009	1
NS13896D	5	4	-1	-1	-1	-1	7	2008	5
NS13896D	6	5	-1	1	1	-1	9	1994	6
NS13898F	1	1	1	-1	-1	-1	9	2012	1
NS13898F	2	1	2	-1	-1	-1	8	2008	2
NS13901Z	1	1	1	-1	-1	-1	1	2011	1
NS13901Z	2	1	1	-1	-1	-1	4	2009	1
NS13902A	1	1	1	-1	-1	-1	3	2011	1
NS13902A	2	1	1	-1	-1	-1	9	2010	1
NS13902A	3	1	2	-1	-1	-1	8	2008	2
NS13903B	1	4	-1	-1	-1	-1	1	2009	5
NS13905D	1	1	2	-1	-1	-1	9	2010	2
NS13905D	2	5	-1	1	3	-1	9	2008	6
NS13907F	1	4	-1	-1	-1	-1	6	2011	5
NS13907F	2	1	1	-1	-1	-1	4	2011	1
NS13907F	3	1	1	-1	-1	-1	9	2006	1
NS13908G	1	5	-1	1	3	-1	9	2010	6
NS13908G	2	1	2	-1	-1	-1	8	2008	2
NS13909H	1	1	1	-1	-1	-1	9	2015	1
NS13909H	2	1	1	-1	-1	-1	5	2014	1
NS13909H	3	5	-1	1	3	-1	9	2010	6
NS13909H	4	3	1	-1	-1	-1	5	2010	11
NS13915Y	1	5	-1	1	3	-1	9	2008	6
NS13917A	1	2	1	-1	-1	-1	5	2012	3
NS13917A	2	5	-1	1	3	-1	9	2008	6
NS13918B	1	5	-1	1	3	-1	9	2009	6
NS13918B	2	5	-1	1	2	-1	9	2006	6
NS13919C	1	1	1	-1	-1	-1	6	2014	1
NS13919C	2	1	1	-1	-1	-1	6	2012	1
NS13919C	3	1	1	-1	-1	-1	5	2011	1
NS13919C	4	6	1	-1	-1	-1	6	2010	12
NS13919C	5	5	-1	1	2	-1	9	2006	6
NS13926T	1	1	1	-1	-1	-1	11	2006	1
NS13926T	2	3	2	-1	-1	-1	7	2005	11
NS13927V	1	1	2	-1	-1	-1	9	2013	2
NS13927V	2	1	1	-1	-1	-1	9	2012	1
NS13927V	3	5	-1	1	3	-1	9	2009	6
NS13927V	4	5	-1	1	2	-1	9	2006	6
NS13928W	1	1	2	-1	-1	-1	9	2015	2
NS13928W	2	10	-1	-1	-1	-1	7	2014	14
NS13928W	3	1	1	-1	-1	-1	4	2010	1
NS13929X	1	1	1	-1	-1	-1	5	2012	1
NS13929X	2	1	1	-1	-1	-1	3	2010	1
NS13930G	1	1	2	-1	-1	-1	9	2012	2
NS13930G	2	5	-1	1	3	-1	9	2008	6
NS13931H	1	1	1	-1	-1	-1	9	2010	1
NS13931H	2	1	1	-1	-1	-1	7	2006	1
NS13932J	1	2	2	-1	-1	-1	7	2012	4
NS13932J	2	5	-1	1	3	-1	9	2008	6
NS13933K	1	1	1	-1	-1	-1	6	2015	1
NS13933K	2	3	2	-1	-1	-1	10	2014	11
NS13933K	3	2	1	-1	-1	-1	6	2014	3
NS13933K	4	1	2	-1	-1	-1	7	2006	2
NS13938Q	1	5	-1	1	2	-1	8	2006	6
NS13941C	1	5	-1	1	3	-1	9	2008	6
NS13942D	1	5	-1	1	3	-1	9	2008	6
NS13943E	1	5	-1	1	2	-1	9	2013	6
NS13943E	2	9	-1	-1	-1	-1	3	2011	13
NS13943E	3	1	1	-1	-1	-1	-8	2007	1
NS13943E	4	5	-1	2	2	-1	-8	2006	7
NS13945G	1	1	2	-1	-1	-1	7	2011	2
NS13945G	2	5	-1	1	3	-1	9	2008	6
NS13947J	1	2	2	-1	-1	-1	1	2012	4
NS13947J	2	1	1	-1	-1	-1	8	2009	1
NS13949L	1	5	-1	1	3	-1	5	2009	6
NS13952Y	1	1	1	-1	-1	-1	7	2010	1
NS13952Y	2	1	1	-1	-1	-1	5	2008	1
NS13955B	1	4	-1	-1	-1	-1	-8	-8	5
NS13956C	1	1	1	-1	-1	-1	4	2008	1
NS13956C	2	1	1	-1	-1	-1	10	2007	1
NS13956C	3	5	-1	1	2	-1	8	2006	6
NS13965W	1	1	1	-1	-1	-1	8	2012	1
NS13965W	2	1	1	-1	-1	-1	10	2008	1
NS13966X	1	9	-1	-1	-1	-1	1	2010	13
NS13966X	2	4	-1	-1	-1	-1	1	2006	5
NS13969A	1	1	1	-1	-1	-1	6	2011	1
NS13969A	2	5	-1	1	3	-1	9	2008	6
NS13970K	1	5	-1	1	3	-1	9	2008	6
NS13970K	2	5	-1	1	1	-1	9	2006	6
NS13972M	1	5	-1	1	3	-1	9	2008	6
NS13973N	1	8	-1	-1	-1	2	10	2012	10
NS13973N	2	1	2	-1	-1	-1	7	2012	2
NS13973N	3	4	-1	-1	-1	-1	2	2007	5
NS13973N	4	1	2	-1	-1	-1	7	2006	2
NS13975Q	1	1	1	-1	-1	-1	5	2011	1
NS13975Q	2	1	1	-1	-1	-1	1	2010	1
NS13975Q	3	2	1	-1	-1	-1	9	2009	3
NS13975Q	4	1	1	-1	-1	-1	9	2006	1
NS13976R	1	1	2	-1	-1	-1	4	2014	2
NS13976R	2	4	-1	-1	-1	-1	4	2014	5
NS13976R	3	9	-1	-1	-1	-1	10	2013	13
NS13976R	4	4	-1	-1	-1	-1	10	2013	5
NS13976R	5	10	-1	-1	-1	-1	-8	-8	14
NS13977S	1	1	1	-1	-1	-1	9	2014	1
NS13977S	2	5	-1	1	3	-1	9	2008	6
NS13979V	1	1	1	-1	-1	-1	8	2011	1
NS13979V	2	1	2	-1	-1	-1	8	2008	2
NS13980E	1	4	-1	-1	-1	-1	5	2013	5
NS13980E	2	1	1	-1	-1	-1	1	2013	1
NS13980E	3	4	-1	-1	-1	-1	8	2012	5
NS13980E	4	5	-1	1	3	-1	9	2010	6
NS13980E	5	4	-1	-1	-1	-1	8	2009	5
NS13982G	1	1	2	-1	-1	-1	6	2013	2
NS13982G	2	5	-1	1	3	-1	10	2010	6
NS13982G	3	1	1	-1	-1	-1	9	2009	1
NS13983H	1	3	2	-1	-1	-1	10	2011	11
NS13983H	2	5	-1	1	3	-1	9	2009	6
NS13984J	1	5	-1	1	3	-1	9	2012	6
NS13984J	2	1	1	-1	-1	-1	7	2010	1
NS13988N	1	5	-1	2	4	-1	9	2006	7
NS13990Z	1	5	-1	1	3	-1	9	2012	6
NS13990Z	2	1	1	-1	-1	-1	5	2012	1
NS13990Z	3	1	1	-1	-1	-1	4	2009	1
NS13991A	1	1	1	-1	-1	-1	7	2012	1
NS13991A	2	5	-1	1	3	-1	9	2009	6
NS13992B	1	5	-1	1	3	-1	9	2014	6
NS13992B	2	1	1	-1	-1	-1	2	2014	1
NS13992B	3	1	1	-1	-1	-1	4	2012	1
NS13992B	4	1	1	-1	-1	-1	6	2011	1
NS13992B	5	1	1	-1	-1	-1	3	2010	1
NS13992B	6	1	1	-1	-1	-1	2	2009	1
NS13992B	7	5	-1	1	2	-1	9	2006	6
NS13994D	1	1	2	-1	-1	-1	11	2012	2
NS13994D	2	5	-1	1	3	-1	10	2008	6
NS13997G	1	1	1	-1	-1	-1	10	2008	1
NS13997G	2	1	1	-1	-1	-1	4	2007	1
NS13999J	1	1	1	-1	-1	-1	7	2012	1
NS13999J	2	5	-1	1	3	-1	9	2009	6
NS14003C	1	1	1	-1	-1	-1	7	2015	1
NS14003C	2	4	-1	-1	-1	-1	1	2015	5
NS14003C	3	1	1	-1	-1	-1	6	2014	1
NS14003C	4	4	-1	-1	-1	-1	1	2014	5
NS14003C	5	4	-1	-1	-1	-1	2	2013	5
NS14003C	6	1	1	-1	-1	-1	1	2011	1
NS14003C	7	4	-1	-1	-1	-1	2	2009	5
NS14004D	1	1	1	-1	-1	-1	7	2006	1
NS14005E	1	1	1	-1	-1	-1	12	2013	1
NS14005E	2	1	1	-1	-1	-1	9	2012	1
NS14005E	3	1	2	-1	-1	-1	10	2010	2
NS14005E	4	5	-1	1	3	-1	10	2009	6
NS14008H	1	5	-1	1	3	-1	9	2008	6
NS14010T	1	1	1	-1	-1	-1	9	2014	1
NS14010T	2	1	1	-1	-1	-1	4	2014	1
NS14010T	3	1	1	-1	-1	-1	9	2012	1
NS14010T	4	1	2	-1	-1	-1	6	2012	2
NS14010T	5	5	-1	1	3	-1	9	2008	6
NS14011V	1	1	1	-1	-1	-1	10	2011	1
NS14011V	2	5	-1	1	3	-1	9	2008	6
NS14012W	1	5	-1	1	3	-1	9	2010	6
NS14012W	2	5	-1	1	2	-1	9	2006	6
NS14017B	1	1	1	-1	-1	-1	9	2012	1
NS14017B	2	1	1	-1	-1	-1	5	2012	1
NS14017B	3	5	-1	1	3	-1	9	2009	6
NS14024S	1	5	-1	1	3	-1	3	2009	6
NS14025T	1	1	1	-1	-1	-1	5	2010	1
NS14028X	1	1	1	-1	-1	-1	-8	2006	1
NS14029Y	1	8	-1	-1	-1	2	1	2007	10
NS14032K	1	5	-1	1	3	-1	9	2011	6
NS14032K	2	5	-1	1	2	-1	9	2009	6
NS14032K	3	5	-1	1	1	-1	9	2001	6
NS14033L	1	5	-1	1	3	-1	9	2008	6
NS14036P	1	5	-1	1	2	-1	8	2014	6
NS14036P	2	9	-1	-1	-1	-1	-8	-8	13
NS14037Q	1	1	1	-1	-1	-1	5	2011	1
NS14037Q	2	4	-1	-1	-1	-1	10	2010	5
NS14037Q	3	5	-1	1	3	-1	8	2009	6
NS14038R	1	1	1	-1	-1	-1	3	2015	1
NS14038R	2	1	1	-1	-1	-1	4	2014	1
NS14038R	3	4	-1	-1	-1	-1	1	2014	5
NS14038R	4	1	1	-1	-1	-1	6	2013	1
NS14038R	5	5	-1	1	3	-1	9	2010	6
NS14038R	6	5	-1	1	2	-1	9	2007	6
NS14039S	1	1	1	-1	-1	-1	3	2014	1
NS14039S	2	1	1	-1	-1	-1	9	2013	1
NS14039S	3	4	-1	-1	-1	-1	7	2013	5
NS14039S	4	1	2	-1	-1	-1	9	2012	2
NS14039S	5	1	2	-1	-1	-1	7	2012	2
NS14039S	6	10	-1	-1	-1	-1	6	2012	14
NS14039S	7	5	-1	1	3	-1	9	2008	6
NS14042E	1	1	1	-1	-1	-1	9	2012	1
NS14042E	2	5	-1	1	3	-1	9	2009	6
NS14044G	1	2	1	-1	-1	-1	9	2011	3
NS14044G	2	5	-1	1	3	-1	9	2008	6
NS14045H	1	5	-1	1	3	-1	9	2008	6
NS14050X	1	1	2	-1	-1	-1	8	2014	2
NS14050X	2	4	-1	-1	-1	-1	8	2006	5
NS14053A	1	1	2	-1	-1	-1	9	2012	2
NS14053A	2	5	-1	1	3	-1	9	2008	6
NS14056D	1	1	1	-1	-1	-1	10	2009	1
NS14056D	2	5	-1	1	2	-1	9	2006	6
NS14062T	1	10	-1	-1	-1	-1	9	2011	14
NS14062T	2	5	-1	1	3	-1	9	2008	6
NS14064W	1	9	-1	-1	-1	-1	6	2009	13
NS14064W	2	1	1	-1	-1	-1	7	2006	1
NS14069B	1	1	1	-1	-1	-1	6	2014	1
NS14069B	2	1	1	-1	-1	-1	4	2013	1
NS14069B	3	1	2	-1	-1	-1	1	2013	2
NS14069B	4	4	-1	-1	-1	-1	12	2012	5
NS14069B	5	1	2	-1	-1	-1	4	2006	2
NS14076S	1	5	-1	1	3	-1	9	2009	6
NS14077T	1	1	2	-1	-1	-1	5	2013	2
NS14077T	2	5	-1	1	3	-1	10	2010	6
NS14077T	3	10	-1	-1	-1	-1	8	2008	14
NS14080F	1	1	1	-1	-1	-1	8	2012	1
NS14080F	2	5	-1	1	3	-1	9	2008	6
NS14081G	1	1	1	-1	-1	-1	4	2014	1
NS14081G	2	1	1	-1	-1	-1	9	2011	1
NS14081G	3	1	1	-1	-1	-1	6	2011	1
NS14081G	4	5	-1	1	3	-1	9	2008	6
NS14082H	1	1	1	-1	-1	-1	6	2012	1
NS14082H	2	3	1	-1	-1	-1	1	2010	11
NS14082H	3	10	-1	-1	-1	-1	7	2008	14
NS14082H	4	10	-1	-1	-1	-1	1	2008	14
NS14082H	5	10	-1	-1	-1	-1	-9	2007	14
NS14083J	1	1	1	-1	-1	-1	1	2013	1
NS14083J	2	5	-1	1	3	-1	9	2008	6
NS14084K	1	1	1	-1	-1	-1	3	2006	1
NS14086M	1	1	1	-1	-1	-1	3	2011	1
NS14086M	2	5	-1	2	2	-1	9	2008	7
NS14089Q	1	5	-1	1	3	-1	9	2008	6
NS14090A	1	1	1	-1	-1	-1	7	2014	1
NS14090A	2	1	1	-1	-1	-1	3	2008	1
NS14094E	1	1	1	-1	-1	-1	9	2013	1
NS14094E	2	1	2	-1	-1	-1	9	2007	2
NS14096G	1	1	2	-1	-1	-1	10	2014	2
NS14096G	2	5	-1	2	3	-1	9	2013	7
NS14096G	3	1	2	-1	-1	-1	5	2013	2
NS14096G	4	3	2	-1	-1	-1	1	2013	11
NS14096G	5	4	-1	-1	-1	-1	9	2009	5
NS14096G	6	5	-1	1	2	-1	9	2006	6
NS14097H	1	1	1	-1	-1	-1	10	2012	1
NS14097H	2	6	1	-1	-1	-1	8	2008	12
NS14100B	1	4	-1	-1	-1	-1	7	2012	5
NS14100B	2	5	-1	1	3	-1	9	2009	6
NS14100B	3	5	-1	1	2	-1	9	2006	6
NS14102D	1	9	-1	-1	-1	-1	3	2014	13
NS14102D	2	1	1	-1	-1	-1	7	2013	1
NS14102D	3	1	1	-1	-1	-1	8	2010	1
NS14102D	4	1	2	-1	-1	-1	9	2009	2
NS14106H	1	1	1	-1	-1	-1	8	2015	1
NS14106H	2	4	-1	-1	-1	-1	4	2015	5
NS14106H	3	1	1	-1	-1	-1	11	2014	1
NS14106H	4	4	-1	-1	-1	-1	6	2014	5
NS14106H	5	2	1	-1	-1	-1	9	2011	3
NS14106H	6	6	1	-1	-1	-1	9	2007	12
NS14109L	1	3	2	-1	-1	-1	9	2014	11
NS14109L	2	1	1	-1	-1	-1	3	2013	1
NS14109L	3	3	2	-1	-1	-1	6	2011	11
NS14109L	4	5	-1	1	3	-1	9	2008	6
NS14110W	1	1	2	-1	-1	-1	10	2009	2
NS14113Z	1	5	-1	1	3	-1	8	2013	6
NS14113Z	2	1	1	-1	-1	-1	6	2011	1
NS14113Z	3	5	-1	1	3	-1	9	2008	6
NS14115B	1	1	1	-1	-1	-1	4	2012	1
NS14115B	2	1	1	-1	-1	-1	12	2009	1
NS14116C	1	1	1	-1	-1	-1	2	2015	1
NS14116C	2	4	-1	-1	-1	-1	-9	-9	5
NS14121R	1	5	-1	1	3	-1	9	2008	6
NS14126X	1	1	1	-1	-1	-1	7	2012	1
NS14126X	2	5	-1	1	3	-1	9	2008	6
NS14127Y	1	1	1	-1	-1	-1	2	2015	1
NS14127Y	2	1	2	-1	-1	-1	3	2012	2
NS14127Y	3	5	-1	1	3	-1	9	2011	6
NS14127Y	4	5	-1	1	2	-1	9	2010	6
NS14127Y	5	9	-1	-1	-1	-1	5	2009	13
NS14130K	1	1	1	-1	-1	-1	4	2014	1
NS14130K	2	1	1	-1	-1	-1	8	2013	1
NS14130K	3	5	-1	1	3	-1	9	2009	6
NS14132M	1	5	-1	1	4	-1	9	2012	6
NS14132M	2	5	-1	1	3	-1	9	2008	6
NS14134P	1	10	-1	-1	-1	-1	1	2012	14
NS14134P	2	2	2	-1	-1	-1	1	2010	4
NS14135Q	1	1	1	-1	-1	-1	3	2013	1
NS14135Q	2	1	1	-1	-1	-1	3	2012	1
NS14135Q	3	1	1	-1	-1	-1	4	2011	1
NS14135Q	4	1	1	-1	-1	-1	4	2010	1
NS14135Q	5	5	-1	1	3	-1	9	2008	6
NS14135Q	6	5	-1	1	2	-1	9	2006	6
NS14136R	1	1	1	-1	-1	-1	1	2014	1
NS14136R	2	1	1	-1	-1	-1	4	2013	1
NS14136R	3	1	1	-1	-1	-1	11	2012	1
NS14136R	4	5	-1	1	3	-1	-8	-8	6
NS14138T	1	1	1	-1	-1	-1	9	2012	1
NS14138T	2	1	1	-1	-1	-1	6	2011	1
NS14138T	3	5	-1	1	3	-1	9	2008	6
NS14140E	1	1	2	-1	-1	-1	2	2008	2
NS14143H	1	1	2	-1	-1	-1	6	2009	2
NS14145K	1	5	-1	1	3	-1	9	2010	6
NS14145K	2	5	-1	1	1	-1	9	2007	6
NS14146L	1	4	-1	-1	-1	-1	2	2012	5
NS14146L	2	1	2	-1	-1	-1	8	2011	2
NS14146L	3	4	-1	-1	-1	-1	12	2010	5
NS14146L	4	1	1	-1	-1	-1	4	2010	1
NS14153C	1	4	-1	-1	-1	-1	7	2013	5
NS14153C	2	7	-1	-1	-1	-1	4	2013	8
NS14153C	3	1	1	-1	-1	-1	10	2012	1
NS14153C	4	4	-1	-1	-1	-1	9	2012	5
NS14153C	5	1	1	-1	-1	-1	6	2012	1
NS14153C	6	1	2	-1	-1	-1	9	2011	2
NS14153C	7	1	1	-1	-1	-1	7	2011	1
NS14153C	8	1	2	-1	-1	-1	1	2011	2
NS14153C	9	5	-1	1	3	-1	10	2009	6
NS14153C	10	1	1	-1	-1	-1	7	2008	1
NS14153C	11	5	-1	1	2	-1	9	2006	6
NS14159J	1	5	-1	1	3	-1	9	2008	6
NS14160T	1	1	1	-1	-1	-1	4	2014	1
NS14160T	2	4	-1	-1	-1	-1	6	2013	5
NS14160T	3	5	-1	1	3	-1	9	2010	6
NS14160T	4	4	-1	-1	-1	-1	9	2009	5
NS14161V	1	1	1	-1	-1	-1	7	2015	1
NS14161V	2	1	1	-1	-1	-1	9	2013	1
NS14161V	3	2	2	-1	-1	-1	9	2011	4
NS14161V	4	1	2	-1	-1	-1	4	2009	2
NS14162W	1	5	-1	1	3	-1	9	2014	6
NS14162W	2	3	2	-1	-1	-1	8	2014	11
NS14162W	3	4	-1	-1	-1	-1	5	2014	5
NS14162W	4	3	1	-1	-1	-1	2	2014	11
NS14162W	5	4	-1	-1	-1	-1	12	2013	5
NS14162W	6	3	1	-1	-1	-1	6	2012	11
NS14162W	7	10	-1	-1	-1	-1	1	2012	14
NS14162W	8	1	1	-1	-1	-1	11	2011	1
NS14162W	9	3	1	-1	-1	-1	10	2011	11
NS14162W	10	1	1	-1	-1	-1	8	2011	1
NS14162W	11	5	-1	1	3	-1	9	2008	6
NS14163X	1	5	-1	1	3	-1	9	2009	6
NS14166A	1	4	-1	-1	-1	-1	8	2012	5
NS14166A	2	1	1	-1	-1	-1	5	2012	1
NS14166A	3	1	1	-1	-1	-1	10	2010	1
NS14166A	4	5	-1	1	2	-1	9	2008	6
NS14171P	1	5	-1	1	3	-1	9	2008	6
NS14173R	1	4	-1	-1	-1	-1	10	2014	5
NS14173R	2	1	1	-1	-1	-1	-8	2013	1
NS14173R	3	-8	-1	-1	-1	-1	-8	-8	-8
NS14175T	1	1	1	-1	-1	-1	9	2012	1
NS14175T	2	4	-1	-1	-1	-1	7	2012	5
NS14175T	3	5	-1	1	3	-1	9	2009	6
NS14180H	1	4	-1	-1	-1	-1	7	2012	5
NS14180H	2	5	-1	1	3	-1	9	2008	6
NS14181J	1	1	1	-1	-1	-1	10	2010	1
NS14181J	2	1	1	-1	-1	-1	11	2008	1
NS14181J	3	5	-1	1	2	-1	9	2006	6
NS14186P	1	1	2	-1	-1	-1	5	2012	2
NS14186P	2	6	1	-1	-1	-1	7	2011	12
NS14186P	3	5	-1	1	3	-1	9	2008	6
NS14190C	1	1	1	-1	-1	-1	5	2012	1
NS14190C	2	1	1	-1	-1	-1	6	2010	1
NS14190C	3	1	1	-1	-1	-1	3	2008	1
NS14190C	4	1	2	-1	-1	-1	1	2007	2
NS14191D	1	1	2	-1	-1	-1	2	2012	2
NS14191D	2	5	-1	2	2	-1	6	2010	7
NS14194G	1	1	1	-1	-1	-1	-8	2013	1
NS14194G	2	1	1	-1	-1	-1	-8	2012	1
NS14194G	3	5	-1	1	3	-1	9	2008	6
NS14195H	1	5	-1	1	3	-1	9	2010	6
NS14195H	2	5	-1	1	2	-1	9	2008	6
NS14196J	1	1	1	-1	-1	-1	9	2012	1
NS14196J	2	1	1	-1	-1	-1	-9	-9	1
NS14197K	1	4	-1	-1	-1	-1	-8	-8	5
NS14198L	1	1	1	-1	-1	-1	2	2013	1
NS14198L	2	2	1	-1	-1	-1	6	2011	3
NS14198L	3	5	-1	2	2	-1	9	2010	7
NS14198L	4	1	2	-1	-1	-1	4	2009	2
NS14201E	1	5	-1	2	2	-1	9	2009	7
NS14201E	2	1	1	-1	-1	-1	7	2008	1
NS14203G	1	5	-1	1	3	-1	9	2009	6
NS14203G	2	5	-1	1	2	-1	9	2006	6
NS14210Y	1	1	2	-1	-1	-1	5	2012	2
NS14210Y	2	1	1	-1	-1	-1	9	2008	1
NS14211Z	1	9	-1	-1	-1	-1	5	2007	13
NS14212A	1	1	1	-1	-1	-1	1	2012	1
NS14212A	2	4	-1	-1	-1	-1	5	2011	5
NS14212A	3	5	-1	1	3	-1	9	2008	6
NS14212A	4	5	-1	1	1	-1	9	2006	6
NS14213B	1	1	2	-1	-1	-1	7	2006	2
NS14214C	1	4	-1	-1	-1	-1	5	2014	5
NS14214C	2	1	1	-1	-1	-1	3	2013	1
NS14214C	3	4	-1	-1	-1	-1	8	2012	5
NS14214C	4	1	2	-1	-1	-1	10	2009	2
NS14218G	1	1	2	-1	-1	-1	6	2010	2
NS14218G	2	3	2	-1	-1	-1	7	2007	11
NS14220S	1	5	-1	1	3	-1	10	2014	6
NS14220S	2	1	1	-1	-1	-1	9	2013	1
NS14220S	3	1	2	-1	-1	-1	-8	-8	2
NS14223W	1	1	1	-1	-1	-1	4	2014	1
NS14223W	2	4	-1	-1	-1	-1	5	2013	5
NS14223W	3	10	-1	-1	-1	-1	3	2012	14
NS14223W	4	5	-1	1	3	-1	12	2011	6
NS14223W	5	10	-1	-1	-1	-1	6	2011	14
NS14223W	6	-8	-1	-1	-1	-1	-9	-9	-8
NS14225Y	1	1	2	-1	-1	-1	5	2011	2
NS14225Y	2	5	-1	1	3	-1	9	2009	6
NS14227A	1	5	-1	1	3	-1	10	2009	6
NS14229C	1	5	-1	1	3	-1	9	2014	6
NS14229C	2	1	2	-1	-1	-1	9	2013	2
NS14229C	3	1	1	-1	-1	-1	7	2011	1
NS14229C	4	5	-1	1	3	-1	9	2008	6
NS14234R	1	1	1	-1	-1	-1	9	2006	1
NS14236T	1	1	1	-1	-1	-1	1	2015	1
NS14236T	2	1	1	-1	-1	-1	4	2014	1
NS14236T	3	1	1	-1	-1	-1	9	2013	1
NS14236T	4	5	-1	1	3	-1	8	2009	6
NS14237V	1	1	2	-1	-1	-1	4	2010	2
NS14237V	2	5	-1	1	3	-1	9	2008	6
NS14239X	1	10	-1	-1	-1	-1	7	2013	14
NS14239X	2	1	1	-1	-1	-1	1	2013	1
NS14239X	3	5	-1	1	3	-1	9	2008	6
NS14240G	1	4	-1	-1	-1	-1	5	2014	5
NS14240G	2	5	-1	1	3	-1	9	2009	6
NS14244L	1	1	1	-1	-1	-1	8	2011	1
NS14244L	2	1	1	-1	-1	-1	10	2010	1
NS14244L	3	4	-1	-1	-1	-1	7	2008	5
NS14247P	1	1	2	-1	-1	-1	5	2009	2
NS14251C	1	1	1	-1	-1	-1	10	2012	1
NS14251C	2	1	1	-1	-1	-1	1	2010	1
NS14252D	1	9	-1	-1	-1	-1	4	2008	13
NS14252D	2	1	2	-1	-1	-1	8	2006	2
NS14253E	1	4	-1	-1	-1	-1	1	2013	5
NS14253E	2	1	1	-1	-1	-1	6	2012	1
NS14253E	3	5	-1	1	3	-1	10	2008	6
NS14253E	4	1	2	-1	-1	-1	7	2008	2
NS14253E	5	5	-1	1	4	-1	9	2006	6
NS14255G	1	5	-1	1	3	-1	-8	-8	6
NS14256H	1	2	1	-1	-1	-1	4	2011	3
NS14256H	2	1	1	-1	-1	-1	4	2009	1
NS14259L	1	1	1	-1	-1	-1	6	2013	1
NS14259L	2	1	2	-1	-1	-1	4	2010	2
NS14259L	3	1	2	-1	-1	-1	12	2008	2
NS14259L	4	1	2	-1	-1	-1	7	2006	2
NS14260W	1	1	2	-1	-1	-1	8	2008	2
NS14261X	1	1	2	-1	-1	-1	6	2011	2
NS14261X	2	1	2	-1	-1	-1	6	2010	2
NS14261X	3	4	-1	-1	-1	-1	12	2007	5
NS14261X	4	10	-1	-1	-1	-1	7	2006	14
NS14262Y	1	5	-1	1	3	-1	9	2009	6
NS14263Z	1	1	1	-1	-1	-1	7	2011	1
NS14263Z	2	4	-1	-1	-1	-1	5	2011	5
NS14263Z	3	5	-1	1	3	-1	9	2008	6
NS14265B	1	1	1	-1	-1	-1	3	2013	1
NS14265B	2	1	1	-1	-1	-1	12	2011	1
NS14265B	3	4	-1	-1	-1	-1	10	2011	5
NS14265B	4	5	-1	1	3	-1	9	2008	6
NS14266C	1	5	-1	1	3	-1	2	2012	6
NS14266C	2	1	1	-1	-1	-1	7	2011	1
NS14266C	3	1	1	-1	-1	-1	9	2010	1
NS14266C	4	1	2	-1	-1	-1	7	2007	2
NS14271R	1	4	-1	-1	-1	-1	1	2015	5
NS14271R	2	1	1	-1	-1	-1	5	2013	1
NS14271R	3	1	1	-1	-1	-1	2	2012	1
NS14271R	4	4	-1	-1	-1	-1	7	2011	5
NS14271R	5	5	-1	1	3	-1	9	2008	6
NS14274V	1	1	1	-1	-1	-1	9	2010	1
NS14274V	2	5	-1	1	3	-1	9	2008	6
NS14274V	3	5	-1	1	2	-1	9	2006	6
NS14277Y	1	3	2	-1	-1	-1	9	2014	11
NS14277Y	2	4	-1	-1	-1	-1	4	2014	5
NS14277Y	3	5	-1	1	3	-1	9	2011	6
NS14277Y	4	5	-1	1	2	-1	9	2008	6
NS14281L	1	1	1	-1	-1	-1	2	2014	1
NS14281L	2	2	1	-1	-1	-1	6	2013	3
NS14281L	3	1	1	-1	-1	-1	5	2012	1
NS14281L	4	2	1	-1	-1	-1	10	2011	3
NS14281L	5	1	1	-1	-1	-1	8	2006	1
NS14282M	1	1	1	-1	-1	-1	9	2013	1
NS14282M	2	1	1	-1	-1	-1	1	2012	1
NS14282M	3	5	-1	1	3	-1	9	2009	6
NS14283N	1	1	1	-1	-1	-1	5	2014	1
NS14283N	2	1	2	-1	-1	-1	5	2013	2
NS14283N	3	3	2	-1	-1	-1	11	2012	11
NS14283N	4	5	-1	1	3	-1	10	2009	6
NS14287S	1	1	1	-1	-1	-1	2	2012	1
NS14287S	2	5	-1	1	3	-1	9	2009	6
NS14287S	3	1	1	-1	-1	-1	10	2008	1
NS14287S	4	5	-1	1	1	-1	9	2001	6
NS14289V	1	5	-1	1	3	-1	9	2008	6
NS14289V	2	5	-1	1	2	-1	9	2006	6
NS14292G	1	1	2	-1	-1	-1	2	2013	2
NS14292G	2	1	1	-1	-1	-1	5	2010	1
NS14292G	3	1	2	-1	-1	-1	4	2007	2
NS14292G	4	5	-1	1	4	-1	9	2006	6
NS14295K	1	2	1	-1	-1	-1	9	2010	3
NS14295K	2	5	-1	1	2	-1	9	2006	6
NS14297M	1	4	-1	-1	-1	-1	5	2012	5
NS14297M	2	5	-1	1	3	-1	10	2010	6
NS14297M	3	5	-1	1	2	-1	9	2006	6
NS14299P	1	3	2	-1	-1	-1	5	2015	11
NS14299P	2	1	1	-1	-1	-1	12	2014	1
NS14299P	3	3	2	-1	-1	-1	10	2014	11
NS14299P	4	1	2	-1	-1	-1	6	2013	2
NS14299P	5	5	-1	1	4	-1	3	2013	6
NS14299P	6	1	2	-1	-1	-1	1	2013	2
NS14299P	7	1	2	-1	-1	-1	6	2012	2
NS14299P	8	5	-1	1	3	-1	9	2009	6
NS14300F	1	5	-1	1	3	-1	9	2008	6
NS14301G	1	1	2	-1	-1	-1	10	2014	2
NS14301G	2	1	1	-1	-1	-1	3	2012	1
NS14301G	3	1	2	-1	-1	-1	9	2006	2
NS14302H	1	5	-1	1	2	-1	7	2014	6
NS14302H	2	1	1	-1	-1	-1	8	2013	1
NS14302H	3	1	2	-1	-1	-1	5	2009	2
NS14303J	1	1	1	-1	-1	-1	7	2011	1
NS14303J	2	1	2	-1	-1	-1	-8	2007	2
NS14304K	1	5	-1	1	3	-1	9	2009	6
NS14306M	1	1	1	-1	-1	-1	1	2014	1
NS14306M	2	1	1	-1	-1	-1	3	2012	1
NS14306M	3	1	2	-1	-1	-1	10	2008	2
NS14308P	1	1	1	-1	-1	-1	10	2013	1
NS14308P	2	4	-1	-1	-1	-1	1	2013	5
NS14308P	3	1	2	-1	-1	-1	9	2007	2
NS14315F	1	1	1	-1	-1	-1	6	2012	1
NS14315F	2	5	-1	1	3	-1	9	2009	6
NS14319K	1	2	1	-1	-1	-1	8	2013	3
NS14319K	2	2	2	-1	-1	-1	9	2012	4
NS14319K	3	2	1	-1	-1	-1	9	2011	3
NS14319K	4	2	2	-1	-1	-1	10	2010	4
NS14319K	5	5	-1	1	2	-1	9	2006	6
NS14320V	1	10	-1	-1	-1	-1	7	2012	14
NS14320V	2	2	1	-1	-1	-1	-9	2012	3
NS14322X	1	5	-1	1	2	-1	9	2008	6
NS14323Y	1	1	1	-1	-1	-1	6	2011	1
NS14323Y	2	1	2	-1	-1	-1	1	2006	2
NS14327C	1	5	-1	1	3	-1	9	2012	6
NS14327C	2	10	-1	-1	-1	-1	3	2012	14
NS14327C	3	1	1	-1	-1	-1	9	2011	1
NS14327C	4	5	-1	1	3	-1	9	2008	6
NS14328D	1	1	1	-1	-1	-1	1	2013	1
NS14328D	2	1	1	-1	-1	-1	9	2012	1
NS14328D	3	5	-1	1	3	-1	9	2008	6
NS14330P	1	1	2	-1	-1	-1	2	2010	2
NS14330P	2	10	-1	-1	-1	-1	8	2009	14
NS14330P	3	5	-1	1	4	-1	1	2008	6
NS14330P	4	-8	-1	-1	-1	-1	-9	-9	-8
NS14332R	1	4	-1	-1	-1	-1	6	2013	5
NS14332R	2	1	2	-1	-1	-1	3	2013	2
NS14332R	3	1	2	-1	-1	-1	12	2012	2
NS14332R	4	4	-1	-1	-1	-1	6	2012	5
NS14332R	5	5	-1	1	3	-1	9	2009	6
NS14333S	1	1	1	-1	-1	-1	9	2013	1
NS14333S	2	5	-1	1	3	-1	9	2008	6
NS14334T	1	1	2	-1	-1	-1	4	2010	2
NS14334T	2	7	-1	-1	-1	-1	3	2008	8
NS14334T	3	5	-1	1	2	-1	9	2006	6
NS14336W	1	4	-1	-1	-1	-1	10	2015	5
NS14336W	2	1	2	-1	-1	-1	2	2015	2
NS14336W	3	1	1	-1	-1	-1	10	2010	1
NS14336W	4	4	-1	-1	-1	-1	-8	2008	5
NS14340J	1	5	-1	1	3	-1	9	2012	6
NS14340J	2	1	1	-1	-1	-1	9	2011	1
NS14340J	3	5	-1	1	3	-1	9	2008	6
NS14341K	1	1	1	-1	-1	-1	8	2010	1
NS14341K	2	4	-1	-1	-1	-1	7	2008	5
NS14341K	3	1	1	-1	-1	-1	6	2007	1
NS14341K	4	4	-1	-1	-1	-1	3	2006	5
NS14342L	1	1	1	-1	-1	-1	9	2011	1
NS14342L	2	1	2	-1	-1	-1	9	2006	2
NS14344N	1	1	1	-1	-1	-1	10	2012	1
NS14344N	2	1	1	-1	-1	-1	10	2010	1
NS14344N	3	1	1	-1	-1	-1	1	2009	1
NS14346Q	1	5	-1	1	3	-1	9	2008	6
NS14356K	1	3	2	-1	-1	-1	8	2011	11
NS14356K	2	5	-1	1	3	-1	9	2008	6
NS14358M	1	1	1	-1	-1	-1	1	2008	1
NS14358M	2	1	2	-1	-1	-1	9	2006	2
NS14361Z	1	5	-1	1	3	-1	9	2008	6
NS14362A	1	1	1	-1	-1	-1	10	2013	1
NS14362A	2	1	2	-1	-1	-1	12	2012	2
NS14362A	3	5	-1	1	3	-1	2	2009	6
NS14362A	4	5	-1	1	2	-1	9	2006	6
NS14365D	1	5	-1	1	3	-1	9	2009	6
NS14369H	1	5	-1	1	3	-1	9	2014	6
NS14369H	2	1	1	-1	-1	-1	-8	-8	1
NS14371T	1	1	2	-1	-1	-1	12	2014	2
NS14371T	2	1	1	-1	-1	-1	4	2014	1
NS14371T	3	9	-1	-1	-1	-1	11	2013	13
NS14371T	4	1	2	-1	-1	-1	11	2011	2
NS14371T	5	9	-1	-1	-1	-1	7	2010	13
NS14371T	6	1	2	-1	-1	-1	5	2009	2
NS14372V	1	1	1	-1	-1	-1	9	2013	1
NS14372V	2	1	1	-1	-1	-1	2	2013	1
NS14372V	3	1	1	-1	-1	-1	3	2009	1
NS14373W	1	10	-1	-1	-1	-1	2	2015	14
NS14373W	2	1	1	-1	-1	-1	8	2006	1
NS14375Y	1	1	2	-1	-1	-1	8	2012	2
NS14375Y	2	5	-1	1	3	-1	10	2008	6
NS14376Z	1	1	1	-1	-1	-1	1	2014	1
NS14376Z	2	1	1	-1	-1	-1	5	2013	1
NS14376Z	3	1	1	-1	-1	-1	6	2011	1
NS14376Z	4	1	1	-1	-1	-1	1	2011	1
NS14376Z	5	5	-1	1	3	-1	9	2009	6
NS14378B	1	1	1	-1	-1	-1	6	2009	1
NS14382P	1	1	2	-1	-1	-1	9	2010	2
NS14382P	2	5	-1	1	2	-1	9	2008	6
NS14383Q	1	1	1	-1	-1	-1	3	2014	1
NS14383Q	2	1	1	-1	-1	-1	3	2014	1
NS14383Q	3	1	1	-1	-1	-1	12	2013	1
NS14383Q	4	1	1	-1	-1	-1	9	2013	1
NS14383Q	5	1	1	-1	-1	-1	4	2013	1
NS14383Q	6	1	1	-1	-1	-1	10	2009	1
NS14383Q	7	1	1	-1	-1	-1	10	2007	1
NS14383Q	8	1	2	-1	-1	-1	9	2006	2
NS14384R	1	5	-1	1	3	-1	9	2008	6
NS14385S	1	1	2	-1	-1	-1	9	2007	2
NS14392J	1	4	-1	-1	-1	-1	5	2009	5
NS14393K	1	1	2	-1	-1	-1	6	2013	2
NS14393K	2	5	-1	1	3	-1	9	2011	6
NS14393K	3	1	2	-1	-1	-1	2	2010	2
NS14395M	1	1	1	-1	-1	-1	9	2011	1
NS14395M	2	5	-1	1	3	-1	9	2008	6
NS14396N	1	1	1	-1	-1	-1	1	2011	1
NS14396N	2	5	-1	1	3	-1	9	2009	6
NS14398Q	1	3	2	-1	-1	-1	3	2002	11
NS14399R	1	4	-1	-1	-1	-1	7	2015	5
NS14399R	2	1	2	-1	-1	-1	3	2015	2
NS14399R	3	-9	-1	-1	-1	-1	-9	-9	-8
NS14403L	1	1	1	-1	-1	-1	4	2015	1
NS14403L	2	1	1	-1	-1	-1	10	2014	1
NS14403L	3	1	1	-1	-1	-1	4	2010	1
NS14407Q	1	1	1	-1	-1	-1	3	2006	1
NS14408R	1	6	1	-1	-1	-1	10	2008	12
NS14408R	2	1	1	-1	-1	-1	5	2008	1
NS14408R	3	1	1	-1	-1	-1	9	2006	1
NS14410C	1	1	1	-1	-1	-1	1	2013	1
NS14410C	2	5	-1	1	3	-1	9	2008	6
NS14410C	3	5	-1	1	2	-1	9	2006	6
NS14415H	1	4	-1	-1	-1	-1	5	2015	5
NS14415H	2	1	1	-1	-1	-1	9	2013	1
NS14415H	3	1	1	-1	-1	-1	2	2013	1
NS14415H	4	1	1	-1	-1	-1	8	2009	1
NS14416J	1	3	1	-1	-1	-1	5	2011	11
NS14416J	2	5	-1	1	3	-1	9	2009	6
NS14418L	1	1	1	-1	-1	-1	12	2011	1
NS14418L	2	5	-1	1	3	-1	9	2008	6
NS14421Y	1	5	-1	1	3	-1	10	2012	6
NS14421Y	2	5	-1	1	3	-1	10	2011	6
NS14421Y	3	5	-1	1	3	-1	9	2008	6
NS14423A	1	5	-1	1	3	-1	9	2010	6
NS14423A	2	5	-1	1	2	-1	9	2008	6
NS14427E	1	1	1	-1	-1	-1	8	2014	1
NS14427E	2	5	-1	1	3	-1	10	2008	6
NS14429G	1	5	-1	1	3	-1	9	2010	6
NS14429G	2	1	1	-1	-1	-1	11	2008	1
NS14431S	1	1	2	-1	-1	-1	2	2014	2
NS14431S	2	1	2	-1	-1	-1	1	2012	2
NS14431S	3	-8	-1	-1	-1	-1	-9	-9	-8
NS14436Y	1	10	-1	-1	-1	-1	8	2014	14
NS14436Y	2	1	1	-1	-1	-1	7	2012	1
NS14436Y	3	1	1	-1	-1	-1	5	2010	1
NS14438A	1	1	1	-1	-1	-1	10	2012	1
NS14438A	2	1	2	-1	-1	-1	3	2006	2
NS14441M	1	5	-1	1	3	-1	9	2009	6
NS14446S	1	5	-1	1	3	-1	9	2008	6
NS14447T	1	1	2	-1	-1	-1	11	2015	2
NS14447T	2	4	-1	-1	-1	-1	12	2008	5
NS14449W	1	1	1	-1	-1	-1	7	2015	1
NS14449W	2	1	1	-1	-1	-1	3	2014	1
NS14449W	3	1	1	-1	-1	-1	11	2013	1
NS14449W	4	1	1	-1	-1	-1	1	2012	1
NS14449W	5	1	1	-1	-1	-1	1	2010	1
NS14453J	1	1	1	-1	-1	-1	6	2013	1
NS14453J	2	1	2	-1	-1	-1	9	2007	2
NS14455L	1	-9	-1	-1	-1	-1	-1	-1	-8
NS14462C	1	4	-1	-1	-1	-1	11	2014	5
NS14462C	2	1	1	-1	-1	-1	8	2014	1
NS14462C	3	1	2	-1	-1	-1	7	2014	2
NS14462C	4	1	1	-1	-1	-1	6	2014	1
NS14462C	5	1	2	-1	-1	-1	10	2013	2
NS14462C	6	4	-1	-1	-1	-1	7	2013	5
NS14462C	7	1	1	-1	-1	-1	6	2013	1
NS14462C	8	1	2	-1	-1	-1	9	2012	2
NS14462C	9	4	-1	-1	-1	-1	7	2012	5
NS14462C	10	1	1	-1	-1	-1	6	2012	1
NS14462C	11	5	-1	1	3	-1	9	2008	6
NS14464E	1	1	1	-1	-1	-1	3	2008	1
NS14465F	1	5	-1	1	3	-1	9	2008	6
NS14466G	1	2	2	-1	-1	-1	12	2013	4
NS14466G	2	5	-1	1	3	-1	9	2008	6
NS14466G	3	5	-1	1	1	-1	9	2001	6
NS14468J	1	1	1	-1	-1	-1	5	2013	1
NS14468J	2	1	1	-1	-1	-1	4	2009	1
NS14468J	3	1	1	-1	-1	-1	4	2007	1
NS14468J	4	4	-1	-1	-1	-1	7	2006	5
NS14469K	1	1	2	-1	-1	-1	3	2013	2
NS14469K	2	9	-1	-1	-1	-1	10	2011	13
NS14469K	3	1	2	-1	-1	-1	9	2009	2
NS14472X	1	5	-1	1	2	-1	9	2006	6
NS14474Z	1	1	1	-1	-1	-1	6	2011	1
NS14474Z	2	4	-1	-1	-1	-1	3	2011	5
NS14474Z	3	1	1	-1	-1	-1	9	2010	1
NS14474Z	4	4	-1	-1	-1	-1	7	2007	5
NS14475A	1	1	1	-1	-1	-1	2	2011	1
NS14475A	2	1	1	-1	-1	-1	12	2009	1
NS14478D	1	4	-1	-1	-1	-1	1	2015	5
NS14478D	2	1	1	-1	-1	-1	9	2014	1
NS14478D	3	1	1	-1	-1	-1	7	2013	1
NS14478D	4	4	-1	-1	-1	-1	5	2013	5
NS14478D	5	1	1	-1	-1	-1	10	2012	1
NS14478D	6	1	1	-1	-1	-1	5	2012	1
NS14478D	7	4	-1	-1	-1	-1	5	2012	5
NS14478D	8	1	1	-1	-1	-1	7	2010	1
NS14478D	9	5	-1	1	-1	-1	-1	-1	6
NS14479E	1	5	-1	1	3	-1	9	2009	6
NS14482R	1	1	1	-1	-1	-1	9	2012	1
NS14482R	2	1	2	-1	-1	-1	9	2010	2
NS14482R	3	5	-1	1	3	-1	9	2008	6
NS14491K	1	1	2	-1	-1	-1	10	2012	2
NS14491K	2	1	1	-1	-1	-1	6	2008	1
NS14493M	1	1	1	-1	-1	-1	9	2012	1
NS14493M	2	5	-1	1	3	-1	9	2008	6
NS14495P	1	5	-1	1	3	-1	9	2008	6
NS14496Q	1	1	1	-1	-1	-1	2	2013	1
NS14496Q	2	1	1	-1	-1	-1	12	2011	1
NS14496Q	3	4	-1	-1	-1	-1	9	2011	5
NS14496Q	4	5	-1	1	3	-1	9	2008	6
NS14499T	1	4	-1	-1	-1	-1	3	2011	5
NS14499T	2	3	2	-1	-1	-1	1	2010	11
NS14503N	1	6	1	-1	-1	-1	9	2007	12
NS14503N	2	4	-1	-1	-1	-1	9	2006	5
NS14508T	1	1	1	-1	-1	-1	5	2014	1
NS14508T	2	1	1	-1	-1	-1	8	2011	1
NS14508T	3	5	-1	1	3	-1	9	2008	6
NS14509V	1	1	1	-1	-1	-1	10	2014	1
NS14509V	2	1	2	-1	-1	-1	5	2013	2
NS14509V	3	1	1	-1	-1	-1	1	2013	1
NS14509V	4	1	2	-1	-1	-1	1	2007	2
NS14509V	5	5	-1	1	2	-1	9	2006	6
NS14510E	1	1	1	-1	-1	-1	12	2012	1
NS14510E	2	1	2	-1	-1	-1	6	2012	2
NS14510E	3	1	1	-1	-1	-1	11	2011	1
NS14510E	4	1	1	-1	-1	-1	6	2011	1
NS14510E	5	5	-1	1	3	-1	9	2008	6
NS14512G	1	9	-1	-1	-1	-1	3	2008	13
NS14517M	1	5	-1	1	3	-1	9	2009	6
NS14520Z	1	5	-1	1	3	-1	9	2009	6
NS14521A	1	5	-1	1	3	-1	9	2010	6
NS14521A	2	5	-1	1	2	-1	9	2007	6
NS14522B	1	5	-1	1	3	-1	6	2008	6
NS14524D	1	1	2	-1	-1	-1	1	2005	2
NS14525E	1	1	2	-1	-1	-1	11	2012	2
NS14525E	2	1	2	-1	-1	-1	5	2012	2
NS14525E	3	1	2	-1	-1	-1	2	2012	2
NS14525E	4	4	-1	-1	-1	-1	10	2011	5
NS14525E	5	5	-1	1	3	-1	9	2008	6
NS14526F	1	1	1	-1	-1	-1	9	2013	1
NS14526F	2	4	-1	-1	-1	-1	7	2013	5
NS14526F	3	1	1	-1	-1	-1	1	2013	1
NS14526F	4	1	2	-1	-1	-1	9	2012	2
NS14526F	5	1	1	-1	-1	-1	8	2012	1
NS14526F	6	4	-1	-1	-1	-1	8	2011	5
NS14526F	7	5	-1	1	3	-1	9	2008	6
NS14527G	1	3	2	-1	-1	-1	7	2013	11
NS14527G	2	3	2	-1	-1	-1	1	2013	11
NS14527G	3	5	-1	1	3	-1	9	2010	6
NS14527G	4	5	-1	1	2	-1	9	2006	6
NS14539D	1	5	-1	1	3	-1	9	2008	6
NS14540N	1	4	-1	-1	-1	-1	6	2014	5
NS14540N	2	5	-1	1	3	-1	9	2008	6
NS14542Q	1	1	2	-1	-1	-1	3	2011	2
NS14542Q	2	5	-1	1	3	-1	9	2008	6
NS14547W	1	1	1	-1	-1	-1	9	2014	1
NS14547W	2	10	-1	-1	-1	-1	9	2013	14
NS14547W	3	1	2	-1	-1	-1	11	2012	2
NS14547W	4	5	-1	1	3	-1	9	2009	6
NS14549Y	1	1	1	-1	-1	-1	9	2013	1
NS14549Y	2	1	1	-1	-1	-1	1	2013	1
NS14549Y	3	1	1	-1	-1	-1	4	2012	1
NS14549Y	4	4	-1	-1	-1	-1	7	2011	5
NS14549Y	5	5	-1	1	3	-1	9	2008	6
NS14550H	1	1	1	-1	-1	-1	9	2008	1
NS14556P	1	1	2	-1	-1	-1	6	2012	2
NS14556P	2	4	-1	-1	-1	-1	3	2012	5
NS14556P	3	1	1	-1	-1	-1	2	2012	1
NS14556P	4	10	-1	-1	-1	-1	6	2011	14
NS14556P	5	1	2	-1	-1	-1	5	2011	2
NS14556P	6	10	-1	-1	-1	-1	9	2010	14
NS14556P	7	5	-1	1	2	-1	9	2007	6
NS14557Q	1	1	1	-1	-1	-1	4	2013	1
NS14557Q	2	5	-1	1	3	-1	9	2009	6
NS14559S	1	1	1	-1	-1	-1	3	2011	1
NS14559S	2	4	-1	-1	-1	-1	8	2009	5
NS14560C	1	1	2	-1	-1	-1	11	2008	2
NS14563F	1	1	1	-1	-1	-1	10	2012	1
NS14563F	2	1	1	-1	-1	-1	4	2011	1
NS14563F	3	1	1	-1	-1	-1	5	2010	1
NS14563F	4	5	-1	1	3	-1	9	2008	6
NS14563F	5	5	-1	1	1	-1	9	2001	6
NS14564G	1	4	-1	-1	-1	-1	3	2011	5
NS14564G	2	1	1	-1	-1	-1	3	2010	1
NS14564G	3	1	2	-1	-1	-1	3	2005	2
NS14566J	1	5	-1	1	2	-1	9	2010	6
NS14566J	2	1	2	-1	-1	-1	1	2008	2
NS14569M	1	1	2	-1	-1	-1	11	2010	2
NS14569M	2	5	-1	1	3	-1	9	2010	6
NS14569M	3	5	-1	1	2	-1	9	2006	6
NS14570X	1	1	1	-1	-1	-1	9	2014	1
NS14570X	2	5	-1	1	3	-1	9	2013	6
NS14570X	3	1	1	-1	-1	-1	9	2011	1
NS14570X	4	5	-1	1	3	-1	9	2008	6
NS14571Y	1	5	-1	1	3	-1	9	2008	6
NS14572Z	1	5	-1	1	3	-1	9	2014	6
NS14572Z	2	5	-1	1	3	-1	9	2011	6
NS14572Z	3	5	-1	1	2	-1	9	2008	6
NS14572Z	4	5	-1	1	1	-1	9	2006	6
NS14576D	1	1	1	-1	-1	-1	12	2012	1
NS14576D	2	1	1	-1	-1	-1	1	2012	1
NS14576D	3	1	1	-1	-1	-1	3	2010	1
NS14578F	1	1	1	-1	-1	-1	3	2011	1
NS14578F	2	1	1	-1	-1	-1	9	2010	1
NS14578F	3	1	2	-1	-1	-1	7	2006	2
NS14584W	1	1	1	-1	-1	-1	8	2012	1
NS14584W	2	1	1	-1	-1	-1	2	2007	1
NS14585X	1	4	-1	-1	-1	-1	4	2009	5
NS14592N	1	5	-1	1	2	-1	9	2008	6
NS14592N	2	5	-1	1	1	-1	9	2001	6
NS14593P	1	1	2	-1	-1	-1	4	2011	2
NS14593P	2	5	-1	1	2	-1	9	2010	6
NS14593P	3	1	2	-1	-1	-1	2	2010	2
NS14597T	1	1	2	-1	-1	-1	10	2010	2
NS14597T	2	9	-1	-1	-1	-1	9	2008	13
NS14598V	1	1	1	-1	-1	-1	12	2008	1
NS14599W	1	-9	-1	-1	-1	-1	-9	-9	-8
NS14602P	1	1	1	-1	-1	-1	9	2008	1
NS14602P	2	5	-1	1	3	-1	9	2006	6
NS14605S	1	1	1	-1	-1	-1	1	2014	1
NS14605S	2	4	-1	-1	-1	-1	5	2013	5
NS14605S	3	1	1	-1	-1	-1	5	2010	1
NS14608W	1	1	2	-1	-1	-1	4	2014	2
NS14608W	2	4	-1	-1	-1	-1	2	2013	5
NS14608W	3	5	-1	1	3	-1	9	2009	6
NS14612J	1	1	1	-1	-1	-1	9	2015	1
NS14612J	2	1	1	-1	-1	-1	6	2014	1
NS14612J	3	1	1	-1	-1	-1	11	2012	1
NS14612J	4	1	1	-1	-1	-1	9	2012	1
NS14612J	5	4	-1	-1	-1	-1	7	2012	5
NS14612J	6	5	-1	1	3	-1	9	2009	6
NS14613K	1	3	1	-1	-1	-1	2	2014	11
NS14613K	2	3	1	-1	-1	-1	5	2013	11
NS14613K	3	1	1	-1	-1	-1	1	2013	1
NS14613K	4	1	2	-1	-1	-1	9	2012	2
NS14613K	5	5	-1	1	3	-1	9	2008	6
NS14615M	1	1	1	-1	-1	-1	6	2014	1
NS14615M	2	5	-1	1	3	-1	9	2009	6
NS14617P	1	1	2	-1	-1	-1	6	2014	2
NS14617P	2	9	-1	-1	-1	-1	8	2013	13
NS14617P	3	1	2	-1	-1	-1	10	2012	2
NS14617P	4	9	-1	-1	-1	-1	1	2011	13
NS14617P	5	1	1	-1	-1	-1	1	2008	1
NS14621C	1	4	-1	-1	-1	-1	8	2012	5
NS14621C	2	5	-1	1	3	-1	8	2008	6
NS14624F	1	4	-1	-1	-1	-1	7	2012	5
NS14624F	2	5	-1	1	3	-1	9	2009	6
NS14626H	1	3	2	-1	-1	-1	3	2011	11
NS14626H	2	5	-1	1	3	-1	9	2008	6
NS14626H	3	5	-1	1	2	-1	9	2006	6
NS14630W	1	6	1	-1	-1	-1	6	2011	12
NS14630W	2	1	2	-1	-1	-1	7	2008	2
NS14630W	3	5	-1	1	2	-1	9	2006	6
NS14634A	1	1	2	-1	-1	-1	2	2014	2
NS14634A	2	1	2	-1	-1	-1	2	2008	2
NS14638E	1	1	1	-1	-1	-1	2	2011	1
NS14638E	2	4	-1	-1	-1	-1	9	2009	5
NS14641R	1	1	1	-1	-1	-1	10	2011	1
NS14641R	2	5	-1	1	3	-1	9	2008	6
NS14642S	1	5	-1	1	3	-1	9	2008	6
NS14643T	1	1	2	-1	-1	-1	9	2012	2
NS14643T	2	4	-1	-1	-1	-1	8	2011	5
NS14643T	3	5	-1	1	2	-1	9	2009	6
NS14650K	1	1	1	-1	-1	-1	11	2011	1
NS14650K	2	5	-1	1	3	-1	9	2008	6
NS14652M	1	1	1	-1	-1	-1	10	2012	1
NS14652M	2	5	-1	1	3	-1	9	2008	6
NS14652M	3	5	-1	1	1	-1	9	2006	6
NS14654P	1	1	2	-1	-1	-1	1	2015	2
NS14654P	2	9	-1	-1	-1	-1	11	2012	13
NS14654P	3	1	1	-1	-1	-1	5	2010	1
NS14655Q	1	1	1	-1	-1	-1	7	2014	1
NS14655Q	2	1	1	-1	-1	-1	1	2014	1
NS14655Q	3	4	-1	-1	-1	-1	11	2013	5
NS14655Q	4	1	1	-1	-1	-1	12	2012	1
NS14655Q	5	5	-1	1	3	-1	9	2011	6
NS14655Q	6	5	-1	1	3	-1	10	2008	6
NS14656R	1	1	1	-1	-1	-1	9	2011	1
NS14656R	2	1	1	-1	-1	-1	3	2008	1
NS14658T	1	3	2	-1	-1	-1	8	2013	11
NS14658T	2	5	-1	1	3	-1	9	2012	6
NS14658T	3	10	-1	-1	-1	-1	5	2012	14
NS14658T	4	1	1	-1	-1	-1	1	2012	1
NS14658T	5	3	2	-1	-1	-1	9	2011	11
NS14658T	6	5	-1	1	3	-1	9	2008	6
NS14660E	1	1	1	-1	-1	-1	10	2007	1
NS14660E	2	5	-1	2	2	-1	9	2006	7
NS14662G	1	5	-1	1	3	-1	9	2010	6
NS14662G	2	6	1	-1	-1	-1	9	2006	12
NS14663H	1	1	2	-1	-1	-1	7	2013	2
NS14663H	2	5	-1	1	3	-1	9	2009	6
NS14663H	3	5	-1	1	2	-1	9	2007	6
NS14663H	4	5	-1	1	1	-1	9	1995	6
NS14666L	1	1	1	-1	-1	-1	1	2014	1
NS14666L	2	1	1	-1	-1	-1	6	2008	1
NS14667M	1	1	1	-1	-1	-1	7	2010	1
NS14667M	2	1	1	-1	-1	-1	6	2009	1
NS14668N	1	1	2	-1	-1	-1	5	2006	2
NS14674D	1	1	1	-1	-1	-1	3	2013	1
NS14674D	2	4	-1	-1	-1	-1	8	2012	5
NS14674D	3	5	-1	1	3	-1	9	2008	6
NS14679J	1	1	2	-1	-1	-1	7	2007	2
NS14679J	2	4	-1	-1	-1	-1	6	2006	5
NS14681V	1	4	-1	-1	-1	-1	5	2013	5
NS14681V	2	1	2	-1	-1	-1	5	2011	2
NS14681V	3	5	-1	2	4	-1	9	2010	7
NS14682W	1	5	-1	1	3	-1	9	2013	6
NS14682W	2	1	2	-1	-1	-1	6	2010	2
NS14683X	1	1	1	-1	-1	-1	10	2014	1
NS14683X	2	1	2	-1	-1	-1	6	2010	2
NS14683X	3	1	2	-1	-1	-1	9	2008	2
NS14683X	4	5	-1	1	2	-1	9	2006	6
NS14686A	1	1	2	-1	-1	-1	11	2009	2
NS14687B	1	1	1	-1	-1	-1	11	2012	1
NS14687B	2	1	1	-1	-1	-1	9	2006	1
NS14688C	1	1	1	-1	-1	-1	9	2014	1
NS14688C	2	1	2	-1	-1	-1	2	2013	2
NS14688C	3	1	2	-1	-1	-1	1	2013	2
NS14688C	4	3	1	-1	-1	-1	6	2012	11
NS14688C	5	5	-1	1	3	-1	9	2008	6
NS14689D	1	1	1	-1	-1	-1	8	2011	1
NS14689D	2	10	-1	-1	-1	-1	9	2008	14
NS14691P	1	1	1	-1	-1	-1	5	2011	1
NS14691P	2	1	1	-1	-1	-1	-9	-9	1
NS14692Q	1	5	-1	1	3	-1	10	2008	6
NS14694S	1	1	1	-1	-1	-1	1	2014	1
NS14694S	2	2	1	-1	-1	-1	12	2012	3
NS14694S	3	1	1	-1	-1	-1	10	2011	1
NS14694S	4	1	1	-1	-1	-1	10	2010	1
NS14694S	5	-8	-1	-1	-1	-1	-8	-8	-8
NS14696V	1	5	-1	1	4	-1	9	2006	6
NS14701Q	1	5	-1	1	3	-1	9	2010	6
NS14701Q	2	5	-1	1	2	-1	9	2006	6
NS14704T	1	1	2	-1	-1	-1	3	2008	2
NS14705V	1	1	1	-1	-1	-1	9	2009	1
NS14705V	2	1	1	-1	-1	-1	7	2008	1
NS14706W	1	5	-1	1	3	-1	9	2008	6
NS14710J	1	1	1	-1	-1	-1	6	2011	1
NS14710J	2	1	1	-1	-1	-1	5	2008	1
NS14712L	1	1	1	-1	-1	-1	9	2013	1
NS14712L	2	1	1	-1	-1	-1	9	2011	1
NS14712L	3	5	-1	1	3	-1	10	2008	6
NS14714N	1	1	2	-1	-1	-1	3	2012	2
NS14714N	2	5	-1	1	3	-1	9	2008	6
NS14717R	1	5	-1	1	3	-1	10	2011	6
NS14717R	2	5	-1	1	3	-1	10	2009	6
NS14722F	1	1	2	-1	-1	-1	7	2009	2
NS14724H	1	1	1	-1	-1	-1	8	2011	1
NS14724H	2	4	-1	-1	-1	-1	6	2009	5
NS14727L	1	1	1	-1	-1	-1	10	2012	1
NS14727L	2	4	-1	-1	-1	-1	5	2012	5
NS14727L	3	1	1	-1	-1	-1	8	2011	1
NS14727L	4	5	-1	1	3	-1	10	2008	6
NS14730Y	1	1	1	-1	-1	-1	3	2012	1
NS14730Y	2	1	1	-1	-1	-1	3	2011	1
NS14730Y	3	1	1	-1	-1	-1	12	2010	1
NS14730Y	4	1	1	-1	-1	-1	6	2008	1
NS14730Y	5	1	1	-1	-1	-1	3	2006	1
NS14737F	1	3	2	-1	-1	-1	9	2014	11
NS14737F	2	10	-1	-1	-1	-1	7	2014	14
NS14737F	3	1	1	-1	-1	-1	8	2013	1
NS14737F	4	5	-1	1	3	-1	9	2009	6
NS14742V	1	1	1	-1	-1	-1	3	2012	1
NS14742V	2	4	-1	-1	-1	-1	7	2011	5
NS14742V	3	5	-1	1	3	-1	9	2008	6
NS14743W	1	9	-1	-1	-1	-1	5	2008	13
NS14743W	2	1	1	-1	-1	-1	4	2008	1
NS14743W	3	9	-1	-1	-1	-1	9	2006	13
NS14749C	1	1	1	-1	-1	-1	3	2014	1
NS14749C	2	1	2	-1	-1	-1	3	2012	2
NS14749C	3	1	1	-1	-1	-1	9	2007	1
NS14750M	1	5	-1	1	2	-1	9	2006	6
NS14755S	1	1	1	-1	-1	-1	4	2012	1
NS14755S	2	1	2	-1	-1	-1	1	2012	2
NS14755S	3	4	-1	-1	-1	-1	10	2011	5
NS14755S	4	1	2	-1	-1	-1	9	2011	2
NS14755S	5	4	-1	-1	-1	-1	7	2011	5
NS14755S	6	5	-1	1	3	-1	9	2008	6
NS14758W	1	1	1	-1	-1	-1	5	2014	1
NS14758W	2	1	1	-1	-1	-1	11	2013	1
NS14758W	3	1	1	-1	-1	-1	4	2013	1
NS14758W	4	3	1	-1	-1	-1	1	2013	11
NS14758W	5	5	-1	1	3	-1	9	2011	6
NS14758W	6	5	-1	1	1	-1	9	1994	6
NS14759X	1	5	-1	1	2	-1	7	2009	6
NS14766N	1	1	2	-1	-1	-1	2	2013	2
NS14766N	2	4	-1	-1	-1	-1	8	2012	5
NS14766N	3	5	-1	1	3	-1	9	2008	6
NS14768Q	1	1	1	-1	-1	-1	11	2013	1
NS14768Q	2	1	2	-1	-1	-1	1	2012	2
NS14768Q	3	5	-1	1	2	-1	9	2009	6
NS14768Q	4	10	-1	-1	-1	-1	9	2008	14
NS14768Q	5	5	-1	1	2	-1	9	2006	6
NS14770B	1	1	2	-1	-1	-1	11	2013	2
NS14770B	2	1	1	-1	-1	-1	2	2011	1
NS14770B	3	6	2	-1	-1	-1	9	2007	12
NS14772D	1	1	1	-1	-1	-1	12	2014	1
NS14772D	2	1	1	-1	-1	-1	12	2012	1
NS14772D	3	1	1	-1	-1	-1	12	2010	1
NS14772D	4	7	-1	-1	-1	-1	8	2006	8
NS14775G	1	1	2	-1	-1	-1	5	2013	2
NS14775G	2	5	-1	1	3	-1	10	2011	6
NS14775G	3	1	1	-1	-1	-1	8	2010	1
NS14776H	1	1	1	-1	-1	-1	8	2013	1
NS14776H	2	1	1	-1	-1	-1	10	2012	1
NS14776H	3	5	-1	1	3	-1	9	2008	6
NS14779L	1	5	-1	1	3	-1	9	2009	6
NS14779L	2	5	-1	1	2	-1	9	2006	6
NS14781X	1	1	1	-1	-1	-1	4	2008	1
NS14781X	2	5	-1	1	2	-1	9	2006	6
NS14783Z	1	5	-1	1	3	-1	9	2010	6
NS14783Z	2	5	-1	1	2	-1	9	2007	6
NS14784A	1	1	1	-1	-1	-1	12	2011	1
NS14784A	2	1	2	-1	-1	-1	10	2006	2
NS14785B	1	1	1	-1	-1	-1	5	2012	1
NS14785B	2	5	-1	1	3	-1	10	2009	6
NS14786C	1	1	1	-1	-1	-1	2	2011	1
NS14786C	2	1	1	-1	-1	-1	2	2011	1
NS14786C	3	1	1	-1	-1	-1	2	2011	1
NS14786C	4	2	1	-1	-1	-1	4	2010	3
NS14789F	1	5	-1	1	3	-1	9	2009	6
NS14793T	1	9	-1	-1	-1	-1	1	2013	13
NS14793T	2	1	2	-1	-1	-1	3	2011	2
NS14793T	3	1	2	-1	-1	-1	4	2008	2
NS14795W	1	1	1	-1	-1	-1	12	2014	1
NS14795W	2	1	2	-1	-1	-1	6	2014	2
NS14795W	3	10	-1	-1	-1	-1	4	2013	14
NS14795W	4	1	1	-1	-1	-1	1	2013	1
NS14795W	5	1	2	-1	-1	-1	9	2012	2
NS14795W	6	4	-1	-1	-1	-1	8	2012	5
NS14795W	7	1	2	-1	-1	-1	8	2010	2
NS14795W	8	4	-1	-1	-1	-1	1	2010	5
NS14797Y	1	1	1	-1	-1	-1	1	2015	1
NS14797Y	2	1	1	-1	-1	-1	6	2013	1
NS14797Y	3	4	-1	-1	-1	-1	6	2012	5
NS14797Y	4	5	-1	1	3	-1	9	2008	6
NS14797Y	5	5	-1	1	2	-1	9	2006	6
NS14798Z	1	1	1	-1	-1	-1	9	2012	1
NS14798Z	2	1	1	-1	-1	-1	9	2012	1
NS14798Z	3	1	2	-1	-1	-1	7	2010	2
NS14798Z	4	5	-1	1	3	-1	9	2008	6
NS14799A	1	4	-1	-1	-1	-1	7	2012	5
NS14799A	2	5	-1	1	3	-1	9	2008	6
NS14800R	1	4	-1	-1	-1	-1	6	2014	5
NS14800R	2	5	-1	1	3	-1	9	2011	6
NS14800R	3	4	-1	-1	-1	-1	4	2010	5
NS14801S	1	1	1	-1	-1	-1	5	2014	1
NS14801S	2	1	2	-1	-1	-1	2	2012	2
NS14801S	3	4	-1	-1	-1	-1	8	2011	5
NS14801S	4	6	1	-1	-1	-1	9	2010	12
NS14801S	5	5	-1	1	2	-1	9	2006	6
NS14802T	1	1	1	-1	-1	-1	1	2014	1
NS14802T	2	5	-1	1	3	-1	9	2008	6
NS14802T	3	5	-1	1	1	-1	9	1995	6
NS14804W	1	1	1	-1	-1	-1	7	2013	1
NS14804W	2	4	-1	-1	-1	-1	9	2011	5
NS14804W	3	5	-1	1	3	-1	9	2010	6
NS14804W	4	5	-1	1	2	-1	9	2006	6
NS14805X	1	5	-1	1	3	-1	9	2011	6
NS14805X	2	5	-1	1	3	-1	9	2008	6
NS14807Z	1	5	-1	1	3	-1	9	2008	6
NS14824K	1	1	1	-1	-1	-1	9	2014	1
NS14824K	2	1	1	-1	-1	-1	7	2012	1
NS14824K	3	5	-1	1	3	-1	9	2009	6
NS14827N	1	3	2	-1	-1	-1	9	2007	11
NS14827N	2	5	-1	1	1	-1	9	1995	6
NS14831B	1	5	-1	1	2	-1	9	2009	6
NS14836G	1	1	1	-1	-1	-1	7	2011	1
NS14836G	2	5	-1	1	3	-1	9	2008	6
NS14837H	1	1	1	-1	-1	-1	5	2009	1
NS14837H	2	6	1	-1	-1	-1	8	2007	12
NS14837H	3	5	-1	1	1	-1	9	2001	6
NS14840V	1	1	1	-1	-1	-1	7	2015	1
NS14840V	2	1	1	-1	-1	-1	10	2012	1
NS14840V	3	10	-1	-1	-1	-1	8	2012	14
NS14840V	4	1	1	-1	-1	-1	8	2011	1
NS14840V	5	5	-1	1	3	-1	10	2008	6
NS14841W	1	1	1	-1	-1	-1	5	2013	1
NS14841W	2	4	-1	-1	-1	-1	3	2013	5
NS14841W	3	6	1	-1	-1	-1	10	2012	12
NS14841W	4	5	-1	1	3	-1	9	2009	6
NS14844Z	1	4	-1	-1	-1	-1	10	2013	5
NS14844Z	2	1	1	-1	-1	-1	10	2012	1
NS14844Z	3	4	-1	-1	-1	-1	9	2011	5
NS14844Z	4	5	-1	1	3	-1	10	2008	6
NS14847C	1	1	1	-1	-1	-1	3	2012	1
NS14847C	2	1	1	-1	-1	-1	6	2011	1
NS14847C	3	5	-1	1	3	-1	9	2008	6
NS14852R	1	5	-1	1	3	-1	9	2008	6
NS14853S	1	6	1	-1	-1	-1	9	2006	12
NS14854T	1	1	2	-1	-1	-1	6	2012	2
NS14854T	2	5	-1	1	2	-1	6	2008	6
NS14858Y	1	5	-1	1	3	-1	9	2009	6
NS14861K	1	1	1	-1	-1	-1	4	2010	1
NS14861K	2	1	1	-1	-1	-1	4	2010	1
NS14861K	3	4	-1	-1	-1	-1	1	2010	5
NS14861K	4	1	1	-1	-1	-1	6	2007	1
NS14861K	5	5	-1	1	2	-1	9	2006	6
NS14862L	1	1	1	-1	-1	-1	4	2014	1
NS14862L	2	1	1	-1	-1	-1	11	2013	1
NS14862L	3	1	1	-1	-1	-1	12	2012	1
NS14862L	4	1	1	-1	-1	-1	4	2011	1
NS14862L	5	1	1	-1	-1	-1	7	2008	1
NS14865P	1	1	1	-1	-1	-1	7	2015	1
NS14865P	2	5	-1	1	3	-1	9	2013	6
NS14865P	3	1	1	-1	-1	-1	6	2012	1
NS14865P	4	1	1	-1	-1	-1	10	2011	1
NS14865P	5	1	1	-1	-1	-1	7	2011	1
NS14865P	6	5	-1	1	3	-1	9	2008	6
NS14865P	7	5	-1	1	2	-1	9	2006	6
NS14866Q	1	1	2	-1	-1	-1	2	2010	2
NS14869T	1	3	1	-1	-1	-1	11	2012	11
NS14869T	2	4	-1	-1	-1	-1	7	2012	5
NS14869T	3	5	-1	1	3	-1	9	2009	6
NS14874H	1	10	-1	-1	-1	-1	11	2013	14
NS14874H	2	1	1	-1	-1	-1	4	2013	1
NS14874H	3	1	2	-1	-1	-1	8	2012	2
NS14874H	4	2	1	-1	-1	-1	4	2012	3
NS14874H	5	1	1	-1	-1	-1	3	2007	1
NS14875J	1	5	-1	1	3	-1	10	2008	6
NS14881Z	1	1	1	-1	-1	-1	4	2015	1
NS14881Z	2	1	2	-1	-1	-1	12	2014	2
NS14881Z	3	5	-1	1	3	-1	9	2013	6
NS14881Z	4	1	2	-1	-1	-1	1	2013	2
NS14881Z	5	1	1	-1	-1	-1	11	2012	1
NS14881Z	6	5	-1	1	3	-1	9	2009	6
NS14881Z	7	10	-1	-1	-1	-1	1	2009	14
NS14881Z	8	1	2	-1	-1	-1	11	2008	2
NS14881Z	9	5	-1	1	1	-1	9	2001	6
NS14886E	1	1	1	-1	-1	-1	6	2012	1
NS14886E	2	1	1	-1	-1	-1	1	2009	1
NS14886E	3	1	2	-1	-1	-1	11	2007	2
NS14887F	1	1	1	-1	-1	-1	8	2014	1
NS14887F	2	1	1	-1	-1	-1	9	2011	1
NS14887F	3	1	1	-1	-1	-1	10	2009	1
NS14888G	1	5	-1	1	2	-1	9	2006	6
NS14890S	1	1	2	-1	-1	-1	6	2013	2
NS14890S	2	4	-1	-1	-1	-1	6	2011	5
NS14890S	3	5	-1	1	3	-1	9	2008	6
NS14892V	1	4	-1	-1	-1	-1	3	2016	5
NS14892V	2	1	1	-1	-1	-1	9	2015	1
NS14892V	3	4	-1	-1	-1	-1	8	2014	5
NS14892V	4	1	1	-1	-1	-1	10	2012	1
NS14892V	5	1	1	-1	-1	-1	4	2012	1
NS14892V	6	1	1	-1	-1	-1	9	2008	1
NS14893W	1	5	-1	1	3	-1	9	2009	6
NS14895Y	1	4	-1	-1	-1	-1	2	2015	5
NS14895Y	2	7	-1	-1	-1	-1	1	2015	8
NS14895Y	3	4	-1	-1	-1	-1	11	2014	5
NS14895Y	4	6	1	-1	-1	-1	4	2014	12
NS14895Y	5	4	-1	-1	-1	-1	9	2013	5
NS14895Y	6	1	1	-1	-1	-1	9	2007	1
NS14896Z	1	1	1	-1	-1	-1	7	2011	1
NS14896Z	2	5	-1	1	3	-1	7	2008	6
NS14896Z	3	5	-1	1	1	-1	9	2001	6
NS14900T	1	1	1	-1	-1	-1	9	2014	1
NS14900T	2	1	1	-1	-1	-1	1	2010	1
NS14900T	3	4	-1	-1	-1	-1	2	2000	5
NS14906A	1	5	-1	1	3	-1	9	2008	6
NS14907B	1	1	1	-1	-1	-1	6	2007	1
NS14907B	2	6	1	-1	-1	-1	9	2005	12
NS14908C	1	1	1	-1	-1	-1	10	2012	1
NS14908C	2	1	1	-1	-1	-1	11	2011	1
NS14908C	3	5	-1	1	3	-1	9	2008	6
NS14910N	1	5	-1	1	3	-1	10	2011	6
NS14910N	2	5	-1	1	3	-1	10	2008	6
NS14912Q	1	4	-1	-1	-1	-1	10	2014	5
NS14912Q	2	1	1	-1	-1	-1	8	2007	1
NS14912Q	3	5	-1	1	2	-1	9	2006	6
NS14913R	1	5	-1	1	3	-1	10	2008	6
NS14914S	1	1	1	-1	-1	-1	9	2012	1
NS14914S	2	1	1	-1	-1	-1	1	2007	1
NS14914S	3	6	1	-1	-1	-1	8	2006	12
NS14915T	1	1	1	-1	-1	-1	7	2011	1
NS14915T	2	1	1	-1	-1	-1	1	2008	1
NS14916V	1	1	2	-1	-1	-1	1	2012	2
NS14916V	2	1	2	-1	-1	-1	5	2011	2
NS14916V	3	5	-1	1	3	-1	7	2008	6
NS14917W	1	4	-1	-1	-1	-1	8	2012	5
NS14917W	2	1	1	-1	-1	-1	3	2011	1
NS14917W	3	1	2	-1	-1	-1	3	2009	2
NS14924M	1	4	-1	-1	-1	-1	12	2010	5
NS14924M	2	1	2	-1	-1	-1	6	2010	2
NS14927Q	1	4	-1	-1	-1	-1	2	2013	5
NS14927Q	2	1	1	-1	-1	-1	8	2012	1
NS14927Q	3	1	1	-1	-1	-1	6	2011	1
NS14927Q	4	1	1	-1	-1	-1	1	2011	1
NS14927Q	5	1	1	-1	-1	-1	3	2008	1
NS14931D	1	5	-1	2	2	-1	9	2013	7
NS14931D	2	8	-1	-1	-1	2	8	2004	10
NS14934G	1	5	-1	1	3	-1	1	2010	6
NS14935H	1	4	-1	-1	-1	-1	6	2014	5
NS14935H	2	1	2	-1	-1	-1	1	2010	2
NS14939M	1	1	1	-1	-1	-1	7	2014	1
NS14939M	2	1	1	-1	-1	-1	12	2012	1
NS14939M	3	5	-1	1	3	-1	2	2010	6
NS14941Y	1	5	-1	1	3	-1	10	2008	6
NS14942Z	1	5	-1	1	2	-1	6	2008	6
NS14944B	1	1	1	-1	-1	-1	11	2011	1
NS14944B	2	5	-1	1	3	-1	9	2008	6
NS14945C	1	1	1	-1	-1	-1	11	2013	1
NS14945C	2	6	1	-1	-1	-1	8	2012	12
NS14945C	3	1	1	-1	-1	-1	6	2009	1
NS14946D	1	5	-1	1	3	-1	9	2009	6
NS14946D	2	5	-1	1	2	-1	9	2006	6
NS14948F	1	1	1	-1	-1	-1	6	2010	1
NS14948F	2	1	2	-1	-1	-1	9	2008	2
NS14948F	3	5	-1	1	2	-1	9	2006	6
NS14951S	1	1	2	-1	-1	-1	9	2010	2
NS14951S	2	1	2	-1	-1	-1	7	2007	2
NS14953V	1	5	-1	1	3	-1	9	2014	6
NS14953V	2	10	-1	-1	-1	-1	10	2012	14
NS14953V	3	5	-1	1	3	-1	9	2009	6
NS14953V	4	5	-1	1	2	-1	9	2006	6
NS14958A	1	1	2	-1	-1	-1	8	2010	2
NS14958A	2	1	1	-1	-1	-1	10	2008	1
NS14959B	1	5	-1	1	3	-1	9	2008	6
NS14961M	1	4	-1	-1	-1	-1	3	2007	5
NS14961M	2	10	-1	-1	-1	-1	3	2005	14
NS14963P	1	1	1	-1	-1	-1	11	2014	1
NS14963P	2	10	-1	-1	-1	-1	11	2013	14
NS14963P	3	1	1	-1	-1	-1	6	2013	1
NS14963P	4	1	1	-1	-1	-1	10	2012	1
NS14963P	5	1	2	-1	-1	-1	3	2008	2
NS14966S	1	9	-1	-1	-1	-1	12	2012	13
NS14966S	2	1	2	-1	-1	-1	2	2011	2
NS14966S	3	9	-1	-1	-1	-1	10	2009	13
NS14971G	1	1	2	-1	-1	-1	10	2011	2
NS14971G	2	1	1	-1	-1	-1	7	2006	1
NS14972H	1	1	1	-1	-1	-1	4	2007	1
NS14974K	1	1	1	-1	-1	-1	6	2012	1
NS14974K	2	1	1	-1	-1	-1	6	2009	1
NS14977N	1	1	1	-1	-1	-1	1	2012	1
NS14977N	2	1	1	-1	-1	-1	8	2011	1
NS14977N	3	5	-1	1	3	-1	10	2008	6
NS14981B	1	1	1	-1	-1	-1	9	2013	1
NS14981B	2	1	1	-1	-1	-1	3	2009	1
NS14983D	1	1	1	-1	-1	-1	9	2014	1
NS14983D	2	4	-1	-1	-1	-1	7	2013	5
NS14983D	3	5	-1	1	3	-1	9	2009	6
NS14985F	1	1	1	-1	-1	-1	8	2012	1
NS14985F	2	10	-1	-1	-1	-1	1	2012	14
NS14985F	3	1	2	-1	-1	-1	7	2011	2
NS14985F	4	5	-1	1	3	-1	9	2008	6
NS14986G	1	1	2	-1	-1	-1	11	2009	2
NS14986G	2	5	-1	1	2	-1	8	2007	6
NS14986G	3	5	-1	1	1	-1	2	2001	6
NS14987H	1	1	1	-1	-1	-1	7	2013	1
NS14987H	2	5	-1	1	3	-1	9	2008	6
NS14988J	1	4	-1	-1	-1	-1	2	2013	5
NS14988J	2	10	-1	-1	-1	-1	11	2011	14
NS14988J	3	4	-1	-1	-1	-1	6	2011	5
NS14988J	4	5	-1	1	3	-1	9	2008	6
NS14990V	1	5	-1	1	3	-1	9	2008	6
NS14991W	1	1	1	-1	-1	-1	7	2011	1
NS14991W	2	5	-1	1	2	-1	9	2009	6
NS14995A	1	1	1	-1	-1	-1	8	2012	1
NS14995A	2	5	-1	1	3	-1	9	2008	6
NS14997C	1	5	-1	1	3	-1	9	2008	6
NS14998D	1	5	-1	1	3	-1	10	2011	6
NS14998D	2	5	-1	1	3	-1	10	2008	6
NS15002X	1	1	1	-1	-1	-1	8	2013	1
NS15002X	2	5	-1	1	3	-1	9	2008	6
NS15003Y	1	1	1	-1	-1	-1	6	2012	1
NS15003Y	2	5	-1	1	3	-1	9	2008	6
NS15003Y	3	5	-1	1	2	-1	9	2006	6
NS15009E	1	1	1	-1	-1	-1	9	2007	1
NS15009E	2	5	-1	1	2	-1	9	2006	6
NS15011Q	1	3	2	-1	-1	-1	11	2008	11
NS15011Q	2	4	-1	-1	-1	-1	2	2007	5
NS15012R	1	1	2	-1	-1	-1	12	2010	2
NS15012R	2	1	1	-1	-1	-1	2	2007	1
NS15012R	3	4	-1	-1	-1	-1	7	2006	5
NS15017X	1	2	1	-1	-1	-1	6	2012	3
NS15017X	2	5	-1	1	3	-1	9	2009	6
NS15018Y	1	1	1	-1	-1	-1	-8	-8	1
NS15019Z	1	5	-1	1	2	-1	9	2007	6
NS15019Z	2	6	1	-1	-1	-1	8	2006	12
NS15020J	1	1	1	-1	-1	-1	6	2009	1
NS15020J	2	1	1	-1	-1	-1	5	2008	1
NS15020J	3	5	-1	1	2	-1	10	2006	6
NS15020J	4	5	-1	1	1	-1	9	2002	6
NS15024N	1	1	1	-1	-1	-1	3	2014	1
NS15024N	2	1	1	-1	-1	-1	6	2011	1
NS15024N	3	5	-1	1	3	-1	10	2008	6
NS15024N	4	5	-1	1	1	-1	9	1993	6
NS15025P	1	5	-1	1	2	-1	9	2015	6
NS15025P	2	2	1	-1	-1	-1	1	2015	3
NS15025P	3	1	1	-1	-1	-1	3	2014	1
NS15025P	4	1	1	-1	-1	-1	6	2013	1
NS15025P	5	5	-1	1	3	-1	9	2010	6
NS15025P	6	5	-1	1	2	-1	9	2006	6
NS15030D	1	4	-1	-1	-1	-1	9	2010	5
NS15030D	2	5	-1	1	2	-1	10	2009	6
NS15030D	3	5	-1	1	2	-1	8	2009	6
NS15030D	4	10	-1	-1	-1	-1	10	2008	14
NS15030D	5	10	-1	-1	-1	-1	11	2007	14
NS15030D	6	10	-1	-1	-1	-1	12	2006	14
NS15030D	7	10	-1	-1	-1	-1	10	2006	14
NS15030D	8	-9	-1	-1	-1	-1	-9	-9	-8
NS15032F	1	2	1	-1	-1	-1	7	2014	3
NS15032F	2	5	-1	1	3	-1	9	2010	6
NS15032F	3	10	-1	-1	-1	-1	7	2009	14
NS15036K	1	1	1	-1	-1	-1	2	2016	1
NS15036K	2	1	1	-1	-1	-1	10	2015	1
NS15036K	3	1	1	-1	-1	-1	10	2014	1
NS15036K	4	2	2	-1	-1	-1	1	2014	4
NS15036K	5	2	1	-1	-1	-1	6	2013	3
NS15036K	6	1	1	-1	-1	-1	11	2012	1
NS15036K	7	1	1	-1	-1	-1	11	2011	1
NS15036K	8	1	2	-1	-1	-1	6	2011	2
NS15036K	9	5	-1	1	3	-1	9	2008	6
NS15037L	1	1	1	-1	-1	-1	8	2006	1
NS15039N	1	1	1	-1	-1	-1	12	2014	1
NS15039N	2	5	-1	1	3	-1	9	2014	6
NS15039N	3	1	1	-1	-1	-1	9	2013	1
NS15039N	4	1	1	-1	-1	-1	6	2012	1
NS15039N	5	5	-1	1	3	-1	9	2011	6
NS15039N	6	5	-1	1	2	-1	9	2009	6
NS15042A	1	5	-1	1	3	-1	9	2010	6
NS15042A	2	3	2	-1	-1	-1	7	2008	11
NS15043B	1	1	1	-1	-1	-1	5	2010	1
NS15044C	1	5	-1	1	3	-1	9	2009	6
NS15044C	2	5	-1	1	2	-1	9	2006	6
NS15046E	1	4	-1	-1	-1	-1	7	2014	5
NS15046E	2	5	-1	1	3	-1	9	2009	6
NS15046E	3	10	-1	-1	-1	-1	5	2009	14
NS15046E	4	3	1	-1	-1	-1	9	2008	11
NS15046E	5	10	-1	-1	-1	-1	7	2008	14
NS15046E	6	5	-1	1	1	-1	1	1995	6
NS15050S	1	9	-1	-1	-1	-1	5	2011	13
NS15050S	2	1	1	-1	-1	-1	6	1997	1
NS15054X	1	1	1	-1	-1	-1	5	2015	1
NS15054X	2	1	1	-1	-1	-1	5	2014	1
NS15054X	3	1	1	-1	-1	-1	8	2009	1
NS15057A	1	1	1	-1	-1	-1	9	2015	1
NS15057A	2	1	1	-1	-1	-1	6	2015	1
NS15057A	3	1	1	-1	-1	-1	4	2014	1
NS15057A	4	1	1	-1	-1	-1	10	2013	1
NS15057A	5	1	1	-1	-1	-1	9	2009	1
NS15058B	1	1	1	-1	-1	-1	5	2014	1
NS15058B	2	1	1	-1	-1	-1	11	2013	1
NS15058B	3	4	-1	-1	-1	-1	9	2013	5
NS15058B	4	1	1	-1	-1	-1	9	2012	1
NS15058B	5	5	-1	1	3	-1	9	2008	6
NS15061N	1	2	1	-1	-1	-1	9	2014	3
NS15061N	2	1	1	-1	-1	-1	6	2010	1
NS15061N	3	1	1	-1	-1	-1	6	2007	1
NS15066T	1	1	1	-1	-1	-1	2	2012	1
NS15066T	2	4	-1	-1	-1	-1	7	2011	5
NS15066T	3	5	-1	1	3	-1	10	2008	6
NS15067V	1	5	-1	1	3	-1	9	2011	6
NS15067V	2	5	-1	1	2	-1	8	2009	6
NS15071H	1	1	1	-1	-1	-1	11	2007	1
NS15074L	1	5	-1	1	3	-1	9	2010	6
NS15074L	2	1	1	-1	-1	-1	8	2009	1
NS15074L	3	5	-1	1	1	-1	9	2001	6
NS15075M	1	1	1	-1	-1	-1	6	2015	1
NS15075M	2	1	1	-1	-1	-1	4	2015	1
NS15075M	3	1	1	-1	-1	-1	2	2015	1
NS15075M	4	1	1	-1	-1	-1	9	2014	1
NS15075M	5	1	1	-1	-1	-1	9	2013	1
NS15075M	6	1	2	-1	-1	-1	10	2010	2
NS15075M	7	5	-1	1	3	-1	9	2009	6
NS15076N	1	1	1	-1	-1	-1	12	2014	1
NS15076N	2	1	1	-1	-1	-1	8	2014	1
NS15076N	3	4	-1	-1	-1	-1	12	2013	5
NS15076N	4	1	1	-1	-1	-1	12	2012	1
NS15076N	5	4	-1	-1	-1	-1	3	2008	5
NS15082D	1	1	1	-1	-1	-1	9	2015	1
NS15082D	2	1	1	-1	-1	-1	9	2014	1
NS15082D	3	1	1	-1	-1	-1	4	2014	1
NS15082D	4	1	1	-1	-1	-1	8	2011	1
NS15082D	5	1	2	-1	-1	-1	7	2011	2
NS15082D	6	5	-1	2	2	-1	9	2004	7
NS15086H	1	2	1	-1	-1	-1	10	2013	3
NS15086H	2	1	1	-1	-1	-1	9	2012	1
NS15086H	3	1	1	-1	-1	-1	5	2005	1
NS15087J	1	1	1	-1	-1	-1	9	2008	1
NS15089L	1	1	1	-1	-1	-1	7	2011	1
NS15089L	2	5	-1	1	3	-1	9	2008	6
NS15090W	1	10	-1	-1	-1	-1	2	2013	14
NS15090W	2	1	1	-1	-1	-1	3	2011	1
NS15090W	3	1	1	-1	-1	-1	7	2008	1
NS15090W	4	5	-1	1	2	-1	9	2006	6
NS15097D	1	1	2	-1	-1	-1	1	2013	2
NS15097D	2	4	-1	-1	-1	-1	5	2012	5
NS15097D	3	8	-1	-1	-1	2	5	2011	10
NS15097D	4	1	1	-1	-1	-1	9	2008	1
NS15098E	1	1	2	-1	-1	-1	10	2006	2
NS15099F	1	1	1	-1	-1	-1	8	2013	1
NS15099F	2	4	-1	-1	-1	-1	2	2013	5
NS15099F	3	1	1	-1	-1	-1	3	2008	1
NS15108F	1	1	1	-1	-1	-1	10	2012	1
NS15108F	2	1	2	-1	-1	-1	6	2007	2
NS15110R	1	1	1	-1	-1	-1	2	2013	1
NS15110R	2	4	-1	-1	-1	-1	8	2011	5
NS15110R	3	1	1	-1	-1	-1	8	2010	1
NS15110R	4	4	-1	-1	-1	-1	8	2009	5
NS15111S	1	1	1	-1	-1	-1	6	2010	1
NS15111S	2	1	1	-1	-1	-1	6	2006	1
NS15112T	1	5	-1	1	3	-1	9	2012	6
NS15112T	2	1	2	-1	-1	-1	10	2009	2
NS15116Y	1	1	1	-1	-1	-1	9	2007	1
NS15116Y	2	6	1	-1	-1	-1	8	2007	12
NS15116Y	3	1	1	-1	-1	-1	3	2007	1
NS15116Y	4	4	-1	-1	-1	-1	9	2006	5
NS15122N	1	1	1	-1	-1	-1	2	2014	1
NS15122N	2	4	-1	-1	-1	-1	9	2013	5
NS15122N	3	1	2	-1	-1	-1	9	2008	2
NS15123P	1	4	-1	-1	-1	-1	7	2011	5
NS15123P	2	5	-1	1	3	-1	9	2008	6
NS15125R	1	5	-1	1	3	-1	10	2008	6
NS15125R	2	5	-1	1	2	-1	9	2006	6
NS15127T	1	1	1	-1	-1	-1	3	2014	1
NS15127T	2	4	-1	-1	-1	-1	12	2013	5
NS15127T	3	1	1	-1	-1	-1	4	2013	1
NS15127T	4	1	1	-1	-1	-1	5	2007	1
NS15128V	1	1	1	-1	-1	-1	3	2008	1
NS15128V	2	5	-1	1	2	-1	9	2007	6
NS15128V	3	1	2	-1	-1	-1	3	2007	2
NS15128V	4	1	2	-1	-1	-1	3	2007	2
NS15128V	5	5	-1	1	2	-1	9	2006	6
NS15129W	1	1	1	-1	-1	-1	9	2012	1
NS15129W	2	5	-1	1	3	-1	10	2008	6
NS15130F	1	5	-1	1	2	-1	8	2006	6
NS15134K	1	4	-1	-1	-1	-1	11	2012	5
NS15134K	2	1	1	-1	-1	-1	6	2012	1
NS15134K	3	5	-1	1	3	-1	10	2008	6
NS15140A	1	5	-1	1	2	-1	9	2014	6
NS15140A	2	1	1	-1	-1	-1	8	2012	1
NS15140A	3	5	-1	1	3	-1	9	2009	6
NS15141B	1	4	-1	-1	-1	-1	3	2012	5
NS15141B	2	1	1	-1	-1	-1	11	2011	1
NS15141B	3	4	-1	-1	-1	-1	6	2011	5
NS15141B	4	5	-1	1	3	-1	9	2008	6
NS15144E	1	4	-1	-1	-1	-1	10	2015	5
NS15144E	2	1	2	-1	-1	-1	7	2015	2
NS15144E	3	5	-1	1	3	-1	9	2013	6
NS15144E	4	5	-1	2	3	-1	9	2009	7
NS15144E	5	5	-1	1	2	-1	9	2006	6
NS15147H	1	1	2	-1	-1	-1	2	2014	2
NS15147H	2	4	-1	-1	-1	-1	11	2013	5
NS15147H	3	1	2	-1	-1	-1	10	2013	2
NS15147H	4	1	1	-1	-1	-1	9	2009	1
NS15147H	5	1	2	-1	-1	-1	1	2009	2
NS15147H	6	1	2	-1	-1	-1	8	2008	2
NS15147H	7	1	2	-1	-1	-1	7	2006	2
NS15149K	1	1	1	-1	-1	-1	6	2014	1
NS15149K	2	1	1	-1	-1	-1	1	2014	1
NS15149K	3	1	1	-1	-1	-1	10	2012	1
NS15149K	4	1	1	-1	-1	-1	11	2011	1
NS15149K	5	1	1	-1	-1	-1	2	2009	1
NS15149K	6	5	-1	1	3	-1	9	2008	6
NS15149K	7	10	-1	-1	-1	-1	1	2007	14
NS15152X	1	1	1	-1	-1	-1	1	2006	1
NS15159E	1	1	2	-1	-1	-1	10	2014	2
NS15159E	2	1	1	-1	-1	-1	4	2008	1
NS15162R	1	1	1	-1	-1	-1	3	2007	1
NS15165V	1	1	1	-1	-1	-1	5	2013	1
NS15165V	2	1	2	-1	-1	-1	5	2006	2
NS15169Z	1	1	2	-1	-1	-1	-8	2010	2
NS15169Z	2	-8	-1	-1	-1	-1	-8	-8	-8
NS15172L	1	1	1	-1	-1	-1	4	2010	1
NS15174N	1	1	1	-1	-1	-1	11	2015	1
NS15174N	2	4	-1	-1	-1	-1	6	2015	5
NS15174N	3	1	1	-1	-1	-1	12	2014	1
NS15174N	4	4	-1	-1	-1	-1	8	2014	5
NS15174N	5	1	1	-1	-1	-1	5	2011	1
NS15174N	6	-8	-1	-1	-1	-1	-8	-8	-8
NS15176Q	1	1	2	-1	-1	-1	12	2008	2
NS15176Q	2	5	-1	1	2	-1	9	2007	6
NS15176Q	3	5	-1	1	1	-1	9	2001	6
NS15177R	1	5	-1	1	3	-1	9	2011	6
NS15177R	2	1	2	-1	-1	-1	4	2008	2
NS15177R	3	5	-1	1	1	-1	9	1994	6
NS15178S	1	1	1	-1	-1	-1	8	2015	1
NS15178S	2	1	1	-1	-1	-1	3	2014	1
NS15178S	3	1	1	-1	-1	-1	9	2013	1
NS15178S	4	5	-1	1	3	-1	9	2010	6
NS15182F	1	5	-1	1	2	-1	9	2006	6
NS15183G	1	-9	-1	-1	-1	-1	-9	-9	-8
NS15187L	1	1	1	-1	-1	-1	5	2014	1
NS15187L	2	1	1	-1	-1	-1	5	2011	1
NS15187L	3	1	1	-1	-1	-1	5	2008	1
NS15192A	1	5	-1	1	3	-1	10	2014	6
NS15192A	2	1	1	-1	-1	-1	9	2012	1
NS15192A	3	5	-1	1	3	-1	9	2009	6
NS15193B	1	5	-1	1	3	-1	9	2008	6
NS15194C	1	1	2	-1	-1	-1	11	2009	2
NS15197F	1	4	-1	-1	-1	-1	-8	-8	5
NS15198G	1	5	-1	1	3	-1	9	2014	6
NS15198G	2	1	1	-1	-1	-1	2	2013	1
NS15198G	3	1	1	-1	-1	-1	11	2012	1
NS15198G	4	3	2	-1	-1	-1	8	2012	11
NS15198G	5	5	-1	1	3	-1	9	2008	6
NS15199H	1	5	-1	1	2	-1	9	2014	6
NS15199H	2	1	1	-1	-1	-1	10	2010	1
NS15199H	3	1	1	-1	-1	-1	8	2009	1
NS15199H	4	1	1	-1	-1	-1	6	2008	1
NS15199H	5	5	-1	1	2	-1	9	2006	6
NS15200Z	1	5	-1	1	3	-1	9	2008	6
NS15201A	1	1	1	-1	-1	-1	12	2011	1
NS15201A	2	1	2	-1	-1	-1	11	2011	2
NS15201A	3	1	2	-1	-1	-1	6	2011	2
NS15201A	4	5	-1	1	3	-1	9	2008	6
NS15206F	1	1	2	-1	-1	-1	9	2014	2
NS15206F	2	5	-1	1	3	-1	9	2013	6
NS15206F	3	1	1	-1	-1	-1	8	2011	1
NS15206F	4	5	-1	1	3	-1	9	2009	6
NS15207G	1	1	2	-1	-1	-1	12	2008	2
NS15209J	1	1	1	-1	-1	-1	11	2012	1
NS15209J	2	1	2	-1	-1	-1	9	2007	2
NS15211V	1	1	2	-1	-1	-1	9	2014	2
NS15211V	2	4	-1	-1	-1	-1	10	2012	5
NS15211V	3	1	2	-1	-1	-1	1	2009	2
NS15215Z	1	1	1	-1	-1	-1	1	2007	1
NS15216A	1	1	1	-1	-1	-1	4	2008	1
NS15217B	1	4	-1	-1	-1	-1	10	2012	5
NS15217B	2	1	1	-1	-1	-1	9	2011	1
NS15217B	3	5	-1	1	3	-1	9	2008	6
NS15218C	1	5	-1	1	3	-1	9	2008	6
NS15220N	1	1	2	-1	-1	-1	9	2007	2
NS15220N	2	5	-1	1	2	-1	9	2006	6
NS15223R	1	5	-1	1	3	-1	9	2009	6
NS15225T	1	1	2	-1	-1	-1	8	2006	2
NS15228X	1	4	-1	-1	-1	-1	3	2006	5
NS15229Y	1	5	-1	1	3	-1	10	2009	6
NS15230H	1	10	-1	-1	-1	-1	7	2014	14
NS15230H	2	1	1	-1	-1	-1	7	2014	1
NS15230H	3	5	-1	1	3	-1	9	2009	6
NS15232K	1	10	-1	-1	-1	-1	8	2015	14
NS15232K	2	1	1	-1	-1	-1	9	2014	1
NS15232K	3	1	1	-1	-1	-1	4	2014	1
NS15232K	4	1	1	-1	-1	-1	9	2006	1
NS15239S	1	1	1	-1	-1	-1	8	2012	1
NS15239S	2	5	-1	1	3	-1	9	2009	6
NS15241D	1	10	-1	-1	-1	-1	4	2009	14
NS15243F	1	5	-1	1	3	-1	9	2012	6
NS15243F	2	1	2	-1	-1	-1	6	2006	2
NS15244G	1	5	-1	2	2	-1	9	2007	7
NS15246J	1	5	-1	1	3	-1	9	2010	6
NS15246J	2	1	2	-1	-1	-1	11	2006	2
NS15248L	1	10	-1	-1	-1	-1	4	2014	14
NS15248L	2	3	2	-1	-1	-1	9	2011	11
NS15248L	3	5	-1	1	3	-1	9	2007	6
NS15249M	1	4	-1	-1	-1	-1	3	2013	5
NS15249M	2	1	1	-1	-1	-1	9	2007	1
NS15249M	3	5	-1	1	2	-1	9	2006	6
NS15253A	1	1	1	-1	-1	-1	10	2012	1
NS15253A	2	5	-1	1	3	-1	9	2011	6
NS15253A	3	5	-1	1	3	-1	9	2008	6
NS15254B	1	1	2	-1	-1	-1	2	2014	2
NS15254B	2	1	1	-1	-1	-1	3	2013	1
NS15254B	3	10	-1	-1	-1	-1	6	2009	14
NS15254B	4	5	-1	1	2	-1	9	2006	6
NS15256D	1	1	2	-1	-1	-1	7	2008	2
NS15257E	1	1	2	-1	-1	-1	8	2012	2
NS15257E	2	1	2	-1	-1	-1	12	2006	2
NS15262T	1	1	1	-1	-1	-1	6	2011	1
NS15262T	2	5	-1	1	3	-1	9	2008	6
NS15266Y	1	10	-1	-1	-1	-1	3	2013	14
NS15266Y	2	1	2	-1	-1	-1	10	2012	2
NS15266Y	3	1	1	-1	-1	-1	4	2012	1
NS15266Y	4	1	1	-1	-1	-1	9	2011	1
NS15266Y	5	5	-1	1	3	-1	10	2008	6
NS15268A	1	4	-1	-1	-1	-1	1	2010	5
NS15269B	1	5	-1	1	3	-1	9	2009	6
NS15273P	1	5	-1	1	3	-1	9	2009	6
NS15275R	1	1	1	-1	-1	-1	10	2007	1
NS15275R	2	5	-1	1	1	-1	9	2000	6
NS15276S	1	1	1	-1	-1	-1	-1	-1	1
NS15277T	1	1	2	-1	-1	-1	8	2015	2
NS15277T	2	1	2	-1	-1	-1	4	2015	2
NS15277T	3	2	2	-1	-1	-1	10	2014	4
NS15277T	4	10	-1	-1	-1	-1	-9	-9	14
NS15281G	1	1	2	-1	-1	-1	12	2011	2
NS15281G	2	4	-1	-1	-1	-1	9	2011	5
NS15281G	3	5	-1	1	3	-1	9	2008	6
NS15283J	1	2	1	-1	-1	-1	9	2013	3
NS15283J	2	5	-1	1	3	-1	9	2010	6
NS15283J	3	1	2	-1	-1	-1	7	2008	2
NS15285L	1	3	1	-1	-1	-1	9	2012	11
NS15285L	2	10	-1	-1	-1	-1	3	2012	14
NS15285L	3	3	2	-1	-1	-1	7	2011	11
NS15285L	4	5	-1	1	3	-1	9	2008	6
NS15289Q	1	1	1	-1	-1	-1	1	2014	1
NS15289Q	2	4	-1	-1	-1	-1	9	2013	5
NS15289Q	3	5	-1	1	3	-1	9	2008	6
NS15290A	1	2	2	-1	-1	-1	9	2009	4
NS15290A	2	5	-1	1	1	-1	10	2001	6
NS15297H	1	1	2	-1	-1	-1	1	2009	2
NS15298J	1	1	1	-1	-1	-1	9	2013	1
NS15298J	2	1	1	-1	-1	-1	6	2013	1
NS15298J	3	5	-1	1	3	-1	10	2011	6
NS15298J	4	1	1	-1	-1	-1	11	2010	1
NS15298J	5	5	-1	1	3	-1	10	2008	6
NS15301C	1	1	1	-1	-1	-1	3	2013	1
NS15301C	2	1	1	-1	-1	-1	6	2012	1
NS15301C	3	5	-1	1	3	-1	9	2009	6
NS15301C	4	1	2	-1	-1	-1	3	2009	2
NS15305G	1	1	1	-1	-1	-1	11	2015	1
NS15305G	2	1	1	-1	-1	-1	3	2015	1
NS15305G	3	1	1	-1	-1	-1	11	2014	1
NS15305G	4	1	1	-1	-1	-1	6	2014	1
NS15305G	5	1	1	-1	-1	-1	9	2012	1
NS15305G	6	5	-1	1	3	-1	9	2011	6
NS15305G	7	5	-1	1	3	-1	9	2008	6
NS15307J	1	4	-1	-1	-1	-1	5	2013	5
NS15307J	2	1	1	-1	-1	-1	9	2009	1
NS15311X	1	5	-1	1	3	-1	9	2009	6
NS15314A	1	1	1	-1	-1	-1	12	2012	1
NS15314A	2	1	1	-1	-1	-1	10	2012	1
NS15314A	3	1	1	-1	-1	-1	8	2012	1
NS15314A	4	1	2	-1	-1	-1	7	2007	2
NS15315B	1	2	1	-1	-1	-1	9	2012	3
NS15315B	2	5	-1	1	3	-1	9	2009	6
NS15316C	1	1	1	-1	-1	-1	8	2012	1
NS15316C	2	5	-1	1	3	-1	9	2008	6
NS15318E	1	1	1	-1	-1	-1	10	2011	1
NS15318E	2	1	2	-1	-1	-1	1	2011	2
NS15318E	3	5	-1	1	3	-1	9	2008	6
NS15318E	4	1	1	-1	-1	-1	6	2008	1
NS15321R	1	5	-1	1	3	-1	9	2014	6
NS15321R	2	5	-1	1	3	-1	9	2013	6
NS15321R	3	1	1	-1	-1	-1	6	2013	1
NS15321R	4	5	-1	2	2	-1	1	2013	7
NS15321R	5	1	1	-1	-1	-1	11	2011	1
NS15321R	6	5	-1	1	3	-1	9	2008	6
NS15322S	1	4	-1	-1	-1	-1	8	2008	5
NS15322S	2	4	-1	-1	-1	-1	5	2007	5
NS15324V	1	1	1	-1	-1	-1	9	2014	1
NS15324V	2	5	-1	1	3	-1	9	2013	6
NS15324V	3	1	1	-1	-1	-1	7	2011	1
NS15324V	4	5	-1	1	3	-1	9	2008	6
NS15326X	1	1	1	-1	-1	-1	9	2010	1
NS15326X	2	1	1	-1	-1	-1	9	2010	1
NS15326X	3	5	-1	1	3	-1	9	2009	6
NS15329A	1	1	1	-1	-1	-1	4	2015	1
NS15329A	2	1	1	-1	-1	-1	8	2012	1
NS15329A	3	5	-1	1	3	-1	9	2009	6
NS15329A	4	1	1	-1	-1	-1	6	2008	1
NS15333N	1	1	2	-1	-1	-1	5	2010	2
NS15335Q	1	1	2	-1	-1	-1	8	2015	2
NS15335Q	2	1	1	-1	-1	-1	5	2010	1
NS15338T	1	1	1	-1	-1	-1	8	2014	1
NS15338T	2	5	-1	1	3	-1	9	2008	6
NS15345K	1	1	1	-1	-1	-1	8	2014	1
NS15345K	2	2	1	-1	-1	-1	7	2012	3
NS15345K	3	1	1	-1	-1	-1	1	2008	1
NS15354D	1	2	2	-1	-1	-1	9	2014	4
NS15354D	2	1	1	-1	-1	-1	10	2013	1
NS15354D	3	5	-1	1	3	-1	9	2009	6
NS15354D	4	5	-1	1	2	-1	9	2006	6
NS15355E	1	5	-1	1	2	-1	9	2010	6
NS15355E	2	5	-1	1	2	-1	9	2009	6
NS15356F	1	4	-1	-1	-1	-1	6	2013	5
NS15356F	2	1	1	-1	-1	-1	11	2011	1
NS15356F	3	1	2	-1	-1	-1	4	2006	2
NS15359J	1	5	-1	1	3	-1	9	2008	6
NS15360T	1	1	2	-1	-1	-1	7	2008	2
NS15360T	2	5	-1	1	2	-1	9	2005	6
NS15361V	1	2	1	-1	-1	-1	7	2012	3
NS15361V	2	5	-1	1	3	-1	9	2009	6
NS15365Z	1	5	-1	1	3	-1	9	2011	6
NS15365Z	2	5	-1	1	3	-1	10	2008	6
NS15367B	1	5	-1	1	3	-1	9	2009	6
NS15371P	1	1	1	-1	-1	-1	12	2012	1
NS15371P	2	1	1	-1	-1	-1	5	2010	1
NS15373R	1	5	-1	1	3	-1	10	2009	6
NS15376V	1	5	-1	1	3	-1	9	2011	6
NS15376V	2	5	-1	1	3	-1	9	2008	6
NS15378X	1	1	1	-1	-1	-1	1	2007	1
NS15379Y	1	1	1	-1	-1	-1	4	2013	1
NS15379Y	2	1	1	-1	-1	-1	1	2010	1
NS15379Y	3	1	2	-1	-1	-1	3	2006	2
NS15382K	1	1	1	-1	-1	-1	9	2013	1
NS15382K	2	5	-1	1	3	-1	9	2010	6
NS15382K	3	5	-1	1	2	-1	9	2007	6
NS15382K	4	5	-1	1	1	-1	9	2003	6
NS15389S	1	1	1	-1	-1	-1	6	2012	1
NS15389S	2	5	-1	1	3	-1	9	2009	6
NS15390C	1	4	-1	-1	-1	-1	7	2014	5
NS15390C	2	1	1	-1	-1	-1	12	2008	1
NS15390C	3	5	-1	1	1	-1	9	2006	6
NS15391D	1	4	-1	-1	-1	-1	9	2013	5
NS15391D	2	5	-1	1	3	-1	9	2008	6
NS15392E	1	5	-1	1	3	-1	8	2013	6
NS15392E	2	5	-1	1	2	-1	9	2006	6
NS15393F	1	1	2	-1	-1	-1	7	2007	2
NS15397K	1	5	-1	2	3	-1	9	2014	7
NS15397K	2	5	-1	2	2	-1	9	2013	7
NS15397K	3	5	-1	2	3	-1	9	2012	7
NS15397K	4	5	-1	2	2	-1	9	2010	7
NS15397K	5	3	2	-1	-1	-1	9	2009	11
NS15399M	1	5	-1	1	2	-1	9	2013	6
NS15399M	2	1	2	-1	-1	-1	7	2013	2
NS15399M	3	1	2	-1	-1	-1	5	2013	2
NS15399M	4	10	-1	-1	-1	-1	1	2011	14
NS15399M	5	10	-1	-1	-1	-1	5	2008	14
NS15399M	6	1	1	-1	-1	-1	6	2007	1
NS15399M	7	1	1	-1	-1	-1	4	2006	1
NS15401E	1	1	1	-1	-1	-1	6	2010	1
NS15402F	1	5	-1	1	2	-1	9	2006	6
NS15404H	1	1	2	-1	-1	-1	9	2012	2
NS15404H	2	4	-1	-1	-1	-1	6	2011	5
NS15404H	3	5	-1	1	3	-1	9	2008	6
NS15404H	4	5	-1	1	2	-1	9	2006	6
NS15405J	1	3	1	-1	-1	-1	12	2013	11
NS15405J	2	5	-1	1	3	-1	11	2009	6
NS15405J	3	1	1	-1	-1	-1	9	2008	1
NS15405J	4	5	-1	1	1	-1	7	2006	6
NS15407L	1	4	-1	-1	-1	-1	6	2013	5
NS15407L	2	5	-1	1	3	-1	9	2008	6
NS15409N	1	1	1	-1	-1	-1	7	2012	1
NS15409N	2	8	-1	-1	-1	2	7	2011	10
NS15409N	3	1	1	-1	-1	-1	2	2009	1
NS15412A	1	4	-1	-1	-1	-1	9	2013	5
NS15412A	2	5	-1	1	3	-1	9	2013	6
NS15412A	3	5	-1	1	3	-1	9	2008	6
NS15413B	1	1	1	-1	-1	-1	5	2015	1
NS15413B	2	1	1	-1	-1	-1	8	2012	1
NS15413B	3	5	-1	1	2	-1	9	2009	6
NS15413B	4	5	-1	1	4	-1	5	2009	6
NS15413B	5	10	-1	-1	-1	-1	4	2008	14
NS15413B	6	6	1	-1	-1	-1	7	2006	12
NS15427A	1	1	2	-1	-1	-1	7	2011	2
NS15427A	2	4	-1	-1	-1	-1	7	2010	5
NS15427A	3	5	-1	1	2	-1	9	2006	6
NS15428B	1	5	-1	1	3	-1	9	2008	6
NS15434R	1	1	1	-1	-1	-1	8	2015	1
NS15434R	2	1	1	-1	-1	-1	6	2012	1
NS15434R	3	1	1	-1	-1	-1	8	2007	1
NS15434R	4	5	-1	1	1	-1	9	1994	6
NS15436T	1	5	-1	1	3	-1	9	2008	6
NS15437V	1	1	1	-1	-1	-1	12	2014	1
NS15437V	2	1	1	-1	-1	-1	10	2013	1
NS15437V	3	1	1	-1	-1	-1	9	2012	1
NS15437V	4	1	1	-1	-1	-1	1	2012	1
NS15437V	5	5	-1	1	3	-1	9	2008	6
NS15439X	1	1	1	-1	-1	-1	9	2014	1
NS15439X	2	1	1	-1	-1	-1	7	2014	1
NS15439X	3	5	-1	1	3	-1	9	2011	6
NS15439X	4	1	1	-1	-1	-1	10	2008	1
NS15440G	1	5	-1	1	3	-1	9	2011	6
NS15440G	2	5	-1	1	2	-1	9	2008	6
NS15447P	1	5	-1	1	3	-1	9	2008	6
NS15447P	2	5	-1	1	2	-1	9	2006	6
NS15449R	1	4	-1	-1	-1	-1	1	2011	5
NS15449R	2	5	-1	1	2	-1	9	2007	6
NS15452D	1	1	2	-1	-1	-1	9	2015	2
NS15452D	2	1	1	-1	-1	-1	11	2013	1
NS15452D	3	1	2	-1	-1	-1	9	2011	2
NS15452D	4	5	-1	1	3	-1	9	2008	6
NS15453E	1	5	-1	1	3	-1	9	2012	6
NS15453E	2	5	-1	1	3	-1	9	2008	6
NS15454F	1	1	2	-1	-1	-1	11	2013	2
NS15454F	2	9	-1	-1	-1	-1	9	2006	13
NS15455G	1	1	1	-1	-1	-1	8	2012	1
NS15455G	2	4	-1	-1	-1	-1	6	2012	5
NS15455G	3	5	-1	1	3	-1	9	2008	6
NS15456H	1	1	2	-1	-1	-1	2	2015	2
NS15456H	2	4	-1	-1	-1	-1	10	2008	5
NS15460W	1	1	1	-1	-1	-1	1	2015	1
NS15460W	2	2	2	-1	-1	-1	9	2013	4
NS15460W	3	5	-1	1	3	-1	9	2012	6
NS15460W	4	5	-1	1	3	-1	9	2009	6
NS15460W	5	5	-1	1	1	-1	9	2001	6
NS15464A	1	1	1	-1	-1	-1	11	2010	1
NS15464A	2	1	1	-1	-1	-1	11	2010	1
NS15464A	3	5	-1	1	2	-1	9	2008	6
NS15465B	1	1	1	-1	-1	-1	6	2014	1
NS15465B	2	2	1	-1	-1	-1	7	2006	3
NS15466C	1	4	-1	-1	-1	-1	11	2012	5
NS15466C	2	5	-1	1	3	-1	9	2008	6
NS15471R	1	1	2	-1	-1	-1	7	2012	2
NS15471R	2	3	2	-1	-1	-1	3	2009	11
NS15472S	1	1	2	-1	-1	-1	1	2015	2
NS15472S	2	1	1	-1	-1	-1	11	2012	1
NS15472S	3	4	-1	-1	-1	-1	9	2011	5
NS15472S	4	5	-1	1	3	-1	9	2008	6
NS15472S	5	5	-1	1	1	-1	9	2001	6
NS15476X	1	1	2	-1	-1	-1	3	2012	2
NS15476X	2	4	-1	-1	-1	-1	-8	-8	5
NS15479A	1	1	2	-1	-1	-1	4	2012	2
NS15479A	2	5	-1	1	3	-1	9	2009	6
NS15485Q	1	1	2	-1	-1	-1	7	2006	2
NS15487S	1	1	1	-1	-1	-1	9	2013	1
NS15487S	2	10	-1	-1	-1	-1	8	2013	14
NS15487S	3	1	1	-1	-1	-1	4	2012	1
NS15487S	4	1	1	-1	-1	-1	10	2011	1
NS15487S	5	4	-1	-1	-1	-1	8	2008	5
NS15487S	6	1	1	-1	-1	-1	1	2007	1
NS15487S	7	5	-1	2	2	-1	9	2006	7
NS15488T	1	5	-1	1	3	-1	9	2013	6
NS15488T	2	1	1	-1	-1	-1	4	2012	1
NS15488T	3	4	-1	-1	-1	-1	1	2012	5
NS15488T	4	1	1	-1	-1	-1	11	2011	1
NS15488T	5	5	-1	1	3	-1	9	2008	6
NS15489V	1	5	-1	1	3	-1	10	2008	6
NS15489V	2	5	-1	1	1	-1	9	2001	6
NS15491F	1	4	-1	-1	-1	-1	5	2012	5
NS15491F	2	5	-1	1	3	-1	9	2008	6
NS15492G	1	5	-1	1	3	-1	9	2012	6
NS15492G	2	5	-1	1	3	-1	9	2008	6
NS15494J	1	1	1	-1	-1	-1	4	2010	1
NS15494J	2	5	-1	1	2	-1	8	2008	6
NS15494J	3	5	-1	1	1	-1	9	2001	6
NS15496L	1	5	-1	1	3	-1	1	2013	6
NS15496L	2	1	1	-1	-1	-1	3	2011	1
NS15496L	3	1	1	-1	-1	-1	9	2010	1
NS15496L	4	1	1	-1	-1	-1	9	2010	1
NS15496L	5	5	-1	1	2	-1	9	2008	6
NS15496L	6	5	-1	1	1	-1	9	2003	6
NS15497M	1	1	1	-1	-1	-1	8	2007	1
NS15503J	1	5	-1	2	1	-1	9	2007	7
NS15503J	2	5	-1	1	1	-1	9	2004	6
NS15506M	1	1	2	-1	-1	-1	1	2006	2
NS15507N	1	1	1	-1	-1	-1	2	2012	1
NS15507N	2	1	1	-1	-1	-1	10	2011	1
NS15507N	3	5	-1	1	3	-1	10	2008	6
NS15511B	1	1	2	-1	-1	-1	9	2011	2
NS15511B	2	5	-1	1	3	-1	9	2008	6
NS15514E	1	9	-1	-1	-1	-1	8	2011	13
NS15514E	2	1	1	-1	-1	-1	7	2010	1
NS15514E	3	1	2	-1	-1	-1	5	2009	2
NS15515F	1	5	-1	1	3	-1	9	2014	6
NS15515F	2	1	1	-1	-1	-1	1	2014	1
NS15515F	3	5	-1	1	3	-1	9	2012	6
NS15515F	4	1	1	-1	-1	-1	7	2012	1
NS15515F	5	5	-1	1	3	-1	9	2008	6
NS15517H	1	5	-1	1	2	-1	10	2006	6
NS15518J	1	1	1	-1	-1	-1	1	2016	1
NS15518J	2	1	1	-1	-1	-1	10	2015	1
NS15518J	3	1	1	-1	-1	-1	1	2015	1
NS15518J	4	1	1	-1	-1	-1	3	2014	1
NS15518J	5	1	1	-1	-1	-1	7	2013	1
NS15518J	6	1	1	-1	-1	-1	1	2013	1
NS15518J	7	5	-1	1	3	-1	9	2008	6
NS15518J	8	5	-1	1	1	-1	9	2001	6
NS15519K	1	1	1	-1	-1	-1	9	2009	1
NS15521W	1	1	2	-1	-1	-1	9	2011	2
NS15521W	2	5	-1	1	3	-1	9	2008	6
NS15522X	1	5	-1	1	3	-1	9	2008	6
NS15524Z	1	4	-1	-1	-1	-1	6	2010	5
NS15525A	1	5	-1	1	3	-1	10	2010	6
NS15525A	2	10	-1	-1	-1	-1	1	2009	14
NS15528D	1	3	2	-1	-1	-1	10	2014	11
NS15528D	2	9	-1	-1	-1	-1	-8	-9	13
NS15528D	4	-8	-1	-1	-1	-1	-8	-8	-8
NS15530P	1	5	-1	1	3	-1	9	2010	6
NS15530P	2	1	1	-1	-1	-1	9	2006	1
NS15532R	1	5	-1	1	2	-1	9	2007	6
NS15537X	1	2	1	-1	-1	-1	1	2014	3
NS15539Z	1	1	1	-1	-1	-1	12	2010	1
NS15539Z	2	10	-1	-1	-1	-1	8	2010	14
NS15540J	1	5	-1	1	3	-1	10	2008	6
NS15542L	1	1	1	-1	-1	-1	4	2009	1
NS15544N	1	1	1	-1	-1	-1	6	2010	1
NS15544N	2	1	1	-1	-1	-1	9	2007	1
NS15544N	3	5	-1	1	1	-1	4	2000	6
NS15548S	1	1	1	-1	-1	-1	9	2008	1
NS15548S	2	5	-1	1	2	-1	9	2007	6
NS15548S	3	5	-1	1	1	-1	9	2006	6
NS15549T	1	5	-1	1	3	-1	9	2010	6
NS15549T	2	1	1	-1	-1	-1	8	2009	1
NS15549T	3	5	-1	1	3	-1	9	2008	6
NS15549T	4	5	-1	1	1	-1	9	1994	6
NS15552F	1	1	1	-1	-1	-1	4	2012	1
NS15552F	2	1	2	-1	-1	-1	1	2012	2
NS15552F	3	5	-1	1	3	-1	9	2011	6
NS15552F	4	5	-1	1	3	-1	9	2008	6
NS15553G	1	1	1	-1	-1	-1	8	2014	1
NS15553G	2	1	1	-1	-1	-1	11	2013	1
NS15553G	3	5	-1	1	4	-1	9	2012	6
NS15553G	4	5	-1	1	3	-1	9	2009	6
NS15555J	1	1	1	-1	-1	-1	9	2013	1
NS15555J	2	1	1	-1	-1	-1	9	2013	1
NS15555J	3	1	2	-1	-1	-1	1	2013	2
NS15555J	4	1	2	-1	-1	-1	1	2013	2
NS15555J	5	5	-1	2	3	-1	2	2012	7
NS15555J	6	1	1	-1	-1	-1	7	2011	1
NS15555J	7	5	-1	1	3	-1	9	2008	6
NS15558M	1	5	-1	1	2	-1	9	2006	6
NS15559N	1	1	1	-1	-1	-1	4	2010	1
NS15560Y	1	5	-1	1	3	-1	9	2012	6
NS15560Y	2	5	-1	1	3	-1	10	2009	6
NS15564C	1	5	-1	1	3	-1	9	2008	6
NS15565D	1	1	1	-1	-1	-1	3	2013	1
NS15565D	2	1	2	-1	-1	-1	11	2012	2
NS15565D	3	1	1	-1	-1	-1	1	2010	1
NS15566E	1	8	-1	-1	-1	2	4	2010	10
NS15567F	1	1	2	-1	-1	-1	8	2010	2
NS15567F	2	5	-1	1	2	-1	9	2007	6
NS15570S	1	1	1	-1	-1	-1	5	2013	1
NS15570S	2	1	1	-1	-1	-1	11	2012	1
NS15570S	3	1	1	-1	-1	-1	4	2010	1
NS15571T	1	1	1	-1	-1	-1	11	2012	1
NS15571T	2	4	-1	-1	-1	-1	10	2012	5
NS15571T	3	1	2	-1	-1	-1	10	2011	2
NS15571T	4	1	1	-1	-1	-1	6	2010	1
NS15572V	1	1	1	-1	-1	-1	7	2008	1
NS15573W	1	1	1	-1	-1	-1	11	2009	1
NS15573W	2	5	-1	2	2	-1	9	2007	7
NS15573W	3	5	-1	1	3	-1	10	2006	6
NS15573W	4	5	-1	1	1	-1	9	2002	6
NS15575Y	1	1	1	-1	-1	-1	10	2013	1
NS15575Y	2	1	2	-1	-1	-1	9	2013	2
NS15575Y	3	5	-1	1	3	-1	9	2012	6
NS15575Y	4	5	-1	1	3	-1	9	2009	6
NS15576Z	1	10	-1	-1	-1	-1	3	2014	14
NS15576Z	2	1	1	-1	-1	-1	11	2013	1
NS15576Z	3	1	1	-1	-1	-1	6	2013	1
NS15576Z	4	1	2	-1	-1	-1	9	2009	2
NS15578B	1	1	1	-1	-1	-1	6	2013	1
NS15578B	2	1	1	-1	-1	-1	2	2010	1
NS15579C	1	1	1	-1	-1	-1	10	2009	1
NS15583Q	1	1	1	-1	-1	-1	6	2010	1
NS15588W	1	1	1	-1	-1	-1	8	2012	1
NS15588W	2	1	2	-1	-1	-1	10	2008	2
NS15591H	1	5	-1	1	3	-1	9	2008	6
NS15601J	1	1	1	-1	-1	-1	1	2014	1
NS15601J	2	5	-1	1	4	-1	8	2011	6
NS15601J	3	1	2	-1	-1	-1	-8	-8	2
NS15602K	1	1	1	-1	-1	-1	11	2012	1
NS15602K	2	2	1	-1	-1	-1	7	2012	3
NS15602K	3	5	-1	1	3	-1	9	2009	6
NS15605N	1	5	-1	1	2	-1	9	2008	6
NS15606P	1	1	1	-1	-1	-1	1	2013	1
NS15606P	2	1	1	-1	-1	-1	1	2013	1
NS15606P	3	1	2	-1	-1	-1	5	2010	2
NS15608R	1	1	1	-1	-1	-1	8	2013	1
NS15608R	2	1	1	-1	-1	-1	1	2013	1
NS15608R	3	1	1	-1	-1	-1	9	2006	1
NS15611D	1	1	1	-1	-1	-1	9	2014	1
NS15611D	2	1	1	-1	-1	-1	9	2013	1
NS15611D	3	5	-1	1	3	-1	9	2008	6
NS15611D	4	5	-1	1	3	-1	9	2008	6
NS15611D	5	1	2	-1	-1	-1	9	2008	2
NS15611D	6	5	-1	2	1	-1	-9	-9	7
NS15617K	1	1	1	-1	-1	-1	9	2011	1
NS15617K	2	5	-1	1	3	-1	9	2008	6
NS15617K	3	5	-1	1	1	-1	9	1993	6
NS15619M	1	5	-1	1	3	-1	9	2012	6
NS15619M	2	5	-1	1	2	-1	9	2010	6
NS15619M	3	1	1	-1	-1	-1	12	2006	1
NS15622Z	1	5	-1	1	3	-1	9	2008	6
NS15624B	1	3	2	-1	-1	-1	3	2006	11
NS15625C	1	10	-1	-1	-1	-1	5	2015	14
NS15625C	2	1	1	-1	-1	-1	12	2013	1
NS15625C	3	1	2	-1	-1	-1	1	2010	2
NS15627E	1	5	-1	1	3	-1	9	2010	6
NS15627E	2	5	-1	1	2	-1	9	2008	6
NS15629G	1	4	-1	-1	-1	-1	7	2008	5
NS15633V	1	1	1	-1	-1	-1	2	2014	1
NS15633V	2	10	-1	-1	-1	-1	1	2013	14
NS15633V	3	1	1	-1	-1	-1	7	2012	1
NS15633V	4	10	-1	-1	-1	-1	3	2011	14
NS15633V	5	5	-1	2	3	-1	-8	-8	7
NS15636Y	1	4	-1	-1	-1	-1	5	2011	5
NS15636Y	2	5	-1	1	3	-1	10	2010	6
NS15636Y	3	5	-1	1	2	-1	10	2009	6
NS15639B	1	4	-1	-1	-1	-1	7	2015	5
NS15639B	2	1	2	-1	-1	-1	7	2014	2
NS15639B	3	9	-1	-1	-1	-1	9	2013	13
NS15639B	4	1	1	-1	-1	-1	4	2008	1
NS15642N	1	1	1	-1	-1	-1	9	2013	1
NS15642N	2	5	-1	1	3	-1	9	2012	6
NS15642N	3	1	1	-1	-1	-1	9	2011	1
NS15642N	4	5	-1	1	3	-1	9	2008	6
NS15645R	1	1	1	-1	-1	-1	8	2006	1
NS15646S	1	1	2	-1	-1	-1	12	2015	2
NS15646S	2	4	-1	-1	-1	-1	7	2006	5
NS15650F	1	1	1	-1	-1	-1	1	2006	1
NS15652H	1	8	-1	-1	-1	2	3	2011	10
NS15652H	2	1	2	-1	-1	-1	7	2007	2
NS15653J	1	5	-1	2	3	-1	10	2009	7
NS15653J	2	5	-1	1	2	-1	9	2006	6
NS15654K	1	1	1	-1	-1	-1	9	2013	1
NS15654K	2	1	1	-1	-1	-1	7	2012	1
NS15654K	3	5	-1	1	3	-1	9	2008	6
NS15656M	1	5	-1	1	3	-1	9	2009	6
NS15657N	1	9	-1	-1	-1	-1	3	2013	13
NS15657N	2	4	-1	-1	-1	-1	2	2011	5
NS15657N	3	1	2	-1	-1	-1	9	2009	2
NS15658P	1	1	1	-1	-1	-1	8	2012	1
NS15658P	2	5	-1	1	3	-1	9	2011	6
NS15658P	3	5	-1	1	2	-1	9	2006	6
NS15661B	1	1	1	-1	-1	-1	7	2013	1
NS15661B	2	1	2	-1	-1	-1	12	2008	2
NS15664E	1	1	1	-1	-1	-1	11	2007	1
NS15667H	1	1	2	-1	-1	-1	-8	2012	2
NS15667H	2	1	1	-1	-1	-1	-8	2010	1
NS15667H	3	-8	-1	-1	-1	-1	-8	-8	-8
NS15671W	1	1	1	-1	-1	-1	9	2014	1
NS15671W	2	5	-1	1	3	-1	9	2008	6
NS15679E	1	1	1	-1	-1	-1	3	2014	1
NS15679E	2	4	-1	-1	-1	-1	-8	-8	5
NS15684T	1	5	-1	1	3	-1	9	2009	6
NS15684T	2	1	2	-1	-1	-1	1	2008	2
NS15688Y	1	1	1	-1	-1	-1	6	2011	1
NS15688Y	2	5	-1	1	3	-1	9	2008	6
NS15689Z	1	1	1	-1	-1	-1	3	2012	1
NS15689Z	2	4	-1	-1	-1	-1	8	2010	5
NS15689Z	3	5	-1	1	2	-1	9	2009	6
NS15689Z	4	5	-1	1	1	-1	4	2007	6
NS15690J	1	5	-1	1	3	-1	9	2008	6
NS15693M	1	1	1	-1	-1	-1	4	2008	1
NS15694N	1	7	-1	-1	-1	-1	5	2007	8
NS15695P	1	1	1	-1	-1	-1	7	2014	1
NS15695P	2	5	-1	1	2	-1	9	2013	6
NS15695P	3	5	-1	1	3	-1	9	2009	6
NS15696Q	1	1	2	-1	-1	-1	5	2010	2
NS15701L	1	1	1	-1	-1	-1	1	2010	1
NS15704P	1	9	-1	-1	-1	-1	7	2006	13
NS15707S	1	1	1	-1	-1	-1	2	2015	1
NS15707S	2	10	-1	-1	-1	-1	1	2015	14
NS15707S	3	1	1	-1	-1	-1	5	2014	1
NS15707S	4	10	-1	-1	-1	-1	1	2014	14
NS15707S	5	1	1	-1	-1	-1	2	2013	1
NS15707S	6	1	1	-1	-1	-1	2	2012	1
NS15707S	7	1	1	-1	-1	-1	1	2011	1
NS15707S	8	1	1	-1	-1	-1	7	2010	1
NS15707S	9	5	-1	1	3	-1	9	2008	6
NS15710E	1	3	1	-1	-1	-1	11	2015	11
NS15710E	2	4	-1	-1	-1	-1	11	2014	5
NS15710E	3	5	-1	1	4	-1	10	2014	6
NS15710E	4	4	-1	-1	-1	-1	6	2011	5
NS15710E	5	5	-1	2	2	-1	9	2010	7
NS15710E	6	5	-1	1	2	-1	9	2008	6
NS15710E	7	5	-1	1	1	-1	9	2001	6
NS15714J	1	4	-1	-1	-1	-1	3	2014	5
NS15714J	2	1	2	-1	-1	-1	10	2013	2
NS15714J	3	9	-1	-1	-1	-1	6	2012	13
NS15714J	4	1	2	-1	-1	-1	7	2008	2
NS15715K	1	1	1	-1	-1	-1	8	2011	1
NS15715K	2	5	-1	1	3	-1	9	2008	6
NS15717M	1	5	-1	1	3	-1	9	2009	6
NS15721A	1	5	-1	1	3	-1	9	2013	6
NS15721A	2	5	-1	1	3	-1	9	2009	6
NS15722B	1	1	1	-1	-1	-1	10	2013	1
NS15722B	2	1	1	-1	-1	-1	12	2012	1
NS15722B	3	5	-1	1	3	-1	9	2008	6
NS15725E	1	1	1	-1	-1	-1	9	2008	1
NS15728H	1	1	2	-1	-1	-1	8	2010	2
NS15728H	2	1	2	-1	-1	-1	10	2006	2
NS15729J	1	10	-1	-1	-1	-1	6	2011	14
NS15729J	2	10	-1	-1	-1	-1	9	2009	14
NS15729J	3	5	-1	1	4	-1	6	2008	6
NS15729J	4	10	-1	-1	-1	-1	-9	-9	14
NS15731V	1	1	2	-1	-1	-1	10	2010	2
NS15731V	2	5	-1	1	3	-1	9	2009	6
NS15733X	1	1	1	-1	-1	-1	8	2014	1
NS15733X	2	1	1	-1	-1	-1	1	2014	1
NS15733X	3	1	1	-1	-1	-1	1	2012	1
NS15733X	4	1	1	-1	-1	-1	2	2011	1
NS15733X	5	1	1	-1	-1	-1	7	2009	1
NS15733X	6	4	-1	-1	-1	-1	1	2009	5
NS15736A	1	1	1	-1	-1	-1	7	2012	1
NS15736A	2	1	2	-1	-1	-1	5	2011	2
NS15736A	3	10	-1	-1	-1	-1	9	2010	14
NS15737B	1	1	1	-1	-1	-1	5	2015	1
NS15737B	2	5	-1	1	3	-1	9	2014	6
NS15737B	3	1	1	-1	-1	-1	3	2013	1
NS15737B	4	1	1	-1	-1	-1	6	2011	1
NS15737B	5	5	-1	1	3	-1	9	2009	6
NS15741P	1	5	-1	1	3	-1	9	2008	6
NS15742Q	1	5	-1	2	2	-1	9	2009	7
NS15745T	1	1	1	-1	-1	-1	8	2011	1
NS15745T	2	1	2	-1	-1	-1	6	2008	2
NS15746V	1	1	1	-1	-1	-1	11	-9	1
NS15747W	1	1	1	-1	-1	-1	8	2006	1
NS15750H	1	1	1	-1	-1	-1	4	2010	1
NS15750H	2	5	-1	1	2	-1	9	2006	6
NS15757Q	1	2	1	-1	-1	-1	1	2016	3
NS15757Q	2	1	1	-1	-1	-1	3	2015	1
NS15757Q	3	1	1	-1	-1	-1	6	2014	1
NS15757Q	4	1	2	-1	-1	-1	4	2010	2
NS15757Q	5	5	-1	1	3	-1	9	2008	6
NS15760C	1	5	-1	1	3	-1	9	2008	6
NS15760C	2	5	-1	1	2	-1	9	2006	6
NS15762E	1	5	-1	1	2	-1	9	2006	6
NS15764G	1	1	1	-1	-1	-1	8	2012	1
NS15764G	2	1	2	-1	-1	-1	3	2006	2
NS15767K	1	5	-1	1	4	-1	9	2012	6
NS15767K	2	5	-1	1	3	-1	9	2009	6
NS15768L	1	1	1	-1	-1	-1	7	2012	1
NS15768L	2	5	-1	1	3	-1	8	2008	6
NS15769M	1	1	1	-1	-1	-1	12	2013	1
NS15769M	2	1	1	-1	-1	-1	10	2011	1
NS15769M	3	1	1	-1	-1	-1	5	2008	1
NS15770X	1	1	1	-1	-1	-1	2	2012	1
NS15770X	2	1	1	-1	-1	-1	9	2011	1
NS15770X	3	5	-1	1	3	-1	9	2008	6
NS15773A	1	1	1	-1	-1	-1	9	2012	1
NS15773A	2	3	1	-1	-1	-1	9	2011	11
NS15773A	3	5	-1	1	3	-1	9	2009	6
NS15774B	1	5	-1	1	3	-1	9	2008	6
NS15779G	1	1	1	-1	-1	-1	-8	-8	1
NS15780R	1	4	-1	-1	-1	-1	-8	-8	5
NS15784W	1	3	2	-1	-1	-1	9	2008	11
NS15786Y	1	5	-1	1	2	-1	9	2007	6
NS15787Z	1	1	1	-1	-1	-1	2	2014	1
NS15787Z	2	1	2	-1	-1	-1	10	2011	2
NS15787Z	3	5	-1	1	3	-1	9	2010	6
NS15787Z	4	9	-1	-1	-1	-1	10	2008	13
NS15790L	1	1	1	-1	-1	-1	1	2015	1
NS15790L	2	1	2	-1	-1	-1	9	2012	2
NS15790L	3	5	-1	1	3	-1	9	2011	6
NS15790L	4	5	-1	1	3	-1	9	2008	6
NS15794Q	1	1	1	-1	-1	-1	8	2012	1
NS15794Q	2	1	1	-1	-1	-1	8	2010	1
NS15794Q	3	4	-1	-1	-1	-1	6	2008	5
NS15795R	1	1	1	-1	-1	-1	10	2012	1
NS15795R	2	1	1	-1	-1	-1	1	2007	1
NS15797T	1	1	2	-1	-1	-1	5	2014	2
NS15797T	2	5	-1	1	3	-1	9	2011	6
NS15797T	3	5	-1	1	2	-1	9	2009	6
NS15797T	4	4	-1	-1	-1	-1	5	2006	5
NS15799W	1	6	1	-1	-1	-1	3	2012	12
NS15799W	2	1	1	-1	-1	-1	2	2012	1
NS15799W	3	4	-1	-1	-1	-1	12	2011	5
NS15799W	4	10	-1	-1	-1	-1	9	2011	14
NS15799W	5	10	-1	-1	-1	-1	7	2011	14
NS15799W	6	5	-1	1	3	-1	9	2008	6
NS15799W	7	4	-1	-1	-1	-1	9	2006	5
NS15803Q	1	1	1	-1	-1	-1	6	2011	1
NS15803Q	2	5	-1	1	3	-1	9	2008	6
NS15803Q	3	5	-1	1	2	-1	9	2006	6
NS15805S	1	1	2	-1	-1	-1	4	2013	2
NS15805S	2	4	-1	-1	-1	-1	12	2011	5
NS15805S	3	5	-1	1	3	-1	9	2008	6
NS15806T	1	1	1	-1	-1	-1	4	2014	1
NS15806T	2	5	-1	1	3	-1	9	2011	6
NS15806T	3	1	2	-1	-1	-1	11	2010	2
NS15806T	4	1	1	-1	-1	-1	4	2010	1
NS15813K	1	4	-1	-1	-1	-1	4	2015	5
NS15813K	2	1	1	-1	-1	-1	4	2013	1
NS15813K	3	1	2	-1	-1	-1	11	2012	2
NS15813K	4	4	-1	-1	-1	-1	5	2012	5
NS15813K	5	5	-1	1	3	-1	9	2009	6
NS15816N	1	5	-1	1	3	-1	9	2008	6
NS15817P	1	1	1	-1	-1	-1	8	2008	1
NS15819R	1	5	-1	1	3	-1	10	2008	6
NS15819R	2	5	-1	1	1	-1	9	1995	6
NS15821C	1	1	1	-1	-1	-1	6	2008	1
NS15822D	1	1	1	-1	-1	-1	9	2013	1
NS15822D	2	5	-1	1	3	-1	9	2008	6
NS15825G	1	1	1	-1	-1	-1	7	2014	1
NS15825G	2	1	2	-1	-1	-1	9	2013	2
NS15825G	3	5	-1	1	3	-1	9	2008	6
NS15826H	1	1	1	-1	-1	-1	2	2015	1
NS15826H	2	4	-1	-1	-1	-1	9	2013	5
NS15826H	3	4	-1	-1	-1	-1	5	2012	5
NS15826H	4	10	-1	-1	-1	-1	2	2012	14
NS15826H	5	4	-1	-1	-1	-1	10	2010	5
NS15826H	6	4	-1	-1	-1	-1	-9	-9	5
NS15827J	1	1	1	-1	-1	-1	9	2012	1
NS15827J	2	5	-1	1	3	-1	9	2008	6
NS15832Y	1	1	2	-1	-1	-1	3	2015	2
NS15832Y	2	2	1	-1	-1	-1	1	2014	3
NS15832Y	3	1	2	-1	-1	-1	4	2013	2
NS15832Y	4	1	1	-1	-1	-1	8	2012	1
NS15832Y	5	5	-1	1	3	-1	9	2009	6
NS15833Z	1	10	-1	-1	-1	-1	-8	-8	14
NS15836C	1	5	-1	2	2	-1	9	2009	7
NS15837D	1	10	-1	-1	-1	-1	1	2015	14
NS15837D	2	1	1	-1	-1	-1	2	2011	1
NS15837D	3	1	1	-1	-1	-1	6	2006	1
NS15838E	1	5	-1	1	3	-1	9	2010	6
NS15838E	2	10	-1	-1	-1	-1	9	2008	14
NS15839F	1	5	-1	1	3	-1	9	2008	6
NS15842S	1	4	-1	-1	-1	-1	5	2015	5
NS15842S	2	1	1	-1	-1	-1	11	2013	1
NS15842S	3	1	1	-1	-1	-1	6	2012	1
NS15842S	4	4	-1	-1	-1	-1	1	2012	5
NS15842S	5	1	1	-1	-1	-1	12	2007	1
NS15844V	1	1	2	-1	-1	-1	-8	2010	2
NS15844V	2	1	2	-1	-1	-1	2	2004	2
NS15845W	1	1	1	-1	-1	-1	2	2013	1
NS15845W	2	10	-1	-1	-1	-1	10	2012	14
NS15845W	3	1	1	-1	-1	-1	5	2011	1
NS15845W	4	5	-1	1	3	-1	9	2008	6
NS15845W	5	5	-1	1	2	-1	9	2006	6
NS15848Z	1	1	1	-1	-1	-1	5	2014	1
NS15848Z	2	1	1	-1	-1	-1	10	2013	1
NS15848Z	3	1	1	-1	-1	-1	4	2013	1
NS15848Z	4	1	1	-1	-1	-1	5	2012	1
NS15848Z	5	1	1	-1	-1	-1	9	2010	1
NS15848Z	6	1	1	-1	-1	-1	-8	-8	1
NS15849A	1	6	1	-1	-1	-1	8	2011	12
NS15849A	2	1	1	-1	-1	-1	2	2011	1
NS15849A	3	1	1	-1	-1	-1	1	2010	1
NS15851L	1	1	1	-1	-1	-1	8	2004	1
NS15856R	1	1	2	-1	-1	-1	2	2014	2
NS15856R	2	1	2	-1	-1	-1	2	2012	2
NS15856R	3	1	2	-1	-1	-1	-8	-8	2
NS15857S	1	1	1	-1	-1	-1	1	2015	1
NS15857S	2	1	1	-1	-1	-1	10	2014	1
NS15857S	3	3	2	-1	-1	-1	7	2014	11
NS15857S	4	1	2	-1	-1	-1	6	2014	2
NS15857S	5	4	-1	-1	-1	-1	4	2014	5
NS15857S	6	2	1	-1	-1	-1	2	2014	3
NS15857S	7	3	1	-1	-1	-1	1	2014	11
NS15857S	8	1	1	-1	-1	-1	9	2013	1
NS15857S	9	4	-1	-1	-1	-1	6	2013	5
NS15857S	10	5	-1	1	3	-1	9	2011	6
NS15857S	11	1	2	-1	-1	-1	11	2010	2
NS15857S	12	5	-1	1	3	-1	9	2009	6
NS15858T	1	1	1	-1	-1	-1	3	2014	1
NS15858T	2	1	2	-1	-1	-1	3	2008	2
NS15858T	3	5	-1	1	2	-1	9	2006	6
NS15859V	1	1	1	-1	-1	-1	2	2010	1
NS15860E	1	1	2	-1	-1	-1	1	2011	2
NS15860E	2	10	-1	-1	-1	-1	1	2008	14
NS15861F	1	4	-1	-1	-1	-1	12	2013	5
NS15861F	2	6	1	-1	-1	-1	9	2010	12
NS15861F	3	1	2	-1	-1	-1	10	2009	2
NS15864J	1	1	1	-1	-1	-1	6	2012	1
NS15864J	2	5	-1	1	3	-1	10	2009	6
NS15866L	1	5	-1	1	3	-1	-9	-9	6
NS15867M	1	5	-1	1	3	-1	9	2012	6
NS15867M	2	1	2	-1	-1	-1	9	2011	2
NS15867M	3	5	-1	1	3	-1	9	2008	6
NS15868N	1	1	2	-1	-1	-1	12	2014	2
NS15868N	2	1	2	-1	-1	-1	11	2014	2
NS15868N	3	4	-1	-1	-1	-1	7	2014	5
NS15868N	4	5	-1	1	3	-1	9	2010	6
NS15868N	5	5	-1	1	2	-1	9	2007	6
NS15868N	6	5	-1	1	1	-1	9	1993	6
NS15869P	1	1	1	-1	-1	-1	10	2015	1
NS15869P	2	1	1	-1	-1	-1	3	2014	1
NS15869P	3	1	2	-1	-1	-1	1	2014	2
NS15869P	4	1	1	-1	-1	-1	3	2013	1
NS15869P	5	1	2	-1	-1	-1	4	2008	2
NS15872B	1	1	1	-1	-1	-1	9	2011	1
NS15872B	2	5	-1	1	3	-1	9	2008	6
NS15874D	1	5	-1	1	3	-1	9	2008	6
NS15875E	1	5	-1	1	3	-1	9	2008	6
NS15876F	1	1	1	-1	-1	-1	10	2008	1
NS15878H	1	4	-1	-1	-1	-1	7	2009	5
NS15882W	1	1	2	-1	-1	-1	4	2013	2
NS15882W	2	1	1	-1	-1	-1	12	2012	1
NS15882W	3	1	2	-1	-1	-1	9	2012	2
NS15882W	4	3	2	-1	-1	-1	8	2012	11
NS15882W	5	5	-1	1	3	-1	9	2008	6
NS15883X	1	2	1	-1	-1	-1	6	2014	3
NS15883X	2	1	1	-1	-1	-1	5	2013	1
NS15883X	3	4	-1	-1	-1	-1	2	2013	5
NS15883X	4	1	1	-1	-1	-1	10	2012	1
NS15883X	5	1	1	-1	-1	-1	7	2012	1
NS15883X	6	5	-1	1	3	-1	9	2008	6
NS15886A	1	5	-1	1	3	-1	9	2012	6
NS15886A	2	4	-1	-1	-1	-1	9	2011	5
NS15886A	3	5	-1	1	3	-1	9	2008	6
NS15887B	1	1	2	-1	-1	-1	5	2012	2
NS15887B	2	1	2	-1	-1	-1	1	2008	2
NS15887B	3	5	-1	1	2	-1	9	2006	6
NS15888C	1	1	1	-1	-1	-1	11	2008	1
NS15888C	2	1	2	-1	-1	-1	11	2006	2
NS15888C	3	5	-1	1	1	-1	9	2005	6
NS15893R	1	1	1	-1	-1	-1	6	2009	1
NS15893R	2	4	-1	-1	-1	-1	8	2007	5
NS15893R	3	5	-1	1	2	-1	8	2006	6
NS15894S	1	1	1	-1	-1	-1	8	2012	1
NS15894S	2	1	1	-1	-1	-1	2	2012	1
NS15894S	3	1	2	-1	-1	-1	10	2011	2
NS15894S	4	1	1	-1	-1	-1	7	2011	1
NS15894S	5	5	-1	1	3	-1	9	2008	6
NS15895T	1	9	-1	-1	-1	-1	1	2012	13
NS15895T	2	1	2	-1	-1	-1	8	2011	2
NS15895T	3	4	-1	-1	-1	-1	4	2010	5
NS15895T	4	1	1	-1	-1	-1	3	2008	1
NS15895T	5	5	-1	1	1	-1	9	2001	6
NS15896V	1	5	-1	1	3	-1	9	2010	6
NS15896V	2	1	2	-1	-1	-1	-8	2007	2
NS15897W	1	5	-1	1	3	-1	10	2011	6
NS15897W	2	1	1	-1	-1	-1	8	2008	1
NS15897W	3	5	-1	1	2	-1	9	2006	6
NS15899Y	1	1	1	-1	-1	-1	6	2012	1
NS15899Y	2	1	2	-1	-1	-1	3	2007	2
NS15901Q	1	5	-1	1	3	-1	9	2008	6
NS15902R	1	1	2	-1	-1	-1	12	2013	2
NS15902R	2	4	-1	-1	-1	-1	5	2009	5
NS15902R	3	1	1	-1	-1	-1	9	2006	1
NS15904T	1	1	1	-1	-1	-1	7	2013	1
NS15904T	2	9	-1	-1	-1	-1	7	2012	13
NS15904T	3	5	-1	1	3	-1	10	2009	6
NS15910J	1	1	1	-1	-1	-1	12	2012	1
NS15910J	2	1	1	-1	-1	-1	5	2012	1
NS15910J	3	5	-1	1	3	-1	9	2009	6
NS15911K	1	1	2	-1	-1	-1	5	2008	2
NS15912L	1	1	1	-1	-1	-1	6	2012	1
NS15912L	2	5	-1	1	3	-1	9	2008	6
NS15916Q	1	1	1	-1	-1	-1	1	2012	1
NS15916Q	2	5	-1	1	3	-1	9	2008	6
NS15917R	1	4	-1	-1	-1	-1	4	2011	5
NS15917R	2	5	-1	1	3	-1	9	2010	6
NS15917R	3	1	2	-1	-1	-1	4	2009	2
NS15919T	1	5	-1	1	3	-1	9	2013	6
NS15919T	2	5	-1	1	3	-1	9	2009	6
NS15920D	1	5	-1	1	3	-1	9	2009	6
NS15922F	1	1	2	-1	-1	-1	1	2009	2
NS15922F	2	1	1	-1	-1	-1	1	2007	1
NS15923G	1	1	1	-1	-1	-1	1	2014	1
NS15923G	2	1	1	-1	-1	-1	6	2013	1
NS15923G	3	10	-1	-1	-1	-1	3	2013	14
NS15923G	4	1	1	-1	-1	-1	9	2011	1
NS15923G	5	1	2	-1	-1	-1	3	2007	2
NS15924H	1	3	1	-1	-1	-1	5	2014	11
NS15924H	2	1	1	-1	-1	-1	10	2013	1
NS15924H	3	4	-1	-1	-1	-1	8	2013	5
NS15924H	4	5	-1	1	3	-1	9	2012	6
NS15924H	5	1	2	-1	-1	-1	8	2008	2
NS15925J	1	1	1	-1	-1	-1	7	2004	1
NS15926K	1	1	1	-1	-1	-1	6	2011	1
NS15926K	2	4	-1	-1	-1	-1	7	2006	5
NS15927L	1	1	2	-1	-1	-1	7	2010	2
NS15927L	2	4	-1	-1	-1	-1	3	2010	5
NS15927L	3	1	2	-1	-1	-1	5	2009	2
NS15927L	4	4	-1	-1	-1	-1	12	2008	5
NS15927L	5	1	1	-1	-1	-1	9	2008	1
NS15927L	6	1	2	-1	-1	-1	3	2007	2
NS15929N	1	1	1	-1	-1	-1	6	2012	1
NS15929N	2	5	-1	1	3	-1	9	2011	6
NS15929N	3	5	-1	1	3	-1	9	2008	6
NS15929N	4	5	-1	1	2	-1	9	2006	6
NS15933B	1	5	-1	1	3	-1	9	2008	6
NS15933B	2	5	-1	1	2	-1	9	2006	6
NS15935D	1	1	1	-1	-1	-1	6	2007	1
NS15935D	2	5	-1	1	2	-1	9	2006	6
NS15938G	1	1	1	-1	-1	-1	11	2005	1
NS15941T	1	1	1	-1	-1	-1	12	2013	1
NS15941T	2	1	1	-1	-1	-1	4	2013	1
NS15941T	3	2	2	-1	-1	-1	3	2012	4
NS15941T	4	1	1	-1	-1	-1	12	2011	1
NS15941T	5	1	1	-1	-1	-1	7	2011	1
NS15941T	6	4	-1	-1	-1	-1	6	2011	5
NS15941T	7	5	-1	1	3	-1	9	2008	6
NS15944X	1	1	1	-1	-1	-1	10	2012	1
NS15944X	2	5	-1	1	3	-1	9	2008	6
NS15945Y	1	1	1	-1	-1	-1	6	2015	1
NS15945Y	2	1	1	-1	-1	-1	8	2013	1
NS15945Y	3	1	1	-1	-1	-1	7	2011	1
NS15945Y	4	5	-1	1	3	-1	10	2008	6
NS15947A	1	1	1	-1	-1	-1	5	2013	1
NS15947A	2	4	-1	-1	-1	-1	12	2012	5
NS15947A	3	6	1	-1	-1	-1	9	2008	12
NS15950M	1	2	1	-1	-1	-1	7	2015	3
NS15950M	2	1	1	-1	-1	-1	1	2015	1
NS15950M	3	1	1	-1	-1	-1	10	2014	1
NS15950M	4	10	-1	-1	-1	-1	9	2013	14
NS15950M	5	1	1	-1	-1	-1	1	2012	1
NS15950M	6	1	1	-1	-1	-1	8	2011	1
NS15950M	7	5	-1	1	3	-1	9	2008	6
NS15952P	1	4	-1	-1	-1	-1	12	2011	5
NS15952P	2	1	1	-1	-1	-1	9	2011	1
NS15952P	3	4	-1	-1	-1	-1	8	2009	5
NS15961H	1	1	2	-1	-1	-1	9	2013	2
NS15961H	2	5	-1	1	3	-1	8	2008	6
NS15963K	1	1	1	-1	-1	-1	8	2007	1
NS15966N	1	5	-1	1	2	-1	9	2012	6
NS15966N	2	5	-1	2	4	-1	1	2012	7
NS15966N	3	1	2	-1	-1	-1	10	2011	2
NS15966N	4	10	-1	-1	-1	-1	1	2010	14
NS15968Q	1	1	1	-1	-1	-1	9	2009	1
NS15969R	1	1	1	-1	-1	-1	9	2013	1
NS15969R	2	5	-1	1	3	-1	9	2010	6
NS15969R	3	5	-1	1	2	-1	9	2008	6
NS15972D	1	5	-1	1	3	-1	9	2009	6
NS15973E	1	9	-1	-1	-1	-1	7	2013	13
NS15973E	2	1	1	-1	-1	-1	11	2010	1
NS15973E	3	1	1	-1	-1	-1	8	2009	1
NS15973E	4	5	-1	1	2	-1	9	2008	6
NS15974F	1	1	1	-1	-1	-1	1	2010	1
NS15974F	2	1	1	-1	-1	-1	11	2007	1
NS15976H	1	1	1	-1	-1	-1	8	2015	1
NS15976H	2	3	1	-1	-1	-1	4	2015	11
NS15976H	3	1	1	-1	-1	-1	12	2014	1
NS15976H	4	10	-1	-1	-1	-1	10	2014	14
NS15976H	5	1	1	-1	-1	-1	5	2014	1
NS15976H	6	5	-1	2	3	-1	9	2013	7
NS15976H	7	5	-1	1	3	-1	9	2010	6
NS15976H	8	5	-1	1	2	-1	9	2006	6
NS15977J	1	4	-1	-1	-1	-1	3	2014	5
NS15977J	2	1	1	-1	-1	-1	1	2014	1
NS15977J	3	1	2	-1	-1	-1	9	2013	2
NS15977J	4	4	-1	-1	-1	-1	5	2013	5
NS15977J	5	5	-1	1	3	-1	9	2010	6
NS15977J	6	5	-1	1	2	-1	9	2006	6
NS15978K	1	5	-1	1	3	-1	9	2014	6
NS15978K	2	1	1	-1	-1	-1	11	2013	1
NS15978K	3	1	2	-1	-1	-1	6	2013	2
NS15978K	4	1	1	-1	-1	-1	10	2012	1
NS15978K	5	5	-1	1	3	-1	10	2009	6
NS15981X	1	1	1	-1	-1	-1	9	2015	1
NS15981X	2	1	1	-1	-1	-1	11	2014	1
NS15981X	3	5	-1	1	3	-1	9	2010	6
NS15981X	4	1	1	-1	-1	-1	12	2009	1
NS15983Z	1	1	1	-1	-1	-1	10	2014	1
NS15983Z	2	1	1	-1	-1	-1	6	2008	1
NS15983Z	3	1	2	-1	-1	-1	5	2007	2
NS15984A	1	5	-1	1	3	-1	9	2012	6
NS15984A	2	5	-1	1	3	-1	8	2011	6
NS15984A	3	5	-1	1	2	-1	9	2010	6
NS15984A	4	1	1	-1	-1	-1	10	2008	1
NS15985B	1	1	1	-1	-1	-1	8	2013	1
NS15985B	2	1	1	-1	-1	-1	3	2009	1
NS15986C	1	5	-1	1	3	-1	9	2008	6
NS15988E	1	1	1	-1	-1	-1	9	2015	1
NS15988E	2	1	1	-1	-1	-1	10	2014	1
NS15988E	3	5	1	1	3	-1	9	2012	6
NS15988E	4	5	1	1	2	-1	9	2010	6
NS15988E	5	1	1	-1	-1	-1	7	2009	1
NS15988E	6	5	-1	1	2	-1	9	2008	6
NS15988E	7	5	-1	1	2	-1	9	2007	6
NS15988E	8	5	-1	1	2	-1	9	2006	6
NS15990Q	1	9	-1	-1	-1	-1	7	2010	13
NS15990Q	2	5	-1	1	2	-1	9	2006	6
NS15993T	1	5	-1	1	2	-1	9	2009	6
NS15995W	1	1	1	-1	-1	-1	10	2011	1
NS15995W	2	5	-1	1	3	-1	10	2008	6
NS15997Y	1	1	1	-1	-1	-1	6	2011	1
NS15997Y	2	5	-1	1	3	-1	9	2007	6
NS15999A	1	6	1	-1	-1	-1	10	2006	12
NS15999A	2	4	-1	-1	-1	-1	7	2006	5
NS16000Q	1	4	-1	-1	-1	-1	7	2011	5
NS16000Q	2	5	-1	1	3	-1	9	2008	6
NS16001R	1	4	-1	-1	-1	-1	3	2015	5
NS16001R	2	1	1	-1	-1	-1	4	2014	1
NS16001R	3	3	2	-1	-1	-1	10	2013	11
NS16001R	4	5	-1	1	3	-1	10	2012	6
NS16001R	5	5	-1	1	3	-1	9	2008	6
NS16002S	1	1	1	-1	-1	-1	11	2011	1
NS16002S	2	3	1	-1	-1	-1	7	2011	11
NS16002S	3	5	-1	1	3	-1	9	2008	6
NS16003T	1	1	1	-1	-1	-1	8	2011	1
NS16003T	2	5	-1	1	3	-1	9	2008	6
NS16005W	1	4	-1	-1	-1	-1	9	2011	5
NS16005W	2	5	-1	1	3	-1	9	2008	6
NS16008Z	1	5	-1	1	3	-1	9	2008	6
NS16010K	1	1	1	-1	-1	-1	1	2013	1
NS16010K	2	1	2	-1	-1	-1	9	2011	2
NS16010K	3	5	-1	1	3	-1	9	2008	6
NS16015Q	1	1	2	-1	-1	-1	5	2008	2
NS16016R	1	1	1	-1	-1	-1	4	2014	1
NS16016R	2	4	-1	-1	-1	-1	1	2014	5
NS16016R	3	1	1	-1	-1	-1	7	2006	1
NS16017S	1	1	1	-1	-1	-1	6	2008	1
NS16018T	1	1	1	-1	-1	-1	1	2013	1
NS16018T	2	4	-1	-1	-1	-1	9	2012	5
NS16018T	3	1	1	-1	-1	-1	8	2012	1
NS16018T	4	5	-1	1	3	-1	9	2008	6
NS16018T	5	5	-1	1	2	-1	9	2006	6
NS16019V	1	5	-1	1	3	-1	9	2008	6
NS16020E	1	4	-1	-1	-1	-1	2	2015	5
NS16020E	2	1	1	-1	-1	-1	8	2014	1
NS16020E	3	4	-1	-1	-1	-1	5	2013	5
NS16020E	4	1	1	-1	-1	-1	3	2013	1
NS16020E	5	3	2	-1	-1	-1	9	2011	11
NS16020E	6	4	-1	-1	-1	-1	8	2011	5
NS16020E	7	1	1	-1	-1	-1	4	2010	1
NS16020E	8	4	-1	-1	-1	-1	11	2008	5
NS16020E	9	5	-1	1	2	-1	9	2008	6
NS16020E	10	5	-1	1	1	-1	9	2006	6
NS16021F	1	6	2	-1	-1	-1	9	2009	12
NS16023H	1	5	-1	1	3	-1	9	2009	6
NS16024J	1	1	1	-1	-1	-1	10	2006	1
NS16028N	1	1	1	-1	-1	-1	1	2014	1
NS16028N	2	1	1	-1	-1	-1	8	2013	1
NS16028N	3	1	2	-1	-1	-1	7	2013	2
NS16028N	4	5	-1	1	3	-1	9	2009	6
NS16031A	1	1	1	-1	-1	-1	6	2014	1
NS16031A	2	1	1	-1	-1	-1	12	2012	1
NS16031A	3	1	1	-1	-1	-1	12	2010	1
NS16031A	4	1	1	-1	-1	-1	4	2008	1
NS16031A	5	1	1	-1	-1	-1	5	2006	1
NS16032B	1	1	2	-1	-1	-1	10	2015	2
NS16032B	2	1	1	-1	-1	-1	6	2015	1
NS16032B	3	5	-1	1	3	-1	9	2013	6
NS16032B	4	1	1	-1	-1	-1	7	2011	1
NS16032B	5	5	-1	1	2	-1	9	2009	6
NS16032B	6	1	1	-1	-1	-1	6	2008	1
NS16032B	7	5	-1	1	1	-1	9	2001	6
NS16033C	1	5	-1	2	1	-1	-8	-8	7
NS16037G	1	1	2	-1	-1	-1	9	2001	2
NS16040T	1	6	1	-1	-1	-1	9	2009	12
NS16042W	1	1	1	-1	-1	-1	6	2008	1
NS16043X	1	5	-1	1	3	-1	9	2009	6
NS16046A	1	1	1	-1	-1	-1	9	2013	1
NS16046A	2	5	-1	1	3	-1	9	2008	6
NS16049D	1	10	-1	-1	-1	-1	-8	-8	14
NS16050N	1	5	-1	1	3	-1	9	2008	6
NS16051P	1	1	1	-1	-1	-1	9	2011	1
NS16051P	2	1	1	-1	-1	-1	8	2010	1
NS16051P	3	5	-1	1	2	-1	9	2007	6
NS16053R	1	1	1	-1	-1	-1	10	2012	1
NS16053R	2	1	2	-1	-1	-1	6	2012	2
NS16053R	3	5	-1	1	3	-1	9	2008	6
NS16054S	1	1	1	-1	-1	-1	6	2015	1
NS16054S	2	1	1	-1	-1	-1	3	2014	1
NS16054S	3	1	1	-1	-1	-1	11	2010	1
NS16054S	4	5	-1	1	2	-1	9	2006	6
NS16056V	1	1	2	-1	-1	-1	7	2011	2
NS16056V	2	5	-1	1	3	-1	9	2008	6
NS16057W	1	1	1	-1	-1	-1	3	2011	1
NS16057W	2	1	1	-1	-1	-1	7	2006	1
NS16059Y	1	1	1	-1	-1	-1	9	2012	1
NS16059Y	2	5	-1	1	3	-1	9	2008	6
NS16066P	1	1	1	-1	-1	-1	6	2011	1
NS16066P	2	5	-1	1	3	-1	9	2008	6
NS16072E	1	5	-1	1	3	-1	9	2010	6
NS16072E	2	5	-1	1	2	-1	9	2008	6
NS16073F	1	1	2	-1	-1	-1	9	2010	2
NS16073F	2	5	-1	1	3	-1	9	2008	6
NS16073F	3	5	-1	1	1	-1	9	2006	6
NS16075H	1	4	-1	-1	-1	-1	1	2015	5
NS16075H	2	1	1	-1	-1	-1	11	2014	1
NS16075H	3	1	1	-1	-1	-1	8	2014	1
NS16075H	4	4	-1	-1	-1	-1	5	2014	5
NS16075H	5	1	1	-1	-1	-1	9	2013	1
NS16075H	6	1	1	-1	-1	-1	4	2013	1
NS16075H	7	9	1	-1	-1	-1	12	2012	13
NS16075H	8	4	-1	-1	-1	-1	11	2011	5
NS16075H	9	3	1	-1	-1	-1	9	2011	11
NS16075H	10	4	-1	-1	-1	-1	-1	-1	5
NS16080X	1	4	-1	-1	-1	-1	12	2010	5
NS16080X	2	1	1	-1	-1	-1	10	2008	1
NS16083A	1	4	-1	-1	-1	-1	2	2015	5
NS16083A	2	1	1	-1	-1	-1	10	2014	1
NS16083A	3	1	1	-1	-1	-1	10	2013	1
NS16083A	4	4	-1	-1	-1	-1	7	2013	5
NS16083A	5	5	-1	2	2	-1	9	2012	7
NS16083A	6	8	-1	-1	-1	2	1	2009	10
NS16087E	1	5	-1	1	1	-1	9	2001	6
NS16088F	1	1	1	-1	-1	-1	2	2013	1
NS16088F	2	1	2	-1	-1	-1	9	2012	2
NS16088F	3	5	-1	1	3	-1	10	2009	6
NS16089G	1	5	-1	1	2	-1	9	2009	6
NS16090R	1	5	-1	1	3	-1	9	2008	6
NS16091S	1	5	-1	1	3	-1	9	2013	6
NS16091S	2	5	-1	1	2	-1	9	2012	6
NS16091S	3	5	-1	1	2	-1	9	2011	6
NS16091S	4	5	-1	1	3	-1	10	2010	6
NS16091S	5	-8	-1	-1	-1	-1	9	2009	-8
NS16095X	1	1	1	-1	-1	-1	5	2010	1
NS16095X	2	5	-1	1	2	-1	9	2006	6
NS16097Z	1	5	-1	1	3	-1	9	2009	6
NS16099B	1	8	-1	-1	-1	2	4	2010	10
NS16100S	1	1	1	-1	-1	-1	6	2012	1
NS16100S	2	5	-1	1	3	-1	9	2009	6
NS16105Y	1	10	-1	-1	-1	-1	6	2014	14
NS16105Y	2	1	1	-1	-1	-1	11	2009	1
NS16107A	1	1	1	-1	-1	-1	10	2009	1
NS16109C	1	1	1	-1	-1	-1	6	2015	1
NS16109C	2	4	-1	-1	-1	-1	5	2015	5
NS16109C	3	1	1	-1	-1	-1	10	2014	1
NS16109C	4	4	-1	-1	-1	-1	4	2014	5
NS16109C	5	2	1	-1	-1	-1	1	2014	3
NS16109C	6	1	1	-1	-1	-1	1	2011	1
NS16109C	7	5	-1	1	2	-1	9	2007	6
NS16112P	1	1	1	-1	-1	-1	10	2014	1
NS16112P	2	1	1	-1	-1	-1	11	2013	1
NS16112P	3	1	1	-1	-1	-1	11	2011	1
NS16112P	4	5	-1	1	3	-1	9	2008	6
NS16114R	1	10	-1	-1	-1	-1	-9	-9	14
NS16117V	1	4	-1	-1	-1	-1	3	2012	5
NS16117V	2	1	2	-1	-1	-1	3	2012	2
NS16117V	3	4	-1	-1	-1	-1	6	2007	5
NS16118W	1	1	2	-1	-1	-1	7	2008	2
NS16120G	1	1	1	-1	-1	-1	12	2014	1
NS16120G	2	4	-1	-1	-1	-1	11	2014	5
NS16120G	3	1	1	-1	-1	-1	10	2014	1
NS16120G	4	1	1	-1	-1	-1	7	2014	1
NS16120G	5	5	-1	1	3	-1	9	2010	6
NS16120G	6	10	-1	-1	-1	-1	7	2010	14
NS16120G	7	1	1	-1	-1	-1	9	2009	1
NS16122J	1	1	2	-1	-1	-1	1	2015	2
NS16122J	2	1	1	-1	-1	-1	9	2014	1
NS16122J	3	4	-1	-1	-1	-1	7	2012	5
NS16122J	4	5	-1	1	2	-1	9	2009	6
NS16122J	5	4	-1	-1	-1	-1	7	2006	5
NS16124L	1	4	-1	-1	-1	-1	2	2015	5
NS16124L	2	1	1	-1	-1	-1	5	2014	1
NS16124L	3	1	1	-1	-1	-1	5	2013	1
NS16124L	4	1	1	-1	-1	-1	5	2012	1
NS16124L	5	1	1	-1	-1	-1	9	2011	1
NS16124L	6	5	-1	1	3	-1	9	2009	6
NS16128Q	1	5	-1	1	3	-1	9	2011	6
NS16128Q	2	1	1	-1	-1	-1	9	2008	1
NS16128Q	3	1	2	-1	-1	-1	9	2006	2
NS16129R	1	5	-1	1	2	-1	9	2010	6
NS16129R	2	5	-1	1	1	-1	9	2002	6
NS16131C	1	10	-1	-1	-1	-1	11	2015	14
NS16131C	2	1	1	-1	-1	-1	8	2014	1
NS16131C	3	5	-1	1	3	-1	9	2013	6
NS16131C	4	1	2	-1	-1	-1	8	2012	2
NS16131C	5	5	-1	1	3	-1	9	2008	6
NS16133E	1	1	1	-1	-1	-1	1	2012	1
NS16133E	2	3	2	-1	-1	-1	7	2011	11
NS16133E	3	5	-1	1	3	-1	9	2008	6
NS16134F	1	1	1	-1	-1	-1	1	2012	1
NS16134F	2	1	1	-1	-1	-1	10	2011	1
NS16134F	3	1	1	-1	-1	-1	6	2011	1
NS16134F	4	1	1	-1	-1	-1	-8	2009	1
NS16136H	1	1	2	-1	-1	-1	11	2009	2
NS16139L	1	5	-1	1	2	-1	9	2006	6
NS16142Y	1	4	-1	-1	-1	-1	7	2013	5
NS16142Y	2	1	1	-1	-1	-1	6	2012	1
NS16142Y	3	5	-1	1	3	-1	9	2009	6
NS16142Y	4	5	-1	1	2	-1	7	2007	6
NS16142Y	5	5	-1	1	1	-1	7	2003	6
NS16150Q	1	1	1	-1	-1	-1	7	2008	1
NS16150Q	2	1	1	-1	-1	-1	1	2008	1
NS16150Q	3	1	1	-1	-1	-1	10	2007	1
NS16150Q	4	5	-1	1	1	-1	9	1994	6
NS16154V	1	1	1	-1	-1	-1	9	2013	1
NS16154V	2	1	1	-1	-1	-1	11	2012	1
NS16154V	3	5	-1	1	3	-1	9	2008	6
NS16155W	1	1	1	-1	-1	-1	7	2014	1
NS16155W	2	5	-1	1	3	-1	10	2008	6
NS16159A	1	1	2	-1	-1	-1	9	2009	2
NS16164P	1	1	1	-1	-1	-1	11	2007	1
NS16166R	1	4	-1	-1	-1	-1	1	2011	5
NS16166R	2	1	2	-1	-1	-1	9	2007	2
NS16168T	1	5	-1	1	3	-1	9	2013	6
NS16168T	2	5	-1	1	3	-1	9	2012	6
NS16168T	3	1	2	-1	-1	-1	5	2012	2
NS16168T	4	1	1	-1	-1	-1	11	2011	1
NS16168T	5	1	1	-1	-1	-1	7	2011	1
NS16168T	6	5	-1	1	3	-1	9	2008	6
NS16169V	1	1	2	-1	-1	-1	2	2015	2
NS16169V	2	5	-1	2	3	-1	9	2010	7
NS16169V	3	5	-1	1	2	-1	9	2008	6
NS16170E	1	1	1	-1	-1	-1	3	2013	1
NS16170E	2	10	-1	-1	-1	-1	10	2012	14
NS16170E	3	1	1	-1	-1	-1	6	2012	1
NS16170E	4	5	-1	1	3	-1	9	2009	6
NS16172G	1	1	1	-1	-1	-1	11	2011	1
NS16172G	2	5	-1	1	2	-1	9	2010	6
NS16172G	3	1	1	-1	-1	-1	4	2006	1
NS16174J	1	1	1	-1	-1	-1	2	2012	1
NS16174J	2	1	1	-1	-1	-1	10	2008	1
NS16180Z	1	5	-1	1	3	-1	9	2008	6
NS16183C	1	5	-1	1	3	-1	9	2008	6
NS16184D	1	6	1	-1	-1	-1	9	2007	12
NS16185E	1	1	2	-1	-1	-1	1	2015	2
NS16185E	2	1	2	-1	-1	-1	9	2014	2
NS16185E	3	4	-1	-1	-1	-1	7	2012	5
NS16185E	4	1	1	-1	-1	-1	2	2010	1
NS16186F	1	5	-1	1	4	-1	9	2009	6
NS16186F	2	1	2	-1	-1	-1	1	2008	2
NS16186F	3	5	-1	1	2	-1	9	2006	6
NS16190T	1	1	1	-1	-1	-1	10	2012	1
NS16190T	2	1	1	-1	-1	-1	10	2012	1
NS16190T	3	4	-1	-1	-1	-1	1	2010	5
NS16191V	1	10	-1	-1	-1	-1	8	2012	14
NS16191V	2	1	1	-1	-1	-1	7	2011	1
NS16191V	3	5	-1	1	3	-1	9	2008	6
NS16192W	1	1	1	-1	-1	-1	1	2012	1
NS16192W	2	1	2	-1	-1	-1	10	2011	2
NS16192W	3	4	-1	-1	-1	-1	4	2011	5
NS16192W	4	1	1	-1	-1	-1	3	2010	1
NS16193X	1	8	-1	-1	-1	1	4	2014	9
NS16193X	2	10	-1	-1	-1	-1	6	2012	14
NS16193X	3	5	-1	1	3	-1	9	2009	6
NS16193X	4	5	-1	1	2	-1	9	2007	6
NS16193X	5	5	-1	1	1	-1	9	1995	6
NS16194Y	1	1	1	-1	-1	-1	7	2009	1
NS16194Y	2	1	1	-1	-1	-1	6	2008	1
NS16195Z	1	1	1	-1	-1	-1	8	2012	1
NS16195Z	2	3	1	-1	-1	-1	7	2012	11
NS16195Z	3	5	-1	1	3	-1	10	2008	6
NS16195Z	4	5	-1	1	1	-1	9	2006	6
NS16196A	1	1	1	-1	-1	-1	6	2014	1
NS16196A	2	1	1	-1	-1	-1	6	2012	1
NS16196A	3	5	-1	1	3	-1	9	2009	6
NS16198C	1	5	-1	1	3	-1	9	2008	6
NS16201W	1	2	2	-1	-1	-1	7	2013	4
NS16201W	2	1	1	-1	-1	-1	8	2011	1
NS16201W	3	5	-1	1	3	-1	9	2009	6
NS16203Y	1	4	-1	-1	-1	-1	-8	-8	5
NS16206B	1	1	2	-1	-1	-1	10	2014	2
NS16206B	2	1	1	-1	-1	-1	4	2014	1
NS16206B	3	1	1	-1	-1	-1	1	2014	1
NS16206B	4	4	-1	-1	-1	-1	10	2013	5
NS16206B	5	1	1	-1	-1	-1	4	2013	1
NS16206B	6	1	1	-1	-1	-1	4	2012	1
NS16206B	7	1	1	-1	-1	-1	1	2009	1
NS16206B	8	1	1	-1	-1	-1	5	2008	1
NS16206B	9	1	1	-1	-1	-1	4	2007	1
NS16206B	10	5	-1	1	2	-1	-1	-1	6
NS16207C	1	1	1	-1	-1	-1	7	2012	1
NS16207C	2	5	-1	1	3	-1	9	2009	6
NS16210P	1	1	1	-1	-1	-1	7	2011	1
NS16210P	2	5	-1	1	3	-1	9	2008	6
NS16211Q	1	1	1	-1	-1	-1	2	2012	1
NS16211Q	2	1	1	-1	-1	-1	1	2010	1
NS16211Q	3	5	-1	1	2	-1	9	2008	6
NS16211Q	4	4	-1	-1	-1	-1	9	2006	5
NS16212R	1	4	-1	-1	-1	-1	4	2014	5
NS16212R	2	1	1	-1	-1	-1	10	2012	1
NS16212R	3	4	-1	-1	-1	-1	6	2011	5
NS16212R	4	5	-1	1	3	-1	9	2008	6
NS16214T	1	1	1	-1	-1	-1	9	2012	1
NS16214T	2	10	-1	-1	-1	-1	7	2012	14
NS16214T	3	5	-1	1	3	-1	9	2008	6
NS16216W	1	1	1	-1	-1	-1	3	2010	1
NS16217X	1	4	-1	-1	-1	-1	4	2014	5
NS16217X	2	1	1	-1	-1	-1	12	2012	1
NS16217X	3	5	-1	1	3	-1	1	2012	6
NS16217X	4	1	2	-1	-1	-1	10	2011	2
NS16217X	5	5	-1	1	3	-1	9	2008	6
NS16218Y	1	1	1	-1	-1	-1	1	2012	1
NS16218Y	2	1	1	-1	-1	-1	9	2008	1
NS16218Y	3	1	1	-1	-1	-1	9	2008	1
NS16218Y	4	5	-1	1	2	-1	9	2006	6
NS16222L	1	5	-1	1	2	-1	9	2005	6
NS16225P	1	4	-1	-1	-1	-1	-9	-9	5
NS16226Q	1	1	2	-1	-1	-1	6	2006	2
NS16231E	1	4	-1	-1	-1	-1	10	2012	5
NS16231E	2	1	1	-1	-1	-1	7	2009	1
NS16231E	3	1	1	-1	-1	-1	2	2008	1
NS16232F	1	1	2	-1	-1	-1	8	2014	2
NS16232F	2	1	2	-1	-1	-1	8	2014	2
NS16232F	3	5	-1	1	3	-1	9	2011	6
NS16232F	4	10	-1	-1	-1	-1	1	2010	14
NS16233G	1	1	1	-1	-1	-1	11	2012	1
NS16233G	2	5	-1	1	3	-1	9	2009	6
NS16234H	1	1	1	-1	-1	-1	11	2013	1
NS16234H	2	1	1	-1	-1	-1	10	2012	1
NS16234H	3	1	2	-1	-1	-1	9	2012	2
NS16234H	4	1	1	-1	-1	-1	7	2012	1
NS16234H	5	1	1	-1	-1	-1	1	2012	1
NS16234H	6	3	1	-1	-1	-1	9	2011	11
NS16234H	7	1	1	-1	-1	-1	7	2011	1
NS16234H	8	5	-1	1	3	-1	9	2008	6
NS16235J	1	1	1	-1	-1	-1	8	2011	1
NS16235J	2	5	-1	1	3	-1	9	2008	6
NS16236K	1	3	2	-1	-1	-1	9	2014	11
NS16236K	2	10	-1	-1	-1	-1	7	2014	14
NS16236K	3	5	-1	1	3	-1	1	2012	6
NS16236K	4	8	-1	-1	-1	1	4	2010	9
NS16237L	1	1	2	-1	-1	-1	7	2013	2
NS16237L	2	1	2	-1	-1	-1	6	2010	2
NS16237L	3	1	2	-1	-1	-1	4	2009	2
NS16238M	1	5	-1	1	3	-1	9	2009	6
NS16240Y	1	1	1	-1	-1	-1	11	2014	1
NS16240Y	2	5	-1	1	3	-1	9	2009	6
NS16241Z	1	1	1	-1	-1	-1	9	2011	1
NS16241Z	2	5	-1	1	3	-1	9	2008	6
NS16242A	1	1	1	-1	-1	-1	4	2013	1
NS16242A	2	5	-1	1	3	-1	9	2008	6
NS16244C	1	1	1	-1	-1	-1	7	2012	1
NS16244C	2	1	1	-1	-1	-1	7	2011	1
NS16244C	3	1	1	-1	-1	-1	9	2009	1
NS16249H	1	1	1	-1	-1	-1	-8	-8	1
NS16250S	1	9	-1	-1	-1	-1	2	2012	13
NS16250S	2	1	2	-1	-1	-1	9	2010	2
NS16250S	3	5	-1	1	2	-1	9	2006	6
NS16253W	1	1	1	-1	-1	-1	11	2014	1
NS16253W	2	1	1	-1	-1	-1	4	2014	1
NS16253W	3	4	-1	-1	-1	-1	2	2013	5
NS16253W	4	3	1	-1	-1	-1	12	2012	11
NS16253W	5	4	-1	-1	-1	-1	10	2012	5
NS16253W	6	1	1	-1	-1	-1	8	2012	1
NS16253W	7	4	-1	-1	-1	-1	6	2011	5
NS16253W	8	5	-1	1	3	-1	9	2008	6
NS16260M	1	1	1	-1	-1	-1	5	2015	1
NS16260M	2	1	1	-1	-1	-1	7	2014	1
NS16260M	3	1	1	-1	-1	-1	8	2013	1
NS16260M	4	5	-1	1	3	-1	9	2009	6
NS16261N	1	5	-1	1	3	-1	9	2011	6
NS16261N	2	5	-1	1	3	-1	9	2008	6
NS16265S	1	1	1	-1	-1	-1	2	2014	1
NS16265S	2	1	1	-1	-1	-1	3	2011	1
NS16265S	3	1	1	-1	-1	-1	10	2006	1
NS16266T	1	1	1	-1	-1	-1	6	2010	1
NS16266T	2	1	2	-1	-1	-1	10	2009	2
NS16267V	1	5	-1	1	3	-1	-8	-8	6
NS16268W	1	1	1	-1	-1	-1	7	2013	1
NS16268W	2	5	-1	1	4	-1	9	2012	6
NS16268W	3	3	2	-1	-1	-1	7	2011	11
NS16268W	4	5	-1	1	1	-1	9	2008	6
NS16268W	5	5	-1	1	1	-1	-8	-8	6
NS16270G	1	1	1	-1	-1	-1	-8	2008	1
NS16270G	2	5	-1	1	1	-1	-8	1994	6
NS16273K	1	1	1	-1	-1	-1	3	2015	1
NS16273K	2	1	2	-1	-1	-1	3	2013	2
NS16273K	3	1	2	-1	-1	-1	6	2012	2
NS16273K	4	1	1	-1	-1	-1	9	2010	1
NS16273K	5	5	-1	1	3	-1	9	2010	6
NS16273K	6	5	-1	1	2	-1	9	2007	6
NS16273K	7	5	-1	1	1	-1	9	1994	6
NS16276N	1	1	2	-1	-1	-1	11	2014	2
NS16276N	2	1	2	-1	-1	-1	8	2007	2
NS16277P	1	5	-1	1	3	-1	9	2013	6
NS16277P	2	5	-1	1	2	-1	9	2007	6
NS16279R	1	1	1	-1	-1	-1	6	2010	1
NS16279R	2	1	2	-1	-1	-1	8	2008	2
NS16280B	1	3	2	-1	-1	-1	11	2011	11
NS16280B	2	4	-1	-1	-1	-1	8	2011	5
NS16280B	3	5	-1	1	3	-1	9	2008	6
NS16281C	1	1	2	-1	-1	-1	7	2008	2
NS16287J	1	3	2	-1	-1	-1	11	2015	11
NS16287J	2	1	1	-1	-1	-1	8	2015	1
NS16287J	3	1	2	-1	-1	-1	7	2015	2
NS16287J	4	3	2	-1	-1	-1	7	2014	11
NS16287J	5	3	2	-1	-1	-1	2	2014	11
NS16287J	6	3	2	-1	-1	-1	10	2013	11
NS16287J	7	3	2	-1	-1	-1	7	2012	11
NS16287J	8	5	-1	1	3	-1	9	2009	6
NS16288K	1	1	1	-1	-1	-1	4	2014	1
NS16288K	2	1	1	-1	-1	-1	8	2013	1
NS16288K	3	5	-1	1	3	-1	9	2008	6
NS16289L	1	5	-1	1	3	-1	9	2008	6
NS16291X	1	1	1	-1	-1	-1	2	2016	1
NS16291X	2	1	1	-1	-1	-1	9	2015	1
NS16291X	3	1	1	-1	-1	-1	6	2014	1
NS16291X	4	1	1	-1	-1	-1	8	2012	1
NS16291X	5	10	-1	-1	-1	-1	6	2010	14
NS16291X	6	6	1	-1	-1	-1	9	2007	12
NS16292Y	1	1	1	-1	-1	-1	12	2013	1
NS16292Y	2	4	-1	-1	-1	-1	9	2013	5
NS16292Y	3	5	-1	1	3	-1	9	2012	6
NS16292Y	4	4	-1	-1	-1	-1	5	2012	5
NS16292Y	5	5	-1	1	3	-1	9	2008	6
NS16293Z	1	1	1	-1	-1	-1	8	2011	1
NS16293Z	2	5	-1	1	3	-1	9	2008	6
NS16294A	1	1	1	-1	-1	-1	12	2013	1
NS16294A	2	1	2	-1	-1	-1	10	2012	2
NS16294A	3	1	2	-1	-1	-1	3	2012	2
NS16294A	4	1	2	-1	-1	-1	11	2011	2
NS16294A	5	5	-1	1	3	-1	10	2008	6
NS16294A	6	5	-1	1	2	-1	10	2006	6
NS16294A	7	5	-1	1	1	-1	9	1994	6
NS16301Y	1	5	-1	1	3	-1	9	2013	6
NS16301Y	2	1	1	-1	-1	-1	10	2011	1
NS16301Y	3	5	-1	1	3	-1	9	2008	6
NS16301Y	4	5	-1	1	1	-1	9	2001	6
NS16302Z	1	1	2	-1	-1	-1	9	2015	2
NS16302Z	2	1	2	-1	-1	-1	10	2013	2
NS16302Z	3	5	-1	1	3	-1	9	2009	6
NS16304B	1	1	1	-1	-1	-1	8	2014	1
NS16304B	2	5	-1	1	3	-1	9	2011	6
NS16304B	3	10	-1	-1	-1	-1	7	2010	14
NS16304B	4	10	-1	-1	-1	-1	7	2008	14
NS16308F	1	1	1	-1	-1	-1	10	2011	1
NS16308F	2	1	1	-1	-1	-1	5	2010	1
NS16308F	3	5	-1	2	3	-1	10	2008	7
NS16308F	4	5	-1	1	1	-1	9	2001	6
NS16309G	1	1	1	-1	-1	-1	5	2010	1
NS16310R	1	1	1	-1	-1	-1	7	2007	1
NS16311S	1	5	-1	1	3	-1	9	2008	6
NS16312T	1	1	1	-1	-1	-1	8	2014	1
NS16312T	2	1	1	-1	-1	-1	6	2014	1
NS16312T	3	1	1	-1	-1	-1	7	2007	1
NS16313V	1	5	-1	1	2	-1	9	2012	6
NS16313V	2	1	2	-1	-1	-1	6	2011	2
NS16313V	3	10	-1	-1	-1	-1	9	2010	14
NS16313V	4	1	1	-1	-1	-1	8	2006	1
NS16314W	1	1	1	-1	-1	-1	1	2009	1
NS16315X	1	5	-1	1	3	-1	10	2012	6
NS16315X	2	4	-1	-1	-1	-1	7	2012	5
NS16315X	3	5	-1	1	3	-1	9	2008	6
NS16316Y	1	1	1	-1	-1	-1	6	2006	1
NS16320L	1	1	1	-1	-1	-1	1	2013	1
NS16320L	2	1	1	-1	-1	-1	1	2013	1
NS16320L	3	5	-1	1	3	-1	9	2011	6
NS16320L	4	5	-1	1	3	-1	10	2008	6
NS16321M	1	4	-1	-1	-1	-1	7	2013	5
NS16321M	2	5	-1	1	3	-1	9	2009	6
NS16322N	1	1	1	-1	-1	-1	1	2015	1
NS16322N	2	1	1	-1	-1	-1	6	2014	1
NS16322N	3	10	-1	-1	-1	-1	1	2012	14
NS16322N	4	2	2	-1	-1	-1	6	2010	4
NS16326S	1	3	1	-1	-1	-1	2	2013	11
NS16326S	2	1	1	-1	-1	-1	10	2012	1
NS16326S	3	5	-1	1	3	-1	10	2008	6
NS16327T	1	1	1	-1	-1	-1	3	2010	1
NS16328V	1	5	-1	1	3	-1	9	2008	6
NS16328V	2	5	-1	1	2	-1	9	2006	6
NS16330F	1	4	-1	-1	-1	-1	9	2012	5
NS16330F	2	5	-1	1	3	-1	9	2008	6
NS16334K	1	1	2	-1	-1	-1	8	2010	2
NS16334K	2	5	-1	1	3	-1	9	2009	6
NS16335L	1	5	-1	1	1	-1	4	2001	6
NS16337N	1	1	2	-1	-1	-1	5	2012	2
NS16337N	2	5	-1	1	3	-1	9	2010	6
NS16337N	3	5	-1	1	2	-1	9	2008	6
NS16342C	1	1	2	-1	-1	-1	4	2013	2
NS16342C	2	8	-1	-1	-1	2	7	2010	10
NS16342C	3	5	-1	1	2	-1	9	2006	6
NS16344E	1	6	1	-1	-1	-1	10	2012	12
NS16344E	2	4	-1	-1	-1	-1	4	2012	5
NS16344E	3	5	-1	1	2	-1	10	2011	6
NS16344E	4	5	-1	1	1	-1	9	1995	6
NS16345F	1	9	-1	-1	-1	-1	1	2012	13
NS16345F	2	1	1	-1	-1	-1	1	2011	1
NS16345F	3	5	-1	1	2	-1	9	2010	6
NS16345F	4	5	-1	1	1	-1	9	1994	6
NS16347H	1	1	2	-1	-1	-1	11	2015	2
NS16347H	2	5	-1	1	3	-1	9	2015	6
NS16347H	3	1	1	-1	-1	-1	2	2015	1
NS16347H	4	1	2	-1	-1	-1	12	2014	2
NS16347H	5	2	2	-1	-1	-1	9	2014	4
NS16347H	6	1	1	-1	-1	-1	11	2012	1
NS16347H	7	4	-1	-1	-1	-1	7	2012	5
NS16347H	8	1	1	-1	-1	-1	10	2011	1
NS16347H	9	4	-1	-1	-1	-1	8	2011	5
NS16347H	10	1	2	-1	-1	-1	2	2011	2
NS16347H	11	1	2	-1	-1	-1	3	2009	2
NS16352X	1	1	1	-1	-1	-1	5	2008	1
NS16352X	2	4	-1	-1	-1	-1	-9	-9	5
NS16353Y	1	1	1	-1	-1	-1	1	2012	1
NS16353Y	2	1	1	-1	-1	-1	10	2011	1
NS16353Y	3	5	-1	1	3	-1	9	2008	6
NS16354Z	1	1	2	-1	-1	-1	12	2014	2
NS16354Z	2	1	2	-1	-1	-1	3	2012	2
NS16354Z	3	4	-1	-1	-1	-1	1	2012	5
NS16354Z	4	5	-1	1	2	-1	9	2006	6
NS16355A	1	1	2	-1	-1	-1	5	2013	2
NS16355A	2	5	-1	1	3	-1	9	2010	6
NS16355A	3	5	-1	1	2	-1	9	2007	6
NS16356B	1	5	-1	1	3	-1	9	2008	6
NS16356B	2	5	-1	1	2	-1	9	2006	6
NS16357C	1	1	1	-1	-1	-1	10	2013	1
NS16357C	2	1	2	-1	-1	-1	8	2012	2
NS16357C	3	3	1	-1	-1	-1	4	2012	11
NS16357C	4	4	-1	-1	-1	-1	5	2011	5
NS16357C	5	1	2	-1	-1	-1	5	2006	2
NS16358D	1	1	1	-1	-1	-1	5	2013	1
NS16358D	2	1	2	-1	-1	-1	5	2012	2
NS16358D	3	1	2	-1	-1	-1	12	2011	2
NS16358D	4	1	1	-1	-1	-1	6	2011	1
NS16358D	5	5	-1	1	3	-1	9	2009	6
NS16360P	1	10	-1	-1	-1	-1	9	2013	14
NS16360P	2	5	-1	2	4	-1	9	2011	7
NS16360P	3	1	2	-1	-1	-1	9	2011	2
NS16360P	4	5	-1	1	3	-1	9	2008	6
NS16363S	1	1	1	-1	-1	-1	11	2006	1
NS16369Z	1	5	-1	1	3	-1	9	2008	6
NS16371K	1	5	-1	1	3	-1	9	2008	6
NS16373M	1	1	2	-1	-1	-1	1	2008	2
NS16374N	1	1	1	-1	-1	-1	-8	2007	1
NS16375P	1	1	1	-1	-1	-1	10	2011	1
NS16375P	2	5	-1	1	3	-1	9	2008	6
NS16375P	3	5	-1	1	1	-1	9	2006	6
NS16376Q	1	5	-1	1	3	-1	9	2013	6
NS16376Q	2	5	-1	1	2	-1	9	2012	6
NS16376Q	3	4	-1	-1	-1	-1	2	2011	5
NS16376Q	4	5	-1	1	2	-1	9	2010	6
NS16376Q	5	4	-1	-1	-1	-1	6	2010	5
NS16377R	1	5	-1	1	3	-1	10	2008	6
NS16379T	1	1	1	-1	-1	-1	9	2014	1
NS16379T	2	1	1	-1	-1	-1	9	2010	1
NS16379T	3	5	-1	1	3	-1	9	2008	6
NS16382F	1	5	-1	1	3	-1	9	2013	6
NS16382F	2	1	1	-1	-1	-1	1	2012	1
NS16382F	3	1	2	-1	-1	-1	9	2011	2
NS16382F	4	5	-1	1	3	-1	9	2008	6
NS16383G	1	1	1	-1	-1	-1	5	2007	1
NS16387L	1	1	1	-1	-1	-1	6	2015	1
NS16387L	2	10	-1	-1	-1	-1	5	2015	14
NS16387L	3	1	1	-1	-1	-1	1	2014	1
NS16387L	4	5	-1	1	3	-1	9	2011	6
NS16387L	5	1	1	-1	-1	-1	6	2011	1
NS16387L	6	5	-1	1	3	-1	10	2008	6
NS16388M	1	5	-1	1	3	-1	9	2009	6
NS16389N	1	1	1	-1	-1	-1	8	2008	1
NS16389N	2	5	-1	1	2	-1	9	2006	6
NS16390Y	1	1	1	-1	-1	-1	9	2012	1
NS16390Y	2	5	-1	1	3	-1	10	2007	6
NS16390Y	3	5	-1	1	1	-1	9	2005	6
NS16393B	1	4	-1	-1	-1	-1	12	2014	5
NS16393B	2	1	2	-1	-1	-1	11	2012	2
NS16393B	3	1	1	-1	-1	-1	9	2009	1
NS16393B	4	1	2	-1	-1	-1	9	2007	2
NS16393B	5	5	-1	1	1	-1	9	2000	6
NS16395D	1	1	1	-1	-1	-1	7	2014	1
NS16395D	2	1	1	-1	-1	-1	9	2013	1
NS16395D	3	1	1	-1	-1	-1	10	2012	1
NS16395D	4	10	-1	-1	-1	-1	4	2012	14
NS16395D	5	1	1	-1	-1	-1	9	2010	1
NS16395D	6	5	-1	1	2	-1	9	2006	6
NS16396E	1	1	1	-1	-1	-1	5	2011	1
NS16396E	2	5	-1	1	3	-1	9	2008	6
NS16399H	1	1	1	-1	-1	-1	2	2012	1
NS16399H	2	1	1	-1	-1	-1	1	2011	1
NS16399H	3	1	2	-1	-1	-1	10	2008	2
NS16402B	1	5	-1	1	3	-1	9	2012	6
NS16402B	2	2	1	-1	-1	-1	7	2011	3
NS16402B	3	5	-1	1	3	-1	9	2008	6
NS16402B	4	5	-1	1	1	-1	9	2006	6
NS16403C	1	5	-1	1	3	-1	9	2013	6
NS16403C	2	1	1	-1	-1	-1	5	2012	1
NS16403C	3	5	-1	1	3	-1	9	2009	6
NS16406F	1	1	1	-1	-1	-1	11	2014	1
NS16406F	2	1	1	-1	-1	-1	1	2011	1
NS16406F	3	1	1	-1	-1	-1	1	2008	1
NS16409J	1	5	-1	1	3	-1	9	2012	6
NS16409J	2	1	2	-1	-1	-1	12	2011	2
NS16409J	3	4	-1	-1	-1	-1	7	2011	5
NS16409J	4	5	-1	1	3	-1	9	2008	6
NS16411V	1	1	1	-1	-1	-1	1	2009	1
NS16413X	1	2	1	-1	-1	-1	8	2009	3
NS16415Z	1	1	1	-1	-1	-1	12	2013	1
NS16415Z	2	3	1	-1	-1	-1	10	2013	11
NS16415Z	3	5	-1	1	3	-1	9	2012	6
NS16415Z	4	5	-1	1	3	-1	9	2008	6
NS16421P	1	5	-1	1	3	-1	9	2012	6
NS16421P	2	5	-1	1	3	-1	9	2009	6
NS16422Q	1	1	1	-1	-1	-1	12	2006	1
NS16423R	1	1	1	-1	-1	-1	8	2014	1
NS16423R	2	1	1	-1	-1	-1	9	2013	1
NS16423R	3	1	1	-1	-1	-1	2	2012	1
NS16423R	4	1	1	-1	-1	-1	6	2006	1
NS16424S	1	5	-1	1	3	-1	9	2008	6
NS16425T	1	1	1	-1	-1	-1	11	2011	1
NS16425T	2	5	-1	1	3	-1	9	2008	6
NS16427W	1	2	2	-1	-1	-1	4	2008	4
NS16431J	1	7	-1	-1	-1	-1	1	2004	8
NS16432K	1	5	-1	1	2	-1	9	2014	6
NS16432K	2	1	1	-1	-1	-1	-8	2013	1
NS16432K	3	1	1	-1	-1	-1	-8	2010	1
NS16432K	4	4	-1	-1	-1	-1	-8	2009	5
NS16432K	5	1	1	-1	-1	-1	6	2006	1
NS16434M	1	5	-1	1	3	-1	8	2009	6
NS16434M	2	1	1	-1	-1	-1	11	2007	1
NS16434M	3	-9	-1	-1	-1	-1	-9	2001	-8
NS16435N	1	3	1	-1	-1	-1	4	2015	11
NS16435N	2	1	1	-1	-1	-1	8	2013	1
NS16435N	3	5	-1	1	3	-1	9	2008	6
NS16438R	1	1	1	-1	-1	-1	6	2012	1
NS16438R	2	5	-1	1	3	-1	9	2008	6
NS16440C	1	1	1	-1	-1	-1	6	2008	1
NS16441D	1	1	1	-1	-1	-1	9	2014	1
NS16441D	2	1	1	-1	-1	-1	8	2011	1
NS16441D	3	5	-1	1	3	-1	9	2008	6
NS16444G	1	1	1	-1	-1	-1	11	2010	1
NS16444G	2	10	-1	-1	-1	-1	12	2009	14
NS16448L	1	9	-1	-1	-1	-1	12	2008	13
NS16448L	2	4	-1	-1	-1	-1	4	2007	5
NS16448L	3	1	2	-1	-1	-1	8	2006	2
NS16450X	1	1	1	-1	-1	-1	11	2014	1
NS16450X	2	1	1	-1	-1	-1	3	2014	1
NS16450X	3	1	2	-1	-1	-1	9	2013	2
NS16450X	4	2	2	-1	-1	-1	12	2007	4
NS16450X	5	5	-1	1	4	-1	11	2006	6
NS16450X	6	4	-1	-1	-1	-1	8	2006	5
NS16455C	1	5	-1	1	3	-1	9	2008	6
NS16456D	1	1	1	-1	-1	-1	12	2014	1
NS16456D	2	1	1	-1	-1	-1	6	2010	1
NS16456D	3	5	-1	1	3	-1	9	2008	6
NS16457E	1	5	-1	1	3	-1	9	2011	6
NS16457E	2	1	1	-1	-1	-1	8	2010	1
NS16457E	3	5	-1	1	3	-1	9	2009	6
NS16458F	1	1	1	-1	-1	-1	9	2014	1
NS16458F	2	5	-1	1	3	-1	9	2010	6
NS16458F	3	1	2	-1	-1	-1	4	2007	2
NS16459G	1	1	1	-1	-1	-1	9	2012	1
NS16459G	2	1	1	-1	-1	-1	9	2011	1
NS16459G	3	5	-1	1	3	-1	9	2008	6
NS16460R	1	1	2	-1	-1	-1	9	2008	2
NS16460R	2	5	-1	1	2	-1	9	2006	6
NS16461S	1	1	1	-1	-1	-1	11	2014	1
NS16461S	2	1	1	-1	-1	-1	5	2014	1
NS16461S	3	1	2	-1	-1	-1	11	2013	2
NS16461S	4	4	-1	-1	-1	-1	8	2013	5
NS16461S	5	1	1	-1	-1	-1	6	2013	1
NS16461S	6	5	-1	1	3	-1	9	2012	6
NS16461S	7	1	1	-1	-1	-1	12	2011	1
NS16461S	8	1	2	-1	-1	-1	9	2011	2
NS16461S	9	3	2	-1	-1	-1	6	2011	11
NS16461S	10	5	-1	1	3	-1	9	2008	6
NS16466Y	1	1	1	-1	-1	-1	7	2006	1
NS16469B	1	4	-1	-1	-1	-1	4	2011	5
NS16469B	2	5	-1	1	3	-1	10	2007	6
NS16470L	1	5	-1	1	3	-1	9	2008	6
NS16473P	1	1	1	-1	-1	-1	9	2012	1
NS16473P	2	4	-1	-1	-1	-1	11	2011	5
NS16473P	3	5	-1	1	3	-1	10	2008	6
NS16475R	1	5	-1	1	3	-1	9	2011	6
NS16475R	2	1	1	-1	-1	-1	9	2010	1
NS16475R	3	1	1	-1	-1	-1	7	2008	1
NS16476S	1	5	-1	1	3	-1	9	2008	6
NS16478V	1	4	1	-1	-1	-1	12	2011	5
NS16478V	2	10	-1	-1	-1	-1	1	2010	14
NS16479W	1	4	-1	-1	-1	-1	9	2012	5
NS16479W	2	1	1	-1	-1	-1	7	2012	1
NS16479W	3	5	-1	1	3	-1	10	2008	6
NS16481G	1	1	1	-1	-1	-1	6	2011	1
NS16481G	2	5	-1	1	3	-1	9	2008	6
NS16481G	3	1	2	-1	-1	-1	9	2004	2
NS16486M	1	1	1	-1	-1	-1	2	2015	1
NS16486M	2	1	1	-1	-1	-1	11	2012	1
NS16486M	3	5	-1	1	3	-1	9	2009	6
NS16487N	1	5	-1	1	3	-1	9	2013	6
NS16487N	2	1	1	-1	-1	-1	8	2012	1
NS16487N	3	1	1	-1	-1	-1	7	2011	1
NS16487N	4	5	-1	1	3	-1	9	2008	6
NS16492C	1	5	-1	1	3	-1	9	2008	6
NS16493D	1	1	1	-1	-1	-1	5	2010	1
NS16493D	2	1	1	-1	-1	-1	6	2007	1
NS16493D	3	5	-1	1	1	-1	9	1994	6
NS16496G	1	5	-1	1	2	-1	9	2013	6
NS16496G	2	1	1	-1	-1	-1	11	2011	1
NS16496G	3	9	-1	-1	-1	-1	6	2010	13
NS16496G	4	1	1	-1	-1	-1	6	2007	1
NS16496G	5	1	1	-1	-1	-1	7	2006	1
NS16497H	1	1	1	-1	-1	-1	1	2012	1
NS16497H	2	1	2	-1	-1	-1	9	2007	2
NS16498J	1	1	2	-1	-1	-1	8	2012	2
NS16498J	2	5	-1	1	3	-1	9	2009	6
NS16498J	3	10	-1	-1	-1	-1	6	2008	14
NS16499K	1	6	1	-1	-1	-1	3	2012	12
NS16499K	2	5	-1	2	2	-1	1	2005	7
NS16500B	1	1	1	-1	-1	-1	10	2012	1
NS16500B	2	1	1	-1	-1	-1	6	2012	1
NS16500B	3	5	-1	1	3	-1	9	2009	6
NS16501C	1	4	-1	-1	-1	-1	9	2014	5
NS16501C	2	10	-1	-1	-1	-1	8	2014	14
NS16501C	3	1	1	-1	-1	-1	3	2012	1
NS16501C	4	4	-1	-1	-1	-1	12	2011	5
NS16501C	5	5	-1	1	3	-1	9	2008	6
NS16507J	1	4	-1	-1	-1	-1	6	2010	5
NS16507J	2	1	1	-1	-1	-1	1	2010	1
NS16507J	3	4	-1	-1	-1	-1	-8	-8	5
NS16508K	1	5	-1	1	3	-1	9	2010	6
NS16508K	2	5	-1	1	2	-1	9	2009	6
NS16512Y	1	1	1	-1	-1	-1	6	2012	1
NS16512Y	2	1	1	-1	-1	-1	7	2011	1
NS16512Y	3	5	-1	1	3	-1	9	2008	6
NS16516C	1	5	-1	1	3	-1	10	2010	6
NS16516C	2	5	-1	1	2	-1	9	2008	6
NS16517D	1	4	-1	-1	-1	-1	-8	-8	5
NS16518E	1	1	1	-1	-1	-1	9	2013	1
NS16518E	2	1	1	-1	-1	-1	6	2008	1
NS16525W	1	1	2	-1	-1	-1	3	2015	2
NS16525W	2	1	2	-1	-1	-1	12	2014	2
NS16525W	3	5	-1	1	3	-1	9	2011	6
NS16525W	4	5	-1	1	3	-1	9	2009	6
NS16527Y	1	1	1	-1	-1	-1	6	2013	1
NS16527Y	2	1	1	-1	-1	-1	4	2011	1
NS16527Y	3	1	1	-1	-1	-1	10	2007	1
NS16533N	1	5	-1	1	2	-1	9	2010	6
NS16533N	2	4	-1	-1	-1	-1	-8	-8	5
NS16538T	1	4	-1	-1	-1	-1	3	2011	5
NS16538T	2	6	1	-1	-1	-1	3	2009	12
NS16544J	1	1	1	-1	-1	-1	1	2010	1
NS16545K	1	3	2	-1	-1	-1	5	2013	11
NS16545K	2	1	1	-1	-1	-1	10	2012	1
NS16545K	3	1	1	-1	-1	-1	9	2011	1
NS16545K	4	5	-1	1	3	-1	10	2008	6
NS16546L	1	1	2	-1	-1	-1	3	2012	2
NS16546L	2	4	-1	-1	-1	-1	11	2011	5
NS16546L	3	1	1	-1	-1	-1	4	2011	1
NS16546L	4	1	1	-1	-1	-1	3	2010	1
NS16547M	1	1	1	-1	-1	-1	7	2008	1
NS16547M	2	5	-1	1	1	-1	8	2006	6
NS16548N	1	1	1	-1	-1	-1	8	2013	1
NS16548N	2	1	1	-1	-1	-1	-8	2006	1
NS16549P	1	1	1	-1	-1	-1	4	2013	1
NS16549P	2	10	-1	-1	-1	-1	9	2012	14
NS16549P	3	5	-1	1	3	-1	9	2009	6
NS16553C	1	1	1	-1	-1	-1	6	2012	1
NS16553C	2	1	2	-1	-1	-1	1	2012	2
NS16553C	3	1	2	-1	-1	-1	10	2011	2
NS16553C	4	4	-1	-1	-1	-1	8	2011	5
NS16553C	5	5	-1	1	3	-1	9	2008	6
NS16556F	1	5	-1	1	3	-1	10	2010	6
NS16556F	2	5	-1	1	2	-1	9	2008	6
NS16562W	1	4	-1	-1	-1	-1	12	2014	5
NS16562W	2	1	1	-1	-1	-1	7	2014	1
NS16562W	3	4	-1	-1	-1	-1	1	2014	5
NS16562W	4	1	1	-1	-1	-1	9	2011	1
NS16562W	5	5	-1	1	3	-1	9	2008	6
NS16563X	1	5	-1	1	3	-1	9	2012	6
NS16563X	2	1	1	-1	-1	-1	6	2011	1
NS16563X	3	5	-1	1	3	-1	9	2008	6
NS16570N	1	1	1	-1	-1	-1	11	2011	1
NS16570N	2	5	-1	1	3	-1	9	2008	6
NS16573R	1	1	2	-1	-1	-1	10	2012	2
NS16573R	2	3	2	-1	-1	-1	2	2012	11
NS16573R	3	5	-1	2	2	-1	9	2011	7
NS16573R	4	4	-1	-1	-1	-1	2	2010	5
NS16579Y	1	1	2	-1	-1	-1	9	2015	2
NS16579Y	2	10	-1	-1	-1	-1	2	2015	14
NS16579Y	3	1	1	-1	-1	-1	7	2013	1
NS16579Y	4	-8	-1	-1	-1	-1	-9	-9	-8
NS16580H	1	6	2	-1	-1	-1	12	2009	12
NS16581J	1	1	1	-1	-1	-1	10	2013	1
NS16581J	2	1	1	-1	-1	-1	9	2012	1
NS16581J	3	5	-1	1	3	-1	9	2009	6
NS16581J	4	1	1	-1	-1	-1	7	2008	1
NS16581J	5	5	-1	1	1	-1	9	2001	6
NS16582K	1	5	-1	1	3	-1	9	2012	6
NS16582K	2	1	1	-1	-1	-1	8	2011	1
NS16582K	3	5	-1	1	3	-1	10	2008	6
NS16583L	1	5	-1	1	3	-1	9	2011	6
NS16583L	2	1	2	-1	-1	-1	3	2009	2
NS16587Q	1	1	1	-1	-1	-1	9	2015	1
NS16587Q	2	1	1	-1	-1	-1	9	2012	1
NS16587Q	3	5	-1	1	3	-1	9	2009	6
NS16587Q	4	5	-1	1	2	-1	10	2006	6
NS16587Q	5	5	-1	1	1	-1	9	2001	6
NS16588R	1	5	-1	1	3	-1	9	2010	6
NS16588R	2	5	-1	1	2	-1	9	2007	6
NS16589S	1	5	-1	1	1	-1	9	1993	6
NS16590C	1	1	2	-1	-1	-1	1	2013	2
NS16590C	2	1	1	-1	-1	-1	8	2011	1
NS16590C	3	4	-1	-1	-1	-1	6	2011	5
NS16590C	4	5	-1	1	3	-1	9	2008	6
NS16591D	1	1	1	-1	-1	-1	8	2011	1
NS16591D	2	5	-1	1	3	-1	9	2008	6
NS16591D	3	5	-1	1	1	-1	9	2006	6
NS16593F	1	1	2	-1	-1	-1	-8	-8	2
NS16594G	1	1	1	-1	-1	-1	6	2012	1
NS16594G	2	1	2	-1	-1	-1	12	2011	2
NS16594G	3	5	-1	1	3	-1	9	2008	6
NS16595H	1	4	-1	-1	-1	-1	1	2015	5
NS16595H	2	1	1	-1	-1	-1	11	2013	1
NS16595H	3	1	1	-1	-1	-1	6	2012	1
NS16595H	4	1	1	-1	-1	-1	6	2011	1
NS16595H	5	1	1	-1	-1	-1	6	2010	1
NS16595H	6	6	1	-1	-1	-1	11	2008	12
NS16595H	7	5	-1	1	2	-1	9	2006	6
NS16598L	1	1	1	-1	-1	-1	3	2012	1
NS16598L	2	1	2	-1	-1	-1	3	2008	2
NS16599M	1	8	-1	-1	-1	2	7	1999	10
NS16602F	1	4	-1	-1	-1	-1	5	2008	5
NS16602F	2	9	-1	-1	-1	-1	5	2008	13
NS16602F	3	4	-1	-1	-1	-1	5	2008	5
NS16602F	4	5	-1	1	1	-1	9	2001	6
NS16606K	1	5	-1	1	3	-1	9	2010	6
NS16606K	2	5	-1	1	2	-1	9	2008	6
NS16606K	3	5	-1	1	2	-1	9	2006	6
NS16608M	1	1	1	-1	-1	-1	4	2013	1
NS16608M	2	1	1	-1	-1	-1	3	2012	1
NS16608M	3	4	-1	-1	-1	-1	8	2011	5
NS16608M	4	5	-1	1	3	-1	9	2008	6
NS16610Y	1	5	-1	1	3	-1	9	2010	6
NS16610Y	2	1	1	-1	-1	-1	9	2006	1
NS16614C	1	5	-1	1	3	-1	9	2009	6
NS16617F	1	1	2	-1	-1	-1	6	2012	2
NS16617F	2	5	-1	2	3	-1	10	2011	7
NS16617F	3	5	-1	1	3	-1	10	2008	6
NS16618G	1	4	-1	-1	-1	-1	9	2012	5
NS16618G	2	5	-1	1	3	-1	9	2008	6
NS16619H	1	4	-1	-1	-1	-1	7	2012	5
NS16619H	2	5	-1	1	3	-1	10	2008	6
NS16620S	1	5	-1	1	3	-1	9	2009	6
NS16621T	1	5	-1	1	4	-1	5	2015	6
NS16621T	2	1	1	-1	-1	-1	8	2014	1
NS16621T	3	4	-1	-1	-1	-1	5	2014	5
NS16621T	4	10	-1	-1	-1	-1	11	2013	14
NS16621T	5	1	1	-1	-1	-1	3	2013	1
NS16621T	6	1	1	-1	-1	-1	9	2008	1
NS16622V	1	5	-1	1	3	-1	9	2008	6
NS16622V	2	5	-1	1	2	-1	9	2006	6
NS16623W	1	5	-1	1	2	-1	9	2013	6
NS16623W	2	5	-1	1	3	-1	9	2010	6
NS16623W	3	5	-1	1	1	-1	-8	1995	6
NS16625Y	1	-9	-1	-1	-1	-1	-9	-9	-8
NS16627A	1	1	1	-1	-1	-1	8	2014	1
NS16627A	2	1	1	-1	-1	-1	6	2010	1
NS16628B	1	1	1	-1	-1	-1	7	2015	1
NS16628B	2	4	-1	-1	-1	-1	1	2015	5
NS16628B	3	1	1	-1	-1	-1	11	2014	1
NS16628B	4	5	-1	2	3	-1	10	2013	7
NS16628B	5	2	2	-1	-1	-1	8	2012	4
NS16628B	6	5	-1	1	3	-1	10	2009	6
NS16636T	1	1	2	-1	-1	-1	10	2004	2
NS16637V	1	5	-1	1	3	-1	9	2008	6
NS16638W	1	1	1	-1	-1	-1	8	2012	1
NS16638W	2	1	1	-1	-1	-1	6	2009	1
NS16638W	3	6	1	-1	-1	-1	6	2008	12
NS16639X	1	1	1	-1	-1	-1	8	2012	1
NS16639X	2	5	-1	1	3	-1	10	2009	6
NS16642J	1	1	1	-1	-1	-1	-8	-8	1
NS16643K	1	1	1	-1	-1	-1	10	2012	1
NS16643K	2	1	2	-1	-1	-1	5	2012	2
NS16643K	3	5	-1	1	3	-1	10	2009	6
NS16644L	1	5	-1	1	3	-1	9	2008	6
NS16647P	1	1	1	-1	-1	-1	9	2010	1
NS16647P	2	5	-1	2	2	-1	9	2008	7
NS16651C	1	1	2	-1	-1	-1	-8	2008	2
NS16654F	1	5	-1	1	3	-1	4	2012	6
NS16654F	2	1	1	-1	-1	-1	-9	-9	1
NS16658K	1	4	-1	-1	-1	-1	1	2008	5
NS16658K	2	1	1	-1	-1	-1	9	2006	1
NS16661X	1	8	-1	-1	-1	1	12	2013	9
NS16661X	2	1	1	-1	-1	-1	10	2013	1
NS16661X	3	1	1	-1	-1	-1	4	2013	1
NS16661X	4	1	2	-1	-1	-1	2	2013	2
NS16661X	5	6	1	-1	-1	-1	2	2012	12
NS16661X	6	5	-1	1	3	-1	9	2011	6
NS16661X	7	5	-1	1	2	-1	9	2010	6
NS16661X	8	1	1	-1	-1	-1	9	2009	1
NS16665B	1	1	1	-1	-1	-1	12	2012	1
NS16665B	2	1	1	-1	-1	-1	4	2010	1
NS16668E	1	1	2	-1	-1	-1	8	2014	2
NS16668E	2	4	-1	-1	-1	-1	4	2014	5
NS16668E	3	1	1	-1	-1	-1	9	2013	1
NS16668E	4	1	1	-1	-1	-1	5	2012	1
NS16668E	5	1	1	-1	-1	-1	2	2011	1
NS16668E	6	1	1	-1	-1	-1	5	2009	1
NS16669F	1	4	-1	-1	-1	-1	5	2013	5
NS16669F	2	5	-1	2	3	-1	9	2010	7
NS16669F	3	5	-1	1	2	-1	5	2006	6
NS16670Q	1	1	1	-1	-1	-1	10	2008	1
NS16673T	1	4	-1	-1	-1	-1	6	2011	5
NS16673T	2	1	2	-1	-1	-1	2	2011	2
NS16673T	3	1	2	-1	-1	-1	11	2010	2
NS16673T	4	4	-1	-1	-1	-1	2	2009	5
NS16676X	1	1	1	-1	-1	-1	2	2012	1
NS16676X	2	5	-1	1	3	-1	9	2010	6
NS16676X	3	1	1	-1	-1	-1	3	2010	1
NS16680K	1	1	1	-1	-1	-1	1	2009	1
NS16680K	2	5	-1	1	2	-1	9	2006	6
NS16681L	1	1	1	-1	-1	-1	6	2013	1
NS16681L	2	1	1	-1	-1	-1	4	2012	1
NS16681L	3	1	2	-1	-1	-1	7	2011	2
NS16681L	4	5	-1	1	3	-1	9	2008	6
NS16683N	1	1	1	-1	-1	-1	7	2008	1
NS16685Q	1	1	1	-1	-1	-1	-9	-9	1
NS16686R	1	1	2	-1	-1	-1	1	2010	2
NS16689V	1	1	1	-1	-1	-1	8	2012	1
NS16689V	2	5	-1	1	3	-1	9	2008	6
NS16692G	1	1	1	-1	-1	-1	9	2011	1
NS16692G	2	1	2	-1	-1	-1	9	2009	2
NS16695K	1	1	1	-1	-1	-1	1	2015	1
NS16695K	2	1	1	-1	-1	-1	4	2014	1
NS16695K	3	1	1	-1	-1	-1	2	2013	1
NS16695K	4	1	1	-1	-1	-1	10	2012	1
NS16695K	5	5	-1	1	3	-1	9	2009	6
NS16697M	1	4	-1	-1	-1	-1	-8	2010	5
NS16697M	2	-8	-1	-1	-1	-1	-8	-8	-8
NS16699P	1	1	1	-1	-1	-1	10	2013	1
NS16699P	2	4	-1	-1	-1	-1	-8	-8	5
NS16701G	1	5	-1	1	3	-1	9	2008	6
NS16702H	1	1	1	-1	-1	-1	4	2014	1
NS16702H	2	1	2	-1	-1	-1	7	2012	2
NS16702H	3	5	-1	1	3	-1	9	2008	6
NS16702H	4	5	-1	1	2	-1	9	2006	6
NS16703J	1	5	-1	1	3	-1	9	2012	6
NS16703J	2	1	1	-1	-1	-1	6	2012	1
NS16703J	3	5	-1	1	3	-1	9	2011	6
NS16703J	4	4	-1	-1	-1	-1	7	2011	5
NS16703J	5	1	1	-1	-1	-1	7	2010	1
NS16703J	6	5	-1	1	3	-1	9	2008	6
NS16709Q	1	1	1	-1	-1	-1	5	2009	1
NS16711B	1	1	1	-1	-1	-1	8	2013	1
NS16711B	2	1	1	-1	-1	-1	6	2012	1
NS16711B	3	5	-1	1	3	-1	9	2008	6
NS16712C	1	2	1	-1	-1	-1	8	2010	3
NS16712C	2	1	1	-1	-1	-1	9	2008	1
NS16713D	1	1	1	-1	-1	-1	3	2012	1
NS16713D	2	1	1	-1	-1	-1	2	2009	1
NS16713D	3	1	1	-1	-1	-1	8	2007	1
NS16714E	1	1	1	-1	-1	-1	1	2013	1
NS16714E	2	1	1	-1	-1	-1	10	2012	1
NS16714E	3	1	1	-1	-1	-1	8	2012	1
NS16714E	4	1	1	-1	-1	-1	11	2010	1
NS16714E	5	1	1	-1	-1	-1	12	2008	1
NS16715F	1	2	1	-1	-1	-1	6	2014	3
NS16715F	2	10	-1	-1	-1	-1	2	2012	14
NS16715F	3	1	1	-1	-1	-1	7	2011	1
NS16715F	4	5	-1	1	3	-1	9	2008	6
NS16716G	1	2	2	-1	-1	-1	9	2011	4
NS16716G	2	5	-1	1	2	-1	9	2008	6
NS16716G	3	5	-1	1	1	-1	9	2002	6
NS16717H	1	5	-1	1	3	-1	9	2012	6
NS16717H	2	1	1	-1	-1	-1	1	2012	1
NS16717H	3	5	-1	1	3	-1	9	2009	6
NS16719K	1	1	1	-1	-1	-1	5	2015	1
NS16719K	2	1	1	-1	-1	-1	8	2013	1
NS16719K	3	1	1	-1	-1	-1	1	2013	1
NS16719K	4	1	2	-1	-1	-1	8	2008	2
NS16720V	1	1	1	-1	-1	-1	9	2011	1
NS16720V	2	5	-1	1	3	-1	9	2008	6
NS16723Y	1	1	2	-1	-1	-1	1	2014	2
NS16723Y	2	1	2	-1	-1	-1	3	2013	2
NS16723Y	3	4	-1	-1	-1	-1	1	2011	5
NS16723Y	4	1	2	-1	-1	-1	7	2006	2
NS16725A	1	5	-1	1	3	-1	-8	-8	6
NS16727C	1	5	-1	1	3	-1	9	2009	6
NS16728D	1	1	1	-1	-1	-1	1	2011	1
NS16728D	2	1	1	-1	-1	-1	9	2006	1
NS16729E	1	4	-1	-1	-1	-1	7	2013	5
NS16729E	2	5	-1	1	2	-1	9	2006	6
NS16731Q	1	1	2	-1	-1	-1	4	2014	2
NS16731Q	2	1	2	-1	-1	-1	2	2013	2
NS16731Q	3	4	-1	-1	-1	-1	2	2012	5
NS16731Q	4	1	2	-1	-1	-1	10	2011	2
NS16731Q	5	2	2	-1	-1	-1	6	2011	4
NS16731Q	6	1	2	-1	-1	-1	1	2011	2
NS16731Q	7	3	2	-1	-1	-1	9	2010	11
NS16731Q	8	4	-1	-1	-1	-1	1	2010	5
NS16732R	1	1	1	-1	-1	-1	9	2014	1
NS16732R	2	1	1	-1	-1	-1	10	2011	1
NS16732R	3	5	-1	1	3	-1	9	2008	6
NS16733S	1	1	1	-1	-1	-1	7	2012	1
NS16733S	2	1	1	-1	-1	-1	7	2010	1
NS16733S	3	1	1	-1	-1	-1	7	2006	1
NS16735V	1	2	1	-1	-1	-1	9	2007	3
NS16736W	1	4	-1	-1	-1	-1	6	2014	5
NS16736W	2	9	-1	-1	-1	-1	7	2012	13
NS16736W	3	5	-1	1	3	-1	9	2010	6
NS16736W	4	5	-1	1	2	-1	9	2008	6
NS16737X	1	1	2	-1	-1	-1	9	2009	2
NS16739Z	1	1	2	-1	-1	-1	3	2013	2
NS16739Z	2	4	-1	-1	-1	-1	9	2012	5
NS16739Z	3	5	-1	1	3	-1	9	2011	6
NS16739Z	4	5	-1	1	3	-1	9	2008	6
NS16741K	1	4	-1	-1	-1	-1	7	2008	5
NS16741K	2	5	-1	1	2	-1	9	2006	6
NS16742L	1	1	1	-1	-1	-1	9	2012	1
NS16742L	2	5	-1	1	3	-1	9	2007	6
NS16747R	1	5	-1	1	3	-1	9	2008	6
NS16747R	2	5	-1	1	2	-1	9	2006	6
NS16750D	1	1	1	-1	-1	-1	6	2013	1
NS16750D	2	1	1	-1	-1	-1	12	2012	1
NS16750D	3	1	1	-1	-1	-1	4	2012	1
NS16750D	4	2	2	-1	-1	-1	7	2009	4
NS16756K	1	1	1	-1	-1	-1	10	2011	1
NS16756K	2	1	2	-1	-1	-1	7	2010	2
NS16758M	1	5	-1	1	3	-1	9	2009	6
NS16759N	1	4	-1	-1	-1	-1	1	2015	5
NS16759N	2	10	-1	-1	-1	-1	3	2014	14
NS16759N	3	4	-1	-1	-1	-1	10	2013	5
NS16759N	4	5	-1	1	3	-1	10	2008	6
NS16760Y	1	4	-1	-1	-1	-1	-9	-9	5
NS16761Z	1	4	-1	-1	-1	-1	6	2013	5
NS16761Z	2	1	2	-1	-1	-1	11	2012	2
NS16761Z	3	5	-1	1	3	-1	9	2009	6
NS16762A	1	5	-1	1	3	-1	9	2008	6
NS16763B	1	5	-1	1	3	-1	9	2012	6
NS16763B	2	5	-1	1	3	-1	9	2008	6
NS16766E	1	1	1	-1	-1	-1	10	2012	1
NS16766E	2	5	-1	1	3	-1	9	2009	6
NS16769H	1	1	2	-1	-1	-1	10	2007	2
NS16772V	1	5	-1	1	3	-1	9	2011	6
NS16772V	2	5	-1	1	3	-1	9	2011	6
NS16772V	3	5	-1	1	2	-1	9	2009	6
NS16773W	1	1	2	-1	-1	-1	4	2006	2
NS16774X	1	5	-1	1	2	-1	9	2013	6
NS16774X	2	4	-1	-1	-1	-1	3	2012	5
NS16774X	3	10	-1	-1	-1	-1	9	2011	14
NS16774X	4	10	-1	-1	-1	-1	-9	-9	14
NS16775Y	1	9	-1	-1	-1	-1	7	2014	13
NS16775Y	2	5	-1	1	3	-1	9	2011	6
NS16775Y	3	1	1	-1	-1	-1	10	2010	1
NS16775Y	4	1	1	-1	-1	-1	11	2009	1
NS16775Y	5	1	2	-1	-1	-1	7	2009	2
NS16776Z	1	5	-1	1	3	-1	9	2013	6
NS16776Z	2	1	1	-1	-1	-1	10	2011	1
NS16776Z	3	5	-1	1	3	-1	9	2008	6
NS16780M	1	1	2	-1	-1	-1	1	2010	2
NS16781N	1	1	2	-1	-1	-1	9	2014	2
NS16781N	2	4	-1	-1	-1	-1	1	2014	5
NS16781N	3	1	2	-1	-1	-1	3	2009	2
NS16782P	1	4	-1	-1	-1	-1	7	2012	5
NS16782P	2	5	-1	1	4	-1	9	2011	6
NS16782P	3	5	-1	1	3	-1	10	2008	6
NS16786T	1	1	1	-1	-1	-1	10	2007	1
NS16790G	1	1	2	-1	-1	-1	9	2010	2
NS16790G	2	1	1	-1	-1	-1	8	2009	1
NS16790G	3	5	-1	1	2	-1	9	2006	6
NS16791H	1	1	2	-1	-1	-1	11	2014	2
NS16791H	2	1	1	-1	-1	-1	7	2013	1
NS16791H	3	4	-1	-1	-1	-1	9	2012	5
NS16791H	4	5	-1	1	3	-1	9	2008	6
NS16793K	1	1	1	-1	-1	-1	5	2012	1
NS16793K	2	1	1	-1	-1	-1	9	2006	1
NS16795M	1	5	-1	1	3	-1	9	2014	6
NS16795M	2	2	1	-1	-1	-1	4	2013	3
NS16795M	3	1	1	-1	-1	-1	12	2011	1
NS16795M	4	5	-1	1	3	-1	9	2009	6
NS16804M	1	9	-1	-1	-1	-1	12	2007	13
NS16805N	1	5	-1	1	3	-1	9	2009	6
NS16806P	1	5	-1	1	3	-1	9	2013	6
NS16806P	2	1	2	-1	-1	-1	9	2012	2
NS16806P	3	1	2	-1	-1	-1	9	2011	2
NS16806P	4	1	2	-1	-1	-1	4	2011	2
NS16806P	5	5	-1	1	3	-1	9	2008	6
NS16807Q	1	1	2	-1	-1	-1	10	2012	2
NS16807Q	2	4	-1	-1	-1	-1	6	2012	5
NS16807Q	3	5	-1	1	3	-1	10	2008	6
NS16809S	1	1	1	-1	-1	-1	2	2015	1
NS16809S	2	1	1	-1	-1	-1	8	2014	1
NS16809S	3	1	1	-1	-1	-1	5	2013	1
NS16809S	4	5	-1	1	3	-1	9	2010	6
NS16809S	5	5	-1	1	2	-1	9	2009	6
NS16811D	1	4	-1	-1	-1	-1	9	2013	5
NS16811D	2	1	2	-1	-1	-1	-8	2010	2
NS16811D	3	-8	-1	-1	-1	-1	-8	-8	-8
NS16812E	1	1	1	-1	-1	-1	2	2007	1
NS16813F	1	5	-1	1	3	-1	9	2012	6
NS16813F	2	10	-1	-1	-1	-1	6	2010	14
NS16813F	3	5	-1	1	2	-1	9	2008	6
NS16813F	4	5	-1	1	1	-1	9	2002	6
NS16814G	1	5	-1	1	3	-1	9	2008	6
NS16815H	1	1	2	-1	-1	-1	9	2011	2
NS16815H	2	5	-1	1	3	-1	9	2008	6
NS16815H	3	5	-1	1	2	-1	9	2006	6
NS16817K	1	1	1	-1	-1	-1	9	2006	1
NS16818L	1	4	-1	-1	-1	-1	2	2014	5
NS16818L	2	2	1	-1	-1	-1	7	2013	3
NS16818L	3	3	1	-1	-1	-1	4	2013	11
NS16818L	4	1	1	-1	-1	-1	10	2012	1
NS16818L	5	3	1	-1	-1	-1	9	2012	11
NS16818L	6	1	2	-1	-1	-1	6	2012	2
NS16818L	7	5	-1	1	3	-1	10	2009	6
NS16820X	1	1	1	-1	-1	-1	10	2012	1
NS16820X	2	5	-1	1	3	-1	9	2008	6
NS16822Z	1	1	1	-1	-1	-1	10	2014	1
NS16822Z	2	5	-1	1	3	-1	9	2013	6
NS16822Z	3	5	-1	1	3	-1	9	2012	6
NS16822Z	4	5	-1	1	3	-1	9	2008	6
NS16822Z	5	5	-1	1	2	-1	9	2006	6
NS16830R	1	1	2	-1	-1	-1	12	2008	2
NS16831S	1	1	1	-1	-1	-1	9	2011	1
NS16831S	2	5	-1	1	3	-1	9	2008	6
NS16834W	1	5	-1	1	3	-1	9	2010	6
NS16834W	2	10	-1	-1	-1	-1	7	2008	14
NS16835X	1	1	1	-1	-1	-1	2	2013	1
NS16835X	2	1	1	-1	-1	-1	8	2012	1
NS16835X	3	4	-1	-1	-1	-1	7	2012	5
NS16835X	4	5	-1	1	3	-1	9	2008	6
NS16838A	1	1	1	-1	-1	-1	5	2010	1
NS16838A	2	1	1	-1	-1	-1	5	2008	1
NS16842N	1	1	1	-1	-1	-1	4	2014	1
NS16842N	2	1	1	-1	-1	-1	9	2009	1
NS16844Q	1	1	2	-1	-1	-1	2	2007	2
NS16846S	1	9	-1	-1	-1	-1	5	2006	13
NS16847T	1	1	2	-1	-1	-1	7	2012	2
NS16847T	2	5	-1	1	3	-1	9	2009	6
NS16848V	1	1	1	-1	-1	-1	4	2012	1
NS16848V	2	3	1	-1	-1	-1	1	2012	11
NS16848V	3	4	-1	-1	-1	-1	6	2011	5
NS16848V	4	5	-1	1	3	-1	8	2008	6
NS16848V	5	5	-1	1	2	-1	9	2006	6
NS16855L	1	1	1	-1	-1	-1	1	2013	1
NS16855L	2	1	1	-1	-1	-1	5	2012	1
NS16855L	3	5	-1	1	3	-1	9	2009	6
NS16857N	1	1	1	-1	-1	-1	7	2015	1
NS16857N	2	1	2	-1	-1	-1	-8	2013	2
NS16857N	3	5	-1	1	3	-1	9	2009	6
NS16859Q	1	1	1	-1	-1	-1	2	2013	1
NS16859Q	2	1	1	-1	-1	-1	6	2010	1
NS16859Q	3	4	-1	-1	-1	-1	5	2009	5
NS16861B	1	1	1	-1	-1	-1	3	2010	1
NS16862C	1	1	1	-1	-1	-1	8	2009	1
NS16863D	1	1	1	-1	-1	-1	11	2008	1
NS16864E	1	5	-1	1	3	-1	10	2013	6
NS16864E	2	5	-1	1	1	-1	9	1995	6
NS16869K	1	1	2	-1	-1	-1	9	2008	2
NS16870V	1	1	1	-1	-1	-1	10	2008	1
NS16871W	1	1	1	-1	-1	-1	4	2008	1
NS16873Y	1	5	-1	1	3	-1	9	2008	6
NS16873Y	2	5	-1	1	2	-1	9	2006	6
NS16875A	1	5	-1	1	3	-1	9	2008	6
NS16878D	1	1	1	-1	-1	-1	5	2012	1
NS16878D	2	1	1	-1	-1	-1	5	2011	1
NS16878D	3	5	-1	1	2	-1	9	2010	6
NS16878D	4	1	1	-1	-1	-1	2	2009	1
NS16878D	5	5	-1	1	4	-1	7	2007	6
NS16880P	1	1	1	-1	-1	-1	1	2015	1
NS16880P	2	1	1	-1	-1	-1	5	2011	1
NS16880P	3	5	-1	1	3	-1	7	2008	6
NS16882R	1	1	1	-1	-1	-1	9	2009	1
NS16882R	2	1	2	-1	-1	-1	6	2007	2
NS16884T	1	1	1	-1	-1	-1	5	2013	1
NS16884T	2	4	-1	-1	-1	-1	1	2013	5
NS16884T	3	1	2	-1	-1	-1	7	2010	2
NS16884T	4	10	-1	-1	-1	-1	1	2010	14
NS16888Y	1	1	2	-1	-1	-1	11	2015	2
NS16888Y	2	4	-1	-1	-1	-1	9	2012	5
NS16888Y	3	1	1	-1	-1	-1	-8	2012	1
NS16888Y	4	4	-1	-1	-1	-1	7	2012	5
NS16888Y	5	9	-1	-1	-1	-1	9	2011	13
NS16888Y	6	1	1	-1	-1	-1	3	2011	1
NS16888Y	7	4	-1	-1	-1	-1	1	2007	5
NS16888Y	8	4	-1	-1	-1	-1	12	2006	5
NS16888Y	9	-8	-1	-1	-1	-1	-8	-8	-8
NS16889Z	1	1	1	-1	-1	-1	4	2011	1
NS16889Z	2	1	2	-1	-1	-1	11	2010	2
NS16889Z	3	5	-1	1	3	-1	10	2008	6
NS16891K	1	5	-1	1	3	-1	9	2008	6
NS16892L	1	5	-1	1	3	-1	9	2008	6
NS16895P	1	5	-1	1	2	-1	9	2013	6
NS16895P	2	3	2	-1	-1	-1	2	2012	11
NS16895P	3	9	-1	-1	-1	-1	12	2010	13
NS16895P	4	5	-1	1	2	-1	9	2006	6
NS16899T	1	1	2	-1	-1	-1	4	2007	2
NS16901L	1	5	-1	1	3	-1	9	2009	6
NS16904P	1	1	2	-1	-1	-1	9	2009	2
NS16907S	1	1	2	-1	-1	-1	7	2008	2
NS16907S	2	5	-1	1	2	-1	9	2007	6
NS16907S	3	5	-1	1	2	-1	9	2007	6
NS16907S	4	5	-1	1	2	-1	9	2006	6
NS16908T	1	1	1	-1	-1	-1	1	2013	1
NS16908T	2	5	-1	1	3	-1	6	2008	6
NS16909V	1	1	1	-1	-1	-1	9	2014	1
NS16909V	2	5	-1	1	3	-1	9	2013	6
NS16909V	3	1	2	-1	-1	-1	9	2012	2
NS16909V	4	4	-1	-1	-1	-1	7	2011	5
NS16909V	5	5	-1	1	3	-1	9	2008	6
NS16911F	1	5	-1	2	4	-1	1	2010	7
NS16911F	2	9	-1	-1	-1	-1	12	2009	13
NS16911F	3	5	-1	1	1	-1	9	1995	6
NS16914J	1	1	1	-1	-1	-1	2	2015	1
NS16914J	2	1	1	-1	-1	-1	7	2013	1
NS16914J	3	4	-1	-1	-1	-1	8	-8	5
NS16915K	1	5	-1	1	3	-1	9	2009	6
NS16915K	2	5	-1	1	2	-1	9	2006	6
NS16918N	1	5	-1	1	3	-1	10	2008	6
NS16923C	1	1	1	-1	-1	-1	4	2010	1
NS16923C	2	1	1	-1	-1	-1	11	2007	1
NS16925E	1	1	1	-1	-1	-1	4	2010	1
NS16929J	1	2	1	-1	-1	-1	10	2012	3
NS16929J	2	5	-1	1	3	-1	9	2008	6
NS16929J	3	5	-1	1	2	-1	9	2006	6
NS16935Z	1	1	1	-1	-1	-1	11	2013	1
NS16935Z	2	1	2	-1	-1	-1	9	2012	2
NS16935Z	3	5	-1	1	3	-1	9	2010	6
NS16935Z	4	1	2	-1	-1	-1	7	2009	2
NS16937B	1	5	-1	1	3	-1	9	2011	6
NS16937B	2	10	-1	-1	-1	-1	6	2008	14
NS16939D	1	1	1	-1	-1	-1	7	2015	1
NS16939D	2	1	1	-1	-1	-1	9	2014	1
NS16939D	3	1	1	-1	-1	-1	4	2012	1
NS16939D	4	1	1	-1	-1	-1	8	2011	1
NS16939D	5	5	-1	1	3	-1	10	2008	6
NS16942Q	1	1	1	-1	-1	-1	1	2011	1
NS16942Q	2	1	1	-1	-1	-1	1	2009	1
NS16943R	1	5	-1	1	3	-1	9	2009	6
NS16944S	1	4	-1	-1	-1	-1	1	2015	5
NS16944S	2	1	2	-1	-1	-1	11	2014	2
NS16944S	3	4	-1	-1	-1	-1	1	2012	5
NS16944S	4	1	2	-1	-1	-1	1	2008	2
NS16946V	1	10	-1	-1	-1	-1	2	2015	14
NS16946V	2	1	1	-1	-1	-1	9	2014	1
NS16946V	3	5	-1	1	3	-1	9	2014	6
NS16946V	4	1	1	-1	-1	-1	10	2012	1
NS16946V	5	5	-1	1	3	-1	9	2008	6
NS16949Y	1	1	1	-1	-1	-1	5	2014	1
NS16949Y	2	1	1	-1	-1	-1	8	2013	1
NS16949Y	3	4	-1	-1	-1	-1	6	2013	5
NS16949Y	4	4	-1	-1	-1	-1	1	2013	5
NS16949Y	5	1	1	-1	-1	-1	3	2012	1
NS16949Y	6	1	1	-1	-1	-1	3	2011	1
NS16949Y	7	1	1	-1	-1	-1	2	2011	1
NS16949Y	8	4	-1	-1	-1	-1	10	2010	5
NS16949Y	9	1	1	-1	-1	-1	1	2010	1
NS16949Y	10	4	-1	-1	-1	-1	5	2008	5
NS16949Y	11	1	1	-1	-1	-1	10	2007	1
NS16949Y	12	6	1	-1	-1	-1	1	2007	12
NS16949Y	13	1	2	-1	-1	-1	9	2006	2
NS16950H	1	5	-1	1	2	-1	9	2006	6
NS16954M	1	4	-1	-1	-1	-1	5	2010	5
NS16955N	1	1	1	-1	-1	-1	6	2013	1
NS16955N	2	5	-1	1	3	-1	9	2010	6
NS16956P	1	1	2	-1	-1	-1	10	2011	2
NS16956P	2	4	-1	-1	-1	-1	4	2011	5
NS16956P	3	1	1	-1	-1	-1	7	2009	1
NS16958R	1	5	-1	1	3	-1	9	2008	6
NS16960C	1	1	1	-1	-1	-1	9	2011	1
NS16960C	2	5	-1	1	3	-1	9	2008	6
NS16961D	1	6	1	-1	-1	-1	3	2012	12
NS16961D	2	5	-1	1	3	-1	9	2009	6
NS16964G	1	10	-1	-1	-1	-1	6	2015	14
NS16964G	2	1	1	-1	-1	-1	7	2014	1
NS16964G	3	5	-1	1	3	-1	10	2013	6
NS16964G	4	1	1	-1	-1	-1	6	2013	1
NS16964G	5	1	2	-1	-1	-1	2	2013	2
NS16964G	6	10	-1	-1	-1	-1	1	2013	14
NS16964G	7	1	2	-1	-1	-1	11	2012	2
NS16964G	8	10	-1	-1	-1	-1	10	2012	14
NS16964G	9	1	1	-1	-1	-1	6	2012	1
NS16964G	10	5	-1	1	3	-1	10	2008	6
NS16968L	1	5	-1	1	3	-1	9	2009	6
NS16970X	1	6	1	-1	-1	-1	9	2009	12
NS16972Z	1	4	-1	-1	-1	-1	9	2014	5
NS16972Z	2	1	1	-1	-1	-1	6	2013	1
NS16972Z	3	1	2	-1	-1	-1	9	2011	2
NS16972Z	4	5	-1	1	3	-1	9	2009	6
NS16972Z	5	4	-1	-1	-1	-1	6	2009	5
NS16972Z	6	5	-1	1	2	-1	9	2006	6
NS16973A	1	1	1	-1	-1	-1	8	2012	1
NS16973A	2	5	-1	1	3	-1	10	2008	6
NS16974B	1	5	-1	1	2	-1	9	2006	6
NS16977E	1	5	-1	1	3	-1	9	2009	6
NS16981S	1	1	1	-1	-1	-1	6	2009	1
NS16982T	1	5	-1	1	3	-1	9	2008	6
NS16982T	2	5	-1	1	1	-1	9	2004	6
NS16984W	1	5	-1	1	3	-1	6	2013	6
NS16984W	2	5	-1	1	3	-1	6	2011	6
NS16984W	3	5	-1	1	2	-1	5	2011	6
NS16984W	4	5	-1	1	2	-1	6	2009	6
NS16986Y	1	4	-1	-1	-1	-1	10	2014	5
NS16986Y	2	1	1	-1	-1	-1	8	2013	1
NS16986Y	3	4	-1	-1	-1	-1	7	2011	5
NS16986Y	4	5	-1	1	3	-1	9	2010	6
NS16986Y	5	1	2	-1	-1	-1	6	2007	2
NS16986Y	6	5	-1	1	1	-1	9	2001	6
NS16988A	1	1	1	-1	-1	-1	1	2014	1
NS16988A	2	3	2	-1	-1	-1	9	2012	11
NS16988A	3	5	-1	1	3	-1	9	2009	6
NS16990L	1	9	-1	-1	-1	-1	12	2012	13
NS16990L	2	4	-1	-1	-1	-1	6	2011	5
NS16990L	3	1	1	-1	-1	-1	4	2009	1
NS16992N	1	1	1	-1	-1	-1	10	2009	1
NS16996S	1	5	-1	1	3	-1	9	2011	6
NS16996S	2	1	1	-1	-1	-1	2	2011	1
NS16996S	3	4	-1	-1	-1	-1	12	2010	5
NS16996S	4	1	1	-1	-1	-1	10	2010	1
NS16996S	5	1	1	-1	-1	-1	6	2006	1
NS16997T	1	1	1	-1	-1	-1	9	2014	1
NS16997T	2	1	1	-1	-1	-1	9	2014	1
NS16997T	3	5	-1	1	3	-1	9	2013	6
NS16997T	4	1	1	-1	-1	-1	9	2012	1
NS16997T	5	1	2	-1	-1	-1	8	2011	2
NS16997T	6	5	-1	1	3	-1	9	2008	6
NS16998V	1	5	-1	2	2	-1	5	1990	7
NS17002N	1	5	-1	1	3	-1	9	2014	6
NS17002N	2	1	1	-1	-1	-1	9	2013	1
NS17002N	3	5	-1	1	3	-1	9	2010	6
NS17002N	4	1	1	-1	-1	-1	2	2010	1
NS17002N	5	5	-1	1	3	-1	9	2008	6
NS17002N	6	5	-1	1	1	-1	9	2001	6
NS17005R	1	5	-1	1	3	-1	9	2009	6
NS17007T	1	1	1	-1	-1	-1	9	2012	1
NS17007T	2	4	-1	-1	-1	-1	2	2012	5
NS17007T	3	1	2	-1	-1	-1	1	2010	2
NS17009W	1	5	-1	1	3	-1	9	2012	6
NS17009W	2	1	1	-1	-1	-1	12	2009	1
NS17009W	3	5	-1	1	2	-1	9	2006	6
NS17011G	1	1	1	-1	-1	-1	11	2010	1
NS17011G	2	8	-1	-1	-1	2	12	2009	10
NS17012H	1	1	1	-1	-1	-1	8	2015	1
NS17012H	2	5	-1	2	3	-1	9	2010	7
NS17012H	3	5	-1	1	2	-1	9	2006	6
NS17013J	1	1	1	-1	-1	-1	12	2014	1
NS17013J	2	8	-1	-1	-1	2	12	2013	10
NS17013J	3	1	2	-1	-1	-1	12	2008	2
NS17014K	1	5	-1	1	3	-1	9	2008	6
NS17015L	1	1	1	-1	-1	-1	8	2011	1
NS17015L	2	1	2	-1	-1	-1	2	2009	2
NS17015L	3	1	1	-1	-1	-1	10	2007	1
NS17017N	1	1	2	-1	-1	-1	1	2012	2
NS17017N	2	1	1	-1	-1	-1	10	2007	1
NS17017N	3	5	-1	1	2	-1	9	2006	6
NS17024E	1	5	-1	1	3	-1	10	2008	6
NS17025F	1	10	-1	-1	-1	-1	8	2014	14
NS17025F	2	5	-1	1	3	-1	9	2013	6
NS17025F	3	1	1	-1	-1	-1	9	2012	1
NS17025F	4	5	-1	1	3	-1	9	2008	6
NS17028J	1	4	-1	-1	-1	-1	4	2013	5
NS17028J	2	10	-1	-1	-1	-1	2	2009	14
NS17028J	3	10	-1	-1	-1	-1	2	2008	14
NS17028J	4	-9	-1	-1	-1	-1	-8	-8	-8
NS17030V	1	4	-1	-1	-1	-1	7	2015	5
NS17030V	2	4	-1	-1	-1	-1	4	2015	5
NS17030V	3	3	1	-1	-1	-1	3	2015	11
NS17030V	4	4	-1	-1	-1	-1	11	2014	5
NS17030V	5	3	1	-1	-1	-1	10	2014	11
NS17030V	6	4	-1	-1	-1	-1	10	2013	5
NS17030V	7	5	-1	1	3	-1	9	2012	6
NS17030V	8	4	-1	-1	-1	-1	4	2012	5
NS17030V	9	3	2	-1	-1	-1	1	2012	11
NS17030V	10	4	-1	-1	-1	-1	7	2011	5
NS17030V	11	5	-1	1	3	-1	9	2008	6
NS17032X	1	5	-1	1	3	-1	9	2008	6
NS17037C	1	2	1	-1	-1	-1	7	2007	3
NS17037C	2	1	2	-1	-1	-1	7	2006	2
NS17039E	1	4	-1	-1	-1	-1	9	2012	5
NS17039E	2	5	-1	1	3	-1	9	2008	6
NS17041Q	1	1	1	-1	-1	-1	3	2012	1
NS17041Q	2	1	1	-1	-1	-1	7	2010	1
NS17042R	1	1	1	-1	-1	-1	5	2009	1
NS17043S	1	1	2	-1	-1	-1	1	2010	2
NS17043S	2	5	-1	1	3	-1	9	2009	6
NS17043S	3	5	-1	1	2	-1	9	2006	6
NS17045V	1	1	1	-1	-1	-1	7	2008	1
NS17047X	1	1	1	-1	-1	-1	6	2008	1
NS17051K	1	5	-1	1	3	-1	9	2008	6
NS17052L	1	1	1	-1	-1	-1	9	2011	1
NS17052L	2	5	-1	1	3	-1	9	2008	6
NS17056Q	1	1	2	-1	-1	-1	1	2010	2
NS17065J	1	4	-1	-1	-1	-1	6	2012	5
NS17065J	2	5	-1	1	3	-1	9	2009	6
NS17066K	1	1	1	-1	-1	-1	11	2015	1
NS17066K	2	1	1	-1	-1	-1	3	2013	1
NS17066K	3	1	1	-1	-1	-1	1	2012	1
NS17066K	4	5	-1	1	3	-1	9	2010	6
NS17066K	5	5	-1	1	2	-1	9	2007	6
NS17069N	1	4	-1	-1	-1	-1	8	2013	5
NS17069N	2	5	-1	1	3	-1	9	2010	6
NS17071Z	1	1	1	-1	-1	-1	9	2012	1
NS17071Z	2	5	-1	1	3	-1	9	2009	6
NS17072A	1	9	-1	-1	-1	-1	12	2013	13
NS17072A	2	1	1	-1	-1	-1	4	2010	1
NS17073B	1	5	-1	1	2	-1	9	2008	6
NS17074C	1	4	-1	-1	-1	-1	5	2011	5
NS17074C	2	1	1	-1	-1	-1	1	2010	1
NS17080S	1	1	1	-1	-1	-1	9	2010	1
NS17080S	2	1	1	-1	-1	-1	5	2009	1
NS17083W	1	1	1	-1	-1	-1	5	2011	1
NS17083W	2	1	1	-1	-1	-1	9	2010	1
NS17083W	3	1	1	-1	-1	-1	5	2010	1
NS17083W	4	1	1	-1	-1	-1	2	2009	1
NS17083W	5	1	2	-1	-1	-1	8	2008	2
NS17083W	6	1	2	-1	-1	-1	6	2008	2
NS17083W	7	5	-1	1	2	-1	9	2006	6
NS17086Z	1	1	2	-1	-1	-1	6	2008	2
NS17087A	1	10	-1	-1	-1	-1	7	2010	14
NS17087A	2	1	1	-1	-1	-1	7	2008	1
NS17089C	1	5	-1	1	3	-1	9	2008	6
NS17091N	1	1	1	-1	-1	-1	8	2015	1
NS17091N	2	1	1	-1	-1	-1	3	2014	1
NS17091N	3	1	1	-1	-1	-1	6	2012	1
NS17091N	4	1	1	-1	-1	-1	1	2012	1
NS17091N	5	1	2	-1	-1	-1	-8	-8	2
NS17093Q	1	1	1	-1	-1	-1	12	2012	1
NS17093Q	2	4	-1	-1	-1	-1	10	2012	5
NS17093Q	3	5	-1	1	3	-1	10	2011	6
NS17093Q	4	4	-1	-1	-1	-1	7	2011	5
NS17093Q	5	5	-1	1	3	-1	10	2008	6
NS17102Q	1	7	-1	-1	-1	-1	7	2015	8
NS17102Q	2	10	-1	-1	-1	-1	1	2015	14
NS17102Q	3	1	1	-1	-1	-1	11	2014	1
NS17102Q	4	4	-1	-1	-1	-1	5	2014	5
NS17102Q	5	1	1	-1	-1	-1	2	2014	1
NS17102Q	6	1	2	-1	-1	-1	6	2013	2
NS17102Q	7	1	1	-1	-1	-1	1	2013	1
NS17102Q	8	1	1	-1	-1	-1	1	2010	1
NS17102Q	9	4	-1	-1	-1	-1	6	2009	5
NS17102Q	10	5	-1	2	2	-1	9	2008	7
NS17102Q	11	1	1	-1	-1	-1	1	2006	1
NS17104S	1	10	-1	-1	-1	-1	4	2010	14
NS17105T	1	6	1	-1	-1	-1	7	2006	12
NS17107W	1	1	1	-1	-1	-1	1	2015	1
NS17107W	2	1	2	-1	-1	-1	8	2014	2
NS17107W	3	2	1	-1	-1	-1	5	2014	3
NS17107W	4	1	2	-1	-1	-1	9	2013	2
NS17107W	5	2	1	-1	-1	-1	5	2013	3
NS17107W	6	1	2	-1	-1	-1	2	2012	2
NS17107W	7	5	-1	1	2	-1	9	2011	6
NS17107W	8	4	-1	-1	-1	-1	6	2011	5
NS17107W	9	5	-1	1	3	-1	9	2010	6
NS17113L	1	5	-1	1	3	-1	9	2008	6
NS17116P	1	5	-1	1	3	-1	9	2008	6
NS17118R	1	4	-1	-1	-1	-1	12	2012	5
NS17118R	2	2	2	-1	-1	-1	8	2011	4
NS17118R	3	4	-1	-1	-1	-1	9	2010	5
NS17118R	4	5	-1	1	2	-1	5	2006	6
NS17119S	1	8	-1	-1	-1	1	4	2014	9
NS17119S	2	9	-1	-1	-1	-1	8	2011	13
NS17119S	3	1	1	-1	-1	-1	9	2009	1
NS17120C	1	4	-1	-1	-1	-1	7	2008	5
NS17120C	2	5	-1	1	2	-1	9	2006	6
NS17122E	1	10	-1	-1	-1	-1	8	2011	14
NS17122E	2	5	-1	1	3	-1	9	2008	6
NS17124G	1	1	1	-1	-1	-1	11	2014	1
NS17124G	2	1	1	-1	-1	-1	-8	-8	1
NS17125H	1	2	2	-1	-1	-1	5	2011	4
NS17125H	2	5	-1	1	3	-1	9	2008	6
NS17126J	1	5	-1	1	3	-1	9	2008	6
NS17128L	1	1	1	-1	-1	-1	9	2006	1
NS17131Y	1	1	1	-1	-1	-1	10	2014	1
NS17131Y	2	4	-1	-1	-1	-1	7	2013	5
NS17131Y	3	5	-1	1	3	-1	9	2010	6
NS17131Y	4	5	-1	1	2	-1	9	2006	6
NS17132Z	1	1	1	-1	-1	-1	4	2013	1
NS17132Z	2	10	-1	-1	-1	-1	10	2012	14
NS17132Z	3	1	1	-1	-1	-1	6	2011	1
NS17132Z	4	5	-1	1	3	-1	9	2009	6
NS17132Z	5	5	-1	1	2	-1	9	2006	6
NS17133A	1	4	-1	-1	-1	-1	2	2013	5
NS17133A	2	1	2	-1	-1	-1	1	2012	2
NS17133A	3	1	2	-1	-1	-1	8	2008	2
NS17134B	1	5	-1	1	3	-1	9	2009	6
NS17135C	1	8	-1	-1	-1	2	6	1990	10
NS17136D	1	1	2	-1	-1	-1	11	2014	2
NS17136D	2	1	1	-1	-1	-1	11	2008	1
NS17136D	3	5	-1	1	2	-1	9	2006	6
NS17137E	1	1	2	-1	-1	-1	11	2007	2
NS17138F	1	1	1	-1	-1	-1	8	2011	1
NS17138F	2	1	1	-1	-1	-1	1	2010	1
NS17139G	1	1	1	-1	-1	-1	8	2010	1
NS17139G	2	1	1	-1	-1	-1	3	2010	1
NS17139G	3	1	2	-1	-1	-1	9	2007	2
NS17139G	4	5	-1	1	1	-1	9	2006	6
NS17140R	1	1	2	-1	-1	-1	7	2009	2
NS17144W	1	5	-1	1	3	-1	9	2009	6
NS17145X	1	5	-1	1	3	-1	9	2008	6
NS17146Y	1	4	-1	-1	-1	-1	11	2014	5
NS17146Y	2	1	1	-1	-1	-1	2	2014	1
NS17146Y	3	4	-1	-1	-1	-1	11	2013	5
NS17146Y	4	1	1	-1	-1	-1	1	2013	1
NS17146Y	5	4	-1	-1	-1	-1	11	2012	5
NS17146Y	6	1	1	-1	-1	-1	3	2012	1
NS17146Y	7	4	-1	-1	-1	-1	7	2011	5
NS17146Y	8	5	-1	1	3	-1	9	2008	6
NS17148A	1	1	1	-1	-1	-1	8	2011	1
NS17148A	2	5	-1	1	3	-1	9	2008	6
NS17150L	1	1	1	-1	-1	-1	5	2010	1
NS17150L	2	1	2	-1	-1	-1	10	2007	2
NS17150L	3	5	-1	1	1	-1	9	2001	6
NS17152N	1	5	-1	1	3	-1	9	2008	6
NS17154Q	1	1	2	-1	-1	-1	11	2014	2
NS17154Q	2	7	-1	-1	-1	-1	10	2014	8
NS17154Q	3	1	2	-1	-1	-1	5	2014	2
NS17154Q	4	4	-1	-1	-1	-1	1	2013	5
NS17154Q	5	5	-1	1	2	-1	9	2010	6
NS17154Q	6	5	-1	1	1	-1	9	2006	6
NS17157T	1	1	2	-1	-1	-1	10	2014	2
NS17157T	2	4	-1	-1	-1	-1	2	2014	5
NS17157T	3	10	-1	-1	-1	-1	2	2013	14
NS17157T	4	1	1	-1	-1	-1	8	2011	1
NS17157T	5	5	-1	1	3	-1	9	2009	6
NS17158V	1	5	-1	1	2	-1	6	2009	6
NS17159W	1	1	2	-1	-1	-1	12	2009	2
NS17161G	1	1	2	-1	-1	-1	6	2012	2
NS17161G	2	3	2	-1	-1	-1	11	2011	11
NS17161G	3	4	-1	-1	-1	-1	7	2011	5
NS17161G	4	5	-1	1	3	-1	9	2008	6
NS17164K	1	4	-1	-1	-1	-1	2	2012	5
NS17164K	2	1	2	-1	-1	-1	10	2011	2
NS17164K	3	-8	-1	-1	-1	-1	10	2010	-8
NS17164K	4	-8	-1	-1	-1	-1	-8	-8	-8
NS17165L	1	5	-1	1	3	-1	9	2011	6
NS17165L	2	5	-1	1	3	-1	9	2008	6
NS17165L	3	5	-1	1	2	-1	9	2006	6
NS17166M	1	1	1	-1	-1	-1	6	2014	1
NS17166M	2	1	1	-1	-1	-1	4	2013	1
NS17166M	3	5	-1	2	2	-1	4	2012	7
NS17166M	4	1	1	-1	-1	-1	9	2009	1
NS17167N	1	6	1	-1	-1	-1	9	2008	12
NS17167N	2	4	-1	-1	-1	-1	1	2007	5
NS17168P	1	5	-1	1	3	-1	9	2008	6
NS17170A	1	8	-1	-1	-1	2	3	2012	10
NS17170A	2	1	2	-1	-1	-1	9	2006	2
NS17175F	1	1	1	-1	-1	-1	7	2012	1
NS17175F	2	5	-1	1	3	-1	9	2008	6
NS17175F	3	5	-1	1	2	-1	9	2006	6
NS17178J	1	1	1	-1	-1	-1	3	2014	1
NS17178J	2	5	-1	1	3	-1	7	2009	6
NS17180V	1	1	2	-1	-1	-1	6	2007	2
NS17180V	2	5	-1	1	2	-1	9	2006	6
NS17182X	1	5	-1	1	3	-1	10	2009	6
NS17182X	2	1	2	-1	-1	-1	1	2008	2
NS17182X	3	5	-1	1	1	-1	9	2006	6
NS17183Y	1	1	1	-1	-1	-1	11	2008	1
NS17183Y	2	1	2	-1	-1	-1	8	2008	2
NS17183Y	3	5	-1	1	2	-1	9	2006	6
NS17185A	1	1	2	-1	-1	-1	6	2013	2
NS17185A	2	1	2	-1	-1	-1	5	2013	2
NS17185A	3	4	-1	-1	-1	-1	2	2013	5
NS17185A	4	1	1	-1	-1	-1	9	2012	1
NS17185A	5	1	2	-1	-1	-1	9	2007	2
NS17189E	1	1	1	-1	-1	-1	8	2008	1
NS17190P	1	1	2	-1	-1	-1	12	2011	2
NS17190P	2	1	2	-1	-1	-1	10	2009	2
NS17191Q	1	5	-1	1	3	-1	10	2008	6
NS17192R	1	10	-1	-1	-1	-1	7	2012	14
NS17192R	2	5	-1	1	3	-1	9	2008	6
NS17193S	1	1	1	-1	-1	-1	4	2013	1
NS17193S	2	5	-1	1	3	-1	10	2009	6
NS17197X	1	1	1	-1	-1	-1	1	2015	1
NS17197X	2	1	2	-1	-1	-1	1	2009	2
NS17197X	3	9	-1	-1	-1	-1	3	2007	13
NS17197X	4	1	1	-1	-1	-1	9	2006	1
NS17198Y	1	10	-1	-1	-1	-1	5	2013	14
NS17198Y	2	4	-1	-1	-1	-1	2	2013	5
NS17198Y	3	1	1	-1	-1	-1	1	2013	1
NS17198Y	4	4	-1	-1	-1	-1	11	2012	5
NS17198Y	5	5	-1	1	3	-1	9	2012	6
NS17198Y	6	5	-1	1	3	-1	9	2008	6
NS17200Q	1	1	1	-1	-1	-1	9	2014	1
NS17200Q	2	4	-1	-1	-1	-1	1	2014	5
NS17200Q	3	1	1	-1	-1	-1	11	2013	1
NS17200Q	4	4	-1	-1	-1	-1	6	2012	5
NS17200Q	5	1	2	-1	-1	-1	10	2011	2
NS17200Q	6	1	1	-1	-1	-1	8	2006	1
NS17202S	1	4	-1	-1	-1	-1	1	2014	5
NS17202S	2	3	1	-1	-1	-1	9	2013	11
NS17202S	3	5	-1	1	3	-1	9	2012	6
NS17202S	4	5	-1	1	3	-1	9	2009	6
NS17202S	5	5	-1	1	3	-1	9	2009	6
NS17202S	6	1	1	-1	-1	-1	-9	-9	1
NS17210K	1	1	1	-1	-1	-1	12	2010	1
NS17210K	2	6	1	-1	-1	-1	9	2006	12
NS17218T	1	4	-1	-1	-1	-1	-8	-8	5
NS17220E	1	5	-1	1	3	-1	9	2008	6
NS17221F	1	1	1	-1	-1	-1	11	2010	1
NS17221F	2	1	2	-1	-1	-1	-8	-8	2
NS17223H	1	1	1	-1	-1	-1	9	2011	1
NS17223H	2	5	-1	1	3	-1	9	2008	6
NS17225K	1	1	1	-1	-1	-1	2	2015	1
NS17225K	2	1	1	-1	-1	-1	7	2013	1
NS17225K	3	1	1	-1	-1	-1	9	2007	1
NS17226L	1	1	2	-1	-1	-1	9	2012	2
NS17226L	2	9	-1	-1	-1	-1	5	2011	13
NS17226L	3	6	1	-1	-1	-1	9	2010	12
NS17226L	4	1	2	-1	-1	-1	6	2007	2
NS17227M	1	4	-1	-1	-1	-1	5	2012	5
NS17227M	2	1	1	-1	-1	-1	9	2011	1
NS17227M	3	1	1	-1	-1	-1	-8	-8	1
NS17233C	1	9	-1	-1	-1	-1	6	2010	13
NS17233C	2	4	-1	-1	-1	-1	4	2010	5
NS17234D	1	5	-1	1	2	-1	9	2012	6
NS17234D	2	5	-1	1	2	-1	9	2007	6
NS17237G	1	3	1	-1	-1	-1	11	2013	11
NS17237G	2	1	1	-1	-1	-1	9	2008	1
NS17237G	3	5	-1	1	2	-1	9	2007	6
NS17239J	1	4	-1	-1	-1	-1	8	2013	5
NS17239J	2	1	2	-1	-1	-1	8	2012	2
NS17239J	3	1	1	-1	-1	-1	1	2008	1
NS17239J	4	5	-1	1	2	-1	9	2006	6
NS17243X	1	5	-1	1	3	-1	9	2008	6
NS17244Y	1	1	2	-1	-1	-1	-8	-8	2
NS17245Z	1	5	-1	1	3	-1	9	2008	6
NS17246A	1	1	1	-1	-1	-1	8	2012	1
NS17246A	2	1	1	-1	-1	-1	6	2012	1
NS17246A	3	3	1	-1	-1	-1	7	2011	11
NS17246A	4	5	-1	1	3	-1	9	2008	6
NS17252Q	1	5	-1	1	3	-1	10	2008	6
NS17253R	1	1	2	-1	-1	-1	11	2009	2
NS17256V	1	9	-1	-1	-1	-1	9	2009	13
NS17260H	1	1	1	-1	-1	-1	1	2008	1
NS17266P	1	5	-1	1	3	-1	9	2009	6
NS17267Q	1	1	1	-1	-1	-1	7	2014	1
NS17267Q	2	1	1	-1	-1	-1	7	2014	1
NS17267Q	3	1	2	-1	-1	-1	7	2012	2
NS17267Q	4	10	-1	-1	-1	-1	10	2011	14
NS17267Q	5	5	-1	1	3	-1	10	2008	6
NS17270C	1	1	1	-1	-1	-1	4	2015	1
NS17270C	2	1	1	-1	-1	-1	1	2014	1
NS17270C	3	1	1	-1	-1	-1	7	2013	1
NS17270C	4	1	1	-1	-1	-1	1	2013	1
NS17270C	5	1	1	-1	-1	-1	3	2012	1
NS17270C	6	1	1	-1	-1	-1	4	2011	1
NS17270C	7	1	1	-1	-1	-1	3	2010	1
NS17273F	1	1	1	-1	-1	-1	8	2012	1
NS17273F	2	5	-1	1	3	-1	9	2008	6
NS17274G	1	4	-1	-1	-1	-1	6	2014	5
NS17274G	2	1	1	-1	-1	-1	4	2014	1
NS17274G	3	4	-1	-1	-1	-1	1	2014	5
NS17274G	4	1	1	-1	-1	-1	9	2013	1
NS17274G	5	4	-1	-1	-1	-1	8	2013	5
NS17274G	6	1	1	-1	-1	-1	4	2013	1
NS17274G	7	4	-1	-1	-1	-1	10	2012	5
NS17274G	8	1	1	-1	-1	-1	9	2012	1
NS17274G	9	4	-1	-1	-1	-1	7	2012	5
NS17274G	10	5	-1	1	3	-1	10	2009	6
NS17278L	1	1	1	-1	-1	-1	6	2013	1
NS17278L	2	1	1	-1	-1	-1	9	2011	1
NS17278L	3	5	-1	1	3	-1	9	2008	6
NS17278L	4	5	-1	1	2	-1	9	2006	6
NS17279M	1	1	1	-1	-1	-1	12	2012	1
NS17279M	2	1	2	-1	-1	-1	7	2012	2
NS17279M	3	5	-1	1	3	-1	9	2009	6
NS17280X	1	1	1	-1	-1	-1	4	2015	1
NS17280X	2	1	1	-1	-1	-1	8	2014	1
NS17280X	3	1	1	-1	-1	-1	7	2010	1
NS17280X	4	5	-1	1	2	-1	9	2006	6
NS17281Y	1	1	1	-1	-1	-1	6	2006	1
NS17284B	1	5	-1	1	3	-1	9	2009	6
NS17285C	1	4	-1	-1	-1	-1	1	2015	5
NS17285C	2	1	2	-1	-1	-1	9	2014	2
NS17285C	3	4	-1	-1	-1	-1	1	2012	5
NS17285C	4	1	2	-1	-1	-1	1	2012	2
NS17285C	5	4	-1	-1	-1	-1	1	2009	5
NS17289G	1	1	1	-1	-1	-1	2	2012	1
NS17289G	2	1	1	-1	-1	-1	12	2011	1
NS17289G	3	1	2	-1	-1	-1	10	2006	2
NS17292T	1	1	1	-1	-1	-1	-8	-8	1
NS17293V	1	1	1	-1	-1	-1	11	2014	1
NS17293V	2	1	1	-1	-1	-1	11	2014	1
NS17293V	3	5	-1	1	3	-1	10	2010	6
NS17293V	4	10	-1	-1	-1	-1	3	2005	14
NS17294W	1	5	-1	1	3	-1	9	2009	6
NS17295X	1	5	-1	1	3	-1	8	2008	6
NS17297Z	1	1	1	-1	-1	-1	1	2012	1
NS17297Z	2	3	2	-1	-1	-1	9	2011	11
NS17297Z	3	5	-1	1	3	-1	9	2008	6
NS17299B	1	5	-1	1	3	-1	9	2008	6
NS17303W	1	1	1	-1	-1	-1	11	2011	1
NS17303W	2	5	-1	1	3	-1	9	2008	6
NS17304X	1	10	-1	-1	-1	-1	1	2013	14
NS17304X	2	1	2	-1	-1	-1	3	-8	2
NS17305Y	1	4	-1	-1	-1	-1	7	2007	5
NS17306Z	1	1	1	-1	-1	-1	3	2014	1
NS17306Z	2	1	2	-1	-1	-1	-8	2013	2
NS17306Z	3	10	-1	-1	-1	-1	3	2011	14
NS17306Z	4	1	1	-1	-1	-1	-8	2009	1
NS17313Q	1	1	2	-1	-1	-1	2	2007	2
NS17317V	1	10	-1	-1	-1	-1	3	2015	14
NS17317V	2	10	-1	-1	-1	-1	3	2014	14
NS17317V	3	1	1	-1	-1	-1	2	2012	1
NS17317V	4	1	1	-1	-1	-1	8	2011	1
NS17317V	5	5	-1	1	3	-1	9	2008	6
NS17318W	1	1	1	-1	-1	-1	9	2007	1
NS17322J	1	5	-1	1	3	-1	9	2014	6
NS17322J	2	1	1	-1	-1	-1	9	2013	1
NS17322J	3	5	-1	1	3	-1	9	2011	6
NS17322J	4	5	-1	1	3	-1	9	2008	6
NS17322J	5	5	-1	1	1	-1	9	2001	6
NS17325M	1	5	-1	1	2	-1	9	2013	6
NS17325M	2	1	1	-1	-1	-1	3	2010	1
NS17327P	1	1	1	-1	-1	-1	6	2011	1
NS17327P	2	1	1	-1	-1	-1	1	2007	1
NS17329R	1	1	1	-1	-1	-1	10	2012	1
NS17329R	2	5	-1	1	3	-1	9	2008	6
NS17333E	1	1	1	-1	-1	-1	12	2014	1
NS17333E	2	1	1	-1	-1	-1	12	2011	1
NS17333E	3	1	2	-1	-1	-1	7	2007	2
NS17339L	1	5	-1	1	3	-1	9	2012	6
NS17339L	2	1	1	-1	-1	-1	8	2011	1
NS17339L	3	5	-1	1	3	-1	9	2008	6
NS17343Z	1	1	1	-1	-1	-1	2	2014	1
NS17343Z	2	4	-1	-1	-1	-1	9	2013	5
NS17343Z	3	5	-1	1	3	-1	9	2009	6
NS17344A	1	1	1	-1	-1	-1	9	2008	1
NS17347D	1	1	1	-1	-1	-1	7	2012	1
NS17347D	2	5	-1	1	3	-1	10	2008	6
NS17347D	3	5	-1	1	1	-1	9	1994	6
NS17348E	1	1	1	-1	-1	-1	11	2010	1
NS17348E	2	1	1	-1	-1	-1	11	2010	1
NS17348E	3	1	1	-1	-1	-1	11	2010	1
NS17348E	4	1	1	-1	-1	-1	8	2008	1
NS17352S	1	1	1	-1	-1	-1	3	2014	1
NS17352S	2	1	1	-1	-1	-1	6	2013	1
NS17352S	3	1	1	-1	-1	-1	4	2011	1
NS17352S	4	1	1	-1	-1	-1	5	2008	1
NS17353T	1	4	-1	-1	-1	-1	6	2011	5
NS17353T	2	5	-1	1	3	-1	9	2008	6
NS17354V	1	1	2	-1	-1	-1	2	2011	2
NS17354V	2	1	2	-1	-1	-1	7	2008	2
NS17355W	1	4	-1	-1	-1	-1	6	2010	5
NS17355W	2	4	-1	-1	-1	-1	1	2010	5
NS17359A	1	1	1	-1	-1	-1	1	2015	1
NS17359A	2	1	2	-1	-1	-1	6	2010	2
NS17359A	3	1	2	-1	-1	-1	4	2010	2
NS17360K	1	1	1	-1	-1	-1	9	2010	1
NS17360K	2	5	-1	2	2	-1	9	2009	7
NS17367S	1	1	1	-1	-1	-1	4	2012	1
NS17367S	2	1	1	-1	-1	-1	6	2010	1
NS17370E	1	1	2	-1	-1	-1	5	2011	2
NS17370E	2	5	-1	1	3	-1	9	2008	6
NS17371F	1	1	1	-1	-1	-1	12	2014	1
NS17371F	2	1	1	-1	-1	-1	9	2014	1
NS17371F	3	1	2	-1	-1	-1	3	2014	2
NS17371F	4	1	1	-1	-1	-1	11	2013	1
NS17371F	5	1	1	-1	-1	-1	5	2013	1
NS17371F	6	1	1	-1	-1	-1	12	2012	1
NS17371F	7	5	-1	1	3	-1	9	2012	6
NS17371F	8	1	1	-1	-1	-1	4	2012	1
NS17371F	9	10	-1	-1	-1	-1	1	2012	14
NS17371F	10	1	1	-1	-1	-1	11	2008	1
NS17373H	1	3	1	-1	-1	-1	5	2014	11
NS17373H	2	1	1	-1	-1	-1	1	2014	1
NS17373H	3	1	1	-1	-1	-1	10	2013	1
NS17373H	4	5	-1	1	3	-1	9	2012	6
NS17373H	5	3	1	-1	-1	-1	7	2012	11
NS17373H	6	5	-1	1	3	-1	9	2008	6
NS17374J	1	5	-1	1	3	-1	9	2008	6
NS17381A	1	1	1	-1	-1	-1	6	2015	1
NS17381A	2	10	-1	-1	-1	-1	7	2014	14
NS17381A	3	1	1	-1	-1	-1	5	2012	1
NS17381A	4	3	1	-1	-1	-1	6	2011	11
NS17381A	5	5	-1	1	3	-1	9	2008	6
NS17384D	1	5	-1	1	3	-1	10	2008	6
NS17387G	1	1	2	-1	-1	-1	5	2013	2
NS17387G	2	4	-1	-1	-1	-1	7	2012	5
NS17387G	3	5	-1	1	3	-1	9	2008	6
NS17388H	1	5	-1	1	3	-1	10	2008	6
NS17390T	1	1	1	-1	-1	-1	2	2012	1
NS17390T	2	1	1	-1	-1	-1	1	2011	1
NS17390T	3	-8	-1	-1	-1	-1	-8	-8	-8
NS17394Y	1	1	1	-1	-1	-1	4	2013	1
NS17394Y	2	1	1	-1	-1	-1	8	2007	1
NS17396A	1	5	-1	1	2	-1	9	2011	6
NS17396A	2	5	-1	1	1	-1	9	2001	6
NS17397B	1	1	1	-1	-1	-1	9	2012	1
NS17397B	2	5	-1	1	3	-1	9	2008	6
NS17400V	1	1	2	-1	-1	-1	6	2010	2
NS17401W	1	1	1	-1	-1	-1	1	2013	1
NS17401W	2	1	1	-1	-1	-1	1	2013	1
NS17401W	3	1	1	-1	-1	-1	-8	-8	1
NS17405A	1	1	2	-1	-1	-1	7	2012	2
NS17405A	2	5	-1	1	3	-1	10	2010	6
NS17405A	3	1	2	-1	-1	-1	9	2010	2
NS17405A	4	4	-1	-1	-1	-1	7	2010	5
NS17405A	5	5	-1	1	2	-1	9	2009	6
NS17405A	6	4	-1	-1	-1	-1	7	2009	5
NS17405A	7	5	-1	1	3	-1	11	2008	6
NS17405A	8	5	-1	1	3	-1	9	2008	6
NS17405A	9	4	-1	-1	-1	-1	7	2008	5
NS17405A	10	5	-1	1	2	-1	9	2006	6
NS17406B	1	1	1	-1	-1	-1	1	2010	1
NS17410P	1	1	1	-1	-1	-1	2	2008	1
NS17412R	1	1	1	-1	-1	-1	9	2012	1
NS17412R	2	1	1	-1	-1	-1	4	2008	1
NS17415V	1	5	-1	1	3	-1	9	2011	6
NS17415V	2	5	-1	1	1	-1	-8	-8	6
NS17417X	1	1	1	-1	-1	-1	10	2014	1
NS17417X	2	1	1	-1	-1	-1	6	2014	1
NS17417X	3	1	1	-1	-1	-1	2	2012	1
NS17417X	4	1	1	-1	-1	-1	7	2009	1
NS17422L	1	1	1	-1	-1	-1	3	2015	1
NS17422L	2	1	1	-1	-1	-1	3	2015	1
NS17422L	3	1	1	-1	-1	-1	9	2013	1
NS17422L	4	1	1	-1	-1	-1	9	2011	1
NS17422L	5	5	-1	1	3	-1	9	2007	6
NS17425P	1	4	-1	-1	-1	-1	5	2015	5
NS17425P	2	1	1	-1	-1	-1	1	2015	1
NS17425P	3	4	-1	-1	-1	-1	7	2014	5
NS17425P	4	5	-1	1	2	-1	10	2010	6
NS17425P	5	4	-1	-1	-1	-1	6	2008	5
NS17426Q	1	4	-1	-1	-1	-1	4	2014	5
NS17426Q	2	1	1	-1	-1	-1	1	2014	1
NS17426Q	3	4	-1	-1	-1	-1	12	2013	5
NS17426Q	4	1	1	-1	-1	-1	12	2013	1
NS17426Q	5	4	-1	-1	-1	-1	11	2013	5
NS17426Q	6	1	1	-1	-1	-1	9	2013	1
NS17426Q	7	4	-1	-1	-1	-1	9	2013	5
NS17426Q	8	1	1	-1	-1	-1	1	2010	1
NS17428S	1	1	1	-1	-1	-1	7	2012	1
NS17428S	2	5	-1	1	3	-1	9	2008	6
NS17429T	1	1	1	-1	-1	-1	5	2012	1
NS17429T	2	5	-1	1	3	-1	9	2009	6
NS17430D	1	1	2	-1	-1	-1	1	2014	2
NS17430D	2	4	-1	-1	-1	-1	6	2013	5
NS17430D	3	5	-1	1	3	-1	1	2010	6
NS17430D	4	5	-1	1	2	-1	1	2009	6
NS17430D	5	5	-1	1	1	-1	1	1991	6
NS17431E	1	5	-1	1	3	-1	9	2011	6
NS17431E	2	5	-1	2	2	-1	9	2011	7
NS17431E	3	5	-1	1	2	-1	10	2009	6
NS17431E	4	9	-1	-1	-1	-1	10	2006	13
NS17431E	5	10	-1	-1	-1	-1	-9	-9	14
NS17434H	1	1	2	-1	-1	-1	9	2010	2
NS17434H	2	5	-1	1	3	-1	9	2008	6
NS17437L	1	1	1	-1	-1	-1	8	2008	1
NS17439N	1	1	1	-1	-1	-1	9	2008	1
NS17439N	2	5	-1	1	2	-1	9	2006	6
NS17440Y	1	1	1	-1	-1	-1	10	2010	1
NS17440Y	2	1	2	-1	-1	-1	9	2007	2
NS17444C	1	1	2	-1	-1	-1	6	2011	2
NS17444C	2	5	-1	1	3	-1	9	2009	6
NS17446E	1	1	1	-1	-1	-1	5	2013	1
NS17446E	2	1	1	-1	-1	-1	3	2012	1
NS17446E	3	1	1	-1	-1	-1	8	2011	1
NS17446E	4	1	2	-1	-1	-1	12	2009	2
NS17446E	5	1	2	-1	-1	-1	12	2007	2
NS17446E	6	1	2	-1	-1	-1	6	2006	2
NS17448G	1	1	1	-1	-1	-1	9	2013	1
NS17448G	2	5	-1	1	3	-1	9	2012	6
NS17448G	3	1	2	-1	-1	-1	4	2012	2
NS17448G	4	5	-1	1	3	-1	9	2008	6
NS17450S	1	5	-1	1	3	-1	9	2009	6
NS17451T	1	1	1	-1	-1	-1	12	2013	1
NS17451T	2	3	1	-1	-1	-1	6	2013	11
NS17451T	3	5	-1	1	3	-1	11	2009	6
NS17451T	4	1	2	-1	-1	-1	7	2009	2
NS17451T	5	1	1	-1	-1	-1	12	2008	1
NS17451T	6	10	-1	-1	-1	-1	6	2008	14
NS17454X	1	1	2	-1	-1	-1	11	2012	2
NS17454X	2	9	-1	-1	-1	-1	3	2008	13
NS17456Z	1	1	2	-1	-1	-1	9	2011	2
NS17456Z	2	1	1	-1	-1	-1	9	2009	1
NS17459C	1	1	1	-1	-1	-1	11	2010	1
NS17459C	2	1	2	-1	-1	-1	10	2007	2
NS17460M	1	1	1	-1	-1	-1	1	2013	1
NS17460M	2	1	1	-1	-1	-1	11	2009	1
NS17460M	3	6	2	-1	-1	-1	9	2009	12
NS17460M	4	10	-1	-1	-1	-1	-8	-8	14
NS17472J	1	1	1	-1	-1	-1	1	2007	1
NS17476N	1	1	1	-1	-1	-1	5	2013	1
NS17476N	2	1	1	-1	-1	-1	6	2012	1
NS17476N	3	5	-1	1	3	-1	9	2008	6
NS17477P	1	1	1	-1	-1	-1	5	2013	1
NS17477P	2	1	2	-1	-1	-1	5	2008	2
NS17479R	1	1	1	-1	-1	-1	6	2013	1
NS17479R	2	1	2	-1	-1	-1	12	2011	2
NS17479R	3	5	-1	1	3	-1	9	2009	6
NS17479R	4	1	2	-1	-1	-1	9	2008	2
NS17479R	5	5	-1	1	1	-1	9	2006	6
NS17481C	1	5	-1	1	3	-1	9	2012	6
NS17481C	2	5	-1	1	3	-1	9	2008	6
NS17489L	1	1	1	-1	-1	-1	12	2013	1
NS17489L	2	5	-1	1	2	-1	9	2008	6
NS17496C	1	5	-1	1	2	-1	9	2007	6
NS17499F	1	5	-1	1	3	-1	10	2008	6
NS17502Z	1	9	-1	-1	-1	-1	8	2014	13
NS17502Z	2	1	1	-1	-1	-1	9	2012	1
NS17502Z	3	1	2	-1	-1	-1	7	2008	2
NS17503A	1	1	2	-1	-1	-1	7	2008	2
NS17504B	1	1	1	-1	-1	-1	11	2010	1
NS17504B	2	5	-1	1	3	-1	9	2010	6
NS17504B	3	5	-1	1	2	-1	9	2007	6
NS17504B	4	10	-1	-1	-1	-1	9	2006	14
NS17506D	1	1	1	-1	-1	-1	4	2009	1
NS17506D	2	1	1	-1	-1	-1	-8	-8	1
NS17510R	1	5	-1	1	3	-1	9	2008	6
NS17512T	1	9	-1	-1	-1	-1	6	2012	13
NS17512T	2	5	-1	1	3	-1	10	2008	6
NS17512T	3	5	-1	1	2	-1	9	2006	6
NS17513V	1	1	1	-1	-1	-1	6	2006	1
NS17514W	1	1	1	-1	-1	-1	6	2012	1
NS17514W	2	5	-1	1	3	-1	7	2009	6
NS17516Y	1	2	2	-1	-1	-1	4	2014	4
NS17516Y	2	3	2	-1	-1	-1	4	2008	11
NS17517Z	1	5	-1	1	3	-1	9	2009	6
NS17517Z	2	5	-1	1	1	-1	9	1995	6
NS17522N	1	1	1	-1	-1	-1	10	2011	1
NS17522N	2	5	-1	1	3	-1	9	2008	6
NS17522N	3	5	-1	1	2	-1	9	2006	6
NS17523P	1	1	1	-1	-1	-1	4	2009	1
NS17525R	1	4	-1	-1	-1	-1	8	2014	5
NS17525R	2	1	1	-1	-1	-1	4	2014	1
NS17525R	3	5	-1	1	3	-1	9	2011	6
NS17525R	4	1	2	-1	-1	-1	9	2009	2
NS17527T	1	5	-1	1	3	-1	1	2014	6
NS17527T	2	1	1	-1	-1	-1	2	2012	1
NS17527T	3	5	-1	1	3	-1	9	2009	6
NS17527T	4	5	-1	1	2	-1	9	2007	6
NS17527T	5	5	-1	1	1	-1	9	2001	6
NS17529W	1	1	1	-1	-1	-1	2	2013	1
NS17529W	2	4	-1	-1	-1	-1	-8	-8	5
NS17531G	1	10	-1	-1	-1	-1	7	2013	14
NS17531G	2	1	1	-1	-1	-1	12	2011	1
NS17531G	3	4	-1	-1	-1	-1	8	2011	5
NS17531G	4	5	-1	1	3	-1	10	2008	6
NS17532H	1	1	1	-1	-1	-1	4	2009	1
NS17532H	2	4	-1	-1	-1	-1	-9	-9	5
NS17533J	1	5	-1	1	3	-1	9	2012	6
NS17533J	2	5	-1	1	3	-1	9	2008	6
NS17534K	1	1	1	-1	-1	-1	9	2013	1
NS17534K	2	4	-1	-1	-1	-1	6	2013	5
NS17534K	3	1	1	-1	-1	-1	6	2011	1
NS17534K	4	5	-1	1	3	-1	9	2008	6
NS17536M	1	4	-1	-1	-1	-1	-8	-8	5
NS17540A	1	5	-1	1	3	-1	9	2008	6
NS17541B	1	5	-1	1	3	-1	9	2010	6
NS17541B	2	5	-1	1	3	-1	-1	-1	6
NS17544E	1	1	1	-1	-1	-1	11	2010	1
NS17544E	2	1	1	-1	-1	-1	3	2008	1
NS17546G	1	1	1	-1	-1	-1	9	2007	1
NS17547H	1	10	-1	-1	-1	-1	2	2009	14
NS17548J	1	1	1	-1	-1	-1	12	2011	1
NS17548J	2	4	-1	-1	-1	-1	9	2010	5
NS17548J	3	9	-1	-1	-1	-1	9	2008	13
NS17549K	1	2	1	-1	-1	-1	5	2014	3
NS17549K	2	4	-1	-1	-1	-1	7	2013	5
NS17549K	3	5	-1	1	3	-1	9	2010	6
NS17549K	4	5	-1	1	2	-1	9	2008	6
NS17553Y	1	5	-1	1	3	-1	9	2014	6
NS17553Y	2	2	1	-1	-1	-1	5	2012	3
NS17553Y	3	4	-1	-1	-1	-1	8	2011	5
NS17553Y	4	5	-1	1	3	-1	10	2008	6
NS17554Z	1	1	1	-1	-1	-1	6	2014	1
NS17554Z	2	1	1	-1	-1	-1	9	2013	1
NS17554Z	3	1	1	-1	-1	-1	3	2012	1
NS17554Z	4	5	-1	1	3	-1	9	2009	6
NS17555A	1	1	1	-1	-1	-1	12	2011	1
NS17555A	2	1	1	-1	-1	-1	12	2011	1
NS17555A	3	1	1	-1	-1	-1	12	2011	1
NS17555A	4	5	-1	1	3	-1	9	2008	6
NS17562R	1	10	-1	-1	-1	-1	3	2015	14
NS17562R	2	3	1	-1	-1	-1	8	2014	11
NS17562R	3	1	1	-1	-1	-1	7	2014	1
NS17562R	4	1	1	-1	-1	-1	2	2014	1
NS17562R	5	1	1	-1	-1	-1	11	2012	1
NS17562R	6	3	2	-1	-1	-1	9	2012	11
NS17562R	7	4	-1	-1	-1	-1	7	2012	5
NS17562R	8	5	-1	1	3	-1	9	2009	6
NS17563S	1	5	-1	1	3	-1	9	2009	6
NS17564T	1	1	1	-1	-1	-1	10	2012	1
NS17564T	2	1	1	-1	-1	-1	8	2011	1
NS17564T	3	5	-1	1	3	-1	9	2008	6
NS17576Q	1	1	1	-1	-1	-1	11	2013	1
NS17576Q	2	1	1	-1	-1	-1	9	2013	1
NS17576Q	3	1	1	-1	-1	-1	4	2013	1
NS17576Q	4	1	1	-1	-1	-1	9	2012	1
NS17576Q	5	1	1	-1	-1	-1	8	2011	1
NS17576Q	6	1	1	-1	-1	-1	6	2009	1
NS17579T	1	1	1	-1	-1	-1	1	2008	1
NS17579T	2	5	-1	1	4	-1	1	2006	6
NS17582F	1	1	1	-1	-1	-1	5	2008	1
NS17583G	1	9	-1	-1	-1	-1	5	2007	13
NS17585J	1	1	1	-1	-1	-1	9	2013	1
NS17585J	2	1	1	-1	-1	-1	6	2012	1
NS17585J	3	1	1	-1	-1	-1	1	2012	1
NS17585J	4	1	1	-1	-1	-1	10	2011	1
NS17585J	5	10	-1	-1	-1	-1	8	2011	14
NS17585J	6	5	-1	1	3	-1	9	2008	6
NS17586K	1	5	-1	1	3	-1	9	2011	6
NS17586K	2	1	2	-1	-1	-1	2	2009	2
NS17587L	1	4	-1	-1	-1	-1	12	2012	5
NS17587L	2	5	-1	1	2	-1	9	2009	6
NS17589N	1	1	1	-1	-1	-1	7	2011	1
NS17589N	2	5	-1	1	3	-1	9	2008	6
NS17589N	3	5	-1	1	2	-1	9	2006	6
NS17591Z	1	5	-1	1	2	-1	9	2006	6
NS17593B	1	2	1	-1	-1	-1	1	2014	3
NS17593B	2	1	2	-1	-1	-1	1	2011	2
NS17593B	3	4	-1	-1	-1	-1	12	2009	5
NS17593B	4	2	2	-1	-1	-1	12	2008	4
NS17593B	5	1	2	-1	-1	-1	3	2008	2
NS17593B	6	5	-1	2	2	-1	7	2007	7
NS17593B	7	4	-1	-1	-1	-1	9	2006	5
NS17594C	1	2	2	-1	-1	-1	-8	-8	4
NS17595D	1	4	-1	-1	-1	-1	8	2013	5
NS17595D	2	5	-1	1	3	-1	9	2010	6
NS17595D	3	5	-1	1	4	-1	9	2009	6
NS17598G	1	4	-1	-1	-1	-1	6	2014	5
NS17598G	2	5	-1	1	3	-1	9	2010	6
NS17598G	3	5	-1	1	2	-1	9	2006	6
NS17600Z	1	1	1	-1	-1	-1	12	2009	1
NS17600Z	2	1	1	-1	-1	-1	12	2008	1
NS17602B	1	5	-1	1	3	-1	9	2008	6
NS17606F	1	1	1	-1	-1	-1	4	2014	1
NS17606F	2	1	2	-1	-1	-1	9	2013	2
NS17606F	3	5	-1	1	3	-1	9	2009	6
NS17610T	1	1	1	-1	-1	-1	8	2012	1
NS17610T	2	5	-1	1	3	-1	10	2008	6
NS17611V	1	1	1	-1	-1	-1	9	2013	1
NS17611V	2	1	2	-1	-1	-1	8	2007	2
NS17614Y	1	5	-1	1	2	-1	9	2006	6
NS17616A	1	1	1	-1	-1	-1	6	2006	1
NS17618C	1	1	1	-1	-1	-1	9	2012	1
NS17618C	2	5	-1	1	3	-1	9	2009	6
NS17619D	1	5	-1	1	3	-1	9	2008	6
NS17622Q	1	1	1	-1	-1	-1	9	2014	1
NS17622Q	2	1	1	-1	-1	-1	9	2012	1
NS17622Q	3	5	-1	1	3	-1	9	2008	6
NS17624S	1	5	-1	1	3	-1	9	2010	6
NS17624S	2	5	-1	1	2	-1	9	2006	6
NS17626V	1	5	-1	1	3	-1	10	2012	6
NS17626V	2	1	1	-1	-1	-1	12	2011	1
NS17626V	3	5	-1	1	3	-1	9	2008	6
NS17627W	1	1	2	-1	-1	-1	1	2013	2
NS17627W	2	4	-1	-1	-1	-1	-8	-8	5
NS17628X	1	1	1	-1	-1	-1	8	2013	1
NS17628X	2	5	-1	1	3	-1	9	2009	6
NS17631J	1	1	1	-1	-1	-1	7	2011	1
NS17631J	2	1	1	-1	-1	-1	7	2010	1
NS17631J	3	1	2	-1	-1	-1	6	2008	2
NS17635N	1	1	1	-1	-1	-1	2	2010	1
NS17635N	2	2	1	-1	-1	-1	7	2008	3
NS17635N	3	1	2	-1	-1	-1	9	2007	2
NS17635N	4	5	-1	1	1	-1	9	1994	6
NS17640C	1	1	1	-1	-1	-1	3	2011	1
NS17640C	2	5	-1	2	2	-1	9	2010	7
NS17640C	3	1	2	-1	-1	-1	4	2010	2
NS17642E	1	1	2	-1	-1	-1	8	2012	2
NS17642E	2	5	-1	1	3	-1	9	2011	6
NS17642E	3	5	-1	1	3	-1	9	2009	6
NS17643F	1	1	1	-1	-1	-1	4	2013	1
NS17643F	2	1	1	-1	-1	-1	1	2013	1
NS17643F	3	1	1	-1	-1	-1	4	2012	1
NS17643F	4	3	1	-1	-1	-1	1	2012	11
NS17643F	5	1	2	-1	-1	-1	7	2011	2
NS17643F	6	5	-1	1	3	-1	9	2008	6
NS17644G	1	5	-1	2	2	-1	9	2006	7
NS17647K	1	1	1	-1	-1	-1	9	2010	1
NS17647K	2	1	1	-1	-1	-1	7	2007	1
NS17647K	3	5	-1	1	2	-1	9	2006	6
NS17650X	1	4	-1	-1	-1	-1	5	2015	5
NS17650X	2	5	-1	1	3	-1	9	2010	6
NS17650X	3	5	-1	1	2	-1	9	2007	6
NS17650X	4	4	-1	-1	-1	-1	7	2006	5
NS17650X	6	4	-1	-1	-1	-1	5	2006	5
NS17651Y	1	1	1	-1	-1	-1	6	2013	1
NS17651Y	2	1	1	-1	-1	-1	1	2013	1
NS17651Y	3	1	1	-1	-1	-1	9	2008	1
NS17655C	1	1	2	-1	-1	-1	11	2008	2
NS17656D	1	1	2	-1	-1	-1	12	2006	2
NS17656D	2	5	-1	1	1	-1	9	2001	6
NS17657E	1	5	-1	1	3	-1	9	2013	6
NS17657E	2	1	1	-1	-1	-1	4	2012	1
NS17657E	3	1	1	-1	-1	-1	9	2011	1
NS17657E	4	5	-1	1	3	-1	9	2008	6
NS17660R	1	1	1	-1	-1	-1	9	2012	1
NS17660R	2	1	1	-1	-1	-1	12	2011	1
NS17660R	3	1	2	-1	-1	-1	9	2011	2
NS17660R	4	10	-1	-1	-1	-1	8	2011	14
NS17660R	5	5	-1	1	3	-1	9	2008	6
NS17663V	1	1	1	-1	-1	-1	12	2013	1
NS17663V	2	1	1	-1	-1	-1	12	2010	1
NS17663V	3	1	1	-1	-1	-1	12	2009	1
NS17673P	1	1	1	-1	-1	-1	11	2006	1
NS17673P	2	5	-1	1	1	-1	9	2006	6
NS17678V	1	1	1	-1	-1	-1	5	2011	1
NS17678V	2	5	-1	1	3	-1	9	2008	6
NS17678V	3	5	-1	1	2	-1	9	2006	6
NS17688P	1	1	1	-1	-1	-1	10	2011	1
NS17688P	2	5	-1	1	3	-1	9	2008	6
NS17690A	1	1	1	-1	-1	-1	9	2014	1
NS17690A	2	1	1	-1	-1	-1	8	2014	1
NS17690A	3	5	-1	1	4	-1	6	2013	6
NS17690A	4	1	1	-1	-1	-1	6	2011	1
NS17690A	5	5	-1	1	3	-1	9	2008	6
NS17690A	6	5	-1	1	2	-1	9	2006	6
NS17694E	1	9	-1	-1	-1	-1	5	2012	13
NS17694E	2	1	2	-1	-1	-1	12	2011	2
NS17694E	3	1	1	-1	-1	-1	9	2011	1
NS17694E	4	10	-1	-1	-1	-1	8	2010	14
NS17694E	5	1	1	-1	-1	-1	9	2009	1
NS17698J	1	6	1	-1	-1	-1	4	2010	12
NS17698J	2	5	-1	1	2	-1	1	2008	6
NS17698J	3	5	-1	1	1	-1	1	2006	6
NS17699K	1	1	1	-1	-1	-1	4	2010	1
NS17701C	1	4	-1	-1	-1	-1	9	2011	5
NS17701C	2	5	-1	1	3	-1	9	2008	6
NS17702D	1	5	-1	1	3	-1	9	2011	6
NS17702D	2	5	-1	1	2	-1	9	2008	6
NS17703E	1	4	-1	-1	-1	-1	5	2010	5
NS17704F	1	4	-1	-1	-1	-1	4	2014	5
NS17704F	2	1	1	-1	-1	-1	12	2013	1
NS17704F	3	1	1	-1	-1	-1	10	2012	1
NS17704F	4	1	1	-1	-1	-1	8	2012	1
NS17704F	5	1	1	-1	-1	-1	8	2011	1
NS17704F	6	4	-1	-1	-1	-1	6	2011	5
NS17704F	7	5	-1	1	3	-1	9	2008	6
NS17706H	1	1	1	-1	-1	-1	1	2013	1
NS17706H	2	1	1	-1	-1	-1	1	2007	1
NS17707J	1	5	-1	1	3	-1	9	2006	6
NS17711X	1	1	2	-1	-1	-1	10	2007	2
NS17712Y	1	1	1	-1	-1	-1	1	2010	1
NS17714A	1	5	-1	1	3	-1	10	2008	6
NS17716C	1	1	1	-1	-1	-1	10	2012	1
NS17716C	2	1	1	-1	-1	-1	9	2012	1
NS17716C	3	1	1	-1	-1	-1	8	2012	1
NS17716C	4	5	-1	1	3	-1	10	2009	6
NS17717D	1	5	-1	1	3	-1	9	2012	6
NS17717D	2	1	1	-1	-1	-1	10	2010	1
NS17717D	3	1	1	-1	-1	-1	4	2009	1
NS17718E	1	1	1	-1	-1	-1	1	2015	1
NS17718E	2	2	1	-1	-1	-1	5	2014	3
NS17718E	3	1	1	-1	-1	-1	12	2013	1
NS17718E	4	2	1	-1	-1	-1	1	2013	3
NS17718E	5	1	1	-1	-1	-1	6	2012	1
NS17718E	6	5	-1	1	3	-1	9	2008	6
NS17721R	1	1	1	-1	-1	-1	4	2014	1
NS17721R	2	4	-1	-1	-1	-1	9	2007	5
NS17722S	1	5	-1	1	3	-1	9	2009	6
NS17730K	1	1	2	-1	-1	-1	10	2012	2
NS17730K	2	1	1	-1	-1	-1	6	2011	1
NS17730K	3	1	1	-1	-1	-1	8	2009	1
NS17730K	4	1	1	-1	-1	-1	3	2009	1
NS17732M	1	5	-1	1	3	-1	10	2012	6
NS17732M	2	5	-1	1	2	-1	1	2011	6
NS17732M	3	5	-1	1	1	-1	9	2006	6
NS17736R	1	1	1	-1	-1	-1	5	2008	1
NS17738T	1	5	-1	1	2	-1	9	2006	6
NS17740E	1	1	2	-1	-1	-1	7	2013	2
NS17740E	2	1	1	-1	-1	-1	6	2011	1
NS17740E	3	1	2	-1	-1	-1	8	2008	2
NS17742G	1	1	1	-1	-1	-1	2	2010	1
NS17742G	2	6	1	-1	-1	-1	8	2006	12
NS17746L	1	1	1	-1	-1	-1	2	2011	1
NS17746L	2	5	-1	1	2	-1	7	2006	6
NS17747M	1	1	2	-1	-1	-1	4	2013	2
NS17747M	2	1	2	-1	-1	-1	11	2011	2
NS17747M	3	5	-1	1	3	-1	9	2009	6
NS17751A	1	1	1	-1	-1	-1	12	2013	1
NS17751A	2	4	-1	-1	-1	-1	12	2012	5
NS17751A	3	1	1	-1	-1	-1	9	2012	1
NS17751A	4	4	-1	-1	-1	-1	4	2012	5
NS17751A	5	1	1	-1	-1	-1	1	2012	1
NS17751A	6	4	-1	-1	-1	-1	1	2011	5
NS17751A	7	5	-1	1	2	-1	9	2009	6
NS17754D	1	4	-1	-1	-1	-1	8	2012	5
NS17754D	2	1	1	-1	-1	-1	11	2007	1
NS17758H	1	1	2	-1	-1	-1	10	2015	2
NS17758H	2	1	1	-1	-1	-1	10	2013	1
NS17758H	3	1	2	-1	-1	-1	10	2011	2
NS17758H	4	1	1	-1	-1	-1	3	2008	1
NS17758H	5	1	2	-1	-1	-1	11	2006	2
NS17758H	6	5	-1	2	1	-1	9	2006	7
NS17759J	1	5	-1	1	3	-1	9	2013	6
NS17759J	2	1	2	-1	-1	-1	4	2012	2
NS17759J	3	1	1	-1	-1	-1	9	2011	1
NS17759J	4	5	-1	1	3	-1	9	2008	6
NS17761V	1	4	-1	-1	-1	-1	7	2006	5
NS17766A	1	1	1	-1	-1	-1	8	2014	1
NS17766A	2	1	2	-1	-1	-1	8	2013	2
NS17766A	3	1	2	-1	-1	-1	9	2012	2
NS17766A	4	5	-1	1	3	-1	9	2008	6
NS17767B	1	4	-1	-1	-1	-1	9	2007	5
NS17767B	2	10	-1	-1	-1	-1	9	2006	14
NS17768C	1	5	-1	1	3	-1	9	2010	6
NS17768C	2	5	-1	1	3	-1	9	2010	6
NS17768C	3	5	-1	1	3	-1	9	2010	6
NS17768C	4	5	-1	1	1	-1	9	2001	6
NS17769D	1	1	1	-1	-1	-1	5	2014	1
NS17769D	2	4	-1	-1	-1	-1	7	2012	5
NS17769D	3	5	-1	1	3	-1	9	2008	6
NS17776V	1	1	1	-1	-1	-1	8	2011	1
NS17776V	2	1	1	-1	-1	-1	3	2009	1
NS17778X	1	1	1	-1	-1	-1	6	2014	1
NS17778X	2	1	1	-1	-1	-1	8	2012	1
NS17778X	3	5	-1	1	3	-1	9	2008	6
NS17784M	1	1	2	-1	-1	-1	10	2013	2
NS17784M	2	2	2	-1	-1	-1	1	2010	4
NS17784M	3	5	-1	1	2	-1	9	2008	6
NS17785N	1	1	1	-1	-1	-1	5	2014	1
NS17785N	2	1	1	-1	-1	-1	10	2013	1
NS17785N	3	5	-1	1	3	-1	9	2008	6
NS17789S	1	4	-1	-1	-1	-1	10	2014	5
NS17789S	2	1	1	-1	-1	-1	5	2014	1
NS17789S	3	1	2	-1	-1	-1	5	2012	2
NS17789S	4	4	-1	-1	-1	-1	7	2011	5
NS17789S	5	5	-1	1	3	-1	9	2008	6
NS17790C	1	5	-1	1	3	-1	10	2008	6
NS17790C	2	5	-1	1	2	-1	9	2006	6
NS17794G	1	1	1	-1	-1	-1	8	2008	1
NS17795H	1	1	1	-1	-1	-1	8	2011	1
NS17795H	2	1	1	-1	-1	-1	-8	-8	1
NS17798L	1	9	-1	-1	-1	-1	1	2010	13
NS17798L	2	4	-1	-1	-1	-1	5	2009	5
NS17798L	3	10	-1	-1	-1	-1	9	2008	14
NS17798L	4	5	-1	1	2	-1	9	2007	6
NS17798L	5	5	-1	1	2	-1	9	2006	6
NS17803G	1	5	-1	1	2	-1	9	2009	6
NS17804H	1	1	2	-1	-1	-1	9	2012	2
NS17804H	2	5	-1	1	3	-1	9	2008	6
NS17805J	1	1	1	-1	-1	-1	9	2013	1
NS17805J	2	1	2	-1	-1	-1	2	2008	2
NS17809N	1	1	2	-1	-1	-1	1	2016	2
NS17809N	2	4	-1	-1	-1	-1	2	2007	5
NS17809N	3	5	-1	1	2	-1	9	2005	6
NS17811Z	1	1	1	-1	-1	-1	3	2013	1
NS17811Z	2	5	-1	1	3	-1	9	2008	6
NS17812A	1	1	1	-1	-1	-1	9	2011	1
NS17812A	2	5	-1	1	2	-1	9	2010	6
NS17812A	3	1	1	-1	-1	-1	-8	-8	1
NS17814C	1	4	-1	-1	-1	-1	9	2014	5
NS17814C	2	1	1	-1	-1	-1	9	2013	1
NS17814C	3	1	1	-1	-1	-1	9	2012	1
NS17814C	4	2	1	-1	-1	-1	2	2010	3
NS17814C	5	1	1	-1	-1	-1	8	2009	1
NS17814C	6	1	2	-1	-1	-1	7	2007	2
NS17814C	7	5	-1	1	1	-1	9	2000	6
NS17817F	1	5	-1	1	3	-1	9	2008	6
NS17819H	1	5	-1	1	3	-1	9	2011	6
NS17819H	2	1	1	-1	-1	-1	9	2010	1
NS17819H	3	5	-1	1	2	-1	9	2008	6
NS17822V	1	5	-1	1	3	-1	9	2008	6
NS17823W	1	1	1	-1	-1	-1	8	2009	1
NS17825Y	1	6	1	-1	-1	-1	2	2013	12
NS17825Y	2	1	1	-1	-1	-1	8	2011	1
NS17825Y	3	5	-1	1	3	-1	9	2008	6
NS17826Z	1	5	-1	1	1	-1	9	1995	6
NS17828B	1	5	-1	1	3	-1	10	2008	6
NS17831N	1	5	-1	1	2	-1	9	2010	6
NS17831N	2	1	1	-1	-1	-1	9	2006	1
NS17832P	1	1	1	-1	-1	-1	11	2010	1
NS17832P	2	4	-1	-1	-1	-1	10	2009	5
NS17834R	1	1	1	-1	-1	-1	1	2012	1
NS17834R	2	5	-1	1	3	-1	9	2008	6
NS17837V	1	5	-1	1	3	-1	9	2010	6
NS17837V	2	5	-1	1	2	-1	9	2007	6
NS17837V	3	5	-1	1	1	-1	9	2003	6
NS17838W	1	1	1	-1	-1	-1	2	2014	1
NS17838W	2	1	1	-1	-1	-1	9	2013	1
NS17838W	3	10	-1	-1	-1	-1	8	2013	14
NS17838W	4	3	1	-1	-1	-1	6	2013	11
NS17838W	5	4	-1	-1	-1	-1	5	2013	5
NS17838W	6	5	-1	1	3	-1	9	2010	6
NS17838W	7	5	-1	1	1	-1	9	1995	6
NS17840G	1	4	-1	-1	-1	-1	1	2011	5
NS17840G	2	1	1	-1	-1	-1	2	2006	1
NS17841H	1	1	1	-1	-1	-1	9	2008	1
NS17843K	1	4	-1	-1	-1	-1	2	2015	5
NS17843K	2	1	2	-1	-1	-1	9	2014	2
NS17843K	3	5	-1	1	3	-1	9	2013	6
NS17843K	4	4	-1	-1	-1	-1	7	2013	5
NS17843K	5	5	-1	1	3	-1	9	2009	6
NS17848Q	1	1	1	-1	-1	-1	4	2012	1
NS17848Q	2	1	2	-1	-1	-1	9	2006	2
NS17849R	1	1	1	-1	-1	-1	8	-9	1
NS17850B	1	1	1	-1	-1	-1	9	2010	1
NS17850B	2	10	-1	-1	-1	-1	9	2008	14
NS17852D	1	5	-1	1	3	-1	9	2008	6
NS17856H	1	1	1	-1	-1	-1	6	2008	1
NS17858K	1	2	1	-1	-1	-1	11	2013	3
NS17858K	2	1	1	-1	-1	-1	10	2011	1
NS17858K	3	1	2	-1	-1	-1	9	2006	2
NS17859L	1	1	1	-1	-1	-1	5	2011	1
NS17859L	2	1	1	-1	-1	-1	5	2009	1
NS17860W	1	5	-1	1	3	-1	9	2014	6
NS17860W	2	1	1	-1	-1	-1	6	2011	1
NS17860W	3	5	-1	1	2	-1	9	2008	6
NS17863Z	1	1	2	-1	-1	-1	8	2008	2
NS17865B	1	1	1	-1	-1	-1	4	2013	1
NS17865B	2	5	-1	1	3	-1	9	2012	6
NS17865B	3	4	-1	-1	-1	-1	7	2012	5
NS17865B	4	5	-1	1	3	-1	9	2008	6
NS17871R	1	5	-1	1	3	-1	9	2010	6
NS17871R	2	1	2	-1	-1	-1	9	2006	2
NS17872S	1	1	1	-1	-1	-1	8	2012	1
NS17872S	2	5	-1	1	3	-1	9	2008	6
NS17874V	1	1	2	-1	-1	-1	7	2013	2
NS17874V	2	8	-1	-1	-1	1	12	2011	9
NS17874V	3	1	1	-1	-1	-1	8	2008	1
NS17875W	1	1	1	-1	-1	-1	8	2008	1
NS17876X	1	5	-1	1	3	-1	3	2009	6
NS17879A	1	1	1	-1	-1	-1	8	2012	1
NS17879A	2	1	1	-1	-1	-1	10	2009	1
NS17880K	1	1	1	-1	-1	-1	10	2013	1
NS17880K	2	4	-1	-1	-1	-1	8	2013	5
NS17880K	3	1	1	-1	-1	-1	12	2012	1
NS17880K	4	4	-1	-1	-1	-1	4	2012	5
NS17880K	5	10	-1	-1	-1	-1	10	2011	14
NS17880K	6	1	1	-1	-1	-1	11	2008	1
NS17886R	1	5	-1	1	3	-1	9	2007	6
NS17888T	1	4	-1	-1	-1	-1	-8	-8	5
NS17889V	1	1	2	-1	-1	-1	3	2008	2
NS17892G	1	5	-1	1	3	-1	10	2009	6
NS17894J	1	1	2	-1	-1	-1	7	2013	2
NS17894J	2	1	1	-1	-1	-1	8	2012	1
NS17894J	3	1	1	-1	-1	-1	9	2011	1
NS17894J	4	4	-1	-1	-1	-1	7	2011	5
NS17894J	5	5	-1	1	3	-1	10	2008	6
NS17895K	1	5	-1	1	3	-1	9	2008	6
NS17900F	1	10	-1	-1	-1	-1	10	2014	14
NS17900F	2	5	-1	1	3	-1	10	2008	6
NS17901G	1	1	1	-1	-1	-1	10	2011	1
NS17901G	2	1	2	-1	-1	-1	12	2008	2
NS17903J	1	1	1	-1	-1	-1	7	2012	1
NS17903J	2	5	-1	1	3	-1	9	2008	6
NS17906M	1	1	1	-1	-1	-1	8	2014	1
NS17906M	2	1	1	-1	-1	-1	6	2014	1
NS17906M	3	3	2	-1	-1	-1	1	2014	11
NS17906M	4	1	1	-1	-1	-1	7	2013	1
NS17906M	5	5	-1	1	3	-1	10	2009	6
NS17910A	1	5	-1	1	3	-1	9	2008	6
NS17910A	2	5	-1	1	2	-1	9	2006	6
NS17914E	1	1	1	-1	-1	-1	5	2014	1
NS17914E	2	1	2	-1	-1	-1	10	2013	2
NS17914E	3	4	-1	-1	-1	-1	7	2012	5
NS17914E	4	3	2	-1	-1	-1	1	2012	11
NS17914E	5	4	-1	-1	-1	-1	6	2011	5
NS17914E	6	5	-1	1	3	-1	9	2008	6
NS17924Z	1	1	1	-1	-1	-1	11	2011	1
NS17924Z	2	4	-1	-1	-1	-1	7	2011	5
NS17924Z	3	5	-1	1	3	-1	9	2008	6
NS17929E	1	5	-1	2	2	-1	10	2014	7
NS17929E	2	1	2	-1	-1	-1	7	2013	2
NS17929E	3	5	-1	1	2	-1	9	2011	6
NS17929E	4	1	2	-1	-1	-1	9	2006	2
NS17930P	1	4	-1	-1	-1	-1	2	2015	5
NS17930P	2	1	1	-1	-1	-1	-8	2013	1
NS17930P	3	1	2	-1	-1	-1	-8	2007	2
NS17933S	1	5	-1	1	2	-1	9	2006	6
NS17939Z	1	1	1	-1	-1	-1	9	2013	1
NS17939Z	2	4	-1	-1	-1	-1	1	2012	5
NS17939Z	3	5	-1	1	3	-1	9	2011	6
NS17939Z	4	5	-1	1	1	-1	9	2003	6
NS17940J	1	1	1	-1	-1	-1	8	2013	1
NS17940J	2	1	2	-1	-1	-1	6	2012	2
NS17940J	3	5	-1	1	3	-1	9	2008	6
NS17941K	1	5	-1	1	3	-1	9	2008	6
NS17942L	1	1	1	-1	-1	-1	10	2012	1
NS17942L	2	1	1	-1	-1	-1	1	2011	1
NS17942L	3	4	-1	-1	-1	-1	7	2009	5
NS17942L	4	5	-1	1	2	-1	9	2006	6
NS17943M	1	1	1	-1	-1	-1	10	2011	1
NS17943M	2	1	2	-1	-1	-1	7	2011	2
NS17943M	3	5	-1	1	3	-1	10	2008	6
NS17944N	1	1	2	-1	-1	-1	9	2006	2
NS17949T	1	2	1	-1	-1	-1	4	2013	3
NS17949T	2	5	-1	1	3	-1	9	2009	6
NS17949T	3	5	-1	1	2	-1	9	2006	6
NS17957L	1	1	1	-1	-1	-1	10	2013	1
NS17957L	2	1	1	-1	-1	-1	5	2012	1
NS17957L	3	5	-1	1	3	-1	9	2009	6
NS17958M	1	1	1	-1	-1	-1	9	2008	1
NS17958M	2	5	-1	1	2	-1	9	2007	6
NS17958M	3	4	-1	-1	-1	-1	7	2006	5
NS17965D	1	3	2	-1	-1	-1	1	2010	11
NS17968G	1	4	-1	-1	-1	-1	7	2011	5
NS17968G	2	5	-1	1	3	-1	9	2008	6
NS17977A	1	4	-1	-1	-1	-1	11	2014	5
NS17977A	2	1	1	-1	-1	-1	9	2014	1
NS17977A	3	4	-1	-1	-1	-1	6	2014	5
NS17977A	4	1	1	-1	-1	-1	2	2014	1
NS17977A	5	1	2	-1	-1	-1	9	2011	2
NS17977A	6	4	-1	-1	-1	-1	1	2010	5
NS17980M	1	9	-1	-1	-1	-1	2	2012	13
NS17980M	2	1	1	-1	-1	-1	10	2009	1
NS17982P	1	5	-1	2	2	-1	9	2009	7
NS17986T	1	5	-1	1	3	-1	9	2009	6
NS17987V	1	1	2	-1	-1	-1	10	2015	2
NS17987V	2	4	-1	-1	-1	-1	7	2013	5
NS17987V	3	5	-1	1	3	-1	10	2010	6
NS17987V	4	4	-1	-1	-1	-1	9	2010	5
NS17987V	5	1	2	-1	-1	-1	11	2009	2
NS17990G	1	1	2	-1	-1	-1	4	2014	2
NS17990G	2	4	-1	-1	-1	-1	2	2014	5
NS17990G	3	10	-1	-1	-1	-1	9	2012	14
NS17990G	4	1	1	-1	-1	-1	9	2011	1
NS17990G	5	1	1	-1	-1	-1	9	2010	1
NS17990G	6	5	-1	1	3	-1	9	2009	6
NS17991H	1	5	-1	1	3	-1	9	2008	6
NS17992J	1	5	-1	1	3	-1	9	2009	6
NS17994L	1	1	1	-1	-1	-1	11	2013	1
NS17994L	2	4	-1	-1	-1	-1	9	2013	5
NS17994L	3	1	1	-1	-1	-1	8	2013	1
NS17994L	4	1	1	-1	-1	-1	5	2010	1
NS17996N	1	10	-1	-1	-1	-1	11	2010	14
NS17996N	2	1	1	-1	-1	-1	7	2009	1
NS17997P	1	1	1	-1	-1	-1	9	2006	1
NS17998Q	1	1	1	-1	-1	-1	4	2012	1
NS17998Q	2	1	1	-1	-1	-1	4	2010	1
NS17998Q	3	1	1	-1	-1	-1	4	2008	1
NS18002J	1	5	-1	1	2	-1	9	2006	6
NS18004L	1	1	1	-1	-1	-1	11	2012	1
NS18004L	2	5	-1	1	3	-1	9	2008	6
NS18004L	3	5	-1	1	1	-1	9	2001	6
NS18010B	1	1	1	-1	-1	-1	6	2014	1
NS18010B	2	1	1	-1	-1	-1	10	2012	1
NS18010B	3	1	2	-1	-1	-1	5	2007	2
NS18011C	1	2	2	-1	-1	-1	7	2013	4
NS18011C	2	1	2	-1	-1	-1	5	2012	2
NS18011C	3	1	1	-1	-1	-1	5	2008	1
NS18014F	1	5	-1	1	3	-1	9	2008	6
NS18016H	1	10	-1	-1	-1	-1	7	2006	14
NS18017J	1	5	-1	1	3	-1	9	2009	6
NS18019L	1	1	2	-1	-1	-1	4	2010	2
NS18020W	1	1	1	-1	-1	-1	9	2012	1
NS18020W	2	5	-1	1	3	-1	9	2011	6
NS18020W	3	5	-1	1	3	-1	9	2008	6
NS18022Y	1	1	1	-1	-1	-1	8	2013	1
NS18022Y	2	5	-1	1	3	-1	9	2009	6
NS18023Z	1	4	-1	-1	-1	-1	7	-8	5
NS18025B	1	1	1	-1	-1	-1	12	2008	1
NS18025B	2	5	-1	1	2	-1	9	2006	6
NS18027D	1	1	1	-1	-1	-1	1	2012	1
NS18027D	2	1	1	-1	-1	-1	9	2011	1
NS18027D	3	5	-1	1	3	-1	9	2008	6
NS18029F	1	1	2	-1	-1	-1	7	2008	2
NS18035W	1	10	-1	-1	-1	-1	7	2006	14
NS18036X	1	1	1	-1	-1	-1	10	2010	1
NS18036X	2	1	1	-1	-1	-1	3	2008	1
NS18047S	1	1	2	-1	-1	-1	8	2012	2
NS18047S	2	2	2	-1	-1	-1	12	2010	4
NS18047S	3	5	-1	1	2	-1	12	2008	6
NS18048T	1	1	1	-1	-1	-1	8	2014	1
NS18048T	2	1	1	-1	-1	-1	8	2013	1
NS18048T	3	5	-1	1	3	-1	9	2008	6
NS18052G	1	1	1	-1	-1	-1	9	2014	1
NS18052G	2	1	1	-1	-1	-1	9	2014	1
NS18052G	3	4	-1	-1	-1	-1	4	2012	5
NS18052G	4	1	1	-1	-1	-1	9	2006	1
NS18055K	1	1	1	-1	-1	-1	9	2008	1
NS18055K	2	5	-1	1	1	-1	9	2003	6
NS18056L	1	4	-1	-1	-1	-1	1	2009	5
NS18056L	2	7	-1	-1	-1	-1	4	2007	8
NS18057M	1	1	1	-1	-1	-1	7	2006	1
NS18058N	1	1	2	-1	-1	-1	9	2013	2
NS18058N	2	1	1	-1	-1	-1	9	2010	1
NS18058N	3	6	1	-1	-1	-1	9	2009	12
NS18058N	4	1	2	-1	-1	-1	9	2008	2
NS18058N	5	5	-1	1	2	-1	9	2006	6
NS18059P	1	1	2	-1	-1	-1	10	2008	2
NS18059P	2	1	2	-1	-1	-1	10	2008	2
NS18059P	3	5	-1	1	2	-1	9	2006	6
NS18060Z	1	1	1	-1	-1	-1	1	2012	1
NS18060Z	2	5	-1	1	3	-1	10	2008	6
NS18062B	1	5	-1	2	2	-1	9	2006	7
NS18063C	1	5	-1	1	3	-1	9	2011	6
NS18063C	2	5	-1	1	2	-1	9	2008	6
NS18065E	1	5	-1	1	3	-1	9	2008	6
NS18065E	2	5	-1	1	2	-1	9	2006	6
NS18067G	1	2	2	-1	-1	-1	1	2012	4
NS18067G	2	5	-1	1	3	-1	1	2007	6
NS18068H	1	1	1	-1	-1	-1	9	2010	1
NS18068H	2	5	-1	1	3	-1	9	2008	6
NS18070T	1	1	1	-1	-1	-1	3	2014	1
NS18070T	2	1	1	-1	-1	-1	12	2013	1
NS18070T	3	1	1	-1	-1	-1	10	2013	1
NS18070T	4	1	1	-1	-1	-1	9	2013	1
NS18070T	5	1	1	-1	-1	-1	6	2013	1
NS18070T	6	10	-1	-1	-1	-1	3	2013	14
NS18070T	7	3	1	-1	-1	-1	12	2012	11
NS18070T	8	4	-1	-1	-1	-1	7	2012	5
NS18070T	9	5	-1	1	3	-1	9	2008	6
NS18071V	1	1	1	-1	-1	-1	9	2011	1
NS18071V	2	1	1	-1	-1	-1	9	2010	1
NS18071V	3	5	-1	1	2	-1	9	2009	6
NS18072W	1	5	-1	1	3	-1	9	2009	6
NS18072W	2	5	-1	1	1	-1	9	2006	6
NS18073X	1	1	1	-1	-1	-1	3	2010	1
NS18076A	1	10	-1	-1	-1	-1	9	2014	14
NS18076A	2	5	-1	1	3	-1	9	2013	6
NS18076A	3	1	1	-1	-1	-1	9	2012	1
NS18076A	4	5	-1	1	3	-1	9	2009	6
NS18078C	1	7	-1	-1	-1	-1	11	2013	8
NS18078C	2	5	-1	1	3	-1	9	2009	6
NS18079D	1	5	-1	2	3	-1	9	2011	7
NS18079D	2	5	-1	1	2	-1	9	2006	6
NS18080N	1	1	1	-1	-1	-1	1	2012	1
NS18080N	2	5	-1	1	3	-1	9	2009	6
NS18083R	1	1	1	-1	-1	-1	10	2014	1
NS18083R	2	5	-1	1	3	-1	-8	-8	6
NS18085T	1	1	1	-1	-1	-1	8	2012	1
NS18085T	2	1	1	-1	-1	-1	11	2010	1
NS18085T	3	6	1	-1	-1	-1	10	2007	12
NS18087W	1	5	-1	1	3	-1	9	2008	6
NS18092K	1	1	1	-1	-1	-1	8	2012	1
NS18092K	2	5	-1	1	3	-1	9	2009	6
NS18093L	1	1	1	-1	-1	-1	5	2013	1
NS18093L	2	1	1	-1	-1	-1	7	2010	1
NS18093L	3	5	-1	2	2	-1	9	2007	7
NS18094M	1	1	1	-1	-1	-1	2	2015	1
NS18094M	2	1	1	-1	-1	-1	4	-8	1
NS18096P	1	1	1	-1	-1	-1	7	2014	1
NS18096P	2	1	1	-1	-1	-1	1	2013	1
NS18096P	3	1	2	-1	-1	-1	7	2008	2
NS18098R	1	1	2	-1	-1	-1	5	2013	2
NS18098R	2	5	-1	1	3	-1	9	2009	6
NS18101K	1	3	2	-1	-1	-1	5	2013	11
NS18101K	2	4	-1	-1	-1	-1	5	2012	5
NS18101K	3	1	2	-1	-1	-1	6	2010	2
NS18101K	4	5	-1	1	2	-1	9	2009	6
NS18102L	1	2	1	-1	-1	-1	10	2015	3
NS18102L	2	1	1	-1	-1	-1	1	2015	1
NS18102L	3	1	1	-1	-1	-1	5	2009	1
NS18102L	4	5	-1	1	2	-1	9	2007	6
NS18102L	5	5	-1	1	2	-1	9	2006	6
NS18106Q	1	1	1	-1	-1	-1	10	2012	1
NS18106Q	2	1	1	-1	-1	-1	10	2007	1
NS18106Q	3	1	1	-1	-1	-1	9	2001	1
NS18108S	1	1	1	-1	-1	-1	12	2012	1
NS18108S	2	1	2	-1	-1	-1	4	2012	2
NS18108S	3	1	1	-1	-1	-1	12	2011	1
NS18108S	4	1	1	-1	-1	-1	7	2011	1
NS18108S	5	5	-1	1	3	-1	9	2008	6
NS18108S	6	5	-1	1	2	-1	9	2006	6
NS18109T	1	5	-1	1	3	-1	9	2010	6
NS18109T	2	5	-1	2	2	-1	9	2006	7
NS18110D	1	5	-1	1	3	-1	9	2013	6
NS18110D	2	1	1	-1	-1	-1	12	2012	1
NS18110D	3	4	-1	-1	-1	-1	10	2012	5
NS18110D	4	1	2	-1	-1	-1	1	2012	2
NS18110D	5	1	1	-1	-1	-1	9	2011	1
NS18110D	6	5	-1	1	3	-1	9	2008	6
NS18113G	1	1	2	-1	-1	-1	4	2010	2
NS18113G	2	1	2	-1	-1	-1	12	2007	2
NS18113G	3	1	1	-1	-1	-1	3	2005	1
NS18114H	1	5	-1	1	4	-1	9	2013	6
NS18114H	2	1	2	-1	-1	-1	1	2012	2
NS18114H	3	1	2	-1	-1	-1	10	2011	2
NS18114H	4	1	1	-1	-1	-1	6	2011	1
NS18114H	5	5	-1	1	3	-1	9	2008	6
NS18117L	1	1	1	-1	-1	-1	8	2011	1
NS18117L	2	5	-1	1	3	-1	9	2008	6
NS18118M	1	1	1	-1	-1	-1	9	2010	1
NS18118M	2	1	1	-1	-1	-1	9	2009	1
NS18119N	1	1	1	-1	-1	-1	9	2011	1
NS18119N	2	10	-1	-1	-1	-1	7	2010	14
NS18119N	3	5	-1	1	1	-1	9	2007	6
NS18123B	1	5	-1	1	3	-1	10	2012	6
NS18123B	2	5	-1	1	3	-1	10	2008	6
NS18124C	1	1	1	-1	-1	-1	5	2011	1
NS18124C	2	1	2	-1	-1	-1	7	2008	2
NS18127F	1	1	1	-1	-1	-1	10	2012	1
NS18127F	2	1	1	-1	-1	-1	5	2012	1
NS18127F	3	1	2	-1	-1	-1	2	2011	2
NS18127F	4	1	2	-1	-1	-1	11	2009	2
NS18128G	1	1	1	-1	-1	-1	12	2015	1
NS18128G	2	1	1	-1	-1	-1	8	2015	1
NS18128G	3	1	1	-1	-1	-1	5	2015	1
NS18128G	4	1	1	-1	-1	-1	9	2014	1
NS18128G	5	1	1	-1	-1	-1	2	2012	1
NS18128G	6	5	-1	1	3	-1	9	2010	6
NS18128G	7	-8	-1	-1	-1	-1	9	2010	-8
NS18128G	8	5	-1	1	1	-1	9	2008	6
NS18132V	1	5	-1	1	3	-1	9	2010	6
NS18132V	2	5	-1	1	2	-1	9	2008	6
NS18133W	1	1	1	-1	-1	-1	9	2011	1
NS18133W	2	5	-1	1	3	-1	10	2008	6
NS18137A	1	1	1	-1	-1	-1	4	2013	1
NS18137A	2	3	2	-1	-1	-1	1	2013	11
NS18137A	3	3	2	-1	-1	-1	7	2012	11
NS18137A	4	5	-1	1	3	-1	9	2008	6
NS18139C	1	1	1	-1	-1	-1	8	2013	1
NS18139C	2	10	-1	-1	-1	-1	4	2013	14
NS18139C	3	1	1	-1	-1	-1	9	2012	1
NS18139C	4	1	1	-1	-1	-1	9	2010	1
NS18139C	5	1	1	-1	-1	-1	4	2010	1
NS18139C	6	4	-1	-1	-1	-1	10	2009	5
NS18139C	7	1	1	-1	-1	-1	9	2009	1
NS18139C	8	5	-1	1	3	-1	10	2008	6
NS18139C	9	5	-1	1	2	-1	9	2006	6
NS18141N	1	1	1	-1	-1	-1	11	2014	1
NS18141N	2	1	2	-1	-1	-1	3	2013	2
NS18141N	3	5	-1	1	3	-1	9	2008	6
NS18142P	1	2	2	-1	-1	-1	9	2011	4
NS18142P	2	5	-1	1	3	-1	9	2008	6
NS18143Q	1	1	1	-1	-1	-1	9	2011	1
NS18143Q	2	1	1	-1	-1	-1	9	2008	1
NS18144R	1	1	1	-1	-1	-1	11	2012	1
NS18144R	2	1	2	-1	-1	-1	1	2010	2
NS18147V	1	1	1	-1	-1	-1	7	2009	1
NS18147V	2	1	1	-1	-1	-1	7	2009	1
NS18147V	3	6	1	-1	-1	-1	-8	2007	12
NS18150G	1	1	1	-1	-1	-1	5	2010	1
NS18151H	1	5	-1	1	3	-1	9	2008	6
NS18154L	1	1	1	-1	-1	-1	3	2011	1
NS18154L	2	1	1	-1	-1	-1	9	2010	1
NS18155M	1	1	1	-1	-1	-1	3	2012	1
NS18155M	2	5	-1	1	3	-1	9	2009	6
NS18155M	3	5	-1	1	2	-1	9	2006	6
NS18163E	1	1	1	-1	-1	-1	7	2014	1
NS18163E	2	1	1	-1	-1	-1	7	2013	1
NS18163E	3	1	2	-1	-1	-1	11	2012	2
NS18163E	4	5	-1	1	3	-1	9	2008	6
NS18164F	1	5	-1	1	3	-1	9	2010	6
NS18164F	2	1	1	-1	-1	-1	10	2009	1
NS18166H	1	5	-1	1	3	-1	9	2009	6
NS18167J	1	1	1	-1	-1	-1	9	2008	1
NS18168K	1	1	1	-1	-1	-1	8	2015	1
NS18168K	2	1	1	-1	-1	-1	5	2015	1
NS18168K	3	1	1	-1	-1	-1	10	2014	1
NS18168K	4	1	1	-1	-1	-1	4	2011	1
NS18168K	5	5	-1	1	2	-1	9	2008	6
NS18172Y	1	2	2	-1	-1	-1	10	2012	4
NS18172Y	2	1	2	-1	-1	-1	10	2011	2
NS18172Y	3	1	2	-1	-1	-1	5	2010	2
NS18184V	1	2	1	-1	-1	-1	10	2012	3
NS18184V	2	1	1	-1	-1	-1	10	2010	1
NS18184V	3	1	1	-1	-1	-1	10	2009	1
NS18186X	1	5	-1	1	3	-1	9	2008	6
NS18188Z	1	1	1	-1	-1	-1	4	2015	1
NS18188Z	2	1	1	-1	-1	-1	4	2014	1
NS18188Z	3	1	1	-1	-1	-1	11	2013	1
NS18188Z	4	1	1	-1	-1	-1	7	2013	1
NS18188Z	5	5	-1	1	3	-1	9	2010	6
NS18188Z	6	1	1	-1	-1	-1	9	2009	1
NS18189A	1	1	1	-1	-1	-1	-8	-8	1
NS18195Q	1	1	1	-1	-1	-1	6	2012	1
NS18195Q	2	1	1	-1	-1	-1	7	2011	1
NS18195Q	3	1	2	-1	-1	-1	6	2011	2
NS18195Q	4	6	1	-1	-1	-1	6	2008	12
NS18197S	1	1	1	-1	-1	-1	3	2014	1
NS18197S	2	1	1	-1	-1	-1	9	2013	1
NS18197S	3	1	2	-1	-1	-1	3	2013	2
NS18197S	4	1	2	-1	-1	-1	9	2012	2
NS18197S	5	5	-1	1	3	-1	9	2008	6
NS18197S	6	5	-1	1	2	-1	9	2006	6
NS18199V	1	5	-1	1	3	-1	9	2009	6
NS18200L	1	1	1	-1	-1	-1	9	2013	1
NS18200L	2	5	-1	1	3	-1	9	2012	6
NS18200L	3	5	-1	1	3	-1	6	2009	6
NS18201M	1	1	1	-1	-1	-1	9	2013	1
NS18201M	2	5	-1	1	3	-1	9	2011	6
NS18201M	3	5	-1	1	1	-1	9	2001	6
NS18204Q	1	1	1	-1	-1	-1	6	2011	1
NS18204Q	2	1	1	-1	-1	-1	-8	-8	1
NS18207T	1	1	2	-1	-1	-1	1	2013	2
NS18207T	2	1	2	-1	-1	-1	8	2012	2
NS18207T	3	5	-1	1	3	-1	9	2008	6
NS18208V	1	1	2	-1	-1	-1	4	2014	2
NS18208V	2	4	-1	-1	-1	-1	11	2013	5
NS18208V	3	1	1	-1	-1	-1	4	2013	1
NS18208V	4	4	-1	-1	-1	-1	9	2012	5
NS18208V	5	1	1	-1	-1	-1	8	2012	1
NS18208V	6	5	-1	1	3	-1	10	2009	6
NS18209W	1	1	1	-1	-1	-1	6	2015	1
NS18209W	2	4	-1	-1	-1	-1	7	2014	5
NS18209W	3	1	1	-1	-1	-1	7	2013	1
NS18209W	4	5	-1	1	3	-1	9	2009	6
NS18214K	1	9	-1	-1	-1	-1	11	2014	13
NS18214K	2	1	1	-1	-1	-1	9	2007	1
NS18215L	1	1	1	-1	-1	-1	6	2014	1
NS18215L	2	1	1	-1	-1	-1	1	2013	1
NS18215L	3	3	1	-1	-1	-1	4	2012	11
NS18215L	4	1	1	-1	-1	-1	9	2011	1
NS18215L	5	5	-1	1	3	-1	9	2008	6
NS18217N	1	5	-1	1	3	-1	10	2008	6
NS18217N	2	5	-1	1	2	-1	9	2006	6
NS18218P	1	5	-1	2	3	-1	9	2014	7
NS18218P	2	5	-1	1	3	-1	9	2013	6
NS18218P	3	5	-1	1	2	-1	9	2011	6
NS18218P	4	5	-1	1	1	-1	9	2010	6
NS18218P	5	5	-1	1	1	-1	9	2004	6
NS18223D	1	4	-1	-1	-1	-1	6	2015	5
NS18223D	2	1	1	-1	-1	-1	2	2010	1
NS18227H	1	1	1	-1	-1	-1	9	2014	1
NS18227H	2	1	1	-1	-1	-1	3	2013	1
NS18227H	3	1	1	-1	-1	-1	9	2010	1
NS18227H	4	5	-1	1	3	-1	1	2008	6
NS18228J	1	1	1	-1	-1	-1	2	2015	1
NS18228J	2	1	1	-1	-1	-1	4	2014	1
NS18228J	3	1	1	-1	-1	-1	10	2013	1
NS18228J	4	1	1	-1	-1	-1	7	2012	1
NS18228J	5	5	-1	1	3	-1	9	2009	6
NS18228J	6	1	1	-1	-1	-1	6	2009	1
NS18228J	7	5	-1	1	2	-1	9	2006	6
NS18229K	1	1	1	-1	-1	-1	1	2014	1
NS18229K	2	10	-1	-1	-1	-1	6	2013	14
NS18229K	3	1	1	-1	-1	-1	7	2012	1
NS18229K	4	5	-1	1	3	-1	9	2009	6
NS18230V	1	1	1	-1	-1	-1	-8	2010	1
NS18230V	2	-8	-1	-1	-1	-1	-8	-8	-8
NS18232X	1	1	1	-1	-1	-1	11	2015	1
NS18232X	2	1	1	-1	-1	-1	11	2015	1
NS18232X	3	1	1	-1	-1	-1	8	2014	1
NS18232X	4	5	-1	1	3	-1	9	2009	6
NS18232X	5	5	-1	1	1	-1	9	2006	6
NS18234Z	1	2	1	-1	-1	-1	6	2009	3
NS18234Z	2	4	-1	-1	-1	-1	9	2006	5
NS18236B	1	1	2	-1	-1	-1	12	2007	2
NS18238D	1	1	2	-1	-1	-1	10	2008	2
NS18245V	1	1	2	-1	-1	-1	10	2013	2
NS18245V	2	1	2	-1	-1	-1	9	2012	2
NS18245V	3	5	-1	1	3	-1	9	2009	6
NS18249Z	1	4	-1	-1	-1	-1	1	2013	5
NS18249Z	2	1	2	-1	-1	-1	12	2012	2
NS18249Z	3	4	-1	-1	-1	-1	1	2010	5
NS18250J	1	10	-1	-1	-1	-1	5	2015	14
NS18250J	2	1	1	-1	-1	-1	9	2014	1
NS18250J	3	1	1	-1	-1	-1	2	2014	1
NS18250J	4	1	2	-1	-1	-1	6	2012	2
NS18250J	5	3	2	-1	-1	-1	1	2010	11
NS18253M	1	9	-1	-1	-1	-1	11	2008	13
NS18253M	2	5	-1	1	2	-1	9	2006	6
NS18254N	1	1	1	-1	-1	-1	3	2015	1
NS18254N	2	4	-1	-1	-1	-1	10	2014	5
NS18254N	3	1	1	-1	-1	-1	9	2012	1
NS18254N	4	5	-1	1	3	-1	9	2008	6
NS18255P	1	1	1	-1	-1	-1	3	2014	1
NS18255P	2	5	-1	1	3	-1	8	2010	6
NS18255P	3	-8	-1	-1	-1	-1	9	2008	-8
NS18265J	1	1	1	-1	-1	-1	7	2012	1
NS18265J	2	4	-1	-1	-1	-1	5	2012	5
NS18265J	3	1	1	-1	-1	-1	10	2011	1
NS18265J	4	1	1	-1	-1	-1	8	2011	1
NS18265J	5	4	-1	-1	-1	-1	6	2011	5
NS18265J	6	5	-1	1	3	-1	9	2008	6
NS18266K	1	1	1	-1	-1	-1	12	2009	1
NS18267L	1	5	-1	1	3	-1	9	2011	6
NS18267L	2	5	-1	1	3	-1	9	2010	6
NS18267L	3	1	2	-1	-1	-1	3	2009	2
NS18268M	1	1	1	-1	-1	-1	9	2008	1
NS18271Z	1	1	2	-1	-1	-1	6	2015	2
NS18271Z	2	1	1	-1	-1	-1	6	2014	1
NS18271Z	3	1	2	-1	-1	-1	3	2011	2
NS18271Z	4	4	-1	-1	-1	-1	2	2010	5
NS18273B	1	1	1	-1	-1	-1	10	2010	1
NS18273B	2	1	1	-1	-1	-1	10	2010	1
NS18273B	3	5	-1	1	3	-1	1	2010	6
NS18273B	4	5	-1	1	2	-1	9	2006	6
NS18274C	1	1	2	-1	-1	-1	11	2006	2
NS18276E	1	1	2	-1	-1	-1	10	2012	2
NS18276E	2	1	2	-1	-1	-1	10	2011	2
NS18276E	3	1	2	-1	-1	-1	4	2011	2
NS18276E	4	10	-1	-1	-1	-1	7	2008	14
NS18277F	1	1	1	-1	-1	-1	9	2013	1
NS18277F	2	1	1	-1	-1	-1	7	2011	1
NS18277F	3	5	-1	1	3	-1	9	2008	6
NS18283W	1	5	-1	1	3	-1	9	2014	6
NS18283W	2	1	1	-1	-1	-1	4	2014	1
NS18283W	3	2	2	-1	-1	-1	12	2013	4
NS18283W	4	1	1	-1	-1	-1	4	2013	1
NS18283W	5	1	1	-1	-1	-1	9	2011	1
NS18283W	6	5	-1	1	3	-1	9	2008	6
NS18283W	7	5	-1	1	2	-1	9	2006	6
NS18285Y	1	5	-1	1	3	-1	9	2009	6
NS18287A	1	10	-1	-1	-1	-1	4	2011	14
NS18287A	2	3	1	-1	-1	-1	1	2011	11
NS18287A	3	1	1	-1	-1	-1	7	2010	1
NS18287A	4	5	-1	1	3	-1	9	2009	6
NS18288B	1	1	2	-1	-1	-1	5	1997	2
NS18294R	1	1	1	-1	-1	-1	6	2013	1
NS18294R	2	1	1	-1	-1	-1	6	2011	1
NS18294R	3	5	-1	1	3	-1	6	2008	6
NS18295S	1	1	1	-1	-1	-1	8	2013	1
NS18295S	2	5	-1	1	3	-1	9	2009	6
NS18296T	1	1	2	-1	-1	-1	12	2010	2
NS18296T	2	5	-1	2	2	-1	9	2009	7
NS18297V	1	1	2	-1	-1	-1	3	2007	2
NS18298W	1	1	1	-1	-1	-1	6	2013	1
NS18298W	2	1	1	-1	-1	-1	6	2013	1
NS18298W	3	3	1	-1	-1	-1	9	2011	11
NS18298W	4	5	-1	1	3	-1	9	2009	6
NS18299X	1	1	1	-1	-1	-1	10	2015	1
NS18299X	2	1	1	-1	-1	-1	10	2013	1
NS18299X	3	1	2	-1	-1	-1	10	2012	2
NS18299X	4	5	-1	1	3	-1	9	2012	6
NS18299X	5	5	-1	1	3	-1	9	2008	6
NS18302Q	1	1	1	-1	-1	-1	6	2011	1
NS18302Q	2	5	-1	1	3	-1	9	2008	6
NS18304S	1	5	-1	1	2	-1	1	2010	6
NS18304S	2	5	-1	1	2	-1	2	2009	6
NS18307W	1	1	1	-1	-1	-1	9	2012	1
NS18307W	2	1	2	-1	-1	-1	10	2008	2
NS18308X	1	4	-1	-1	-1	-1	6	2015	5
NS18308X	2	1	1	-1	-1	-1	3	2015	1
NS18308X	3	4	-1	-1	-1	-1	7	2014	5
NS18308X	4	1	1	-1	-1	-1	1	2014	1
NS18308X	5	4	-1	-1	-1	-1	10	2013	5
NS18308X	6	1	1	-1	-1	-1	9	2012	1
NS18308X	7	5	-1	1	3	-1	9	2009	6
NS18314M	1	1	2	-1	-1	-1	10	2014	2
NS18314M	2	4	-1	-1	-1	-1	12	2013	5
NS18314M	3	1	2	-1	-1	-1	11	2012	2
NS18314M	4	10	-1	-1	-1	-1	1	2010	14
NS18315N	1	1	1	-1	-1	-1	6	2008	1
NS18316P	1	1	1	-1	-1	-1	11	2012	1
NS18316P	2	5	-1	1	3	-1	9	2009	6
NS18316P	3	4	-1	-1	-1	-1	7	2008	5
NS18325H	1	1	1	-1	-1	-1	9	2014	1
NS18325H	2	1	1	-1	-1	-1	11	2013	1
NS18325H	3	1	1	-1	-1	-1	3	2013	1
NS18325H	4	5	-1	1	3	-1	9	2009	6
NS18328L	1	1	2	-1	-1	-1	11	2010	2
NS18328L	2	1	2	-1	-1	-1	3	2010	2
NS18329M	1	1	1	-1	-1	-1	5	2014	1
NS18329M	2	1	1	-1	-1	-1	7	2013	1
NS18329M	3	10	-1	-1	-1	-1	1	2013	14
NS18329M	4	1	2	-1	-1	-1	6	2012	2
NS18329M	5	4	-1	-1	-1	-1	4	2012	5
NS18329M	6	5	-1	1	3	-1	10	2008	6
NS18329M	7	5	-1	1	1	-1	9	1994	6
NS18332Z	1	10	-1	-1	-1	-1	2	2013	14
NS18332Z	2	5	-1	2	2	-1	10	2011	7
NS18332Z	3	5	-1	1	3	-1	10	2006	6
NS18333A	1	6	1	-1	-1	-1	9	2013	12
NS18333A	2	5	-1	1	2	-1	9	2010	6
NS18333A	3	5	-1	1	1	-1	9	2007	6
NS18334B	1	1	2	-1	-1	-1	8	2013	2
NS18334B	2	1	1	-1	-1	-1	7	2008	1
NS18335C	1	1	1	-1	-1	-1	5	2014	1
NS18335C	2	1	1	-1	-1	-1	9	2012	1
NS18335C	3	1	1	-1	-1	-1	6	2012	1
NS18335C	4	5	-1	1	3	-1	9	2008	6
NS18335C	5	5	-1	1	2	-1	9	2006	6
NS18336D	1	1	1	-1	-1	-1	6	2009	1
NS18336D	2	1	2	-1	-1	-1	9	2008	2
NS18336D	3	5	-1	2	2	-1	10	2007	7
NS18337E	1	1	1	-1	-1	-1	6	2013	1
NS18337E	2	1	1	-1	-1	-1	7	2011	1
NS18337E	3	5	-1	1	3	-1	9	2008	6
NS18339G	1	4	-1	-1	-1	-1	2	2014	5
NS18339G	2	5	-1	1	3	-1	9	2009	6
NS18339G	3	9	-1	-1	-1	-1	8	2008	13
NS18339G	4	5	-1	1	2	-1	9	2006	6
NS18340R	1	5	-1	1	3	-1	9	2009	6
NS18340R	2	5	-1	1	2	-1	9	2007	6
NS18340R	3	5	-1	1	2	-1	9	2006	6
NS18343V	1	1	1	-1	-1	-1	5	2012	1
NS18343V	2	1	1	-1	-1	-1	3	2008	1
NS18345X	1	1	1	-1	-1	-1	1	2007	1
NS18345X	2	5	-1	1	1	-1	9	2001	6
NS18348A	1	1	1	-1	-1	-1	8	2014	1
NS18348A	2	5	-1	1	3	-1	9	2009	6
NS18353P	1	4	-1	-1	-1	-1	8	2014	5
NS18353P	2	1	1	-1	-1	-1	8	2013	1
NS18353P	3	5	-1	1	3	-1	9	2008	6
NS18354Q	1	1	2	-1	-1	-1	3	2010	2
NS18359W	1	5	-1	1	3	-1	2	2014	6
NS18359W	2	1	2	-1	-1	-1	2	2012	2
NS18359W	3	2	2	-1	-1	-1	8	2011	4
NS18359W	4	5	-1	1	3	-1	9	2008	6
NS18366M	1	5	-1	1	3	-1	9	2007	6
NS18367N	1	1	2	-1	-1	-1	6	2013	2
NS18367N	2	1	2	-1	-1	-1	7	2008	2
NS18369Q	1	1	1	-1	-1	-1	5	2012	1
NS18369Q	2	1	1	-1	-1	-1	8	2011	1
NS18369Q	3	1	2	-1	-1	-1	10	2008	2
NS18371B	1	1	1	-1	-1	-1	9	2014	1
NS18371B	2	4	-1	-1	-1	-1	5	2014	5
NS18371B	3	5	-1	1	3	-1	8	2013	6
NS18371B	4	3	2	-1	-1	-1	9	2012	11
NS18371B	5	1	1	-1	-1	-1	6	2011	1
NS18371B	6	5	-1	1	3	-1	9	2008	6
NS18373D	1	1	1	-1	-1	-1	11	2013	1
NS18373D	2	1	2	-1	-1	-1	7	2009	2
NS18373D	3	5	-1	1	3	-1	9	2008	6
NS18373D	4	5	-1	1	2	-1	9	2006	6
NS18374E	1	1	1	-1	-1	-1	10	2008	1
NS18375F	1	1	1	-1	-1	-1	4	2012	1
NS18375F	2	5	-1	1	3	-1	10	2008	6
NS18375F	3	5	-1	1	2	-1	9	2006	6
NS18380V	1	5	-1	1	3	-1	9	2009	6
NS18381W	1	1	2	-1	-1	-1	10	2007	2
NS18382X	1	1	1	-1	-1	-1	12	2012	1
NS18382X	2	6	1	-1	-1	-1	9	2012	12
NS18382X	3	1	2	-1	-1	-1	8	2011	2
NS18382X	4	5	-1	1	3	-1	9	2008	6
NS18386B	1	1	2	-1	-1	-1	2	2010	2
NS18388D	1	5	-1	1	3	-1	9	2008	6
NS18395V	1	1	2	-1	-1	-1	7	2011	2
NS18395V	2	8	-1	-1	-1	2	6	2009	10
NS18396W	1	5	-1	1	3	-1	9	2000	6
NS18397X	1	10	-1	-1	-1	-1	4	2009	14
NS18398Y	1	1	1	-1	-1	-1	9	2009	1
NS18400Q	1	1	1	-1	-1	-1	5	2007	1
NS18407Y	1	1	1	-1	-1	-1	3	2014	1
NS18407Y	2	1	1	-1	-1	-1	9	2013	1
NS18407Y	3	1	1	-1	-1	-1	2	2013	1
NS18407Y	4	1	1	-1	-1	-1	7	2012	1
NS18407Y	5	5	-1	1	3	-1	10	2009	6
NS18415Q	1	4	-1	-1	-1	-1	8	2011	5
NS18415Q	2	1	1	-1	-1	-1	7	2007	1
NS18416R	1	1	1	-1	-1	-1	11	2010	1
NS18416R	2	4	-1	-1	-1	-1	9	2010	5
NS18416R	3	1	2	-1	-1	-1	8	2009	2
NS18418T	1	5	-1	1	2	-1	9	2011	6
NS18418T	2	1	1	-1	-1	-1	2	2008	1
NS18418T	3	1	1	-1	-1	-1	-8	2006	1
NS18419V	1	5	-1	1	3	-1	10	2008	6
NS18419V	2	5	-1	1	1	-1	9	2001	6
NS18422G	1	1	1	-1	-1	-1	6	2014	1
NS18422G	2	9	-1	-1	-1	-1	9	2013	13
NS18422G	3	1	1	-1	-1	-1	2	2012	1
NS18422G	4	9	-1	-1	-1	-1	3	2011	13
NS18422G	5	1	1	-1	-1	-1	1	2010	1
NS18422G	6	5	-1	1	3	-1	3	2009	6
NS18424J	1	5	-1	1	3	-1	2	2009	6
NS18425K	1	5	-1	1	3	-1	9	2008	6
NS18426L	1	1	1	-1	-1	-1	12	2011	1
NS18426L	2	5	-1	1	3	-1	9	2008	6
NS18433C	1	5	-1	1	2	-1	1	2007	6
NS18433C	2	4	-1	-1	-1	-1	7	2006	5
NS18435E	1	5	-1	1	3	-1	9	2008	6
NS18448C	1	3	1	-1	-1	-1	9	2015	11
NS18448C	2	1	1	-1	-1	-1	9	2013	1
NS18448C	3	5	-1	1	3	-1	10	2009	6
NS18449D	1	1	1	-1	-1	-1	9	2014	1
NS18449D	2	5	-1	1	3	-1	9	2013	6
NS18449D	3	3	1	-1	-1	-1	10	2011	11
NS18449D	4	5	-1	1	3	-1	9	2008	6
NS18450N	1	5	-1	1	3	-1	9	2010	6
NS18450N	2	10	-1	-1	-1	-1	9	2007	14
NS18450N	3	5	-1	1	1	-1	9	2003	6
NS18451P	1	5	-1	1	3	-1	9	2010	6
NS18451P	2	5	-1	1	1	-1	-8	2007	6
NS18456V	1	5	-1	1	3	-1	9	2008	6
NS18456V	2	5	-1	1	2	-1	9	2006	6
NS18457W	1	1	1	-1	-1	-1	11	2009	1
NS18457W	2	1	1	-1	-1	-1	9	2007	1
NS18459Y	1	5	-1	2	2	-1	9	2015	7
NS18459Y	2	1	2	-1	-1	-1	4	2014	2
NS18459Y	3	5	-1	1	2	-1	9	2011	6
NS18459Y	4	6	1	-1	-1	-1	7	2007	12
NS18464M	1	1	1	-1	-1	-1	5	2010	1
NS18465N	1	1	1	-1	-1	-1	1	2012	1
NS18465N	2	1	1	-1	-1	-1	8	2010	1
NS18465N	3	5	-1	1	2	-1	8	2008	6
NS18467Q	1	4	-1	-1	-1	-1	9	2015	5
NS18467Q	2	1	1	-1	-1	-1	10	2014	1
NS18467Q	3	1	2	-1	-1	-1	1	2014	2
NS18467Q	4	1	1	-1	-1	-1	10	2012	1
NS18467Q	5	5	-1	1	3	-1	9	2009	6
NS18467Q	6	5	-1	1	2	-1	9	2006	6
NS18468R	1	5	-1	1	3	-1	4	2012	6
NS18468R	2	1	2	-1	-1	-1	5	2010	2
NS18471D	1	1	2	-1	-1	-1	3	2015	2
NS18471D	2	1	2	-1	-1	-1	-8	2012	2
NS18471D	3	10	-1	-1	-1	-1	1	2011	14
NS18471D	4	5	-1	1	3	-1	9	2008	6
NS18474G	1	1	1	-1	-1	-1	1	2013	1
NS18474G	2	5	-1	2	2	-1	9	2011	7
NS18474G	3	1	1	-1	-1	-1	6	2010	1
NS18476J	1	2	1	-1	-1	-1	1	2010	3
NS18478L	1	5	-1	1	3	-1	9	2013	6
NS18478L	2	1	1	-1	-1	-1	9	2012	1
NS18478L	3	5	-1	1	3	-1	9	2008	6
NS18480X	1	1	1	-1	-1	-1	1	2012	1
NS18480X	2	4	-1	-1	-1	-1	11	2011	5
NS18480X	3	2	1	-1	-1	-1	12	2010	3
NS18480X	4	4	-1	-1	-1	-1	4	2010	5
NS18481Y	1	4	-1	-1	-1	-1	11	2014	5
NS18481Y	2	1	1	-1	-1	-1	4	2014	1
NS18481Y	3	2	2	-1	-1	-1	12	2013	4
NS18481Y	4	4	1	-1	-1	-1	10	2013	5
NS18481Y	5	1	1	-1	-1	-1	7	2013	1
NS18481Y	6	1	1	-1	-1	-1	10	2012	1
NS18481Y	7	1	1	-1	-1	-1	9	2012	1
NS18481Y	8	1	1	-1	-1	-1	10	2011	1
NS18481Y	9	4	-1	-1	-1	-1	7	2010	5
NS18481Y	10	1	2	-1	-1	-1	-1	-1	2
NS18486D	1	5	-1	1	3	-1	9	2008	6
NS18489G	1	1	1	-1	-1	-1	4	2014	1
NS18489G	2	1	2	-1	-1	-1	9	2013	2
NS18489G	3	1	1	-1	-1	-1	5	2013	1
NS18489G	4	10	-1	-1	-1	-1	1	2013	14
NS18489G	5	1	1	-1	-1	-1	5	2012	1
NS18489G	6	5	-1	1	3	-1	9	2011	6
NS18489G	7	5	-1	1	3	-1	9	2008	6
NS18490R	1	9	-1	-1	-1	-1	5	2010	13
NS18491S	1	2	2	-1	-1	-1	2	2010	4
NS18492T	1	1	1	-1	-1	-1	10	2012	1
NS18492T	2	2	1	-1	-1	-1	8	2010	3
NS18493V	1	1	1	-1	-1	-1	1	2012	1
NS18493V	2	1	2	-1	-1	-1	9	2011	2
NS18493V	3	5	-1	1	3	-1	9	2008	6
NS18494W	1	1	1	-1	-1	-1	3	2012	1
NS18494W	2	1	1	-1	-1	-1	4	2011	1
NS18494W	3	5	-1	1	3	-1	-8	-8	6
NS18496Y	1	1	1	-1	-1	-1	2	2012	1
NS18496Y	2	1	1	-1	-1	-1	9	2010	1
NS18496Y	3	1	1	-1	-1	-1	1	2009	1
NS18499B	1	1	1	-1	-1	-1	6	2014	1
NS18499B	2	1	2	-1	-1	-1	6	2007	2
NS18500S	1	5	-1	1	3	-1	9	2012	6
NS18500S	2	5	-1	1	3	-1	9	2009	6
NS18501T	1	5	-1	1	3	-1	9	2010	6
NS18501T	2	5	-1	1	1	-1	9	-8	6
NS18503W	1	5	-1	1	3	-1	1	2009	6
NS18504X	1	5	-1	1	3	-1	9	2009	6
NS18505Y	1	4	-1	-1	-1	-1	3	2014	5
NS18505Y	2	1	2	-1	-1	-1	9	2013	2
NS18505Y	3	4	-1	-1	-1	-1	11	2012	5
NS18505Y	4	5	-1	1	3	-1	9	2008	6
NS18506Z	1	1	1	-1	-1	-1	8	2004	1
NS18507A	1	5	-1	1	4	-1	9	2013	6
NS18507A	2	5	-1	1	3	-1	9	2008	6
NS18508B	1	3	2	-1	-1	-1	1	2015	11
NS18508B	2	3	2	-1	-1	-1	1	2015	11
NS18508B	3	5	-1	2	3	-1	1	2014	7
NS18508B	4	10	-1	-1	-1	-1	1	2013	14
NS18508B	5	9	-1	-1	-1	-1	1	2012	13
NS18508B	6	5	-1	1	2	-1	1	2009	6
NS18509C	1	1	2	-1	-1	-1	10	2012	2
NS18509C	2	3	2	-1	-1	-1	7	2012	11
NS18509C	3	5	-1	1	3	-1	9	2009	6
NS18513Q	1	1	1	-1	-1	-1	5	2006	1
NS18514R	1	1	1	-1	-1	-1	10	2009	1
NS18515S	1	5	-1	1	3	-1	10	2013	6
NS18515S	2	3	1	-1	-1	-1	5	2013	11
NS18515S	3	4	-1	-1	-1	-1	8	2012	5
NS18515S	4	1	2	-1	-1	-1	8	2011	2
NS18515S	5	5	-1	1	3	-1	9	2009	6
NS18517V	1	4	-1	-1	-1	-1	10	2008	5
NS18517V	2	1	2	-1	-1	-1	7	2007	2
NS18517V	3	7	-1	-1	-1	-1	2	2007	8
NS18517V	4	4	-1	-1	-1	-1	10	2006	5
NS18517V	5	5	-1	1	2	-1	9	2006	6
NS18518W	1	1	1	-1	-1	-1	2	2015	1
NS18518W	2	1	1	-1	-1	-1	1	2014	1
NS18518W	3	1	1	-1	-1	-1	1	2012	1
NS18518W	4	1	1	-1	-1	-1	3	2011	1
NS18518W	5	1	2	-1	-1	-1	1	2011	2
NS18518W	6	1	2	-1	-1	-1	8	2010	2
NS18518W	7	10	-1	-1	-1	-1	3	2010	14
NS18519X	1	1	1	-1	-1	-1	1	2013	1
NS18519X	2	1	1	-1	-1	-1	8	2008	1
NS18524L	1	1	1	-1	-1	-1	11	2014	1
NS18524L	2	1	1	-1	-1	-1	6	2007	1
NS18526N	1	1	1	-1	-1	-1	9	2014	1
NS18526N	2	1	1	-1	-1	-1	11	2011	1
NS18526N	3	5	-1	1	3	-1	9	2008	6
NS18527P	1	1	1	-1	-1	-1	2	2014	1
NS18527P	2	1	2	-1	-1	-1	11	2011	2
NS18527P	3	4	-1	-1	-1	-1	5	2011	5
NS18527P	4	5	-1	1	3	-1	9	2008	6
NS18534F	1	1	1	-1	-1	-1	3	2015	1
NS18534F	2	1	1	-1	-1	-1	3	2014	1
NS18534F	3	1	1	-1	-1	-1	3	2013	1
NS18534F	4	5	-1	1	3	-1	9	2008	6
NS18535G	1	7	-1	-1	-1	-1	-8	2011	8
NS18535G	2	3	2	-1	-1	-1	8	2011	11
NS18535G	3	5	-1	1	2	-1	9	2006	6
NS18541X	1	1	1	-1	-1	-1	10	2012	1
NS18541X	2	1	1	-1	-1	-1	10	2011	1
NS18541X	3	1	1	-1	-1	-1	10	2006	1
NS18542Y	1	1	1	-1	-1	-1	9	2013	1
NS18542Y	2	1	2	-1	-1	-1	11	2010	2
NS18542Y	3	1	1	-1	-1	-1	9	2009	1
NS18545B	1	5	-1	1	3	-1	9	2013	6
NS18545B	2	1	1	-1	-1	-1	2	2013	1
NS18545B	3	4	-1	-1	-1	-1	11	2012	5
NS18545B	4	1	1	-1	-1	-1	5	2012	1
NS18545B	5	4	-1	-1	-1	-1	12	2011	5
NS18545B	6	1	1	-1	-1	-1	9	2011	1
NS18545B	7	10	-1	-1	-1	-1	7	2011	14
NS18545B	8	5	-1	1	3	-1	9	2008	6
NS18546C	1	1	1	-1	-1	-1	4	2013	1
NS18546C	2	3	2	-1	-1	-1	1	2013	11
NS18546C	3	1	1	-1	-1	-1	10	2012	1
NS18546C	4	1	2	-1	-1	-1	7	2012	2
NS18546C	5	5	-1	1	3	-1	9	2009	6
NS18547D	1	1	2	-1	-1	-1	3	2009	2
NS18548E	1	1	2	-1	-1	-1	10	2008	2
NS18552S	1	4	2	-1	-1	-1	11	2015	5
NS18552S	2	1	2	-1	-1	-1	8	2015	2
NS18552S	3	4	2	-1	-1	-1	6	2015	5
NS18552S	4	1	1	-1	-1	-1	8	2014	1
NS18552S	5	4	-1	-1	-1	-1	6	2014	5
NS18552S	6	1	2	-1	-1	-1	6	2014	2
NS18552S	7	1	1	-1	-1	-1	3	2014	1
NS18552S	8	4	-1	-1	-1	-1	1	2014	5
NS18552S	9	1	2	-1	-1	-1	4	2013	2
NS18552S	10	4	-1	-1	-1	-1	12	2012	5
NS18552S	11	1	1	-1	-1	-1	6	2012	1
NS18552S	12	4	-1	-1	-1	-1	4	2012	5
NS18552S	13	1	2	-1	-1	-1	1	2012	2
NS18552S	14	4	-1	-1	-1	-1	10	2011	5
NS18552S	15	1	2	-1	-1	-1	4	2011	2
NS18552S	16	4	-1	-1	-1	-1	2	2011	5
NS18552S	17	1	2	-1	-1	-1	9	2010	2
NS18552S	18	4	-1	-1	-1	-1	7	2010	5
NS18552S	19	1	1	-1	-1	-1	2	2010	1
NS18552S	20	4	-1	-1	-1	-1	11	2009	5
NS18553T	1	4	-1	-1	-1	-1	6	2006	5
NS18557Y	1	2	1	-1	-1	-1	3	2009	3
NS18559A	1	1	2	-1	-1	-1	7	2012	2
NS18559A	2	5	-1	1	3	-1	9	2008	6
NS18561L	1	1	1	-1	-1	-1	10	2014	1
NS18561L	2	1	1	-1	-1	-1	4	2014	1
NS18561L	3	5	-1	1	3	-1	9	2013	6
NS18561L	4	1	1	-1	-1	-1	10	2008	1
NS18561L	5	5	-1	1	2	-1	9	2006	6
NS18563N	1	4	-1	-1	-1	-1	10	2014	5
NS18563N	2	4	-1	-1	-1	-1	1	2014	5
NS18563N	3	7	-1	-1	-1	-1	7	2010	8
NS18563N	4	8	-1	-1	-1	2	1	2010	10
NS18564P	1	4	-1	-1	-1	-1	5	2015	5
NS18564P	2	1	1	-1	-1	-1	7	2014	1
NS18564P	3	1	1	-1	-1	-1	11	2011	1
NS18564P	4	4	-1	-1	-1	-1	7	2011	5
NS18564P	5	6	1	-1	-1	-1	9	2010	12
NS18564P	6	4	-1	-1	-1	-1	-8	-8	5
NS18566R	1	1	2	-1	-1	-1	3	2015	2
NS18566R	2	4	-1	-1	-1	-1	11	2014	5
NS18566R	3	10	-1	-1	-1	-1	11	2013	14
NS18566R	4	4	-1	-1	-1	-1	8	2013	5
NS18566R	5	1	2	-1	-1	-1	1	2012	2
NS18566R	6	4	-1	-1	-1	-1	11	2011	5
NS18566R	7	4	-1	-1	-1	-1	10	2010	5
NS18566R	8	4	-1	-1	-1	-1	11	2009	5
NS18568T	1	5	-1	1	4	-1	9	2006	6
NS18569V	1	5	-1	1	3	-1	9	2008	6
NS18573H	1	1	1	-1	-1	-1	3	2013	1
NS18573H	2	1	1	-1	-1	-1	9	2011	1
NS18573H	3	1	1	-1	-1	-1	9	2008	1
NS18573H	4	4	-1	-1	-1	-1	3	2008	5
NS18573H	5	1	1	-1	-1	-1	11	2007	1
NS18573H	6	1	2	-1	-1	-1	8	2007	2
NS18573H	7	1	2	-1	-1	-1	7	2007	2
NS18573H	8	5	-1	1	2	-1	9	2006	6
NS18577M	1	1	1	-1	-1	-1	11	2012	1
NS18577M	2	1	1	-1	-1	-1	7	2011	1
NS18577M	3	5	-1	1	3	-1	9	2008	6
NS18577M	4	5	-1	1	1	-1	9	2001	6
NS18579P	1	4	-1	-1	-1	-1	10	2013	5
NS18579P	2	1	1	-1	-1	-1	6	2012	1
NS18579P	3	1	1	-1	-1	-1	2	2012	1
NS18579P	4	1	2	-1	-1	-1	1	2012	2
NS18579P	5	1	2	-1	-1	-1	11	2011	2
NS18579P	6	4	-1	-1	-1	-1	9	2011	5
NS18579P	7	1	2	-1	-1	-1	7	2011	2
NS18579P	8	4	-1	-1	-1	-1	5	2010	5
NS18579P	9	5	-1	1	3	-1	9	2009	6
NS18579P	10	4	-1	-1	-1	-1	6	2009	5
NS18579P	11	5	-1	1	2	-1	9	2006	6
NS18581A	1	1	1	-1	-1	-1	5	2012	1
NS18581A	2	1	2	-1	-1	-1	5	2009	2
NS18582B	1	1	1	-1	-1	-1	12	2010	1
NS18582B	2	1	1	-1	-1	-1	6	2008	1
NS18586F	1	1	2	-1	-1	-1	6	2012	2
NS18586F	2	4	-1	-1	-1	-1	5	2012	5
NS18586F	3	1	2	-1	-1	-1	10	2011	2
NS18586F	4	1	2	-1	-1	-1	6	2010	2
NS18589J	1	1	1	-1	-1	-1	9	2013	1
NS18589J	2	5	-1	1	3	-1	9	2012	6
NS18589J	3	5	-1	1	3	-1	9	2009	6
NS18593X	1	1	1	-1	-1	-1	4	2014	1
NS18593X	2	1	1	-1	-1	-1	3	2014	1
NS18593X	3	1	1	-1	-1	-1	10	2013	1
NS18593X	4	1	1	-1	-1	-1	8	2012	1
NS18593X	5	1	1	-1	-1	-1	2	2012	1
NS18593X	6	1	1	-1	-1	-1	7	2011	1
NS18593X	7	5	-1	1	3	-1	9	2008	6
NS18593X	8	5	-1	1	1	-1	9	2001	6
NS18596A	1	1	1	-1	-1	-1	6	2006	1
NS18597B	1	5	-1	1	3	-1	9	2012	6
NS18597B	2	5	-1	1	2	-1	9	2010	6
NS18597B	3	5	-1	1	1	-1	9	2005	6
NS18599D	1	1	2	-1	-1	-1	10	2010	2
NS18599D	2	5	-1	1	2	-1	9	2006	6
NS18601W	1	5	-1	1	3	-1	9	2008	6
NS18602X	1	1	1	-1	-1	-1	12	2012	1
NS18602X	2	1	1	-1	-1	-1	1	2012	1
NS18602X	3	1	1	-1	-1	-1	8	2006	1
NS18603Y	1	1	1	-1	-1	-1	4	2011	1
NS18603Y	2	1	1	-1	-1	-1	11	2010	1
NS18603Y	3	1	1	-1	-1	-1	2	2009	1
NS18604Z	1	1	1	-1	-1	-1	6	2013	1
NS18604Z	2	4	-1	-1	-1	-1	3	2013	5
NS18604Z	3	1	2	-1	-1	-1	10	2012	2
NS18604Z	4	9	-1	-1	-1	-1	6	2011	13
NS18604Z	5	5	-1	1	3	-1	9	2008	6
NS18604Z	6	5	-1	1	2	-1	9	2006	6
NS18605A	1	5	-1	1	3	-1	9	2010	6
NS18605A	2	5	-1	1	2	-1	9	2007	6
NS18606B	1	5	-1	1	3	-1	9	2012	6
NS18606B	2	4	-1	-1	-1	-1	7	2011	5
NS18606B	3	5	-1	1	3	-1	9	2010	6
NS18606B	4	4	-1	-1	-1	-1	7	2009	5
NS18606B	5	5	-1	1	2	-1	9	2006	6
NS18607C	1	1	1	-1	-1	-1	8	2013	1
NS18607C	2	1	1	-1	-1	-1	6	2013	1
NS18607C	3	5	-1	1	3	-1	9	2000	6
NS18609E	1	5	-1	1	3	-1	9	2009	6
NS18618Y	1	5	-1	1	3	-1	9	2009	6
NS18620J	1	1	1	-1	-1	-1	1	2013	1
NS18620J	2	4	-1	-1	-1	-1	5	2012	5
NS18620J	3	1	1	-1	-1	-1	11	2009	1
NS18622L	1	4	-1	-1	-1	-1	3	2013	5
NS18622L	2	1	1	-1	-1	-1	11	2010	1
NS18622L	3	4	-1	-1	-1	-1	2	2010	5
NS18623M	1	5	-1	1	3	-1	9	2008	6
NS18628S	1	1	2	-1	-1	-1	2	2014	2
NS18628S	2	1	1	-1	-1	-1	2	2012	1
NS18628S	3	4	-1	-1	-1	-1	7	2011	5
NS18628S	4	5	-1	1	3	-1	10	2008	6
NS18632F	1	1	1	-1	-1	-1	10	2014	1
NS18632F	2	5	-1	1	3	-1	10	2009	6
NS18638M	1	1	1	-1	-1	-1	4	2014	1
NS18638M	2	1	1	-1	-1	-1	11	2012	1
NS18638M	3	1	1	-1	-1	-1	7	2011	1
NS18638M	4	5	-1	1	3	-1	9	2008	6
NS18639N	1	4	-1	-1	-1	-1	4	2013	5
NS18639N	2	1	1	-1	-1	-1	1	2013	1
NS18639N	3	3	2	-1	-1	-1	9	2012	11
NS18639N	4	1	1	-1	-1	-1	1	2012	1
NS18639N	5	1	1	-1	-1	-1	1	2012	1
NS18639N	6	5	-1	1	4	-1	1	2011	6
NS18639N	7	4	-1	-1	-1	-1	1	2010	5
NS18639N	8	1	1	-1	-1	-1	9	2009	1
NS18639N	9	4	-1	-1	-1	-1	4	2009	5
NS18641Z	1	1	2	-1	-1	-1	11	2008	2
NS18641Z	2	1	2	-1	-1	-1	2	2007	2
NS18641Z	3	5	-1	1	1	-1	9	1993	6
NS18647F	1	5	-1	1	2	-1	9	2012	6
NS18647F	2	5	-1	1	2	-1	9	2011	6
NS18647F	3	10	-1	-1	-1	-1	7	2007	14
NS18650S	1	1	1	-1	-1	-1	5	2013	1
NS18650S	2	5	-1	1	3	-1	10	2010	6
NS18650S	3	5	-1	1	2	-1	10	2009	6
NS18651T	1	1	1	-1	-1	-1	6	2014	1
NS18651T	2	1	1	-1	-1	-1	10	2012	1
NS18651T	3	4	-1	-1	-1	-1	8	2012	5
NS18651T	4	1	1	-1	-1	-1	4	2012	1
NS18651T	5	4	-1	-1	-1	-1	3	2012	5
NS18651T	6	1	1	-1	-1	-1	1	2012	1
NS18651T	7	4	-1	-1	-1	-1	8	2011	5
NS18651T	8	5	-1	1	3	-1	9	2008	6
NS18653W	1	1	1	-1	-1	-1	12	2013	1
NS18653W	2	4	-1	-1	-1	-1	9	2013	5
NS18653W	3	1	2	-1	-1	-1	-8	2012	2
NS18653W	4	1	1	-1	-1	-1	-8	2011	1
NS18653W	5	1	2	-1	-1	-1	6	2008	2
NS18655Y	1	1	1	-1	-1	-1	11	2008	1
NS18657A	1	1	1	-1	-1	-1	12	2014	1
NS18657A	2	5	-1	1	3	-1	9	2013	6
NS18657A	3	5	-1	1	3	-1	9	2009	6
NS18658B	1	1	1	-1	-1	-1	7	2012	1
NS18658B	2	5	-1	1	3	-1	9	2008	6
NS18658B	3	5	-1	1	2	-1	9	2006	6
NS18660M	1	2	1	-1	-1	-1	1	2011	3
NS18660M	2	2	2	-1	-1	-1	9	2008	4
NS18662P	1	1	1	-1	-1	-1	11	2011	1
NS18662P	2	5	-1	1	3	-1	9	2009	6
NS18665S	1	10	-1	-1	-1	-1	12	2011	14
NS18665S	2	1	1	-1	-1	-1	8	2006	1
NS18671H	1	10	-1	-1	-1	-1	3	2016	14
NS18671H	2	1	1	-1	-1	-1	10	2014	1
NS18671H	3	4	-1	-1	-1	-1	8	2014	5
NS18671H	4	1	1	-1	-1	-1	4	2008	1
NS18671H	5	5	-1	1	2	-1	9	2006	6
NS18672J	1	5	-1	1	2	-1	9	2006	6
NS18674L	1	4	-1	-1	-1	-1	1	2012	5
NS18674L	2	4	-1	-1	-1	-1	1	2011	5
NS18674L	3	4	-1	-1	-1	-1	4	2009	5
NS18677P	1	1	1	-1	-1	-1	3	2010	1
NS18677P	2	1	1	-1	-1	-1	8	2009	1
NS18677P	3	1	1	-1	-1	-1	12	2008	1
NS18677P	4	1	1	-1	-1	-1	2	2008	1
NS18677P	5	1	1	-1	-1	-1	3	2007	1
NS18677P	6	1	1	-1	-1	-1	8	2006	1
NS18678Q	1	1	1	-1	-1	-1	5	2015	1
NS18678Q	2	3	1	-1	-1	-1	8	2014	11
NS18678Q	3	1	1	-1	-1	-1	1	2012	1
NS18678Q	4	1	1	-1	-1	-1	5	2008	1
NS18678Q	5	5	-1	1	1	-1	9	2006	6
NS18684F	1	1	1	-1	-1	-1	4	2014	1
NS18684F	2	1	1	-1	-1	-1	8	2012	1
NS18684F	3	1	2	-1	-1	-1	9	2011	2
NS18684F	4	1	1	-1	-1	-1	5	2011	1
NS18684F	5	4	-1	-1	-1	-1	1	2010	5
NS18684F	6	10	-1	-1	-1	-1	4	2009	14
NS18684F	7	1	1	-1	-1	-1	7	2008	1
NS18684F	8	6	1	-1	-1	-1	7	2006	12
NS18685G	1	4	-1	-1	-1	-1	4	2012	5
NS18685G	2	7	-1	-1	-1	-1	1	2011	8
NS18685G	3	4	-1	-1	-1	-1	8	2008	5
NS18685G	4	6	1	-1	-1	-1	8	2005	12
NS18686H	1	1	1	-1	-1	-1	9	2012	1
NS18686H	2	5	-1	1	3	-1	9	2009	6
NS18687J	1	5	-1	1	3	-1	9	2008	6
NS18688K	1	1	1	-1	-1	-1	8	2012	1
NS18688K	2	5	-1	1	3	-1	9	2010	6
NS18688K	3	5	-1	1	3	-1	9	2009	6
NS18689L	1	1	2	-1	-1	-1	9	2011	2
NS18689L	2	9	-1	-1	-1	-1	1	2008	13
NS18689L	3	4	-1	-1	-1	-1	9	2006	5
NS18692Y	1	2	2	-1	-1	-1	11	2013	4
NS18692Y	2	5	-1	1	3	-1	9	2009	6
NS18693Z	1	1	1	-1	-1	-1	2	2013	1
NS18693Z	2	1	1	-1	-1	-1	9	2011	1
NS18693Z	3	5	-1	1	3	-1	9	2008	6
NS18693Z	4	5	-1	1	2	-1	9	2006	6
NS18694A	1	10	-1	-1	-1	-1	3	2008	14
NS18695B	1	1	2	-1	-1	-1	4	2014	2
NS18695B	2	1	1	-1	-1	-1	8	2012	1
NS18695B	3	4	-1	-1	-1	-1	11	2011	5
NS18695B	4	7	-1	-1	-1	-1	7	2011	8
NS18695B	5	4	-1	-1	-1	-1	5	2010	5
NS18695B	6	1	1	-1	-1	-1	11	2008	1
NS18695B	7	4	-1	-1	-1	-1	9	2007	5
NS18697D	1	1	1	-1	-1	-1	3	2001	1
NS18698E	1	1	1	-1	-1	-1	6	2009	1
NS18698E	2	6	1	-1	-1	-1	6	2008	12
NS18698E	3	1	1	-1	-1	-1	9	2006	1
NS18699F	1	1	1	-1	-1	-1	9	2009	1
NS18699F	2	5	-1	1	1	-1	9	1993	6
NS18701Y	1	1	1	-1	-1	-1	11	2009	1
NS18701Y	2	1	1	-1	-1	-1	11	2008	1
NS18701Y	3	5	-1	1	2	-1	9	2006	6
NS18708F	1	5	-1	1	3	-1	9	2008	6
NS18709G	1	1	1	-1	-1	-1	12	2013	1
NS18709G	2	5	-1	1	3	-1	9	2008	6
NS18709G	3	5	-1	1	1	-1	9	2006	6
NS18710R	1	1	1	-1	-1	-1	5	2012	1
NS18710R	2	1	2	-1	-1	-1	6	2011	2
NS18710R	3	5	-1	1	3	-1	9	2008	6
NS18715X	1	1	1	-1	-1	-1	6	2014	1
NS18715X	2	5	-1	1	3	-1	9	2013	6
NS18715X	3	1	1	-1	-1	-1	6	2013	1
NS18715X	4	1	2	-1	-1	-1	9	2012	2
NS18715X	5	1	1	-1	-1	-1	6	2012	1
NS18715X	6	5	-1	1	3	-1	9	2009	6
NS18716Y	1	1	1	-1	-1	-1	10	2011	1
NS18716Y	2	1	1	-1	-1	-1	5	2008	1
NS18717Z	1	1	2	-1	-1	-1	10	2011	2
NS18717Z	2	4	-1	-1	-1	-1	1	2011	5
NS18717Z	3	5	-1	1	3	-1	1	2009	6
NS18718A	1	4	-1	-1	-1	-1	4	2014	5
NS18718A	2	1	1	-1	-1	-1	12	2011	1
NS18718A	3	1	1	-1	-1	-1	7	2011	1
NS18718A	4	5	-1	1	3	-1	9	2008	6
NS18719B	1	5	-1	1	3	-1	9	2009	6
NS18720L	1	2	2	-1	-1	-1	3	2010	4
NS18720L	2	5	-1	1	2	-1	9	2008	6
NS18722N	1	1	1	-1	-1	-1	8	2006	1
NS18725R	1	1	1	-1	-1	-1	11	2010	1
NS18725R	2	1	1	-1	-1	-1	9	2008	1
NS18730F	1	1	1	-1	-1	-1	1	2010	1
NS18731G	1	4	-1	-1	-1	-1	7	2012	5
NS18731G	2	5	-1	1	3	-1	9	2009	6
NS18731G	3	1	2	-1	-1	-1	11	2008	2
NS18733J	1	5	-1	1	3	-1	9	2009	6
NS18736M	1	4	-1	-1	-1	-1	2	2011	5
NS18736M	2	1	2	-1	-1	-1	2	2010	2
NS18736M	3	4	-1	-1	-1	-1	12	2009	5
NS18736M	4	1	1	-1	-1	-1	7	2008	1
NS18737N	1	1	1	-1	-1	-1	1	2013	1
NS18737N	2	1	1	-1	-1	-1	1	2013	1
NS18737N	3	5	-1	1	3	-1	9	2009	6
NS18741B	1	1	1	-1	-1	-1	8	2006	1
NS18742C	1	1	1	-1	-1	-1	2	2016	1
NS18742C	2	10	-1	-1	-1	-1	2	2015	14
NS18742C	3	1	1	-1	-1	-1	1	2012	1
NS18742C	4	5	-1	1	3	-1	9	2009	6
NS18742C	5	5	-1	1	1	-1	2	2000	6
NS18744E	1	5	-1	1	3	-1	10	2008	6
NS18751W	1	5	-1	1	3	-1	10	2009	6
NS18751W	2	5	-1	1	2	-1	9	2006	6
NS18752X	1	1	2	-1	-1	-1	10	2014	2
NS18752X	2	1	2	-1	-1	-1	6	2009	2
NS18752X	3	5	-1	1	2	-1	9	2006	6
NS18754Z	1	1	1	-1	-1	-1	7	2014	1
NS18754Z	2	1	1	-1	-1	-1	11	2013	1
NS18754Z	3	1	1	-1	-1	-1	7	2013	1
NS18754Z	4	1	1	-1	-1	-1	7	2012	1
NS18754Z	5	10	-1	-1	-1	-1	-9	-9	14
NS18758D	1	1	1	-1	-1	-1	2	2011	1
NS18758D	2	5	-1	1	2	-1	9	2009	6
NS18765V	1	4	-1	-1	-1	-1	4	2016	5
NS18765V	2	4	-1	-1	-1	-1	4	2016	5
NS18765V	3	4	-1	-1	-1	-1	4	2016	5
NS18765V	4	10	-1	-1	-1	-1	3	2015	14
NS18765V	5	4	-1	-1	-1	-1	4	2014	5
NS18765V	6	5	-1	1	2	-1	9	2013	6
NS18765V	7	5	-1	1	1	-1	9	2004	6
NS18768Y	1	1	1	-1	-1	-1	1	2012	1
NS18768Y	2	4	-1	-1	-1	-1	7	2011	5
NS18768Y	3	5	-1	1	3	-1	9	2008	6
NS18769Z	1	1	2	-1	-1	-1	7	2012	2
NS18769Z	2	5	-1	1	3	-1	9	2009	6
NS18770J	1	1	1	-1	-1	-1	9	2012	1
NS18770J	2	1	1	-1	-1	-1	9	2012	1
NS18770J	3	1	1	-1	-1	-1	7	2009	1
NS18771K	1	1	1	-1	-1	-1	9	2006	1
NS18772L	1	5	-1	1	3	-1	9	2008	6
NS18774N	1	5	-1	2	2	-1	9	2010	7
NS18774N	2	10	-1	-1	-1	-1	-8	-8	14
NS18776Q	1	1	1	-1	-1	-1	10	2012	1
NS18776Q	2	1	1	-1	-1	-1	9	2010	1
NS18776Q	3	5	-1	1	3	-1	9	2008	6
NS18779T	1	1	1	-1	-1	-1	11	2007	1
NS18780D	1	1	1	-1	-1	-1	4	2012	1
NS18780D	2	1	1	-1	-1	-1	1	2009	1
NS18783G	1	1	2	-1	-1	-1	9	2008	2
NS18784H	1	1	1	-1	-1	-1	6	2010	1
NS18784H	2	4	-1	-1	-1	-1	6	2008	5
NS18784H	3	5	-1	1	3	-1	10	2007	6
NS18784H	4	5	-1	1	1	-1	1	2003	6
NS18785J	1	1	2	-1	-1	-1	4	2010	2
NS18787L	1	1	1	-1	-1	-1	-8	2013	1
NS18787L	2	5	-1	1	2	-1	9	2006	6
NS18794C	1	5	-1	1	1	-1	9	-8	6
NS18795D	1	1	2	-1	-1	-1	8	2015	2
NS18795D	2	4	-1	-1	-1	-1	6	2014	5
NS18795D	3	1	2	-1	-1	-1	2	2013	2
NS18795D	4	4	-1	-1	-1	-1	9	2012	5
NS18795D	5	1	1	-1	-1	-1	5	2010	1
NS18795D	6	1	2	-1	-1	-1	6	2009	2
NS18795D	7	4	-1	-1	-1	-1	5	2008	5
NS18795D	8	1	1	-1	-1	-1	2	2006	1
NS18798G	1	1	1	-1	-1	-1	7	2011	1
NS18798G	2	5	-1	1	3	-1	9	2008	6
NS18800Z	1	1	1	-1	-1	-1	11	2014	1
NS18800Z	2	10	-1	-1	-1	-1	11	2011	14
NS18800Z	3	1	1	-1	-1	-1	9	2006	1
NS18802B	1	4	-1	-1	-1	-1	3	2015	5
NS18802B	2	1	1	-1	-1	-1	7	2014	1
NS18802B	3	5	-1	1	3	-1	10	2010	6
NS18802B	4	4	-1	-1	-1	-1	2	2010	5
NS18807G	1	1	1	-1	-1	-1	7	2012	1
NS18807G	2	4	-1	-1	-1	-1	3	2012	5
NS18807G	3	1	1	-1	-1	-1	9	2009	1
NS18808H	1	5	-1	2	2	-1	1	2012	7
NS18808H	2	9	-1	-1	-1	-1	5	2011	13
NS18808H	3	1	1	-1	-1	-1	9	2008	1
NS18809J	1	1	1	-1	-1	-1	3	2009	1
NS18810T	1	1	1	-1	-1	-1	10	2014	1
NS18810T	2	4	-1	-1	-1	-1	7	2014	5
NS18810T	3	1	1	-1	-1	-1	10	2013	1
NS18810T	4	5	-1	2	4	-1	4	2013	7
NS18810T	5	4	-1	-1	-1	-1	7	2012	5
NS18810T	6	5	-1	1	3	-1	9	2009	6
NS18816A	1	1	1	-1	-1	-1	10	2014	1
NS18816A	2	4	-1	-1	-1	-1	7	2014	5
NS18816A	3	1	2	-1	-1	-1	4	2013	2
NS18816A	4	1	1	-1	-1	-1	8	2012	1
NS18816A	5	5	-1	1	3	-1	9	2009	6
NS18817B	1	10	-1	-1	-1	-1	6	2015	14
NS18817B	2	1	2	-1	-1	-1	6	2015	2
NS18817B	3	1	2	-1	-1	-1	4	2014	2
NS18817B	4	1	2	-1	-1	-1	10	-9	2
NS18824S	1	1	1	-1	-1	-1	11	2012	1
NS18824S	2	1	1	-1	-1	-1	9	2011	1
NS18824S	3	5	-1	1	3	-1	9	2008	6
NS18825T	1	1	1	-1	-1	-1	11	2013	1
NS18825T	2	10	-1	-1	-1	-1	2	2013	14
NS18825T	3	1	1	-1	-1	-1	7	2012	1
NS18825T	4	5	-1	1	3	-1	9	2009	6
NS18829Y	1	5	-1	1	3	-1	9	2009	6
NS18830H	1	1	1	-1	-1	-1	4	2014	1
NS18830H	2	10	-1	-1	-1	-1	7	2013	14
NS18830H	3	10	-1	-1	-1	-1	9	2012	14
NS18830H	4	5	-1	1	2	-1	9	2011	6
NS18830H	5	4	-1	-1	-1	-1	9	2010	5
NS18830H	6	4	-1	-1	-1	-1	1	2010	5
NS18830H	7	4	-1	-1	-1	-1	3	2009	5
NS18830H	8	4	-1	-1	-1	-1	11	2008	5
NS18830H	9	4	-1	-1	-1	-1	5	2007	5
NS18832K	1	5	-1	1	3	-1	10	2008	6
NS18833L	1	4	-1	-1	-1	-1	7	2011	5
NS18833L	2	5	-1	1	3	-1	9	2008	6
NS18833L	3	5	-1	1	2	-1	9	2006	6
NS18835N	1	1	1	-1	-1	-1	5	2006	1
NS18837Q	1	1	2	-1	-1	-1	10	2008	2
NS18838R	1	1	2	-1	-1	-1	9	2006	2
NS18842E	1	1	1	-1	-1	-1	7	2014	1
NS18842E	2	1	1	-1	-1	-1	1	2012	1
NS18842E	3	1	1	-1	-1	-1	8	2010	1
NS18842E	4	1	1	-1	-1	-1	9	2007	1
NS18843F	1	5	-1	1	3	-1	10	2011	6
NS18843F	2	5	-1	1	3	-1	9	2008	6
NS18844G	1	5	-1	1	1	-1	9	2011	6
NS18844G	2	5	-1	1	1	-1	8	1995	6
NS18846J	1	1	2	-1	-1	-1	9	2011	2
NS18846J	2	4	-1	-1	-1	-1	1	2009	5
NS18847K	1	3	2	-1	-1	-1	8	2009	11
NS18847K	2	1	2	-1	-1	-1	8	2008	2
NS18847K	3	10	-1	-1	-1	-1	7	2008	14
NS18847K	4	10	-1	-1	-1	-1	5	2006	14
NS18849M	1	9	-1	-1	-1	-1	11	2012	13
NS18849M	2	1	1	-1	-1	-1	3	2012	1
NS18849M	3	1	2	-1	-1	-1	8	2010	2
NS18849M	4	1	1	-1	-1	-1	-8	-8	1
NS18851Y	1	1	1	-1	-1	-1	4	2014	1
NS18851Y	2	1	1	-1	-1	-1	5	2010	1
NS18851Y	3	5	-1	1	2	-1	9	2006	6
NS18852Z	1	8	-1	-1	-1	2	2	2014	10
NS18852Z	2	1	1	-1	-1	-1	8	2012	1
NS18852Z	3	3	2	-1	-1	-1	1	2012	11
NS18852Z	4	1	1	-1	-1	-1	9	2009	1
NS18853A	1	1	1	-1	-1	-1	1	2013	1
NS18853A	2	1	1	-1	-1	-1	6	2012	1
NS18853A	3	5	-1	1	3	-1	9	2009	6
NS18857E	1	1	1	-1	-1	-1	3	2009	1
NS18857E	2	1	2	-1	-1	-1	5	2007	2
NS18857E	3	5	-1	1	2	-1	9	2006	6
NS18860R	1	5	-1	1	3	-1	9	2008	6
NS18860R	2	5	-1	1	2	-1	9	2006	6
NS18862T	1	1	1	-1	-1	-1	2	2010	1
NS18863V	1	4	-1	-1	-1	-1	7	2012	5
NS18863V	2	5	-1	1	3	-1	9	2008	6
NS18868A	1	5	-1	1	2	-1	9	2006	6
NS18872N	1	1	1	-1	-1	-1	9	2008	1
NS18872N	2	5	-1	1	2	-1	9	2006	6
NS18877T	1	4	-1	-1	-1	-1	8	2012	5
NS18877T	2	5	-1	1	3	-1	9	2008	6
NS18877T	3	5	-1	1	2	-1	9	2006	6
NS18878V	1	1	1	-1	-1	-1	12	2012	1
NS18878V	2	5	-1	1	3	-1	9	2008	6
NS18882H	1	1	1	-1	-1	-1	3	2013	1
NS18882H	2	5	-1	1	3	-1	9	2010	6
NS18882H	3	4	-1	-1	-1	-1	7	2008	5
NS18883J	1	5	-1	1	3	-1	9	2008	6
NS18885L	1	1	1	-1	-1	-1	11	2011	1
NS18885L	2	1	1	-1	-1	-1	11	2010	1
NS18885L	3	1	1	-1	-1	-1	11	2009	1
NS18888P	1	1	1	-1	-1	-1	6	2007	1
NS18889Q	1	5	-1	1	2	-1	9	2006	6
NS18892C	1	4	-1	-1	-1	-1	4	2015	5
NS18892C	2	1	1	-1	-1	-1	11	2013	1
NS18892C	3	5	-1	1	3	-1	9	2010	6
NS18892C	4	8	-1	-1	-1	2	9	2009	10
NS18893D	1	5	-1	2	2	-1	9	2006	7
NS18894E	1	2	1	-1	-1	-1	6	2009	3
NS18894E	2	1	1	-1	-1	-1	9	2008	1
NS18895F	1	5	-1	1	3	-1	9	2008	6
NS18897H	1	1	1	-1	-1	-1	4	2012	1
NS18897H	2	10	-1	-1	-1	-1	1	2012	14
NS18897H	3	1	1	-1	-1	-1	9	2011	1
NS18897H	4	10	-1	-1	-1	-1	8	2011	14
NS18897H	5	1	2	-1	-1	-1	7	2011	2
NS18897H	6	5	-1	1	3	-1	9	2008	6
NS18898J	1	1	1	-1	-1	-1	5	2014	1
NS18898J	2	1	1	-1	-1	-1	2	2014	1
NS18898J	3	3	2	-1	-1	-1	5	2011	11
NS18898J	4	5	-1	1	3	-1	9	2008	6
NS18901C	1	8	-1	-1	-1	1	3	2012	9
NS18901C	2	1	1	-1	-1	-1	7	2009	1
NS18901C	3	1	1	-1	-1	-1	1	2008	1
NS18902D	1	1	2	-1	-1	-1	10	2007	2
NS18905G	1	4	-1	-1	-1	-1	6	2015	5
NS18905G	2	1	2	-1	-1	-1	11	2010	2
NS18905G	3	9	-1	-1	-1	-1	9	2009	13
NS18905G	4	5	-1	1	2	-1	9	2006	6
NS18906H	1	4	-1	-1	-1	-1	8	2014	5
NS18906H	2	1	1	-1	-1	-1	9	2009	1
NS18906H	3	4	-1	-1	-1	-1	11	2008	5
NS18906H	4	1	1	-1	-1	-1	9	2007	1
NS18906H	5	5	-1	1	2	-1	9	2006	6
NS18907J	1	9	-1	-1	-1	-1	1	2011	13
NS18907J	2	10	-1	-1	-1	-1	5	2009	14
NS18907J	3	1	2	-1	-1	-1	4	2007	2
NS18907J	4	1	2	-1	-1	-1	3	2000	2
NS18909L	1	5	-1	1	3	-1	9	2013	6
NS18909L	2	5	-1	1	3	-1	10	2008	6
NS18911X	1	1	1	-1	-1	-1	6	2010	1
NS18911X	2	1	2	-1	-1	-1	7	2008	2
NS18914A	1	1	1	-1	-1	-1	3	2013	1
NS18914A	2	1	1	-1	-1	-1	3	2009	1
NS18917D	1	1	1	-1	-1	-1	9	2014	1
NS18917D	2	4	-1	-1	-1	-1	1	2014	5
NS18917D	3	1	1	-1	-1	-1	7	2013	1
NS18917D	4	3	1	-1	-1	-1	3	2013	11
NS18917D	5	1	1	-1	-1	-1	12	2012	1
NS18917D	6	5	-1	1	4	-1	9	2011	6
NS18917D	7	5	-1	1	3	-1	9	2008	6
NS18919F	1	5	-1	1	3	-1	9	2009	6
NS18921R	1	1	2	-1	-1	-1	6	2008	2
NS18925W	1	5	-1	1	4	-1	8	2015	6
NS18925W	2	4	-1	-1	-1	-1	5	2015	5
NS18925W	3	4	-1	-1	-1	-1	5	2015	5
NS18925W	4	1	1	-1	-1	-1	3	2013	1
NS18925W	5	4	-1	-1	-1	-1	1	2013	5
NS18925W	6	3	1	-1	-1	-1	10	2012	11
NS18925W	7	4	-1	-1	-1	-1	7	2012	5
NS18925W	8	5	-1	1	3	-1	10	2009	6
NS18927Y	1	1	1	-1	-1	-1	7	2013	1
NS18927Y	2	1	1	-1	-1	-1	10	2012	1
NS18927Y	3	5	-1	1	3	-1	9	2009	6
NS18931L	1	9	-1	-1	-1	-1	6	2010	13
NS18931L	2	1	2	-1	-1	-1	5	2007	2
NS18932M	1	3	2	-1	-1	-1	3	2014	11
NS18932M	2	5	-1	1	3	-1	10	2012	6
NS18932M	3	5	-1	1	3	-1	9	2008	6
NS18934P	1	3	2	-1	-1	-1	10	2011	11
NS18934P	2	9	-1	-1	-1	-1	12	2009	13
NS18939V	1	1	1	-1	-1	-1	2	2014	1
NS18939V	2	1	1	-1	-1	-1	3	2012	1
NS18939V	3	1	1	-1	-1	-1	12	2010	1
NS18939V	4	1	1	-1	-1	-1	3	2010	1
NS18945K	1	1	2	-1	-1	-1	4	2015	2
NS18945K	2	1	1	-1	-1	-1	9	2014	1
NS18945K	3	4	-1	-1	-1	-1	3	2014	5
NS18945K	4	5	-1	1	3	-1	9	2012	6
NS18945K	5	5	-1	1	3	-1	9	2009	6
NS18948N	1	1	1	-1	-1	-1	8	2008	1
NS18950Z	1	5	-1	1	3	-1	9	2009	6
NS18950Z	2	4	-1	-1	-1	-1	9	2007	5
NS18955E	1	5	-1	1	3	-1	9	2008	6
NS18956F	1	1	1	-1	-1	-1	9	2014	1
NS18956F	2	1	1	-1	-1	-1	10	2013	1
NS18956F	3	5	-1	1	3	-1	9	2008	6
NS18961V	1	1	1	-1	-1	-1	7	2009	1
NS18964Y	1	5	-1	1	3	-1	9	2008	6
NS18965Z	1	1	2	-1	-1	-1	6	2008	2
NS18965Z	2	5	-1	1	2	-1	9	2006	6
NS18972Q	1	3	1	-1	-1	-1	4	2013	11
NS18972Q	2	3	1	-1	-1	-1	1	2013	11
NS18972Q	3	1	1	-1	-1	-1	12	2012	1
NS18972Q	4	3	1	-1	-1	-1	10	2012	11
NS18972Q	5	3	1	-1	-1	-1	9	2012	11
NS18972Q	6	5	-1	1	3	-1	9	2009	6
NS18974S	1	1	1	-1	-1	-1	6	2013	1
NS18974S	2	3	1	-1	-1	-1	2	2013	11
NS18974S	3	1	2	-1	-1	-1	7	2009	2
NS18975T	1	1	1	-1	-1	-1	8	2011	1
NS18975T	2	1	1	-1	-1	-1	9	2008	1
NS18977W	1	1	1	-1	-1	-1	4	2013	1
NS18977W	2	1	1	-1	-1	-1	11	2012	1
NS18977W	3	5	-1	1	3	-1	9	2009	6
NS18977W	4	5	-1	1	2	-1	9	2006	6
NS18980H	1	9	-1	-1	-1	-1	11	2009	13
NS18980H	2	5	-1	2	2	-1	8	2008	7
NS18980H	3	5	-1	1	1	-1	9	2001	6
NS18981J	1	1	2	-1	-1	-1	4	2014	2
NS18981J	2	3	2	-1	-1	-1	4	2012	11
NS18981J	3	5	-1	1	3	-1	9	2009	6
NS18982K	1	1	2	-1	-1	-1	8	2009	2
NS18982K	2	5	-1	1	2	-1	9	2008	6
NS18982K	3	5	-1	1	2	-1	9	2006	6
NS18983L	1	1	1	-1	-1	-1	5	2008	1
NS18984M	1	1	2	-1	-1	-1	10	2006	2
NS18985N	1	5	-1	1	3	-1	10	2008	6
NS18986P	1	5	-1	1	3	-1	10	2009	6
NS18987Q	1	10	-1	-1	-1	-1	2	2013	14
NS18987Q	2	4	-1	-1	-1	-1	1	2013	5
NS18987Q	3	4	-1	-1	-1	-1	1	2013	5
NS18987Q	4	5	-1	2	4	-1	5	2012	7
NS18987Q	5	4	-1	-1	-1	-1	3	2012	5
NS18987Q	6	-9	-1	-1	-1	-1	-8	2012	-8
NS18987Q	7	5	-1	2	4	-1	-8	2010	7
NS18987Q	8	5	-1	1	1	-1	-8	2003	6
NS18991D	1	5	-1	1	3	-1	9	2008	6
NS18996J	1	5	-1	1	3	-1	10	2008	6
NS18997K	1	5	-1	1	3	-1	9	2010	6
NS18997K	2	1	1	-1	-1	-1	7	2008	1
NS18998L	1	5	-1	2	3	-1	9	2010	7
NS19000C	1	5	-1	1	3	-1	9	2008	6
NS19004G	1	5	-1	1	3	-1	9	2008	6
NS19004G	2	5	-1	1	1	-1	9	2006	6
NS19008L	1	1	1	-1	-1	-1	6	2013	1
NS19008L	2	1	1	-1	-1	-1	11	2012	1
NS19008L	3	1	1	-1	-1	-1	3	2012	1
NS19008L	4	5	-1	1	3	-1	9	2008	6
NS19010X	1	10	-1	-1	-1	-1	1	2010	14
NS19013A	1	1	1	-1	-1	-1	3	2013	1
NS19013A	2	1	1	-1	-1	-1	1	2013	1
NS19013A	3	10	-1	-1	-1	-1	11	2011	14
NS19013A	4	5	-1	1	3	-1	9	2008	6
NS19015C	1	5	-1	1	1	-1	9	2012	6
NS19015C	2	5	-1	1	3	-1	9	2009	6
NS19018F	1	1	2	-1	-1	-1	9	2010	2
NS19018F	2	5	-1	1	3	-1	9	2008	6
NS19019G	1	1	1	-1	-1	-1	5	2015	1
NS19019G	2	5	-1	1	3	-1	9	2012	6
NS19019G	3	5	-1	1	2	-1	9	2010	6
NS19019G	4	1	1	-1	-1	-1	6	2010	1
NS19020R	1	4	-1	-1	-1	-1	8	2015	5
NS19020R	2	1	1	-1	-1	-1	8	2010	1
NS19020R	3	4	-1	-1	-1	-1	-8	2007	5
NS19021S	1	1	1	-1	-1	-1	2	2011	1
NS19021S	2	1	1	-1	-1	-1	4	2008	1
NS19022T	1	1	1	-1	-1	-1	1	2009	1
NS19023V	1	1	1	-1	-1	-1	9	2013	1
NS19023V	2	1	1	-1	-1	-1	2	2013	1
NS19023V	3	1	1	-1	-1	-1	1	2012	1
NS19023V	4	5	-1	1	3	-1	9	2008	6
NS19024W	1	1	1	-1	-1	-1	3	2013	1
NS19024W	2	1	1	-1	-1	-1	5	2011	1
NS19024W	3	1	1	-1	-1	-1	9	2008	1
NS19025X	1	1	1	-1	-1	-1	2	2015	1
NS19025X	2	1	1	-1	-1	-1	11	2014	1
NS19025X	3	1	1	-1	-1	-1	10	2007	1
NS19026Y	1	5	-1	1	3	-1	9	2008	6
NS19030L	1	1	1	-1	-1	-1	3	2013	1
NS19030L	2	1	1	-1	-1	-1	3	2012	1
NS19030L	3	5	-1	1	3	-1	9	2008	6
NS19031M	1	5	-1	1	3	-1	9	2008	6
NS19033P	1	1	1	-1	-1	-1	10	2012	1
NS19033P	2	1	2	-1	-1	-1	3	2009	2
NS19035R	1	5	-1	1	3	-1	9	2008	6
NS19036S	1	1	1	-1	-1	-1	8	2012	1
NS19036S	2	5	-1	1	3	-1	10	2009	6
NS19036S	3	5	-1	1	2	-1	9	2008	6
NS19036S	4	5	-1	1	2	-1	9	2006	6
NS19037T	1	1	1	-1	-1	-1	9	2014	1
NS19037T	2	5	-1	1	3	-1	8	2013	6
NS19037T	3	1	1	-1	-1	-1	7	2012	1
NS19037T	4	5	-1	1	3	-1	9	2009	6
NS19038V	1	1	2	-1	-1	-1	10	2013	2
NS19038V	2	9	-1	-1	-1	-1	9	2009	13
NS19038V	3	1	1	-1	-1	-1	3	2008	1
NS19038V	4	1	2	-1	-1	-1	9	2007	2
NS19039W	1	4	-1	-1	-1	-1	3	2014	5
NS19039W	2	1	1	-1	-1	-1	11	2012	1
NS19039W	3	5	-1	1	3	-1	9	2008	6
NS19040F	1	5	-1	1	2	-1	9	2006	6
NS19042H	1	1	1	-1	-1	-1	5	2015	1
NS19042H	2	1	1	-1	-1	-1	1	2014	1
NS19042H	3	1	1	-1	-1	-1	4	2013	1
NS19042H	4	1	1	-1	-1	-1	3	2012	1
NS19042H	5	1	1	-1	-1	-1	10	2010	1
NS19042H	6	1	1	-1	-1	-1	9	2007	1
NS19043J	1	5	-1	1	4	-1	9	2011	6
NS19043J	2	5	-1	1	3	-1	10	2008	6
NS19046M	1	1	1	-1	-1	-1	5	2008	1
NS19048P	1	1	1	-1	-1	-1	11	2013	1
NS19048P	2	5	-1	1	3	-1	9	2011	6
NS19048P	3	5	-1	1	1	-1	9	2006	6
NS19050A	1	1	1	-1	-1	-1	9	2013	1
NS19050A	2	5	-1	1	3	-1	9	2011	6
NS19050A	3	1	2	-1	-1	-1	-8	-8	2
NS19059K	1	1	1	-1	-1	-1	5	2005	1
NS19060V	1	1	1	-1	-1	-1	9	2009	1
NS19062X	1	1	1	-1	-1	-1	1	2011	1
NS19062X	2	2	1	-1	-1	-1	1	2009	3
NS19063Y	1	1	1	-1	-1	-1	7	2012	1
NS19063Y	2	2	2	-1	-1	-1	9	2011	4
NS19063Y	3	5	-1	1	3	-1	9	2008	6
NS19063Y	4	5	-1	1	2	-1	9	2006	6
NS19064Z	1	4	-1	-1	-1	-1	9	2012	5
NS19064Z	2	1	1	-1	-1	-1	8	2012	1
NS19064Z	3	5	-1	1	3	-1	9	2009	6
NS19065A	1	1	1	-1	-1	-1	9	2008	1
NS19065A	2	1	2	-1	-1	-1	6	2006	2
NS19067C	1	5	-1	1	3	-1	9	2008	6
NS19068D	1	5	-1	1	3	-1	10	2008	6
NS19071Q	1	1	1	-1	-1	-1	8	2012	1
NS19071Q	2	1	1	-1	-1	-1	7	2008	1
NS19072R	1	1	1	-1	-1	-1	10	2013	1
NS19072R	2	1	1	-1	-1	-1	8	2009	1
NS19073S	1	10	-1	-1	-1	-1	7	2013	14
NS19073S	2	1	1	-1	-1	-1	6	2006	1
NS19074T	1	1	1	-1	-1	-1	11	2014	1
NS19074T	2	1	2	-1	-1	-1	6	2014	2
NS19074T	3	1	1	-1	-1	-1	9	2013	1
NS19074T	4	4	-1	-1	-1	-1	2	2013	5
NS19074T	5	1	1	-1	-1	-1	9	2011	1
NS19074T	6	5	-1	1	3	-1	9	2008	6
NS19075V	1	1	1	-1	-1	-1	7	2008	1
NS19075V	2	1	1	-1	-1	-1	4	2007	1
NS19075V	3	1	2	-1	-1	-1	1	2007	2
NS19075V	4	5	-1	1	2	-1	6	2006	6
NS19080J	1	1	1	-1	-1	-1	9	2011	1
NS19080J	2	5	-1	1	3	-1	9	2008	6
NS19080J	3	5	-1	1	2	-1	9	2006	6
NS19081K	1	1	1	-1	-1	-1	3	2009	1
NS19081K	2	1	1	-1	-1	-1	9	2006	1
NS19082L	1	1	1	-1	-1	-1	7	2015	1
NS19082L	2	1	1	-1	-1	-1	3	2015	1
NS19082L	3	1	1	-1	-1	-1	3	2012	1
NS19082L	4	1	1	-1	-1	-1	1	2012	1
NS19082L	5	5	-1	1	3	-1	9	2008	6
NS19083M	1	3	2	-1	-1	-1	6	2012	11
NS19083M	2	4	-1	-1	-1	-1	3	2012	5
NS19083M	3	5	-1	1	3	-1	9	2008	6
NS19085P	1	4	-1	-1	-1	-1	1	2013	5
NS19085P	2	5	-1	1	3	-1	9	2009	6
NS19085P	3	5	-1	1	1	-1	9	2000	6
NS19087R	1	1	1	-1	-1	-1	9	2012	1
NS19087R	2	5	-1	1	3	-1	9	2008	6
NS19092F	1	4	-1	-1	-1	-1	2	2013	5
NS19092F	2	5	-1	1	3	-1	1	2012	6
NS19092F	3	4	-1	-1	-1	-1	9	2011	5
NS19092F	4	5	-1	1	3	-1	9	2008	6
NS19094H	1	1	2	-1	-1	-1	4	2013	2
NS19094H	2	4	-1	-1	-1	-1	1	2013	5
NS19094H	3	1	1	-1	-1	-1	12	2011	1
NS19094H	4	1	1	-1	-1	-1	12	2008	1
NS19096K	1	1	1	-1	-1	-1	8	2007	1
NS19102G	1	5	-1	1	3	-1	9	2013	6
NS19102G	2	1	1	-1	-1	-1	3	2012	1
NS19102G	3	1	1	-1	-1	-1	7	2007	1
NS19104J	1	1	1	-1	-1	-1	4	2013	1
NS19104J	2	1	1	-1	-1	-1	3	2011	1
NS19104J	3	5	-1	1	1	-1	9	2006	6
NS19105K	1	1	1	-1	-1	-1	11	2013	1
NS19105K	2	5	-1	1	3	-1	9	2009	6
NS19106L	1	2	2	-1	-1	-1	8	2011	4
NS19106L	2	5	-1	1	3	-1	9	2008	6
NS19107M	1	5	-1	1	3	-1	9	2013	6
NS19107M	2	5	-1	1	3	-1	9	2010	6
NS19107M	3	1	2	-1	-1	-1	6	2008	2
NS19109P	1	1	1	-1	-1	-1	12	2013	1
NS19109P	2	1	1	-1	-1	-1	9	2012	1
NS19109P	3	5	-1	1	3	-1	9	2009	6
NS19110Z	1	1	2	-1	-1	-1	5	2008	2
NS19111A	1	1	1	-1	-1	-1	4	2012	1
NS19111A	2	1	2	-1	-1	-1	6	2010	2
NS19111A	3	5	-1	1	2	-1	9	2008	6
NS19113C	1	1	1	-1	-1	-1	6	2013	1
NS19113C	2	1	1	-1	-1	-1	11	2012	1
NS19113C	3	5	-1	1	4	-1	1	2012	6
NS19113C	4	1	1	-1	-1	-1	9	2011	1
NS19113C	5	5	-1	1	3	-1	9	2008	6
NS19113C	6	5	-1	1	2	-1	9	2006	6
NS19114D	1	1	1	-1	-1	-1	8	2013	1
NS19114D	2	5	-1	1	3	-1	9	2008	6
NS19115E	1	1	1	-1	-1	-1	1	2014	1
NS19115E	2	4	-1	-1	-1	-1	6	2006	5
NS19116F	1	5	-1	1	3	-1	9	2009	6
NS19118H	1	1	1	-1	-1	-1	8	2013	1
NS19118H	2	1	2	-1	-1	-1	8	2006	2
NS19120T	1	5	-1	1	3	-1	9	2008	6
NS19120T	2	5	-1	1	2	-1	9	2006	6
NS19121V	1	1	1	-1	-1	-1	9	2012	1
NS19121V	2	1	1	-1	-1	-1	9	2010	1
NS19121V	3	5	-1	1	3	-1	10	2007	6
NS19123X	1	5	-1	1	3	-1	9	2009	6
NS19124Y	1	1	1	-1	-1	-1	3	2012	1
NS19124Y	2	5	-1	1	3	-1	9	2011	6
NS19124Y	3	5	-1	1	2	-1	9	2009	6
NS19124Y	4	5	-1	1	1	-1	9	2006	6
NS19125Z	1	1	2	-1	-1	-1	11	2012	2
NS19125Z	2	5	-1	1	3	-1	10	2009	6
NS19126A	1	5	-1	1	3	-1	9	2014	6
NS19126A	2	5	-1	1	3	-1	1	2014	6
NS19126A	3	1	1	-1	-1	-1	3	2013	1
NS19126A	4	5	-1	1	3	-1	9	2009	6
NS19127B	1	5	-1	2	2	-1	9	2010	7
NS19127B	2	10	-1	-1	-1	-1	1	2009	14
NS19133R	1	1	1	-1	-1	-1	1	2014	1
NS19133R	2	1	1	-1	-1	-1	8	2012	1
NS19133R	3	1	1	-1	-1	-1	6	2011	1
NS19133R	4	5	-1	1	3	-1	9	2008	6
NS19133R	5	1	1	-1	-1	-1	6	2008	1
NS19133R	6	5	-1	1	1	-1	9	2004	6
NS19135T	1	1	2	-1	-1	-1	2	2009	2
NS19137W	1	4	-1	-1	-1	-1	3	2013	5
NS19137W	2	10	-1	-1	-1	-1	1	2013	14
NS19137W	3	1	1	-1	-1	-1	9	2011	1
NS19137W	4	5	-1	1	3	-1	10	2008	6
NS19138X	1	5	-1	1	3	-1	-8	2009	6
NS19138X	2	5	-1	1	2	-1	-8	2006	6
NS19141J	1	1	2	-1	-1	-1	7	2011	2
NS19141J	2	5	-1	1	3	-1	9	2008	6
NS19142K	1	1	1	-1	-1	-1	8	2014	1
NS19142K	2	1	1	-1	-1	-1	8	2013	1
NS19142K	3	5	-1	1	3	-1	9	2008	6
NS19143L	1	9	-1	-1	-1	-1	9	2012	13
NS19143L	2	4	-1	-1	-1	-1	1	2011	5
NS19143L	3	1	2	-1	-1	-1	11	2010	2
NS19143L	4	4	-1	-1	-1	-1	1	2008	5
NS19143L	5	10	-1	-1	-1	-1	4	2006	14
NS19146P	1	1	1	-1	-1	-1	9	2010	1
NS19146P	2	4	-1	-1	-1	-1	1	2010	5
NS19149S	1	1	1	-1	-1	-1	11	2012	1
NS19149S	2	1	1	-1	-1	-1	9	2011	1
NS19149S	3	5	-1	1	3	-1	9	2008	6
NS19150C	1	1	1	-1	-1	-1	9	2011	1
NS19150C	2	5	-1	1	3	-1	9	2008	6
NS19151D	1	1	1	-1	-1	-1	9	2013	1
NS19151D	2	1	1	-1	-1	-1	9	2012	1
NS19151D	3	5	-1	1	3	-1	9	2008	6
NS19152E	1	5	-1	1	3	-1	7	2010	6
NS19152E	2	5	-1	1	1	-1	5	2009	6
NS19152E	3	5	-1	1	1	-1	-8	-8	6
NS19153F	1	1	1	-1	-1	-1	8	2014	1
NS19153F	2	5	-1	1	3	-1	8	2009	6
NS19157K	1	1	1	-1	-1	-1	10	2009	1
NS19159M	1	1	1	-1	-1	-1	8	2008	1
NS19164B	1	5	-1	1	3	-1	8	2010	6
NS19164B	2	5	-1	1	1	-1	8	2001	6
NS19166D	1	5	-1	1	3	-1	9	2008	6
NS19166D	2	5	-1	1	2	-1	9	2006	6
NS19167E	1	1	1	-1	-1	-1	9	2011	1
NS19167E	2	4	-1	-1	-1	-1	7	2009	5
NS19172T	1	1	1	-1	-1	-1	7	2013	1
NS19172T	2	1	1	-1	-1	-1	9	2012	1
NS19172T	3	5	-1	1	3	-1	8	2008	6
NS19172T	4	5	-1	1	1	-1	7	2006	6
NS19173V	1	3	1	-1	-1	-1	12	2013	11
NS19173V	2	5	-1	1	3	-1	9	2009	6
NS19176Y	1	1	1	-1	-1	-1	9	-8	1
NS19177Z	1	5	-1	1	3	-1	9	2009	6
NS19178A	1	1	1	-1	-1	-1	11	2013	1
NS19178A	2	1	1	-1	-1	-1	12	2012	1
NS19178A	3	1	1	-1	-1	-1	6	2010	1
NS19178A	4	5	-1	1	3	-1	9	2008	6
NS19178A	5	5	-1	1	2	-1	9	2006	6
NS19180L	1	1	1	-1	-1	-1	11	2007	1
NS19180L	2	5	-1	1	2	-1	9	2006	6
NS19181M	1	1	2	-1	-1	-1	1	2010	2
NS19181M	2	1	1	-1	-1	-1	1	2007	1
NS19182N	1	1	1	-1	-1	-1	11	2012	1
NS19182N	2	1	1	-1	-1	-1	12	2010	1
NS19182N	3	1	1	-1	-1	-1	1	2010	1
NS19182N	4	1	1	-1	-1	-1	3	2009	1
NS19182N	5	1	1	-1	-1	-1	1	2007	1
NS19186S	1	1	2	-1	-1	-1	6	2012	2
NS19186S	2	5	-1	1	3	-1	9	2009	6
NS19191G	1	1	1	-1	-1	-1	3	2014	1
NS19191G	2	1	1	-1	-1	-1	5	2013	1
NS19191G	3	1	1	-1	-1	-1	10	2011	1
NS19191G	4	1	1	-1	-1	-1	5	2010	1
NS19192H	1	1	1	-1	-1	-1	9	2013	1
NS19192H	2	1	2	-1	-1	-1	4	2013	2
NS19192H	3	4	-1	-1	-1	-1	10	2012	5
NS19192H	4	1	1	-1	-1	-1	9	2010	1
NS19192H	5	4	-1	-1	-1	-1	-8	-8	5
NS19193J	1	5	-1	1	3	-1	9	2008	6
NS19196M	1	1	1	-1	-1	-1	9	2012	1
NS19196M	2	1	1	-1	-1	-1	7	2003	1
NS19198P	1	5	-1	1	3	-1	10	2009	6
NS19199Q	1	1	1	-1	-1	-1	1	2012	1
NS19199Q	2	1	1	-1	-1	-1	1	2006	1
NS19200G	1	1	1	-1	-1	-1	8	2015	1
NS19200G	2	1	1	-1	-1	-1	3	2015	1
NS19200G	3	1	1	-1	-1	-1	9	2014	1
NS19200G	4	1	1	-1	-1	-1	8	2014	1
NS19200G	5	1	1	-1	-1	-1	5	2014	1
NS19200G	6	4	-1	-1	-1	-1	1	2014	5
NS19200G	7	1	2	-1	-1	-1	11	2013	2
NS19200G	8	4	-1	-1	-1	-1	6	2013	5
NS19200G	9	3	1	-1	-1	-1	5	2013	11
NS19200G	10	10	-1	-1	-1	-1	8	2012	14
NS19200G	11	5	-1	1	3	-1	9	2008	6
NS19200G	12	5	-1	1	2	-1	9	2006	6
NS19204L	1	1	2	-1	-1	-1	3	2014	2
NS19204L	2	5	-1	1	3	-1	7	2010	6
NS19204L	3	5	-1	1	2	-1	7	2010	6
NS19204L	4	-8	-1	-1	-1	-1	7	2010	-8
NS19204L	5	5	-1	1	2	-1	6	2010	6
NS19205M	1	5	-1	1	3	-1	9	2014	6
NS19205M	2	1	1	-1	-1	-1	9	2013	1
NS19205M	3	3	2	-1	-1	-1	11	2012	11
NS19205M	4	3	1	-1	-1	-1	4	2012	11
NS19205M	5	1	1	-1	-1	-1	7	2011	1
NS19205M	6	5	-1	1	3	-1	9	2008	6
NS19209R	1	1	2	-1	-1	-1	8	2012	2
NS19209R	2	5	-1	1	3	-1	9	2008	6
NS19210B	1	5	-1	1	3	-1	9	2008	6
NS19213E	1	5	-1	1	3	-1	9	2011	6
NS19213E	2	5	-1	1	2	-1	9	2010	6
NS19215G	1	2	2	-1	-1	-1	6	2009	4
NS19218K	1	1	1	-1	-1	-1	11	2015	1
NS19218K	2	1	1	-1	-1	-1	10	2014	1
NS19218K	3	5	-1	1	3	-1	9	2010	6
NS19218K	4	5	-1	1	2	-1	9	2006	6
NS19221X	1	1	1	-1	-1	-1	2	2010	1
NS19221X	2	1	1	-1	-1	-1	7	2008	1
NS19221X	3	1	1	-1	-1	-1	12	2006	1
NS19221X	4	4	-1	-1	-1	-1	7	2006	5
NS19231R	1	9	-1	-1	-1	-1	1	2014	13
NS19231R	2	4	-1	-1	-1	-1	10	2011	5
NS19231R	3	1	2	-1	-1	-1	1	2010	2
NS19232S	1	1	1	-1	-1	-1	6	2012	1
NS19232S	2	5	-1	1	3	-1	9	2008	6
NS19232S	3	5	-1	1	2	-1	9	2006	6
NS19236X	1	4	-1	-1	-1	-1	1	2008	5
NS19236X	2	1	2	-1	-1	-1	12	2007	2
NS19236X	3	5	-1	1	1	-1	9	2006	6
NS19239A	1	10	-1	-1	-1	-1	6	2008	14
NS19239A	2	5	-1	1	3	-1	9	2006	6
NS19241L	1	5	-1	1	3	-1	9	2010	6
NS19241L	2	5	-1	1	3	-1	9	2008	6
NS19244P	1	5	-1	1	3	-1	9	2013	6
NS19244P	2	1	1	-1	-1	-1	9	2012	1
NS19244P	3	5	-1	1	3	-1	9	2009	6
NS19246R	1	1	1	-1	-1	-1	10	2012	1
NS19246R	2	5	-1	1	3	-1	9	2009	6
NS19249V	1	1	1	-1	-1	-1	9	2012	1
NS19249V	2	1	2	-1	-1	-1	8	2011	2
NS19249V	3	5	-1	1	3	-1	9	2008	6
NS19255K	1	5	-1	1	3	-1	9	2008	6
NS19257M	1	4	-1	-1	-1	-1	9	2008	5
NS19257M	2	5	-1	1	2	-1	6	2004	6
NS19259P	1	1	1	-1	-1	-1	9	2007	1
NS19260Z	1	5	-1	1	3	-1	9	2008	6
NS19261A	1	5	-1	1	4	-1	9	2011	6
NS19261A	2	5	-1	1	3	-1	9	2008	6
NS19262B	1	5	-1	1	3	-1	9	2009	6
NS19263C	1	1	1	-1	-1	-1	10	2012	1
NS19263C	2	4	-1	-1	-1	-1	7	2011	5
NS19263C	3	1	1	-1	-1	-1	1	2011	1
NS19263C	4	4	-1	-1	-1	-1	7	2010	5
NS19264D	1	1	1	-1	-1	-1	8	2009	1
NS19267G	1	1	2	-1	-1	-1	5	2005	2
NS19268H	1	1	1	-1	-1	-1	2	2008	1
NS19269J	1	4	-1	-1	-1	-1	7	2011	5
NS19269J	2	5	-1	1	3	-1	10	2008	6
NS19271V	1	1	1	-1	-1	-1	6	2012	1
NS19271V	2	5	-1	1	3	-1	9	2009	6
NS19271V	3	5	-1	1	3	-1	9	2008	6
NS19271V	4	5	-1	1	1	-1	9	2006	6
NS19281P	1	1	1	-1	-1	-1	7	2013	1
NS19281P	2	5	-1	1	3	-1	9	2009	6
NS19286V	1	1	1	-1	-1	-1	8	2012	1
NS19286V	2	5	-1	1	3	-1	8	2009	6
NS19288X	1	5	-1	1	3	-1	9	2011	6
NS19288X	2	5	-1	1	3	-1	9	2008	6
NS19291J	1	1	1	-1	-1	-1	9	2008	1
NS19293L	1	1	1	-1	-1	-1	2	2012	1
NS19293L	2	1	2	-1	-1	-1	8	2009	2
NS19293L	3	1	2	-1	-1	-1	3	2006	2
NS19294M	1	1	1	-1	-1	-1	7	2011	1
NS19294M	2	5	-1	1	3	-1	10	2008	6
NS19297Q	1	3	2	-1	-1	-1	7	2011	11
NS19297Q	2	4	-1	-1	-1	-1	7	2006	5
NS19298R	1	1	1	-1	-1	-1	11	2014	1
NS19298R	2	1	1	-1	-1	-1	5	2014	1
NS19298R	3	1	1	-1	-1	-1	4	2013	1
NS19298R	4	1	2	-1	-1	-1	10	2011	2
NS19298R	5	1	1	-1	-1	-1	11	2008	1
NS19299S	1	1	2	-1	-1	-1	7	2007	2
NS19299S	2	5	-1	1	1	-1	9	1994	6
NS19300J	1	1	1	-1	-1	-1	9	2011	1
NS19300J	2	5	-1	1	3	-1	9	2008	6
NS19304N	1	1	1	-1	-1	-1	9	2013	1
NS19304N	2	1	1	-1	-1	-1	9	2009	1
NS19309T	1	4	-1	-1	-1	-1	9	2009	5
NS19310D	1	1	1	-1	-1	-1	6	2008	1
NS19310D	2	5	-1	1	2	-1	9	2006	6
NS19311E	1	1	2	-1	-1	-1	3	2012	2
NS19311E	2	1	2	-1	-1	-1	3	2011	2
NS19311E	3	1	1	-1	-1	-1	2	2009	1
NS19311E	4	5	-1	1	2	-1	9	2007	6
NS19311E	5	1	2	-1	-1	-1	6	2006	2
NS19312F	1	1	1	-1	-1	-1	11	2011	1
NS19312F	2	1	1	-1	-1	-1	8	2011	1
NS19312F	3	1	2	-1	-1	-1	3	2007	2
NS19313G	1	1	1	-1	-1	-1	10	2013	1
NS19313G	2	1	1	-1	-1	-1	8	2012	1
NS19313G	3	5	-1	1	3	-1	9	2011	6
NS19313G	4	5	-1	1	3	-1	9	2008	6
NS19314H	1	5	-1	1	3	-1	9	2009	6
NS19317L	1	1	1	-1	-1	-1	4	2011	1
NS19317L	2	1	1	-1	-1	-1	8	2009	1
NS19318M	1	1	1	-1	-1	-1	9	2006	1
NS19320Y	1	1	2	-1	-1	-1	4	2010	2
NS19323B	1	1	-8	-1	-1	-1	6	2014	-8
NS19323B	2	3	2	-1	-1	-1	10	2013	11
NS19323B	3	9	-1	-1	-1	-1	9	2009	13
NS19325D	1	1	2	-1	-1	-1	11	2012	2
NS19325D	2	1	1	-1	-1	-1	1	2012	1
NS19325D	3	4	-1	-1	-1	-1	7	2011	5
NS19325D	4	1	2	-1	-1	-1	6	2011	2
NS19325D	5	5	-1	1	3	-1	9	2008	6
NS19331T	1	5	-1	1	3	-1	9	2009	6
NS19334X	1	1	1	-1	-1	-1	3	2013	1
NS19334X	2	4	-1	-1	-1	-1	-8	2012	5
NS19334X	3	1	1	-1	-1	-1	11	2010	1
NS19334X	4	4	-1	-1	-1	-1	-8	2009	5
NS19338B	1	5	-1	1	3	-1	9	2008	6
NS19341N	1	1	1	-1	-1	-1	6	2009	1
NS19342P	1	5	-1	1	3	-1	9	2008	6
NS19345S	1	1	1	-1	-1	-1	8	2011	1
NS19345S	2	1	2	-1	-1	-1	6	2011	2
NS19345S	3	4	-1	-1	-1	-1	10	2009	5
NS19345S	4	3	2	-1	-1	-1	2	2009	11
NS19345S	5	4	-1	-1	-1	-1	9	2007	5
NS19345S	6	5	-1	1	2	-1	9	2006	6
NS19347V	1	1	1	-1	-1	-1	7	2012	1
NS19347V	2	5	-1	1	3	-1	9	2009	6
NS19347V	3	5	-1	2	1	-1	9	2008	7
NS19347V	4	5	-1	1	1	-1	9	1994	6
NS19348W	1	8	-1	-1	-1	1	7	2012	9
NS19348W	2	1	1	-1	-1	-1	7	2010	1
NS19348W	3	6	1	-1	-1	-1	7	2008	12
NS19348W	4	5	-1	1	1	-1	7	2006	6
NS19350G	1	5	-1	1	3	-1	9	2008	6
NS19354L	1	5	-1	1	3	-1	9	2010	6
NS19354L	2	1	2	-1	-1	-1	8	2009	2
NS19362D	1	5	-1	1	1	-1	-8	-8	6
NS19368K	1	1	2	-1	-1	-1	1	2007	2
NS19369L	1	1	1	-1	-1	-1	11	2014	1
NS19369L	2	1	1	-1	-1	-1	9	2012	1
NS19369L	3	5	-1	1	3	-1	9	2009	6
NS19371X	1	1	1	-1	-1	-1	8	2014	1
NS19371X	2	5	-1	1	3	-1	10	2010	6
NS19371X	3	5	-1	1	2	-1	9	2007	6
NS19372Y	1	5	-1	1	3	-1	9	2008	6
NS19374A	1	5	-1	1	2	-1	9	2009	6
NS19375B	1	1	1	-1	-1	-1	6	2012	1
NS19375B	2	1	1	-1	-1	-1	10	2010	1
NS19375B	3	5	-1	1	2	-1	9	2006	6
NS19378E	1	5	-1	1	3	-1	9	2010	6
NS19378E	2	5	-1	1	2	-1	-8	-8	6
NS19383T	1	1	1	-1	-1	-1	9	2008	1
NS19389A	1	1	1	-1	-1	-1	1	2015	1
NS19389A	2	1	1	-1	-1	-1	6	2013	1
NS19389A	3	1	1	-1	-1	-1	6	2013	1
NS19389A	4	1	1	-1	-1	-1	11	2011	1
NS19389A	5	5	-1	1	3	-1	9	2008	6
NS19393N	1	1	1	-1	-1	-1	11	2011	1
NS19393N	2	4	-1	-1	-1	-1	9	2011	5
NS19393N	3	1	1	-1	-1	-1	5	2011	1
NS19393N	4	5	-1	1	3	-1	9	2008	6
NS19395Q	1	1	1	-1	-1	-1	7	2013	1
NS19395Q	2	1	1	-1	-1	-1	9	2012	1
NS19395Q	3	5	-1	1	3	-1	9	2011	6
NS19395Q	4	5	-1	1	3	-1	9	2008	6
NS19396R	1	1	1	-1	-1	-1	11	2014	1
NS19396R	2	1	1	-1	-1	-1	6	2014	1
NS19396R	3	5	-1	1	3	-1	9	2009	6
NS19396R	4	5	-1	1	2	-1	9	2006	6
NS19400L	1	1	1	-1	-1	-1	9	2013	1
NS19400L	2	5	-1	1	3	-1	9	2010	6
NS19400L	3	1	1	-1	-1	-1	1	2010	1
NS19408V	1	1	2	-1	-1	-1	7	2014	2
NS19408V	2	9	-1	-1	-1	-1	7	2012	13
NS19408V	3	1	2	-1	-1	-1	8	2009	2
NS19411G	1	1	1	-1	-1	-1	11	2012	1
NS19411G	2	4	-1	-1	-1	-1	9	2012	5
NS19411G	3	5	-1	1	3	-1	9	2008	6
NS19411G	4	5	-1	1	1	-1	9	2006	6
NS19412H	1	5	-1	1	3	-1	9	2013	6
NS19412H	2	1	1	-1	-1	-1	9	2012	1
NS19412H	3	1	1	-1	-1	-1	4	2010	1
NS19415L	1	1	1	-1	-1	-1	6	2012	1
NS19415L	2	5	-1	1	3	-1	9	2008	6
NS19415L	3	5	-1	1	2	-1	9	2006	6
NS19416M	1	1	1	-1	-1	-1	2	2015	1
NS19416M	2	1	1	-1	-1	-1	12	2013	1
NS19416M	3	1	1	-1	-1	-1	10	2008	1
NS19419Q	1	9	-1	-1	-1	-1	5	2007	13
NS19420A	1	5	-1	1	3	-1	10	2009	6
NS19422C	1	5	-1	1	2	-1	9	2010	6
NS19422C	2	1	1	-1	-1	-1	9	2006	1
NS19423D	1	1	1	-1	-1	-1	10	2014	1
NS19423D	2	-9	-1	-1	-1	-1	8	2010	-8
NS19423D	3	5	-1	-9	3	-1	7	2007	-8
NS19425F	1	1	2	-1	-1	-1	11	2013	2
NS19425F	2	9	-1	-1	-1	-1	7	2012	13
NS19425F	3	10	-1	-1	-1	-1	10	2011	14
NS19425F	4	10	-1	-1	-1	-1	-9	-9	14
NS19428J	1	1	1	-1	-1	-1	9	2011	1
NS19428J	2	5	-1	1	3	-1	9	2009	6
NS19428J	3	5	-1	1	2	-1	6	2006	6
NS19430V	1	5	-1	1	3	-1	9	2009	6
NS19433Y	1	1	2	-1	-1	-1	4	2014	2
NS19433Y	2	5	-1	1	2	-1	9	2009	6
NS19433Y	3	9	-1	-1	-1	-1	3	2009	13
NS19433Y	4	5	-1	1	2	-1	10	2007	6
NS19433Y	5	5	-1	1	1	-1	9	2001	6
NS19435A	1	5	-1	1	3	-1	10	2009	6
NS19436B	1	4	-1	-1	-1	-1	9	2011	5
NS19436B	2	5	-1	1	3	-1	9	2008	6
NS19439E	1	5	-1	1	3	-1	9	2008	6
NS19440P	1	5	-1	1	3	-1	9	2008	6
NS19441Q	1	5	-1	1	3	-1	9	2009	6
NS19443S	1	1	1	-1	-1	-1	1	2013	1
NS19443S	2	4	-1	-1	-1	-1	9	2012	5
NS19443S	3	1	1	-1	-1	-1	7	2012	1
NS19443S	4	5	-1	1	3	-1	9	2009	6
NS19444T	1	1	1	-1	-1	-1	9	2013	1
NS19444T	2	1	2	-1	-1	-1	8	2006	2
NS19445V	1	5	-1	2	2	-1	-8	2013	7
NS19445V	2	8	-1	-1	-1	2	8	2008	10
NS19445V	3	4	-1	-1	-1	-1	5	2004	5
NS19446W	1	1	1	-1	-1	-1	9	2011	1
NS19446W	2	5	-1	1	3	-1	9	2008	6
NS19447X	1	5	-1	1	3	-1	9	2010	6
NS19447X	2	1	2	-1	-1	-1	9	2009	2
NS19451K	1	1	2	-1	-1	-1	8	2013	2
NS19451K	2	4	-1	-1	-1	-1	7	2011	5
NS19451K	3	5	-1	1	3	-1	9	2008	6
NS19451K	4	5	-1	1	2	-1	9	2006	6
NS19452L	1	10	-1	-1	-1	-1	3	2013	14
NS19452L	2	1	1	-1	-1	-1	1	2006	1
NS19453M	1	4	-1	-1	-1	-1	4	2012	5
NS19453M	2	1	2	-1	-1	-1	3	2011	2
NS19453M	3	4	-1	-1	-1	-1	7	2009	5
NS19454N	1	9	-1	-1	-1	-1	8	2015	13
NS19454N	2	1	1	-1	-1	-1	2	2014	1
NS19454N	3	1	1	-1	-1	-1	3	2013	1
NS19454N	4	1	1	-1	-1	-1	3	2012	1
NS19454N	5	1	1	-1	-1	-1	8	2011	1
NS19454N	6	4	-1	-1	-1	-1	6	2011	5
NS19454N	7	1	1	-1	-1	-1	11	2010	1
NS19454N	8	1	1	-1	-1	-1	6	2006	1
NS19455P	1	5	-1	1	3	-1	9	2008	6
NS19456Q	1	3	1	-1	-1	-1	9	2011	11
NS19456Q	2	5	-1	1	3	-1	9	2008	6
NS19456Q	3	5	-1	1	1	-1	9	2001	6
NS19458S	1	5	-1	1	2	-1	9	2006	6
NS19460D	1	1	1	-1	-1	-1	4	2013	1
NS19460D	2	1	1	-1	-1	-1	6	2010	1
NS19460D	3	1	2	-1	-1	-1	12	2009	2
NS19462F	1	1	1	-1	-1	-1	5	2010	1
NS19462F	2	1	2	-1	-1	-1	12	2007	2
NS19463G	1	10	-1	-1	-1	-1	4	2014	14
NS19463G	2	1	1	-1	-1	-1	3	2012	1
NS19463G	3	1	1	-1	-1	-1	6	2009	1
NS19465J	1	5	-1	1	3	-1	9	2010	6
NS19465J	2	1	1	-1	-1	-1	9	2008	1
NS19466K	1	5	-1	1	2	-1	9	2012	6
NS19466K	2	4	-1	-1	-1	-1	6	2011	5
NS19466K	3	5	-1	1	2	-1	9	2008	6
NS19466K	4	5	-1	1	1	-1	9	2006	6
NS19469N	1	5	-1	1	2	-1	9	2007	6
NS19472A	1	1	1	-1	-1	-1	12	2012	1
NS19472A	2	1	1	-1	-1	-1	4	2007	1
NS19475D	1	1	1	-1	-1	-1	5	2011	1
NS19475D	2	1	1	-1	-1	-1	9	2010	1
NS19475D	3	1	1	-1	-1	-1	9	2008	1
NS19476E	1	1	1	-1	-1	-1	3	2009	1
NS19478G	1	10	-1	-1	-1	-1	5	2013	14
NS19478G	2	1	1	-1	-1	-1	10	2010	1
NS19478G	3	1	1	-1	-1	-1	6	2007	1
NS19481T	1	10	-1	-1	-1	-1	2	2016	14
NS19481T	2	1	1	-1	-1	-1	9	2012	1
NS19481T	3	1	1	-1	-1	-1	5	2008	1
NS19483W	1	1	1	-1	-1	-1	6	2009	1
NS19483W	2	5	-1	1	2	-1	9	2006	6
NS19484X	1	1	1	-1	-1	-1	6	2012	1
NS19484X	2	5	-1	1	3	-1	9	2008	6
NS19487A	1	5	-1	1	2	-1	9	2006	6
NS19489C	1	1	1	-1	-1	-1	3	2015	1
NS19489C	2	4	-1	-1	-1	-1	1	2015	5
NS19489C	3	1	1	-1	-1	-1	10	2014	1
NS19489C	4	1	1	-1	-1	-1	5	2014	1
NS19489C	5	1	1	-1	-1	-1	5	2014	1
NS19489C	6	4	-1	-1	-1	-1	7	2010	5
NS19491N	1	1	1	-1	-1	-1	3	2014	1
NS19491N	2	5	-1	2	3	-1	11	2010	7
NS19491N	3	5	-1	2	2	-1	9	2008	7
NS19491N	4	1	1	-1	-1	-1	3	2008	1
NS19491N	5	5	-1	1	1	-1	9	1996	6
NS19492P	1	1	1	-1	-1	-1	2	2012	1
NS19492P	2	1	1	-1	-1	-1	7	2010	1
NS19492P	3	1	1	-1	-1	-1	5	2008	1
NS19492P	4	1	1	-1	-1	-1	7	2007	1
NS19492P	5	-8	-1	-1	-1	-1	7	2007	-8
NS19492P	6	5	-1	1	2	-1	9	2006	6
NS19494R	1	5	-1	1	3	-1	9	2008	6
NS19495S	1	5	-1	1	3	-1	9	2008	6
NS19496T	1	1	1	-1	-1	-1	11	2013	1
NS19496T	2	5	-1	1	3	-1	9	2009	6
NS19499X	1	1	1	-1	-1	-1	1	2014	1
NS19499X	2	1	1	-1	-1	-1	3	2012	1
NS19499X	3	1	1	-1	-1	-1	6	2009	1
NS19501P	1	5	-1	1	3	-1	10	2009	6
NS19501P	2	10	-1	-1	-1	-1	7	2008	14
NS19501P	3	5	-1	1	1	-1	9	1994	6
NS19502Q	1	1	2	-1	-1	-1	9	2008	2
NS19503R	1	5	-1	1	3	-1	10	2008	6
NS19504S	1	1	2	-1	-1	-1	5	2014	2
NS19504S	2	4	-1	-1	-1	-1	8	2010	5
NS19504S	3	5	-1	1	4	-1	9	2008	6
NS19504S	4	4	-1	-1	-1	-1	8	2000	5
NS19506V	1	1	1	-1	-1	-1	10	2014	1
NS19506V	2	2	1	-1	-1	-1	7	2014	3
NS19506V	3	1	1	-1	-1	-1	7	2013	1
NS19506V	4	5	-1	1	3	-1	9	2010	6
NS19506V	5	1	1	-1	-1	-1	7	2008	1
NS19507W	1	1	1	-1	-1	-1	8	2012	1
NS19507W	2	5	-1	1	3	-1	9	2009	6
NS19511J	1	5	-1	1	3	-1	9	2008	6
NS19512K	1	1	1	-1	-1	-1	10	2015	1
NS19512K	2	4	-1	-1	-1	-1	6	2015	5
NS19512K	3	1	2	-1	-1	-1	2	2015	2
NS19512K	4	4	-1	-1	-1	-1	10	2014	5
NS19512K	5	1	1	-1	-1	-1	2	2014	1
NS19512K	6	4	-1	-1	-1	-1	10	2013	5
NS19512K	7	1	1	-1	-1	-1	2	2013	1
NS19512K	8	4	-1	-1	-1	-1	2	2012	5
NS19512K	9	1	1	-1	-1	-1	-8	-8	1
NS19513L	1	1	2	-1	-1	-1	10	2011	2
NS19513L	2	5	-1	1	2	-1	9	2006	6
NS19515N	1	5	-1	1	3	-1	9	2008	6
NS19517Q	1	1	1	-1	-1	-1	5	2012	1
NS19517Q	2	5	-1	2	2	-1	9	2011	7
NS19517Q	3	4	-1	-1	-1	-1	6	2010	5
NS19517Q	4	5	-1	1	2	-1	9	2006	6
NS19523F	1	1	1	-1	-1	-1	-8	-8	1
NS19525H	1	1	1	-1	-1	-1	7	2013	1
NS19525H	2	5	-1	1	3	-1	9	2008	6
NS19526J	1	1	2	-1	-1	-1	9	2012	2
NS19526J	2	1	2	-1	-1	-1	6	2012	2
NS19526J	3	1	1	-1	-1	-1	2	2011	1
NS19526J	4	1	2	-1	-1	-1	6	2010	2
NS19527K	1	5	-1	1	3	-1	9	2012	6
NS19527K	2	10	-1	-1	-1	-1	2	2012	14
NS19527K	3	1	2	-1	-1	-1	9	2011	2
NS19527K	4	1	1	-1	-1	-1	5	2011	1
NS19527K	5	5	-1	1	3	-1	9	2008	6
NS19535C	1	5	-1	1	3	-1	9	2008	6
NS19538F	1	1	1	-1	-1	-1	7	2013	1
NS19538F	2	4	-1	-1	-1	-1	5	2013	5
NS19538F	3	5	-1	1	3	-1	9	2010	6
NS19538F	4	5	-1	1	2	-1	9	2007	6
NS19541S	1	1	2	-1	-1	-1	6	2012	2
NS19541S	2	5	-1	1	3	-1	9	2010	6
NS19542T	1	2	2	-1	-1	-1	6	2015	4
NS19542T	2	2	1	-1	-1	-1	11	2014	3
NS19542T	3	1	1	-1	-1	-1	5	2014	1
NS19542T	4	1	1	-1	-1	-1	5	2013	1
NS19542T	5	1	1	-1	-1	-1	6	2011	1
NS19542T	6	1	1	-1	-1	-1	2	2010	1
NS19542T	7	5	-1	1	2	-1	9	2006	6
NS19545X	1	1	1	-1	-1	-1	8	2014	1
NS19545X	2	1	2	-1	-1	-1	7	2013	2
NS19545X	3	5	-1	1	3	-1	10	2011	6
NS19545X	4	5	-1	1	1	-1	9	2000	6
NS19547Z	1	5	-1	1	3	-1	9	2012	6
NS19547Z	2	5	-1	1	2	-1	9	2008	6
NS19547Z	3	5	-1	1	1	-1	9	1995	6
NS19550L	1	5	-1	2	2	-1	2	2015	7
NS19550L	2	4	-1	-1	-1	-1	3	2013	5
NS19550L	3	1	2	-1	-1	-1	10	2009	2
NS19550L	4	5	-1	2	2	-1	7	2009	7
NS19550L	5	1	1	-1	-1	-1	4	2008	1
NS19550L	6	1	2	-1	-1	-1	10	2007	2
NS19550L	7	5	-1	2	2	-1	9	2006	7
NS19551M	1	5	-1	1	3	-1	9	2008	6
NS19554Q	1	1	2	-1	-1	-1	12	2012	2
NS19554Q	2	1	1	-1	-1	-1	4	2008	1
NS19555R	1	5	-1	1	3	-1	9	2010	6
NS19555R	2	5	-1	1	2	-1	9	2007	6
NS19558V	1	4	-1	-1	-1	-1	8	2012	5
NS19558V	2	1	1	-1	-1	-1	7	2011	1
NS19558V	3	5	-1	1	3	-1	9	2008	6
NS19562H	1	1	2	-1	-1	-1	6	2008	2
NS19562H	2	6	1	-1	-1	-1	9	2007	12
NS19562H	3	5	-1	1	2	-1	9	2007	6
NS19562H	4	4	-1	-1	-1	-1	6	2006	5
NS19565L	1	1	1	-1	-1	-1	6	2012	1
NS19565L	2	4	-1	-1	-1	-1	5	2011	5
NS19565L	3	5	-1	1	3	-1	4	2010	6
NS19567N	1	1	2	-1	-1	-1	6	2010	2
NS19567N	2	1	2	-1	-1	-1	7	2007	2
NS19568P	1	4	-1	-1	-1	-1	9	2013	5
NS19568P	2	1	2	-1	-1	-1	7	2008	2
NS19568P	3	5	-1	1	2	-1	9	2006	6
NS19571B	1	3	1	-1	-1	-1	7	2013	11
NS19571B	2	1	1	-1	-1	-1	3	2013	1
NS19571B	3	3	1	-1	-1	-1	9	2012	11
NS19571B	4	5	-1	1	4	-1	9	2011	6
NS19571B	5	1	1	-1	-1	-1	8	2010	1
NS19571B	6	5	-1	1	3	-1	9	2008	6
NS19574E	1	5	-1	1	3	-1	9	2008	6
NS19578J	1	9	-1	-1	-1	-1	9	2008	13
NS19578J	2	1	1	-1	-1	-1	1	2008	1
NS19578J	3	1	2	-1	-1	-1	9	2006	2
NS19585A	1	5	-1	1	3	-1	9	2012	6
NS19585A	2	4	-1	-1	-1	-1	1	2012	5
NS19585A	3	5	-1	1	2	-1	9	2010	6
NS19586B	1	10	-1	-1	-1	-1	10	2011	14
NS19586B	2	1	1	-1	-1	-1	10	2011	1
NS19586B	3	5	-1	1	3	-1	1	2010	6
NS19586B	4	1	1	-1	-1	-1	6	2008	1
NS19586B	5	5	-1	1	2	-1	9	2006	6
NS19588D	1	1	1	-1	-1	-1	9	2009	1
NS19590P	1	5	-1	2	2	-1	9	2014	7
NS19590P	2	5	-1	2	2	-1	9	2013	7
NS19590P	3	5	-1	2	2	-1	1	2013	7
NS19590P	4	9	-1	-1	-1	-1	6	2012	13
NS19590P	5	1	2	-1	-1	-1	7	2010	2
NS19590P	6	9	-1	-1	-1	-1	7	2007	13
NS19590P	7	5	-1	1	1	-1	9	1993	6
NS19591Q	1	1	1	-1	-1	-1	12	2007	1
NS19593S	1	1	1	-1	-1	-1	1	2015	1
NS19593S	2	1	1	-1	-1	-1	9	2007	1
NS19600Q	1	1	1	-1	-1	-1	11	2014	1
NS19600Q	2	1	2	-1	-1	-1	11	2013	2
NS19600Q	3	5	-1	1	3	-1	10	2009	6
NS19608Z	1	1	1	-1	-1	-1	1	2013	1
NS19608Z	2	1	1	-1	-1	-1	5	2012	1
NS19608Z	3	5	-1	1	3	-1	9	2009	6
NS19610K	1	4	-1	-1	-1	-1	9	2008	5
NS19610K	2	5	-1	1	2	-1	9	2006	6
NS19611L	1	1	1	-1	-1	-1	4	2010	1
NS19616R	1	1	1	-1	-1	-1	10	2007	1
NS19620E	1	1	1	-1	-1	-1	12	2015	1
NS19620E	2	5	-1	1	3	-1	9	2011	6
NS19620E	3	5	-1	1	2	-1	9	2009	6
NS19620E	4	1	1	-1	-1	-1	9	2008	1
NS19620E	5	4	-1	-1	-1	-1	9	2006	5
NS19622G	1	5	-1	1	3	-1	9	2008	6
NS19622G	2	5	-1	1	4	-1	9	2006	6
NS19634D	1	1	1	-1	-1	-1	9	2011	1
NS19634D	2	5	-1	1	3	-1	9	2008	6
NS19636F	1	1	1	-1	-1	-1	10	2014	1
NS19636F	2	1	1	-1	-1	-1	1	2014	1
NS19636F	3	1	1	-1	-1	-1	10	2013	1
NS19636F	4	1	1	-1	-1	-1	6	2013	1
NS19636F	5	1	1	-1	-1	-1	9	2012	1
NS19636F	6	10	-1	-1	-1	-1	5	2012	14
NS19636F	7	1	1	-1	-1	-1	10	2011	1
NS19636F	8	5	-1	1	3	-1	9	2008	6
NS19638H	1	1	1	-1	-1	-1	6	2014	1
NS19638H	2	1	1	-1	-1	-1	9	2012	1
NS19638H	3	4	-1	-1	-1	-1	5	2008	5
NS19638H	4	1	1	-1	-1	-1	9	2006	1
NS19639J	1	4	-1	-1	-1	-1	7	2012	5
NS19639J	2	5	-1	1	3	-1	9	2009	6
NS19639J	3	5	-1	1	2	-1	9	2006	6
NS19640T	1	6	1	-1	-1	-1	3	2014	12
NS19640T	2	1	1	-1	-1	-1	7	2011	1
NS19640T	3	5	-1	1	3	-1	9	2008	6
NS19641V	1	1	1	-1	-1	-1	2	2015	1
NS19641V	2	1	1	-1	-1	-1	7	2014	1
NS19641V	3	1	1	-1	-1	-1	10	2012	1
NS19641V	4	5	-1	1	3	-1	9	2008	6
NS19642W	1	1	2	-1	-1	-1	2	2012	2
NS19642W	2	1	1	-1	-1	-1	2	2012	1
NS19642W	3	1	-9	-1	-1	-1	1	2011	-8
NS19642W	4	10	-1	-1	-1	-1	7	2008	14
NS19642W	5	1	1	-1	-1	-1	-9	-9	1
NS19643X	1	1	1	-1	-1	-1	5	2013	1
NS19643X	2	1	1	-1	-1	-1	9	2011	1
NS19643X	3	5	-1	1	3	-1	9	2008	6
NS19643X	4	5	-1	1	2	-1	9	2006	6
NS19655T	1	2	1	-1	-1	-1	3	2010	3
NS19657W	1	4	-1	-1	-1	-1	5	2014	5
NS19657W	2	1	1	-1	-1	-1	1	2014	1
NS19657W	3	1	2	-1	-1	-1	6	2013	2
NS19657W	4	5	-1	2	4	-1	4	2013	7
NS19657W	5	1	2	-1	-1	-1	2	2013	2
NS19657W	6	10	-1	-1	-1	-1	10	2011	14
NS19657W	7	1	2	-1	-1	-1	11	2008	2
NS19657W	8	5	-1	1	3	-1	9	2008	6
NS19657W	9	1	2	-1	-1	-1	5	2008	2
NS19657W	10	5	-1	1	2	-1	9	2006	6
NS19658X	1	1	1	-1	-1	-1	9	2013	1
NS19658X	2	1	1	-1	-1	-1	7	2011	1
NS19658X	3	5	-1	1	3	-1	9	2008	6
NS19665N	1	1	2	-1	-1	-1	5	2015	2
NS19665N	2	1	1	-1	-1	-1	11	2012	1
NS19665N	3	4	-1	-1	-1	-1	7	2006	5
NS19666P	1	1	1	-1	-1	-1	7	2015	1
NS19666P	2	4	-1	-1	-1	-1	7	2012	5
NS19666P	3	1	2	-1	-1	-1	12	2011	2
NS19666P	4	1	1	-1	-1	-1	6	2009	1
NS19666P	5	6	1	-1	-1	-1	1	2007	12
NS19667Q	1	5	-1	1	3	-1	9	2010	6
NS19667Q	2	5	-1	1	2	-1	9	2006	6
NS19668R	1	5	-1	1	3	-1	9	2013	6
NS19668R	2	7	-1	-1	-1	-1	6	2013	8
NS19668R	3	1	1	-1	-1	-1	8	2012	1
NS19668R	4	5	-1	1	3	-1	9	2008	6
NS19670C	1	-8	-1	-1	-1	-1	7	2013	-8
NS19670C	2	5	-1	1	3	-1	10	2010	6
NS19670C	3	5	-1	1	1	-1	-8	-8	6
NS19673F	1	1	2	-1	-1	-1	11	2012	2
NS19673F	2	5	-1	1	3	-1	9	2008	6
NS19676J	1	1	1	-1	-1	-1	9	2014	1
NS19676J	2	1	1	-1	-1	-1	2	2013	1
NS19676J	3	1	1	-1	-1	-1	9	2011	1
NS19676J	4	5	-1	1	3	-1	9	2008	6
NS19678L	1	1	1	-1	-1	-1	1	2013	1
NS19678L	2	4	-1	-1	-1	-1	3	2012	5
NS19678L	3	1	2	-1	-1	-1	11	2011	2
NS19678L	4	1	1	-1	-1	-1	5	2011	1
NS19678L	5	1	1	-1	-1	-1	12	2010	1
NS19678L	6	1	1	-1	-1	-1	10	2009	1
NS19678L	7	1	2	-1	-1	-1	11	2008	2
NS19678L	8	1	1	-1	-1	-1	7	2008	1
NS19679M	1	1	1	-1	-1	-1	4	2013	1
NS19679M	2	4	-1	-1	-1	-1	7	2012	5
NS19679M	3	5	-1	1	3	-1	9	2008	6
NS19680X	1	1	1	-1	-1	-1	9	2013	1
NS19680X	2	1	1	-1	-1	-1	5	2012	1
NS19680X	3	1	1	-1	-1	-1	7	2011	1
NS19680X	4	5	-1	1	3	-1	10	2008	6
NS19681Y	1	5	-1	1	3	-1	9	2008	6
NS19684B	1	1	1	-1	-1	-1	3	2012	1
NS19684B	2	1	1	-1	-1	-1	1	2011	1
NS19684B	3	1	1	-1	-1	-1	7	2008	1
NS19687E	1	5	-1	1	3	-1	9	2011	6
NS19687E	2	10	-1	-1	-1	-1	9	2010	14
NS19687E	3	5	-1	1	3	-1	9	2008	6
NS19687E	4	5	-1	1	2	-1	9	2006	6
NS19688F	1	1	1	-1	-1	-1	10	2013	1
NS19688F	2	1	2	-1	-1	-1	6	2011	2
NS19688F	3	9	-1	-1	-1	-1	6	2009	13
NS19689G	1	1	1	-1	-1	-1	12	2012	1
NS19689G	2	1	2	-1	-1	-1	10	2010	2
NS19689G	3	1	2	-1	-1	-1	7	2007	2
NS19691S	1	1	1	-1	-1	-1	9	2013	1
NS19691S	2	4	-1	-1	-1	-1	6	2007	5
NS19692T	1	1	1	-1	-1	-1	9	2010	1
NS19692T	2	5	-1	1	1	-1	9	2006	6
NS19693V	1	5	-1	1	3	-1	9	2008	6
NS19700S	1	1	1	-1	-1	-1	10	2012	1
NS19700S	2	4	-1	-1	-1	-1	6	2012	5
NS19700S	3	5	-1	1	3	-1	9	2008	6
NS19703W	1	1	2	-1	-1	-1	3	2015	2
NS19703W	2	1	1	-1	-1	-1	2	2014	1
NS19703W	3	4	-1	-1	-1	-1	1	2013	5
NS19703W	4	1	1	-1	-1	-1	3	2012	1
NS19703W	5	7	-1	-1	-1	-1	1	2012	8
NS19703W	6	4	-1	-1	-1	-1	5	2009	5
NS19703W	7	1	2	-1	-1	-1	2	2008	2
NS19703W	8	5	-1	1	2	-1	9	2006	6
NS19705Y	1	5	-1	2	2	-1	9	2007	7
NS19705Y	2	5	-1	1	1	-1	9	2002	6
NS19706Z	1	2	2	-1	-1	-1	2	2015	4
NS19706Z	2	1	1	-1	-1	-1	4	2014	1
NS19706Z	3	1	1	-1	-1	-1	8	2013	1
NS19706Z	4	5	-1	1	3	-1	9	2009	6
NS19709C	1	5	-1	1	3	-1	9	2013	6
NS19709C	2	1	1	-1	-1	-1	5	2012	1
NS19709C	3	5	-1	1	3	-1	9	2009	6
NS19712P	1	1	1	-1	-1	-1	9	2012	1
NS19712P	2	5	-1	1	3	-1	9	2010	6
NS19712P	3	5	-1	1	1	-1	9	2006	6
NS19713Q	1	1	1	-1	-1	-1	7	2011	1
NS19713Q	2	5	-1	1	3	-1	9	2009	6
NS19713Q	3	1	1	-1	-1	-1	7	2008	1
NS19713Q	4	5	-1	1	2	-1	9	2007	6
NS19713Q	5	5	-1	1	1	-1	9	2002	6
NS19714R	1	5	-1	1	3	-1	9	2010	6
NS19714R	2	1	1	-1	-1	-1	12	2008	1
NS19719X	1	2	1	-1	-1	-1	3	2013	3
NS19719X	2	1	1	-1	-1	-1	10	2010	1
NS19719X	3	5	-1	1	2	-1	9	2006	6
NS19720G	1	1	1	-1	-1	-1	8	2011	1
NS19720G	2	1	2	-1	-1	-1	7	2010	2
NS19720G	3	1	2	-1	-1	-1	8	2006	2
NS19723K	1	-8	-1	-1	-1	-1	-8	-8	-8
NS19725M	1	1	1	-1	-1	-1	6	2015	1
NS19725M	2	1	1	-1	-1	-1	1	2014	1
NS19725M	3	1	1	-1	-1	-1	10	2013	1
NS19725M	4	1	1	-1	-1	-1	2	2012	1
NS19725M	5	1	1	-1	-1	-1	12	2011	1
NS19725M	6	3	2	-1	-1	-1	8	2011	11
NS19725M	7	5	-1	1	3	-1	10	2008	6
NS19726N	1	5	-1	1	3	-1	9	2008	6
NS19727P	1	1	1	-1	-1	-1	3	2014	1
NS19727P	2	1	1	-1	-1	-1	7	2012	1
NS19727P	3	1	1	-1	-1	-1	9	2011	1
NS19727P	4	4	-1	-1	-1	-1	7	2011	5
NS19727P	5	5	-1	1	3	-1	9	2008	6
NS19733E	1	1	1	-1	-1	-1	11	2010	1
NS19733E	2	5	-1	1	3	-1	9	2008	6
NS19733E	3	5	-1	1	2	-1	9	2006	6
NS19735G	1	5	-1	1	3	-1	9	2008	6
NS19738K	1	1	2	-1	-1	-1	12	2008	2
NS19741X	1	8	-1	-1	-1	2	3	2012	10
NS19741X	2	5	-1	1	4	-1	7	2011	6
NS19741X	3	8	-1	-1	-1	2	6	2007	10
NS19744A	1	1	1	-1	-1	-1	7	2013	1
NS19744A	2	5	-1	1	2	-1	1	2013	6
NS19744A	3	5	-1	1	2	-1	9	2011	6
NS19744A	4	4	-1	-1	-1	-1	7	2010	5
NS19746C	1	1	1	-1	-1	-1	9	2012	1
NS19746C	2	1	1	-1	-1	-1	8	2012	1
NS19746C	3	1	1	-1	-1	-1	6	2012	1
NS19746C	4	5	-1	1	3	-1	9	2009	6
NS19747D	1	1	2	-1	-1	-1	1	2013	2
NS19747D	2	9	-1	-1	-1	-1	9	2011	13
NS19747D	3	5	-1	1	2	-1	9	2009	6
NS19747D	5	3	2	-1	-1	-1	7	2014	11
NS19747D	6	10	-1	-1	-1	-1	12	2010	14
NS19747D	7	10	-1	-1	-1	-1	11	2010	14
NS19747D	8	8	-1	-1	-1	1	1	2009	9
NS19750Q	1	5	-1	1	3	-1	10	2009	6
NS19750Q	2	10	-1	-1	-1	-1	7	2006	14
NS19753T	1	1	1	-1	-1	-1	9	2012	1
NS19753T	2	1	1	-1	-1	-1	6	2012	1
NS19753T	3	5	-1	1	3	-1	8	2008	6
NS19755W	1	1	2	-1	-1	-1	9	2010	2
NS19755W	2	4	-1	-1	-1	-1	9	2008	5
NS19755W	3	6	1	-1	-1	-1	8	2006	12
NS19759A	1	1	1	-1	-1	-1	3	2015	1
NS19759A	2	10	-1	-1	-1	-1	1	2015	14
NS19759A	3	1	1	-1	-1	-1	6	2013	1
NS19759A	4	1	1	-1	-1	-1	12	2012	1
NS19759A	5	3	1	-1	-1	-1	7	2012	11
NS19759A	6	5	-1	1	3	-1	9	2009	6
NS19764P	1	1	1	-1	-1	-1	9	2013	1
NS19764P	2	1	1	-1	-1	-1	7	2012	1
NS19764P	3	5	-1	1	3	-1	10	2008	6
NS19764P	4	4	-1	-1	-1	-1	6	2008	5
NS19766R	1	5	-1	1	3	-1	9	2008	6
NS19767S	1	5	-1	1	3	-1	9	2012	6
NS19767S	2	1	1	-1	-1	-1	7	2011	1
NS19767S	3	5	-1	1	3	-1	9	2008	6
NS19769V	1	5	-1	1	3	-1	9	2008	6
NS19775K	1	5	-1	1	2	-1	9	2007	6
NS19775K	2	5	-1	1	1	-1	7	2002	6
NS19776L	1	5	-1	1	3	-1	9	2008	6
NS19778N	1	5	-1	1	3	-1	9	2008	6
NS19779P	1	1	1	-1	-1	-1	9	2011	1
NS19779P	2	5	-1	1	3	-1	9	2009	6
NS19780Z	1	1	2	-1	-1	-1	9	2011	2
NS19780Z	2	1	1	-1	-1	-1	10	2008	1
NS19783C	1	5	-1	1	2	-1	-9	2008	6
NS19784D	1	1	1	-1	-1	-1	1	2012	1
NS19784D	2	4	-1	-1	-1	-1	9	2011	5
NS19784D	3	5	-1	1	3	-1	7	2009	6
NS19785E	1	1	1	-1	-1	-1	5	2010	1
NS19788H	1	1	2	-1	-1	-1	8	2004	2
NS19791V	1	3	2	-1	-1	-1	-8	2010	11
NS19791V	2	4	-1	-1	-1	-1	-8	2008	5
NS19792W	1	5	-1	1	1	-1	9	2005	6
NS19793X	1	1	1	-1	-1	-1	7	2012	1
NS19793X	2	5	-1	1	3	-1	9	2008	6
NS19794Y	1	3	2	-1	-1	-1	11	2012	11
NS19794Y	2	4	-1	-1	-1	-1	8	2012	5
NS19794Y	3	3	1	-1	-1	-1	5	2012	11
NS19794Y	4	4	-1	-1	-1	-1	8	2011	5
NS19794Y	5	5	-1	1	3	-1	9	2008	6
NS19797B	1	4	-1	-1	-1	-1	4	2015	5
NS19797B	2	1	1	-1	-1	-1	-8	2012	1
NS19797B	3	4	-1	-1	-1	-1	-8	2011	5
NS19797B	4	1	1	-1	-1	-1	-8	2011	1
NS19797B	5	5	-1	1	2	-1	9	2006	6
NS19798C	1	1	1	-1	-1	-1	6	2013	1
NS19798C	2	4	-1	-1	-1	-1	3	2013	5
NS19798C	3	1	1	-1	-1	-1	9	2012	1
NS19798C	4	10	-1	-1	-1	-1	6	2012	14
NS19798C	5	5	-1	1	3	-1	9	2008	6
NS19801W	1	4	-1	-1	-1	-1	9	2015	5
NS19801W	2	1	1	-1	-1	-1	2	2014	1
NS19801W	3	10	-1	-1	-1	-1	11	2013	14
NS19801W	4	10	-1	-1	-1	-1	10	2013	14
NS19801W	5	10	-1	-1	-1	-1	6	2013	14
NS19801W	6	10	-1	-1	-1	-1	2	2013	14
NS19801W	7	10	-1	-1	-1	-1	10	2012	14
NS19801W	8	1	2	-1	-1	-1	4	2012	2
NS19801W	9	3	1	-1	-1	-1	3	2012	11
NS19801W	10	10	-1	-1	-1	-1	10	2011	14
NS19801W	11	1	1	-1	-1	-1	3	2011	1
NS19801W	12	10	-1	-1	-1	-1	10	2010	14
NS19801W	13	4	-1	-1	-1	-1	8	2010	5
NS19801W	14	10	-1	-1	-1	-1	6	2010	14
NS19801W	15	5	-1	1	4	-1	9	2007	6
NS19802X	1	5	-1	1	3	-1	9	2008	6
NS19806B	1	1	1	-1	-1	-1	1	2012	1
NS19806B	2	8	-1	-1	-1	1	5	2011	9
NS19806B	3	5	-1	1	2	-1	9	2010	6
NS19806B	4	4	-1	-1	-1	-1	4	2010	5
NS19807C	1	5	-1	1	3	-1	9	2008	6
NS19811Q	1	1	1	-1	-1	-1	-8	-8	1
NS19812R	1	1	1	-1	-1	-1	5	2011	1
NS19812R	2	1	1	-1	-1	-1	12	2010	1
NS19812R	3	4	-1	-1	-1	-1	7	2010	5
NS19812R	4	5	-1	1	3	-1	9	2008	6
NS19813S	1	1	1	-1	-1	-1	4	2015	1
NS19813S	2	1	1	-1	-1	-1	5	2010	1
NS19815V	1	1	1	-1	-1	-1	6	2009	1
NS19816W	1	1	1	-1	-1	-1	7	2014	1
NS19816W	2	1	1	-1	-1	-1	3	2014	1
NS19816W	3	1	2	-1	-1	-1	9	2011	2
NS19816W	4	5	-1	1	3	-1	9	2008	6
NS19817X	1	1	1	-1	-1	-1	6	2012	1
NS19817X	2	5	-1	1	3	-1	9	2009	6
NS19824N	1	1	1	-1	-1	-1	6	2014	1
NS19824N	2	1	1	-1	-1	-1	11	2013	1
NS19824N	3	2	2	-1	-1	-1	4	2009	4
NS19832F	1	5	-1	1	3	-1	10	2008	6
NS19839N	1	1	1	-1	-1	-1	7	2014	1
NS19839N	2	1	1	-1	-1	-1	1	2014	1
NS19839N	3	1	1	-1	-1	-1	4	2009	1
NS19839N	4	1	1	-1	-1	-1	6	2006	1
NS19842A	1	5	-1	1	2	-1	9	2013	6
NS19842A	2	1	2	-1	-1	-1	2	2011	2
NS19842A	3	5	-1	2	2	-1	9	2010	7
NS19842A	4	1	2	-1	-1	-1	9	2009	2
NS19843B	1	1	1	-1	-1	-1	5	2015	1
NS19843B	2	1	1	-1	-1	-1	7	2014	1
NS19843B	3	1	1	-1	-1	-1	4	2012	1
NS19843B	4	1	2	-1	-1	-1	5	2010	2
NS19845D	1	1	1	-1	-1	-1	5	2006	1
NS19851T	1	1	1	-1	-1	-1	9	2010	1
NS19851T	2	5	-1	1	1	-1	9	2002	6
NS19854X	1	1	1	-1	-1	-1	9	2013	1
NS19854X	2	5	-1	1	3	-1	9	2010	6
NS19854X	3	1	1	-1	-1	-1	10	2009	1
NS19855Y	1	1	1	-1	-1	-1	1	2014	1
NS19855Y	2	1	1	-1	-1	-1	7	2013	1
NS19855Y	3	1	2	-1	-1	-1	3	2013	2
NS19855Y	4	4	-1	-1	-1	-1	10	2012	5
NS19855Y	5	5	-1	1	3	-1	9	2009	6
NS19855Y	6	5	-1	1	2	-1	9	2008	6
NS19859C	1	1	1	-1	-1	-1	11	2010	1
NS19859C	2	1	2	-1	-1	-1	12	2006	2
NS19859C	3	5	-1	1	1	-1	9	2001	6
NS19861N	1	1	1	-1	-1	-1	9	2009	1
NS19864R	1	5	-1	2	2	-1	9	2007	7
NS19867V	1	5	-1	1	2	-1	9	2008	6
NS19868W	1	1	1	-1	-1	-1	4	2008	1
NS19870G	1	4	-1	-1	-1	-1	6	2011	5
NS19870G	2	5	-1	1	3	-1	9	2008	6
NS19872J	1	5	-1	1	3	-1	9	2013	6
NS19872J	2	1	1	-1	-1	-1	9	2012	1
NS19872J	3	5	-1	1	3	-1	9	2008	6
NS19874L	1	9	-1	-1	-1	-1	10	2014	13
NS19874L	2	1	1	-1	-1	-1	3	2014	1
NS19874L	3	1	1	-1	-1	-1	7	2008	1
NS19876N	1	1	2	-1	-1	-1	9	2007	2
NS19876N	2	6	1	-1	-1	-1	10	2006	12
NS19876N	3	5	-1	1	1	-1	9	2001	6
NS19877P	1	2	2	-1	-1	-1	10	2006	4
NS19877P	2	5	-1	1	2	-1	9	2005	6
NS19879R	1	1	1	-1	-1	-1	9	2014	1
NS19879R	2	1	1	-1	-1	-1	3	2014	1
NS19879R	3	1	2	-1	-1	-1	9	2013	2
NS19879R	4	4	-1	-1	-1	-1	7	2012	5
NS19879R	5	5	-1	1	3	-1	9	2008	6
NS19884F	1	1	2	-1	-1	-1	9	2008	2
NS19885G	1	5	-1	1	2	-1	9	2011	6
NS19885G	2	9	-1	-1	-1	-1	5	2008	13
NS19886H	1	5	-1	1	4	-1	9	2014	6
NS19886H	2	1	1	-1	-1	-1	8	2012	1
NS19886H	3	5	-1	1	3	-1	10	2008	6
NS19887J	1	1	1	-1	-1	-1	4	2012	1
NS19887J	2	5	-1	1	3	-1	10	2008	6
NS19888K	1	5	-1	1	3	-1	9	2009	6
NS19892Y	1	9	-1	-1	-1	-1	5	2014	13
NS19892Y	2	1	2	-1	-1	-1	4	2012	2
NS19892Y	3	1	1	-1	-1	-1	5	2007	1
NS19895B	1	1	1	-1	-1	-1	8	2011	1
NS19895B	2	5	-1	1	3	-1	9	2008	6
NS19896C	1	1	2	-1	-1	-1	10	2008	2
NS19896C	2	6	2	-1	-1	-1	-8	-8	12
NS19898E	1	1	2	-1	-1	-1	2	2013	2
NS19898E	2	5	-1	1	3	-1	9	2009	6
NS19899F	1	5	-1	1	3	-1	9	2008	6
NS19900X	1	1	1	-1	-1	-1	1	2013	1
NS19900X	2	1	1	-1	-1	-1	10	2010	1
NS19900X	3	10	-1	-1	-1	-1	7	2010	14
NS19901Y	1	5	-1	1	3	-1	9	2012	6
NS19901Y	2	1	2	-1	-1	-1	9	2011	2
NS19901Y	3	5	-1	1	3	-1	9	2008	6
NS19903A	1	1	1	-1	-1	-1	1	2011	1
NS19903A	2	4	-1	-1	-1	-1	-8	-8	5
NS19905C	1	1	1	-1	-1	-1	1	2015	1
NS19905C	2	1	1	-1	-1	-1	-9	-9	1
NS19906D	1	5	-1	1	3	-1	9	2011	6
NS19906D	2	5	-1	1	3	-1	9	2008	6
NS19909G	1	1	2	-1	-1	-1	10	2009	2
NS19910R	1	4	-1	-1	-1	-1	6	2012	5
NS19910R	2	5	-1	1	3	-1	10	2009	6
NS19912T	1	1	1	-1	-1	-1	11	2014	1
NS19912T	2	1	1	-1	-1	-1	9	2013	1
NS19912T	3	1	1	-1	-1	-1	9	2012	1
NS19912T	4	5	-1	1	3	-1	9	2008	6
NS19921M	1	4	-1	-1	-1	-1	7	2011	5
NS19921M	2	5	-1	1	3	-1	8	2008	6
NS19922N	1	1	1	-1	-1	-1	4	2012	1
NS19922N	2	4	-1	-1	-1	-1	6	2011	5
NS19922N	3	3	1	-1	-1	-1	6	2010	11
NS19922N	4	1	1	-1	-1	-1	1	2006	1
NS19929W	1	5	-1	2	4	-1	10	2010	7
NS19929W	2	5	-1	1	2	-1	9	2008	6
NS19933J	1	2	2	-1	-1	-1	4	2015	4
NS19933J	2	2	2	-1	-1	-1	4	2015	4
NS19933J	3	5	-1	2	3	-1	9	2012	7
NS19933J	4	5	-1	1	3	-1	9	2009	6
NS19934K	1	1	1	-1	-1	-1	9	2012	1
NS19934K	2	5	-1	1	3	-1	9	2008	6
NS19937N	1	5	-1	1	3	-1	9	2008	6
NS19947H	1	5	-1	1	3	-1	9	2009	6
NS19950V	1	1	2	-1	-1	-1	8	2013	2
NS19950V	2	5	-1	1	3	-1	9	2012	6
NS19950V	3	3	2	-1	-1	-1	-9	2012	11
NS19952X	1	1	1	-1	-1	-1	12	2012	1
NS19952X	2	4	-1	-1	-1	-1	8	2012	5
NS19952X	3	5	-1	1	3	-1	9	2009	6
NS19953Y	1	5	-1	1	3	-1	9	2014	6
NS19953Y	2	5	-1	1	2	-1	9	2013	6
NS19953Y	3	5	-1	1	1	-1	9	1995	6
NS19956B	1	1	1	-1	-1	-1	8	2014	1
NS19956B	2	1	1	-1	-1	-1	10	2012	1
NS19956B	3	1	1	-1	-1	-1	7	2012	1
NS19956B	4	4	-1	-1	-1	-1	6	2012	5
NS19956B	5	5	-1	1	3	-1	9	2009	6
NS19963S	1	4	-1	-1	-1	-1	7	2009	5
NS19963S	2	5	-1	1	2	-1	9	2007	6
NS19963S	3	5	-1	1	1	-1	9	2000	6
NS19967X	1	5	-1	1	3	-1	9	2008	6
NS19968Y	1	5	-1	1	3	-1	2	2011	6
NS19968Y	2	5	-1	1	3	-1	9	2008	6
NS19968Y	3	5	-1	1	1	-1	9	2001	6
NS19970J	1	1	2	-1	-1	-1	7	2013	2
NS19970J	2	5	-1	1	3	-1	10	2009	6
NS19972L	1	8	-1	-1	-1	2	4	1990	10
NS19973M	1	1	2	-1	-1	-1	5	2014	2
NS19973M	2	1	2	-1	-1	-1	2	2014	2
NS19973M	3	1	1	-1	-1	-1	6	2013	1
NS19973M	4	1	2	-1	-1	-1	11	2012	2
NS19973M	5	9	-1	-1	-1	-1	1	2012	13
NS19973M	6	1	1	-1	-1	-1	2	2011	1
NS19973M	7	1	1	-1	-1	-1	11	2010	1
NS19973M	8	1	1	-1	-1	-1	4	2010	1
NS19973M	9	1	1	-1	-1	-1	2	2009	1
NS19973M	10	1	1	-1	-1	-1	10	2007	1
NS19973M	11	5	-1	1	1	-1	9	2001	6
NS19977R	1	2	2	-1	-1	-1	1	2011	4
NS19977R	2	1	1	-1	-1	-1	6	2009	1
NS19981E	1	1	1	-1	-1	-1	4	2015	1
NS19981E	2	1	1	-1	-1	-1	9	2013	1
NS19981E	3	6	1	-1	-1	-1	9	2008	12
NS19981E	4	5	-1	1	1	-1	9	1994	6
NS19982F	1	1	1	-1	-1	-1	9	2007	1
NS19984H	1	1	2	-1	-1	-1	1	2015	2
NS19984H	2	1	2	-1	-1	-1	8	2009	2
NS19984H	3	5	-1	1	2	-1	9	2007	6
NS19985J	1	5	-1	1	1	-1	-8	-8	6
NS19987L	1	1	1	-1	-1	-1	6	2011	1
NS19987L	2	1	2	-1	-1	-1	6	2011	2
NS19987L	3	1	2	-1	-1	-1	9	2009	2
NS19988M	1	3	1	-1	-1	-1	9	2015	11
NS19988M	2	3	1	-1	-1	-1	1	2015	11
NS19988M	3	1	1	-1	-1	-1	5	2013	1
NS19988M	4	1	1	-1	-1	-1	3	2013	1
NS19988M	5	1	1	-1	-1	-1	-8	-8	1
NS19991Z	1	1	1	-1	-1	-1	1	2012	1
NS19991Z	2	5	-1	1	3	-1	9	2011	6
NS19991Z	3	3	2	-1	-1	-1	1	2010	11
NS19991Z	4	5	-1	1	3	-1	9	2008	6
NS19991Z	5	5	-1	1	2	-1	9	2006	6
NS19995D	1	3	1	-1	-1	-1	9	2011	11
NS19995D	2	5	-1	1	3	-1	9	2008	6
NS19999H	1	1	2	-1	-1	-1	8	2008	2
NS20007J	1	1	1	-1	-1	-1	4	2012	1
NS20007J	2	5	-1	1	3	-1	9	2008	6
NS20008K	1	5	-1	1	3	-1	9	2013	6
NS20008K	2	1	1	-1	-1	-1	9	2011	1
NS20008K	3	1	2	-1	-1	-1	2	2010	2
NS20008K	4	3	2	-1	-1	-1	7	2009	11
NS20008K	5	4	-1	-1	-1	-1	6	2006	5
NS20009L	1	5	-1	1	3	-1	9	2013	6
NS20009L	2	5	-1	1	3	-1	9	2012	6
NS20009L	3	1	2	-1	-1	-1	9	2011	2
NS20009L	4	5	-1	1	3	-1	10	2008	6
NS20012Y	1	2	2	-1	-1	-1	9	2013	4
NS20012Y	2	1	1	-1	-1	-1	8	2012	1
NS20012Y	3	5	-1	1	3	-1	7	2009	6
NS20013Z	1	1	2	-1	-1	-1	3	2012	2
NS20013Z	2	5	-1	1	3	-1	9	2009	6
NS20015B	1	1	1	-1	-1	-1	11	2012	1
NS20015B	2	1	2	-1	-1	-1	1	2011	2
NS20015B	3	1	2	-1	-1	-1	9	2009	2
NS20016C	1	1	1	-1	-1	-1	5	2011	1
NS20016C	2	1	2	-1	-1	-1	3	2009	2
NS20017D	1	1	1	-1	-1	-1	1	2011	1
NS20017D	2	5	-1	1	3	-1	9	2007	6
NS20022S	1	3	1	-1	-1	-1	11	2012	11
NS20022S	2	5	-1	1	3	-1	9	2008	6
NS20024V	1	2	2	-1	-1	-1	9	2012	4
NS20024V	2	5	-1	1	3	-1	9	2011	6
NS20024V	3	1	1	-1	-1	-1	4	2009	1
NS20024V	4	4	-1	-1	-1	-1	11	2008	5
NS20024V	5	1	1	-1	-1	-1	4	2008	1
NS20026X	1	10	-1	-1	-1	-1	1	2012	14
NS20026X	2	1	1	-1	-1	-1	7	2011	1
NS20026X	3	5	-1	1	3	-1	9	2008	6
NS20029A	1	5	-1	1	3	-1	10	2008	6
NS20029A	2	5	-1	1	2	-1	9	2006	6
NS20030K	1	1	1	-1	-1	-1	2	2011	1
NS20030K	2	4	-1	-1	-1	-1	-8	2010	5
NS20030K	3	-8	-1	-1	-1	-1	-8	-8	-8
NS20032M	1	10	-1	-1	-1	-1	9	2012	14
NS20032M	2	5	-1	1	3	-1	10	2008	6
NS20036R	1	4	-1	-1	-1	-1	4	2010	5
NS20039V	1	5	-1	1	3	-1	9	2010	6
NS20039V	2	1	2	-1	-1	-1	11	2007	2
NS20041F	1	1	1	-1	-1	-1	11	2013	1
NS20041F	2	5	-1	1	3	-1	10	2012	6
NS20041F	3	5	-1	1	3	-1	10	2009	6
NS20042G	1	1	1	-1	-1	-1	9	2013	1
NS20042G	2	4	-1	-1	-1	-1	2	2013	5
NS20042G	3	1	1	-1	-1	-1	10	2011	1
NS20042G	4	4	-1	-1	-1	-1	3	2010	5
NS20043H	1	1	1	-1	-1	-1	9	2012	1
NS20043H	2	5	-1	1	3	-1	10	2008	6
NS20051A	1	1	2	-1	-1	-1	9	2009	2
NS20051A	2	4	-1	-1	-1	-1	7	2008	5
NS20053C	1	1	1	-1	-1	-1	6	2011	1
NS20053C	2	5	-1	1	3	-1	9	2008	6
NS20053C	3	5	-1	1	2	-1	9	2006	6
NS20058H	1	1	2	-1	-1	-1	11	2012	2
NS20058H	2	5	-1	1	3	-1	9	2008	6
NS20059J	1	1	2	-1	-1	-1	3	2007	2
NS20061V	1	1	1	-1	-1	-1	-9	-9	1
NS20067B	1	1	1	-1	-1	-1	1	2008	1
NS20068C	1	6	1	-1	-1	-1	8	2014	12
NS20068C	2	1	1	-1	-1	-1	10	2012	1
NS20068C	3	3	2	-1	-1	-1	12	2010	11
NS20068C	4	1	2	-1	-1	-1	6	2010	2
NS20068C	5	1	1	-1	-1	-1	7	2008	1
NS20069D	1	1	1	-1	-1	-1	9	2006	1
NS20071P	1	1	1	-1	-1	-1	11	2007	1
NS20072Q	1	1	1	-1	-1	-1	7	2011	1
NS20072Q	2	5	-1	1	3	-1	9	2008	6
NS20079Y	1	1	2	-1	-1	-1	6	2011	2
NS20079Y	2	5	-1	1	3	-1	9	2008	6
NS20079Y	3	5	-1	1	2	-1	9	2006	6
NS20080H	1	1	2	-1	-1	-1	2	2013	2
NS20080H	2	1	1	-1	-1	-1	9	2010	1
NS20080H	3	5	-1	1	2	-1	9	2008	6
NS20085N	1	4	-1	-1	-1	-1	1	2008	5
NS20088R	1	1	1	-1	-1	-1	9	2007	1
NS20089S	1	9	-1	-1	-1	-1	9	2014	13
NS20089S	2	4	-1	-1	-1	-1	1	2006	5
NS20094G	1	4	-1	-1	-1	-1	7	2013	5
NS20094G	2	5	-1	1	3	-1	9	2010	6
NS20094G	3	5	-1	1	2	-1	9	2008	6
NS20095H	1	10	-1	-1	-1	-1	3	2014	14
NS20095H	2	4	-1	-1	-1	-1	6	2013	5
NS20095H	3	5	-1	1	3	-1	9	2010	6
NS20095H	4	1	2	-1	-1	-1	10	2008	2
NS20098L	1	4	-1	-1	-1	-1	6	2014	5
NS20098L	2	1	2	-1	-1	-1	2	2012	2
NS20098L	3	5	-1	1	3	-1	9	2010	6
NS20098L	4	5	-1	1	2	-1	9	2007	6
NS20099M	1	9	-1	-1	-1	-1	9	2014	13
NS20099M	2	1	1	-1	-1	-1	5	2014	1
NS20099M	3	1	2	-1	-1	-1	10	2013	2
NS20099M	4	1	1	-1	-1	-1	5	2013	1
NS20099M	5	1	1	-1	-1	-1	9	2012	1
NS20099M	6	1	1	-1	-1	-1	4	2012	1
NS20099M	7	3	2	-1	-1	-1	7	2011	11
NS20099M	8	5	-1	1	3	-1	9	2008	6
NS20099M	9	5	-1	1	2	-1	9	2006	6
NS20100D	1	5	-1	1	3	-1	9	2009	6
NS20103G	1	1	1	-1	-1	-1	9	2009	1
NS20103G	2	1	1	-1	-1	-1	11	2008	1
NS20103G	3	1	1	-1	-1	-1	7	2008	1
NS20105J	1	1	2	-1	-1	-1	2	2013	2
NS20105J	2	9	-1	-1	-1	-1	3	2012	13
NS20105J	3	1	1	-1	-1	-1	10	2007	1
NS20105J	4	9	-1	-1	-1	-1	5	2006	13
NS20106K	1	5	-1	1	3	-1	9	2008	6
NS20106K	2	5	-1	1	3	-1	9	2008	6
NS20106K	3	5	-1	1	3	-1	9	2008	6
NS20106K	4	5	-1	1	-9	-1	-8	-8	6
NS20108M	1	1	1	-1	-1	-1	4	2015	1
NS20108M	2	4	-1	-1	-1	-1	7	2012	5
NS20108M	3	5	-1	1	3	-1	9	2008	6
NS20108M	4	5	-1	1	2	-1	9	2006	6
NS20111Z	1	1	1	-1	-1	-1	1	2013	1
NS20111Z	2	1	2	-1	-1	-1	10	2012	2
NS20111Z	3	3	1	-1	-1	-1	9	2012	11
NS20111Z	4	1	2	-1	-1	-1	7	2012	2
NS20111Z	5	5	-1	1	3	-1	9	2009	6
NS20112A	1	1	1	-1	-1	-1	10	2014	1
NS20112A	2	10	-1	-1	-1	-1	5	2014	14
NS20112A	3	1	1	-1	-1	-1	6	2013	1
NS20112A	4	4	-1	-1	-1	-1	12	2012	5
NS20112A	5	1	1	-1	-1	-1	9	2011	1
NS20112A	6	5	-1	1	3	-1	9	2008	6
NS20114C	1	1	1	-1	-1	-1	10	2013	1
NS20114C	2	1	1	-1	-1	-1	9	2011	1
NS20114C	3	5	-1	1	3	-1	9	2008	6
NS20115D	1	1	2	-1	-1	-1	7	2007	2
NS20115D	2	5	-1	1	1	-1	9	2006	6
NS20116E	1	10	-1	-1	-1	-1	8	2013	14
NS20116E	2	1	1	-1	-1	-1	6	2011	1
NS20116E	3	5	-1	1	3	-1	9	2008	6
NS20117F	1	5	-1	1	3	-1	8	2008	6
NS20120S	1	1	2	-1	-1	-1	11	2014	2
NS20120S	2	5	-1	1	3	-1	9	2008	6
NS20121T	1	1	1	-1	-1	-1	8	2012	1
NS20121T	2	1	1	-1	-1	-1	8	2011	1
NS20121T	3	1	2	-1	-1	-1	9	2010	2
NS20121T	4	10	-1	-1	-1	-1	7	2010	14
NS20123W	1	1	2	-1	-1	-1	11	2009	2
NS20123W	2	4	-1	-1	-1	-1	6	2008	5
NS20124X	1	1	1	-1	-1	-1	6	2012	1
NS20124X	2	5	-1	1	3	-1	9	2008	6
NS20125Y	1	1	1	-1	-1	-1	8	2014	1
NS20125Y	2	1	1	-1	-1	-1	8	2013	1
NS20125Y	3	5	-1	1	3	-1	8	2008	6
NS20126Z	1	1	2	-1	-1	-1	10	2013	2
NS20126Z	2	3	2	-1	-1	-1	7	2013	11
NS20126Z	3	5	-1	1	3	-1	10	2009	6
NS20126Z	4	5	-1	1	2	-1	9	2007	6
NS20127A	1	1	1	-1	-1	-1	6	2013	1
NS20127A	2	1	2	-1	-1	-1	10	2012	2
NS20127A	3	4	-1	-1	-1	-1	6	2012	5
NS20127A	4	5	-1	1	3	-1	9	2009	6
NS20129C	1	6	1	-1	-1	-1	9	2012	12
NS20129C	2	5	-1	1	2	-1	6	2010	6
NS20142J	1	4	-1	-1	-1	-1	6	2013	5
NS20142J	2	5	-1	1	2	-1	9	2012	6
NS20142J	3	1	1	-1	-1	-1	2	2010	1
NS20142J	4	5	-1	1	3	-1	9	2008	6
NS20148Q	1	1	2	-1	-1	-1	9	2011	2
NS20148Q	2	4	-1	-1	-1	-1	-8	-8	5
NS20152D	1	5	-1	1	3	-1	9	2008	6
NS20153E	1	1	1	-1	-1	-1	-9	-9	1
NS20154F	1	2	1	-1	-1	-1	8	2014	3
NS20154F	2	5	-1	1	3	-1	9	2009	6
NS20155G	1	5	-1	1	3	-1	9	2009	6
NS20156H	1	1	1	-1	-1	-1	4	2013	1
NS20156H	2	1	1	-1	-1	-1	3	2013	1
NS20156H	3	4	-1	-1	-1	-1	1	2013	5
NS20156H	4	1	1	-1	-1	-1	1	2012	1
NS20156H	5	1	2	-1	-1	-1	7	2011	2
NS20156H	6	1	1	-1	-1	-1	4	2011	1
NS20156H	7	4	-1	-1	-1	-1	8	2010	5
NS20156H	8	5	-1	1	2	-1	9	2006	6
NS20159L	1	10	-1	-1	-1	-1	7	2011	14
NS20159L	2	5	-1	1	3	-1	9	2008	6
NS20163Z	1	4	-1	-1	-1	-1	12	2011	5
NS20163Z	2	1	1	-1	-1	-1	-8	-8	1
NS20164A	1	1	1	-1	-1	-1	5	2013	1
NS20164A	2	1	1	-1	-1	-1	4	2013	1
NS20164A	3	1	1	-1	-1	-1	1	2012	1
NS20164A	4	1	1	-1	-1	-1	1	2010	1
NS20164A	5	1	1	-1	-1	-1	1	2008	1
NS20164A	6	6	1	-1	-1	-1	11	2006	12
NS20166C	1	4	-1	-1	-1	-1	2	2013	5
NS20166C	2	1	1	-1	-1	-1	10	2011	1
NS20166C	3	1	1	-1	-1	-1	6	2010	1
NS20168E	1	1	2	-1	-1	-1	1	2012	2
NS20168E	2	5	-1	1	2	-1	9	2010	6
NS20168E	3	1	2	-1	-1	-1	9	2009	2
NS20169F	1	1	1	-1	-1	-1	5	2014	1
NS20169F	2	1	1	-1	-1	-1	6	2011	1
NS20169F	3	5	-1	1	3	-1	9	2008	6
NS20172S	1	1	2	-1	-1	-1	1	2012	2
NS20172S	2	1	2	-1	-1	-1	12	2011	2
NS20172S	3	1	1	-1	-1	-1	3	2010	1
NS20172S	4	1	2	-1	-1	-1	7	2006	2
NS20173T	1	1	2	-1	-1	-1	10	2014	2
NS20173T	2	1	2	-1	-1	-1	8	2014	2
NS20173T	3	4	-1	-1	-1	-1	11	2013	5
NS20173T	4	1	1	-1	-1	-1	10	2007	1
NS20173T	5	4	-1	-1	-1	-1	12	2006	5
NS20173T	6	1	2	-1	-1	-1	10	2006	2
NS20173T	7	4	-1	-1	-1	-1	7	2006	5
NS20177Y	1	1	1	-1	-1	-1	7	2015	1
NS20177Y	2	1	1	-1	-1	-1	4	2014	1
NS20177Y	3	1	1	-1	-1	-1	9	2011	1
NS20177Y	4	5	-1	1	3	-1	9	2008	6
NS20179A	1	1	1	-1	-1	-1	9	2009	1
NS20179A	2	1	1	-1	-1	-1	7	2008	1
NS20179A	3	5	-1	1	1	-1	9	2001	6
NS20182M	1	6	1	-1	-1	-1	7	2006	12
NS20186R	1	5	-1	1	3	-1	9	2008	6
NS20190E	1	1	1	-1	-1	-1	4	2012	1
NS20190E	2	1	2	-1	-1	-1	9	2009	2
NS20190E	3	5	-1	1	2	-1	9	2007	6
NS20195K	1	1	1	-1	-1	-1	8	2012	1
NS20195K	2	5	-1	1	3	-1	10	2009	6
NS20197M	1	5	-1	1	2	-1	9	2009	6
NS20198N	1	1	1	-1	-1	-1	6	2006	1
NS20200F	1	1	1	-1	-1	-1	9	2007	1
NS20200F	2	1	1	-1	-1	-1	6	2007	1
NS20200F	3	5	-1	1	1	-1	-8	-8	6
NS20201G	1	2	1	-1	-1	-1	6	2006	3
NS20202H	1	1	1	-1	-1	-1	9	2012	1
NS20202H	2	5	-1	1	3	-1	9	2008	6
NS20203J	1	1	1	-1	-1	-1	4	2014	1
NS20203J	2	2	1	-1	-1	-1	6	2012	3
NS20203J	3	1	2	-1	-1	-1	10	2006	2
NS20205L	1	1	1	-1	-1	-1	5	2012	1
NS20205L	2	1	1	-1	-1	-1	7	2008	1
NS20206M	1	4	2	-1	-1	-1	5	2013	5
NS20206M	2	1	2	-1	-1	-1	2	2011	2
NS20206M	3	5	-1	1	2	-1	9	2007	6
NS20207N	1	5	-1	1	2	-1	9	2006	6
NS20210A	1	1	2	-1	-1	-1	10	2013	2
NS20210A	2	1	2	-1	-1	-1	6	2010	2
NS20212C	1	1	1	-1	-1	-1	1	2015	1
NS20212C	2	1	2	-1	-1	-1	-8	-8	2
NS20215F	1	1	1	-1	-1	-1	9	2013	1
NS20215F	2	3	1	-1	-1	-1	9	2012	11
NS20215F	3	4	-1	-1	-1	-1	9	2011	5
NS20215F	4	5	-1	1	3	-1	9	2008	6
NS20217H	1	1	1	-1	-1	-1	12	2008	1
NS20219K	1	4	-1	-1	-1	-1	2	2016	5
NS20219K	2	1	1	-1	-1	-1	10	2015	1
NS20219K	3	3	2	-1	-1	-1	7	2015	11
NS20219K	4	5	-1	1	3	-1	10	2014	6
NS20219K	5	1	1	-1	-1	-1	6	2014	1
NS20219K	6	5	-1	1	4	-1	5	2014	6
NS20219K	7	1	1	-1	-1	-1	10	2012	1
NS20219K	8	1	1	-1	-1	-1	9	2011	1
NS20219K	9	5	-1	1	3	-1	10	2008	6
NS20221W	1	1	1	-1	-1	-1	10	2013	1
NS20221W	2	1	1	-1	-1	-1	7	2012	1
NS20221W	3	10	-1	-1	-1	-1	8	2011	14
NS20221W	4	5	-1	1	3	-1	10	2008	6
NS20222X	1	5	-1	1	3	-1	9	2008	6
NS20223Y	1	1	2	-1	-1	-1	3	2015	2
NS20223Y	2	1	2	-1	-1	-1	9	2014	2
NS20223Y	3	10	-1	-1	-1	-1	1	2013	14
NS20223Y	4	1	1	-1	-1	-1	1	2012	1
NS20223Y	5	1	-8	-1	-1	-1	1	2011	-8
NS20223Y	6	10	-1	-1	-1	-1	1	2007	14
NS20224Z	1	1	1	-1	-1	-1	6	2011	1
NS20224Z	2	1	1	-1	-1	-1	11	2007	1
NS20226B	1	1	1	-1	-1	-1	2	2013	1
NS20226B	2	5	-1	1	3	-1	9	2010	6
NS20226B	3	5	-1	1	2	-1	9	2008	6
NS20229E	1	5	-1	1	3	-1	9	2013	6
NS20229E	2	1	1	-1	-1	-1	1	2013	1
NS20229E	3	5	-1	1	3	-1	10	2009	6
NS20229E	4	1	2	-1	-1	-1	9	2008	2
NS20230P	1	1	2	-1	-1	-1	11	2009	2
NS20230P	2	1	2	-1	-1	-1	11	2009	2
NS20230P	3	1	2	-1	-1	-1	11	2009	2
NS20230P	4	5	-1	1	3	-1	9	2009	6
NS20230P	5	1	1	-1	-1	-1	9	2008	1
NS20231Q	1	1	1	-1	-1	-1	7	2012	1
NS20231Q	2	5	-1	1	2	-1	9	2011	6
NS20231Q	3	1	1	-1	-1	-1	5	2010	1
NS20235V	1	3	1	-1	-1	-1	1	2014	11
NS20235V	2	2	1	-1	-1	-1	1	2013	3
NS20235V	3	4	-1	-1	-1	-1	2	2007	5
NS20237X	1	1	1	-1	-1	-1	5	2013	1
NS20237X	2	5	-1	1	2	-1	9	2012	6
NS20237X	3	1	1	-1	-1	-1	1	2007	1
NS20240J	1	1	1	-1	-1	-1	9	2014	1
NS20240J	2	5	-1	1	3	-1	9	2010	6
NS20240J	3	5	-1	1	3	-1	9	2009	6
NS20240J	4	5	-1	1	2	-1	9	2007	6
NS20240J	5	5	-1	1	1	-1	9	2006	6
NS20242L	1	1	1	-1	-1	-1	1	2013	1
NS20242L	2	1	1	-1	-1	-1	9	2012	1
NS20242L	3	1	1	-1	-1	-1	1	2012	1
NS20242L	4	1	1	-1	-1	-1	7	2010	1
NS20243M	1	1	1	-1	-1	-1	6	2005	1
NS20244N	1	5	-1	1	3	-1	9	2011	6
NS20244N	2	5	-1	1	2	-1	9	2009	6
NS20247R	1	4	-1	-1	-1	-1	7	2011	5
NS20247R	2	1	2	-1	-1	-1	12	2010	2
NS20247R	3	1	1	-1	-1	-1	7	2009	1
NS20248S	1	2	2	-1	-1	-1	9	2009	4
NS20249T	1	5	-1	1	3	-1	9	2008	6
NS20252F	1	1	1	-1	-1	-1	8	2014	1
NS20252F	2	1	1	-1	-1	-1	9	2006	1
NS20253G	1	5	-1	1	3	-1	10	2009	6
NS20264C	1	1	1	-1	-1	-1	7	2012	1
NS20264C	2	5	-1	1	3	-1	9	2008	6
NS20265D	1	1	1	-1	-1	-1	9	2014	1
NS20265D	2	5	-1	1	3	-1	9	2008	6
NS20266E	1	8	-1	-1	-1	2	6	2014	10
NS20266E	2	5	-1	1	2	-1	10	2012	6
NS20266E	3	4	-1	-1	-1	-1	9	2012	5
NS20266E	4	10	-1	-1	-1	-1	5	2011	14
NS20266E	5	1	2	-1	-1	-1	4	2011	2
NS20266E	6	4	-1	-1	-1	-1	10	2009	5
NS20268G	1	1	2	-1	-1	-1	2	2013	2
NS20268G	2	4	-1	-1	-1	-1	2	2012	5
NS20268G	3	2	2	-1	-1	-1	6	2007	4
NS20268G	4	5	-1	1	2	-1	10	2006	6
NS20268G	5	10	-1	-1	-1	-1	-8	-8	14
NS20269H	1	1	1	-1	-1	-1	6	2013	1
NS20269H	2	4	-1	-1	-1	-1	1	2013	5
NS20269H	3	1	2	-1	-1	-1	6	2012	2
NS20269H	4	1	1	-1	-1	-1	9	2007	1
NS20269H	5	5	-1	1	2	-1	9	2006	6
NS20271T	1	1	1	-1	-1	-1	6	2011	1
NS20271T	2	5	-1	1	3	-1	9	2008	6
NS20272V	1	1	2	-1	-1	-1	7	2012	2
NS20272V	2	1	2	-1	-1	-1	7	2012	2
NS20272V	3	1	2	-1	-1	-1	1	2010	2
NS20272V	4	5	-1	1	3	-1	9	2009	6
NS20272V	5	1	2	-1	-1	-1	3	2005	2
NS20274X	1	5	-1	1	3	-1	9	2008	6
NS20276Z	1	1	1	-1	-1	-1	7	2010	1
NS20276Z	2	1	1	-1	-1	-1	2	2009	1
NS20279C	1	5	-1	1	3	-1	9	2008	6
NS20281N	1	1	1	-1	-1	-1	8	2011	1
NS20281N	2	1	1	-1	-1	-1	6	2009	1
NS20285S	1	5	-1	1	3	-1	9	2008	6
NS20287V	1	1	1	-1	-1	-1	6	2010	1
NS20287V	2	9	-1	-1	-1	-1	4	2009	13
NS20287V	3	5	-1	1	1	-1	1	2001	6
NS20288W	1	1	1	-1	-1	-1	7	2008	1
NS20288W	2	6	1	-1	-1	-1	8	2006	12
NS20289X	1	5	-1	1	3	-1	10	2012	6
NS20289X	2	5	-1	1	3	-1	10	2008	6
NS20290G	1	5	-1	1	1	-1	9	1993	6
NS20294L	1	1	1	-1	-1	-1	11	2011	1
NS20294L	2	5	-1	1	3	-1	9	2008	6
NS20296N	1	2	1	-1	-1	-1	6	2015	3
NS20296N	2	1	2	-1	-1	-1	3	2014	2
NS20296N	3	5	-1	1	3	-1	9	2012	6
NS20296N	4	1	2	-1	-1	-1	2	2011	2
NS20296N	5	5	-1	1	3	-1	9	2009	6
NS20298Q	1	4	-1	-1	-1	-1	7	2012	5
NS20298Q	2	5	-1	1	2	-1	9	2007	6
NS20299R	1	1	1	-1	-1	-1	6	2013	1
NS20299R	2	1	1	-1	-1	-1	5	2008	1
NS20300H	1	1	1	-1	-1	-1	5	2014	1
NS20300H	2	10	-1	-1	-1	-1	2	2014	14
NS20300H	3	1	1	-1	-1	-1	11	2013	1
NS20300H	4	1	2	-1	-1	-1	5	2013	2
NS20300H	5	5	-1	1	3	-1	9	2009	6
NS20301J	1	1	1	-1	-1	-1	10	2006	1
NS20301J	2	5	-1	2	2	-1	9	2006	7
NS20303L	1	1	1	-1	-1	-1	9	2007	1
NS20306P	1	9	-1	-1	-1	-1	8	2010	13
NS20306P	2	7	-1	-1	-1	-1	3	2009	8
NS20307Q	1	1	1	-1	-1	-1	6	2010	1
NS20307Q	2	1	2	-1	-1	-1	6	2008	2
NS20308R	1	1	1	-1	-1	-1	7	2015	1
NS20308R	2	8	-1	-1	-1	1	2	2015	9
NS20308R	3	1	1	-1	-1	-1	8	2014	1
NS20308R	4	4	-1	-1	-1	-1	8	2013	5
NS20308R	5	1	2	-1	-1	-1	7	2013	2
NS20308R	6	4	-1	-1	-1	-1	5	2013	5
NS20308R	7	1	1	-1	-1	-1	10	2012	1
NS20308R	8	4	-1	-1	-1	-1	7	2012	5
NS20308R	9	5	-1	1	3	-1	9	2008	6
NS20313F	1	5	-1	2	2	-1	9	2015	7
NS20313F	2	4	-1	-1	-1	-1	3	2015	5
NS20313F	3	1	1	-1	-1	-1	2	2012	1
NS20313F	4	1	2	-1	-1	-1	2	2011	2
NS20313F	5	5	-1	1	3	-1	9	2009	6
NS20313F	6	5	-1	1	2	-1	9	2007	6
NS20313F	7	6	1	-1	-1	-1	9	2006	12
NS20314G	1	5	-1	1	3	-1	9	2011	6
NS20314G	2	5	-1	1	3	-1	9	2009	6
NS20315H	1	10	-1	-1	-1	-1	3	2015	14
NS20315H	2	10	-1	-1	-1	-1	2	2015	14
NS20315H	3	1	1	-1	-1	-1	9	2012	1
NS20315H	4	5	-1	1	3	-1	9	2009	6
NS20316J	1	1	1	-1	-1	-1	12	2012	1
NS20316J	2	10	-1	-1	-1	-1	9	2011	14
NS20316J	3	1	1	-1	-1	-1	3	2010	1
NS20316J	4	1	1	-1	-1	-1	4	2007	1
NS20318L	1	2	1	-1	-1	-1	10	2010	3
NS20318L	2	4	-1	-1	-1	-1	2	2010	5
NS20318L	3	6	1	-1	-1	-1	9	2008	12
NS20318L	4	5	-1	1	2	-1	9	2006	6
NS20319M	1	1	2	-1	-1	-1	8	2014	2
NS20319M	2	5	-1	1	3	-1	9	2012	6
NS20319M	3	1	1	-1	-1	-1	11	2011	1
NS20319M	4	5	-1	1	3	-1	9	2010	6
NS20319M	5	1	2	-1	-1	-1	7	2009	2
NS20326D	1	1	1	-1	-1	-1	9	2010	1
NS20326D	2	1	1	-1	-1	-1	7	2009	1
NS20331S	1	5	-1	1	3	-1	9	2012	6
NS20331S	2	5	-1	1	3	-1	9	2009	6
NS20332T	1	4	-1	-1	-1	-1	10	2011	5
NS20332T	2	10	-1	-1	-1	-1	9	2010	14
NS20332T	3	3	2	-1	-1	-1	9	2010	11
NS20332T	4	-8	-1	-1	-1	-1	9	2010	-8
NS20332T	5	-9	-1	-1	-1	-1	-9	-9	-8
NS20336Y	1	1	1	-1	-1	-1	5	2013	1
NS20336Y	2	1	2	-1	-1	-1	1	2013	2
NS20336Y	3	1	1	-1	-1	-1	11	2011	1
NS20336Y	4	1	2	-1	-1	-1	1	2011	2
NS20336Y	5	1	2	-1	-1	-1	1	2010	2
NS20339B	1	4	-1	-1	-1	-1	8	2011	5
NS20339B	2	5	-1	1	3	-1	9	2008	6
NS20341M	1	1	2	-1	-1	-1	11	2013	2
NS20341M	2	4	-1	-1	-1	-1	11	2012	5
NS20341M	3	1	2	-1	-1	-1	10	2011	2
NS20341M	4	1	1	-1	-1	-1	4	2006	1
NS20343P	1	1	1	-1	-1	-1	2	2010	1
NS20344Q	1	5	-1	1	3	-1	9	2008	6
NS20348V	1	1	2	-1	-1	-1	3	2013	2
NS20348V	2	1	2	-1	-1	-1	3	2013	2
NS20348V	3	4	-1	-1	-1	-1	-8	-8	5
NS20350F	1	4	-1	-1	-1	-1	2	2006	5
NS20353J	1	6	1	-1	-1	-1	6	2007	12
NS20355L	1	1	1	-1	-1	-1	11	2011	1
NS20355L	2	1	2	-1	-1	-1	9	2006	2
NS20360A	1	5	-1	1	3	-1	8	2011	6
NS20360A	2	1	1	-1	-1	-1	6	2010	1
NS20360A	3	5	-1	1	2	-1	8	2008	6
NS20362C	1	1	1	-1	-1	-1	5	2013	1
NS20362C	2	5	-1	1	3	-1	9	2008	6
NS20363D	1	1	1	-1	-1	-1	9	2010	1
NS20363D	2	1	2	-1	-1	-1	8	2008	2
NS20363D	3	1	1	-1	-1	-1	8	2006	1
NS20366G	1	1	1	-1	-1	-1	1	2015	1
NS20366G	2	1	1	-1	-1	-1	1	2015	1
NS20366G	3	1	1	-1	-1	-1	11	2014	1
NS20366G	4	10	-1	-1	-1	-1	8	2014	14
NS20366G	5	1	1	-1	-1	-1	1	2011	1
NS20366G	6	1	1	-1	-1	-1	10	2010	1
NS20366G	7	10	-1	-1	-1	-1	7	2010	14
NS20367H	1	5	-1	1	3	-1	10	2009	6
NS20368J	1	1	2	-1	-1	-1	2	2012	2
NS20368J	2	5	-1	1	3	-1	9	2009	6
NS20368J	3	5	-1	1	2	-1	9	2006	6
NS20370V	1	1	1	-1	-1	-1	1	2009	1
NS20371W	1	1	2	-1	-1	-1	6	2014	2
NS20371W	2	1	1	-1	-1	-1	2	2008	1
NS20373Y	1	1	2	-1	-1	-1	11	2013	2
NS20373Y	2	4	-1	-1	-1	-1	7	2013	5
NS20373Y	3	1	1	-1	-1	-1	7	2009	1
NS20373Y	4	5	-1	1	2	-1	9	2006	6
NS20377C	1	5	-1	1	3	-1	9	2008	6
NS20379E	1	1	2	-1	-1	-1	1	2012	2
NS20379E	2	4	-1	-1	-1	-1	9	2006	5
NS20382R	1	1	1	-1	-1	-1	1	2013	1
NS20382R	2	5	-1	1	3	-1	10	2009	6
NS20385V	1	5	-1	1	3	-1	10	2013	6
NS20385V	2	4	-1	-1	-1	-1	7	2010	5
NS20385V	3	5	-1	1	4	-1	1	2010	6
NS20386W	1	1	1	-1	-1	-1	1	2005	1
NS20391K	1	1	1	-1	-1	-1	2	2015	1
NS20391K	2	1	1	-1	-1	-1	10	2007	1
NS20391K	3	5	-1	1	1	-1	10	1993	6
NS20392L	1	5	-1	1	3	-1	9	2013	6
NS20392L	2	5	-1	1	2	-1	9	2012	6
NS20392L	3	9	-1	-1	-1	-1	11	2007	13
NS20392L	4	9	-1	-1	-1	-1	9	2006	13
NS20396Q	1	5	-1	1	3	-1	6	2011	6
NS20396Q	2	-9	-1	-1	-1	-1	-9	-9	-8
NS20397R	1	10	-1	-1	-1	-1	8	2014	14
NS20397R	2	1	1	-1	-1	-1	9	2012	1
NS20397R	3	1	1	-1	-1	-1	10	2011	1
NS20397R	4	5	-1	1	3	-1	9	2008	6
NS20398S	1	1	1	-1	-1	-1	11	2009	1
NS20398S	2	1	1	-1	-1	-1	7	2006	1
NS20402M	1	1	1	-1	-1	-1	9	2012	1
NS20402M	2	1	2	-1	-1	-1	1	2012	2
NS20402M	3	5	-1	1	3	-1	9	2008	6
NS20407S	1	5	-1	1	3	-1	10	2009	6
NS20408T	1	6	1	-1	-1	-1	7	2013	12
NS20408T	2	1	1	-1	-1	-1	5	2009	1
NS20408T	3	1	1	-1	-1	-1	11	2007	1
NS20408T	4	-8	-1	-1	-1	-1	2	-8	-8
NS20409V	1	1	1	-1	-1	-1	10	2013	1
NS20409V	2	1	1	-1	-1	-1	5	2013	1
NS20409V	3	1	1	-1	-1	-1	5	2012	1
NS20409V	4	5	-1	1	3	-1	9	2008	6
NS20414J	1	1	1	-1	-1	-1	6	2010	1
NS20418N	1	1	2	-1	-1	-1	2	2015	2
NS20418N	2	10	-1	-1	-1	-1	3	2014	14
NS20418N	3	1	1	-1	-1	-1	12	2008	1
NS20419P	1	1	2	-1	-1	-1	6	2001	2
NS20420Z	1	1	1	-1	-1	-1	11	2011	1
NS20420Z	2	1	2	-1	-1	-1	7	2008	2
NS20426F	1	1	1	-1	-1	-1	9	2014	1
NS20426F	2	5	-1	1	3	-1	9	2011	6
NS20426F	3	1	1	-1	-1	-1	1	2010	1
NS20429J	1	3	2	-1	-1	-1	3	2013	11
NS20429J	2	10	-1	-1	-1	-1	11	2012	14
NS20429J	3	1	1	-1	-1	-1	4	2009	1
NS20430T	1	5	-1	1	3	-1	10	2012	6
NS20430T	2	5	-1	1	3	-1	10	2009	6
NS20433X	1	5	-1	1	3	-1	9	2013	6
NS20433X	2	1	1	-1	-1	-1	11	2012	1
NS20433X	3	1	1	-1	-1	-1	11	2011	1
NS20433X	4	4	-1	-1	-1	-1	7	2011	5
NS20433X	5	5	-1	1	3	-1	9	2008	6
NS20434Y	1	1	1	-1	-1	-1	1	2015	1
NS20434Y	2	1	1	-1	-1	-1	7	2012	1
NS20434Y	3	1	2	-1	-1	-1	10	2011	2
NS20434Y	4	5	-1	1	3	-1	9	2008	6
NS20436A	1	4	-1	-1	-1	-1	1	2010	5
NS20439D	1	1	2	-1	-1	-1	9	2012	2
NS20439D	2	5	-1	1	2	-1	9	2011	6
NS20439D	3	4	-1	-1	-1	-1	5	2010	5
NS20442Q	1	1	1	-1	-1	-1	6	2013	1
NS20442Q	2	5	-1	1	3	-1	9	2008	6
NS20443R	1	1	1	-1	-1	-1	9	2012	1
NS20443R	2	1	1	-1	-1	-1	3	2010	1
NS20443R	3	5	-1	1	2	-1	9	2006	6
NS20444S	1	1	1	-1	-1	-1	5	2010	1
NS20446V	1	5	-1	1	3	-1	9	2009	6
NS20451J	1	1	1	-1	-1	-1	9	2011	1
NS20451J	2	6	1	-1	-1	-1	9	2008	12
NS20451J	3	5	-1	1	1	-1	9	1995	6
NS20455N	1	1	1	-1	-1	-1	12	2014	1
NS20455N	2	1	1	-1	-1	-1	11	2012	1
NS20455N	3	5	-1	1	2	-1	9	1995	6
NS20458R	1	4	-1	-1	-1	-1	9	2014	5
NS20458R	2	3	1	-1	-1	-1	3	2014	11
NS20458R	3	4	-1	-1	-1	-1	11	2013	5
NS20458R	4	1	1	-1	-1	-1	9	2011	1
NS20458R	5	1	2	-1	-1	-1	2	2011	2
NS20458R	6	3	1	-1	-1	-1	12	2010	11
NS20458R	7	4	-1	-1	-1	-1	7	2010	5
NS20458R	8	5	-1	1	3	-1	9	2008	6
NS20459S	1	4	-1	-1	-1	-1	11	2014	5
NS20459S	2	1	1	-1	-1	-1	10	2014	1
NS20459S	3	4	-1	-1	-1	-1	8	2013	5
NS20459S	4	1	2	-1	-1	-1	3	2012	2
NS20459S	5	5	-1	1	2	-1	9	2011	6
NS20459S	6	4	-1	-1	-1	-1	7	2007	5
NS20460C	1	1	2	-1	-1	-1	9	2008	2
NS20463F	1	1	1	-1	-1	-1	1	2013	1
NS20463F	2	1	2	-1	-1	-1	5	2011	2
NS20463F	3	9	-1	-1	-1	-1	7	2009	13
NS20463F	4	4	-1	-1	-1	-1	12	2008	5
NS20463F	5	1	1	-1	-1	-1	9	2006	1
NS20465H	1	5	-1	1	3	-1	9	2009	6
NS20466J	1	5	-1	1	2	-1	9	2013	6
NS20466J	2	1	1	-1	-1	-1	8	2011	1
NS20466J	3	4	-1	-1	-1	-1	7	2010	5
NS20466J	4	-8	-1	-1	-1	-1	7	2010	-8
NS20466J	5	-8	-1	-1	-1	-1	6	2010	-8
NS20468L	1	2	1	-1	-1	-1	1	2012	3
NS20468L	2	4	-1	-1	-1	-1	4	2009	5
NS20472Z	1	5	-1	1	3	-1	9	2009	6
NS20475C	1	9	-1	-1	-1	-1	12	2007	13
NS20476D	1	1	2	-1	-1	-1	12	2006	2
NS20476D	2	5	-1	1	2	-1	9	2006	6
NS20477E	1	3	2	-1	-1	-1	7	2009	11
NS20478F	1	1	1	-1	-1	-1	4	2011	1
NS20478F	2	1	2	-1	-1	-1	3	2011	2
NS20478F	3	1	2	-1	-1	-1	10	2010	2
NS20478F	4	4	-1	-1	-1	-1	9	2010	5
NS20483V	1	1	1	-1	-1	-1	11	2009	1
NS20486Y	1	4	-1	-1	-1	-1	3	2012	5
NS20486Y	2	1	1	-1	-1	-1	3	2011	1
NS20486Y	3	1	1	-1	-1	-1	11	2009	1
NS20486Y	4	4	-1	-1	-1	-1	-8	2008	5
NS20486Y	5	5	-1	1	1	-1	-8	2000	6
NS20490L	1	1	1	-1	-1	-1	6	2009	1
NS20490L	2	2	1	-1	-1	-1	9	2008	3
NS20490L	3	1	1	-1	-1	-1	9	2007	1
NS20490L	4	1	2	-1	-1	-1	1	2007	2
NS20490L	5	5	-1	1	1	-1	9	2000	6
NS20493P	1	5	-1	1	3	-1	9	2008	6
NS20495R	1	1	1	-1	-1	-1	5	2011	1
NS20495R	2	5	-1	1	3	-1	9	2008	6
NS20495R	3	5	-1	1	1	-1	9	2001	6
NS20497T	1	1	1	-1	-1	-1	5	2015	1
NS20497T	2	1	1	-1	-1	-1	6	2014	1
NS20497T	3	5	-1	1	3	-1	9	2010	6
NS20497T	4	1	1	-1	-1	-1	5	2010	1
NS20499W	1	1	1	-1	-1	-1	6	2011	1
NS20499W	2	1	2	-1	-1	-1	6	2009	2
NS20503Q	1	1	1	-1	-1	-1	8	2012	1
NS20503Q	2	5	-1	1	3	-1	9	2009	6
NS20504R	1	1	1	-1	-1	-1	6	2012	1
NS20504R	2	5	-1	1	3	-1	9	2009	6
NS20504R	3	1	1	-1	-1	-1	6	2008	1
NS20504R	4	5	-1	1	2	-1	9	2006	6
NS20505S	1	3	2	-1	-1	-1	8	2012	11
NS20505S	2	5	-1	1	4	-1	9	2011	6
NS20505S	3	5	-1	1	3	-1	9	2008	6
NS20506T	1	5	-1	1	1	-1	9	1995	6
NS20508W	1	4	-1	-1	-1	-1	6	2011	5
NS20508W	2	1	1	-1	-1	-1	11	2009	1
NS20511H	1	5	-1	1	3	-1	9	2008	6
NS20511H	2	5	-1	1	1	-1	9	2001	6
NS20513K	1	6	1	-1	-1	-1	4	2008	12
NS20518Q	1	5	-1	1	1	-1	9	2001	6
NS20519R	1	1	1	-1	-1	-1	1	2011	1
NS20519R	2	1	1	-1	-1	-1	9	2007	1
NS20519R	3	5	-1	1	1	-1	9	2006	6
NS20522D	1	4	-1	-1	-1	-1	7	2007	5
NS20523E	1	5	-1	1	3	-1	10	2008	6
NS20526H	1	5	-1	1	3	-1	9	2011	6
NS20526H	2	1	1	-1	-1	-1	6	2011	1
NS20526H	3	5	-1	2	3	-1	9	2010	7
NS20526H	4	1	1	-1	-1	-1	9	2010	1
NS20526H	5	4	-1	-1	-1	-1	5	2010	5
NS20526H	6	1	1	-1	-1	-1	3	2009	1
NS20526H	7	4	-1	-1	-1	-1	1	2007	5
NS20526H	8	8	-1	-1	-1	1	7	2006	9
NS20527J	1	5	-1	1	3	-1	9	2012	6
NS20527J	2	1	1	-1	-1	-1	9	2011	1
NS20527J	3	5	-1	1	3	-1	9	2008	6
NS20529L	1	5	-1	1	3	-1	9	2009	6
NS20531X	1	1	1	-1	-1	-1	9	2009	1
NS20532Y	1	1	1	-1	-1	-1	8	2009	1
NS20533Z	1	1	1	-1	-1	-1	9	2010	1
NS20533Z	2	1	1	-1	-1	-1	1	2008	1
NS20535B	1	1	1	-1	-1	-1	6	2010	1
NS20539F	1	10	-1	-1	-1	-1	6	2014	14
NS20539F	2	1	1	-1	-1	-1	3	2014	1
NS20539F	3	10	-1	-1	-1	-1	2	2014	14
NS20539F	4	1	2	-1	-1	-1	7	2013	2
NS20539F	5	1	1	-1	-1	-1	8	2012	1
NS20539F	6	5	-1	1	3	-1	9	2011	6
NS20539F	7	5	-1	1	3	-1	10	2008	6
NS20540Q	1	4	-1	-1	-1	-1	12	2014	5
NS20540Q	2	1	1	-1	-1	-1	9	2008	1
NS20540Q	3	5	-1	1	2	-1	9	2006	6
NS20542S	1	1	2	-1	-1	-1	9	2009	2
NS20544V	1	5	-1	1	3	-1	9	2008	6
NS20545W	1	1	1	-1	-1	-1	4	2015	1
NS20545W	2	1	1	-1	-1	-1	3	2013	1
NS20545W	3	1	1	-1	-1	-1	7	2010	1
NS20545W	4	6	1	-1	-1	-1	7	2009	12
NS20545W	5	1	2	-1	-1	-1	10	2007	2
NS20546X	1	1	1	-1	-1	-1	1	2010	1
NS20549A	1	2	1	-1	-1	-1	9	2013	3
NS20549A	2	1	1	-1	-1	-1	1	2012	1
NS20549A	3	1	2	-1	-1	-1	3	2008	2
NS20550K	1	1	1	-1	-1	-1	12	2008	1
NS20552M	1	5	-1	1	3	-1	10	2009	6
NS20552M	2	5	-1	1	2	-1	9	2006	6
NS20555Q	1	1	1	-1	-1	-1	1	2014	1
NS20555Q	2	1	1	-1	-1	-1	12	2013	1
NS20555Q	3	1	1	-1	-1	-1	4	2013	1
NS20555Q	4	9	-1	-1	-1	-1	10	2006	13
NS20558T	1	1	1	-1	-1	-1	9	2008	1
NS20560E	1	4	-1	-1	-1	-1	9	2008	5
NS20562G	1	1	1	-1	-1	-1	9	2012	1
NS20562G	2	5	-1	1	3	-1	9	2011	6
NS20562G	3	5	-1	1	3	-1	9	2008	6
NS20564J	1	4	-1	-1	-1	-1	1	2014	5
NS20564J	2	1	1	-1	-1	-1	6	2011	1
NS20564J	3	1	1	-1	-1	-1	1	2011	1
NS20564J	4	1	1	-1	-1	-1	9	2010	1
NS20564J	5	1	1	-1	-1	-1	3	2010	1
NS20567M	1	1	1	-1	-1	-1	12	2012	1
NS20567M	2	1	2	-1	-1	-1	12	2011	2
NS20567M	3	5	-1	1	2	-1	9	2009	6
NS20569P	1	5	-1	1	3	-1	9	2014	6
NS20569P	2	1	1	-1	-1	-1	9	2011	1
NS20569P	3	5	-1	1	3	-1	9	2008	6
NS20573C	1	9	-1	-1	-1	-1	3	2013	13
NS20573C	2	3	2	-1	-1	-1	9	2012	11
NS20573C	3	5	-1	1	3	-1	9	2009	6
NS20575E	1	1	2	-1	-1	-1	8	2012	2
NS20575E	2	5	-1	1	3	-1	9	2009	6
NS20575E	3	5	-1	1	2	-1	9	2008	6
NS20575E	4	5	-1	1	1	-1	9	2006	6
NS20576F	1	1	1	-1	-1	-1	10	2013	1
NS20576F	2	1	1	-1	-1	-1	6	2012	1
NS20576F	3	5	-1	1	3	-1	9	2008	6
NS20584Y	1	1	1	-1	-1	-1	9	2014	1
NS20584Y	2	1	1	-1	-1	-1	1	2013	1
NS20584Y	3	5	-1	2	3	-1	9	2011	7
NS20584Y	4	5	-1	1	3	-1	9	2008	6
NS20585Z	1	1	1	-1	-1	-1	4	2011	1
NS20585Z	2	5	-1	1	3	-1	9	2009	6
NS20586A	1	4	-1	-1	-1	-1	2	2014	5
NS20586A	2	1	1	-1	-1	-1	9	2012	1
NS20586A	3	5	-1	1	3	-1	9	2008	6
NS20588C	1	5	-1	1	3	-1	9	2014	6
NS20588C	2	1	1	-1	-1	-1	6	2013	1
NS20588C	3	10	-1	-1	-1	-1	1	2013	14
NS20588C	4	1	1	-1	-1	-1	1	2012	1
NS20588C	5	5	-1	1	3	-1	9	2008	6
NS20589D	1	1	1	-1	-1	-1	4	2015	1
NS20589D	2	1	2	-1	-1	-1	3	2014	2
NS20589D	3	1	2	-1	-1	-1	4	2013	2
NS20589D	4	1	2	-1	-1	-1	10	2012	2
NS20589D	5	2	2	-1	-1	-1	2	2012	4
NS20589D	6	1	1	-1	-1	-1	9	2010	1
NS20589D	7	5	-1	2	2	-1	9	2010	7
NS20589D	8	5	-1	2	2	-1	9	2008	7
NS20590N	1	5	-1	1	3	-1	9	2008	6
NS20590N	2	5	-1	1	2	-1	9	2006	6
NS20593R	1	2	2	-1	-1	-1	3	2014	4
NS20593R	2	9	-1	-1	-1	-1	8	2012	13
NS20593R	3	1	2	-1	-1	-1	2	2008	2
NS20594S	1	1	2	-1	-1	-1	6	2006	2
NS20595T	1	2	1	-1	-1	-1	1	2011	3
NS20595T	2	1	1	-1	-1	-1	8	2010	1
NS20596V	1	1	1	-1	-1	-1	10	2008	1
NS20598X	1	2	1	-1	-1	-1	6	2010	3
NS20599Y	1	1	2	-1	-1	-1	3	2015	2
NS20599Y	2	9	-1	-1	-1	-1	10	2014	13
NS20599Y	3	1	2	-1	-1	-1	9	2012	2
NS20599Y	4	9	-1	-1	-1	-1	2	2010	13
NS20599Y	5	1	1	-1	-1	-1	1	2006	1
NS20602R	1	1	1	-1	-1	-1	4	2010	1
NS20602R	2	5	-1	1	3	-1	9	2008	6
NS20602R	3	5	-1	1	2	-1	9	2006	6
NS20603S	1	10	-1	-1	-1	-1	5	2010	14
NS20604T	1	1	2	-1	-1	-1	9	2013	2
NS20604T	2	5	-1	1	3	-1	9	2012	6
NS20604T	3	5	-1	1	3	-1	9	2009	6
NS20604T	4	5	-1	1	1	-1	9	2000	6
NS20608Y	1	1	2	-1	-1	-1	8	2013	2
NS20608Y	2	1	1	-1	-1	-1	1	2013	1
NS20608Y	3	5	-1	1	3	-1	6	2011	6
NS20608Y	4	5	-1	1	3	-1	9	2008	6
NS20609Z	1	1	1	-1	-1	-1	2	2010	1
NS20610J	1	1	1	-1	-1	-1	10	2012	1
NS20610J	2	1	2	-1	-1	-1	2	2009	2
NS20610J	3	3	2	-1	-1	-1	4	2008	11
NS20610J	4	4	-1	-1	-1	-1	8	2007	5
NS20610J	5	1	1	-1	-1	-1	2	2005	1
NS20612L	1	1	2	-1	-1	-1	7	2011	2
NS20612L	2	5	-1	1	3	-1	9	2008	6
NS20620D	1	1	1	-1	-1	-1	3	2007	1
NS20624H	1	5	-1	1	3	-1	9	2010	6
NS20624H	2	1	2	-1	-1	-1	1	2009	2
NS20625J	1	1	1	-1	-1	-1	8	2011	1
NS20625J	2	5	-1	1	3	-1	9	2008	6
NS20625J	3	5	-1	1	2	-1	9	2006	6
NS20628M	1	1	1	-1	-1	-1	10	2013	1
NS20628M	2	1	1	-1	-1	-1	9	2012	1
NS20628M	3	5	-1	1	3	-1	9	2008	6
NS20629N	1	5	-1	1	3	-1	10	2008	6
NS20630Y	1	5	-1	1	3	-1	9	2008	6
NS20631Z	1	5	-1	1	3	-1	9	2008	6
NS20632A	1	1	1	-1	-1	-1	1	2006	1
NS20634C	1	1	1	-1	-1	-1	9	2013	1
NS20634C	2	9	-1	-1	-1	-1	3	2013	13
NS20634C	3	1	2	-1	-1	-1	4	2012	2
NS20634C	4	4	-1	-1	-1	-1	7	2011	5
NS20634C	5	5	-1	1	3	-1	9	2008	6
NS20636E	1	5	-1	1	3	-1	9	2013	6
NS20636E	2	1	1	-1	-1	-1	9	2011	1
NS20636E	3	5	-1	1	3	-1	9	2009	6
NS20639H	1	5	-1	1	2	-1	9	2010	6
NS20639H	2	5	-1	1	1	-1	9	2005	6
NS20641T	1	4	-1	-1	-1	-1	7	2012	5
NS20641T	2	2	1	-1	-1	-1	9	2008	3
NS20641T	3	1	1	-1	-1	-1	4	2007	1
NS20644X	1	4	-1	-1	-1	-1	5	2015	5
NS20644X	2	5	-1	1	3	-1	9	2011	6
NS20644X	3	5	-1	1	2	-1	9	2007	6
NS20652P	1	1	2	-1	-1	-1	9	2013	2
NS20652P	2	6	1	-1	-1	-1	2	2012	12
NS20652P	3	1	2	-1	-1	-1	12	2011	2
NS20652P	4	10	-1	-1	-1	-1	11	2009	14
NS20655S	1	1	1	-1	-1	-1	10	2013	1
NS20655S	2	4	-1	-1	-1	-1	-8	-8	5
NS20656T	1	1	1	-1	-1	-1	9	2008	1
NS20658W	1	4	-1	-1	-1	-1	1	2015	5
NS20658W	2	1	2	-1	-1	-1	9	2014	2
NS20658W	3	4	-1	-1	-1	-1	2	2011	5
NS20658W	4	1	1	-1	-1	-1	1	2011	1
NS20658W	5	1	1	-1	-1	-1	7	2005	1
NS20659X	1	1	1	-1	-1	-1	8	2014	1
NS20659X	2	5	-1	1	3	-1	10	2008	6
NS20660G	1	1	2	-1	-1	-1	9	2010	2
NS20660G	2	1	2	-1	-1	-1	4	2008	2
NS20661H	1	1	1	-1	-1	-1	11	2015	1
NS20661H	2	1	1	-1	-1	-1	1	2014	1
NS20661H	3	1	1	-1	-1	-1	1	2011	1
NS20661H	4	1	2	-1	-1	-1	9	2009	2
NS20661H	5	1	2	-1	-1	-1	9	2007	2
NS20665M	1	1	1	-1	-1	-1	1	2013	1
NS20665M	2	1	1	-1	-1	-1	7	2006	1
NS20670B	1	1	1	-1	-1	-1	8	2014	1
NS20670B	2	3	1	-1	-1	-1	11	2013	11
NS20670B	3	5	-1	1	3	-1	10	2012	6
NS20670B	4	1	1	-1	-1	-1	3	2011	1
NS20670B	5	5	-1	1	3	-1	10	2008	6
NS20671C	1	5	-1	1	3	-1	9	2013	6
NS20671C	2	5	-1	1	2	-1	7	2011	6
NS20671C	3	4	-1	-1	-1	-1	9	2010	5
NS20671C	4	5	-1	1	2	-1	9	2008	6
NS20671C	5	5	-1	1	1	-1	9	2001	6
NS20674F	1	1	1	-1	-1	-1	10	2010	1
NS20674F	2	4	-1	-1	-1	-1	1	2007	5
NS20677J	1	3	2	-1	-1	-1	1	2015	11
NS20677J	2	3	2	-1	-1	-1	1	2014	11
NS20677J	3	4	-1	-1	-1	-1	9	2005	5
NS20678K	1	4	-1	-1	-1	-1	1	2014	5
NS20678K	2	5	-1	1	3	-1	8	2011	6
NS20678K	3	-9	-1	-1	-1	-1	-9	-9	-8
NS20679L	1	1	1	-1	-1	-1	9	2013	1
NS20679L	2	1	1	-1	-1	-1	9	2013	1
NS20679L	3	1	1	-1	-1	-1	9	2012	1
NS20679L	4	4	-1	-1	-1	-1	9	2011	5
NS20679L	5	10	-1	-1	-1	-1	9	2009	14
NS20682Y	1	1	1	-1	-1	-1	11	2011	1
NS20682Y	2	4	-1	-1	-1	-1	9	2010	5
NS20682Y	3	5	-1	1	2	-1	9	2006	6
NS20683Z	1	7	-1	-1	-1	-1	10	2015	8
NS20683Z	2	10	-1	-1	-1	-1	5	2010	14
NS20683Z	3	5	-1	1	1	-1	9	1995	6
NS20685B	1	5	-1	1	3	-1	9	2010	6
NS20685B	2	10	-1	-1	-1	-1	9	2009	14
NS20685B	3	10	-1	-1	-1	-1	7	2009	14
NS20685B	4	4	-1	-1	-1	-1	9	2008	5
NS20685B	5	5	-1	1	2	-1	8	2006	6
NS20686C	1	5	-1	1	3	-1	9	2012	6
NS20686C	2	10	-1	-1	-1	-1	6	2011	14
NS20686C	3	5	-1	1	3	-1	8	2008	6
NS20687D	1	5	-1	1	3	-1	9	2008	6
NS20688E	1	1	1	-1	-1	-1	8	2011	1
NS20688E	2	1	2	-1	-1	-1	6	2011	2
NS20688E	3	5	-1	1	3	-1	9	2008	6
NS20689F	1	1	1	-1	-1	-1	10	2012	1
NS20689F	2	4	-1	-1	-1	-1	-9	-9	5
NS20698Z	1	4	-1	-1	-1	-1	2	2015	5
NS20698Z	2	1	1	-1	-1	-1	9	2014	1
NS20698Z	3	1	2	-1	-1	-1	9	2010	2
NS20704W	1	5	-1	1	3	-1	9	2008	6
NS20705X	1	1	1	-1	-1	-1	10	2012	1
NS20705X	2	5	-1	1	3	-1	9	2009	6
NS20709B	1	1	1	-1	-1	-1	7	2010	1
NS20709B	2	5	-1	1	2	-1	9	2006	6
NS20716S	1	1	1	-1	-1	-1	11	2014	1
NS20716S	2	4	-1	-1	-1	-1	8	2014	5
NS20716S	3	1	1	-1	-1	-1	7	2014	1
NS20716S	4	1	1	-1	-1	-1	6	2013	1
NS20716S	5	4	-1	-1	-1	-1	7	2012	5
NS20716S	6	5	-1	1	3	-1	9	2008	6
NS20717T	1	1	1	-1	-1	-1	4	2015	1
NS20717T	2	1	1	-1	-1	-1	6	2012	1
NS20717T	3	4	-1	-1	-1	-1	6	2011	5
NS20717T	4	5	-1	1	3	-1	9	2008	6
NS20720F	1	1	1	-1	-1	-1	7	2011	1
NS20720F	2	1	2	-1	-1	-1	7	2010	2
NS20720F	3	5	-1	1	2	-1	9	2007	6
NS20721G	1	1	2	-1	-1	-1	1	2015	2
NS20721G	2	4	-1	-1	-1	-1	12	2008	5
NS20721G	3	5	-1	1	2	-1	9	2006	6
NS20722H	1	8	-1	-1	-1	2	8	2013	10
NS20722H	2	4	-1	-1	-1	-1	-9	-9	5
NS20725L	1	5	-1	1	3	-1	9	2008	6
NS20725L	2	5	-1	1	1	-1	9	2006	6
NS20727N	1	1	1	-1	-1	-1	8	2011	1
NS20727N	2	1	1	-1	-1	-1	8	2011	1
NS20727N	3	5	-1	1	3	-1	9	2008	6
NS20728P	1	4	-1	-1	-1	-1	6	2015	5
NS20728P	2	1	1	-1	-1	-1	6	2015	1
NS20728P	3	1	1	-1	-1	-1	9	2014	1
NS20728P	4	4	-1	-1	-1	-1	7	2014	5
NS20728P	5	5	-1	1	2	-1	9	2013	6
NS20728P	6	1	2	-1	-1	-1	5	2013	2
NS20728P	7	4	-1	-1	-1	-1	3	2013	5
NS20728P	8	1	1	-1	-1	-1	11	2008	1
NS20729Q	1	5	-1	1	3	-1	10	2009	6
NS20734E	1	5	-1	1	3	-1	9	2012	6
NS20734E	2	5	-1	1	3	-1	9	2009	6
NS20738J	1	5	-1	1	3	-1	9	2009	6
NS20740V	1	1	1	-1	-1	-1	1	2013	1
NS20740V	2	1	1	-1	-1	-1	8	2012	1
NS20740V	3	1	1	-1	-1	-1	5	2012	1
NS20740V	4	1	1	-1	-1	-1	9	2006	1
NS20749E	1	1	1	-1	-1	-1	3	2011	1
NS20749E	2	1	2	-1	-1	-1	1	2011	2
NS20749E	3	1	1	-1	-1	-1	6	2009	1
NS20750P	1	5	-1	1	3	-1	9	2009	6
NS20750P	2	5	-1	1	2	-1	8	2006	6
NS20753S	1	7	-1	-1	-1	-1	6	2014	8
NS20753S	2	9	-1	-1	-1	-1	4	2008	13
NS20757X	1	1	1	-1	-1	-1	8	2014	1
NS20757X	2	10	-1	-1	-1	-1	1	2014	14
NS20757X	3	1	1	-1	-1	-1	1	2011	1
NS20757X	4	1	2	-1	-1	-1	-8	-8	2
NS20758Y	1	1	1	-1	-1	-1	11	2013	1
NS20758Y	2	1	2	-1	-1	-1	10	2012	2
NS20758Y	3	5	-1	1	3	-1	9	2008	6
NS20759Z	1	1	1	-1	-1	-1	2	2011	1
NS20759Z	2	1	2	-1	-1	-1	12	2009	2
NS20760J	1	1	1	-1	-1	-1	5	2011	1
NS20760J	2	1	1	-1	-1	-1	5	2010	1
NS20761K	1	5	-1	1	3	-1	9	2011	6
NS20761K	2	5	-1	1	3	-1	9	2008	6
NS20762L	1	5	-1	1	3	-1	9	2008	6
NS20765P	1	1	1	-1	-1	-1	4	2012	1
NS20765P	2	3	1	-1	-1	-1	6	2011	11
NS20765P	3	5	-1	1	3	-1	9	2008	6
NS20765P	4	5	-1	1	2	-1	9	2006	6
NS20766Q	1	1	2	-1	-1	-1	10	2011	2
NS20766Q	2	5	-1	1	3	-1	9	2008	6
NS20771E	1	10	-1	-1	-1	-1	9	2012	14
NS20771E	2	5	-1	1	3	-1	9	2008	6
NS20772F	2	2	1	-1	-1	-1	7	2013	3
NS20772F	3	5	-1	2	2	-1	9	2011	7
NS20772F	4	1	1	-1	-1	-1	9	2010	1
NS20772F	5	1	1	-1	-1	-1	9	2009	1
NS20773G	1	3	1	-1	-1	-1	12	2013	11
NS20773G	2	4	-1	-1	-1	-1	9	2013	5
NS20773G	3	5	-1	1	3	-1	9	2009	6
NS20776K	1	9	-1	-1	-1	-1	2	2011	13
NS20776K	2	1	2	-1	-1	-1	6	2008	2
NS20777L	1	1	1	-1	-1	-1	12	2014	1
NS20777L	2	1	1	-1	-1	-1	5	2014	1
NS20777L	3	1	1	-1	-1	-1	9	2010	1
NS20777L	4	4	-1	-1	-1	-1	8	2006	5
NS20779N	1	1	2	-1	-1	-1	10	2013	2
NS20779N	2	4	-1	-1	-1	-1	-8	-8	5
NS20782A	1	2	2	-1	-1	-1	4	2013	4
NS20782A	2	2	2	-1	-1	-1	3	2013	4
NS20782A	3	1	1	-1	-1	-1	6	2007	1
NS20783B	1	1	1	-1	-1	-1	10	2013	1
NS20783B	2	1	1	-1	-1	-1	8	2012	1
NS20783B	3	1	1	-1	-1	-1	12	2011	1
NS20783B	4	4	-1	-1	-1	-1	6	2011	5
NS20783B	5	5	-1	1	3	-1	9	2008	6
NS20784C	1	1	1	-1	-1	-1	12	2015	1
NS20784C	2	4	-1	-1	-1	-1	9	2009	5
NS20786E	1	2	1	-1	-1	-1	10	2014	3
NS20786E	2	1	1	-1	-1	-1	10	2009	1
NS20788G	1	5	-1	1	2	-1	9	2006	6
NS20789H	1	1	1	-1	-1	-1	5	2012	1
NS20789H	2	1	1	-1	-1	-1	3	2010	1
NS20790S	1	5	-1	1	3	-1	9	2008	6
NS20791T	1	5	-1	2	2	-1	9	2009	7
NS20791T	2	5	-1	2	3	-1	9	2009	7
NS20791T	3	10	-1	-1	-1	-1	-8	-8	14
NS20793W	1	5	-1	1	3	-1	9	2009	6
NS20793W	2	5	-1	1	2	-1	9	2007	6
NS20793W	3	1	2	-1	-1	-1	1	2006	2
NS20794X	1	5	-1	1	2	-1	9	2006	6
NS20795Y	1	1	1	-1	-1	-1	1	2013	1
NS20795Y	2	1	1	-1	-1	-1	8	2009	1
NS20796Z	1	1	2	-1	-1	-1	9	2012	2
NS20796Z	2	5	-1	1	3	-1	9	2011	6
NS20796Z	3	5	-1	1	3	-1	9	2008	6
NS20797A	1	5	-1	1	3	-1	9	2012	6
NS20797A	2	1	1	-1	-1	-1	5	2012	1
NS20797A	3	1	1	-1	-1	-1	8	2011	1
NS20797A	4	5	-1	1	3	-1	9	2008	6
NS20798B	1	1	2	-1	-1	-1	12	2014	2
NS20798B	2	4	-1	-1	-1	-1	8	2011	5
NS20798B	3	1	2	-1	-1	-1	12	2008	2
NS20798B	4	4	-1	-1	-1	-1	6	2007	5
NS20798B	5	5	-1	1	3	-1	9	2006	6
NS20800T	1	1	2	-1	-1	-1	1	2010	2
NS20802W	1	1	1	-1	-1	-1	8	2010	1
NS20802W	2	1	1	-1	-1	-1	9	2007	1
NS20804Y	1	1	2	-1	-1	-1	2	2014	2
NS20804Y	2	1	1	-1	-1	-1	9	2012	1
NS20804Y	3	1	1	-1	-1	-1	12	2010	1
NS20804Y	4	6	1	-1	-1	-1	8	2009	12
NS20810N	1	1	1	-1	-1	-1	1	2014	1
NS20810N	2	1	1	-1	-1	-1	1	2013	1
NS20810N	3	1	2	-1	-1	-1	10	2012	2
NS20810N	4	5	-1	1	3	-1	9	2008	6
NS20812Q	1	4	-1	-1	-1	-1	11	2011	5
NS20812Q	2	5	-1	1	3	-1	8	2008	6
NS20815T	1	1	1	-1	-1	-1	6	2012	1
NS20815T	2	1	1	-1	-1	-1	3	2011	1
NS20815T	3	1	1	-1	-1	-1	1	2007	1
NS20822K	1	1	1	-1	-1	-1	5	2013	1
NS20822K	2	4	-1	-1	-1	-1	2	2013	5
NS20822K	3	1	1	-1	-1	-1	8	2010	1
NS20822K	4	1	1	-1	-1	-1	11	2006	1
NS20823L	1	5	-1	1	3	-1	10	2008	6
NS20823L	2	5	-1	1	2	-1	9	2006	6
NS20824M	1	1	1	-1	-1	-1	6	2011	1
NS20824M	2	1	1	-1	-1	-1	9	2010	1
NS20824M	3	1	1	-1	-1	-1	9	2009	1
NS20828R	1	1	1	-1	-1	-1	12	2012	1
NS20828R	2	1	1	-1	-1	-1	7	2006	1
NS20831D	1	1	1	-1	-1	-1	6	2013	1
NS20831D	2	1	1	-1	-1	-1	5	2011	1
NS20831D	3	1	1	-1	-1	-1	12	2009	1
NS20832E	1	1	1	-1	-1	-1	7	2008	1
NS20832E	2	1	1	-1	-1	-1	3	2008	1
NS20832E	3	1	2	-1	-1	-1	8	2005	2
NS20837K	1	1	1	-1	-1	-1	8	2006	1
NS20838L	1	10	-1	-1	-1	-1	6	2014	14
NS20838L	2	1	1	-1	-1	-1	4	2014	1
NS20838L	3	3	2	-1	-1	-1	10	2013	11
NS20838L	4	1	1	-1	-1	-1	9	2011	1
NS20838L	5	5	-1	1	3	-1	9	2008	6
NS20839M	1	4	-1	-1	-1	-1	8	2013	5
NS20839M	2	1	1	-1	-1	-1	10	2006	1
NS20842Z	1	4	-1	-1	-1	-1	4	2015	5
NS20842Z	2	1	1	-1	-1	-1	12	2014	1
NS20842Z	3	1	1	-1	-1	-1	7	2008	1
NS20843A	1	1	1	-1	-1	-1	12	2013	1
NS20843A	2	1	2	-1	-1	-1	7	2013	2
NS20843A	3	5	-1	1	3	-1	9	2009	6
NS20849G	1	1	1	-1	-1	-1	6	2010	1
NS20851S	1	5	-1	1	3	-1	7	2008	6
NS20852T	1	1	1	-1	-1	-1	2	2015	1
NS20852T	2	1	1	-1	-1	-1	5	2012	1
NS20852T	3	1	2	-1	-1	-1	11	2011	2
NS20852T	4	4	-1	-1	-1	-1	9	2010	5
NS20852T	5	5	-1	1	3	-1	9	2009	6
NS20859B	1	1	2	-1	-1	-1	12	2012	2
NS20859B	2	5	-1	1	2	-1	12	2010	6
NS20859B	3	2	2	-1	-1	-1	2	2008	4
NS20859B	4	5	-1	2	2	-1	9	2006	7
NS20863P	1	1	1	-1	-1	-1	2	2016	1
NS20863P	2	1	1	-1	-1	-1	6	2014	1
NS20863P	3	1	1	-1	-1	-1	7	2012	1
NS20863P	4	5	-1	1	3	-1	10	2008	6
NS20865R	1	1	2	-1	-1	-1	8	2011	2
NS20865R	2	10	-1	-1	-1	-1	-9	-9	14
NS20868V	1	5	-1	1	3	-1	9	2013	6
NS20868V	2	1	1	-1	-1	-1	9	2012	1
NS20868V	3	1	1	-1	-1	-1	9	2011	1
NS20868V	4	5	-1	1	3	-1	9	2008	6
NS20869W	1	5	-1	1	3	-1	9	2008	6
NS20872H	1	1	2	-1	-1	-1	9	2012	2
NS20872H	2	1	2	-1	-1	-1	3	2011	2
NS20872H	3	9	-1	-1	-1	-1	7	2009	13
NS20875L	1	1	2	-1	-1	-1	3	2011	2
NS20875L	2	1	2	-1	-1	-1	2	2011	2
NS20875L	3	1	2	-1	-1	-1	5	2010	2
NS20877N	1	1	1	-1	-1	-1	5	2013	1
NS20877N	2	1	1	-1	-1	-1	1	2010	1
NS20880A	1	4	-1	-1	-1	-1	6	2008	5
NS20880A	2	5	-1	1	2	-1	9	2006	6
NS20882C	1	1	1	-1	-1	-1	10	2014	1
NS20882C	2	1	1	-1	-1	-1	9	2013	1
NS20882C	3	10	-1	-1	-1	-1	7	2013	14
NS20882C	4	1	1	-1	-1	-1	6	2009	1
NS20883D	1	9	-1	-1	-1	-1	2	2014	13
NS20883D	2	1	2	-1	-1	-1	1	2013	2
NS20883D	3	1	1	-1	-1	-1	3	2009	1
NS20886G	1	4	-1	-1	-1	-1	11	2012	5
NS20886G	2	5	-1	2	2	-1	10	2010	7
NS20886G	3	4	-1	-1	-1	-1	7	2008	5
NS20889K	1	1	1	-1	-1	-1	10	2010	1
NS20889K	2	10	-1	-1	-1	-1	9	2007	14
NS20890V	1	1	1	-1	-1	-1	10	2012	1
NS20890V	2	1	1	-1	-1	-1	8	2011	1
NS20890V	3	4	-1	-1	-1	-1	7	2011	5
NS20890V	4	5	-1	1	3	-1	9	2008	6
NS20892X	1	1	1	-1	-1	-1	10	2006	1
NS20893Y	1	1	2	-1	-1	-1	3	2014	2
NS20893Y	2	5	-1	1	3	-1	9	2008	6
NS20896B	1	5	-1	1	3	-1	9	2011	6
NS20896B	2	5	-1	1	2	-1	9	2009	6
NS20898D	1	1	2	-1	-1	-1	1	2012	2
NS20898D	2	5	-1	1	2	-1	9	2006	6
NS20899E	1	4	-1	-1	-1	-1	9	2014	5
NS20899E	2	1	2	-1	-1	-1	4	2014	2
NS20899E	3	1	1	-1	-1	-1	11	2012	1
NS20899E	4	1	1	-1	-1	-1	9	2011	1
NS20899E	5	1	1	-1	-1	-1	10	2009	1
NS20899E	6	5	-1	1	2	-1	9	2007	6
NS20900W	1	1	1	-1	-1	-1	2	2008	1
NS20901X	1	5	-1	1	3	-1	9	2008	6
NS20902Y	1	1	2	-1	-1	-1	11	2010	2
NS20902Y	2	1	1	-1	-1	-1	6	2008	1
NS20905B	1	1	2	-1	-1	-1	6	2011	2
NS20905B	2	5	-1	1	3	-1	9	2008	6
NS20905B	3	5	-1	1	1	-1	9	2006	6
NS20906C	1	3	2	-1	-1	-1	6	2014	11
NS20906C	2	5	-1	1	3	-1	9	2010	6
NS20906C	3	10	-1	-1	-1	-1	1	2010	14
NS20907D	1	1	1	-1	-1	-1	6	2013	1
NS20907D	2	5	-1	1	3	-1	9	2011	6
NS20907D	3	1	1	-1	-1	-1	8	2010	1
NS20907D	4	5	-1	1	3	-1	9	2008	6
NS20907D	5	5	-1	1	2	-1	9	2006	6
NS20909F	1	4	-1	-1	-1	-1	4	2015	5
NS20909F	2	1	2	-1	-1	-1	1	2015	2
NS20909F	3	1	2	-1	-1	-1	10	2014	2
NS20909F	4	4	-1	-1	-1	-1	6	2014	5
NS20909F	5	1	2	-1	-1	-1	2	2014	2
NS20909F	6	1	1	-1	-1	-1	10	2012	1
NS20909F	7	1	1	-1	-1	-1	10	2008	1
NS20909F	8	1	2	-1	-1	-1	2	2008	2
NS20909F	9	5	-1	1	2	-1	8	2007	6
NS20909F	10	5	-1	1	2	-1	8	2006	6
NS20911R	1	1	1	-1	-1	-1	-8	-8	1
NS20914V	1	1	1	-1	-1	-1	8	2015	1
NS20914V	2	5	-1	1	3	-1	9	2012	6
NS20914V	3	1	1	-1	-1	-1	1	2011	1
NS20914V	4	5	-1	1	2	-1	9	2006	6
NS20915W	1	1	2	-1	-1	-1	10	2013	2
NS20915W	2	3	1	-1	-1	-1	11	2012	11
NS20915W	3	5	-1	1	3	-1	9	2009	6
NS20917Y	1	1	1	-1	-1	-1	1	2013	1
NS20917Y	2	10	-1	-1	-1	-1	9	2011	14
NS20917Y	3	1	2	-1	-1	-1	8	2011	2
NS20917Y	4	1	1	-1	-1	-1	3	2006	1
NS20918Z	1	1	1	-1	-1	-1	4	2013	1
NS20918Z	2	1	2	-1	-1	-1	2	2008	2
NS20921L	1	1	1	-1	-1	-1	8	2011	1
NS20921L	2	5	-1	1	2	-1	8	2008	6
NS20921L	3	5	-1	1	2	-1	9	2004	6
NS20922M	1	10	-1	-1	-1	-1	-9	-9	14
NS20924P	1	1	1	-1	-1	-1	3	2009	1
NS20928T	1	1	1	-1	-1	-1	8	2012	1
NS20928T	2	1	1	-1	-1	-1	5	2011	1
NS20928T	3	5	-1	1	3	-1	10	2009	6
NS20929V	1	1	1	-1	-1	-1	7	2015	1
NS20929V	2	1	1	-1	-1	-1	6	2014	1
NS20929V	3	5	-1	1	3	-1	9	2013	6
NS20929V	4	1	1	-1	-1	-1	6	2011	1
NS20929V	5	5	-1	1	3	-1	9	2008	6
NS20929V	6	5	-1	1	1	-1	9	1993	6
NS20937M	1	5	-1	2	2	-1	9	2006	7
NS20938N	1	1	1	-1	-1	-1	9	2014	1
NS20938N	2	5	-1	1	3	-1	9	2013	6
NS20938N	3	1	1	-1	-1	-1	11	2011	1
NS20938N	4	5	-1	1	3	-1	10	2008	6
NS20939P	1	1	1	-1	-1	-1	10	2012	1
NS20939P	2	5	-1	1	3	-1	9	2009	6
NS20940Z	1	1	1	-1	-1	-1	10	2011	1
NS20940Z	2	1	1	-1	-1	-1	6	2010	1
NS20940Z	3	1	1	-1	-1	-1	1	2010	1
NS20941A	1	5	-1	1	3	-1	9	2011	6
NS20941A	2	1	1	-1	-1	-1	9	2009	1
NS20944D	1	4	-1	-1	-1	-1	10	2013	5
NS20944D	2	5	-1	1	3	-1	9	2012	6
NS20944D	3	5	-1	1	3	-1	9	2009	6
NS20944D	4	1	1	-1	-1	-1	8	2008	1
NS20944D	5	5	-1	1	2	-1	9	2006	6
NS20948H	1	5	-1	1	3	-1	9	2008	6
NS20952W	1	1	2	-1	-1	-1	4	2014	2
NS20952W	2	4	-1	-1	-1	-1	6	2013	5
NS20952W	3	1	1	-1	-1	-1	2	2011	1
NS20952W	4	1	2	-1	-1	-1	10	2010	2
NS20952W	5	5	-1	1	3	-1	10	2008	6
NS20954Y	1	2	2	-1	-1	-1	5	2010	4
NS20954Y	2	3	2	-1	-1	-1	5	2006	11
NS20956A	1	2	1	-1	-1	-1	8	2013	3
NS20956A	2	1	1	-1	-1	-1	7	2012	1
NS20956A	3	5	-1	1	3	-1	9	2009	6
NS20957B	1	5	-1	1	3	-1	10	2008	6
NS20958C	1	1	1	-1	-1	-1	4	2010	1
NS20960N	1	1	1	-1	-1	-1	4	2013	1
NS20960N	2	1	1	-1	-1	-1	3	2012	1
NS20960N	3	-9	-1	-1	-1	-1	-9	-9	-8
NS20962Q	1	1	1	-1	-1	-1	1	2013	1
NS20962Q	2	1	1	-1	-1	-1	10	2011	1
NS20962Q	3	5	-1	1	2	-1	10	2009	6
NS20962Q	4	1	2	-1	-1	-1	9	2008	2
NS20962Q	5	5	-1	1	1	-1	9	2006	6
NS20964S	1	3	2	-1	-1	-1	1	2009	11
NS20966V	1	1	2	-1	-1	-1	9	2011	2
NS20966V	2	5	-1	1	3	-1	9	2008	6
NS20968X	1	1	1	-1	-1	-1	2	2015	1
NS20968X	2	1	1	-1	-1	-1	2	2014	1
NS20968X	3	1	1	-1	-1	-1	10	2013	1
NS20968X	4	5	-1	1	3	-1	10	2009	6
NS20971J	1	1	1	-1	-1	-1	10	2010	1
NS20971J	2	1	1	-1	-1	-1	8	2009	1
NS20973L	1	1	1	-1	-1	-1	1	2010	1
NS20977Q	1	5	-1	1	3	-1	10	2009	6
NS20978R	1	1	2	-1	-1	-1	9	2010	2
NS20978R	2	4	-1	-1	-1	-1	2	2009	5
NS20981D	1	1	1	-1	-1	-1	9	2006	1
NS20994B	1	1	1	-1	-1	-1	1	2008	1
NS20999G	1	1	2	-1	-1	-1	4	2015	2
NS20999G	2	4	-1	-1	-1	-1	8	2014	5
NS20999G	3	1	1	-1	-1	-1	2	2014	1
NS20999G	4	6	1	-1	-1	-1	7	2013	12
NS20999G	5	1	1	-1	-1	-1	9	2012	1
NS20999G	6	4	-1	-1	-1	-1	1	2011	5
NS20999G	7	5	-1	1	3	-1	9	2008	6
NS20999G	8	5	-1	1	1	-1	9	1994	6
NS21002Z	1	1	2	-1	-1	-1	9	2010	2
NS21002Z	2	4	-1	-1	-1	-1	5	2010	5
NS21003A	1	2	2	-1	-1	-1	6	2013	4
NS21003A	2	5	-1	1	3	-1	6	2009	6
NS21005C	1	1	1	-1	-1	-1	9	2007	1
NS21007E	1	4	-1	-1	-1	-1	7	2013	5
NS21007E	2	5	-1	1	3	-1	9	2009	6
NS21008F	1	5	-1	1	3	-1	9	2010	6
NS21008F	2	5	-1	1	3	-1	9	2009	6
NS21013V	1	5	-1	1	3	-1	9	2008	6
NS21016Y	1	1	2	-1	-1	-1	10	2015	2
NS21016Y	2	5	-1	1	4	-1	5	2014	6
NS21016Y	3	1	2	-1	-1	-1	6	2009	2
NS21016Y	4	5	-1	1	2	-1	9	2007	6
NS21016Y	5	5	-1	1	1	-1	9	2001	6
NS21018A	1	1	1	-1	-1	-1	11	2015	1
NS21018A	2	1	1	-1	-1	-1	10	2014	1
NS21018A	3	1	1	-1	-1	-1	9	2012	1
NS21018A	4	1	1	-1	-1	-1	5	2008	1
NS21021M	1	4	-1	-1	-1	-1	6	2012	5
NS21021M	2	1	1	-1	-1	-1	9	2008	1
NS21022N	1	5	-1	1	2	-1	9	2013	6
NS21022N	2	4	-1	-1	-1	-1	6	2010	5
NS21025R	1	1	2	-1	-1	-1	9	2010	2
NS21025R	2	5	-1	1	2	-1	9	2007	6
NS21026S	1	4	-1	-1	-1	-1	5	2015	5
NS21026S	2	1	1	-1	-1	-1	11	2014	1
NS21026S	3	5	-1	1	3	-1	9	2011	6
NS21026S	4	5	-1	1	2	-1	9	2010	6
NS21026S	5	1	1	-1	-1	-1	1	2010	1
NS21028V	1	1	1	-1	-1	-1	7	2006	1
NS21030F	1	1	1	-1	-1	-1	3	2012	1
NS21030F	2	1	1	-1	-1	-1	1	2010	1
NS21035L	1	1	2	-1	-1	-1	4	2011	2
NS21035L	2	5	-1	1	3	-1	9	2008	6
NS21039Q	1	1	1	-1	-1	-1	9	2013	1
NS21039Q	2	1	1	-1	-1	-1	6	2012	1
NS21039Q	3	5	-1	1	3	-1	9	2011	6
NS21039Q	4	5	-1	1	3	-1	9	2010	6
NS21039Q	5	5	-1	1	1	-1	9	2003	6
NS21042C	1	1	1	-1	-1	-1	8	2012	1
NS21042C	2	1	1	-1	-1	-1	8	2012	1
NS21042C	3	2	1	-1	-1	-1	1	2012	3
NS21042C	4	1	1	-1	-1	-1	8	2006	1
NS21045F	1	5	-1	1	3	-1	9	2009	6
NS21046G	1	1	1	-1	-1	-1	6	2014	1
NS21046G	2	1	1	-1	-1	-1	1	2012	1
NS21046G	3	1	1	-1	-1	-1	1	2011	1
NS21046G	4	1	1	-1	-1	-1	9	2009	1
NS21050V	1	1	1	-1	-1	-1	6	2015	1
NS21050V	2	1	2	-1	-1	-1	9	2013	2
NS21050V	3	1	1	-1	-1	-1	6	2013	1
NS21050V	4	5	-1	1	3	-1	9	2009	6
NS21052X	1	1	1	-1	-1	-1	10	2014	1
NS21052X	2	1	1	-1	-1	-1	8	2010	1
NS21052X	3	6	1	-1	-1	-1	7	2007	12
NS21056B	1	5	-1	1	3	-1	10	2008	6
NS21059E	1	1	1	-1	-1	-1	5	2015	1
NS21059E	2	1	1	-1	-1	-1	4	2015	1
NS21059E	3	1	1	-1	-1	-1	4	2015	1
NS21059E	4	4	-1	-1	-1	-1	1	2015	5
NS21059E	5	1	1	-1	-1	-1	2	2014	1
NS21059E	6	1	1	-1	-1	-1	1	2014	1
NS21059E	7	1	1	-1	-1	-1	12	2013	1
NS21059E	8	1	1	-1	-1	-1	8	2010	1
NS21059E	9	5	-1	1	3	-1	10	2009	6
NS21063S	1	4	-1	-1	-1	-1	2	2016	5
NS21063S	2	1	1	-1	-1	-1	12	2013	1
NS21063S	3	1	1	-1	-1	-1	8	2012	1
NS21063S	4	5	-1	1	3	-1	10	2009	6
NS21064T	1	5	-1	1	3	-1	9	2013	6
NS21064T	2	3	1	-1	-1	-1	12	2012	11
NS21064T	3	4	-1	-1	-1	-1	9	2011	5
NS21064T	4	5	-1	1	3	-1	9	2008	6
NS21066W	1	5	-1	1	1	-1	9	1994	6
NS21070J	1	1	1	-1	-1	-1	5	2012	1
NS21070J	2	1	1	-1	-1	-1	8	2010	1
NS21070J	3	4	-1	-1	-1	-1	5	2010	5
NS21072L	1	5	-1	1	3	-1	10	2009	6
NS21075P	1	5	-1	1	3	-1	9	2011	6
NS21075P	2	1	2	-1	-1	-1	7	2008	2
NS21081E	1	1	1	-1	-1	-1	3	2011	1
NS21081E	2	2	1	-1	-1	-1	5	2010	3
NS21084H	1	1	1	-1	-1	-1	2	2013	1
NS21084H	2	4	-1	-1	-1	-1	1	2013	5
NS21084H	3	10	-1	-1	-1	-1	9	2012	14
NS21084H	4	1	1	-1	-1	-1	2	2012	1
NS21084H	5	4	-1	-1	-1	-1	8	2011	5
NS21084H	6	5	-1	1	3	-1	10	2008	6
NS21085J	1	4	-1	-1	-1	-1	3	2010	5
NS21085J	2	1	1	-1	-1	-1	7	2006	1
NS21086K	1	1	1	-1	-1	-1	5	2011	1
NS21086K	2	5	-1	1	3	-1	9	2010	6
NS21086K	3	5	-1	1	3	-1	9	2008	6
NS21087L	1	1	1	-1	-1	-1	12	2012	1
NS21087L	2	1	1	-1	-1	-1	-9	-9	1
NS21088M	1	5	-1	1	3	-1	9	2008	6
NS21090Y	1	1	1	-1	-1	-1	5	2010	1
NS21090Y	2	1	1	-1	-1	-1	5	2009	1
NS21090Y	3	1	1	-1	-1	-1	5	2007	1
NS21090Y	4	1	1	-1	-1	-1	5	2006	1
NS21097F	1	1	2	-1	-1	-1	8	2006	2
NS21100Z	1	1	1	-1	-1	-1	1	2011	1
NS21100Z	2	1	1	-1	-1	-1	8	2008	1
NS21101A	1	9	-1	-1	-1	-1	7	2006	13
NS21104D	1	1	1	-1	-1	-1	9	2009	1
NS21104D	2	5	-1	1	2	-1	10	2008	6
NS21104D	3	10	-1	-1	-1	-1	8	2007	14
NS21105E	1	5	-1	2	2	-1	9	2013	7
NS21105E	2	9	-1	-1	-1	-1	8	2007	13
NS21105E	3	5	-1	1	2	-1	1	2005	6
NS21111V	1	5	-1	1	2	-1	9	2006	6
NS21112W	1	1	2	-1	-1	-1	9	2012	2
NS21112W	2	1	2	-1	-1	-1	6	2009	2
NS21115Z	1	1	1	-1	-1	-1	10	2008	1
NS21119D	1	4	-1	-1	-1	-1	1	2010	5
NS21132K	1	5	-1	1	3	-1	9	2009	6
NS21133L	1	1	1	-1	-1	-1	8	2013	1
NS21133L	2	5	-1	1	3	-1	9	2008	6
NS21135N	1	1	2	-1	-1	-1	7	2012	2
NS21135N	2	5	-1	1	3	-1	9	2008	6
NS21136P	1	1	1	-1	-1	-1	10	2011	1
NS21136P	2	1	1	-1	-1	-1	5	2009	1
NS21137Q	1	5	-1	1	3	-1	10	2014	6
NS21137Q	2	1	1	-1	-1	-1	12	2011	1
NS21137Q	3	5	-1	1	3	-1	9	2008	6
NS21137Q	4	5	-1	1	1	-1	9	1994	6
NS21139S	1	1	1	-1	-1	-1	3	2009	1
NS21139S	2	5	-1	1	2	-1	9	2007	6
NS21140C	1	1	1	-1	-1	-1	6	2010	1
NS21142E	1	1	2	-1	-1	-1	5	2015	2
NS21142E	2	1	2	-1	-1	-1	9	2014	2
NS21142E	3	1	2	-1	-1	-1	2	2014	2
NS21142E	4	1	1	-1	-1	-1	8	2013	1
NS21142E	5	1	1	-1	-1	-1	11	2012	1
NS21142E	6	5	-1	1	3	-1	9	2011	6
NS21142E	7	1	1	-1	-1	-1	6	2011	1
NS21142E	8	5	-1	1	3	-1	9	2008	6
NS21142E	9	5	-1	1	2	-1	9	2006	6
NS21144G	1	1	1	-1	-1	-1	8	2010	1
NS21145H	1	1	2	-1	-1	-1	6	2015	2
NS21145H	2	5	-1	1	3	-1	9	2012	6
NS21145H	3	4	-1	-1	-1	-1	-8	-8	5
NS21146J	1	2	1	-1	-1	-1	6	2015	3
NS21146J	2	1	2	-1	-1	-1	6	2011	2
NS21146J	3	4	-1	-1	-1	-1	1	2011	5
NS21146J	4	1	1	-1	-1	-1	8	2008	1
NS21148L	1	1	1	-1	-1	-1	10	2014	1
NS21148L	2	1	1	-1	-1	-1	6	2013	1
NS21148L	3	1	1	-1	-1	-1	8	2012	1
NS21148L	4	5	-1	1	3	-1	9	2008	6
NS21150X	1	1	1	-1	-1	-1	8	2012	1
NS21150X	2	1	2	-1	-1	-1	4	2008	2
NS21152Z	1	1	1	-1	-1	-1	9	2012	1
NS21152Z	2	5	-1	1	3	-1	10	2009	6
NS21152Z	3	5	-1	1	1	-1	9	2001	6
NS21153A	1	1	1	-1	-1	-1	1	2014	1
NS21153A	2	1	1	-1	-1	-1	7	2011	1
NS21153A	3	1	2	-1	-1	-1	-8	2007	2
NS21153A	4	5	-1	1	2	-1	-8	2006	6
NS21156D	1	5	-1	1	2	-1	9	2006	6
NS21163V	1	1	2	-1	-1	-1	10	2014	2
NS21163V	2	1	1	-1	-1	-1	9	2013	1
NS21163V	3	5	-1	1	4	-1	9	2008	6
NS21164W	1	1	1	-1	-1	-1	3	2012	1
NS21164W	2	1	1	-1	-1	-1	2	2010	1
NS21164W	3	1	1	-1	-1	-1	1	2008	1
NS21167Z	1	5	-1	2	2	-1	9	2013	7
NS21167Z	2	5	-1	2	2	-1	9	2012	7
NS21167Z	3	2	1	-1	-1	-1	6	2008	3
NS21170L	1	4	-1	-1	-1	-1	5	2010	5
NS21173P	1	1	1	-1	-1	-1	3	2012	1
NS21173P	2	1	1	-1	-1	-1	3	2011	1
NS21173P	3	1	1	-1	-1	-1	11	2009	1
NS21179W	1	1	1	-1	-1	-1	9	2013	1
NS21179W	2	1	2	-1	-1	-1	6	2011	2
NS21179W	3	4	-1	-1	-1	-1	5	2009	5
NS21184K	1	4	-1	-1	-1	-1	7	2006	5
NS21186M	1	5	-1	1	3	-1	9	2009	6
NS21189Q	1	1	2	-1	-1	-1	3	2011	2
NS21189Q	2	4	-1	-1	-1	-1	-8	-8	5
NS21190A	1	5	-1	1	2	-1	9	2006	6
NS21192C	1	9	-1	-1	-1	-1	6	2014	13
NS21192C	2	1	1	-1	-1	-1	4	2012	1
NS21192C	3	5	-1	2	2	-1	9	2011	7
NS21192C	4	1	1	-1	-1	-1	1	2008	1
NS21199K	1	6	1	-1	-1	-1	9	2009	12
NS21203E	1	1	2	-1	-1	-1	9	2013	2
NS21203E	2	8	-1	-1	-1	2	5	2011	10
NS21203E	3	1	2	-1	-1	-1	12	2008	2
NS21205G	1	5	-1	1	3	-1	10	2008	6
NS21209L	1	5	-1	1	3	-1	9	2009	6
NS21212Y	1	5	-1	1	3	-1	9	2008	6
NS21215B	1	1	2	-1	-1	-1	4	2008	2
NS21217D	1	1	2	-1	-1	-1	9	2013	2
NS21217D	2	5	-1	1	3	-1	9	2009	6
NS21217D	3	5	-1	1	1	-1	9	1995	6
NS21218E	1	1	1	-1	-1	-1	10	2011	1
NS21218E	2	5	-1	1	3	-1	9	2008	6
NS21220Q	1	5	-1	2	2	-1	9	2012	7
NS21220Q	2	4	-1	-1	-1	-1	5	2008	5
NS21221R	1	5	-1	1	3	-1	9	2013	6
NS21221R	2	10	-1	-1	-1	-1	2	2013	14
NS21221R	3	1	1	-1	-1	-1	6	2012	1
NS21221R	4	5	-1	1	3	-1	9	2009	6
NS21222S	1	4	-1	-1	-1	-1	3	2015	5
NS21222S	2	1	1	-1	-1	-1	7	2014	1
NS21222S	3	4	-1	-1	-1	-1	5	2014	5
NS21222S	4	1	1	-1	-1	-1	10	2013	1
NS21222S	5	4	-1	-1	-1	-1	7	2012	5
NS21222S	6	5	-1	1	3	-1	9	2009	6
NS21227Y	1	1	1	-1	-1	-1	9	2012	1
NS21227Y	2	5	-1	1	3	-1	9	2008	6
NS21230K	1	1	1	-1	-1	-1	8	2013	1
NS21230K	2	5	-1	1	3	-1	9	2011	6
NS21230K	3	9	-1	-1	-1	-1	10	2010	13
NS21230K	4	5	-1	1	3	-1	9	2008	6
NS21232M	1	5	-1	1	3	-1	9	2008	6
NS21233N	1	5	-1	1	3	-1	9	2012	6
NS21233N	2	1	1	-1	-1	-1	9	2011	1
NS21233N	3	5	-1	1	3	-1	9	2008	6
NS21235Q	1	1	1	-1	-1	-1	10	2010	1
NS21235Q	2	1	1	-1	-1	-1	10	2009	1
NS21237S	1	1	1	-1	-1	-1	11	2014	1
NS21237S	2	4	-1	-1	-1	-1	9	2014	5
NS21237S	3	1	1	-1	-1	-1	9	2012	1
NS21237S	4	1	1	-1	-1	-1	3	2010	1
NS21239V	1	5	-1	1	3	-1	10	2012	6
NS21239V	2	5	-1	1	3	-1	9	2008	6
NS21241F	1	1	1	-1	-1	-1	6	2015	1
NS21241F	2	5	-1	1	3	-1	10	2011	6
NS21241F	3	5	-1	1	1	-1	9	2007	6
NS21242G	1	1	1	-1	-1	-1	6	2011	1
NS21242G	2	1	1	-1	-1	-1	-8	2010	1
NS21242G	3	-8	-1	-1	-1	-1	-8	-8	-8
NS21245K	1	1	1	-1	-1	-1	6	2013	1
NS21245K	2	5	-1	1	3	-1	9	2010	6
NS21245K	3	5	-1	2	2	-1	9	2009	7
NS21245K	4	1	1	-1	-1	-1	2	2007	1
NS21245K	5	5	-1	1	2	-1	9	2006	6
NS21246L	1	1	1	-1	-1	-1	4	2012	1
NS21246L	2	1	2	-1	-1	-1	11	2009	2
NS21246L	3	1	2	-1	-1	-1	8	2009	2
NS21246L	4	5	-1	1	3	-1	8	2009	6
NS21246L	5	5	-1	1	2	-1	9	2006	6
NS21257G	1	5	-1	1	3	-1	10	2009	6
NS21258H	1	1	1	-1	-1	-1	9	2014	1
NS21258H	2	5	-1	1	3	-1	9	2011	6
NS21258H	3	5	-1	1	3	-1	9	2008	6
NS21261V	1	10	-1	-1	-1	-1	-9	-9	14
NS21262W	1	1	2	-1	-1	-1	9	2009	2
NS21266A	1	3	2	-1	-1	-1	6	2014	11
NS21266A	2	4	-1	-1	-1	-1	3	2014	5
NS21266A	3	1	2	-1	-1	-1	10	2013	2
NS21266A	4	4	-1	-1	-1	-1	6	2013	5
NS21266A	5	1	2	-1	-1	-1	10	2012	2
NS21266A	6	4	-1	-1	-1	-1	9	2012	5
NS21266A	7	1	1	-1	-1	-1	7	2012	1
NS21266A	8	4	-1	-1	-1	-1	1	2012	5
NS21266A	9	1	2	-1	-1	-1	10	2011	2
NS21266A	10	4	-1	-1	-1	-1	7	2010	5
NS21266A	11	5	-1	2	2	-1	9	2009	7
NS21267B	1	1	2	-1	-1	-1	9	2013	2
NS21267B	2	4	-1	-1	-1	-1	6	2013	5
NS21267B	3	5	-1	1	3	-1	9	2010	6
NS21267B	4	5	-1	1	2	-1	9	2008	6
NS21270N	1	1	1	-1	-1	-1	10	2012	1
NS21270N	2	1	1	-1	-1	-1	10	2011	1
NS21270N	3	5	-1	1	3	-1	7	2008	6
NS21272Q	1	5	-1	1	3	-1	9	2008	6
NS21282K	1	4	-1	-1	-1	-1	7	2014	5
NS21282K	2	5	-1	1	3	-1	9	2008	6
NS21284M	1	1	1	-1	-1	-1	6	2007	1
NS21284M	2	5	-1	1	2	-1	9	2006	6
NS21291D	1	1	1	-1	-1	-1	9	2008	1
NS21293F	1	1	1	-1	-1	-1	9	2012	1
NS21293F	2	5	-1	1	3	-1	9	2008	6
NS21293F	3	5	-1	1	1	-1	9	2001	6
NS21294G	1	1	1	-1	-1	-1	3	2014	1
NS21294G	2	1	2	-1	-1	-1	2	2009	2
NS21295H	1	1	1	-1	-1	-1	12	2015	1
NS21295H	2	1	1	-1	-1	-1	9	2015	1
NS21295H	3	5	-1	2	3	-1	9	2014	7
NS21295H	4	5	-1	1	3	-1	9	2011	6
NS21295H	5	1	1	-1	-1	-1	9	2010	1
NS21295H	6	5	-1	1	3	-1	9	2009	6
NS21295H	7	5	-1	1	2	-1	9	2006	6
NS21296J	1	1	1	-1	-1	-1	6	2008	1
NS21297K	1	1	2	-1	-1	-1	8	2006	2
NS21299M	1	1	1	-1	-1	-1	2	2014	1
NS21299M	2	1	1	-1	-1	-1	9	2013	1
NS21299M	3	1	1	-1	-1	-1	1	2012	1
NS21299M	4	4	-1	-1	-1	-1	8	2011	5
NS21299M	5	5	-1	1	3	-1	9	2008	6
NS21301E	1	5	-1	1	3	-1	10	2012	6
NS21301E	2	5	-1	1	3	-1	9	2008	6
NS21302F	1	1	1	-1	-1	-1	5	2011	1
NS21302F	2	5	-1	1	3	-1	9	2009	6
NS21304H	1	1	1	-1	-1	-1	2	2012	1
NS21304H	2	1	1	-1	-1	-1	3	2009	1
NS21306K	1	5	-1	1	3	-1	9	2009	6
NS21312A	1	1	2	-1	-1	-1	5	2012	2
NS21312A	2	4	-1	-1	-1	-1	3	2012	5
NS21312A	3	4	-1	-1	-1	-1	11	2011	5
NS21312A	4	5	-1	1	3	-1	9	2008	6
NS21316E	1	1	2	-1	-1	-1	6	2012	2
NS21316E	2	1	2	-1	-1	-1	8	2010	2
NS21316E	3	5	-1	1	3	-1	9	2008	6
NS21317F	1	1	1	-1	-1	-1	9	2009	1
NS21317F	2	4	-1	-1	-1	-1	7	2009	5
NS21317F	3	5	-1	1	2	-1	9	2008	6
NS21318G	1	2	1	-1	-1	-1	9	2011	3
NS21318G	2	6	1	-1	-1	-1	6	2010	12
NS21318G	3	4	-1	-1	-1	-1	1	2010	5
NS21322V	1	4	-1	-1	-1	-1	7	2012	5
NS21322V	2	5	-1	1	3	-1	10	2009	6
NS21324X	1	1	1	-1	-1	-1	2	2014	1
NS21324X	2	1	1	-1	-1	-1	2	2014	1
NS21324X	3	1	1	-1	-1	-1	2	2014	1
NS21324X	4	1	1	-1	-1	-1	1	2014	1
NS21324X	5	10	-1	-1	-1	-1	3	2013	14
NS21324X	6	1	1	-1	-1	-1	-8	-8	1
NS21329C	1	1	2	-1	-1	-1	12	2012	2
NS21329C	2	1	2	-1	-1	-1	2	2010	2
NS21329C	3	1	2	-1	-1	-1	7	2009	2
NS21329C	4	4	-1	-1	-1	-1	10	2008	5
NS21329C	5	5	-1	1	2	-1	9	2008	6
NS21329C	6	10	-1	-1	-1	-1	1	2007	14
NS21331N	1	1	1	-1	-1	-1	3	2010	1
NS21332P	1	1	1	-1	-1	-1	9	2008	1
NS21332P	2	4	-1	-1	-1	-1	9	2007	5
NS21332P	3	6	1	-1	-1	-1	9	2006	12
NS21333Q	1	1	1	-1	-1	-1	5	2011	1
NS21333Q	2	1	1	-1	-1	-1	5	2011	1
NS21333Q	3	1	1	-1	-1	-1	9	2008	1
NS21333Q	4	1	2	-1	-1	-1	5	2006	2
NS21339X	1	1	1	-1	-1	-1	6	2012	1
NS21339X	2	5	-1	1	3	-1	9	2008	6
NS21339X	3	1	1	-1	-1	-1	6	2008	1
NS21339X	4	5	-1	1	2	-1	7	2007	6
NS21339X	5	1	1	-1	-1	-1	12	2006	1
NS21339X	6	5	-1	1	1	-1	9	2006	6
NS21340G	1	1	1	-1	-1	-1	3	2014	1
NS21340G	2	1	2	-1	-1	-1	9	2011	2
NS21340G	3	5	-1	1	3	-1	9	2009	6
NS21344L	1	3	1	-1	-1	-1	10	2012	11
NS21344L	2	8	-1	-1	-1	2	3	2010	10
NS21344L	3	5	-1	1	3	-1	9	2008	6
NS21345M	1	1	1	-1	-1	-1	8	2012	1
NS21345M	2	10	-1	-1	-1	-1	1	2012	14
NS21345M	3	1	1	-1	-1	-1	7	2011	1
NS21345M	4	5	-1	1	3	-1	9	2008	6
NS21348Q	1	5	-1	1	3	-1	9	2009	6
NS21350B	1	5	-1	1	3	-1	10	2008	6
NS21350B	2	5	-1	1	1	-1	9	2006	6
NS21354F	1	1	1	-1	-1	-1	9	2008	1
NS21355G	1	1	2	-1	-1	-1	-8	-8	2
NS21357J	1	1	1	-1	-1	-1	1	2014	1
NS21357J	2	1	1	-1	-1	-1	1	2013	1
NS21357J	3	1	2	-1	-1	-1	8	2012	2
NS21357J	4	1	1	-1	-1	-1	7	2011	1
NS21357J	5	5	-1	1	3	-1	9	2008	6
NS21363Z	1	-8	-1	-1	-1	-1	8	2011	-8
NS21363Z	2	5	-1	1	3	-1	9	2008	6
NS21363Z	3	5	-1	1	2	-1	8	2006	6
NS21364A	1	5	-1	1	2	-1	5	2001	6
NS21365B	1	1	1	-1	-1	-1	9	2015	1
NS21365B	2	1	1	-1	-1	-1	9	2015	1
NS21365B	3	5	-1	1	3	-1	9	2012	6
NS21365B	4	5	-1	1	2	-1	9	2006	6
NS21366C	1	4	-1	-1	-1	-1	9	2013	5
NS21366C	2	1	1	-1	-1	-1	4	2013	1
NS21366C	3	1	2	-1	-1	-1	10	2010	2
NS21366C	4	5	-1	1	2	-1	9	2008	6
NS21367D	1	1	1	-1	-1	-1	9	2014	1
NS21367D	2	1	1	-1	-1	-1	1	2012	1
NS21367D	3	4	-1	-1	-1	-1	1	2012	5
NS21367D	4	4	-1	-1	-1	-1	7	2006	5
NS21368E	1	8	-1	-1	-1	2	3	2008	10
NS21369F	1	1	2	-1	-1	-1	9	2011	2
NS21369F	2	5	-1	1	3	-1	9	2008	6
NS21372S	1	5	-1	1	2	-1	3	2007	6
NS21373T	1	1	1	-1	-1	-1	1	2013	1
NS21373T	2	1	1	-1	-1	-1	10	2008	1
NS21374V	1	1	1	-1	-1	-1	5	2010	1
NS21374V	2	4	-1	-1	-1	-1	5	2009	5
NS21375W	1	5	-1	1	3	-1	10	2008	6
NS21376X	1	1	2	-1	-1	-1	1	2011	2
NS21376X	2	4	-1	-1	-1	-1	7	2009	5
NS21379A	1	1	2	-1	-1	-1	4	2012	2
NS21379A	2	8	-1	-1	-1	2	6	2010	10
NS21379A	3	5	-1	1	3	-1	9	2008	6
NS21380K	1	1	1	-1	-1	-1	11	2014	1
NS21380K	2	1	1	-1	-1	-1	6	2014	1
NS21380K	3	4	-1	-1	-1	-1	9	2010	5
NS21380K	4	10	-1	-1	-1	-1	10	2007	14
NS21380K	5	5	-1	1	2	-1	6	2007	6
NS21382M	1	1	1	-1	-1	-1	7	2010	1
NS21382M	2	1	1	-1	-1	-1	7	2009	1
NS21382M	3	5	-1	1	2	-1	9	2007	6
NS21382M	4	5	-1	1	1	-1	9	2003	6
NS21384P	1	5	-1	1	3	-1	9	2014	6
NS21384P	2	5	-1	1	3	-1	9	2009	6
NS21385Q	1	1	2	-1	-1	-1	8	2011	2
NS21385Q	2	1	2	-1	-1	-1	8	2009	2
NS21392G	1	9	-1	-1	-1	-1	2	2009	13
NS21392G	2	5	-1	1	2	-1	9	2006	6
NS21393H	1	1	1	-1	-1	-1	10	2012	1
NS21393H	2	1	1	-1	-1	-1	9	2011	1
NS21393H	3	5	-1	1	3	-1	10	2008	6
NS21394J	1	1	1	-1	-1	-1	10	2011	1
NS21394J	2	5	-1	1	3	-1	9	2008	6
NS21396L	1	4	-1	-1	-1	-1	5	2015	5
NS21396L	2	1	2	-1	-1	-1	1	2015	2
NS21396L	3	3	2	-1	-1	-1	2	2013	11
NS21396L	4	5	-1	2	3	-1	9	2008	7
NS21397M	1	1	2	-1	-1	-1	6	2014	2
NS21397M	2	3	2	-1	-1	-1	4	2013	11
NS21397M	3	4	-1	-1	-1	-1	11	2012	5
NS21397M	4	1	2	-1	-1	-1	11	2012	2
NS21397M	5	4	-1	-1	-1	-1	7	2010	5
NS21397M	6	5	-1	2	2	-1	9	2009	7
NS21397M	7	5	-1	1	2	-1	9	2008	6
NS21397M	8	5	-1	1	1	-1	9	2002	6
NS21400F	1	1	1	-1	-1	-1	6	2011	1
NS21400F	2	4	-1	-1	-1	-1	3	2009	5
NS21403J	1	4	-1	-1	-1	-1	10	2013	5
NS21403J	2	5	-1	1	3	-1	9	2012	6
NS21403J	3	4	-1	-1	-1	-1	7	2012	5
NS21403J	4	5	-1	1	3	-1	9	2009	6
NS21404K	1	1	1	-1	-1	-1	6	2013	1
NS21404K	2	1	1	-1	-1	-1	8	2012	1
NS21404K	3	1	2	-1	-1	-1	1	2012	2
NS21404K	4	1	1	-1	-1	-1	9	2011	1
NS21404K	5	5	-1	1	3	-1	9	2008	6
NS21406M	1	1	1	-1	-1	-1	9	2013	1
NS21406M	2	1	1	-1	-1	-1	1	2013	1
NS21406M	3	5	-1	1	3	-1	9	2011	6
NS21406M	4	5	-1	1	3	-1	10	2008	6
NS21409Q	1	10	-1	-1	-1	-1	10	2012	14
NS21409Q	2	1	1	-1	-1	-1	6	2011	1
NS21409Q	3	1	2	-1	-1	-1	6	2006	2
NS21411B	1	1	2	-1	-1	-1	10	2012	2
NS21411B	2	4	-1	-1	-1	-1	6	2011	5
NS21411B	3	5	-1	1	3	-1	9	2008	6
NS21414E	1	1	2	-1	-1	-1	11	2010	2
NS21414E	2	1	2	-1	-1	-1	6	2007	2
NS21415F	1	1	1	-1	-1	-1	5	2011	1
NS21415F	2	10	-1	-1	-1	-1	4	2011	14
NS21415F	3	1	1	-1	-1	-1	5	2009	1
NS21415F	4	1	1	-1	-1	-1	4	2007	1
NS21415F	5	5	-1	1	2	-1	9	2006	6
NS21416G	1	1	1	-1	-1	-1	11	2013	1
NS21416G	2	1	1	-1	-1	-1	7	2012	1
NS21416G	3	5	-1	1	3	-1	9	2008	6
NS21419K	1	2	1	-1	-1	-1	6	2014	3
NS21419K	2	2	1	-1	-1	-1	6	2012	3
NS21419K	3	1	1	-1	-1	-1	6	2009	1
NS21419K	4	1	1	-1	-1	-1	7	2006	1
NS21420V	1	9	-1	-1	-1	-1	8	2012	13
NS21420V	2	1	1	-1	-1	-1	7	2008	1
NS21422X	1	1	1	-1	-1	-1	6	2013	1
NS21422X	2	1	1	-1	-1	-1	4	2012	1
NS21422X	3	1	1	-1	-1	-1	5	2009	1
NS21422X	4	1	1	-1	-1	-1	5	2007	1
NS21422X	5	1	1	-1	-1	-1	10	2006	1
NS21422X	6	10	-1	-1	-1	-1	2	2006	14
NS21423Y	1	4	-1	-1	-1	-1	2	2013	5
NS21423Y	2	5	-1	1	2	-1	9	2010	6
NS21423Y	3	5	-1	1	2	-1	9	2009	6
NS21424Z	1	1	1	-1	-1	-1	10	2011	1
NS21424Z	2	5	-1	1	3	-1	10	2008	6
NS21424Z	3	5	-1	1	1	-1	9	2001	6
NS21428D	1	5	-1	1	3	-1	9	2009	6
NS21428D	2	5	-1	1	2	-1	9	2006	6
NS21435V	1	5	-1	1	3	-1	9	2009	6
NS21446Q	1	5	-1	1	3	-1	9	2011	6
NS21446Q	2	5	-1	1	2	-1	9	2010	6
NS21446Q	3	1	2	-1	-1	-1	11	2009	2
NS21447R	1	5	-1	2	3	-1	9	2013	7
NS21447R	2	9	-1	-1	-1	-1	8	2011	13
NS21447R	3	5	-1	1	3	-1	9	2008	6
NS21453G	1	1	1	-1	-1	-1	10	2005	1
NS21454H	1	1	2	-1	-1	-1	8	2008	2
NS21455J	1	4	-1	-1	-1	-1	7	2015	5
NS21455J	2	5	-1	1	3	-1	8	2014	6
NS21455J	3	1	2	-1	-1	-1	11	2013	2
NS21455J	4	4	-1	-1	-1	-1	5	2013	5
NS21455J	5	1	1	-1	-1	-1	8	2012	1
NS21455J	6	5	-1	1	3	-1	9	2009	6
NS21461Z	1	1	1	-1	-1	-1	3	2014	1
NS21461Z	2	1	1	-1	-1	-1	9	2012	1
NS21461Z	3	4	-1	-1	-1	-1	6	2012	5
NS21461Z	4	5	-1	1	3	-1	9	2008	6
NS21463B	1	8	-1	-1	-1	2	11	2012	10
NS21463B	2	1	1	-1	-1	-1	1	2008	1
NS21464C	1	5	-1	1	4	-1	9	2008	6
NS21469H	1	1	1	-1	-1	-1	9	2012	1
NS21469H	2	1	1	-1	-1	-1	9	2011	1
NS21469H	3	5	-1	1	3	-1	9	2009	6
NS21471T	1	4	-1	-1	-1	-1	-8	-8	5
NS21474X	1	1	1	-1	-1	-1	8	2012	1
NS21474X	2	5	-1	1	2	-1	9	2011	6
NS21474X	3	5	-1	1	2	-1	9	2010	6
NS21474X	4	4	-1	-1	-1	-1	6	2009	5
NS21474X	5	5	-1	1	2	-1	9	2007	6
NS21474X	6	5	-1	1	2	-1	9	2006	6
NS21476Z	1	1	2	-1	-1	-1	12	2006	2
NS21477A	1	9	-1	-1	-1	-1	7	2009	13
NS21480M	1	5	-1	1	3	-1	9	2014	6
NS21480M	2	5	-1	2	2	-1	11	2013	7
NS21480M	3	5	-1	1	3	-1	9	2012	6
NS21480M	4	5	-1	1	3	-1	10	2010	6
NS21480M	5	5	-1	1	2	-1	9	2009	6
NS21480M	6	-8	-1	-1	-1	-1	-8	-8	-8
NS21483Q	1	5	-1	1	3	-1	9	2009	6
NS21485S	1	5	-1	1	3	-1	9	2008	6
NS21495M	1	1	2	-1	-1	-1	4	2012	2
NS21495M	2	1	1	-1	-1	-1	1	2011	1
NS21495M	3	10	-1	-1	-1	-1	-8	-8	14
NS21496N	1	1	1	-1	-1	-1	7	2013	1
NS21496N	2	1	1	-1	-1	-1	9	2010	1
NS21496N	3	1	2	-1	-1	-1	10	2009	2
NS21501J	1	1	2	-1	-1	-1	9	2012	2
NS21501J	2	1	1	-1	-1	-1	9	2011	1
NS21501J	3	1	2	-1	-1	-1	6	2010	2
NS21501J	4	1	1	-1	-1	-1	9	2005	1
NS21503L	1	4	-1	-1	-1	-1	9	2007	5
NS21503L	2	5	-1	1	1	-1	9	2001	6
NS21505N	1	5	-1	1	4	-1	2	2012	6
NS21505N	2	10	-1	-1	-1	-1	9	2011	14
NS21505N	3	1	1	-1	-1	-1	7	2011	1
NS21505N	4	5	-1	1	3	-1	10	2008	6
NS21506P	1	1	1	-1	-1	-1	11	2013	1
NS21506P	2	5	-1	1	3	-1	9	2010	6
NS21506P	3	5	-1	1	1	-1	9	1995	6
NS21508R	1	4	-1	-1	-1	-1	11	2011	5
NS21508R	2	1	1	-1	-1	-1	9	2010	1
NS21508R	3	4	-1	-1	-1	-1	6	2010	5
NS21510C	1	9	-1	-1	-1	-1	7	2011	13
NS21510C	2	8	-1	-1	-1	1	10	2009	9
NS21510C	3	4	-1	-1	-1	-1	9	2009	5
NS21510C	4	4	-1	-1	-1	-1	-9	-8	5
NS21511D	1	1	1	-1	-1	-1	1	2013	1
NS21511D	2	1	1	-1	-1	-1	9	2008	1
NS21512E	1	1	1	-1	-1	-1	5	2009	1
NS21513F	1	1	2	-1	-1	-1	6	2015	2
NS21513F	2	1	2	-1	-1	-1	1	2015	2
NS21513F	3	-9	-1	-1	-1	-1	-9	-9	-8
NS21514G	1	5	-1	1	3	-1	9	2008	6
NS21515H	1	1	2	-1	-1	-1	1	2015	2
NS21515H	2	1	2	-1	-1	-1	1	2014	2
NS21515H	3	5	-1	2	2	-1	9	2010	7
NS21515H	4	5	-1	1	2	-1	9	2008	6
NS21516J	1	1	1	-1	-1	-1	11	2010	1
NS21516J	2	4	-1	-1	-1	-1	10	2010	5
NS21516J	3	1	1	-1	-1	-1	4	2009	1
NS21517K	1	1	2	-1	-1	-1	3	2015	2
NS21517K	2	1	1	-1	-1	-1	9	2014	1
NS21517K	3	1	1	-1	-1	-1	7	2014	1
NS21517K	4	1	2	-1	-1	-1	1	2010	2
NS21519M	1	4	-1	-1	-1	-1	8	2013	5
NS21519M	2	8	-1	-1	-1	2	9	2010	10
NS21519M	3	1	1	-1	-1	-1	9	2009	1
NS21520X	1	1	2	-1	-1	-1	3	2013	2
NS21520X	2	1	1	-1	-1	-1	3	2012	1
NS21520X	3	1	2	-1	-1	-1	9	2010	2
NS21520X	4	5	-1	1	2	-1	9	2008	6
NS21521Y	1	1	1	-1	-1	-1	9	2014	1
NS21521Y	2	1	1	-1	-1	-1	9	2012	1
NS21521Y	3	1	1	-1	-1	-1	9	2011	1
NS21521Y	4	5	-1	1	3	-1	10	2008	6
NS21523A	1	5	-1	1	3	-1	9	2010	6
NS21528F	1	1	1	-1	-1	-1	9	2012	1
NS21528F	2	10	-1	-1	-1	-1	11	2010	14
NS21528F	3	1	1	-1	-1	-1	4	2008	1
NS21530R	1	4	-1	-1	-1	-1	9	2008	5
NS21532T	1	2	2	-1	-1	-1	5	2015	4
NS21532T	2	1	2	-1	-1	-1	11	2014	2
NS21532T	3	2	2	-1	-1	-1	8	2014	4
NS21532T	4	1	1	-1	-1	-1	8	2013	1
NS21532T	5	4	-1	-1	-1	-1	12	2012	5
NS21532T	6	1	2	-1	-1	-1	9	2012	2
NS21532T	7	4	-1	-1	-1	-1	1	2012	5
NS21532T	8	1	2	-1	-1	-1	12	2011	2
NS21532T	9	4	-1	-1	-1	-1	8	2011	5
NS21532T	10	5	-1	1	3	-1	9	2008	6
NS21533V	1	1	1	-1	-1	-1	8	2012	1
NS21533V	2	6	1	-1	-1	-1	7	2011	12
NS21533V	3	5	-1	1	3	-1	9	2008	6
NS21540L	1	1	1	-1	-1	-1	11	2012	1
NS21540L	2	4	-1	-1	-1	-1	7	2012	5
NS21540L	3	5	-1	1	3	-1	9	2008	6
NS21542N	1	1	2	-1	-1	-1	8	2006	2
NS21543P	1	5	-1	1	3	-1	9	2008	6
NS21543P	2	5	-1	1	1	-1	9	1994	6
NS21546S	1	1	1	-1	-1	-1	9	2013	1
NS21546S	2	1	2	-1	-1	-1	9	2011	2
NS21546S	3	5	-1	1	3	-1	10	2008	6
NS21547T	1	5	-1	1	2	-1	9	2006	6
NS21552H	1	1	1	-1	-1	-1	6	2010	1
NS21553J	1	1	1	-1	-1	-1	-8	-8	1
NS21554K	1	1	1	-1	-1	-1	7	2011	1
NS21554K	2	5	-1	1	3	-1	9	2008	6
NS21555L	1	1	1	-1	-1	-1	5	2014	1
NS21555L	2	1	1	-1	-1	-1	10	2012	1
NS21555L	3	5	-1	1	3	-1	9	2008	6
NS21556M	1	1	2	-1	-1	-1	9	2011	2
NS21556M	2	5	-1	1	3	-1	9	2008	6
NS21558P	1	5	-1	1	2	-1	9	2005	6
NS21559Q	1	5	-1	1	3	-1	9	2011	6
NS21559Q	2	1	2	-1	-1	-1	4	2010	2
NS21560A	1	1	1	-1	-1	-1	10	2012	1
NS21560A	2	1	1	-1	-1	-1	3	2012	1
NS21560A	3	1	1	-1	-1	-1	11	2011	1
NS21560A	4	4	-1	-1	-1	-1	8	2011	5
NS21560A	5	5	-1	1	3	-1	9	2008	6
NS21566G	1	1	1	-1	-1	-1	7	2012	1
NS21566G	2	5	-1	1	3	-1	9	2009	6
NS21572X	1	10	-1	-1	-1	-1	1	2013	14
NS21572X	2	1	1	-1	-1	-1	10	2011	1
NS21572X	3	5	-1	1	3	-1	9	2008	6
NS21573Y	1	5	-1	1	3	-1	9	2010	6
NS21573Y	2	1	2	-1	-1	-1	9	2009	2
NS21577C	1	7	-1	-1	-1	-1	5	2008	8
NS21579E	1	1	1	-1	-1	-1	4	2013	1
NS21579E	2	10	-1	-1	-1	-1	9	2012	14
NS21579E	3	1	1	-1	-1	-1	9	2011	1
NS21579E	4	10	-1	-1	-1	-1	7	2011	14
NS21579E	5	5	-1	1	3	-1	9	2008	6
NS21580P	1	5	-1	1	3	-1	9	2011	6
NS21580P	2	5	-1	1	3	-1	9	2008	6
NS21585V	1	5	-1	1	3	-1	9	2012	6
NS21585V	2	5	-1	1	3	-1	9	2009	6
NS21585V	3	5	-1	1	2	-1	9	2007	6
NS21589Z	1	5	-1	1	4	-1	9	2006	6
NS21590J	1	4	-1	-1	-1	-1	10	2011	5
NS21590J	2	1	1	-1	-1	-1	1	2010	1
NS21590J	3	4	-1	-1	-1	-1	8	2009	5
NS21590J	4	1	1	-1	-1	-1	11	2006	1
NS21591K	1	1	1	-1	-1	-1	2	2007	1
NS21592L	1	1	1	-1	-1	-1	9	2013	1
NS21592L	2	1	1	-1	-1	-1	9	2012	1
NS21592L	3	1	1	-1	-1	-1	9	2008	1
NS21595P	1	1	1	-1	-1	-1	11	2008	1
NS21597R	1	1	1	-1	-1	-1	-9	-8	1
NS21599T	1	2	1	-1	-1	-1	7	2014	3
NS21599T	2	1	1	-1	-1	-1	10	2007	1
NS21606R	1	1	1	-1	-1	-1	5	2011	1
NS21606R	2	1	1	-1	-1	-1	5	2008	1
NS21614J	1	1	2	-1	-1	-1	2	2010	2
NS21615K	1	1	1	-1	-1	-1	4	2013	1
NS21615K	2	1	1	-1	-1	-1	9	2009	1
NS21617M	1	5	-1	1	3	-1	9	2008	6
NS21618N	1	1	1	-1	-1	-1	4	2013	1
NS21618N	2	1	1	-1	-1	-1	7	2007	1
NS21621A	1	1	1	-1	-1	-1	4	2015	1
NS21621A	2	1	1	-1	-1	-1	12	2014	1
NS21621A	3	1	1	-1	-1	-1	12	2013	1
NS21621A	4	5	-1	1	3	-1	9	2009	6
NS21622B	1	1	1	-1	-1	-1	4	2011	1
NS21622B	2	1	1	-1	-1	-1	1	2010	1
NS21622B	3	5	-1	1	3	-1	9	2009	6
NS21622B	4	1	1	-1	-1	-1	1	2008	1
NS21627G	1	1	1	-1	-1	-1	6	2014	1
NS21627G	2	1	1	-1	-1	-1	9	2009	1
NS21628H	1	1	1	-1	-1	-1	9	2012	1
NS21628H	2	5	-1	1	3	-1	9	2008	6
NS21629J	1	1	1	-1	-1	-1	4	2014	1
NS21629J	2	1	2	-1	-1	-1	5	2009	2
NS21630T	1	1	1	-1	-1	-1	9	2013	1
NS21630T	2	5	-1	1	3	-1	9	2012	6
NS21630T	3	5	-1	1	3	-1	9	2009	6
NS21631V	1	5	-1	2	1	-1	9	-8	7
NS21633X	1	1	1	-1	-1	-1	7	2013	1
NS21633X	2	1	1	-1	-1	-1	12	2012	1
NS21633X	3	1	1	-1	-1	-1	9	2012	1
NS21633X	4	10	-1	-1	-1	-1	6	2012	14
NS21633X	5	5	-1	1	3	-1	9	2009	6
NS21635Z	1	1	1	-1	-1	-1	4	2014	1
NS21635Z	2	4	-1	-1	-1	-1	12	2012	5
NS21635Z	3	1	2	-1	-1	-1	5	2011	2
NS21635Z	4	1	1	-1	-1	-1	2	2009	1
NS21636A	1	2	1	-1	-1	-1	8	2014	3
NS21636A	2	1	1	-1	-1	-1	8	2013	1
NS21636A	3	5	-1	1	3	-1	9	2008	6
NS21638C	1	1	1	-1	-1	-1	9	2014	1
NS21638C	2	1	1	-1	-1	-1	1	2014	1
NS21638C	3	4	-1	-1	-1	-1	11	2013	5
NS21638C	4	5	-1	1	3	-1	9	2010	6
NS21638C	5	4	-1	-1	-1	-1	4	2010	5
NS21639D	1	1	1	-1	-1	-1	5	2013	1
NS21639D	2	3	2	-1	-1	-1	10	2012	11
NS21639D	3	3	2	-1	-1	-1	7	2012	11
NS21639D	4	5	-1	2	3	-1	9	2008	7
NS21642Q	1	5	-1	1	2	-1	9	2006	6
NS21648X	1	4	-1	-1	-1	-1	2	2011	5
NS21648X	2	1	1	-1	-1	-1	10	2010	1
NS21648X	3	1	1	-1	-1	-1	9	2007	1
NS21648X	4	5	-1	1	3	-1	9	2006	6
NS21649Y	1	2	1	-1	-1	-1	9	2011	3
NS21649Y	2	5	-1	1	3	-1	10	2008	6
NS21650H	1	1	1	-1	-1	-1	7	2012	1
NS21650H	2	5	-1	1	3	-1	9	2008	6
NS21650H	3	5	-1	1	2	-1	9	2006	6
NS21652K	1	4	-1	-1	-1	-1	11	2010	5
NS21652K	2	1	2	-1	-1	-1	10	2010	2
NS21652K	3	4	-1	-1	-1	-1	8	2010	5
NS21652K	4	1	1	-1	-1	-1	1	2010	1
NS21652K	5	4	-1	-1	-1	-1	1	2009	5
NS21652K	6	7	-1	-1	-1	-1	3	2008	8
NS21652K	7	4	-1	-1	-1	-1	11	2007	5
NS21652K	8	5	-1	2	2	-1	9	2007	7
NS21652K	9	4	-1	-1	-1	-1	9	2006	5
NS21653L	1	1	1	-1	-1	-1	6	2015	1
NS21653L	2	1	1	-1	-1	-1	6	2008	1
NS21658R	1	1	1	-1	-1	-1	9	2007	1
NS21658R	2	5	-1	1	1	-1	9	2000	6
NS21663F	1	1	2	-1	-1	-1	4	2008	2
NS21663F	2	1	2	-1	-1	-1	3	2004	2
NS21668L	1	1	2	-1	-1	-1	3	2014	2
NS21668L	2	5	-1	1	3	-1	9	2011	6
NS21668L	3	5	-1	1	2	-1	9	2009	6
NS21677E	1	1	1	-1	-1	-1	6	2014	1
NS21677E	2	1	1	-1	-1	-1	3	2014	1
NS21677E	3	10	-1	-1	-1	-1	9	2013	14
NS21677E	4	1	1	-1	-1	-1	2	2013	1
NS21677E	5	1	2	-1	-1	-1	10	2012	2
NS21677E	6	4	-1	-1	-1	-1	7	2012	5
NS21677E	7	5	-1	1	3	-1	9	2009	6
NS21678F	1	1	1	-1	-1	-1	1	2014	1
NS21678F	2	1	1	-1	-1	-1	4	2011	1
NS21678F	3	5	-1	1	3	-1	9	2008	6
NS21678F	4	5	-1	1	1	-1	9	1994	6
NS21683V	1	1	1	-1	-1	-1	3	2013	1
NS21683V	2	4	-1	-1	-1	-1	5	2012	5
NS21683V	3	5	-1	1	3	-1	8	2009	6
NS21684W	1	5	-1	1	3	-1	9	2014	6
NS21684W	2	1	1	-1	-1	-1	6	2013	1
NS21684W	3	4	-1	-1	-1	-1	1	2012	5
NS21684W	4	5	-1	1	3	-1	9	2008	6
NS21688A	1	4	-1	-1	-1	-1	4	2012	5
NS21688A	2	5	-1	1	3	-1	6	2008	6
NS21689B	1	1	2	-1	-1	-1	9	2011	2
NS21689B	2	1	2	-1	-1	-1	11	2010	2
NS21689B	3	1	2	-1	-1	-1	7	2007	2
NS21690L	1	6	1	-1	-1	-1	8	2013	12
NS21690L	2	5	-1	1	2	-1	9	2012	6
NS21690L	3	9	-1	-1	-1	-1	-8	-8	13
NS21694Q	1	5	-1	1	3	-1	10	2011	6
NS21694Q	2	5	-1	1	1	-1	9	2001	6
NS21695R	1	1	1	-1	-1	-1	1	2012	1
NS21695R	2	4	-1	-1	-1	-1	7	2011	5
NS21695R	3	5	-1	1	3	-1	9	2008	6
NS21697T	1	1	1	-1	-1	-1	2	2014	1
NS21697T	2	1	2	-1	-1	-1	6	2011	2
NS21697T	3	1	2	-1	-1	-1	6	2007	2
NS21697T	4	1	2	-1	-1	-1	6	2004	2
NS21704R	1	1	1	-1	-1	-1	2	2014	1
NS21704R	2	1	2	-1	-1	-1	7	2013	2
NS21704R	3	5	-1	1	3	-1	9	2010	6
NS21704R	4	1	1	-1	-1	-1	10	2009	1
NS21705S	1	1	1	-1	-1	-1	5	2011	1
NS21705S	2	1	2	-1	-1	-1	10	2010	2
NS21705S	3	1	2	-1	-1	-1	12	2006	2
NS21707V	1	1	1	-1	-1	-1	2	2014	1
NS21707V	2	1	1	-1	-1	-1	6	2013	1
NS21707V	3	1	1	-1	-1	-1	9	2012	1
NS21707V	4	4	-1	-1	-1	-1	7	2012	5
NS21707V	5	5	-1	1	3	-1	9	2008	6
NS21709X	1	1	1	-1	-1	-1	2	2014	1
NS21709X	2	1	2	-1	-1	-1	9	2013	2
NS21709X	3	4	-1	-1	-1	-1	6	2013	5
NS21709X	4	5	-1	1	3	-1	9	2010	6
NS21709X	5	5	-1	1	1	-1	9	2002	6
NS21712J	1	6	1	-1	-1	-1	10	2012	12
NS21712J	2	1	1	-1	-1	-1	4	2012	1
NS21712J	3	1	1	-1	-1	-1	1	2010	1
NS21716N	1	1	2	-1	-1	-1	7	2013	2
NS21716N	2	5	-1	1	3	-1	9	2011	6
NS21716N	3	1	1	-1	-1	-1	7	2010	1
NS21716N	4	5	-1	1	3	-1	9	2008	6
NS21717P	1	1	1	-1	-1	-1	5	2014	1
NS21717P	2	1	1	-1	-1	-1	4	2013	1
NS21717P	3	10	-1	-1	-1	-1	2	2013	14
NS21717P	4	1	1	-1	-1	-1	7	2012	1
NS21717P	5	5	-1	1	3	-1	9	2008	6
NS21718Q	1	2	2	-1	-1	-1	9	2011	4
NS21718Q	2	4	-1	-1	-1	-1	7	2008	5
NS21719R	1	1	1	-1	-1	-1	3	2009	1
NS21725G	1	1	1	-1	-1	-1	10	2015	1
NS21725G	2	1	1	-1	-1	-1	6	2014	1
NS21725G	3	1	1	-1	-1	-1	11	2011	1
NS21725G	4	5	-1	1	3	-1	9	2008	6
NS21726H	1	1	2	-1	-1	-1	6	2011	2
NS21726H	2	5	-1	1	3	-1	9	2008	6
NS21727J	1	10	-1	-1	-1	-1	2	2015	14
NS21727J	2	1	1	-1	-1	-1	1	2015	1
NS21727J	3	1	2	-1	-1	-1	11	2014	2
NS21727J	4	3	1	-1	-1	-1	9	2014	11
NS21727J	5	1	1	-1	-1	-1	2	2014	1
NS21727J	6	1	1	-1	-1	-1	4	2012	1
NS21727J	7	5	-1	1	3	-1	9	2009	6
NS21730W	1	1	1	-1	-1	-1	9	2012	1
NS21730W	2	1	2	-1	-1	-1	9	2010	2
NS21730W	3	5	-1	1	3	-1	9	2008	6
NS21730W	4	5	-1	1	2	-1	9	2006	6
NS21731X	1	1	1	-1	-1	-1	6	2012	1
NS21731X	2	1	1	-1	-1	-1	9	2011	1
NS21731X	3	4	-1	-1	-1	-1	7	2010	5
NS21731X	4	5	-1	1	3	-1	9	2009	6
NS21731X	5	5	-1	2	3	-1	9	2009	7
NS21731X	6	5	-1	1	2	-1	9	2006	6
NS21732Y	1	1	1	-1	-1	-1	1	2014	1
NS21732Y	2	1	1	-1	-1	-1	7	2013	1
NS21732Y	3	1	2	-1	-1	-1	6	2012	2
NS21732Y	4	5	-1	1	3	-1	9	2008	6
NS21737D	1	5	-1	1	3	-1	9	2008	6
NS21739F	1	1	1	-1	-1	-1	5	2011	1
NS21739F	2	1	1	-1	-1	-1	11	2010	1
NS21739F	3	1	1	-1	-1	-1	1	2010	1
NS21744V	1	1	1	-1	-1	-1	6	2011	1
NS21744V	2	5	-1	1	3	-1	9	2008	6
NS21746X	1	4	-1	-1	-1	-1	2	2014	5
NS21746X	2	1	1	-1	-1	-1	5	2013	1
NS21746X	3	3	2	-1	-1	-1	2	2012	11
NS21746X	4	4	-1	-1	-1	-1	7	2011	5
NS21746X	5	5	-1	1	3	-1	9	2008	6
NS21748Z	1	1	1	-1	-1	-1	3	2008	1
NS21751L	1	5	-1	1	3	-1	9	2008	6
NS21752M	1	1	1	-1	-1	-1	2	2016	1
NS21752M	2	4	-1	-1	-1	-1	2	2014	5
NS21752M	3	3	1	-1	-1	-1	1	2012	11
NS21752M	4	7	-1	-1	-1	-1	1	2011	8
NS21752M	5	4	-1	-1	-1	-1	6	2009	5
NS21752M	6	5	-1	1	1	-1	9	2006	6
NS21753N	1	5	-1	1	3	-1	9	2008	6
NS21754P	1	1	1	-1	-1	-1	9	2011	1
NS21754P	2	1	1	-1	-1	-1	6	2011	1
NS21754P	3	5	-1	1	2	-1	9	2010	6
NS21754P	4	5	-1	1	3	-1	9	2009	6
NS21760E	1	5	-1	1	3	-1	9	2009	6
NS21764J	1	5	-1	1	3	-1	9	2008	6
NS21765K	1	5	-1	1	3	-1	10	2011	6
NS21765K	2	5	-1	1	3	-1	10	2008	6
NS21767M	1	1	1	-1	-1	-1	9	2010	1
NS21767M	2	1	2	-1	-1	-1	8	2006	2
NS21769P	1	1	1	-1	-1	-1	11	2009	1
NS21769P	2	5	-1	1	3	-1	9	2007	6
NS21769P	3	5	-1	1	2	-1	6	2005	6
NS21770Z	1	1	1	-1	-1	-1	3	2013	1
NS21770Z	2	1	2	-1	-1	-1	12	2011	2
NS21770Z	3	1	2	-1	-1	-1	11	2011	2
NS21770Z	4	6	1	-1	-1	-1	9	2007	12
NS21774D	1	5	-1	1	3	-1	9	2009	6
NS21775E	1	1	1	-1	-1	-1	10	2013	1
NS21775E	2	1	2	-1	-1	-1	9	2007	2
NS21778H	1	1	1	-1	-1	-1	5	2011	1
NS21778H	2	1	1	-1	-1	-1	6	2007	1
NS21785Z	1	1	1	-1	-1	-1	1	2012	1
NS21785Z	2	1	2	-1	-1	-1	7	2011	2
NS21785Z	3	5	-1	1	3	-1	9	2008	6
NS21786A	1	2	2	-1	-1	-1	9	2010	4
NS21786A	2	5	-1	1	2	-1	9	2008	6
NS21787B	1	1	1	-1	-1	-1	10	2013	1
NS21787B	2	1	2	-1	-1	-1	7	2011	2
NS21787B	3	5	-1	1	3	-1	9	2010	6
NS21787B	4	5	-1	1	2	-1	9	2008	6
NS21789D	1	2	2	-1	-1	-1	6	2010	4
NS21792Q	1	1	1	-1	-1	-1	7	2012	1
NS21792Q	2	5	-1	1	3	-1	5	2009	6
NS21792Q	3	5	-1	1	2	-1	9	2006	6
NS21793R	1	9	-1	-1	-1	-1	3	2011	13
NS21793R	2	1	1	-1	-1	-1	7	2010	1
NS21793R	3	4	-1	-1	-1	-1	7	2009	5
NS21796V	1	1	2	-1	-1	-1	10	2010	2
NS21796V	2	5	-1	1	2	-1	9	2008	6
NS21798X	1	1	2	-1	-1	-1	9	2014	2
NS21798X	2	1	2	-1	-1	-1	7	2013	2
NS21798X	3	5	-1	1	3	-1	9	2012	6
NS21798X	4	1	2	-1	-1	-1	8	2011	2
NS21798X	5	1	2	-1	-1	-1	7	2010	2
NS21798X	6	5	-1	1	2	-1	9	2008	6
NS21798X	7	5	-1	1	1	-1	9	2001	6
NS21799Y	1	5	-1	1	3	-1	9	2008	6
NS21801Q	1	1	1	-1	-1	-1	9	2010	1
NS21801Q	2	6	1	-1	-1	-1	8	2006	12
NS21802R	1	5	-1	1	3	-1	10	2008	6
NS21803S	1	1	1	-1	-1	-1	-8	2011	1
NS21803S	2	5	-1	1	3	-1	9	2008	6
NS21803S	3	5	-1	1	2	-1	9	2006	6
NS21806W	1	1	1	-1	-1	-1	7	2014	1
NS21806W	2	5	-1	1	3	-1	8	2011	6
NS21806W	3	1	2	-1	-1	-1	9	2007	2
NS21809Z	1	5	-1	1	3	-1	9	2011	6
NS21809Z	2	9	-1	-1	-1	-1	9	2008	13
NS21814N	1	1	1	-1	-1	-1	9	2010	1
NS21814N	2	1	1	-1	-1	-1	6	2009	1
NS21814N	3	1	1	-1	-1	-1	3	2009	1
NS21814N	4	1	1	-1	-1	-1	12	2008	1
NS21814N	5	-8	-1	-1	-1	-1	-8	-8	-8
NS21817R	1	4	-1	-1	-1	-1	7	2012	5
NS21817R	2	5	-1	1	3	-1	10	2008	6
NS21819T	1	2	1	-1	-1	-1	6	2010	3
NS21819T	2	3	2	-1	-1	-1	2	2010	11
NS21819T	3	4	-1	-1	-1	-1	9	2009	5
NS21819T	4	7	-1	-1	-1	-1	3	2009	8
NS21819T	5	4	-1	-1	-1	-1	4	2008	5
NS21819T	6	1	2	-1	-1	-1	6	2007	2
NS21819T	7	5	-1	1	2	-1	9	2006	6
NS21820D	1	5	-1	1	4	-1	9	2006	6
NS21822F	1	8	-1	-1	-1	2	1	2010	10
NS21828M	1	1	1	-1	-1	-1	2	2012	1
NS21828M	2	1	2	-1	-1	-1	11	2010	2
NS21828M	3	5	-1	1	3	-1	9	2008	6
NS21831Z	1	1	2	-1	-1	-1	3	2011	2
NS21831Z	2	4	-1	-1	-1	-1	12	2010	5
NS21831Z	3	1	1	-1	-1	-1	9	2010	1
NS21831Z	4	1	1	-1	-1	-1	1	2010	1
NS21831Z	5	5	-1	1	3	-1	9	2009	6
NS21831Z	6	10	-1	-1	-1	-1	9	2008	14
NS21831Z	7	5	-1	1	2	-1	3	2008	6
NS21831Z	8	1	1	-1	-1	-1	1	2007	1
NS21831Z	9	5	-1	1	2	-1	9	2006	6
NS21832A	1	4	-1	-1	-1	-1	6	2008	5
NS21834C	1	1	2	-1	-1	-1	1	2013	2
NS21834C	2	1	2	-1	-1	-1	1	2008	2
NS21835D	1	1	1	-1	-1	-1	8	2009	1
NS21837F	1	6	1	-1	-1	-1	9	2011	12
NS21837F	2	5	-1	1	2	-1	9	2009	6
NS21838G	1	1	1	-1	-1	-1	6	2014	1
NS21838G	2	1	1	-1	-1	-1	5	2012	1
NS21838G	3	5	-1	1	3	-1	9	2009	6
NS21841T	1	1	1	-1	-1	-1	10	2012	1
NS21841T	2	5	-1	1	3	-1	9	2008	6
NS21842V	1	1	1	-1	-1	-1	7	2016	1
NS21842V	2	5	-1	1	4	-1	4	2016	6
NS21842V	3	1	1	-1	-1	-1	1	2014	1
NS21842V	4	1	1	-1	-1	-1	9	2012	1
NS21842V	5	1	1	-1	-1	-1	8	2011	1
NS21842V	6	1	1	-1	-1	-1	12	2009	1
NS21842V	7	10	-1	-1	-1	-1	3	2008	14
NS21842V	8	1	2	-1	-1	-1	9	2007	2
NS21842V	9	5	-1	1	1	-1	9	2001	6
NS21845Y	1	1	1	-1	-1	-1	3	2008	1
NS21845Y	2	5	-1	1	2	-1	9	2007	6
NS21845Y	3	5	-1	1	1	-1	9	1995	6
NS21848B	1	5	-1	1	4	-1	9	2014	6
NS21848B	2	1	2	-1	-1	-1	9	2013	2
NS21848B	3	5	-1	1	3	-1	10	2012	6
NS21848B	4	5	-1	1	3	-1	9	2009	6
NS21852P	1	1	1	-1	-1	-1	7	2012	1
NS21852P	2	1	1	-1	-1	-1	1	2012	1
NS21852P	3	1	1	-1	-1	-1	10	2011	1
NS21852P	4	1	1	-1	-1	-1	9	2010	1
NS21852P	5	5	-1	1	3	-1	9	2007	6
NS21856T	1	1	1	-1	-1	-1	6	2010	1
NS21856T	2	1	1	-1	-1	-1	7	2008	1
NS21862J	1	1	2	-1	-1	-1	9	2007	2
NS21866N	1	1	1	-1	-1	-1	1	2006	1
NS21872D	1	4	-1	-1	-1	-1	3	2011	5
NS21872D	2	1	1	-1	-1	-1	10	2010	1
NS21872D	3	1	1	-1	-1	-1	4	2008	1
NS21873E	1	1	1	-1	-1	-1	3	2013	1
NS21873E	2	1	2	-1	-1	-1	12	2012	2
NS21873E	3	4	-1	-1	-1	-1	7	2011	5
NS21873E	4	5	-1	1	3	-1	9	2008	6
NS21874F	1	5	-1	1	3	-1	9	2008	6
NS21876H	1	5	-1	1	2	-1	6	2014	6
NS21876H	2	4	-1	-1	-1	-1	6	2007	5
NS21876H	3	5	-1	1	1	-1	9	1995	6
NS21883Z	1	1	1	-1	-1	-1	9	2013	1
NS21883Z	2	4	-1	-1	-1	-1	6	2013	5
NS21883Z	3	1	2	-1	-1	-1	10	2011	2
NS21883Z	4	4	-1	-1	-1	-1	7	2011	5
NS21883Z	5	5	-1	1	3	-1	10	2008	6
NS21884A	1	2	1	-1	-1	-1	-8	2012	3
NS21884A	2	1	1	-1	-1	-1	-8	2008	1
NS21885B	1	1	1	-1	-1	-1	12	2012	1
NS21885B	2	1	1	-1	-1	-1	5	2012	1
NS21885B	3	4	-1	-1	-1	-1	1	2012	5
NS21885B	4	1	1	-1	-1	-1	8	2010	1
NS21885B	5	5	-1	1	3	-1	9	2008	6
NS21885B	6	5	-1	1	1	-1	9	2006	6
NS21889F	1	1	1	-1	-1	-1	12	2014	1
NS21889F	2	1	1	-1	-1	-1	4	2013	1
NS21889F	3	1	1	-1	-1	-1	8	2011	1
NS21889F	4	5	-1	1	3	-1	9	2008	6
NS21889F	5	5	-1	1	1	-1	9	2006	6
NS21894V	1	1	1	-1	-1	-1	9	2009	1
NS21896X	1	4	-1	-1	-1	-1	6	2012	5
NS21896X	2	5	-1	1	3	-1	9	2008	6
NS21898Z	1	1	2	-1	-1	-1	12	2008	2
NS21901S	1	1	1	-1	-1	-1	8	2012	1
NS21901S	2	5	-1	1	3	-1	9	2009	6
NS21902T	1	1	1	-1	-1	-1	12	2006	1
NS21904W	1	5	-1	1	3	-1	9	2008	6
NS21907Z	1	1	1	-1	-1	-1	8	2014	1
NS21907Z	2	1	1	-1	-1	-1	2	2014	1
NS21907Z	3	1	1	-1	-1	-1	1	2008	1
NS21907Z	4	5	-1	1	2	-1	9	2006	6
NS21908A	1	1	1	-1	-1	-1	7	2013	1
NS21908A	2	10	-1	-1	-1	-1	3	2013	14
NS21908A	3	1	1	-1	-1	-1	11	2012	1
NS21908A	4	1	1	-1	-1	-1	9	2012	1
NS21908A	5	1	1	-1	-1	-1	1	2010	1
NS21910L	1	6	2	-1	-1	-1	5	2012	12
NS21910L	2	1	1	-1	-1	-1	5	2011	1
NS21910L	3	1	1	-1	-1	-1	5	2010	1
NS21910L	4	5	-1	1	2	-1	9	2008	6
NS21910L	5	9	-1	-1	-1	-1	10	2006	13
NS21910L	6	5	-1	1	1	-1	9	2002	6
NS21916S	1	1	1	-1	-1	-1	10	2014	1
NS21916S	2	5	-1	1	3	-1	9	2013	6
NS21916S	3	1	2	-1	-1	-1	7	2012	2
NS21916S	4	5	-1	1	3	-1	9	2008	6
NS21920F	1	1	1	-1	-1	-1	9	2011	1
NS21920F	2	5	-1	1	3	-1	9	2008	6
NS21921G	1	1	1	-1	-1	-1	3	2014	1
NS21921G	2	2	1	-1	-1	-1	11	2008	3
NS21921G	3	1	1	-1	-1	-1	3	2008	1
NS21927N	1	4	-1	-1	-1	-1	-8	-8	5
NS21928P	1	5	-1	1	3	-1	9	2009	6
NS21929Q	1	1	2	-1	-1	-1	3	2009	2
NS21929Q	2	5	-1	1	2	-1	9	2006	6
NS21930A	1	5	-1	1	3	-1	10	2008	6
NS21931B	1	1	2	-1	-1	-1	8	2012	2
NS21931B	2	5	-1	1	3	-1	9	2008	6
NS21932C	1	1	1	-1	-1	-1	6	2013	1
NS21932C	2	1	1	-1	-1	-1	6	2013	1
NS21932C	3	1	1	-1	-1	-1	1	2010	1
NS21939K	1	1	1	-1	-1	-1	7	2014	1
NS21939K	2	1	1	-1	-1	-1	11	2007	1
NS21942X	1	5	-1	1	3	-1	9	2008	6
NS21942X	2	5	-1	1	2	-1	9	2006	6
NS21943Y	1	1	2	-1	-1	-1	1	2012	2
NS21943Y	2	1	1	-1	-1	-1	2	2011	1
NS21943Y	3	-8	-1	-1	-1	-1	-8	-8	-8
NS21946B	1	1	1	-1	-1	-1	10	2010	1
NS21946B	2	1	1	-1	-1	-1	8	2006	1
NS21947C	1	2	1	-1	-1	-1	2	2012	3
NS21947C	2	3	2	-1	-1	-1	6	2011	11
NS21947C	3	8	-1	-1	-1	1	1	2011	9
NS21947C	4	1	2	-1	-1	-1	11	2010	2
NS21947C	5	2	2	-1	-1	-1	5	2009	4
NS21950P	1	6	1	-1	-1	-1	5	2006	12
NS21952R	1	1	1	-1	-1	-1	1	2010	1
NS21955V	1	1	1	-1	-1	-1	9	2010	1
NS21955V	2	6	1	-1	-1	-1	9	2006	12
NS21957X	1	1	1	-1	-1	-1	6	2009	1
NS21959Z	1	1	1	-1	-1	-1	7	2006	1
NS21960J	1	1	1	-1	-1	-1	10	2013	1
NS21960J	2	1	2	-1	-1	-1	4	2006	2
NS21961K	1	1	1	-1	-1	-1	1	2009	1
NS21964N	1	10	-1	-1	-1	-1	1	2014	14
NS21964N	2	1	1	-1	-1	-1	9	2012	1
NS21964N	3	1	1	-1	-1	-1	9	2008	1
NS21970D	1	1	1	-1	-1	-1	3	2012	1
NS21970D	2	5	-1	1	3	-1	9	2009	6
NS21972F	1	1	1	-1	-1	-1	8	2012	1
NS21972F	2	1	1	-1	-1	-1	9	2011	1
NS21972F	3	5	-1	1	3	-1	9	2008	6
NS21973G	1	5	-1	1	3	-1	9	2010	6
NS21973G	2	1	2	-1	-1	-1	5	2010	2
NS21982A	1	1	1	-1	-1	-1	6	2010	1
NS21985D	1	4	-1	-1	-1	-1	4	2013	5
NS21985D	2	2	1	-1	-1	-1	4	2012	3
NS21985D	3	4	-1	-1	-1	-1	6	2011	5
NS21985D	4	5	-1	1	3	-1	9	2008	6
NS21986E	1	5	-1	2	2	-1	9	2015	7
NS21986E	2	5	-1	1	2	-1	9	2014	6
NS21986E	3	5	-1	1	2	-1	9	2012	6
NS21986E	4	5	-1	1	2	-1	9	2010	6
NS21986E	5	5	-1	2	2	-1	9	2008	7
NS21986E	6	5	-1	1	2	-1	9	2006	6
NS21993W	1	1	1	-1	-1	-1	9	2012	1
NS21993W	2	5	-1	1	3	-1	9	2009	6
NS21994X	1	1	2	-1	-1	-1	2	2008	2
NS21999C	1	1	1	-1	-1	-1	8	2006	1
NS22000S	1	1	2	-1	-1	-1	7	2013	2
NS22000S	2	3	2	-1	-1	-1	12	2012	11
NS22000S	3	4	-1	-1	-1	-1	5	2012	5
NS22000S	4	5	-1	1	3	-1	9	2008	6
NS22001T	1	1	1	-1	-1	-1	6	2008	1
NS22002V	1	5	-1	1	3	-1	9	2008	6
NS22004X	1	1	1	-1	-1	-1	9	2012	1
NS22004X	2	5	-1	1	3	-1	9	2008	6
NS22005Y	1	2	1	-1	-1	-1	2	2016	3
NS22005Y	2	1	1	-1	-1	-1	8	2015	1
NS22005Y	3	2	1	-1	-1	-1	1	2015	3
NS22005Y	4	1	1	-1	-1	-1	10	2014	1
NS22005Y	5	1	1	-1	-1	-1	8	2013	1
NS22005Y	6	2	1	-1	-1	-1	8	2012	3
NS22005Y	7	4	-1	-1	-1	-1	8	2011	5
NS22005Y	8	2	1	-1	-1	-1	2	2010	3
NS22006Z	1	1	1	-1	-1	-1	6	2010	1
NS22006Z	2	1	1	-1	-1	-1	6	2010	1
NS22006Z	3	10	-1	-1	-1	-1	2	2010	14
NS22006Z	4	7	-1	-1	-1	-1	5	2009	8
NS22012P	1	5	-1	1	3	-1	9	2012	6
NS22012P	2	5	-1	1	3	-1	9	2008	6
NS22013Q	1	4	-1	-1	-1	-1	8	2008	5
NS22014R	1	5	-1	1	3	-1	9	2012	6
NS22014R	2	5	-1	1	3	-1	9	2009	6
NS22014R	3	5	-1	1	2	-1	9	2006	6
NS22017V	1	1	2	-1	-1	-1	9	2014	2
NS22017V	2	4	-1	-1	-1	-1	7	2014	5
NS22017V	3	1	1	-1	-1	-1	4	2011	1
NS22017V	4	3	2	-1	-1	-1	4	2004	11
NS22020G	1	1	1	-1	-1	-1	3	2012	1
NS22020G	2	1	1	-1	-1	-1	-8	2010	1
NS22020G	3	-8	-1	-1	-1	-1	-8	-8	-8
NS22023K	1	1	1	-1	-1	-1	9	2007	1
NS22025M	1	1	1	-1	-1	-1	11	2012	1
NS22025M	2	1	1	-1	-1	-1	6	2008	1
NS22030B	1	1	1	-1	-1	-1	1	2008	1
NS22030B	2	5	-1	1	2	-1	9	2006	6
NS22032D	1	5	-1	1	3	-1	10	2008	6
NS22033E	1	1	1	-1	-1	-1	9	2013	1
NS22033E	2	1	1	-1	-1	-1	5	2012	1
NS22033E	3	5	-1	1	3	-1	9	2008	6
NS22034F	1	1	1	-1	-1	-1	8	2015	1
NS22034F	2	4	-1	-1	-1	-1	10	2014	5
NS22034F	3	5	-1	2	3	-1	9	2012	7
NS22034F	4	5	-1	1	3	-1	9	2009	6
NS22035G	1	1	1	-1	-1	-1	5	2013	1
NS22035G	2	1	1	-1	-1	-1	3	2012	1
NS22035G	3	4	-1	-1	-1	-1	1	2012	5
NS22035G	4	1	1	-1	-1	-1	11	2011	1
NS22035G	5	4	-1	-1	-1	-1	7	2011	5
NS22035G	6	5	-1	1	3	-1	9	2008	6
NS22036H	1	1	1	-1	-1	-1	5	2010	1
NS22039L	1	4	-1	-1	-1	-1	12	2013	5
NS22039L	2	10	-1	-1	-1	-1	1	2013	14
NS22039L	3	1	1	-1	-1	-1	1	2012	1
NS22039L	4	1	2	-1	-1	-1	4	2010	2
NS22042Y	1	5	-1	1	3	-1	9	2008	6
NS22048E	1	3	2	-1	-1	-1	8	2013	11
NS22048E	2	5	-1	1	3	-1	9	2012	6
NS22048E	3	5	-1	1	3	-1	9	2009	6
NS22051R	1	5	-1	1	3	-1	9	2012	6
NS22051R	2	1	2	-1	-1	-1	9	2011	2
NS22051R	3	5	-1	1	3	-1	9	2008	6
NS22051R	4	5	-1	1	2	-1	9	2006	6
NS22055W	1	1	1	-1	-1	-1	9	2013	1
NS22055W	2	1	1	-1	-1	-1	9	2012	1
NS22055W	3	5	-1	1	3	-1	9	2011	6
NS22055W	4	5	-1	1	3	-1	9	2008	6
NS22057Y	1	1	1	-1	-1	-1	9	2013	1
NS22057Y	2	1	1	-1	-1	-1	5	2013	1
NS22057Y	3	5	-1	2	4	-1	2	2013	7
NS22057Y	4	1	1	-1	-1	-1	5	2012	1
NS22057Y	5	1	1	-1	-1	-1	-8	2012	1
NS22057Y	6	-8	-1	-1	-1	-1	-8	-8	-8
NS22059A	1	1	1	-1	-1	-1	8	2013	1
NS22059A	2	10	-1	-1	-1	-1	9	2012	14
NS22059A	3	5	-1	1	3	-1	9	2009	6
NS22060K	1	10	-1	-1	-1	-1	7	2011	14
NS22060K	2	5	-1	1	3	-1	9	2008	6
NS22061L	1	5	-1	1	3	-1	9	2013	6
NS22061L	2	5	-1	1	3	-1	9	2010	6
NS22061L	3	1	1	-1	-1	-1	9	2009	1
NS22063N	1	5	-1	1	3	-1	9	2012	6
NS22063N	2	1	1	-1	-1	-1	6	2008	1
NS22064P	1	9	-1	-1	-1	-1	8	2011	13
NS22064P	2	1	1	-1	-1	-1	5	2008	1
NS22067S	1	9	-1	-1	-1	-1	3	2014	13
NS22067S	2	1	2	-1	-1	-1	9	2012	2
NS22067S	3	1	2	-1	-1	-1	2	2010	2
NS22068T	1	2	1	-1	-1	-1	10	2015	3
NS22068T	2	2	1	-1	-1	-1	8	2015	3
NS22068T	3	2	1	-1	-1	-1	2	2015	3
NS22068T	4	1	1	-1	-1	-1	12	2011	1
NS22068T	5	5	-1	1	3	-1	9	2008	6
NS22069V	1	4	-1	-1	-1	-1	1	2015	5
NS22069V	2	1	1	-1	-1	-1	9	2012	1
NS22069V	3	1	2	-1	-1	-1	9	2011	2
NS22069V	4	5	-1	1	3	-1	9	2008	6
NS22069V	5	5	-1	1	2	-1	9	2006	6
NS22073H	1	5	-1	1	3	-1	9	2013	6
NS22073H	2	1	1	-1	-1	-1	8	2011	1
NS22073H	3	5	-1	1	3	-1	9	2008	6
NS22074J	1	1	1	-1	-1	-1	1	2005	1
NS22079P	1	4	-1	-1	-1	-1	9	2012	5
NS22079P	2	5	-1	1	3	-1	9	2011	6
NS22079P	3	5	-1	1	3	-1	10	2008	6
NS22082B	1	4	-1	-1	-1	-1	3	2015	5
NS22082B	2	1	1	-1	-1	-1	11	2014	1
NS22082B	3	4	-1	-1	-1	-1	9	2014	5
NS22082B	4	3	1	-1	-1	-1	7	2014	11
NS22082B	5	4	-1	-1	-1	-1	3	2014	5
NS22082B	6	1	1	-1	-1	-1	11	2013	1
NS22082B	7	1	1	-1	-1	-1	7	2009	1
NS22082B	8	5	-1	1	2	-1	9	2006	6
NS22083C	1	1	2	-1	-1	-1	8	2013	2
NS22083C	2	3	2	-1	-1	-1	8	2012	11
NS22083C	3	5	-1	1	3	-1	9	2008	6
NS22086F	1	1	1	-1	-1	-1	6	2010	1
NS22086F	2	1	1	-1	-1	-1	6	2006	1
NS22087G	1	5	-1	1	3	-1	9	2010	6
NS22087G	2	1	2	-1	-1	-1	-8	2009	2
NS22092W	1	1	1	-1	-1	-1	12	2012	1
NS22092W	2	1	1	-1	-1	-1	7	2011	1
NS22092W	3	5	-1	1	3	-1	9	2008	6
NS22092W	4	5	-1	1	1	-1	9	2001	6
NS22093X	1	1	1	-1	-1	-1	10	2015	1
NS22093X	2	4	-1	-1	-1	-1	7	2014	5
NS22093X	3	5	-1	1	3	-1	10	2009	6
NS22095Z	1	5	-1	1	3	-1	9	2008	6
NS22096A	1	1	1	-1	-1	-1	1	2009	1
NS22097B	1	5	-1	1	3	-1	9	2007	6
NS22102X	1	1	1	-1	-1	-1	3	2010	1
NS22103Y	1	9	-1	-1	-1	-1	5	2015	13
NS22103Y	2	1	2	-1	-1	-1	9	2011	2
NS22103Y	3	5	-1	1	3	-1	9	2008	6
NS22103Y	4	5	-1	1	2	-1	9	2006	6
NS22106B	1	5	-1	1	3	-1	9	2009	6
NS22109E	1	1	1	-1	-1	-1	8	2011	1
NS22109E	2	1	1	-1	-1	-1	7	2009	1
NS22110P	1	5	-1	1	2	-1	9	2007	6
NS22110P	2	1	2	-1	-1	-1	4	2007	2
NS22110P	3	4	-1	-1	-1	-1	11	2006	5
NS22110P	4	5	-1	1	1	-1	9	2001	6
NS22116W	1	1	1	-1	-1	-1	6	2013	1
NS22116W	2	1	2	-1	-1	-1	1	2012	2
NS22116W	3	1	2	-1	-1	-1	9	2009	2
NS22119Z	1	2	1	-1	-1	-1	7	2006	3
NS22122L	1	1	1	-1	-1	-1	2	2007	1
NS22130D	1	1	2	-1	-1	-1	9	2008	2
NS22133G	1	1	2	-1	-1	-1	7	2014	2
NS22133G	2	4	-1	-1	-1	-1	10	2013	5
NS22133G	3	1	2	-1	-1	-1	9	2012	2
NS22133G	4	5	-1	1	3	-1	9	2009	6
NS22134H	1	4	-1	-1	-1	-1	-8	-8	5
NS22135J	1	1	1	-1	-1	-1	1	2014	1
NS22135J	2	5	-1	1	3	-1	9	2012	6
NS22135J	3	1	1	-1	-1	-1	10	2011	1
NS22135J	4	5	-1	1	3	-1	9	2008	6
NS22135J	5	5	-1	1	2	-1	9	2006	6
NS22137L	1	1	1	-1	-1	-1	10	2010	1
NS22137L	2	5	-1	1	3	-1	9	2008	6
NS22137L	3	5	-1	1	2	-1	9	2006	6
NS22138M	1	5	-1	1	3	-1	9	2009	6
NS22139N	1	1	1	-1	-1	-1	9	2013	1
NS22139N	2	1	1	-1	-1	-1	7	2011	1
NS22139N	3	5	-1	1	3	-1	9	2007	6
NS22141Z	1	1	1	-1	-1	-1	10	2012	1
NS22141Z	2	1	1	-1	-1	-1	9	2010	1
NS22141Z	3	1	1	-1	-1	-1	9	2006	1
NS22142A	1	1	2	-1	-1	-1	6	2008	2
NS22145D	1	1	1	-1	-1	-1	10	2012	1
NS22145D	2	5	-1	1	3	-1	9	2008	6
NS22147F	1	1	1	-1	-1	-1	7	2014	1
NS22147F	2	1	1	-1	-1	-1	6	2009	1
NS22153W	1	1	2	-1	-1	-1	3	2013	2
NS22153W	2	1	2	-1	-1	-1	-8	-8	2
NS22155Y	1	1	1	-1	-1	-1	9	2011	1
NS22155Y	2	5	-1	1	3	-1	9	2008	6
NS22163Q	1	1	1	-1	-1	-1	7	2006	1
NS22166T	1	1	2	-1	-1	-1	-8	-8	2
NS22170G	1	3	2	-1	-1	-1	8	2011	11
NS22170G	2	5	-1	1	3	-1	9	2008	6
NS22174L	1	1	1	-1	-1	-1	1	2010	1
NS22176N	1	1	2	-1	-1	-1	6	2015	2
NS22176N	2	9	-1	-1	-1	-1	8	2010	13
NS22176N	3	1	1	-1	-1	-1	4	2009	1
NS22177P	1	5	-1	1	3	-1	9	2009	6
NS22177P	2	5	-1	1	2	-1	9	2006	6
NS22180B	1	1	1	-1	-1	-1	7	2010	1
NS22183E	1	1	1	-1	-1	-1	5	2014	1
NS22183E	2	1	1	-1	-1	-1	1	2013	1
NS22183E	3	1	1	-1	-1	-1	5	2012	1
NS22183E	4	1	1	-1	-1	-1	6	2011	1
NS22183E	5	5	-1	1	3	-1	9	2008	6
NS22184F	1	5	-1	1	3	-1	9	2012	6
NS22184F	2	5	-1	1	1	-1	9	2002	6
NS22187J	1	5	-1	1	3	-1	9	2011	6
NS22187J	2	5	-1	1	3	-1	9	2008	6
NS22189L	1	5	-1	1	3	-1	9	2008	6
NS22195B	1	1	1	-1	-1	-1	2	2015	1
NS22195B	2	4	-1	-1	-1	-1	1	2015	5
NS22195B	3	1	1	-1	-1	-1	8	2014	1
NS22195B	4	4	-1	-1	-1	-1	1	2014	5
NS22195B	5	1	1	-1	-1	-1	8	2013	1
NS22195B	6	4	-1	-1	-1	-1	5	2013	5
NS22195B	7	1	1	-1	-1	-1	8	2012	1
NS22195B	8	5	-1	1	3	-1	9	2009	6
NS22197D	1	5	-1	1	3	-1	9	2010	6
NS22197D	2	4	-1	-1	-1	-1	7	2010	5
NS22197D	3	10	-1	-1	-1	-1	1	2009	14
NS22200X	1	-9	-1	-1	-1	-1	-9	-9	-8
NS22204B	1	4	-1	-1	-1	-1	3	2014	5
NS22204B	2	1	1	-1	-1	-1	9	2013	1
NS22204B	3	4	-1	-1	-1	-1	8	2008	5
NS22206D	1	5	-1	1	2	-1	-8	-8	6
NS22207E	1	4	-1	-1	-1	-1	10	2014	5
NS22207E	2	5	-1	1	3	-1	9	2013	6
NS22207E	3	5	-1	1	3	-1	9	2010	6
NS22207E	4	1	1	-1	-1	-1	10	2008	1
NS22220L	1	1	1	-1	-1	-1	10	2011	1
NS22220L	2	5	-1	1	3	-1	9	2008	6
NS22221M	1	7	-1	-1	-1	-1	8	2012	8
NS22221M	2	5	-1	1	3	-1	9	2009	6
NS22222N	1	4	-1	-1	-1	-1	6	2012	5
NS22222N	2	10	-1	-1	-1	-1	6	2011	14
NS22222N	3	1	2	-1	-1	-1	3	2011	2
NS22222N	4	10	-1	-1	-1	-1	1	2011	14
NS22222N	5	4	-1	-1	-1	-1	1	2011	5
NS22222N	6	8	-1	-1	-1	1	5	2008	9
NS22223P	1	1	1	-1	-1	-1	7	2015	1
NS22223P	2	4	-1	-1	-1	-1	12	2014	5
NS22223P	3	1	2	-1	-1	-1	11	2014	2
NS22223P	4	4	-1	-1	-1	-1	9	2009	5
NS22223P	5	5	-1	1	2	-1	7	2006	6
NS22225R	1	1	1	-1	-1	-1	12	2011	1
NS22225R	2	4	-1	-1	-1	-1	6	2008	5
NS22225R	3	5	-1	1	2	-1	9	2006	6
NS22228V	1	1	1	-1	-1	-1	10	2012	1
NS22228V	2	5	-1	1	3	-1	10	2009	6
NS22229W	1	5	-1	1	3	-1	1	2013	6
NS22229W	2	1	1	-1	-1	-1	2	2008	1
NS22233J	1	1	1	-1	-1	-1	8	2013	1
NS22233J	2	1	1	-1	-1	-1	12	2012	1
NS22233J	3	1	1	-1	-1	-1	2	2012	1
NS22233J	4	1	2	-1	-1	-1	9	2008	2
NS22235L	1	1	2	-1	-1	-1	7	2013	2
NS22235L	2	4	-1	-1	-1	-1	12	2012	5
NS22235L	3	3	1	-1	-1	-1	10	2012	11
NS22235L	4	4	-1	-1	-1	-1	7	2012	5
NS22235L	5	5	-1	1	3	-1	9	2009	6
NS22237N	1	2	2	-1	-1	-1	9	2008	4
NS22239Q	1	4	-1	-1	-1	-1	7	2011	5
NS22239Q	2	5	-1	1	3	-1	9	2010	6
NS22239Q	3	5	-1	1	2	-1	9	2006	6
NS22242C	1	5	-1	1	3	-1	9	2012	6
NS22242C	2	1	2	-1	-1	-1	6	2011	2
NS22242C	3	5	-1	1	3	-1	9	2008	6
NS22243D	1	6	1	-1	-1	-1	9	2006	12
NS22244E	1	1	1	-1	-1	-1	10	2013	1
NS22244E	2	1	2	-1	-1	-1	3	2013	2
NS22244E	3	1	1	-1	-1	-1	10	2012	1
NS22244E	4	4	-1	-1	-1	-1	9	2012	5
NS22244E	5	1	1	-1	-1	-1	1	2012	1
NS22244E	6	4	-1	-1	-1	-1	7	2011	5
NS22244E	7	5	-1	1	3	-1	9	2008	6
NS22245F	1	4	-1	-1	-1	-1	9	2011	5
NS22245F	2	5	-1	1	3	-1	9	2008	6
NS22246G	1	1	1	-1	-1	-1	2	2012	1
NS22246G	2	4	-1	-1	-1	-1	7	2011	5
NS22246G	3	5	-1	1	3	-1	9	2008	6
NS22248J	1	2	1	-1	-1	-1	10	2012	3
NS22248J	2	5	-1	1	3	-1	9	2011	6
NS22248J	3	5	-1	1	3	-1	9	2008	6
NS22253Y	1	1	1	-1	-1	-1	2	2013	1
NS22253Y	2	10	-1	-1	-1	-1	6	2012	14
NS22253Y	3	1	1	-1	-1	-1	8	2011	1
NS22253Y	4	5	-1	1	3	-1	9	2008	6
NS22256B	1	1	1	-1	-1	-1	-8	-8	1
NS22258D	1	1	1	-1	-1	-1	9	2012	1
NS22258D	2	5	-1	1	3	-1	9	2008	6
NS22258D	3	5	-1	1	1	-1	9	1992	6
NS22259E	1	1	1	-1	-1	-1	1	2015	1
NS22259E	2	4	-1	-1	-1	-1	9	2014	5
NS22259E	3	3	2	-1	-1	-1	9	2013	11
NS22259E	4	2	1	-1	-1	-1	5	2013	3
NS22259E	5	4	-1	-1	-1	-1	1	2013	5
NS22259E	6	1	1	-1	-1	-1	12	2012	1
NS22259E	7	4	-1	-1	-1	-1	8	2012	5
NS22259E	8	5	-1	1	3	-1	9	2008	6
NS22263S	1	1	1	-1	-1	-1	11	2011	1
NS22263S	2	5	-1	1	3	-1	9	2008	6
NS22270J	1	1	2	-1	-1	-1	6	2011	2
NS22270J	2	5	-1	1	3	-1	9	2009	6
NS22270J	3	1	1	-1	-1	-1	3	2008	1
NS22274N	1	5	-1	1	3	-1	9	2008	6
NS22275P	1	1	1	-1	-1	-1	10	2011	1
NS22275P	2	5	-1	1	3	-1	9	2008	6
NS22276Q	1	1	2	-1	-1	-1	9	2015	2
NS22276Q	2	1	1	-1	-1	-1	5	2015	1
NS22276Q	3	1	1	-1	-1	-1	11	2012	1
NS22276Q	4	4	-1	-1	-1	-1	8	2012	5
NS22276Q	5	5	-1	1	3	-1	9	2009	6
NS22279T	1	1	1	-1	-1	-1	9	2012	1
NS22279T	2	5	-1	1	3	-1	9	2009	6
NS22282F	1	5	-1	2	3	-1	5	2009	7
NS22289N	1	2	1	-1	-1	-1	-8	2012	3
NS22289N	2	5	-1	1	3	-1	-8	2009	6
NS22290Y	1	4	-1	-1	-1	-1	1	2014	5
NS22290Y	2	5	-1	1	3	-1	9	2010	6
NS22290Y	3	5	-1	1	1	-1	9	2006	6
NS22291Z	1	1	1	-1	-1	-1	8	2011	1
NS22291Z	2	1	1	-1	-1	-1	2	2010	1
NS22291Z	3	1	1	-1	-1	-1	9	2006	1
NS22296E	1	1	1	-1	-1	-1	9	2011	1
NS22296E	2	5	-1	1	2	-1	9	2010	6
NS22296E	3	1	1	-1	-1	-1	11	2008	1
NS22297F	1	5	-1	1	3	-1	10	2009	6
NS22304D	1	1	1	-1	-1	-1	2	2015	1
NS22304D	2	1	1	-1	-1	-1	4	2013	1
NS22304D	3	1	1	-1	-1	-1	7	2011	1
NS22304D	4	5	-1	1	3	-1	9	2008	6
NS22304D	5	5	-1	1	2	-1	9	2006	6
NS22305E	1	1	1	-1	-1	-1	2	2010	1
NS22309J	1	5	-1	1	2	-1	9	2012	6
NS22309J	2	1	1	-1	-1	-1	6	2011	1
NS22309J	3	5	-1	1	3	-1	9	2008	6
NS22310T	1	8	-1	-1	-1	2	10	1990	10
NS22313X	1	9	-1	-1	-1	-1	4	2014	13
NS22313X	2	1	1	-1	-1	-1	6	2013	1
NS22313X	3	9	-1	-1	-1	-1	10	2012	13
NS22313X	4	1	2	-1	-1	-1	9	2011	2
NS22313X	5	8	-1	-1	-1	2	3	2009	10
NS22313X	6	1	2	-1	-1	-1	4	2006	2
NS22317B	1	1	2	-1	-1	-1	9	2014	2
NS22317B	2	3	2	-1	-1	-1	11	2012	11
NS22317B	3	9	-1	-1	-1	-1	9	2011	13
NS22317B	4	1	1	-1	-1	-1	7	2008	1
NS22318C	1	1	1	-1	-1	-1	4	2015	1
NS22318C	2	1	1	-1	-1	-1	10	2014	1
NS22318C	3	9	-1	-1	-1	-1	7	2013	13
NS22318C	4	5	-1	1	3	-1	9	2009	6
NS22320N	1	5	-1	1	3	-1	9	2009	6
NS22321P	1	4	-1	-1	-1	-1	8	2015	5
NS22321P	2	1	1	-1	-1	-1	2	2015	1
NS22321P	3	1	1	-1	-1	-1	3	2014	1
NS22321P	4	3	2	-1	-1	-1	11	2012	11
NS22321P	5	2	2	-1	-1	-1	6	2011	4
NS22321P	6	5	-1	1	3	-1	9	2008	6
NS22323R	1	1	1	-1	-1	-1	10	2010	1
NS22323R	2	5	-1	1	3	-1	9	2008	6
NS22324S	1	1	1	-1	-1	-1	8	2011	1
NS22324S	2	1	2	-1	-1	-1	7	2011	2
NS22324S	3	1	1	-1	-1	-1	8	2010	1
NS22324S	4	1	1	-1	-1	-1	7	2010	1
NS22324S	5	1	2	-1	-1	-1	6	2009	2
NS22325T	1	4	-1	-1	-1	-1	2	2013	5
NS22325T	2	5	-1	1	3	-1	9	2008	6
NS22327W	1	5	-1	1	3	-1	2	2010	6
NS22330H	1	1	1	-1	-1	-1	10	2014	1
NS22330H	2	1	1	-1	-1	-1	1	2014	1
NS22330H	3	1	2	-1	-1	-1	1	2013	2
NS22330H	4	1	2	-1	-1	-1	-8	-8	2
NS22332K	1	5	-1	1	3	-1	9	2009	6
NS22333L	1	1	1	-1	-1	-1	7	2011	1
NS22333L	2	5	-1	1	3	-1	9	2008	6
NS22334M	1	1	1	-1	-1	-1	9	2011	1
NS22334M	2	1	2	-1	-1	-1	7	2008	2
NS22336P	1	5	-1	1	3	-1	9	2010	6
NS22336P	2	1	2	-1	-1	-1	3	2006	2
NS22337Q	1	1	1	-1	-1	-1	8	2008	1
NS22340C	1	1	1	-1	-1	-1	1	2015	1
NS22340C	2	1	1	-1	-1	-1	1	2014	1
NS22340C	3	-9	-1	-1	-1	-1	-9	-9	-8
NS22341D	1	1	1	-1	-1	-1	7	2014	1
NS22341D	2	5	-1	1	3	-1	9	2009	6
NS22342E	1	5	-1	1	3	-1	9	2009	6
NS22344G	1	1	1	-1	-1	-1	8	2013	1
NS22344G	2	1	1	-1	-1	-1	4	2012	1
NS22344G	3	10	-1	-1	-1	-1	9	2011	14
NS22344G	4	5	-1	1	3	-1	9	2008	6
NS22346J	1	5	-1	1	2	-1	9	2008	6
NS22347K	1	1	2	-1	-1	-1	10	2013	2
NS22347K	2	1	2	-1	-1	-1	7	2006	2
NS22348L	1	1	1	-1	-1	-1	9	2012	1
NS22348L	2	5	-1	1	3	-1	9	2008	6
NS22351Y	1	5	-1	1	3	-1	9	2008	6
NS22354B	1	3	2	-1	-1	-1	6	2014	11
NS22354B	2	5	-1	1	3	-1	9	2009	6
NS22354B	3	-9	-1	-1	-1	-1	9	2009	-8
NS22354B	4	-8	-1	-1	-1	-1	9	2009	-8
NS22354B	5	10	-1	-1	-1	-1	-9	-9	14
NS22355C	1	5	-1	1	3	-1	9	2008	6
NS22357E	1	4	-1	-1	-1	-1	6	2014	5
NS22357E	2	1	1	-1	-1	-1	5	2012	1
NS22357E	3	1	1	-1	-1	-1	9	2011	1
NS22357E	4	5	-1	1	3	-1	9	2008	6
NS22358F	1	1	1	-1	-1	-1	9	2010	1
NS22358F	2	1	1	-1	-1	-1	7	2008	1
NS22360R	1	5	-1	1	3	-1	9	2013	6
NS22360R	2	1	1	-1	-1	-1	6	2012	1
NS22360R	3	5	-1	1	3	-1	9	2011	6
NS22360R	4	5	-1	1	3	-1	9	2008	6
NS22365X	1	1	1	-1	-1	-1	8	2015	1
NS22365X	2	4	-1	-1	-1	-1	5	2015	5
NS22365X	3	1	1	-1	-1	-1	2	2015	1
NS22365X	4	1	1	-1	-1	-1	7	2013	1
NS22365X	5	4	-1	-1	-1	-1	1	2013	5
NS22365X	6	1	1	-1	-1	-1	11	2011	1
NS22365X	7	4	-1	-1	-1	-1	12	2010	5
NS22365X	8	1	1	-1	-1	-1	12	2008	1
NS22366Y	1	1	2	-1	-1	-1	9	2010	2
NS22366Y	2	1	1	-1	-1	-1	9	2008	1
NS22367Z	1	1	1	-1	-1	-1	9	2009	1
NS22371M	1	1	1	-1	-1	-1	9	2014	1
NS22371M	2	1	1	-1	-1	-1	8	2012	1
NS22371M	3	1	2	-1	-1	-1	12	2008	2
NS22375R	1	5	-1	1	3	-1	9	2008	6
NS22376S	1	1	1	-1	-1	-1	2	2012	1
NS22376S	2	1	1	-1	-1	-1	-8	2007	1
NS22377T	1	1	1	-1	-1	-1	9	2008	1
NS22379W	1	1	1	-1	-1	-1	3	1996	1
NS22380F	1	5	-1	1	3	-1	9	2009	6
NS22385L	1	1	1	-1	-1	-1	2	2009	1
NS22386M	1	9	-1	-1	-1	-1	9	2015	13
NS22386M	2	5	-1	1	3	-1	9	2010	6
NS22386M	3	9	-1	-1	-1	-1	5	2010	13
NS22386M	4	1	2	-1	-1	-1	9	2008	2
NS22386M	5	5	-1	1	1	-1	9	2007	6
NS22386M	6	5	-1	1	1	-1	9	2005	6
NS22388P	1	1	2	-1	-1	-1	4	2013	2
NS22388P	2	1	1	-1	-1	-1	7	2008	1
NS22388P	3	5	-1	1	2	-1	9	2006	6
NS22391B	1	1	1	-1	-1	-1	6	2006	1
NS22393D	1	1	2	-1	-1	-1	1	2014	2
NS22393D	2	1	1	-1	-1	-1	7	2013	1
NS22393D	3	5	-1	1	3	-1	9	2012	6
NS22393D	4	1	2	-1	-1	-1	1	2012	2
NS22393D	5	4	-1	-1	-1	-1	9	2011	5
NS22393D	6	3	2	-1	-1	-1	7	2011	11
NS22393D	7	5	-1	1	3	-1	10	2008	6
NS22396G	1	1	1	-1	-1	-1	3	2006	1
NS22399K	1	1	1	-1	-1	-1	7	2014	1
NS22399K	2	4	-1	-1	-1	-1	10	2010	5
NS22399K	3	1	1	-1	-1	-1	5	2010	1
NS22400B	1	5	-1	1	3	-1	9	2008	6
NS22402D	1	1	1	-1	-1	-1	4	2006	1
NS22405G	1	1	1	-1	-1	-1	5	2014	1
NS22405G	2	1	2	-1	-1	-1	9	2013	2
NS22405G	3	1	1	-1	-1	-1	7	2012	1
NS22405G	4	1	1	-1	-1	-1	5	2012	1
NS22405G	5	1	2	-1	-1	-1	5	2010	2
NS22405G	6	1	2	-1	-1	-1	7	2008	2
NS22405G	7	5	-1	1	1	-1	9	1999	6
NS22407J	1	10	-1	-1	-1	-1	1	2015	14
NS22407J	2	1	1	-1	-1	-1	4	2013	1
NS22407J	3	10	-1	-1	-1	-1	7	2012	14
NS22407J	4	5	-1	1	3	-1	9	2008	6
NS22407J	5	5	-1	1	2	-1	9	2006	6
NS22408K	1	1	1	-1	-1	-1	9	2011	1
NS22408K	2	4	-1	-1	-1	-1	9	2010	5
NS22408K	3	1	1	-1	-1	-1	9	2006	1
NS22409L	1	1	2	-1	-1	-1	10	2013	2
NS22409L	2	1	1	-1	-1	-1	3	2013	1
NS22409L	3	1	2	-1	-1	-1	10	2012	2
NS22409L	4	1	1	-1	-1	-1	3	2012	1
NS22409L	5	10	-1	-1	-1	-1	10	2011	14
NS22409L	6	5	-1	1	3	-1	9	2008	6
NS22410W	1	1	2	-1	-1	-1	2	2014	2
NS22410W	2	1	2	-1	-1	-1	12	2011	2
NS22410W	3	4	-1	-1	-1	-1	10	2011	5
NS22410W	4	1	2	-1	-1	-1	3	2011	2
NS22410W	5	5	-1	2	2	-1	9	2010	7
NS22410W	6	1	2	-1	-1	-1	9	2007	2
NS22419F	1	4	-1	-1	-1	-1	1	2015	5
NS22419F	2	1	1	-1	-1	-1	6	2012	1
NS22419F	3	5	-1	1	3	-1	10	2008	6
NS22421R	1	5	-1	2	3	-1	9	2013	7
NS22421R	2	1	2	-1	-1	-1	3	2013	2
NS22421R	3	5	-1	1	3	-1	9	2009	6
NS22423T	1	1	1	-1	-1	-1	3	2013	1
NS22423T	2	1	1	-1	-1	-1	9	2012	1
NS22423T	3	1	2	-1	-1	-1	3	2012	2
NS22423T	4	1	1	-1	-1	-1	12	2011	1
NS22423T	5	4	-1	-1	-1	-1	6	2011	5
NS22423T	6	5	-1	1	3	-1	9	2008	6
NS22425W	1	5	-1	1	2	-1	9	2007	6
NS22426X	1	1	1	-1	-1	-1	11	2012	1
NS22426X	2	5	-1	1	3	-1	9	2009	6
NS22431L	1	1	1	-1	-1	-1	1	2014	1
NS22431L	2	1	1	-1	-1	-1	1	2014	1
NS22431L	3	5	-1	1	3	-1	9	2009	6
NS22431L	4	10	-1	-1	-1	-1	6	2009	14
NS22432M	1	8	-1	-1	-1	2	6	2010	10
NS22432M	2	5	-1	1	1	-1	9	1995	6
NS22434P	1	1	1	-1	-1	-1	4	2012	1
NS22434P	2	1	1	-1	-1	-1	9	2011	1
NS22434P	3	5	-1	1	3	-1	9	2008	6
NS22435Q	1	4	-1	-1	-1	-1	8	2006	5
NS22436R	1	4	-1	-1	-1	-1	9	2013	5
NS22436R	2	1	1	-1	-1	-1	9	2009	1
NS22436R	3	5	-1	1	2	-1	9	2006	6
NS22437S	1	1	1	-1	-1	-1	6	2012	1
NS22437S	2	5	-1	1	3	-1	9	2009	6
NS22441F	1	1	1	-1	-1	-1	11	2011	1
NS22441F	2	1	1	-1	-1	-1	-8	2006	1
NS22442G	1	1	1	-1	-1	-1	6	2014	1
NS22442G	2	1	1	-1	-1	-1	9	2013	1
NS22442G	3	1	2	-1	-1	-1	1	2011	2
NS22442G	4	5	-1	1	3	-1	1	2011	6
NS22442G	5	5	-1	1	3	-1	9	2008	6
NS22442G	6	5	-1	1	2	-1	9	2006	6
NS22445K	1	1	1	-1	-1	-1	10	2014	1
NS22445K	2	4	-1	-1	-1	-1	2	2014	5
NS22445K	3	1	1	-1	-1	-1	9	2013	1
NS22445K	4	1	1	-1	-1	-1	10	2012	1
NS22445K	5	5	-1	1	3	-1	9	2008	6
NS22447M	1	1	1	-1	-1	-1	3	2014	1
NS22447M	2	4	-1	-1	-1	-1	-8	-8	5
NS22448N	1	1	1	-1	-1	-1	4	2015	1
NS22448N	2	3	2	-1	-1	-1	1	2015	11
NS22448N	3	2	1	-1	-1	-1	1	2013	3
NS22448N	4	1	1	-1	-1	-1	9	2012	1
NS22448N	5	5	-1	1	3	-1	9	2008	6
NS22449P	1	1	1	-1	-1	-1	4	2015	1
NS22449P	2	1	1	-1	-1	-1	4	2014	1
NS22449P	3	10	-1	-1	-1	-1	10	2013	14
NS22449P	4	1	1	-1	-1	-1	7	2011	1
NS22449P	5	5	-1	1	3	-1	9	2008	6
NS22449P	6	5	-1	1	1	-1	9	2006	6
NS22450Z	1	1	1	-1	-1	-1	10	2013	1
NS22450Z	2	10	-1	-1	-1	-1	10	2012	14
NS22450Z	3	1	1	-1	-1	-1	10	2010	1
NS22450Z	4	1	1	-1	-1	-1	6	2010	1
NS22454D	1	1	1	-1	-1	-1	7	2009	1
NS22454D	2	10	-1	-1	-1	-1	8	2007	14
NS22455E	1	1	1	-1	-1	-1	2	2013	1
NS22455E	2	1	1	-1	-1	-1	11	2012	1
NS22455E	3	3	1	-1	-1	-1	8	2012	11
NS22455E	4	5	-1	1	2	-1	9	2011	6
NS22455E	5	5	-1	1	3	-1	9	2008	6
NS22459J	1	1	1	-1	-1	-1	2	2014	1
NS22459J	2	1	1	-1	-1	-1	2	2012	1
NS22459J	3	1	1	-1	-1	-1	8	2006	1
NS22461V	1	5	-1	1	3	-1	9	2012	6
NS22461V	2	5	-1	1	3	-1	9	2008	6
NS22463X	1	1	2	-1	-1	-1	5	2007	2
NS22464Y	1	10	-1	-1	-1	-1	10	2015	14
NS22464Y	2	5	-1	1	3	-1	9	2014	6
NS22464Y	3	5	-1	1	3	-1	9	2008	6
NS22466A	1	1	2	-1	-1	-1	2	2014	2
NS22466A	2	4	-1	-1	-1	-1	8	2013	5
NS22466A	3	1	1	-1	-1	-1	3	2012	1
NS22466A	4	4	-1	-1	-1	-1	2	2012	5
NS22466A	5	1	1	-1	-1	-1	1	2011	1
NS22466A	6	1	2	-1	-1	-1	5	2010	2
NS22467B	1	5	-1	1	2	-1	9	2006	6
NS22468C	1	1	1	-1	-1	-1	11	2012	1
NS22468C	2	1	1	-1	-1	-1	11	2012	1
NS22468C	3	5	-1	1	3	-1	9	2009	6
NS22474S	1	1	1	-1	-1	-1	8	2006	1
NS22476V	1	5	-1	1	2	-1	9	2012	6
NS22476V	2	5	-1	1	3	-1	9	2008	6
NS22477W	1	5	-1	1	3	-1	9	2010	6
NS22477W	2	5	-1	1	2	-1	9	2006	6
NS22479Y	1	1	1	-1	-1	-1	6	2015	1
NS22479Y	2	1	1	-1	-1	-1	10	2014	1
NS22479Y	3	1	1	-1	-1	-1	6	2014	1
NS22479Y	4	3	1	-1	-1	-1	5	2014	11
NS22479Y	5	1	2	-1	-1	-1	10	2013	2
NS22479Y	6	1	2	-1	-1	-1	4	2013	2
NS22479Y	7	1	2	-1	-1	-1	11	2011	2
NS22479Y	8	5	-1	1	3	-1	10	2009	6
NS22480H	1	1	1	-1	-1	-1	7	2008	1
NS22482K	1	1	1	-1	-1	-1	7	2008	1
NS22482K	2	5	-1	1	1	-1	9	2007	6
NS22482K	3	5	-1	1	1	-1	9	2003	6
NS22484M	1	1	2	-1	-1	-1	3	2014	2
NS22484M	2	1	1	-1	-1	-1	11	2013	1
NS22484M	3	4	-1	-1	-1	-1	-8	-8	5
NS22486P	1	2	1	-1	-1	-1	7	2008	3
NS22486P	2	1	2	-1	-1	-1	9	2006	2
NS22490C	1	1	1	-1	-1	-1	12	2013	1
NS22490C	2	1	1	-1	-1	-1	3	2013	1
NS22490C	3	5	-1	1	3	-1	9	2009	6
NS22491D	1	5	-1	1	3	-1	9	2008	6
NS22492E	1	1	2	-1	-1	-1	2	2008	2
NS22493F	1	1	1	-1	-1	-1	2	2010	1
NS22497K	1	2	1	-1	-1	-1	9	2009	3
NS22497K	2	1	1	-1	-1	-1	9	2008	1
NS22497K	3	1	1	-1	-1	-1	9	2007	1
NS22497K	4	5	-1	2	2	-1	9	2006	7
NS22502F	1	4	-1	-1	-1	-1	1	2013	5
NS22502F	2	1	1	-1	-1	-1	8	2007	1
NS22504H	1	2	2	-1	-1	-1	9	2013	4
NS22504H	2	5	-1	1	3	-1	9	2009	6
NS22506K	1	1	1	-1	-1	-1	12	2008	1
NS22509N	1	5	-1	1	3	-1	10	2009	6
NS22510Y	1	1	2	-1	-1	-1	9	2012	2
NS22510Y	2	1	1	-1	-1	-1	7	2008	1
NS22512A	1	1	1	-1	-1	-1	4	2011	1
NS22512A	2	1	2	-1	-1	-1	11	2010	2
NS22512A	3	5	-1	1	2	-1	9	2008	6
NS22513B	1	8	-1	-1	-1	1	6	2011	9
NS22513B	2	1	1	-1	-1	-1	5	2010	1
NS22516E	1	1	1	-1	-1	-1	1	2014	1
NS22516E	2	1	1	-1	-1	-1	2	2010	1
NS22518G	1	1	1	-1	-1	-1	11	2011	1
NS22518G	2	1	2	-1	-1	-1	6	2009	2
NS22519H	1	5	-1	1	2	-1	10	2006	6
NS22523W	1	1	1	-1	-1	-1	11	2012	1
NS22523W	2	4	-1	-1	-1	-1	6	2012	5
NS22523W	3	5	-1	1	3	-1	9	2009	6
NS22526Z	1	4	-1	-1	-1	-1	10	2012	5
NS22526Z	2	5	-1	1	3	-1	9	2011	6
NS22526Z	3	5	-1	1	3	-1	9	2008	6
NS22527A	1	5	-1	1	3	-1	9	2010	6
NS22527A	2	5	-1	1	2	-1	9	2008	6
NS22528B	1	1	2	-1	-1	-1	11	2006	2
NS22531N	1	1	2	-1	-1	-1	7	2007	2
NS22531N	2	5	-1	1	2	-1	9	2006	6
NS22532P	1	5	-1	1	2	-1	9	2013	6
NS22532P	2	9	-1	-1	-1	-1	1	2009	13
NS22532P	3	1	2	-1	-1	-1	9	2008	2
NS22532P	4	1	2	-1	-1	-1	8	2007	2
NS22533Q	1	1	2	-1	-1	-1	3	2007	2
NS22533Q	2	5	-1	2	2	-1	-8	-8	7
NS22535S	1	1	1	-1	-1	-1	4	2014	1
NS22535S	2	1	1	-1	-1	-1	2	2011	1
NS22535S	3	1	1	-1	-1	-1	4	2010	1
NS22538W	1	5	-1	1	2	-1	9	2007	6
NS22539X	1	4	-1	-1	-1	-1	6	2005	5
NS22540G	1	1	1	-1	-1	-1	6	2013	1
NS22540G	2	1	1	-1	-1	-1	7	2011	1
NS22540G	3	1	2	-1	-1	-1	9	2008	2
NS22543K	1	1	2	-1	-1	-1	7	2014	2
NS22543K	2	1	1	-1	-1	-1	3	2013	1
NS22543K	3	1	2	-1	-1	-1	11	2012	2
NS22543K	4	1	1	-1	-1	-1	8	2012	1
NS22543K	5	5	-1	1	3	-1	9	2008	6
NS22544L	1	1	1	-1	-1	-1	8	2012	1
NS22544L	2	1	1	-1	-1	-1	8	2012	1
NS22544L	3	1	1	-1	-1	-1	7	2010	1
NS22544L	4	4	-1	-1	-1	-1	6	2008	5
NS22545M	1	1	2	-1	-1	-1	11	2013	2
NS22545M	2	1	2	-1	-1	-1	10	2012	2
NS22545M	3	1	2	-1	-1	-1	10	2009	2
NS22545M	4	1	2	-1	-1	-1	10	2008	2
NS22545M	5	5	-1	1	2	-1	9	2006	6
NS22547P	1	4	-1	-1	-1	-1	5	2013	5
NS22547P	2	5	-1	1	3	-1	9	2008	6
NS22548Q	1	1	2	-1	-1	-1	5	2012	2
NS22548Q	2	1	2	-1	-1	-1	5	2011	2
NS22548Q	3	1	2	-1	-1	-1	6	2007	2
NS22550B	1	5	-1	1	3	-1	9	2009	6
NS22555G	1	5	-1	1	3	-1	9	2011	6
NS22555G	2	5	-1	1	3	-1	9	2008	6
NS22557J	1	1	2	-1	-1	-1	12	2011	2
NS22557J	2	4	-1	-1	-1	-1	7	2010	5
NS22558K	1	1	1	-1	-1	-1	7	2015	1
NS22558K	2	1	2	-1	-1	-1	10	2013	2
NS22558K	3	1	1	-1	-1	-1	1	2013	1
NS22558K	4	5	-1	1	3	-1	9	2009	6
NS22559L	1	1	1	-1	-1	-1	7	2012	1
NS22559L	2	1	2	-1	-1	-1	2	2008	2
NS22561X	1	1	2	-1	-1	-1	7	2013	2
NS22561X	2	1	2	-1	-1	-1	5	2012	2
NS22561X	3	5	-1	1	3	-1	9	2008	6
NS22562Y	1	3	1	-1	-1	-1	7	2015	11
NS22562Y	2	1	1	-1	-1	-1	8	2014	1
NS22562Y	3	1	2	-1	-1	-1	3	2013	2
NS22562Y	4	4	-1	-1	-1	-1	9	2012	5
NS22562Y	5	5	-1	1	3	-1	9	2011	6
NS22562Y	6	5	-1	1	3	-1	9	2008	6
NS22563Z	1	1	1	-1	-1	-1	6	2010	1
NS22564A	1	1	1	-1	-1	-1	11	2014	1
NS22564A	2	1	1	-1	-1	-1	7	2014	1
NS22564A	3	1	1	-1	-1	-1	6	2013	1
NS22564A	4	1	1	-1	-1	-1	10	2012	1
NS22564A	5	1	2	-1	-1	-1	2	2007	2
NS22566C	1	1	1	-1	-1	-1	12	2012	1
NS22566C	2	1	1	-1	-1	-1	7	2011	1
NS22566C	3	5	-1	1	3	-1	9	2008	6
NS22568E	1	5	-1	1	2	-1	9	2007	6
NS22573T	1	1	1	-1	-1	-1	10	2009	1
NS22573T	2	1	1	-1	-1	-1	8	2008	1
NS22573T	3	1	1	-1	-1	-1	9	2006	1
NS22575W	1	1	1	-1	-1	-1	6	2007	1
NS22577Y	1	5	-1	1	4	-1	9	2014	6
NS22577Y	2	5	-1	1	3	-1	10	2011	6
NS22577Y	3	1	2	-1	-1	-1	9	2009	2
NS22578Z	1	5	-1	1	3	-1	3	2008	6
NS22579A	1	1	2	-1	-1	-1	1	2014	2
NS22579A	2	1	1	-1	-1	-1	10	2012	1
NS22579A	3	5	-1	1	3	-1	9	2008	6
NS22580K	1	1	2	-1	-1	-1	10	2009	2
NS22581L	1	1	1	-1	-1	-1	7	2011	1
NS22581L	2	5	-1	1	3	-1	9	2009	6
NS22585Q	1	1	1	-1	-1	-1	2	2010	1
NS22587S	1	10	-1	-1	-1	-1	12	2014	14
NS22587S	2	1	1	-1	-1	-1	9	2009	1
NS22588T	1	1	1	-1	-1	-1	5	2014	1
NS22588T	2	1	1	-1	-1	-1	3	2014	1
NS22588T	3	1	1	-1	-1	-1	10	2012	1
NS22588T	4	1	1	-1	-1	-1	6	2009	1
NS22589V	1	1	1	-1	-1	-1	1	2011	1
NS22589V	2	1	1	-1	-1	-1	1	2009	1
NS22594J	1	1	1	-1	-1	-1	4	2012	1
NS22594J	2	1	2	-1	-1	-1	9	2009	2
NS22597M	1	1	1	-1	-1	-1	6	2008	1
NS22599P	1	1	1	-1	-1	-1	-8	2010	1
NS22599P	2	-8	-1	-1	-1	-1	-8	-8	-8
NS22606M	1	1	1	-1	-1	-1	12	2007	1
NS22606M	2	1	1	-1	-1	-1	1	2006	1
NS22610A	1	1	1	-1	-1	-1	1	2014	1
NS22610A	2	10	-1	-1	-1	-1	9	2013	14
NS22610A	3	5	-1	1	3	-1	10	2009	6
NS22611B	1	1	2	-1	-1	-1	12	2012	2
NS22611B	2	1	1	-1	-1	-1	9	2012	1
NS22611B	3	1	1	-1	-1	-1	6	2012	1
NS22611B	4	1	1	-1	-1	-1	7	2011	1
NS22611B	5	1	2	-1	-1	-1	8	2010	2
NS22611B	6	1	1	-1	-1	-1	6	2010	1
NS22613D	1	5	-1	1	3	-1	9	2009	6
NS22614E	1	2	1	-1	-1	-1	3	2015	3
NS22614E	2	1	1	-1	-1	-1	4	2014	1
NS22614E	3	1	1	-1	-1	-1	1	2013	1
NS22614E	4	4	-1	-1	-1	-1	7	2012	5
NS22614E	5	5	-1	1	3	-1	9	2009	6
NS22616G	1	1	2	-1	-1	-1	9	2011	2
NS22616G	2	4	-1	-1	-1	-1	6	2011	5
NS22616G	3	5	-1	1	3	-1	9	2008	6
NS22617H	1	1	1	-1	-1	-1	10	2013	1
NS22617H	2	1	1	-1	-1	-1	8	2010	1
NS22617H	3	1	1	-1	-1	-1	1	2008	1
NS22619K	1	1	1	-1	-1	-1	12	2013	1
NS22619K	2	1	1	-1	-1	-1	10	2012	1
NS22619K	3	1	1	-1	-1	-1	10	2012	1
NS22619K	4	5	-1	1	3	-1	10	2009	6
NS22620V	1	1	1	-1	-1	-1	3	2015	1
NS22620V	2	1	1	-1	-1	-1	2	2011	1
NS22620V	3	5	-1	1	2	-1	9	2006	6
NS22623Y	1	1	1	-1	-1	-1	4	2013	1
NS22623Y	2	5	-1	1	3	-1	9	2009	6
NS22625A	1	3	2	-1	-1	-1	9	2012	11
NS22625A	2	5	-1	1	3	-1	9	2009	6
NS22630P	1	1	2	-1	-1	-1	4	2013	2
NS22630P	2	3	2	-1	-1	-1	2	2013	11
NS22630P	3	1	1	-1	-1	-1	10	2012	1
NS22630P	4	4	-1	-1	-1	-1	7	2012	5
NS22630P	5	5	-1	1	3	-1	10	2009	6
NS22635V	1	5	-1	1	2	-1	9	2008	6
NS22636W	1	1	1	-1	-1	-1	5	2011	1
NS22636W	2	1	1	-1	-1	-1	5	2006	1
NS22637X	1	5	-1	1	3	-1	9	2009	6
NS22638Y	1	5	-1	1	2	-1	6	2010	6
NS22638Y	2	5	-1	1	2	-1	6	2009	6
NS22639Z	1	1	1	-1	-1	-1	8	2014	1
NS22639Z	2	1	1	-1	-1	-1	6	2012	1
NS22639Z	3	4	-1	-1	-1	-1	7	2011	5
NS22639Z	4	5	-1	1	3	-1	9	2008	6
NS22642L	1	1	2	-1	-1	-1	3	2015	2
NS22642L	2	1	1	-1	-1	-1	12	2012	1
NS22642L	3	9	-1	-1	-1	-1	5	2010	13
NS22642L	4	1	2	-1	-1	-1	9	2008	2
NS22642L	5	5	-1	1	2	-1	9	2006	6
NS22643M	1	1	2	-1	-1	-1	10	2009	2
NS22644N	1	1	2	-1	-1	-1	10	2013	2
NS22644N	2	9	-1	-1	-1	-1	6	2008	13
NS22648S	1	1	1	-1	-1	-1	1	2012	1
NS22648S	2	1	1	-1	-1	-1	7	2011	1
NS22648S	3	1	1	-1	-1	-1	1	2009	1
NS22649T	1	4	-1	-1	-1	-1	7	2008	5
NS22658M	1	1	1	-1	-1	-1	12	2012	1
NS22658M	2	5	-1	1	3	-1	10	2008	6
NS22659N	1	1	2	-1	-1	-1	3	2012	2
NS22659N	2	5	-1	1	2	-1	6	2010	6
NS22659N	3	-8	-1	-1	-1	-1	9	2009	-8
NS22659N	4	5	-1	1	1	-1	8	2006	6
NS22660Y	1	5	-1	1	3	-1	10	2011	6
NS22660Y	2	3	1	-1	-1	-1	5	2009	11
NS22662A	1	5	-1	1	3	-1	9	2008	6
NS22664C	1	10	-1	-1	-1	-1	1	2014	14
NS22664C	2	1	1	-1	-1	-1	12	2012	1
NS22664C	3	4	-1	-1	-1	-1	7	2012	5
NS22664C	4	5	-1	1	3	-1	9	2008	6
NS22664C	5	5	-1	1	2	-1	9	2006	6
NS22670S	1	5	-1	2	2	-1	9	2012	7
NS22670S	2	5	-1	1	3	-1	9	2008	6
NS22672V	1	1	1	-1	-1	-1	7	2014	1
NS22672V	2	1	1	-1	-1	-1	9	2012	1
NS22672V	3	1	1	-1	-1	-1	5	2011	1
NS22672V	4	5	-1	1	3	-1	9	2008	6
NS22672V	5	5	-1	1	1	-1	9	2003	6
NS22673W	1	4	-1	-1	-1	-1	7	2011	5
NS22673W	2	5	-1	1	3	-1	9	2008	6
NS22677A	1	1	2	-1	-1	-1	7	2010	2
NS22677A	2	5	-1	1	2	-1	9	2006	6
NS22680M	1	4	-1	-1	-1	-1	7	2014	5
NS22680M	2	5	-1	1	3	-1	9	2011	6
NS22680M	3	5	-1	1	3	-1	9	2008	6
NS22682P	1	1	1	-1	-1	-1	6	2012	1
NS22682P	2	4	-1	-1	-1	-1	6	2011	5
NS22682P	3	5	-1	1	3	-1	9	2008	6
NS22683Q	1	1	1	-1	-1	-1	4	2010	1
NS22686T	1	3	2	-1	-1	-1	1	2012	11
NS22686T	2	5	-1	1	3	-1	9	2009	6
NS22687V	1	5	-1	1	3	-1	5	2012	6
NS22687V	2	5	-1	1	2	-1	9	2010	6
NS22687V	3	4	-1	-1	-1	-1	1	2008	5
NS22687V	4	-9	-1	-1	-1	-1	3	1990	-8
NS22689X	1	1	1	-1	-1	-1	3	2014	1
NS22689X	2	1	1	-1	-1	-1	9	2009	1
NS22694L	1	5	-1	1	3	-1	9	2008	6
NS22695M	1	1	1	-1	-1	-1	-9	-9	1
NS22697P	1	1	1	-1	-1	-1	8	2013	1
NS22697P	2	1	1	-1	-1	-1	12	2010	1
NS22697P	3	5	-1	1	2	-1	9	2006	6
NS22699R	1	5	-1	1	3	-1	9	2013	6
NS22699R	2	1	2	-1	-1	-1	11	2011	2
NS22699R	3	5	-1	1	3	-1	9	2008	6
NS22701J	1	1	1	-1	-1	-1	9	2012	1
NS22701J	2	5	-1	1	3	-1	10	2009	6
NS22703L	1	1	1	-1	-1	-1	4	2012	1
NS22703L	2	1	1	-1	-1	-1	10	2011	1
NS22703L	3	5	-1	1	3	-1	9	2008	6
NS22704M	1	5	-1	1	3	-1	10	2008	6
NS22706P	1	5	-1	1	3	-1	9	2012	6
NS22706P	2	5	-1	1	3	-1	9	2009	6
NS22711D	1	1	2	-1	-1	-1	7	2012	2
NS22711D	2	9	-1	-1	-1	-1	6	2010	13
NS22711D	3	1	2	-1	-1	-1	6	2008	2
NS22712E	1	1	1	-1	-1	-1	9	2013	1
NS22712E	2	1	2	-1	-1	-1	6	2008	2
NS22713F	1	5	-1	1	3	-1	9	2008	6
NS22714G	1	5	-1	1	3	-1	9	2014	6
NS22714G	2	1	1	-1	-1	-1	5	2014	1
NS22714G	3	2	2	-1	-1	-1	12	2013	4
NS22714G	4	2	2	-1	-1	-1	7	2013	4
NS22714G	5	1	1	-1	-1	-1	9	2012	1
NS22714G	6	5	-1	1	3	-1	9	2011	6
NS22714G	7	5	-1	1	3	-1	9	2008	6
NS22722Z	1	4	-1	-1	-1	-1	4	2014	5
NS22722Z	2	1	2	-1	-1	-1	1	2014	2
NS22722Z	3	1	2	-1	-1	-1	11	2013	2
NS22722Z	4	4	-1	-1	-1	-1	8	2013	5
NS22722Z	5	1	2	-1	-1	-1	3	2013	2
NS22722Z	6	4	-1	-1	-1	-1	1	2013	5
NS22722Z	7	1	2	-1	-1	-1	10	2012	2
NS22722Z	8	5	-1	1	3	-1	9	2009	6
NS22723A	1	5	-1	1	3	-1	9	2014	6
NS22723A	2	2	2	-1	-1	-1	5	2014	4
NS22723A	3	10	-1	-1	-1	-1	8	2010	14
NS22723A	4	9	-1	-1	-1	-1	9	2006	13
NS22724B	1	1	1	-1	-1	-1	11	2008	1
NS22725C	1	1	1	-1	-1	-1	1	2016	1
NS22725C	2	9	-1	-1	-1	-1	1	2010	13
NS22725C	3	4	-1	-1	-1	-1	1	2008	5
NS22728F	1	-8	-1	-1	-1	-1	-8	-8	-8
NS22732T	1	5	-1	1	3	-1	9	2009	6
NS22732T	2	10	-1	-1	-1	-1	2	2009	14
NS22732T	3	1	1	-1	-1	-1	7	2008	1
NS22732T	4	5	-1	1	1	-1	9	2001	6
NS22735X	1	5	-1	1	2	-1	9	2006	6
NS22737Z	1	1	1	-1	-1	-1	8	2014	1
NS22737Z	2	1	1	-1	-1	-1	5	2013	1
NS22737Z	3	5	-1	1	3	-1	9	2010	6
NS22737Z	4	5	-1	1	2	-1	9	2006	6
NS22741M	1	5	-1	1	3	-1	9	2013	6
NS22741M	2	3	1	-1	-1	-1	9	2012	11
NS22741M	3	5	-1	1	3	-1	9	2008	6
NS22741M	4	5	-1	1	1	-1	9	1994	6
NS22742N	1	1	1	-1	-1	-1	6	2011	1
NS22742N	2	1	1	-1	-1	-1	7	2010	1
NS22742N	3	1	1	-1	-1	-1	7	2008	1
NS22744Q	1	5	-1	1	3	-1	9	2009	6
NS22744Q	2	5	-1	1	1	-1	9	2004	6
NS22748V	1	1	1	-1	-1	-1	8	2013	1
NS22748V	2	5	-1	1	3	-1	9	2009	6
NS22752H	1	1	2	-1	-1	-1	8	2016	2
NS22752H	2	4	-1	-1	-1	-1	5	2015	5
NS22752H	3	1	1	-1	-1	-1	3	2015	1
NS22752H	4	4	-1	-1	-1	-1	3	2014	5
NS22752H	5	1	1	-1	-1	-1	8	2013	1
NS22752H	6	4	-1	-1	-1	-1	7	2012	5
NS22752H	7	1	1	-1	-1	-1	5	2009	1
NS22753J	1	5	-1	1	3	-1	9	2008	6
NS22755L	1	1	1	-1	-1	-1	6	2012	1
NS22755L	2	5	-1	1	3	-1	9	2009	6
NS22760A	1	5	-1	1	3	-1	9	2008	6
NS22761B	1	1	2	-1	-1	-1	11	2012	2
NS22761B	2	1	1	-1	-1	-1	9	2010	1
NS22761B	3	1	2	-1	-1	-1	2	2010	2
NS22762C	1	1	1	-1	-1	-1	6	2014	1
NS22762C	2	1	1	-1	-1	-1	9	2011	1
NS22762C	3	1	2	-1	-1	-1	8	2009	2
NS22764E	1	1	1	-1	-1	-1	4	2010	1
NS22766G	1	5	-1	1	3	-1	9	2011	6
NS22766G	2	1	1	-1	-1	-1	7	2009	1
NS22767H	1	1	1	-1	-1	-1	-8	2006	1
NS22768J	1	8	-1	-1	-1	2	3	2012	10
NS22768J	2	4	-1	-1	-1	-1	10	2011	5
NS22768J	3	1	1	-1	-1	-1	7	2010	1
NS22768J	4	4	-1	-1	-1	-1	9	2008	5
NS22769K	1	5	-1	1	3	-1	9	2008	6
NS22770V	1	1	1	-1	-1	-1	1	2008	1
NS22771W	1	1	2	-1	-1	-1	8	2008	2
NS22778D	1	5	-1	1	3	-1	9	2009	6
NS22780P	1	1	1	-1	-1	-1	10	2014	1
NS22780P	2	5	-1	1	3	-1	10	2010	6
NS22780P	3	1	2	-1	-1	-1	9	2009	2
NS22782R	1	1	1	-1	-1	-1	7	2005	1
NS22785V	1	1	1	-1	-1	-1	2	2009	1
NS22786W	1	1	2	-1	-1	-1	9	2010	2
NS22786W	2	9	-1	-1	-1	-1	2	2009	13
NS22786W	3	4	-1	-1	-1	-1	11	2008	5
NS22786W	4	1	1	-1	-1	-1	12	2007	1
NS22786W	5	5	-1	1	2	-1	9	2006	6
NS22787X	1	7	-1	-1	-1	-1	11	2013	8
NS22787X	2	4	-1	-1	-1	-1	7	2013	5
NS22787X	3	1	1	-1	-1	-1	1	2011	1
NS22787X	4	1	2	-1	-1	-1	4	2010	2
NS22792L	1	1	2	-1	-1	-1	5	2009	2
NS22793M	1	5	-1	1	3	-1	9	2008	6
NS22794N	1	5	-1	1	3	-1	9	2013	6
NS22794N	2	5	-1	1	3	-1	9	2010	6
NS22794N	3	1	1	-1	-1	-1	8	2008	1
NS22794N	4	5	-1	1	2	-1	9	2006	6
NS22796Q	1	4	-1	-1	-1	-1	11	2012	5
NS22796Q	2	2	1	-1	-1	-1	11	2010	3
NS22796Q	3	1	1	-1	-1	-1	2	2010	1
NS22801L	1	5	-1	1	3	-1	9	2011	6
NS22801L	2	1	1	-1	-1	-1	5	2011	1
NS22801L	3	5	-1	1	3	-1	9	2008	6
NS22803N	1	4	-1	-1	-1	-1	5	2015	5
NS22803N	2	1	1	-1	-1	-1	6	2014	1
NS22803N	3	1	1	-1	-1	-1	1	2013	1
NS22803N	4	1	1	-1	-1	-1	10	2012	1
NS22803N	5	4	-1	-1	-1	-1	7	2012	5
NS22803N	6	5	-1	1	3	-1	9	2009	6
NS22807S	1	1	2	-1	-1	-1	7	2006	2
NS22808T	1	1	1	-1	-1	-1	4	2013	1
NS22808T	2	1	1	-1	-1	-1	9	2012	1
NS22808T	3	1	1	-1	-1	-1	1	2012	1
NS22808T	4	3	1	-1	-1	-1	4	2011	11
NS22808T	5	5	-1	1	3	-1	9	2008	6
NS22809V	1	1	1	-1	-1	-1	4	2010	1
NS22812G	1	1	2	-1	-1	-1	1	2015	2
NS22812G	2	1	1	-1	-1	-1	7	2014	1
NS22812G	3	1	1	-1	-1	-1	12	2013	1
NS22812G	4	5	-1	2	3	-1	10	2011	7
NS22812G	5	5	-1	1	1	-1	9	2001	6
NS22813H	1	1	1	-1	-1	-1	9	2011	1
NS22813H	2	5	-1	1	3	-1	9	2008	6
NS22818N	1	1	2	-1	-1	-1	3	2013	2
NS22818N	2	1	1	-1	-1	-1	1	2012	1
NS22818N	3	1	2	-1	-1	-1	-8	2010	2
NS22818N	4	5	-1	1	4	-1	9	2009	6
NS22818N	5	5	-1	1	2	-1	9	2007	6
NS22823C	1	1	1	-1	-1	-1	3	2013	1
NS22823C	2	4	-1	-1	-1	-1	11	2012	5
NS22823C	3	1	1	-1	-1	-1	7	2012	1
NS22823C	4	5	-1	1	3	-1	10	2008	6
NS22829J	1	4	-1	-1	-1	-1	-8	2012	5
NS22829J	2	1	1	-1	-1	-1	-8	2011	1
NS22829J	3	1	2	-1	-1	-1	-8	2007	2
NS22830T	1	5	-1	1	3	-1	9	2010	6
NS22830T	2	4	-1	-1	-1	-1	6	2010	5
NS22832W	1	1	1	-1	-1	-1	11	2014	1
NS22832W	2	1	1	-1	-1	-1	12	2013	1
NS22832W	3	1	1	-1	-1	-1	7	2013	1
NS22832W	4	1	1	-1	-1	-1	1	2013	1
NS22832W	5	1	2	-1	-1	-1	9	2006	2
NS22841P	1	1	1	-1	-1	-1	1	2016	1
NS22841P	2	1	1	-1	-1	-1	1	2012	1
NS22841P	3	1	2	-1	-1	-1	2	2009	2
NS22843R	1	1	2	-1	-1	-1	6	2014	2
NS22843R	2	4	-1	-1	-1	-1	1	2014	5
NS22843R	3	4	-1	-1	-1	-1	-8	-8	5
NS22851J	1	1	1	-1	-1	-1	5	2009	1
NS22852K	1	1	1	-1	-1	-1	4	2010	1
NS22853L	1	5	-1	1	3	-1	9	2008	6
NS22856P	1	1	1	-1	-1	-1	3	2015	1
NS22856P	2	1	2	-1	-1	-1	8	2014	2
NS22856P	3	5	-1	1	3	-1	9	2010	6
NS22856P	4	1	2	-1	-1	-1	8	2008	2
NS22858R	1	1	1	-1	-1	-1	12	2013	1
NS22858R	2	4	-1	-1	-1	-1	9	2013	5
NS22858R	3	1	1	-1	-1	-1	1	2013	1
NS22858R	4	2	2	-1	-1	-1	10	2012	4
NS22858R	5	1	1	-1	-1	-1	10	2012	1
NS22858R	6	2	2	-1	-1	-1	9	2012	4
NS22858R	7	1	1	-1	-1	-1	7	2012	1
NS22858R	8	1	1	-1	-1	-1	3	2012	1
NS22858R	9	4	-1	-1	-1	-1	2	2012	5
NS22858R	10	1	2	-1	-1	-1	10	2011	2
NS22858R	11	4	-1	-1	-1	-1	7	2011	5
NS22858R	12	5	-1	1	3	-1	8	2008	6
NS22859S	1	5	-1	1	3	-1	9	2008	6
NS22860C	1	1	1	-1	-1	-1	2	2014	1
NS22860C	2	1	1	-1	-1	-1	11	2013	1
NS22860C	3	1	1	-1	-1	-1	5	2013	1
NS22860C	4	10	-1	-1	-1	-1	3	2013	14
NS22860C	5	1	1	-1	-1	-1	2	2012	1
NS22860C	6	1	2	-1	-1	-1	12	2011	2
NS22860C	7	10	-1	-1	-1	-1	7	2011	14
NS22860C	8	5	-1	1	3	-1	9	2008	6
NS22861D	1	1	1	-1	-1	-1	4	2014	1
NS22861D	2	5	-1	1	3	-1	9	2007	6
NS22861D	3	5	-1	1	2	-1	9	2004	6
NS22864G	1	1	1	-1	-1	-1	4	2009	1
NS22865H	1	4	-1	-1	-1	-1	6	2007	5
NS22866J	1	1	2	-1	-1	-1	6	2012	2
NS22866J	2	7	-1	-1	-1	-1	6	2010	8
NS22867K	1	5	-1	1	3	-1	9	2010	6
NS22867K	2	5	-1	1	2	-1	9	2008	6
NS22868L	1	5	-1	1	3	-1	11	2008	6
NS22869M	1	4	-1	-1	-1	-1	5	2013	5
NS22869M	2	1	2	-1	-1	-1	11	2012	2
NS22869M	3	5	-1	1	3	-1	9	2009	6
NS22870X	1	1	1	-1	-1	-1	8	2014	1
NS22870X	2	1	1	-1	-1	-1	3	2009	1
NS22871Y	1	1	2	-1	-1	-1	9	2009	2
NS22876D	1	1	1	-1	-1	-1	5	2011	1
NS22876D	2	1	1	-1	-1	-1	1	2011	1
NS22876D	3	5	-1	1	3	-1	1	2008	6
NS22880R	1	1	1	-1	-1	-1	12	2013	1
NS22880R	2	1	1	-1	-1	-1	3	2013	1
NS22880R	3	1	1	-1	-1	-1	3	2010	1
NS22885X	1	1	2	-1	-1	-1	6	2010	2
NS22887Z	1	1	1	-1	-1	-1	7	2006	1
NS22888A	1	1	1	-1	-1	-1	11	2013	1
NS22888A	2	5	-1	1	3	-1	9	2012	6
NS22888A	3	5	-1	1	3	-1	9	2009	6
NS22893P	1	5	-1	1	3	-1	9	2011	6
NS22893P	2	9	-1	-1	-1	-1	3	2011	13
NS22893P	3	1	1	-1	-1	-1	1	2008	1
NS22894Q	1	5	-1	1	3	-1	9	2008	6
NS22894Q	2	5	-1	1	2	-1	9	2006	6
NS22895R	1	1	1	-1	-1	-1	-8	-8	1
NS22899W	1	1	1	-1	-1	-1	8	2011	1
NS22899W	2	4	-1	-1	-1	-1	7	2009	5
NS22901N	1	5	-1	1	3	-1	9	2008	6
NS22902P	1	9	-1	-1	-1	-1	3	2006	13
NS22903Q	1	4	-1	-1	-1	-1	-8	-8	5
NS22904R	1	9	-1	-1	-1	-1	3	2014	13
NS22904R	2	3	2	-1	-1	-1	4	2012	11
NS22904R	3	10	-1	-1	-1	-1	1	2010	14
NS22905S	1	1	2	-1	-1	-1	9	2006	2
NS22906T	1	1	1	-1	-1	-1	8	2011	1
NS22906T	2	5	-1	1	3	-1	9	2008	6
NS22907V	1	1	1	-1	-1	-1	11	2009	1
NS22907V	2	1	1	-1	-1	-1	7	2008	1
NS22907V	3	5	-1	1	2	-1	9	2006	6
NS22908W	1	1	1	-1	-1	-1	8	2014	1
NS22908W	2	10	-1	-1	-1	-1	9	2013	14
NS22908W	3	5	-1	1	3	-1	9	2009	6
NS22908W	4	1	1	-1	-1	-1	7	2008	1
NS22908W	5	5	-1	1	2	-1	8	2004	6
NS22912J	1	5	-1	1	3	-1	9	2008	6
NS22912J	2	5	-1	1	1	-1	9	2001	6
NS22916N	1	1	2	-1	-1	-1	6	2010	2
NS22917P	1	1	1	-1	-1	-1	4	2010	1
NS22920B	1	1	1	-1	-1	-1	1	2012	1
NS22920B	2	5	-1	1	3	-1	9	2011	6
NS22920B	3	5	-1	1	2	-1	9	2006	6
NS22925G	1	1	2	-1	-1	-1	5	2015	2
NS22925G	2	3	2	-1	-1	-1	4	2015	11
NS22925G	3	1	1	-1	-1	-1	2	2015	1
NS22925G	4	4	-1	-1	-1	-1	10	2014	5
NS22925G	5	1	1	-1	-1	-1	8	2014	1
NS22925G	6	1	1	-1	-1	-1	5	2014	1
NS22925G	7	4	-1	-1	-1	-1	8	2013	5
NS22925G	8	1	1	-1	-1	-1	5	2013	1
NS22925G	9	4	-1	-1	-1	-1	2	2013	5
NS22925G	10	1	2	-1	-1	-1	10	2012	2
NS22925G	11	4	-1	-1	-1	-1	-8	-8	5
NS22928K	1	1	1	-1	-1	-1	8	2014	1
NS22928K	2	1	1	-1	-1	-1	4	2014	1
NS22928K	3	4	-1	-1	-1	-1	1	2013	5
NS22928K	4	1	2	-1	-1	-1	1	2011	2
NS22928K	5	1	1	-1	-1	-1	4	2010	1
NS22929L	1	1	1	-1	-1	-1	8	2015	1
NS22929L	2	1	1	-1	-1	-1	9	2013	1
NS22929L	3	4	-1	-1	-1	-1	6	2013	5
NS22929L	4	5	-1	1	3	-1	9	2009	6
NS22935B	1	1	1	-1	-1	-1	6	2014	1
NS22935B	2	5	-1	1	3	-1	9	2009	6
NS22936C	1	1	1	-1	-1	-1	5	2013	1
NS22936C	2	1	2	-1	-1	-1	4	2012	2
NS22936C	3	1	1	-1	-1	-1	7	2010	1
NS22936C	4	5	-1	1	2	-1	9	2006	6
NS22939F	1	5	-1	1	3	-1	9	2008	6
NS22940Q	1	1	1	-1	-1	-1	8	2014	1
NS22940Q	2	5	-1	1	3	-1	9	2010	6
NS22940Q	3	4	-1	-1	-1	-1	7	2009	5
NS22943T	1	1	1	-1	-1	-1	2	2013	1
NS22943T	2	1	1	-1	-1	-1	2	2011	1
NS22943T	3	1	1	-1	-1	-1	2	2009	1
NS22945W	1	1	1	-1	-1	-1	10	2012	1
NS22945W	2	1	1	-1	-1	-1	9	2011	1
NS22945W	3	5	-1	1	3	-1	9	2008	6
NS22947Y	1	1	1	-1	-1	-1	1	2015	1
NS22947Y	2	1	1	-1	-1	-1	8	2014	1
NS22947Y	3	5	-1	1	3	-1	9	2013	6
NS22947Y	4	1	2	-1	-1	-1	10	2012	2
NS22947Y	5	1	2	-1	-1	-1	9	2011	2
NS22947Y	6	5	-1	1	3	-1	10	2008	6
NS22950K	1	5	-1	1	3	-1	9	2009	6
NS22955Q	1	10	-1	-1	-1	-1	1	2015	14
NS22955Q	2	1	1	-1	-1	-1	6	2014	1
NS22955Q	3	4	-1	-1	-1	-1	2	2014	5
NS22955Q	4	1	2	-1	-1	-1	8	2013	2
NS22955Q	5	1	1	-1	-1	-1	3	2013	1
NS22955Q	6	3	-8	-1	-1	-1	-1	-1	11
NS22958T	1	5	-1	1	3	-1	9	2011	6
NS22958T	2	1	2	-1	-1	-1	9	2008	2
NS22959V	1	1	1	-1	-1	-1	12	2010	1
NS22959V	2	1	2	-1	-1	-1	-9	-9	2
NS22960E	1	1	2	-1	-1	-1	9	2009	2
NS22960E	2	4	-1	-1	-1	-1	1	2009	5
NS22960E	3	1	2	-1	-1	-1	9	2008	2
NS22960E	4	5	-1	1	1	-1	9	2002	6
NS22961F	1	1	1	-1	-1	-1	2	2011	1
NS22961F	2	6	1	-1	-1	-1	1	2009	12
NS22964J	1	5	-1	1	3	-1	9	2008	6
NS22965K	1	1	1	-1	-1	-1	9	2008	1
NS22967M	1	1	1	-1	-1	-1	11	2010	1
NS22967M	2	1	1	-1	-1	-1	10	2008	1
NS22967M	3	5	-1	1	2	-1	9	2006	6
NS22970Z	1	1	1	-1	-1	-1	3	2016	1
NS22970Z	2	1	1	-1	-1	-1	1	2016	1
NS22970Z	3	1	1	-1	-1	-1	12	2013	1
NS22970Z	4	3	2	-1	-1	-1	8	2012	11
NS22970Z	5	5	-1	1	3	-1	9	2009	6
NS22973C	1	2	2	-1	-1	-1	9	2009	4
NS22977G	1	5	-1	1	3	-1	10	2009	6
NS22977G	2	5	-1	1	1	-1	9	2003	6
NS22981V	1	1	2	-1	-1	-1	6	2014	2
NS22981V	2	2	2	-1	-1	-1	1	2014	4
NS22981V	3	1	2	-1	-1	-1	6	2010	2
NS22982W	1	5	-1	1	3	-1	8	2013	6
NS22982W	2	1	2	-1	-1	-1	7	2012	2
NS22982W	3	5	-1	1	3	-1	9	2009	6
NS22984Y	1	1	1	-1	-1	-1	9	2008	1
NS22984Y	2	5	-1	1	2	-1	9	2006	6
NS22988C	1	1	1	-1	-1	-1	8	2012	1
NS22988C	2	1	1	-1	-1	-1	7	2011	1
NS22988C	3	5	-1	1	3	-1	10	2008	6
NS22990N	1	4	-1	-1	-1	-1	8	2011	5
NS22990N	2	5	-1	1	3	-1	9	2008	6
NS22991P	1	10	-1	-1	-1	-1	7	2015	14
NS22991P	2	2	2	-1	-1	-1	2	2015	4
NS22991P	3	4	-1	-1	-1	-1	10	2014	5
NS22991P	4	1	2	-1	-1	-1	3	2014	2
NS22991P	5	4	-1	-1	-1	-1	9	2013	5
NS22991P	6	5	-1	2	3	-1	9	2011	7
NS22991P	7	3	2	-1	-1	-1	6	2010	11
NS22991P	8	5	-1	1	3	-1	9	2008	6
NS22994S	1	1	1	-1	-1	-1	9	2014	1
NS22994S	2	1	1	-1	-1	-1	6	2012	1
NS22994S	3	1	1	-1	-1	-1	6	2009	1
NS22996V	1	3	2	-1	-1	-1	5	2014	11
NS22996V	2	4	-1	-1	-1	-1	9	2012	5
NS22996V	3	4	-1	-1	-1	-1	3	2009	5
NS22998X	1	5	-1	1	3	-1	9	2010	6
NS22998X	2	5	-1	1	3	-1	9	2010	6
NS22998X	3	1	2	-1	-1	-1	5	-8	2
NS23003R	1	5	-1	1	3	-1	10	2008	6
NS23003R	2	5	-1	1	2	-1	9	2006	6
NS23007W	1	1	1	-1	-1	-1	10	2008	1
NS23009Y	1	4	-1	-1	-1	-1	5	2013	5
NS23009Y	2	5	-1	1	3	-1	9	2008	6
NS23011J	1	1	1	-1	-1	-1	11	2013	1
NS23011J	2	1	1	-1	-1	-1	6	2012	1
NS23011J	3	5	-1	1	3	-1	9	2008	6
NS23012K	1	1	1	-1	-1	-1	5	2006	1
NS23016P	1	3	1	-1	-1	-1	6	2013	11
NS23016P	2	5	-1	1	3	-1	9	2010	6
NS23016P	3	1	1	-1	-1	-1	6	2008	1
NS23019S	1	5	-1	1	3	-1	9	2008	6
NS23025H	1	5	-1	1	3	-1	3	2010	6
NS23032Z	1	1	1	-1	-1	-1	4	2013	1
NS23032Z	2	4	-1	-1	-1	-1	2	2013	5
NS23032Z	3	10	-1	-1	-1	-1	2	2012	14
NS23032Z	4	1	1	-1	-1	-1	6	2011	1
NS23032Z	5	5	-1	1	3	-1	9	2008	6
NS23034B	1	1	1	-1	-1	-1	8	2012	1
NS23034B	2	5	-1	1	3	-1	9	2009	6
NS23036D	1	5	-1	1	3	-1	9	2009	6
NS23037E	1	1	1	-1	-1	-1	2	2013	1
NS23037E	2	1	1	-1	-1	-1	1	2012	1
NS23037E	3	1	1	-1	-1	-1	9	2010	1
NS23037E	4	1	1	-1	-1	-1	10	2006	1
NS23037E	5	5	-1	1	1	-1	9	2001	6
NS23039G	1	1	1	-1	-1	-1	4	2013	1
NS23039G	2	4	-1	-1	-1	-1	10	2012	5
NS23039G	3	1	1	-1	-1	-1	5	2012	1
NS23039G	4	5	-1	1	3	-1	9	2009	6
NS23040R	1	4	-1	-1	-1	-1	12	2015	5
NS23040R	2	1	1	-1	-1	-1	3	2014	1
NS23040R	3	1	1	-1	-1	-1	7	2013	1
NS23040R	4	5	-1	1	3	-1	9	2009	6
NS23043V	1	3	2	-1	-1	-1	6	2013	11
NS23043V	2	4	-1	-1	-1	-1	7	2011	5
NS23043V	3	5	-1	1	3	-1	9	2008	6
NS23048A	1	5	-1	1	3	-1	9	2009	6
NS23048A	2	5	-1	1	2	-1	9	2006	6
NS23049B	1	3	1	-1	-1	-1	10	2012	11
NS23049B	2	5	-1	1	3	-1	10	2008	6
NS23055R	1	5	-1	1	3	-1	10	2008	6
NS23057T	1	1	1	-1	-1	-1	9	2010	1
NS23057T	2	4	-1	-1	-1	-1	7	2010	5
NS23058V	1	5	-1	1	3	-1	9	2008	6
NS23058V	2	5	-1	1	2	-1	9	2006	6
NS23059W	1	5	-1	1	2	-1	9	2009	6
NS23067N	1	1	2	-1	-1	-1	10	2009	2
NS23071B	1	9	-1	-1	-1	-1	3	2010	13
NS23074E	1	1	1	-1	-1	-1	1	2012	1
NS23074E	2	1	2	-1	-1	-1	11	2010	2
NS23074E	3	5	-1	1	3	-1	9	2008	6
NS23075F	1	5	-1	1	3	-1	9	2011	6
NS23075F	2	1	1	-1	-1	-1	8	2008	1
NS23076G	1	2	1	-1	-1	-1	8	2006	3
NS23079K	1	3	2	-1	-1	-1	-8	2014	11
NS23079K	2	5	-1	1	3	-1	9	2008	6
NS23083Y	1	1	1	-1	-1	-1	7	2015	1
NS23083Y	2	1	2	-1	-1	-1	7	2012	2
NS23083Y	3	1	1	-1	-1	-1	8	2010	1
NS23083Y	4	1	1	-1	-1	-1	9	2007	1
NS23084Z	1	4	-1	-1	-1	-1	7	2015	5
NS23084Z	2	1	1	-1	-1	-1	4	2014	1
NS23084Z	3	3	1	-1	-1	-1	3	2014	11
NS23084Z	4	4	-1	-1	-1	-1	12	2013	5
NS23084Z	5	5	-1	1	3	-1	9	2009	6
NS23085A	1	1	1	-1	-1	-1	4	2014	1
NS23085A	2	1	2	-1	-1	-1	8	2013	2
NS23085A	3	1	2	-1	-1	-1	6	2012	2
NS23085A	4	4	-1	-1	-1	-1	8	2011	5
NS23085A	5	5	-1	1	3	-1	10	2008	6
NS23087C	1	1	1	-1	-1	-1	8	2011	1
NS23087C	2	1	1	-1	-1	-1	7	2008	1
NS23088D	1	1	2	-1	-1	-1	-8	-8	2
NS23090P	1	1	1	-1	-1	-1	2	2013	1
NS23090P	2	1	1	-1	-1	-1	6	2009	1
NS23091Q	1	1	2	-1	-1	-1	7	2013	2
NS23091Q	2	1	1	-1	-1	-1	4	2013	1
NS23091Q	3	7	-1	-1	-1	-1	2	2013	8
NS23091Q	4	3	2	-1	-1	-1	12	2012	11
NS23091Q	5	5	-1	1	3	-1	9	2009	6
NS23092R	1	1	1	-1	-1	-1	12	2012	1
NS23092R	2	5	-1	1	3	-1	9	2008	6
NS23096W	1	3	2	-1	-1	-1	10	2013	11
NS23096W	2	4	-1	-1	-1	-1	9	2011	5
NS23096W	3	5	-1	1	3	-1	9	2008	6
NS23098Y	1	1	2	-1	-1	-1	5	2014	2
NS23098Y	2	5	-1	1	3	-1	9	2009	6
NS23100Q	1	1	1	-1	-1	-1	1	2008	1
NS23100Q	2	1	1	-1	-1	-1	6	2007	1
NS23101R	1	1	2	-1	-1	-1	10	2011	2
NS23101R	2	5	-1	1	3	-1	10	2010	6
NS23101R	3	5	-1	1	3	-1	10	2009	6
NS23103T	1	1	1	-1	-1	-1	6	2012	1
NS23103T	2	5	-1	1	4	-1	9	2011	6
NS23103T	3	5	-1	1	3	-1	9	2008	6
NS23105W	1	1	1	-1	-1	-1	7	2015	1
NS23105W	2	1	1	-1	-1	-1	4	2015	1
NS23105W	3	1	1	-1	-1	-1	1	2015	1
NS23105W	4	1	1	-1	-1	-1	10	2009	1
NS23105W	5	1	2	-1	-1	-1	4	2008	2
NS23105W	6	1	2	-1	-1	-1	7	2007	2
NS23105W	7	5	-1	1	2	-1	8	2001	6
NS23113N	1	1	1	-1	-1	-1	10	2010	1
NS23113N	2	1	1	-1	-1	-1	11	2006	1
NS23116R	1	1	1	-1	-1	-1	1	2013	1
NS23116R	2	5	-1	1	2	-1	9	2007	6
NS23116R	3	5	-1	1	1	-1	9	2001	6
NS23118T	1	1	1	-1	-1	-1	6	2007	1
NS23125K	1	1	1	-1	-1	-1	7	2013	1
NS23125K	2	1	1	-1	-1	-1	5	2007	1
NS23126L	1	1	1	-1	-1	-1	1	2015	1
NS23126L	2	4	-1	-1	-1	-1	7	2014	5
NS23126L	3	1	1	-1	-1	-1	6	2014	1
NS23126L	4	1	1	-1	-1	-1	6	2014	1
NS23126L	5	1	2	-1	-1	-1	7	2013	2
NS23126L	6	1	2	-1	-1	-1	11	2012	2
NS23126L	7	1	1	-1	-1	-1	10	2011	1
NS23126L	8	1	1	-1	-1	-1	4	2010	1
NS23129P	1	5	-1	1	3	-1	9	2009	6
NS23129P	2	5	-1	1	2	-1	9	2006	6
NS23130Z	1	4	-1	-1	-1	-1	-8	2012	5
NS23130Z	2	5	-1	1	3	-1	9	2008	6
NS23134D	1	1	1	-1	-1	-1	4	2010	1
NS23140T	1	1	1	-1	-1	-1	3	2011	1
NS23140T	2	1	1	-1	-1	-1	6	2010	1
NS23143X	1	10	-1	-1	-1	-1	6	2014	14
NS23143X	2	1	2	-1	-1	-1	1	2013	2
NS23143X	3	5	-1	2	2	-1	6	2011	7
NS23143X	4	10	-1	-1	-1	-1	1	2010	14
NS23145Z	1	4	-1	-1	-1	-1	9	2010	5
NS23146A	1	1	1	-1	-1	-1	6	2009	1
NS23150N	1	1	2	-1	-1	-1	9	2013	2
NS23150N	2	1	1	-1	-1	-1	8	2013	1
NS23150N	3	4	-1	-1	-1	-1	1	2012	5
NS23150N	4	1	1	-1	-1	-1	9	2011	1
NS23150N	5	5	-1	1	3	-1	9	2008	6
NS23150N	6	5	-1	1	2	-1	9	2006	6
NS23151P	1	1	2	-1	-1	-1	2	2012	2
NS23151P	2	1	1	-1	-1	-1	10	2010	1
NS23151P	3	1	1	-1	-1	-1	3	2007	1
NS23154S	1	1	1	-1	-1	-1	1	2011	1
NS23154S	2	1	1	-1	-1	-1	8	2010	1
NS23154S	3	1	2	-1	-1	-1	1	2010	2
NS23156V	1	5	-1	2	3	-1	9	2010	7
NS23156V	2	5	-1	1	3	-1	9	2008	6
NS23157W	1	1	2	-1	-1	-1	7	2014	2
NS23157W	2	1	2	-1	-1	-1	7	2013	2
NS23157W	3	5	-1	1	3	-1	9	2010	6
NS23157W	4	1	1	-1	-1	-1	7	2008	1
NS23160H	1	5	-1	1	3	-1	10	2004	6
NS23162K	1	5	-1	1	2	-1	4	2013	6
NS23162K	2	9	-1	-1	-1	-1	4	2010	13
NS23162K	3	1	1	-1	-1	-1	11	2008	1
NS23162K	4	5	-1	1	1	-1	8	2002	6
NS23163L	1	5	-1	1	3	-1	9	2009	6
NS23164M	1	1	1	-1	-1	-1	8	2011	1
NS23164M	2	5	-1	1	3	-1	9	2008	6
NS23169S	1	1	2	-1	-1	-1	9	2009	2
NS23169S	2	5	-1	2	2	-1	9	2007	7
NS23171D	1	5	-1	1	3	-1	9	2011	6
NS23171D	2	5	-1	1	2	-1	9	2008	6
NS23173F	1	2	2	-1	-1	-1	10	2009	4
NS23176J	1	5	-1	1	3	-1	9	2011	6
NS23176J	2	5	-1	1	3	-1	9	2008	6
NS23181Y	1	1	1	-1	-1	-1	8	2012	1
NS23181Y	2	5	-1	1	3	-1	8	2008	6
NS23182Z	1	1	1	-1	-1	-1	10	2007	1
NS23183A	1	1	2	-1	-1	-1	6	2014	2
NS23183A	2	5	-1	1	3	-1	9	2010	6
NS23183A	3	5	-1	1	2	-1	9	2006	6
NS23184B	1	4	-1	-1	-1	-1	6	2010	5
NS23185C	1	1	1	-1	-1	-1	4	2013	1
NS23185C	2	1	1	-1	-1	-1	6	2011	1
NS23185C	3	5	-1	1	2	-1	9	2009	6
NS23185C	4	10	-1	-1	-1	-1	6	2007	14
NS23186D	1	1	1	-1	-1	-1	6	2013	1
NS23186D	2	1	1	-1	-1	-1	10	2010	1
NS23186D	3	1	1	-1	-1	-1	8	2008	1
NS23186D	4	1	1	-1	-1	-1	9	2006	1
NS23187E	1	2	2	-1	-1	-1	6	2010	4
NS23188F	1	3	1	-1	-1	-1	10	2013	11
NS23188F	2	5	-1	1	3	-1	10	2010	6
NS23188F	3	1	1	-1	-1	-1	1	2009	1
NS23189G	1	1	2	-1	-1	-1	11	2011	2
NS23189G	2	5	-1	1	3	-1	9	2008	6
NS23192T	1	1	1	-1	-1	-1	10	2008	1
NS23193V	1	5	-1	1	3	-1	9	2008	6
NS23194W	1	1	1	-1	-1	-1	3	2014	1
NS23194W	2	1	2	-1	-1	-1	9	2003	2
NS23197Z	1	1	1	-1	-1	-1	3	2015	1
NS23197Z	2	1	1	-1	-1	-1	9	2014	1
NS23197Z	3	2	1	-1	-1	-1	6	2014	3
NS23197Z	4	1	1	-1	-1	-1	3	2014	1
NS23197Z	5	2	1	-1	-1	-1	7	2011	3
NS23197Z	6	5	-1	1	3	-1	9	2008	6
NS23199B	1	1	1	-1	-1	-1	4	2011	1
NS23199B	2	1	1	-1	-1	-1	4	2009	1
NS23199B	3	1	1	-1	-1	-1	12	2006	1
NS23199B	4	1	2	-1	-1	-1	4	2006	2
NS23205Y	1	4	-1	-1	-1	-1	1	2012	5
NS23205Y	2	1	1	-1	-1	-1	1	2011	1
NS23205Y	3	5	-1	1	3	-1	9	2008	6
NS23206Z	1	4	-1	-1	-1	-1	7	2009	5
NS23207A	1	4	-1	-1	-1	-1	5	2005	5
NS23209C	1	2	2	-1	-1	-1	10	2013	4
NS23209C	2	1	1	-1	-1	-1	6	2012	1
NS23209C	3	5	-1	1	3	-1	9	2008	6
NS23209C	4	5	-1	1	2	-1	9	2006	6
NS23214R	1	1	1	-1	-1	-1	1	2013	1
NS23214R	2	4	-1	-1	-1	-1	8	2012	5
NS23214R	3	5	-1	1	3	-1	9	2008	6
NS23217V	1	1	1	-1	-1	-1	11	2012	1
NS23217V	2	3	2	-1	-1	-1	10	2012	11
NS23217V	3	5	-1	1	3	-1	9	2011	6
NS23217V	4	5	-1	1	3	-1	10	2008	6
NS23217V	5	5	-1	1	2	-1	9	2006	6
NS23220G	1	5	-1	1	2	-1	9	2006	6
NS23221H	1	1	1	-1	-1	-1	6	2015	1
NS23221H	2	1	1	-1	-1	-1	1	2013	1
NS23221H	3	10	-1	-1	-1	-1	9	2011	14
NS23221H	4	5	-1	1	3	-1	9	2008	6
NS23221H	5	5	-1	1	1	-1	9	2001	6
NS23222J	1	10	-1	-1	-1	-1	1	2009	14
NS23224L	1	5	-1	1	3	-1	9	2008	6
NS23226N	1	4	-1	-1	-1	-1	6	2012	5
NS23226N	2	5	-1	1	2	-1	9	2006	6
NS23227P	1	1	1	-1	-1	-1	2	2015	1
NS23227P	2	1	1	-1	-1	-1	3	2011	1
NS23227P	3	1	2	-1	-1	-1	6	2008	2
NS23228Q	1	1	1	-1	-1	-1	10	2010	1
NS23228Q	2	1	1	-1	-1	-1	5	2009	1
NS23230B	1	4	-1	-1	-1	-1	6	2015	5
NS23230B	2	4	-1	-1	-1	-1	5	2015	5
NS23230B	3	1	1	-1	-1	-1	12	2014	1
NS23230B	4	1	1	-1	-1	-1	8	2009	1
NS23230B	5	5	-1	1	3	-1	9	2008	6
NS23230B	6	5	-1	1	2	-1	9	2006	6
NS23233E	1	1	1	-1	-1	-1	10	2011	1
NS23233E	2	5	-1	1	3	-1	9	2008	6
NS23234F	1	1	1	-1	-1	-1	1	2010	1
NS23234F	2	1	1	-1	-1	-1	9	2007	1
NS23234F	3	5	-1	1	2	-1	9	2006	6
NS23242Y	1	1	1	-1	-1	-1	4	2013	1
NS23242Y	2	1	1	-1	-1	-1	12	2012	1
NS23242Y	3	5	-1	1	3	-1	9	2011	6
NS23242Y	4	5	-1	1	3	-1	9	2008	6
NS23243Z	1	4	-1	-1	-1	-1	7	2006	5
NS23244A	1	1	1	-1	-1	-1	10	2013	1
NS23244A	2	4	-1	-1	-1	-1	2	2011	5
NS23244A	3	1	1	-1	-1	-1	8	2010	1
NS23244A	4	1	1	-1	-1	-1	7	2008	1
NS23245B	1	1	1	-1	-1	-1	1	2012	1
NS23245B	2	1	1	-1	-1	-1	4	2010	1
NS23251R	1	5	-1	1	3	-1	9	2011	6
NS23251R	2	5	-1	1	3	-1	9	2010	6
NS23254V	1	6	1	-1	-1	-1	9	2007	12
NS23255W	1	1	2	-1	-1	-1	6	2014	2
NS23255W	2	1	1	-1	-1	-1	11	2011	1
NS23255W	3	4	-1	-1	-1	-1	7	2011	5
NS23255W	4	5	-1	1	3	-1	9	2008	6
NS23256X	1	10	-1	-1	-1	-1	1	2016	14
NS23256X	2	1	1	-1	-1	-1	11	2014	1
NS23256X	3	1	1	-1	-1	-1	10	2014	1
NS23256X	4	1	1	-1	-1	-1	5	2014	1
NS23256X	5	5	-1	1	3	-1	9	2012	6
NS23256X	6	1	1	-1	-1	-1	9	2011	1
NS23256X	7	1	1	-1	-1	-1	5	2011	1
NS23256X	8	1	1	-1	-1	-1	11	2009	1
NS23261L	1	5	-1	1	3	-1	-8	-8	6
NS23262M	1	1	1	-1	-1	-1	5	2007	1
NS23263N	1	1	1	-1	-1	-1	9	2010	1
NS23263N	2	1	2	-1	-1	-1	1	2009	2
NS23265Q	1	1	1	-1	-1	-1	10	2014	1
NS23265Q	2	5	-1	1	3	-1	9	2010	6
NS23265Q	3	5	-1	1	2	-1	9	2008	6
NS23269V	1	1	2	-1	-1	-1	4	2012	2
NS23269V	2	1	2	-1	-1	-1	11	2008	2
NS23269V	3	1	2	-1	-1	-1	7	2008	2
NS23273H	1	1	2	-1	-1	-1	6	2008	2
NS23274J	1	2	2	-1	-1	-1	1	2012	4
NS23274J	2	5	-1	2	4	-1	1	2012	7
NS23274J	3	8	-1	-1	-1	2	9	2010	10
NS23274J	4	5	-1	1	3	-1	9	2008	6
NS23275K	1	1	1	-1	-1	-1	5	2015	1
NS23275K	2	1	1	-1	-1	-1	8	2013	1
NS23275K	3	1	1	-1	-1	-1	7	2012	1
NS23275K	4	1	2	-1	-1	-1	5	2011	2
NS23275K	5	1	1	-1	-1	-1	3	2010	1
NS23277M	1	1	1	-1	-1	-1	2	2012	1
NS23277M	2	4	-1	-1	-1	-1	7	2011	5
NS23277M	3	5	-1	1	3	-1	9	2008	6
NS23279P	1	1	1	-1	-1	-1	1	2011	1
NS23279P	2	1	1	-1	-1	-1	6	2009	1
NS23280Z	1	4	-1	-1	-1	-1	5	2011	5
NS23280Z	2	5	-1	1	3	-1	9	2008	6
NS23282B	1	1	1	-1	-1	-1	1	2014	1
NS23282B	2	1	1	-1	-1	-1	9	2012	1
NS23282B	3	1	1	-1	-1	-1	9	2008	1
NS23284D	1	9	-1	-1	-1	-1	1	2014	13
NS23284D	2	1	1	-1	-1	-1	4	2011	1
NS23284D	3	1	1	-1	-1	-1	4	2007	1
NS23287G	1	1	1	-1	-1	-1	8	2006	1
NS23289J	1	5	-1	1	3	-1	9	2009	6
NS23289J	2	5	-1	1	2	-1	9	2006	6
NS23290T	1	9	-1	-1	-1	-1	2	2011	13
NS23290T	2	9	-1	-1	-1	-1	3	2010	13
NS23292W	1	5	-1	1	3	-1	9	2008	6
NS23294Y	1	5	-1	1	3	-1	9	2008	6
NS23299D	1	1	1	-1	-1	-1	6	2011	1
NS23299D	2	5	-1	1	3	-1	9	2008	6
NS23300V	1	1	1	-1	-1	-1	9	2014	1
NS23300V	2	1	1	-1	-1	-1	4	2014	1
NS23300V	3	1	1	-1	-1	-1	7	2011	1
NS23300V	4	1	2	-1	-1	-1	6	2011	2
NS23300V	5	1	2	-1	-1	-1	10	2007	2
NS23301W	1	2	1	-1	-1	-1	12	2013	3
NS23301W	2	5	-1	1	3	-1	10	2009	6
NS23301W	3	10	-1	-1	-1	-1	7	2008	14
NS23301W	4	5	-1	1	1	-1	9	1993	6
NS23305A	1	10	-1	-1	-1	-1	5	2015	14
NS23305A	2	1	1	-1	-1	-1	9	2014	1
NS23305A	3	5	-1	1	3	-1	9	2013	6
NS23305A	4	5	-1	1	3	-1	1	2013	6
NS23305A	5	1	2	-1	-1	-1	9	2011	2
NS23305A	6	5	-1	1	3	-1	9	2008	6
NS23306B	1	10	-1	-1	-1	-1	8	2012	14
NS23306B	2	5	-1	1	3	-1	9	2008	6
NS23306B	3	1	2	-1	-1	-1	6	2008	2
NS23306B	4	5	-1	1	2	-1	9	2006	6
NS23307C	1	5	-1	2	3	-1	10	2011	7
NS23307C	2	5	-1	1	3	-1	10	2008	6
NS23308D	1	3	2	-1	-1	-1	9	2012	11
NS23308D	2	5	-1	1	3	-1	9	2008	6
NS23318Y	1	1	1	-1	-1	-1	9	2012	1
NS23318Y	2	5	-1	1	3	-1	9	2008	6
NS23318Y	3	5	-1	1	2	-1	9	2006	6
NS23321K	1	1	1	-1	-1	-1	8	2014	1
NS23321K	2	1	1	-1	-1	-1	1	2013	1
NS23321K	3	1	1	-1	-1	-1	10	2012	1
NS23321K	4	5	-1	1	3	-1	9	2008	6
NS23328S	1	5	-1	2	4	-1	6	2013	7
NS23328S	2	2	2	-1	-1	-1	3	2010	4
NS23328S	3	4	-1	-1	-1	-1	7	2007	5
NS23328S	4	5	-1	1	1	-1	9	1995	6
NS23331E	1	1	2	-1	-1	-1	2	2012	2
NS23331E	2	4	-1	-1	-1	-1	1	2006	5
NS23332F	1	1	1	-1	-1	-1	4	2013	1
NS23332F	2	1	1	-1	-1	-1	6	2012	1
NS23332F	3	5	-1	1	3	-1	9	2008	6
NS23336K	1	1	1	-1	-1	-1	2	2011	1
NS23336K	2	1	1	-1	-1	-1	5	2005	1
NS23342A	1	10	-1	-1	-1	-1	9	2012	14
NS23342A	2	5	-1	1	3	-1	9	2008	6
NS23344C	1	1	1	-1	-1	-1	3	2008	1
NS23348G	1	1	2	-1	-1	-1	9	2012	2
NS23348G	2	1	1	-1	-1	-1	9	2012	1
NS23348G	3	1	2	-1	-1	-1	9	2012	2
NS23348G	4	3	2	-1	-1	-1	9	2012	11
NS23351T	1	5	-1	1	3	-1	9	2009	6
NS23354X	1	1	2	-1	-1	-1	6	2009	2
NS23358B	1	4	-1	-1	-1	-1	1	2015	5
NS23358B	2	5	-1	1	4	-1	9	2014	6
NS23358B	3	1	2	-1	-1	-1	7	2012	2
NS23358B	4	5	-1	1	3	-1	10	2008	6
NS23359C	1	1	1	-1	-1	-1	-8	-8	1
NS23361N	1	5	-1	1	3	-1	10	2008	6
NS23363Q	1	1	1	-1	-1	-1	2	2015	1
NS23363Q	2	1	1	-1	-1	-1	2	2015	1
NS23363Q	3	1	1	-1	-1	-1	11	2013	1
NS23363Q	4	1	1	-1	-1	-1	9	2013	1
NS23363Q	5	1	1	-1	-1	-1	2	2012	1
NS23363Q	6	10	-1	-1	-1	-1	11	2011	14
NS23363Q	7	4	-1	-1	-1	-1	8	2011	5
NS23363Q	8	5	-1	1	3	-1	9	2008	6
NS23364R	1	1	1	-1	-1	-1	9	2014	1
NS23364R	2	1	1	-1	-1	-1	9	2014	1
NS23364R	3	4	-1	-1	-1	-1	6	2014	5
NS23364R	4	1	1	-1	-1	-1	9	2013	1
NS23364R	5	3	2	-1	-1	-1	1	2013	11
NS23364R	6	4	-1	-1	-1	-1	8	2012	5
NS23364R	7	5	-1	1	3	-1	9	2009	6
NS23368W	1	5	-1	1	3	-1	10	2008	6
NS23368W	2	5	-1	1	2	-1	9	2006	6
NS23369X	1	1	1	-1	-1	-1	9	2012	1
NS23369X	2	1	1	-1	-1	-1	9	2011	1
NS23369X	3	10	-1	-1	-1	-1	7	2011	14
NS23369X	4	5	-1	1	3	-1	10	2008	6
NS23370G	1	1	1	-1	-1	-1	9	2012	1
NS23370G	2	5	-1	1	3	-1	9	2009	6
NS23371H	1	1	1	-1	-1	-1	3	2014	1
NS23371H	2	1	1	-1	-1	-1	9	2012	1
NS23371H	3	10	-1	-1	-1	-1	1	2012	14
NS23371H	4	1	2	-1	-1	-1	8	2011	2
NS23371H	5	5	-1	1	3	-1	9	2008	6
NS23372J	1	5	-1	1	3	-1	9	2008	6
NS23373K	1	1	1	-1	-1	-1	2	2015	1
NS23373K	2	1	1	-1	-1	-1	5	2013	1
NS23373K	3	1	1	-1	-1	-1	2	2013	1
NS23373K	4	1	1	-1	-1	-1	4	2012	1
NS23373K	5	1	1	-1	-1	-1	9	2010	1
NS23373K	6	4	-1	-1	-1	-1	2	2010	5
NS23374L	1	1	1	-1	-1	-1	8	2013	1
NS23374L	2	10	-1	-1	-1	-1	2	2013	14
NS23374L	3	1	1	-1	-1	-1	6	2012	1
NS23374L	4	5	-1	1	3	-1	9	2009	6
NS23376N	1	4	-1	-1	-1	-1	11	2014	5
NS23376N	2	1	1	-1	-1	-1	9	2014	1
NS23376N	3	8	-1	-1	-1	2	7	2006	10
NS23380B	1	6	1	-1	-1	-1	8	2012	12
NS23380B	2	1	2	-1	-1	-1	5	2009	2
NS23383E	1	1	1	-1	-1	-1	7	2014	1
NS23383E	2	5	-1	1	3	-1	9	2009	6
NS23384F	1	1	1	-1	-1	-1	3	2015	1
NS23384F	2	1	1	-1	-1	-1	2	2014	1
NS23384F	3	1	1	-1	-1	-1	7	2012	1
NS23384F	4	3	1	-1	-1	-1	9	2011	11
NS23384F	5	5	-1	1	3	-1	9	2008	6
NS23384F	6	5	-1	1	2	-1	9	2006	6
NS23385G	1	5	-1	1	3	-1	9	2009	6
NS23386H	1	5	-1	1	3	-1	9	2009	6
NS23390W	1	4	-1	-1	-1	-1	6	2012	5
NS23390W	2	1	1	-1	-1	-1	4	2009	1
NS23390W	3	4	-1	-1	-1	-1	1	2008	5
NS23390W	4	1	1	-1	-1	-1	5	2006	1
NS23391X	1	1	2	-1	-1	-1	12	2011	2
NS23391X	2	1	2	-1	-1	-1	9	2010	2
NS23391X	3	5	-1	1	3	-1	9	2008	6
NS23392Y	1	1	1	-1	-1	-1	7	2012	1
NS23392Y	2	5	-1	1	3	-1	9	2009	6
NS23392Y	3	1	1	-1	-1	-1	10	2008	1
NS23394A	1	1	1	-1	-1	-1	7	2013	1
NS23394A	2	1	1	-1	-1	-1	6	2012	1
NS23394A	3	5	-1	1	3	-1	9	2008	6
NS23396C	1	1	1	-1	-1	-1	12	2014	1
NS23396C	2	1	1	-1	-1	-1	11	2013	1
NS23396C	3	1	1	-1	-1	-1	7	2013	1
NS23396C	4	6	1	-1	-1	-1	6	2012	12
NS23396C	5	4	-1	-1	-1	-1	4	2007	5
NS23396C	6	5	-1	1	2	-1	9	2006	6
NS23398E	1	2	1	-1	-1	-1	7	2012	3
NS23398E	2	2	1	-1	-1	-1	7	2012	3
NS23398E	3	5	-1	1	3	-1	9	2008	6
NS23398E	4	5	-1	1	2	-1	9	2006	6
NS23400X	1	1	1	-1	-1	-1	7	2012	1
NS23400X	2	1	1	-1	-1	-1	9	2010	1
NS23400X	3	1	1	-1	-1	-1	8	2009	1
NS23401Y	1	1	2	-1	-1	-1	10	2012	2
NS23401Y	2	5	-1	2	2	-1	9	2011	7
NS23401Y	3	5	-1	1	3	-1	9	2008	6
NS23406D	1	9	-1	-1	-1	-1	2	2012	13
NS23406D	2	-8	-1	-1	-1	-1	2	2012	-8
NS23406D	3	-8	-1	-1	-1	-1	2	2012	-8
NS23406D	4	-9	-1	-1	-1	-1	2	2012	-8
NS23406D	5	1	2	-1	-1	-1	7	2010	2
NS23407E	1	1	2	-1	-1	-1	10	2006	2
NS23409G	1	1	1	-1	-1	-1	7	2013	1
NS23409G	2	5	-1	1	3	-1	9	2008	6
NS23411S	1	1	1	-1	-1	-1	11	2012	1
NS23411S	2	1	1	-1	-1	-1	9	2006	1
NS23413V	1	1	1	-1	-1	-1	9	2010	1
NS23413V	2	5	-1	1	3	-1	9	2008	6
NS23415X	1	1	2	-1	-1	-1	12	2014	2
NS23415X	2	1	1	-1	-1	-1	3	2014	1
NS23415X	3	1	1	-1	-1	-1	9	2012	1
NS23415X	4	5	-1	1	3	-1	9	2008	6
NS23422N	1	1	1	-1	-1	-1	3	2011	1
NS23422N	2	2	2	-1	-1	-1	1	2010	4
NS23424Q	1	1	1	-1	-1	-1	9	2013	1
NS23424Q	2	1	2	-1	-1	-1	8	2013	2
NS23424Q	3	4	-1	-1	-1	-1	7	2013	5
NS23424Q	4	1	1	-1	-1	-1	6	2012	1
NS23424Q	5	4	-1	-1	-1	-1	3	2012	5
NS23424Q	6	3	1	-1	-1	-1	1	2012	11
NS23424Q	7	3	1	-1	-1	-1	9	2011	11
NS23424Q	8	10	-1	-1	-1	-1	7	2011	14
NS23424Q	9	5	-1	1	3	-1	10	2008	6
NS23430F	1	4	-1	-1	-1	-1	4	2012	5
NS23430F	2	1	1	-1	-1	-1	9	2011	1
NS23430F	3	5	-1	1	2	-1	9	2009	6
NS23432H	1	5	-1	1	3	-1	9	2009	6
NS23435L	1	1	2	-1	-1	-1	9	2006	2
NS23437N	1	1	1	-1	-1	-1	12	2006	1
NS23437N	2	5	-1	1	2	-1	9	2005	6
NS23439Q	1	1	1	-1	-1	-1	7	2008	1
NS23439Q	2	1	2	-1	-1	-1	7	2005	2
NS23440A	1	4	-1	-1	-1	-1	4	2012	5
NS23440A	2	1	2	-1	-1	-1	7	2011	2
NS23440A	3	5	-1	1	2	-1	9	2009	6
NS23442C	1	1	1	-1	-1	-1	6	2012	1
NS23442C	2	1	1	-1	-1	-1	9	2010	1
NS23442C	3	1	1	-1	-1	-1	8	2009	1
NS23442C	4	5	-1	1	2	-1	9	2006	6
NS23449K	1	1	1	-1	-1	-1	3	2013	1
NS23449K	2	1	1	-1	-1	-1	9	2011	1
NS23449K	3	5	-1	1	3	-1	9	2008	6
NS23452X	1	3	2	-1	-1	-1	1	2014	11
NS23452X	2	4	-1	-1	-1	-1	5	2013	5
NS23452X	3	5	-1	1	3	-1	9	2010	6
NS23452X	4	5	-1	1	2	-1	9	2007	6
NS23461Q	1	1	1	-1	-1	-1	5	2016	1
NS23461Q	2	1	1	-1	-1	-1	3	2016	1
NS23461Q	3	10	-1	-1	-1	-1	1	2016	14
NS23461Q	4	1	1	-1	-1	-1	1	2014	1
NS23461Q	5	10	-1	-1	-1	-1	9	2013	14
NS23461Q	6	5	-1	1	4	-1	9	2012	6
NS23461Q	7	5	-1	2	4	-1	9	2011	7
NS23461Q	8	5	-1	2	2	-1	6	2006	7
NS23463S	1	1	1	-1	-1	-1	9	2014	1
NS23463S	2	1	1	-1	-1	-1	7	2008	1
NS23466W	1	1	2	-1	-1	-1	10	2013	2
NS23466W	2	1	1	-1	-1	-1	8	2013	1
NS23466W	3	3	1	-1	-1	-1	5	2013	11
NS23466W	4	1	1	-1	-1	-1	9	2012	1
NS23466W	5	5	-1	1	3	-1	9	2009	6
NS23469Z	1	1	1	-1	-1	-1	1	2013	1
NS23469Z	2	1	1	-1	-1	-1	7	2011	1
NS23469Z	3	5	-1	1	3	-1	9	2008	6
NS23471K	1	1	2	-1	-1	-1	9	2009	2
NS23472L	1	5	-1	1	3	-1	9	2008	6
NS23475P	1	4	-1	-1	-1	-1	11	2014	5
NS23475P	2	1	1	-1	-1	-1	6	2014	1
NS23475P	3	1	1	-1	-1	-1	8	2012	1
NS23475P	4	5	-1	1	3	-1	9	2009	6
NS23479T	1	5	-1	1	3	-1	9	2008	6
NS23480D	1	1	1	-1	-1	-1	4	2013	1
NS23480D	2	1	1	-1	-1	-1	6	2012	1
NS23480D	3	1	2	-1	-1	-1	9	2011	2
NS23480D	4	5	-1	1	3	-1	9	2008	6
NS23484H	1	1	1	-1	-1	-1	11	2006	1
NS23485J	1	5	-1	1	3	-1	10	2009	6
NS23485J	2	5	-1	1	2	-1	9	2007	6
NS23486K	1	1	1	-1	-1	-1	11	2011	1
NS23486K	2	1	2	-1	-1	-1	11	2010	2
NS23486K	3	1	1	-1	-1	-1	7	2007	1
NS23487L	1	1	1	-1	-1	-1	5	2014	1
NS23487L	2	1	1	-1	-1	-1	7	2013	1
NS23487L	3	1	1	-1	-1	-1	6	2012	1
NS23487L	4	5	-1	1	3	-1	9	2009	6
NS23487L	5	1	1	-1	-1	-1	1	2009	1
NS23491Z	1	5	-1	1	3	-1	5	2014	6
NS23491Z	2	1	1	-1	-1	-1	7	2012	1
NS23491Z	3	5	-1	1	3	-1	9	2008	6
NS23491Z	4	5	-1	1	2	-1	9	2006	6
NS23492A	1	1	1	-1	-1	-1	-8	2014	1
NS23492A	2	4	-1	-1	-1	-1	-8	2013	5
NS23492A	3	1	1	-1	-1	-1	9	2005	1
NS23497F	1	3	2	-1	-1	-1	7	2011	11
NS23497F	2	5	-1	1	3	-1	9	2008	6
NS23501A	1	1	1	-1	-1	-1	10	2007	1
NS23501A	2	5	-1	1	2	-1	1	2006	6
NS23509J	1	1	2	-1	-1	-1	2	2015	2
NS23509J	2	1	1	-1	-1	-1	9	2012	1
NS23509J	3	1	2	-1	-1	-1	5	2012	2
NS23509J	4	1	2	-1	-1	-1	7	2011	2
NS23509J	5	1	2	-1	-1	-1	11	2010	2
NS23509J	6	4	-1	-1	-1	-1	9	2010	5
NS23509J	7	1	1	-1	-1	-1	11	2009	1
NS23516A	1	5	-1	1	3	-1	9	2014	6
NS23516A	2	5	-1	2	2	-1	9	2012	7
NS23516A	3	4	-1	-1	-1	-1	10	2010	5
NS23516A	4	1	1	-1	-1	-1	6	2007	1
NS23519D	1	1	1	-1	-1	-1	5	2014	1
NS23519D	2	1	1	-1	-1	-1	3	2013	1
NS23519D	3	1	2	-1	-1	-1	10	2011	2
NS23519D	4	5	-1	1	3	-1	9	2009	6
NS23519D	5	5	-1	1	2	-1	9	2006	6
NS23520N	1	5	-1	1	3	-1	9	2008	6
NS23523R	1	1	1	-1	-1	-1	10	2012	1
NS23523R	2	1	1	-1	-1	-1	1	2011	1
NS23523R	3	1	1	-1	-1	-1	9	2010	1
NS23523R	4	5	-1	1	3	-1	9	2007	6
NS23524S	1	1	1	-1	-1	-1	10	2012	1
NS23524S	2	1	1	-1	-1	-1	8	2012	1
NS23524S	3	4	-1	-1	-1	-1	-8	-8	5
NS23525T	1	1	1	-1	-1	-1	6	2010	1
NS23526V	1	5	-1	1	3	-1	9	2009	6
NS23528X	1	5	-1	1	3	-1	9	2009	6
NS23532K	1	5	-1	1	3	-1	9	2008	6
NS23533L	1	5	-1	1	3	-1	9	2008	6
NS23536P	1	5	-1	1	2	-1	9	2009	6
NS23537Q	1	5	-1	1	3	-1	9	2013	6
NS23537Q	2	1	1	-1	-1	-1	9	2012	1
NS23537Q	3	5	-1	1	3	-1	9	2008	6
NS23541D	1	1	1	-1	-1	-1	10	2012	1
NS23541D	2	5	-1	1	3	-1	9	2008	6
NS23546J	1	10	-1	-1	-1	-1	1	2014	14
NS23546J	2	1	1	-1	-1	-1	10	2012	1
NS23546J	3	1	1	-1	-1	-1	6	2012	1
NS23546J	4	5	-1	1	3	-1	9	2009	6
NS23548L	1	1	1	-1	-1	-1	7	2009	1
NS23548L	2	5	-1	1	2	-1	9	2007	6
NS23549M	1	1	1	-1	-1	-1	6	2008	1
NS23550X	1	1	1	-1	-1	-1	7	2011	1
NS23550X	2	1	1	-1	-1	-1	8	2008	1
NS23551Y	1	5	-1	1	3	-1	9	2008	6
NS23551Y	2	5	-1	1	2	-1	9	2006	6
NS23555C	1	1	2	-1	-1	-1	10	2014	2
NS23555C	2	1	2	-1	-1	-1	9	2013	2
NS23555C	3	5	-1	1	3	-1	9	2009	6
NS23555C	4	5	-1	1	2	-1	9	2006	6
NS23556D	1	5	-1	1	3	-1	9	2008	6
NS23557E	1	5	-1	1	3	-1	9	2012	6
NS23557E	2	5	-1	1	3	-1	9	2008	6
NS23560R	1	1	1	-1	-1	-1	7	2011	1
NS23560R	2	2	1	-1	-1	-1	6	2008	3
NS23563V	1	1	2	-1	-1	-1	4	2010	2
NS23568A	1	1	1	-1	-1	-1	11	2006	1
NS23577T	1	2	1	-1	-1	-1	4	2012	3
NS23577T	2	4	-1	-1	-1	-1	6	2009	5
NS23577T	3	5	-1	1	2	-1	9	2006	6
NS23579W	1	5	-1	1	3	-1	9	2008	6
NS23580F	1	5	-1	1	3	-1	9	2008	6
NS23580F	2	5	-1	1	2	-1	9	2006	6
NS23585L	1	1	1	-1	-1	-1	10	2012	1
NS23585L	2	1	1	-1	-1	-1	10	2011	1
NS23585L	3	5	-1	1	3	-1	9	2008	6
NS23593D	1	1	1	-1	-1	-1	8	2009	1
NS23599K	1	1	2	-1	-1	-1	12	2013	2
NS23599K	2	8	-1	-1	-1	2	-8	-8	10
NS23603E	1	5	-1	1	3	-1	8	2008	6
NS23604F	1	1	1	-1	-1	-1	3	2012	1
NS23604F	2	1	1	-1	-1	-1	10	2011	1
NS23604F	3	5	-1	1	3	-1	9	2008	6
NS23605G	1	4	-1	-1	-1	-1	9	2014	5
NS23605G	2	1	1	-1	-1	-1	1	2013	1
NS23605G	3	4	-1	-1	-1	-1	9	2012	5
NS23605G	4	5	-1	1	3	-1	9	2008	6
NS23610W	1	5	-1	1	3	-1	9	2011	6
NS23610W	2	1	2	-1	-1	-1	11	2009	2
NS23611X	1	5	-1	1	3	-1	9	2008	6
NS23611X	2	5	-1	1	2	-1	9	2006	6
NS23615B	1	2	1	-1	-1	-1	8	2009	3
NS23618E	1	10	-1	-1	-1	-1	4	2014	14
NS23618E	2	1	1	-1	-1	-1	5	2012	1
NS23618E	3	1	1	-1	-1	-1	3	2011	1
NS23618E	4	4	-1	-1	-1	-1	1	2011	5
NS23618E	5	1	1	-1	-1	-1	11	2010	1
NS23618E	6	4	-1	-1	-1	-1	1	2010	5
NS23620Q	1	1	1	-1	-1	-1	11	2011	1
NS23620Q	2	1	1	-1	-1	-1	7	2008	1
NS23624V	1	1	1	-1	-1	-1	9	2014	1
NS23624V	2	1	1	-1	-1	-1	5	2014	1
NS23624V	3	10	-1	-1	-1	-1	2	2012	14
NS23624V	4	1	1	-1	-1	-1	10	2011	1
NS23624V	5	5	-1	1	3	-1	9	2008	6
NS23624V	6	5	-1	1	2	-1	9	2006	6
NS23625W	1	5	-1	1	3	-1	9	2009	6
NS23629A	1	1	1	-1	-1	-1	10	2013	1
NS23629A	2	1	1	-1	-1	-1	3	2011	1
NS23629A	3	1	1	-1	-1	-1	3	2010	1
NS23629A	4	1	1	-1	-1	-1	3	2009	1
NS23631L	1	10	-1	-1	-1	-1	7	2012	14
NS23631L	2	10	-1	-1	-1	-1	7	2012	14
NS23631L	3	3	2	-1	-1	-1	7	2012	11
NS23631L	4	5	-1	1	3	-1	9	2009	6
NS23634P	1	1	1	-1	-1	-1	11	2007	1
NS23634P	2	5	-1	1	1	-1	9	2006	6
NS23635Q	1	1	1	-1	-1	-1	6	2011	1
NS23635Q	2	1	2	-1	-1	-1	-8	-8	2
NS23636R	1	1	2	-1	-1	-1	12	2013	2
NS23636R	2	4	-1	-1	-1	-1	4	2013	5
NS23636R	3	5	-1	1	3	-1	9	2009	6
NS23637S	1	1	1	-1	-1	-1	9	2013	1
NS23637S	2	5	-1	1	3	-1	9	2008	6
NS23639V	1	5	-1	1	3	-1	9	2008	6
NS23640E	1	1	1	-1	-1	-1	11	2013	1
NS23640E	2	1	1	-1	-1	-1	7	2007	1
NS23641F	1	1	2	-1	-1	-1	11	2012	2
NS23641F	2	-9	-1	-1	-1	-1	-9	-9	-8
NS23644J	1	1	2	-1	-1	-1	5	2013	2
NS23644J	2	3	1	-1	-1	-1	8	2008	11
NS23645K	1	1	1	-1	-1	-1	7	2012	1
NS23645K	2	5	-1	1	3	-1	9	2009	6
NS23645K	3	5	-1	1	2	-1	9	2007	6
NS23645K	4	5	-1	1	1	-1	9	2006	6
NS23646L	1	1	2	-1	-1	-1	9	2008	2
NS23647M	1	1	1	-1	-1	-1	6	2011	1
NS23647M	2	6	1	-1	-1	-1	9	2010	12
NS23647M	3	5	-1	1	2	-1	9	2009	6
NS23647M	4	5	-1	1	2	-1	1	2008	6
NS23648N	1	1	1	-1	-1	-1	10	2012	1
NS23648N	2	5	-1	1	3	-1	8	2008	6
NS23653C	1	1	2	-1	-1	-1	6	2014	2
NS23653C	2	4	-1	-1	-1	-1	1	2014	5
NS23653C	3	4	-1	-1	-1	-1	1	2013	5
NS23653C	4	1	1	-1	-1	-1	9	2010	1
NS23653C	5	5	-1	1	2	-1	9	2006	6
NS23655E	1	1	2	-1	-1	-1	9	2008	2
NS23657G	1	5	-1	1	3	-1	9	2010	6
NS23657G	2	1	1	-1	-1	-1	8	2009	1
NS23663X	1	1	1	-1	-1	-1	2	2014	1
NS23663X	2	1	1	-1	-1	-1	2	2013	1
NS23663X	3	4	-1	-1	-1	-1	6	2012	5
NS23663X	4	1	1	-1	-1	-1	6	2011	1
NS23663X	5	4	-1	-1	-1	-1	9	2010	5
NS23663X	6	1	1	-1	-1	-1	7	2008	1
NS23663X	7	4	-1	-1	-1	-1	1	2007	5
NS23663X	8	5	-1	1	1	-1	9	2006	6
NS23664Y	1	1	1	-1	-1	-1	10	2012	1
NS23664Y	2	1	2	-1	-1	-1	6	2010	2
NS23664Y	3	5	-1	1	3	-1	9	2008	6
NS23667B	1	3	1	-1	-1	-1	3	2012	11
NS23667B	2	5	-1	1	3	-1	9	2009	6
NS23667B	3	1	2	-1	-1	-1	8	2008	2
NS23667B	4	5	-1	1	2	-1	9	2006	6
NS23668C	1	5	-1	1	3	-1	10	2008	6
NS23670N	1	2	1	-1	-1	-1	7	2012	3
NS23670N	2	5	-1	1	3	-1	9	2009	6
NS23672Q	1	1	2	-1	-1	-1	10	2010	2
NS23672Q	2	5	-1	1	3	-1	9	2008	6
NS23675T	1	1	1	-1	-1	-1	8	2011	1
NS23675T	2	5	-1	1	3	-1	10	2008	6
NS23677W	1	1	1	-1	-1	-1	9	2014	1
NS23677W	2	5	-1	1	3	-1	9	2013	6
NS23677W	3	5	-1	1	3	-1	9	2008	6
NS23677W	4	5	-1	1	1	-1	9	2001	6
NS23678X	1	1	2	-1	-1	-1	9	2008	2
NS23679Y	1	1	1	-1	-1	-1	9	2013	1
NS23679Y	2	1	2	-1	-1	-1	1	2012	2
NS23679Y	3	5	-1	1	3	-1	9	2011	6
NS23679Y	4	5	-1	1	3	-1	9	2008	6
NS23682K	1	1	1	-1	-1	-1	2	2009	1
NS23685N	1	1	1	-1	-1	-1	7	2009	1
NS23685N	2	1	1	-1	-1	-1	3	2006	1
NS23687Q	1	1	1	-1	-1	-1	12	2015	1
NS23687Q	2	1	1	-1	-1	-1	12	2015	1
NS23687Q	3	4	-1	-1	-1	-1	11	2015	5
NS23687Q	4	1	1	-1	-1	-1	9	2015	1
NS23687Q	5	1	1	-1	-1	-1	1	2012	1
NS23687Q	6	6	1	-1	-1	-1	7	2005	12
NS23689S	1	6	1	-1	-1	-1	1	2011	12
NS23689S	2	1	1	-1	-1	-1	7	2009	1
NS23694G	1	4	-1	-1	-1	-1	5	2014	5
NS23694G	2	1	2	-1	-1	-1	-8	-8	2
NS23695H	1	4	-1	-1	-1	-1	9	2010	5
NS23695H	2	5	-1	2	2	-1	9	2009	7
NS23698L	1	3	1	-1	-1	-1	1	2010	11
NS23702F	1	1	1	-1	-1	-1	7	2012	1
NS23702F	2	1	1	-1	-1	-1	11	2010	1
NS23702F	3	4	-1	-1	-1	-1	7	2006	5
NS23703G	1	1	1	-1	-1	-1	8	2011	1
NS23703G	2	5	-1	1	3	-1	10	2008	6
NS23707L	1	1	1	-1	-1	-1	3	2010	1
NS23707L	2	1	2	-1	-1	-1	5	2007	2
NS23710Y	1	5	-1	1	3	-1	9	2010	6
NS23710Y	2	1	2	-1	-1	-1	4	2009	2
NS23711Z	1	5	-1	1	3	-1	9	2009	6
NS23712A	1	2	2	-1	-1	-1	9	2009	4
NS23714C	1	5	-1	1	2	-1	9	2006	6
NS23715D	1	1	1	-1	-1	-1	5	2014	1
NS23715D	2	1	1	-1	-1	-1	1	2014	1
NS23715D	3	2	1	-1	-1	-1	2	2013	3
NS23715D	4	4	-1	-1	-1	-1	7	2012	5
NS23715D	5	5	-1	1	3	-1	9	2008	6
NS23717F	1	5	-1	1	3	-1	9	2009	6
NS23718G	1	8	-1	-1	-1	1	1	2014	9
NS23718G	2	1	1	-1	-1	-1	1	2013	1
NS23718G	3	4	-1	-1	-1	-1	10	2012	5
NS23718G	4	1	1	-1	-1	-1	10	2009	1
NS23720S	1	1	2	-1	-1	-1	11	2013	2
NS23720S	2	1	2	-1	-1	-1	9	2012	2
NS23720S	3	1	2	-1	-1	-1	-8	-8	2
NS23726Z	1	3	2	-1	-1	-1	9	2013	11
NS23726Z	2	4	-1	-1	-1	-1	7	2013	5
NS23726Z	3	5	-1	1	3	-1	9	2009	6
NS23728B	1	5	-1	1	3	-1	9	2009	6
NS23729C	1	1	1	-1	-1	-1	6	2014	1
NS23729C	2	1	1	-1	-1	-1	2	2014	1
NS23729C	3	5	-1	1	3	-1	9	2013	6
NS23729C	4	1	1	-1	-1	-1	12	2012	1
NS23729C	5	5	-1	1	3	-1	9	2009	6
NS23731N	1	1	2	-1	-1	-1	11	2015	2
NS23731N	2	1	1	-1	-1	-1	1	2013	1
NS23731N	3	1	1	-1	-1	-1	7	2011	1
NS23731N	4	5	-1	1	3	-1	9	2009	6
NS23733Q	1	5	-1	2	4	-1	9	2012	7
NS23733Q	2	4	-1	-1	-1	-1	9	2011	5
NS23733Q	3	5	-1	1	3	-1	9	2008	6
NS23736T	1	5	-1	1	3	-1	9	2011	6
NS23736T	2	5	-1	1	2	-1	9	2010	6
NS23736T	3	5	-1	1	1	-1	9	2005	6
NS23737V	1	10	-1	-1	-1	-1	11	2014	14
NS23737V	2	1	1	-1	-1	-1	4	2014	1
NS23737V	3	1	1	-1	-1	-1	11	2013	1
NS23737V	4	10	-1	-1	-1	-1	5	2013	14
NS23737V	5	1	1	-1	-1	-1	5	2012	1
NS23737V	6	1	1	-1	-1	-1	6	2011	1
NS23737V	7	5	-1	1	3	-1	10	2009	6
NS23737V	8	10	-1	-1	-1	-1	9	2008	14
NS23743K	1	5	-1	1	3	-1	9	2009	6
NS23746N	1	5	-1	1	3	-1	9	2014	6
NS23746N	2	1	1	-1	-1	-1	3	2014	1
NS23746N	3	1	1	-1	-1	-1	8	2013	1
NS23746N	4	1	1	-1	-1	-1	3	2013	1
NS23746N	5	1	1	-1	-1	-1	11	2012	1
NS23746N	6	1	1	-1	-1	-1	12	2011	1
NS23746N	7	1	1	-1	-1	-1	7	2011	1
NS23746N	8	5	-1	1	3	-1	9	2008	6
NS23748Q	1	1	1	-1	-1	-1	1	2012	1
NS23748Q	2	1	2	-1	-1	-1	11	2009	2
NS23749R	1	1	1	-1	-1	-1	3	2013	1
NS23749R	2	1	1	-1	-1	-1	10	2009	1
NS23750B	1	10	-1	-1	-1	-1	5	2014	14
NS23750B	2	5	-1	1	3	-1	10	2011	6
NS23750B	3	4	-1	-1	-1	-1	6	2010	5
NS23750B	4	5	-1	1	3	-1	10	2009	6
NS23756H	1	1	2	-1	-1	-1	9	2013	2
NS23756H	2	1	1	-1	-1	-1	3	2009	1
NS23759L	1	1	1	-1	-1	-1	1	2010	1
NS23761X	1	1	1	-1	-1	-1	8	2012	1
NS23761X	2	5	-1	1	3	-1	9	2009	6
NS23762Y	1	1	1	-1	-1	-1	1	2014	1
NS23762Y	2	5	-1	1	3	-1	9	2012	6
NS23762Y	3	5	-1	1	3	-1	9	2009	6
NS23766C	1	4	-1	-1	-1	-1	4	2010	5
NS23766C	2	1	1	-1	-1	-1	3	2010	1
NS23766C	3	1	1	-1	-1	-1	3	2009	1
NS23769F	1	1	1	-1	-1	-1	5	2008	1
NS23772S	1	1	2	-1	-1	-1	8	2011	2
NS23772S	2	1	2	-1	-1	-1	10	2010	2
NS23772S	3	5	-1	1	3	-1	9	2008	6
NS23774V	1	1	2	-1	-1	-1	8	2014	2
NS23774V	2	1	1	-1	-1	-1	8	2013	1
NS23774V	3	5	-1	1	3	-1	9	2011	6
NS23774V	4	1	1	-1	-1	-1	10	2010	1
NS23774V	5	5	-1	1	2	-1	9	2008	6
NS23777Y	1	1	1	-1	-1	-1	8	2013	1
NS23777Y	2	5	-1	1	3	-1	8	2008	6
NS23784P	1	5	-1	1	1	-1	9	2006	6
NS23786R	1	5	-1	1	3	-1	9	2012	6
NS23786R	2	1	1	-1	-1	-1	12	2011	1
NS23786R	3	5	-1	1	3	-1	2	2009	6
NS23786R	4	1	2	-1	-1	-1	2	2008	2
NS23786R	5	5	-1	1	2	-1	1	2006	6
NS23793H	1	1	2	-1	-1	-1	8	2008	2
NS23795K	1	10	-1	-1	-1	-1	1	2013	14
NS23795K	2	4	-1	-1	-1	-1	9	2012	5
NS23795K	3	1	2	-1	-1	-1	7	2012	2
NS23795K	4	5	-1	1	3	-1	9	2008	6
NS23798N	1	1	1	-1	-1	-1	4	2009	1
NS23802H	1	5	-1	2	2	-1	9	2010	7
NS23802H	2	5	-1	2	2	-1	9	2005	7
NS23808P	1	1	1	-1	-1	-1	8	2014	1
NS23808P	2	1	1	-1	-1	-1	6	2014	1
NS23808P	3	4	-1	-1	-1	-1	3	2014	5
NS23808P	4	1	1	-1	-1	-1	8	2013	1
NS23808P	5	1	1	-1	-1	-1	12	2012	1
NS23808P	6	5	-1	1	3	-1	8	2011	6
NS23808P	7	5	-1	1	2	-1	9	2007	6
NS23811B	1	1	1	-1	-1	-1	12	2010	1
NS23811B	2	1	1	-1	-1	-1	12	2006	1
NS23813D	1	5	-1	1	2	-1	9	2011	6
NS23813D	2	9	-1	-1	-1	-1	9	2007	13
NS23814E	1	1	2	-1	-1	-1	6	2012	2
NS23814E	2	1	1	-1	-1	-1	3	2010	1
NS23815F	1	2	1	-1	-1	-1	8	2010	3
NS23815F	2	4	-1	-1	-1	-1	8	2008	5
NS23819K	1	5	-1	1	3	-1	9	2015	6
NS23819K	2	1	1	-1	-1	-1	6	2015	1
NS23819K	3	4	-1	-1	-1	-1	1	2015	5
NS23819K	4	10	-1	-1	-1	-1	9	2014	14
NS23819K	5	5	-1	1	3	-1	9	2013	6
NS23819K	6	1	1	-1	-1	-1	10	2011	1
NS23819K	7	1	1	-1	-1	-1	6	2011	1
NS23819K	8	5	-1	1	3	-1	9	2008	6
NS23820V	1	1	1	-1	-1	-1	4	2015	1
NS23820V	2	1	1	-1	-1	-1	12	2014	1
NS23820V	3	1	2	-1	-1	-1	9	2010	2
NS23820V	4	5	-1	1	2	-1	9	2001	6
NS23821W	1	5	-1	1	2	-1	9	2007	6
NS23821W	2	10	-1	-1	-1	-1	7	2006	14
NS23822X	1	1	2	-1	-1	-1	7	2006	2
NS23824Z	1	1	1	-1	-1	-1	3	2012	1
NS23824Z	2	1	1	-1	-1	-1	6	2011	1
NS23824Z	3	5	-1	1	3	-1	9	2008	6
NS23825A	1	5	-1	1	3	-1	9	2010	6
NS23827C	1	5	-1	1	3	-1	9	2008	6
NS23828D	1	1	1	-1	-1	-1	8	2012	1
NS23828D	2	3	2	-1	-1	-1	9	2011	11
NS23828D	3	5	-1	1	3	-1	9	2008	6
NS23828D	4	5	-1	1	2	-1	9	2006	6
NS23832R	1	1	1	-1	-1	-1	1	2014	1
NS23832R	2	1	1	-1	-1	-1	5	2012	1
NS23832R	3	5	-1	1	2	-1	9	2009	6
NS23832R	4	5	-1	1	2	-1	9	2006	6
NS23833S	1	1	1	-1	-1	-1	11	2006	1
NS23833S	2	5	-1	1	1	-1	9	2005	6
NS23841K	1	5	-1	1	2	-1	9	2008	6
NS23841K	2	5	-1	1	1	-1	9	2001	6
NS23843M	1	4	-1	-1	-1	-1	4	2015	5
NS23843M	2	1	1	-1	-1	-1	3	2015	1
NS23843M	3	4	-1	-1	-1	-1	8	2014	5
NS23843M	4	1	1	-1	-1	-1	8	2013	1
NS23843M	5	1	1	-1	-1	-1	9	2012	1
NS23843M	6	4	-1	-1	-1	-1	5	2010	5
NS23844N	1	1	1	-1	-1	-1	8	2007	1
NS23845P	1	4	-1	-1	-1	-1	7	2015	5
NS23845P	2	1	2	-1	-1	-1	9	2014	2
NS23845P	3	4	-1	-1	-1	-1	7	2014	5
NS23845P	4	1	2	-1	-1	-1	9	2012	2
NS23845P	5	4	-1	-1	-1	-1	7	2012	5
NS23845P	6	1	1	-1	-1	-1	5	2011	1
NS23845P	7	10	-1	-1	-1	-1	8	2009	14
NS23848S	1	1	1	-1	-1	-1	9	2008	1
NS23850D	1	1	2	-1	-1	-1	10	2014	2
NS23850D	2	4	-1	-1	-1	-1	10	2013	5
NS23850D	3	1	1	-1	-1	-1	7	2011	1
NS23850D	4	5	-1	1	2	-1	9	2007	6
NS23851E	1	1	2	-1	-1	-1	9	2008	2
NS23851E	2	5	-1	1	1	-1	9	1994	6
NS23852F	1	5	-1	1	3	-1	9	2011	6
NS23852F	2	5	-1	1	2	-1	9	2009	6
NS23856K	1	5	-1	1	3	-1	9	2010	6
NS23856K	2	4	-1	-1	-1	-1	6	2009	5
NS23858M	1	1	1	-1	-1	-1	1	2008	1
NS23862A	1	1	1	-1	-1	-1	10	2014	1
NS23862A	2	1	1	-1	-1	-1	10	2013	1
NS23862A	3	1	1	-1	-1	-1	7	2013	1
NS23862A	4	5	-1	1	3	-1	9	2010	6
NS23865D	1	1	1	-1	-1	-1	7	2011	1
NS23865D	2	5	-1	1	3	-1	9	2009	6
NS23868G	1	1	1	-1	-1	-1	9	2006	1
NS23873W	1	1	1	-1	-1	-1	6	2009	1
NS23875Y	1	1	1	-1	-1	-1	10	2008	1
NS23876Z	1	4	-1	-1	-1	-1	-8	-8	5
NS23877A	1	1	1	-1	-1	-1	5	2012	1
NS23877A	2	5	-1	1	3	-1	9	2009	6
NS23877A	3	5	-1	1	2	-1	9	2006	6
NS23880M	1	3	2	-1	-1	-1	8	2012	11
NS23880M	2	4	-1	-1	-1	-1	6	2012	5
NS23880M	3	5	-1	1	3	-1	9	2009	6
NS23883Q	1	1	1	-1	-1	-1	6	2012	1
NS23883Q	2	1	1	-1	-1	-1	5	2012	1
NS23883Q	3	1	2	-1	-1	-1	8	2008	2
NS23884R	1	4	-1	-1	-1	-1	2	2012	5
NS23884R	2	5	-1	1	2	-1	8	2010	6
NS23884R	3	5	-1	1	1	-1	2	-8	6
NS23888W	1	3	1	-1	-1	-1	9	2013	11
NS23888W	2	5	-1	1	3	-1	9	2009	6
NS23889X	1	1	1	-1	-1	-1	10	2008	1
NS23892J	1	4	-1	-1	-1	-1	2	2012	5
NS23892J	2	1	2	-1	-1	-1	10	2007	2
NS23895M	1	1	2	-1	-1	-1	12	2008	2
NS23895M	2	5	-1	1	2	-1	9	2006	6
NS23900H	1	5	-1	1	3	-1	9	2008	6
NS23901J	1	1	1	-1	-1	-1	9	2006	1
NS23902K	1	5	-1	1	3	-1	9	2009	6
NS23902K	2	10	-1	-1	-1	-1	4	2008	14
NS23902K	3	10	-1	-1	-1	-1	5	2007	14
NS23902K	4	10	-1	-1	-1	-1	8	2004	14
NS23912E	1	5	-1	1	3	-1	9	2008	6
NS23917K	1	1	2	-1	-1	-1	12	2014	2
NS23917K	2	6	1	-1	-1	-1	7	2014	12
NS23917K	3	5	-1	1	3	-1	9	2011	6
NS23917K	4	5	-1	1	2	-1	9	2006	6
NS23919M	1	1	1	-1	-1	-1	2	2015	1
NS23919M	2	9	-1	-1	-1	-1	8	2014	13
NS23919M	3	1	1	-1	-1	-1	9	2012	1
NS23919M	4	5	-1	1	3	-1	9	2009	6
NS23920X	1	1	2	-1	-1	-1	7	2006	2
NS23921Y	1	1	1	-1	-1	-1	8	2006	1
NS23929G	1	4	-1	-1	-1	-1	9	2009	5
NS23930R	1	5	-1	1	3	-1	10	2008	6
NS23931S	1	1	1	-1	-1	-1	4	2012	1
NS23931S	2	1	2	-1	-1	-1	3	2007	2
NS23934W	1	4	-1	-1	-1	-1	1	2016	5
NS23934W	2	1	1	-1	-1	-1	10	2015	1
NS23934W	3	1	1	-1	-1	-1	11	2014	1
NS23934W	4	4	-1	-1	-1	-1	12	2013	5
NS23934W	5	1	1	-1	-1	-1	4	2010	1
NS23934W	6	4	-1	-1	-1	-1	7	2009	5
NS23934W	7	5	-1	1	2	-1	9	2006	6
NS23935X	1	1	1	-1	-1	-1	4	2007	1
NS23937Z	1	1	1	-1	-1	-1	5	2007	1
NS23937Z	2	10	-1	-1	-1	-1	9	2006	14
NS23938A	1	5	-1	1	3	-1	9	2009	6
NS23939B	1	1	1	-1	-1	-1	9	2011	1
NS23939B	2	5	-1	1	3	-1	9	2009	6
NS23941M	1	1	1	-1	-1	-1	9	2012	1
NS23941M	2	5	-1	1	3	-1	10	2009	6
NS23942N	1	1	1	-1	-1	-1	1	2013	1
NS23942N	2	1	1	-1	-1	-1	5	2012	1
NS23942N	3	4	-1	-1	-1	-1	1	2012	5
NS23942N	4	1	1	-1	-1	-1	10	2011	1
NS23942N	5	4	-1	-1	-1	-1	7	2011	5
NS23942N	6	5	-1	1	3	-1	9	2008	6
NS23943P	1	2	1	-1	-1	-1	4	2016	3
NS23943P	2	1	1	-1	-1	-1	4	2015	1
NS23943P	3	2	1	-1	-1	-1	6	2006	3
NS23945R	1	5	-1	1	3	-1	9	2008	6
NS23946S	1	4	-1	-1	-1	-1	1	2009	5
NS23946S	2	1	1	-1	-1	-1	7	2008	1
NS23946S	3	1	2	-1	-1	-1	9	2007	2
NS23946S	4	4	-1	-1	-1	-1	9	2006	5
NS23947T	1	1	2	-1	-1	-1	6	2015	2
NS23947T	2	1	1	-1	-1	-1	1	2012	1
NS23947T	3	1	1	-1	-1	-1	1	2010	1
NS23948V	1	10	-1	-1	-1	-1	3	2015	14
NS23948V	2	1	1	-1	-1	-1	2	2007	1
NS23952H	1	5	-1	1	2	-1	9	2012	6
NS23952H	2	2	1	-1	-1	-1	1	2011	3
NS23952H	3	1	1	-1	-1	-1	8	2009	1
NS23952H	4	1	2	-1	-1	-1	1	2009	2
NS23952H	5	5	-1	1	3	-1	9	2008	6
NS23952H	6	5	-1	1	2	-1	9	2006	6
NS23953J	1	1	2	-1	-1	-1	11	2014	2
NS23953J	2	9	-1	-1	-1	-1	8	2013	13
NS23953J	3	1	1	-1	-1	-1	1	2011	1
NS23953J	4	1	2	-1	-1	-1	9	2010	2
NS23953J	5	5	-1	1	3	-1	9	2008	6
NS23955L	1	5	-1	1	2	-1	9	2005	6
NS23959Q	1	4	-1	-1	-1	-1	6	2011	5
NS23959Q	2	5	-1	1	3	-1	9	2008	6
NS23960A	1	5	-1	1	3	-1	9	2008	6
NS23964E	1	1	1	-1	-1	-1	4	2011	1
NS23964E	2	1	1	-1	-1	-1	4	2006	1
NS23966G	1	1	1	-1	-1	-1	9	2014	1
NS23966G	2	5	-1	1	3	-1	9	2009	6
NS23968J	1	5	-1	1	3	-1	9	2014	6
NS23968J	2	1	1	-1	-1	-1	4	2012	1
NS23968J	3	1	2	-1	-1	-1	7	2011	2
NS23968J	4	5	-1	1	3	-1	9	2008	6
NS23969K	1	1	1	-1	-1	-1	3	2008	1
NS23969K	2	1	1	-1	-1	-1	9	2007	1
NS23969K	3	5	-1	1	1	-1	1	1999	6
NS23971W	1	1	1	-1	-1	-1	7	2010	1
NS23971W	2	1	1	-1	-1	-1	12	2008	1
NS23972X	1	1	1	-1	-1	-1	10	2013	1
NS23972X	2	1	1	-1	-1	-1	9	2012	1
NS23972X	3	1	2	-1	-1	-1	11	2006	2
NS23974Z	1	5	-1	1	2	-1	-8	2006	6
NS23978D	1	1	1	-1	-1	-1	2	2012	1
NS23978D	2	5	-1	1	3	-1	2	2009	6
NS23981Q	1	1	1	-1	-1	-1	9	2014	1
NS23981Q	2	1	1	-1	-1	-1	1	2013	1
NS23981Q	3	1	1	-1	-1	-1	9	2012	1
NS23981Q	4	5	-1	1	3	-1	9	2009	6
NS23981Q	5	1	1	-1	-1	-1	9	2008	1
NS23981Q	6	5	-1	1	2	-1	9	2006	6
NS23984T	1	1	1	-1	-1	-1	2	2011	1
NS23984T	2	5	-1	1	3	-1	9	2008	6
NS23985V	1	1	2	-1	-1	-1	11	2013	2
NS23985V	2	4	-1	-1	-1	-1	1	2013	5
NS23985V	3	1	1	-1	-1	-1	10	2012	1
NS23985V	4	4	-1	-1	-1	-1	6	2012	5
NS23985V	5	5	-1	1	3	-1	10	2009	6
NS23985V	6	4	-1	-1	-1	-1	8	2009	5
NS23985V	7	1	2	-1	-1	-1	2	2009	2
NS23987X	1	1	1	-1	-1	-1	9	2013	1
NS23987X	2	5	-1	1	3	-1	9	2010	6
NS23987X	3	5	-1	1	3	-1	9	2008	6
NS23990J	1	1	2	-1	-1	-1	7	2012	2
NS23990J	2	5	-1	1	3	-1	9	2009	6
NS23991K	1	1	2	-1	-1	-1	9	2013	2
NS23991K	2	10	-1	-1	-1	-1	5	2013	14
NS23991K	3	1	1	-1	-1	-1	9	2012	1
NS23991K	4	5	-1	1	3	-1	9	2011	6
NS23991K	5	5	-1	1	3	-1	9	2008	6
NS23992L	1	5	-1	1	3	-1	9	2008	6
NS23993M	1	1	1	-1	-1	-1	8	2011	1
NS23993M	2	1	2	-1	-1	-1	5	2011	2
NS23993M	3	1	1	-1	-1	-1	5	2010	1
NS23993M	4	1	2	-1	-1	-1	4	2008	2
NS23995P	1	1	1	-1	-1	-1	10	2012	1
NS23995P	2	1	1	-1	-1	-1	1	2012	1
NS23995P	3	4	-1	-1	-1	-1	5	2011	5
NS23995P	4	5	-1	1	3	-1	9	2008	6
NS23997R	1	5	-1	1	3	-1	9	2009	6
NS23998S	1	8	-1	-1	-1	1	-8	2010	9
NS23998S	2	4	-1	-1	-1	-1	-8	2008	5
NS23999T	1	1	1	-1	-1	-1	11	2012	1
NS23999T	2	5	-1	1	3	-1	9	2008	6
NS24001K	1	3	2	-1	-1	-1	9	2015	11
NS24001K	2	4	-1	-1	-1	-1	11	2010	5
NS24001K	3	3	2	-1	-1	-1	8	2010	11
NS24001K	4	4	-1	-1	-1	-1	9	2009	5
NS24004N	1	1	1	-1	-1	-1	5	2008	1
NS24006Q	1	5	-1	1	3	-1	10	2008	6
NS24008S	1	5	-1	1	2	-1	9	2010	6
NS24008S	2	1	2	-1	-1	-1	3	2010	2
NS24008S	3	4	-1	-1	-1	-1	3	2009	5
NS24008S	4	5	-1	1	2	-1	9	2007	6
NS24008S	5	5	-1	1	1	-1	9	1994	6
NS24010D	1	9	-1	-1	-1	-1	3	2013	13
NS24010D	2	5	-1	1	3	-1	9	2010	6
NS24010D	3	5	-1	1	2	-1	9	2006	6
NS24013G	1	5	-1	1	3	-1	9	2013	6
NS24013G	2	5	-1	1	3	-1	9	2012	6
NS24013G	3	1	1	-1	-1	-1	8	2011	1
NS24013G	4	5	-1	1	3	-1	9	2008	6
NS24015J	1	5	-1	1	3	-1	9	2008	6
NS24016K	1	2	1	-1	-1	-1	6	2011	3
NS24016K	2	1	1	-1	-1	-1	7	2009	1
NS24016K	3	1	1	-1	-1	-1	1	2007	1
NS24016K	4	1	1	-1	-1	-1	9	2006	1
NS24017L	1	1	1	-1	-1	-1	1	2008	1
NS24019N	1	1	1	-1	-1	-1	1	2010	1
NS24020Y	1	2	2	-1	-1	-1	9	2008	4
NS24022A	1	1	1	-1	-1	-1	3	2009	1
NS24023B	1	5	-1	1	2	-1	9	2000	6
NS24026E	1	1	1	-1	-1	-1	7	2012	1
NS24026E	2	5	-1	1	3	-1	10	2008	6
NS24028G	1	5	-1	1	2	-1	9	2006	6
NS24030S	1	1	1	-1	-1	-1	3	2014	1
NS24030S	2	2	1	-1	-1	-1	3	2013	3
NS24030S	3	1	1	-1	-1	-1	6	2012	1
NS24030S	4	1	1	-1	-1	-1	4	2009	1
NS24032V	1	1	1	-1	-1	-1	8	2007	1
NS24032V	2	5	-1	1	1	-1	9	2001	6
NS24034X	1	1	2	-1	-1	-1	11	2007	2
NS24039C	1	5	-1	1	3	-1	9	2008	6
NS24041N	1	2	2	-1	-1	-1	9	2015	4
NS24041N	2	1	1	-1	-1	-1	6	2014	1
NS24041N	3	1	2	-1	-1	-1	3	2014	2
NS24041N	4	1	1	-1	-1	-1	1	2014	1
NS24041N	5	3	2	-1	-1	-1	9	2013	11
NS24041N	6	5	-1	1	3	-1	9	2009	6
NS24042P	1	1	2	-1	-1	-1	1	2013	2
NS24042P	2	1	1	-1	-1	-1	-8	2012	1
NS24042P	3	1	1	-1	-1	-1	1	2011	1
NS24042P	4	9	-1	-1	-1	-1	3	2010	13
NS24042P	5	1	1	-1	-1	-1	3	2010	1
NS24042P	6	4	-1	-1	-1	-1	-8	2009	5
NS24042P	7	-8	-1	-1	-1	-1	-8	-8	-8
NS24049X	1	10	-1	-1	-1	-1	7	2012	14
NS24049X	2	5	-1	1	3	-1	9	2009	6
NS24051H	1	1	1	-1	-1	-1	11	2014	1
NS24051H	2	1	1	-1	-1	-1	-8	2013	1
NS24051H	3	1	2	-1	-1	-1	-8	2011	2
NS24051H	4	5	-1	1	3	-1	10	2008	6
NS24053K	1	2	1	-1	-1	-1	6	2012	3
NS24053K	2	5	-1	1	2	-1	9	2010	6
NS24053K	3	5	-1	1	1	-1	9	1994	6
NS24054L	1	5	-1	1	1	-1	9	2000	6
NS24057P	1	1	1	-1	-1	-1	7	2012	1
NS24057P	2	5	-1	1	3	-1	9	2009	6
NS24061C	1	1	1	-1	-1	-1	7	2013	1
NS24061C	2	1	1	-1	-1	-1	9	2010	1
NS24061C	3	1	1	-1	-1	-1	12	2007	1
NS24061C	4	5	-1	1	1	-1	4	2000	6
NS24065G	1	1	2	-1	-1	-1	4	2008	2
NS24066H	1	2	1	-1	-1	-1	2	2010	3
NS24067J	1	2	1	-1	-1	-1	9	2015	3
NS24067J	2	1	1	-1	-1	-1	6	2014	1
NS24067J	3	5	-1	1	3	-1	9	2009	6
NS24069L	1	2	1	-1	-1	-1	8	2013	3
NS24069L	2	5	-1	1	3	-1	9	2008	6
NS24070W	1	1	1	-1	-1	-1	6	2013	1
NS24070W	2	4	-1	-1	-1	-1	-8	2010	5
NS24070W	3	1	2	-1	-1	-1	6	2007	2
NS24071X	1	4	-1	-1	-1	-1	5	2008	5
NS24072Y	1	4	-1	-1	-1	-1	12	2014	5
NS24072Y	2	1	1	-1	-1	-1	2	2014	1
NS24072Y	3	1	1	-1	-1	-1	9	2013	1
NS24072Y	4	1	1	-1	-1	-1	9	2011	1
NS24072Y	5	1	1	-1	-1	-1	6	2010	1
NS24072Y	6	1	1	-1	-1	-1	1	2007	1
NS24072Y	7	5	-1	2	2	-1	9	2006	7
NS24075B	1	1	1	-1	-1	-1	4	2010	1
NS24075B	2	4	-1	-1	-1	-1	4	2009	5
NS24075B	3	1	1	-1	-1	-1	4	2007	1
NS24075B	4	4	-1	-1	-1	-1	6	2006	5
NS24077D	1	7	-1	-1	-1	-1	2	2010	8
NS24079F	1	1	1	-1	-1	-1	7	2010	1
NS24080Q	1	10	-1	-1	-1	-1	9	2014	14
NS24080Q	2	5	-1	1	3	-1	9	2009	6
NS24085W	1	1	2	-1	-1	-1	6	2012	2
NS24085W	2	1	2	-1	-1	-1	7	2008	2
NS24087Y	1	5	-1	1	3	-1	9	2010	6
NS24087Y	2	1	1	-1	-1	-1	10	2006	1
NS24087Y	3	5	-1	1	1	-1	9	1995	6
NS24090K	1	1	1	-1	-1	-1	8	2011	1
NS24090K	2	1	1	-1	-1	-1	11	2009	1
NS24091L	1	5	-1	1	2	-1	9	2006	6
NS24092M	1	1	1	-1	-1	-1	11	2011	1
NS24092M	2	5	-1	1	3	-1	9	2008	6
NS24097S	1	2	1	-1	-1	-1	4	2013	3
NS24097S	2	5	-1	1	3	-1	9	2010	6
NS24097S	3	10	-1	-1	-1	-1	9	2009	14
NS24098T	1	1	1	-1	-1	-1	9	2014	1
NS24098T	2	1	1	-1	-1	-1	11	2013	1
NS24098T	3	3	2	-1	-1	-1	10	2012	11
NS24098T	4	5	-1	1	3	-1	9	2011	6
NS24098T	5	5	-1	1	3	-1	9	2008	6
NS24098T	6	5	-1	1	2	-1	9	2006	6
NS24100L	1	1	1	-1	-1	-1	9	2010	1
NS24100L	2	5	-1	1	3	-1	9	2006	6
NS24102N	1	1	1	-1	-1	-1	9	2010	1
NS24102N	2	1	1	-1	-1	-1	9	2010	1
NS24102N	3	1	1	-1	-1	-1	8	2008	1
NS24102N	4	5	-1	1	2	-1	9	2006	6
NS24104Q	1	2	1	-1	-1	-1	9	2014	3
NS24104Q	2	5	-1	1	3	-1	9	2010	6
NS24104Q	3	1	1	-1	-1	-1	9	2008	1
NS24106S	1	5	-1	1	3	-1	9	2012	6
NS24106S	2	4	-1	-1	-1	-1	1	2012	5
NS24106S	3	1	2	-1	-1	-1	10	2011	2
NS24106S	4	4	-1	-1	-1	-1	7	2011	5
NS24106S	5	5	-1	1	2	-1	9	2010	6
NS24106S	6	9	-1	-1	-1	-1	4	2010	13
NS24118P	1	1	2	-1	-1	-1	4	2004	2
NS24119Q	1	1	1	-1	-1	-1	5	2009	1
NS24120A	1	1	2	-1	-1	-1	1	2010	2
NS24120A	2	5	-1	1	2	-1	9	2009	6
NS24120A	3	5	-1	1	2	-1	9	2007	6
NS24120A	4	5	-1	1	1	-1	9	2006	6
NS24121B	1	3	1	-1	-1	-1	4	2013	11
NS24121B	2	1	1	-1	-1	-1	10	2011	1
NS24121B	3	4	-1	-1	-1	-1	7	2011	5
NS24121B	4	5	-1	1	3	-1	9	2008	6
NS24123D	1	5	-1	1	3	-1	9	2009	6
NS24123D	2	5	-1	1	2	-1	9	2007	6
NS24126G	1	1	1	-1	-1	-1	12	2009	1
NS24127H	1	10	-1	-1	-1	-1	3	2014	14
NS24127H	2	1	1	-1	-1	-1	8	2010	1
NS24127H	3	1	2	-1	-1	-1	8	2009	2
NS24129K	1	5	-1	1	3	-1	9	2010	6
NS24129K	2	5	-1	1	2	-1	9	2006	6
NS24131W	1	5	-1	1	3	-1	9	2014	6
NS24131W	2	1	2	-1	-1	-1	6	2013	2
NS24131W	3	4	-1	-1	-1	-1	6	2012	5
NS24131W	4	5	-1	1	3	-1	5	2009	6
NS24135A	1	1	2	-1	-1	-1	7	2011	2
NS24135A	2	5	-1	1	2	-1	9	2007	6
NS24136B	1	1	2	-1	-1	-1	3	2008	2
NS24139E	1	5	-1	1	3	-1	9	2010	6
NS24139E	2	1	1	-1	-1	-1	1	2008	1
NS24142R	1	5	-1	1	3	-1	9	2009	6
NS24145V	1	5	-1	1	3	-1	9	2010	6
NS24145V	2	5	-1	1	2	-1	9	2006	6
NS24147X	1	1	1	-1	-1	-1	12	2011	1
NS24147X	2	5	-1	1	3	-1	9	2008	6
NS24147X	3	5	-1	1	1	-1	9	2006	6
NS24148Y	1	1	1	-1	-1	-1	1	2013	1
NS24148Y	2	1	2	-1	-1	-1	-8	2006	2
NS24149Z	1	1	1	-1	-1	-1	8	2011	1
NS24149Z	2	5	-1	1	3	-1	9	2008	6
NS24154N	1	2	2	-1	-1	-1	3	2012	4
NS24154N	2	1	1	-1	-1	-1	8	2008	1
NS24158S	1	5	-1	1	3	-1	9	2011	6
NS24158S	2	5	-1	1	3	-1	10	2008	6
NS24159T	1	5	-1	1	3	-1	9	2013	6
NS24159T	2	5	-1	1	3	-1	9	2009	6
NS24161E	1	1	2	-1	-1	-1	10	2007	2
NS24161E	2	5	-1	1	2	-1	9	2007	6
NS24161E	3	5	-1	1	1	-1	9	1995	6
NS24162F	1	1	2	-1	-1	-1	3	2008	2
NS24164H	1	5	-1	1	3	-1	9	2008	6
NS24178G	1	5	-1	1	3	-1	10	2008	6
NS24180S	1	2	1	-1	-1	-1	8	2013	3
NS24180S	2	5	-1	1	3	-1	8	2009	6
NS24184X	1	4	-1	-1	-1	-1	1	2010	5
NS24185Y	1	1	1	-1	-1	-1	5	2010	1
NS24189C	1	3	2	-1	-1	-1	1	2013	11
NS24189C	2	5	-1	1	3	-1	9	2009	6
NS24190M	1	1	1	-1	-1	-1	7	2012	1
NS24190M	2	4	-1	-1	-1	-1	6	2012	5
NS24190M	3	4	-1	-1	-1	-1	5	2011	5
NS24190M	4	4	-1	-1	-1	-1	9	2009	5
NS24193Q	1	5	-1	1	3	-1	9	2011	6
NS24193Q	2	5	-1	1	3	-1	9	2008	6
NS24194R	1	1	1	-1	-1	-1	9	2013	1
NS24194R	2	1	2	-1	-1	-1	6	2012	2
NS24194R	3	2	2	-1	-1	-1	5	2012	4
NS24194R	4	4	-1	-1	-1	-1	6	2011	5
NS24194R	5	5	-1	1	3	-1	9	2009	6
NS24195S	1	1	1	-1	-1	-1	6	2013	1
NS24195S	2	1	1	-1	-1	-1	9	2010	1
NS24195S	3	5	-1	1	2	-1	9	2008	6
NS24195S	4	5	-1	1	2	-1	9	2006	6
NS24197V	1	5	-1	1	3	-1	9	2008	6
NS24199X	1	1	1	-1	-1	-1	9	2008	1
NS24200N	1	1	1	-1	-1	-1	-9	-9	1
NS24201P	1	1	1	-1	-1	-1	8	2012	1
NS24201P	2	4	-1	-1	-1	-1	7	2012	5
NS24201P	3	5	-1	1	3	-1	10	2009	6
NS24202Q	1	1	1	-1	-1	-1	6	2007	1
NS24208X	1	4	-1	-1	-1	-1	-8	2011	5
NS24208X	2	7	-1	-1	-1	-1	10	2010	8
NS24208X	3	6	1	-1	-1	-1	2	2008	12
NS24211J	1	1	1	-1	-1	-1	10	2015	1
NS24211J	2	3	1	-1	-1	-1	3	2015	11
NS24211J	3	1	1	-1	-1	-1	8	2014	1
NS24211J	4	3	1	-1	-1	-1	6	2014	11
NS24211J	5	5	-1	1	3	-1	10	2010	6
NS24211J	6	1	1	-1	-1	-1	7	2008	1
NS24211J	7	5	-1	1	2	-1	9	2006	6
NS24213L	1	3	1	-1	-1	-1	2	2015	11
NS24213L	2	4	-1	-1	-1	-1	11	2014	5
NS24213L	3	1	1	-1	-1	-1	2	2014	1
NS24213L	4	4	-1	-1	-1	-1	9	2013	5
NS24213L	5	5	-1	1	3	-1	9	2012	6
NS24213L	6	4	-1	-1	-1	-1	7	2012	5
NS24213L	7	5	-1	1	3	-1	9	2009	6
NS24214M	1	5	-1	1	3	-1	9	2008	6
NS24215N	1	1	1	-1	-1	-1	5	2012	1
NS24215N	2	1	1	-1	-1	-1	4	2011	1
NS24215N	3	1	1	-1	-1	-1	11	2008	1
NS24221D	1	5	-1	1	3	-1	9	2008	6
NS24226J	1	1	1	-1	-1	-1	5	2013	1
NS24226J	2	1	1	-1	-1	-1	1	2009	1
NS24227K	1	9	-1	-1	-1	-1	4	2010	13
NS24231Y	1	5	-1	1	3	-1	10	2008	6
NS24234B	1	1	1	-1	-1	-1	7	2011	1
NS24234B	2	5	-1	1	3	-1	9	2008	6
NS24235C	1	4	-1	-1	-1	-1	7	2015	5
NS24235C	2	1	1	-1	-1	-1	3	2014	1
NS24235C	3	1	2	-1	-1	-1	7	2013	2
NS24235C	4	1	1	-1	-1	-1	3	2008	1
NS24238F	1	1	1	-1	-1	-1	6	2012	1
NS24238F	2	5	-1	1	3	-1	10	2009	6
NS24239G	1	5	-1	1	3	-1	9	2009	6
NS24241S	1	4	-1	-1	-1	-1	9	2009	5
NS24241S	2	5	-1	1	2	-1	9	2007	6
NS24241S	3	5	-1	1	1	-1	9	2003	6
NS24245X	1	1	1	-1	-1	-1	3	2010	1
NS24246Y	1	9	-1	-1	-1	-1	9	2009	13
NS24246Y	2	1	2	-1	-1	-1	8	2008	2
NS24246Y	3	1	2	-1	-1	-1	9	2006	2
NS24247Z	1	8	-1	-1	-1	2	1	2004	10
NS24252N	1	1	1	-1	-1	-1	6	2014	1
NS24252N	2	1	1	-1	-1	-1	5	2013	1
NS24252N	3	1	1	-1	-1	-1	8	2010	1
NS24252N	4	2	1	-1	-1	-1	-8	2007	3
NS24253P	1	5	-1	1	3	-1	9	2009	6
NS24254Q	1	1	1	-1	-1	-1	5	2014	1
NS24254Q	2	1	1	-1	-1	-1	9	2013	1
NS24254Q	3	1	1	-1	-1	-1	6	2012	1
NS24254Q	4	4	-1	-1	-1	-1	9	2011	5
NS24254Q	5	5	-1	1	3	-1	9	2008	6
NS24256S	1	1	2	-1	-1	-1	6	2008	2
NS24260F	1	4	-1	-1	-1	-1	7	2011	5
NS24260F	2	5	-1	1	3	-1	9	2008	6
NS24262H	1	1	1	-1	-1	-1	11	2008	1
NS24263J	1	1	1	-1	-1	-1	5	2007	1
NS24264K	1	1	1	-1	-1	-1	4	2012	1
NS24264K	2	1	1	-1	-1	-1	-9	-9	1
NS24270A	1	1	1	-1	-1	-1	9	2013	1
NS24270A	2	1	1	-1	-1	-1	5	2008	1
NS24272C	1	1	1	-1	-1	-1	9	2013	1
NS24272C	2	1	1	-1	-1	-1	4	2013	1
NS24272C	3	1	1	-1	-1	-1	8	2010	1
NS24272C	4	5	-1	1	3	-1	9	2008	6
NS24273D	1	1	2	-1	-1	-1	5	2015	2
NS24273D	2	3	2	-1	-1	-1	1	2015	11
NS24273D	3	1	1	-1	-1	-1	6	2013	1
NS24273D	4	4	-1	-1	-1	-1	1	2013	5
NS24273D	5	1	1	-1	-1	-1	7	2012	1
NS24273D	6	5	-1	1	3	-1	9	2009	6
NS24278J	1	1	2	-1	-1	-1	7	2015	2
NS24278J	2	4	-1	-1	-1	-1	2	2015	5
NS24278J	3	1	2	-1	-1	-1	4	2014	2
NS24278J	4	4	-1	-1	-1	-1	6	2013	5
NS24278J	5	1	2	-1	-1	-1	11	2012	2
NS24278J	6	1	2	-1	-1	-1	5	2012	2
NS24278J	7	4	-1	-1	-1	-1	11	2011	5
NS24278J	8	1	2	-1	-1	-1	9	2011	2
NS24278J	9	5	-1	1	2	-1	9	2010	6
NS24278J	10	1	2	-1	-1	-1	8	2009	2
NS24278J	11	1	2	-1	-1	-1	8	2008	2
NS24278J	12	5	-1	1	2	-1	9	2006	6
NS24280V	1	1	1	-1	-1	-1	6	2009	1
NS24280V	2	-8	-1	-1	-1	-1	2	2009	-8
NS24280V	3	5	-1	1	1	-1	9	1995	6
NS24285A	1	5	-1	1	3	-1	9	2009	6
NS24286B	1	1	2	-1	-1	-1	9	2010	2
NS24286B	2	5	-1	1	3	-1	9	2009	6
NS24289E	1	2	1	-1	-1	-1	7	2013	3
NS24289E	2	5	-1	1	3	-1	9	2009	6
NS24291Q	1	2	1	-1	-1	-1	8	2010	3
NS24291Q	2	1	1	-1	-1	-1	9	2006	1
NS24293S	1	5	-1	1	3	-1	9	2012	6
NS24293S	2	3	1	-1	-1	-1	1	2012	11
NS24293S	3	3	2	-1	-1	-1	8	2011	11
NS24293S	4	5	-1	1	3	-1	9	2008	6
NS24294T	1	1	1	-1	-1	-1	8	2012	1
NS24294T	2	5	-1	1	3	-1	9	2009	6
NS24295V	1	1	1	-1	-1	-1	5	2013	1
NS24295V	2	1	1	-1	-1	-1	12	2010	1
NS24295V	3	1	2	-1	-1	-1	9	2010	2
NS24295V	4	1	1	-1	-1	-1	9	2009	1
NS24297X	1	5	-1	1	3	-1	9	2008	6
NS24300Q	1	1	2	-1	-1	-1	10	2008	2
NS24301R	1	5	-1	1	3	-1	10	2008	6
NS24301R	2	5	-1	1	2	-1	9	2006	6
NS24303T	1	2	2	-1	-1	-1	7	2010	4
NS24303T	2	5	-1	1	2	-1	9	2007	6
NS24312M	1	1	1	-1	-1	-1	3	2012	1
NS24312M	2	1	2	-1	-1	-1	10	2010	2
NS24312M	3	10	-1	-1	-1	-1	1	2010	14
NS24312M	4	5	-1	1	2	-1	9	2008	6
NS24312M	5	4	-1	-1	-1	-1	6	2006	5
NS24313N	1	1	1	-1	-1	-1	4	2015	1
NS24313N	2	1	1	-1	-1	-1	8	2012	1
NS24313N	3	5	-1	1	3	-1	9	2008	6
NS24314P	1	5	-1	1	3	-1	5	2012	6
NS24314P	2	5	-1	1	3	-1	9	2008	6
NS24318T	1	5	-1	1	3	-1	9	2009	6
NS24318T	2	5	-1	1	2	-1	9	2006	6
NS24319V	1	1	2	-1	-1	-1	3	2014	2
NS24319V	2	4	-1	-1	-1	-1	1	2014	5
NS24319V	3	1	2	-1	-1	-1	10	2012	2
NS24319V	4	4	-1	-1	-1	-1	9	2008	5
NS24319V	5	5	-1	1	2	-1	9	2006	6
NS24320E	1	1	2	-1	-1	-1	1	2008	2
NS24321F	1	1	2	-1	-1	-1	11	2011	2
NS24321F	2	5	-1	1	3	-1	9	2008	6
NS24322G	1	5	-1	1	3	-1	9	2008	6
NS24326L	1	4	-1	-1	-1	-1	10	2015	5
NS24326L	2	1	1	-1	-1	-1	7	2008	1
NS24328N	1	1	1	-1	-1	-1	12	2013	1
NS24328N	2	1	1	-1	-1	-1	6	2013	1
NS24328N	3	5	-1	1	3	-1	9	2012	6
NS24328N	4	5	-1	1	3	-1	8	2008	6
NS24333C	1	5	-1	1	3	-1	9	2013	6
NS24333C	2	1	2	-1	-1	-1	9	2012	2
NS24333C	3	1	2	-1	-1	-1	9	2011	2
NS24333C	4	5	-1	1	3	-1	9	2008	6
NS24335E	1	1	1	-1	-1	-1	10	2013	1
NS24335E	2	1	1	-1	-1	-1	9	2013	1
NS24335E	3	1	1	-1	-1	-1	4	2013	1
NS24335E	4	1	2	-1	-1	-1	9	2011	2
NS24335E	5	1	1	-1	-1	-1	5	2010	1
NS24335E	6	5	-1	1	3	-1	9	2008	6
NS24335E	7	5	-1	1	2	-1	9	2006	6
NS24340T	1	1	2	-1	-1	-1	2	2011	2
NS24340T	2	1	1	-1	-1	-1	9	2010	1
NS24343X	1	1	1	-1	-1	-1	5	2014	1
NS24343X	2	1	1	-1	-1	-1	11	2012	1
NS24343X	3	4	-1	-1	-1	-1	7	2012	5
NS24343X	4	5	-1	1	3	-1	9	2009	6
NS24346A	1	1	1	-1	-1	-1	8	2011	1
NS24346A	2	4	-1	-1	-1	-1	1	2011	5
NS24346A	3	5	-1	1	3	-1	9	2008	6
NS24347B	1	1	2	-1	-1	-1	1	2015	2
NS24347B	2	1	2	-1	-1	-1	1	2015	2
NS24347B	3	1	1	-1	-1	-1	1	2014	1
NS24347B	4	1	1	-1	-1	-1	-1	-1	1
NS24349D	1	5	-1	1	3	-1	9	2008	6
NS24352Q	1	1	2	-1	-1	-1	6	2012	2
NS24352Q	2	5	-1	1	3	-1	9	2008	6
NS24355T	1	5	-1	1	3	-1	4	2008	6
NS24355T	2	5	-1	1	1	-1	10	2006	6
NS24355T	3	5	-1	1	1	-1	-8	-8	6
NS24359Y	1	4	-1	-1	-1	-1	9	2010	5
NS24359Y	2	5	-1	1	1	-1	9	2010	6
NS24359Y	3	5	-1	1	2	-1	9	-8	6
NS24361J	1	4	-1	-1	-1	-1	9	2014	5
NS24361J	2	1	1	-1	-1	-1	7	2014	1
NS24361J	3	1	1	-1	-1	-1	2	2014	1
NS24361J	4	1	1	-1	-1	-1	7	2012	1
NS24361J	5	4	-1	-1	-1	-1	8	2011	5
NS24361J	6	1	1	-1	-1	-1	9	2010	1
NS24361J	7	4	-1	-1	-1	-1	10	2009	5
NS24363L	1	5	-1	1	3	-1	9	2008	6
NS24363L	2	5	-1	1	1	-1	9	2006	6
NS24372E	1	2	1	-1	-1	-1	6	2012	3
NS24372E	2	5	-1	1	3	-1	10	2008	6
NS24373F	1	1	2	-1	-1	-1	10	2013	2
NS24373F	2	4	-1	-1	-1	-1	7	2012	5
NS24373F	3	5	-1	1	3	-1	10	2009	6
NS24374G	1	1	1	-1	-1	-1	9	2014	1
NS24374G	2	1	1	-1	-1	-1	3	2010	1
NS24374G	3	1	1	-1	-1	-1	4	2009	1
NS24375H	1	1	2	-1	-1	-1	9	2010	2
NS24375H	2	5	-1	1	3	-1	9	2008	6
NS24378L	1	1	1	-1	-1	-1	2	2015	1
NS24378L	2	1	2	-1	-1	-1	4	2014	2
NS24378L	3	1	1	-1	-1	-1	2	2014	1
NS24378L	4	3	2	-1	-1	-1	10	2013	11
NS24378L	5	5	-1	1	3	-1	9	2012	6
NS24378L	6	5	-1	1	3	-1	9	2008	6
NS24379M	1	1	1	-1	-1	-1	5	2015	1
NS24379M	2	1	1	-1	-1	-1	9	2014	1
NS24379M	3	1	1	-1	-1	-1	10	2013	1
NS24379M	4	5	-1	1	3	-1	9	2010	6
NS24379M	5	5	-1	1	3	-1	9	2008	6
NS24388F	1	9	-1	-1	-1	-1	8	2007	13
NS24389G	1	1	1	-1	-1	-1	2	2008	1
NS24392T	1	1	2	-1	-1	-1	11	2012	2
NS24392T	2	5	-1	1	3	-1	9	2009	6
NS24394W	1	1	1	-1	-1	-1	6	2008	1
NS24395X	1	3	2	-1	-1	-1	11	2013	11
NS24395X	2	1	1	-1	-1	-1	7	2013	1
NS24395X	3	5	-1	1	3	-1	10	2009	6
NS24396Y	1	1	1	-1	-1	-1	8	2013	1
NS24396Y	2	5	-1	1	3	-1	9	2009	6
NS24396Y	3	5	-1	1	2	-1	9	2006	6
NS24398A	1	1	2	-1	-1	-1	11	2013	2
NS24398A	2	4	-1	-1	-1	-1	10	2013	5
NS24398A	3	1	1	-1	-1	-1	3	2012	1
NS24398A	4	4	-1	-1	-1	-1	6	2011	5
NS24398A	5	5	-1	1	2	-1	9	2009	6
NS24399B	1	1	1	-1	-1	-1	9	2010	1
NS24399B	2	1	1	-1	-1	-1	9	2008	1
NS24401T	1	4	-1	-1	-1	-1	6	2011	5
NS24401T	2	5	-1	1	3	-1	9	2008	6
NS24403W	1	5	-1	1	2	-1	10	2006	6
NS24403W	2	5	-1	1	1	-1	9	1995	6
NS24410M	1	10	-1	-1	-1	-1	4	2015	14
NS24410M	2	1	1	-1	-1	-1	9	2012	1
NS24410M	3	5	-1	1	3	-1	9	2009	6
NS24410M	4	1	1	-1	-1	-1	7	2008	1
NS24414R	1	1	1	-1	-1	-1	5	2014	1
NS24414R	2	3	1	-1	-1	-1	10	2013	11
NS24414R	3	4	-1	-1	-1	-1	7	2012	5
NS24414R	4	5	-1	1	3	-1	10	2008	6
NS24417V	1	1	2	-1	-1	-1	2	2006	2
NS24419X	1	1	1	-1	-1	-1	7	2009	1
NS24419X	2	5	-1	1	2	-1	9	2006	6
NS24420G	1	5	-1	1	3	-1	9	2009	6
NS24420G	2	1	1	-1	-1	-1	6	2006	1
NS24422J	1	1	1	-1	-1	-1	11	2007	1
NS24428Q	1	5	-1	1	3	-1	9	2011	6
NS24428Q	2	1	2	-1	-1	-1	5	2008	2
NS24431C	1	1	2	-1	-1	-1	9	2014	2
NS24431C	2	1	1	-1	-1	-1	1	2014	1
NS24431C	3	5	-1	1	3	-1	9	2010	6
NS24431C	4	5	-1	1	2	-1	9	2006	6
NS24433E	1	10	-1	-1	-1	-1	10	2013	14
NS24433E	2	1	1	-1	-1	-1	9	2012	1
NS24433E	3	5	-1	1	3	-1	9	2009	6
NS24434F	1	1	1	-1	-1	-1	10	2010	1
NS24434F	2	1	2	-1	-1	-1	8	2009	2
NS24437J	1	1	1	-1	-1	-1	9	2012	1
NS24437J	2	5	-1	1	3	-1	9	2011	6
NS24437J	3	5	-1	1	3	-1	9	2008	6
NS24439L	1	5	-1	1	3	-1	9	2013	6
NS24439L	2	1	1	-1	-1	-1	8	2012	1
NS24439L	3	5	-1	1	3	-1	9	2008	6
NS24441X	1	1	1	-1	-1	-1	6	2008	1
NS24443Z	1	4	-1	-1	-1	-1	7	2011	5
NS24443Z	2	2	1	-1	-1	-1	4	2006	3
NS24445B	1	1	1	-1	-1	-1	9	2012	1
NS24445B	2	3	2	-1	-1	-1	7	2011	11
NS24445B	3	5	-1	1	3	-1	10	2008	6
NS24445B	4	5	-1	1	2	-1	9	2006	6
NS24446C	1	1	1	-1	-1	-1	10	2009	1
NS24446C	2	1	1	-1	-1	-1	1	2008	1
NS24449F	1	1	2	-1	-1	-1	7	2006	2
NS24450Q	1	1	2	-1	-1	-1	5	2015	2
NS24450Q	2	1	1	-1	-1	-1	7	2013	1
NS24450Q	3	5	-1	1	3	-1	9	2010	6
NS24450Q	4	1	1	-1	-1	-1	11	2008	1
NS24451R	1	1	1	-1	-1	-1	3	2011	1
NS24451R	2	1	1	-1	-1	-1	2	2010	1
NS24453T	1	1	1	-1	-1	-1	8	2010	1
NS24460K	1	1	1	-1	-1	-1	1	2011	1
NS24460K	2	5	-1	1	3	-1	10	2008	6
NS24461L	1	1	1	-1	-1	-1	2	2014	1
NS24461L	2	1	1	-1	-1	-1	8	2013	1
NS24461L	3	5	-1	1	3	-1	9	2008	6
NS24463N	1	5	-1	1	3	-1	9	2009	6
NS24465Q	1	5	-1	1	3	-1	9	2008	6
NS24466R	1	1	2	-1	-1	-1	7	2013	2
NS24466R	2	4	-1	-1	-1	-1	3	2013	5
NS24466R	3	1	1	-1	-1	-1	12	2012	1
NS24466R	4	1	1	-1	-1	-1	7	2012	1
NS24466R	5	4	-1	-1	-1	-1	5	2012	5
NS24466R	6	5	-1	1	3	-1	9	2008	6
NS24467S	1	5	-1	1	3	-1	9	2008	6
NS24468T	1	5	-1	2	3	-1	9	2012	7
NS24468T	2	5	-1	1	3	-1	9	2009	6
NS24475K	1	5	-1	1	3	-1	9	2012	6
NS24475K	2	1	2	-1	-1	-1	9	2012	2
NS24475K	3	5	-1	1	3	-1	9	2008	6
NS24478N	1	1	1	-1	-1	-1	5	2015	1
NS24478N	2	1	1	-1	-1	-1	11	2012	1
NS24478N	3	5	-1	1	3	-1	9	2009	6
NS24480Z	1	1	1	-1	-1	-1	9	2013	1
NS24480Z	2	1	2	-1	-1	-1	5	2013	2
NS24480Z	3	1	2	-1	-1	-1	5	2009	2
NS24482B	1	1	1	-1	-1	-1	2	2009	1
NS24482B	2	1	1	-1	-1	-1	5	2008	1
NS24482B	3	6	1	-1	-1	-1	9	2006	12
NS24483C	1	1	1	-1	-1	-1	9	2011	1
NS24483C	2	4	-1	-1	-1	-1	7	2011	5
NS24483C	3	5	-1	1	3	-1	9	2008	6
NS24491V	1	3	2	-1	-1	-1	9	2011	11
NS24491V	2	4	-1	-1	-1	-1	9	2009	5
NS24495Z	1	1	1	-1	-1	-1	2	2012	1
NS24495Z	2	1	2	-1	-1	-1	9	2011	2
NS24495Z	3	5	-1	1	3	-1	9	2008	6
NS24496A	1	5	-1	1	3	-1	10	2010	6
NS24496A	2	1	1	-1	-1	-1	10	2008	1
NS24497B	1	1	1	-1	-1	-1	5	2011	1
NS24497B	2	4	-1	-1	-1	-1	12	2010	5
NS24497B	3	1	2	-1	-1	-1	9	2010	2
NS24497B	4	1	1	-1	-1	-1	6	2010	1
NS24498C	1	1	1	-1	-1	-1	5	2006	1
NS24500V	1	5	-1	1	3	-1	9	2008	6
NS24500V	2	5	-1	1	2	-1	9	2006	6
NS24501W	1	5	-1	1	3	-1	9	2009	6
NS24501W	2	5	-1	1	2	-1	9	2006	6
NS24502X	1	1	1	-1	-1	-1	8	2007	1
NS24503Y	1	5	-1	1	3	-1	10	2010	6
NS24503Y	2	5	-1	1	2	-1	9	2008	6
NS24505A	1	9	-1	-1	-1	-1	9	2013	13
NS24505A	2	9	-1	-1	-1	-1	10	2010	13
NS24505A	3	1	1	-1	-1	-1	10	2007	1
NS24506B	1	4	-1	-1	-1	-1	1	2013	5
NS24506B	2	1	1	-1	-1	-1	3	2011	1
NS24506B	3	1	1	-1	-1	-1	7	2010	1
NS24506B	4	4	-1	-1	-1	-1	-8	2010	5
NS24506B	5	5	-1	1	2	-1	9	2006	6
NS24510P	1	1	1	-1	-1	-1	3	2013	1
NS24510P	2	1	1	-1	-1	-1	6	2011	1
NS24510P	3	5	-1	1	3	-1	9	2009	6
NS24513S	1	5	-1	1	2	-1	9	2006	6
NS24515V	1	9	-1	-1	-1	-1	9	2010	13
NS24515V	2	1	2	-1	-1	-1	2	2010	2
NS24517X	1	5	-1	1	3	-1	9	2008	6
NS24518Y	1	1	2	-1	-1	-1	12	2010	2
NS24518Y	2	1	1	-1	-1	-1	8	2008	1
NS24520J	1	1	1	-1	-1	-1	5	2013	1
NS24520J	2	1	2	-1	-1	-1	12	2012	2
NS24520J	3	5	-1	1	3	-1	9	2008	6
NS24521K	1	5	-1	1	3	-1	9	2007	6
NS24521K	2	5	-1	1	2	-1	9	2006	6
NS24522L	1	5	-1	1	3	-1	7	2008	6
NS24528S	1	1	1	-1	-1	-1	2	2013	1
NS24528S	2	5	-1	1	3	-1	9	2009	6
NS24533G	1	1	2	-1	-1	-1	5	2015	2
NS24533G	2	5	-1	1	3	-1	9	2011	6
NS24533G	3	5	-1	1	2	-1	9	2009	6
NS24533G	4	5	-1	1	2	-1	9	2008	6
NS24533G	5	5	-1	1	1	-1	9	1995	6
NS24541Z	1	1	1	-1	-1	-1	7	2007	1
NS24543B	1	1	1	-1	-1	-1	5	2006	1
NS24547F	1	3	2	-1	-1	-1	12	2013	11
NS24547F	2	5	-1	1	3	-1	9	2009	6
NS24549H	1	5	-1	1	3	-1	9	2009	6
NS24553W	1	1	1	-1	-1	-1	8	2011	1
NS24553W	2	5	-1	1	3	-1	10	2008	6
NS24559C	1	1	1	-1	-1	-1	12	2014	1
NS24559C	2	2	2	-1	-1	-1	9	2014	4
NS24559C	3	1	1	-1	-1	-1	1	2014	1
NS24559C	4	1	1	-1	-1	-1	11	2013	1
NS24559C	5	1	1	-1	-1	-1	6	2013	1
NS24559C	6	1	1	-1	-1	-1	-8	-8	1
NS24560M	1	4	-1	-1	-1	-1	1	2009	5
NS24562P	1	4	-1	-1	-1	-1	1	2012	5
NS24562P	2	5	-1	1	3	-1	9	2011	6
NS24562P	3	5	-1	1	3	-1	9	2008	6
NS24564R	1	5	-1	1	3	-1	9	2008	6
NS24565S	1	1	2	-1	-1	-1	12	2014	2
NS24565S	2	1	2	-1	-1	-1	3	2009	2
NS24566T	1	1	2	-1	-1	-1	6	2013	2
NS24566T	2	5	-1	2	3	-1	9	2012	7
NS24566T	3	5	-1	1	3	-1	10	2009	6
NS24568W	1	5	-1	1	4	-1	9	2012	6
NS24568W	2	1	1	-1	-1	-1	3	2012	1
NS24568W	3	3	1	-1	-1	-1	10	2011	11
NS24568W	4	10	-1	-1	-1	-1	7	2011	14
NS24568W	5	5	-1	1	3	-1	10	2008	6
NS24569X	1	5	-1	1	3	-1	9	2008	6
NS24570G	1	1	1	-1	-1	-1	8	2010	1
NS24570G	2	1	1	-1	-1	-1	2	2010	1
NS24571H	1	1	2	-1	-1	-1	12	2014	2
NS24571H	2	10	-1	-1	-1	-1	6	2012	14
NS24571H	3	5	-1	1	3	-1	9	2008	6
NS24579R	1	5	-1	1	3	-1	9	2011	6
NS24579R	2	1	1	-1	-1	-1	5	2008	1
NS24581C	1	4	-1	-1	-1	-1	3	2015	5
NS24581C	2	1	1	-1	-1	-1	11	2014	1
NS24581C	3	4	-1	-1	-1	-1	1	2014	5
NS24581C	4	1	2	-1	-1	-1	6	2013	2
NS24581C	5	4	-1	-1	-1	-1	1	2013	5
NS24581C	6	6	1	-1	-1	-1	1	2010	12
NS24582D	1	1	1	-1	-1	-1	7	2013	1
NS24582D	2	1	1	-1	-1	-1	5	2013	1
NS24582D	3	1	1	-1	-1	-1	9	2012	1
NS24582D	4	5	-1	1	3	-1	9	2008	6
NS24583E	1	1	1	-1	-1	-1	3	2015	1
NS24583E	2	4	-1	-1	-1	-1	1	2015	5
NS24583E	3	5	-1	1	3	-1	9	2009	6
NS24585G	1	1	1	-1	-1	-1	1	2013	1
NS24585G	2	1	2	-1	-1	-1	4	2006	2
NS24587J	1	5	-1	1	3	-1	9	2009	6
NS24588K	1	1	1	-1	-1	-1	9	2012	1
NS24588K	2	1	2	-1	-1	-1	11	2007	2
NS24589L	1	1	1	-1	-1	-1	4	2014	1
NS24589L	2	5	-1	1	3	-1	10	2008	6
NS24590W	1	6	2	-1	-1	-1	2	2014	12
NS24590W	2	4	-1	-1	-1	-1	1	2010	5
NS24592Y	1	1	1	-1	-1	-1	7	2013	1
NS24592Y	2	5	-1	1	3	-1	7	2012	6
NS24592Y	3	5	-1	1	3	-1	9	2008	6
NS24593Z	1	5	-1	1	3	-1	9	2010	6
NS24593Z	2	1	1	-1	-1	-1	5	2009	1
NS24594A	1	1	1	-1	-1	-1	11	2014	1
NS24594A	2	1	1	-1	-1	-1	7	2012	1
NS24594A	3	4	-1	-1	-1	-1	11	2011	5
NS24594A	4	5	-1	1	3	-1	10	2008	6
NS24597D	1	1	1	-1	-1	-1	8	2013	1
NS24597D	2	1	2	-1	-1	-1	11	2012	2
NS24597D	3	1	1	-1	-1	-1	4	2012	1
NS24597D	4	10	-1	-1	-1	-1	9	2011	14
NS24597D	5	1	1	-1	-1	-1	7	2009	1
NS24601Y	1	1	1	-1	-1	-1	4	2012	1
NS24601Y	2	1	1	-1	-1	-1	11	2007	1
NS24604B	1	5	-1	1	3	-1	9	2014	6
NS24604B	2	2	2	-1	-1	-1	7	2012	4
NS24604B	3	5	-1	1	3	-1	9	2008	6
NS24607E	1	1	1	-1	-1	-1	10	2013	1
NS24607E	2	5	-1	1	3	-1	9	2009	6
NS24608F	1	5	-1	1	3	-1	9	2011	6
NS24608F	2	5	-1	1	2	-1	9	2010	6
NS24608F	3	5	-1	1	3	-1	9	2009	6
NS24608F	4	5	-1	1	2	-1	9	2007	6
NS24608F	5	5	-1	1	1	-1	9	2006	6
NS24609G	1	1	1	-1	-1	-1	9	2011	1
NS24609G	2	1	1	-1	-1	-1	9	2009	1
NS24612T	1	1	1	-1	-1	-1	7	2013	1
NS24612T	2	1	1	-1	-1	-1	1	2011	1
NS24612T	3	1	1	-1	-1	-1	11	2010	1
NS24612T	4	1	2	-1	-1	-1	11	2007	2
NS24613V	1	1	1	-1	-1	-1	1	2009	1
NS24620L	1	5	-1	1	3	-1	10	2013	6
NS24620L	2	1	2	-1	-1	-1	8	2013	2
NS24620L	3	2	1	-1	-1	-1	6	2013	3
NS24620L	4	4	-1	-1	-1	-1	1	2013	5
NS24620L	5	1	1	-1	-1	-1	4	2012	1
NS24620L	6	5	-1	1	3	-1	9	2009	6
NS24623P	1	1	1	-1	-1	-1	1	2016	1
NS24623P	2	10	-1	-1	-1	-1	7	2014	14
NS24623P	3	5	-1	1	3	-1	9	2009	6
NS24623P	4	5	-1	1	2	-1	9	2006	6
NS24624Q	1	1	1	-1	-1	-1	3	2009	1
NS24626S	1	3	1	-1	-1	-1	1	2015	11
NS24626S	2	1	2	-1	-1	-1	6	2013	2
NS24626S	3	3	1	-1	-1	-1	12	2012	11
NS24626S	4	1	2	-1	-1	-1	1	2010	2
NS24627T	1	5	-1	1	3	-1	9	2008	6
NS24628V	1	1	1	-1	-1	-1	12	2015	1
NS24628V	2	4	-1	-1	-1	-1	4	2015	5
NS24628V	3	1	1	-1	-1	-1	4	2015	1
NS24628V	4	1	1	-1	-1	-1	5	2014	1
NS24628V	5	1	1	-1	-1	-1	5	2014	1
NS24628V	6	-8	-1	-1	-1	-1	-8	-8	-8
NS24629W	1	1	1	-1	-1	-1	8	2014	1
NS24629W	2	1	1	-1	-1	-1	1	2013	1
NS24629W	3	5	-1	1	3	-1	9	2010	6
NS24629W	4	5	-1	1	3	-1	9	2008	6
NS24632H	1	4	-1	-1	-1	-1	8	2015	5
NS24632H	2	1	1	-1	-1	-1	9	2014	1
NS24632H	3	4	-1	-1	-1	-1	7	2014	5
NS24632H	4	5	-1	1	3	-1	9	2010	6
NS24632H	5	5	-1	1	2	-1	9	2008	6
NS24634K	1	1	1	-1	-1	-1	3	2008	1
NS24636M	1	5	-1	2	2	-1	2	2012	7
NS24636M	2	1	2	-1	-1	-1	8	2011	2
NS24636M	3	1	1	-1	-1	-1	6	2008	1
NS24637N	1	1	1	-1	-1	-1	10	2014	1
NS24637N	2	1	1	-1	-1	-1	9	2012	1
NS24637N	3	5	-1	1	3	-1	9	2008	6
NS24647H	1	4	-1	-1	-1	-1	9	2013	5
NS24647H	2	5	-1	1	3	-1	9	2009	6
NS24652X	1	1	1	-1	-1	-1	1	2012	1
NS24652X	2	4	-1	-1	-1	-1	7	2011	5
NS24652X	3	5	-1	1	3	-1	10	2008	6
NS24655A	1	5	-1	1	3	-1	9	2008	6
NS24656B	1	1	1	-1	-1	-1	12	2011	1
NS24656B	2	1	2	-1	-1	-1	7	2011	2
NS24656B	3	5	-1	1	3	-1	9	2008	6
NS24658D	1	1	1	-1	-1	-1	6	2011	1
NS24658D	2	5	-1	1	3	-1	9	2009	6
NS24664T	1	1	1	-1	-1	-1	6	2011	1
NS24664T	2	4	-1	-1	-1	-1	6	2010	5
NS24664T	3	1	1	-1	-1	-1	3	2008	1
NS24667X	1	1	1	-1	-1	-1	7	2008	1
NS24668Y	1	1	1	-1	-1	-1	6	2014	1
NS24668Y	2	1	1	-1	-1	-1	12	2012	1
NS24668Y	3	1	2	-1	-1	-1	9	2007	2
NS24669Z	1	1	1	-1	-1	-1	9	2014	1
NS24669Z	2	1	1	-1	-1	-1	9	2009	1
NS24671K	1	5	-1	1	3	-1	9	2012	6
NS24671K	2	1	2	-1	-1	-1	5	2007	2
NS24673M	1	1	1	-1	-1	-1	2	2005	1
NS24675P	1	1	2	-1	-1	-1	4	2011	2
NS24675P	2	1	1	-1	-1	-1	9	2008	1
NS24675P	3	5	-1	1	2	-1	9	2006	6
NS24683G	1	5	-1	1	3	-1	9	2011	6
NS24683G	2	1	1	-1	-1	-1	8	2009	1
NS24683G	3	10	-1	-1	-1	-1	12	2008	14
NS24683G	4	1	1	-1	-1	-1	7	2008	1
NS24683G	5	5	-1	1	2	-1	9	2006	6
NS24684H	1	1	1	-1	-1	-1	9	2013	1
NS24684H	2	1	1	-1	-1	-1	5	2008	1
NS24688M	1	5	-1	1	3	-1	9	2008	6
NS24689N	1	1	1	-1	-1	-1	8	2011	1
NS24689N	2	5	-1	1	3	-1	9	2008	6
NS24691Z	1	10	-1	-1	-1	-1	-9	1990	14
NS24695D	1	1	1	-1	-1	-1	9	2011	1
NS24695D	2	5	-1	1	3	-1	9	2008	6
NS24698G	1	4	-1	-1	-1	-1	11	2014	5
NS24698G	2	1	1	-1	-1	-1	2	2014	1
NS24698G	3	4	-1	-1	-1	-1	12	2013	5
NS24698G	4	1	2	-1	-1	-1	10	2013	2
NS24698G	5	4	-1	-1	-1	-1	5	2007	5
NS24700Z	1	1	1	-1	-1	-1	4	2014	1
NS24700Z	2	4	-1	-1	-1	-1	1	2014	5
NS24700Z	3	1	1	-1	-1	-1	7	2008	1
NS24700Z	4	5	-1	1	2	-1	1	2007	6
NS24700Z	5	5	-1	1	1	-1	9	1994	6
NS24703C	1	1	1	-1	-1	-1	8	2014	1
NS24703C	2	1	1	-1	-1	-1	8	2013	1
NS24703C	3	5	-1	1	3	-1	9	2008	6
NS24706F	1	10	-1	-1	-1	-1	6	2014	14
NS24706F	2	4	-1	-1	-1	-1	2	2014	5
NS24706F	3	1	1	-1	-1	-1	9	2012	1
NS24706F	4	4	-1	-1	-1	-1	7	2012	5
NS24706F	5	5	-1	1	3	-1	10	2011	6
NS24706F	6	8	-1	-1	-1	2	6	2010	10
NS24706F	7	5	-1	1	3	-1	10	2008	6
NS24706F	8	5	-1	1	1	-1	9	2006	6
NS24712W	1	5	-1	1	3	-1	9	2011	6
NS24712W	2	5	-1	1	3	-1	9	2011	6
NS24712W	3	1	2	-1	-1	-1	9	2009	2
NS24716A	1	2	1	-1	-1	-1	9	2015	3
NS24716A	2	3	2	-1	-1	-1	5	2015	11
NS24716A	3	2	2	-1	-1	-1	7	2014	4
NS24716A	4	2	2	-1	-1	-1	9	2013	4
NS24716A	5	5	-1	1	3	-1	9	2009	6
NS24717B	1	5	-1	1	3	-1	9	2008	6
NS24717B	2	5	-1	1	2	-1	9	2006	6
NS24718C	1	1	1	-1	-1	-1	8	2014	1
NS24718C	2	5	-1	1	3	-1	9	2011	6
NS24718C	3	5	-1	1	3	-1	9	2008	6
NS24720N	1	4	-1	-1	-1	-1	5	2011	5
NS24720N	2	1	1	-1	-1	-1	11	2010	1
NS24720N	3	5	-1	1	2	-1	9	2008	6
NS24721P	1	4	-1	-1	-1	-1	6	2014	5
NS24721P	2	1	1	-1	-1	-1	9	2012	1
NS24721P	3	5	-1	1	3	-1	10	2009	6
NS24722Q	1	1	1	-1	-1	-1	5	2008	1
NS24725T	1	1	2	-1	-1	-1	8	2008	2
NS24726V	1	2	1	-1	-1	-1	3	2013	3
NS24726V	2	4	-1	-1	-1	-1	12	2011	5
NS24726V	3	5	-1	1	1	-1	3	2011	6
NS24726V	4	1	1	-1	-1	-1	8	2010	1
NS24726V	5	4	-1	-1	-1	-1	1	2010	5
NS24733L	1	1	1	-1	-1	-1	4	2011	1
NS24733L	2	1	1	-1	-1	-1	10	2009	1
NS24737Q	1	1	2	-1	-1	-1	11	2012	2
NS24737Q	2	4	-1	-1	-1	-1	12	2009	5
NS24739S	1	5	-1	1	3	-1	9	2008	6
NS24743F	1	1	1	-1	-1	-1	7	2012	1
NS24743F	2	1	2	-1	-1	-1	7	2007	2
NS24745H	1	5	-1	1	3	-1	9	2008	6
NS24746J	1	1	2	-1	-1	-1	11	2007	2
NS24749M	1	9	-1	-1	-1	-1	1	2013	13
NS24749M	2	5	-1	1	3	-1	1	2012	6
NS24749M	3	-8	-1	-1	-1	-1	-8	-8	-8
NS24750X	1	5	-1	1	2	-1	5	2005	6
NS24754B	1	5	-1	1	3	-1	9	2014	6
NS24754B	2	1	1	-1	-1	-1	11	2012	1
NS24754B	3	1	2	-1	-1	-1	7	2011	2
NS24754B	4	5	-1	1	3	-1	9	2008	6
NS24765X	1	4	-1	-1	-1	-1	7	2013	5
NS24765X	2	5	-1	1	3	-1	9	2008	6
NS24766Y	1	2	1	-1	-1	-1	3	2011	3
NS24766Y	2	2	1	-1	-1	-1	9	2007	3
NS24769B	1	1	1	-1	-1	-1	9	2011	1
NS24769B	2	5	-1	1	2	-1	9	2009	6
NS24769B	3	1	1	-1	-1	-1	7	2008	1
NS24773P	1	1	1	-1	-1	-1	9	2008	1
NS24775R	1	1	2	-1	-1	-1	6	2013	2
NS24775R	2	9	-1	-1	-1	-1	2	2012	13
NS24775R	3	5	-1	1	1	-1	9	2001	6
NS24782H	1	1	1	-1	-1	-1	11	2012	1
NS24782H	2	5	-1	1	3	-1	10	2009	6
NS24786M	1	5	-1	1	3	-1	9	2008	6
NS24787N	1	4	-1	-1	-1	-1	7	2011	5
NS24787N	2	-8	-1	-1	-1	-1	-8	-8	-8
NS24790A	1	1	1	-1	-1	-1	1	2011	1
NS24790A	2	5	-1	1	3	-1	10	2008	6
NS24795F	1	1	1	-1	-1	-1	7	2009	1
NS24796G	1	5	-1	1	3	-1	9	2008	6
NS24797H	1	5	-1	1	3	-1	9	2008	6
NS24799K	1	1	1	-1	-1	-1	2	2015	1
NS24799K	2	1	1	-1	-1	-1	9	2012	1
NS24799K	3	1	1	-1	-1	-1	8	2011	1
NS24799K	4	5	-1	1	3	-1	9	2008	6
NS24801C	1	4	-1	-1	-1	-1	6	2008	5
NS24801C	2	1	1	-1	-1	-1	4	2006	1
NS24806H	1	4	-1	-1	-1	-1	11	2012	5
NS24806H	2	9	-1	-1	-1	-1	3	2012	13
NS24806H	3	10	-1	-1	-1	-1	-9	-9	14
NS24807J	1	1	1	-1	-1	-1	8	2013	1
NS24807J	2	5	-1	1	3	-1	9	2009	6
NS24808K	1	1	1	-1	-1	-1	12	2010	1
NS24808K	2	5	-1	1	2	-1	9	2009	6
NS24811X	1	1	1	-1	-1	-1	8	2015	1
NS24811X	2	1	1	-1	-1	-1	3	2015	1
NS24811X	3	1	2	-1	-1	-1	1	2015	2
NS24811X	4	4	-1	-1	-1	-1	9	2014	5
NS24811X	5	1	1	-1	-1	-1	9	2012	1
NS24811X	6	4	-1	-1	-1	-1	6	2012	5
NS24811X	7	5	-1	1	3	-1	9	2009	6
NS24814A	1	5	-1	1	3	-1	9	2013	6
NS24814A	2	1	1	-1	-1	-1	2	2013	1
NS24814A	3	1	1	-1	-1	-1	7	2012	1
NS24814A	4	1	2	-1	-1	-1	11	2009	2
NS24815B	1	1	2	-1	-1	-1	5	2013	2
NS24815B	2	2	2	-1	-1	-1	5	2012	4
NS24815B	3	3	2	-1	-1	-1	5	2012	11
NS24815B	4	5	-1	1	3	-1	9	2009	6
NS24816C	1	4	-1	-1	-1	-1	-8	-8	5
NS24817D	1	1	2	-1	-1	-1	4	2010	2
NS24817D	2	1	2	-1	-1	-1	4	2000	2
NS24826X	1	3	2	-1	-1	-1	10	2014	11
NS24826X	2	5	-1	1	3	-1	9	2013	6
NS24826X	3	1	2	-1	-1	-1	6	2009	2
NS24827Y	1	1	1	-1	-1	-1	10	2009	1
NS24827Y	2	1	1	-1	-1	-1	10	2006	1
NS24828Z	1	1	1	-1	-1	-1	8	2012	1
NS24828Z	2	4	-1	-1	-1	-1	8	2011	5
NS24828Z	3	5	-1	1	3	-1	9	2008	6
NS24831L	1	1	1	-1	-1	-1	5	2013	1
NS24831L	2	1	1	-1	-1	-1	6	2011	1
NS24831L	3	5	-1	1	3	-1	9	2008	6
NS24833N	1	5	-1	1	3	-1	9	2012	6
NS24833N	2	5	-1	1	3	-1	9	2008	6
NS24834P	1	1	2	-1	-1	-1	12	2006	2
NS24837S	1	5	-1	1	3	-1	9	2009	6
NS24840E	1	1	1	-1	-1	-1	7	2014	1
NS24840E	2	5	-1	1	3	-1	10	2008	6
NS24841F	1	1	2	-1	-1	-1	10	2012	2
NS24841F	2	5	-1	1	3	-1	9	2009	6
NS24845K	1	5	-1	1	2	-1	1	2012	6
NS24845K	2	1	2	-1	-1	-1	12	2007	2
NS24847M	1	1	1	-1	-1	-1	1	2014	1
NS24847M	2	1	1	-1	-1	-1	4	2013	1
NS24847M	3	1	1	-1	-1	-1	4	2010	1
NS24847M	4	1	1	-1	-1	-1	3	2009	1
NS24847M	5	1	1	-1	-1	-1	7	2008	1
NS24848N	1	1	2	-1	-1	-1	4	2013	2
NS24848N	2	10	-1	-1	-1	-1	4	2013	14
NS24848N	3	9	-1	-1	-1	-1	6	2010	13
NS24849P	1	5	-1	1	3	-1	9	2010	6
NS24849P	2	5	-1	1	2	-1	9	2007	6
NS24849P	3	5	-1	1	1	-1	9	2001	6
NS24851A	1	1	1	-1	-1	-1	1	2014	1
NS24851A	2	5	-1	1	3	-1	9	2010	6
NS24851A	3	1	1	-1	-1	-1	5	2009	1
NS24853C	1	5	-1	1	3	-1	10	2008	6
NS24868C	1	1	2	-1	-1	-1	6	2010	2
NS24870N	1	1	2	-1	-1	-1	6	2010	2
NS24870N	2	5	-1	1	3	-1	9	2008	6
NS24871P	1	7	-1	-1	-1	-1	10	2014	8
NS24871P	2	5	-1	1	3	-1	9	2011	6
NS24871P	3	1	2	-1	-1	-1	9	2009	2
NS24871P	4	4	-1	-1	-1	-1	7	2008	5
NS24871P	5	5	-1	1	2	-1	9	2006	6
NS24874S	1	1	1	-1	-1	-1	8	2014	1
NS24874S	2	1	1	-1	-1	-1	8	2014	1
NS24874S	3	10	-1	-1	-1	-1	5	2013	14
NS24874S	4	5	-1	1	3	-1	9	2008	6
NS24874S	5	5	-1	1	1	-1	9	2003	6
NS24877W	1	8	-1	-1	-1	1	11	2015	9
NS24877W	2	1	1	-1	-1	-1	9	2015	1
NS24877W	3	4	-1	-1	-1	-1	7	2015	5
NS24877W	4	1	1	-1	-1	-1	9	2014	1
NS24877W	5	4	-1	-1	-1	-1	12	2012	5
NS24877W	6	1	1	-1	-1	-1	9	2007	1
NS24877W	7	5	-1	1	2	-1	2	2006	6
NS24879Y	1	1	1	-1	-1	-1	9	2014	1
NS24879Y	2	5	-1	1	3	-1	9	2013	6
NS24879Y	3	1	2	-1	-1	-1	8	2012	2
NS24879Y	4	10	-1	-1	-1	-1	8	2011	14
NS24879Y	5	5	-1	1	3	-1	9	2008	6
NS24880H	1	4	-1	-1	-1	-1	1	2015	5
NS24880H	2	1	1	-1	-1	-1	10	2012	1
NS24880H	3	1	2	-1	-1	-1	6	2012	2
NS24880H	4	5	-1	1	3	-1	9	2009	6
NS24882K	1	1	1	-1	-1	-1	11	2014	1
NS24882K	2	1	1	-1	-1	-1	9	2012	1
NS24882K	3	5	-1	1	3	-1	9	2009	6
NS24886P	1	1	1	-1	-1	-1	4	2014	1
NS24886P	2	1	1	-1	-1	-1	9	2011	1
NS24886P	3	1	1	-1	-1	-1	2	2011	1
NS24886P	4	1	1	-1	-1	-1	7	2010	1
NS24886P	5	1	1	-1	-1	-1	10	2009	1
NS24886P	6	1	1	-1	-1	-1	9	2006	1
NS24887Q	1	1	1	-1	-1	-1	2	2009	1
NS24888R	1	5	-1	1	3	-1	9	2008	6
NS24889S	1	10	-1	-1	-1	-1	9	2014	14
NS24889S	2	1	1	-1	-1	-1	9	2013	1
NS24889S	3	10	-1	-1	-1	-1	1	2013	14
NS24889S	4	1	1	-1	-1	-1	7	2012	1
NS24889S	5	1	1	-1	-1	-1	9	2011	1
NS24889S	6	5	-1	1	3	-1	9	2008	6
NS24890C	1	1	1	-1	-1	-1	7	2007	1
NS24891D	1	10	-1	-1	-1	-1	12	2013	14
NS24891D	2	1	2	-1	-1	-1	8	2013	2
NS24891D	3	5	-1	1	3	-1	9	2009	6
NS24895H	1	1	1	-1	-1	-1	4	2012	1
NS24895H	2	5	-1	1	3	-1	9	2009	6
NS24896J	1	1	1	-1	-1	-1	6	2013	1
NS24896J	2	5	-1	1	3	-1	9	2009	6
NS24896J	3	1	1	-1	-1	-1	1	2009	1
NS24896J	4	5	-1	1	2	-1	9	2006	6
NS24897K	1	5	-1	1	2	-1	6	2006	6
NS24899M	1	1	2	-1	-1	-1	7	2006	2
NS24902F	1	1	1	-1	-1	-1	1	2014	1
NS24902F	2	4	-1	-1	-1	-1	10	2013	5
NS24902F	3	1	1	-1	-1	-1	6	2013	1
NS24902F	4	5	-1	1	3	-1	9	2009	6
NS24903G	1	5	-1	1	2	-1	9	2014	6
NS24903G	2	1	1	-1	-1	-1	8	2008	1
NS24904H	1	1	2	-1	-1	-1	8	2011	2
NS24904H	2	1	1	-1	-1	-1	3	2010	1
NS24907L	1	1	2	-1	-1	-1	11	2010	2
NS24907L	2	1	2	-1	-1	-1	9	2009	2
NS24908M	1	1	2	-1	-1	-1	10	2012	2
NS24908M	2	3	2	-1	-1	-1	6	2010	11
NS24911Z	1	5	-1	1	3	-1	9	2009	6
NS24913B	1	6	1	-1	-1	-1	5	2013	12
NS24913B	2	5	-1	1	3	-1	9	2008	6
NS24913B	3	5	-1	1	2	-1	9	2006	6
NS24914C	1	1	1	-1	-1	-1	11	2012	1
NS24914C	2	1	1	-1	-1	-1	11	2012	1
NS24914C	3	10	-1	-1	-1	-1	9	2011	14
NS24914C	4	4	-1	-1	-1	-1	-8	-8	5
NS24915D	1	6	1	-1	-1	-1	8	2006	12
NS24918G	1	1	1	-1	-1	-1	5	2007	1
NS24919H	1	5	-1	1	3	-1	9	2009	6
NS24920S	1	4	-1	-1	-1	-1	6	2010	5
NS24920S	2	5	-1	1	2	-1	9	2006	6
NS24921T	1	1	1	-1	-1	-1	8	2013	1
NS24921T	2	5	-1	1	3	-1	9	2008	6
NS24927A	1	1	1	-1	-1	-1	9	2013	1
NS24927A	2	1	1	-1	-1	-1	12	2012	1
NS24927A	3	5	-1	1	3	-1	9	2011	6
NS24927A	4	5	-1	1	3	-1	9	2008	6
NS24929C	1	1	1	-1	-1	-1	6	2013	1
NS24929C	2	5	-1	1	3	-1	9	2009	6
NS24929C	3	5	-1	1	2	-1	9	2006	6
NS24930M	1	1	1	-1	-1	-1	11	2008	1
NS24930M	2	1	1	-1	-1	-1	11	2007	1
NS24930M	3	1	1	-1	-1	-1	9	2007	1
NS24930M	4	1	1	-1	-1	-1	6	2007	1
NS24931N	1	5	-1	1	4	-1	9	2006	6
NS24936T	1	3	-9	-1	-1	-1	1	2015	11
NS24936T	2	4	-1	-1	-1	-1	9	2009	5
NS24936T	3	5	-1	1	1	-1	9	2006	6
NS24938W	1	1	1	-1	-1	-1	12	2012	1
NS24938W	2	5	-1	1	3	-1	9	2009	6
NS24940G	1	5	-1	1	2	-1	9	2006	6
NS24942J	1	1	1	-1	-1	-1	9	2014	1
NS24942J	2	1	1	-1	-1	-1	9	2014	1
NS24942J	3	1	1	-1	-1	-1	-8	-8	1
NS24943K	1	1	1	-1	-1	-1	9	2012	1
NS24943K	2	5	-1	1	3	-1	8	2009	6
NS24947P	1	9	-1	-1	-1	-1	10	2010	13
NS24947P	2	2	1	-1	-1	-1	9	2008	3
NS24951C	1	1	1	-1	-1	-1	7	2009	1
NS24951C	2	1	2	-1	-1	-1	10	2006	2
NS24953E	1	1	1	-1	-1	-1	1	2014	1
NS24953E	2	1	2	-1	-1	-1	7	2013	2
NS24953E	3	4	-1	-1	-1	-1	6	2013	5
NS24953E	4	5	-1	1	3	-1	9	2012	6
NS24953E	5	5	-1	1	3	-1	9	2009	6
NS24954F	1	1	2	-1	-1	-1	1	2009	2
NS24955G	1	1	2	-1	-1	-1	8	2010	2
NS24955G	2	5	-1	1	2	-1	9	2009	6
NS24956H	1	1	1	-1	-1	-1	2	2006	1
NS24961X	1	3	1	-1	-1	-1	9	2012	11
NS24961X	2	5	-1	1	3	-1	9	2009	6
NS24964A	1	5	-1	1	2	-1	9	2006	6
NS24968E	1	1	2	-1	-1	-1	1	2012	2
NS24968E	2	1	1	-1	-1	-1	9	2010	1
NS24968E	3	5	-1	1	3	-1	10	2009	6
NS24968E	4	1	1	-1	-1	-1	11	2008	1
NS24968E	5	4	-1	-1	-1	-1	7	2008	5
NS24973T	1	4	-1	-1	-1	-1	2	2015	5
NS24973T	2	1	1	-1	-1	-1	2	2013	1
NS24973T	3	4	-1	-1	-1	-1	7	2012	5
NS24973T	4	5	-1	1	3	-1	9	2008	6
NS24978Z	1	5	-1	1	3	-1	9	2008	6
NS24979A	1	1	1	-1	-1	-1	11	2006	1
NS24981L	1	1	1	-1	-1	-1	10	2012	1
NS24981L	2	5	-1	1	3	-1	9	2009	6
NS24981L	3	5	-1	1	1	-1	6	1994	6
NS24982M	1	5	-1	1	3	-1	9	2009	6
NS24982M	2	5	-1	1	2	-1	9	2006	6
NS24984P	1	1	1	-1	-1	-1	6	2012	1
NS24984P	2	5	-1	1	3	-1	9	2009	6
NS24987S	1	1	1	-1	-1	-1	7	2015	1
NS24987S	2	1	1	-1	-1	-1	5	2015	1
NS24987S	3	4	-1	-1	-1	-1	4	2015	5
NS24987S	4	1	1	-1	-1	-1	11	2014	1
NS24987S	5	1	1	-1	-1	-1	3	2013	1
NS24987S	6	5	-1	1	3	-1	9	2008	6
NS24988T	1	1	1	-1	-1	-1	8	2010	1
NS24988T	2	1	2	-1	-1	-1	7	2009	2
NS24992G	1	1	2	-1	-1	-1	1	2013	2
NS24992G	2	1	2	-1	-1	-1	5	2012	2
NS24992G	3	2	2	-1	-1	-1	6	2011	4
NS24992G	4	5	-1	1	3	-1	9	2010	6
NS24992G	5	5	-1	1	3	-1	9	2008	6
NS24993H	1	5	-1	1	1	-1	9	2009	6
NS24993H	2	1	2	-1	-1	-1	7	2007	2
NS24993H	3	5	-1	1	2	-1	9	2005	6
NS24995K	1	9	-1	-1	-1	-1	9	2011	13
NS24995K	2	1	2	-1	-1	-1	4	2007	2
NS24996L	1	1	1	-1	-1	-1	8	2013	1
NS24996L	2	5	-1	1	3	-1	9	2008	6
NS24997M	1	1	1	-1	-1	-1	6	2014	1
NS24997M	2	1	1	-1	-1	-1	5	2013	1
NS24997M	3	5	-1	1	3	-1	9	2009	6
NS24998N	1	1	1	-1	-1	-1	11	2014	1
NS24998N	2	1	1	-1	-1	-1	5	2013	1
NS24998N	3	5	-1	1	3	-1	9	2009	6
NS25004J	1	1	1	-1	-1	-1	8	2009	1
NS25004J	2	5	-1	1	3	-1	9	2008	6
NS25004J	3	5	-1	1	2	-1	9	2006	6
NS25006L	1	1	1	-1	-1	-1	-8	-8	1
NS25008N	1	1	1	-1	-1	-1	9	2013	1
NS25008N	2	5	-1	2	3	-1	9	2011	7
NS25008N	3	5	-1	1	3	-1	9	2008	6
NS25012B	1	10	-1	-1	-1	-1	10	2014	14
NS25012B	2	10	-1	-1	-1	-1	10	2013	14
NS25012B	3	2	1	-1	-1	-1	6	2010	3
NS25013C	1	6	1	-1	-1	-1	8	2012	12
NS25013C	2	4	-1	-1	-1	-1	11	2011	5
NS25013C	3	1	1	-1	-1	-1	8	2011	1
NS25013C	4	5	-1	1	3	-1	9	2008	6
NS25014D	1	1	1	-1	-1	-1	11	2012	1
NS25014D	2	4	-1	-1	-1	-1	6	2012	5
NS25014D	3	5	-1	1	3	-1	9	2008	6
NS25015E	1	5	-1	1	3	-1	9	2008	6
NS25016F	1	1	2	-1	-1	-1	11	2009	2
NS25017G	1	1	1	-1	-1	-1	11	2014	1
NS25017G	2	1	1	-1	-1	-1	7	2013	1
NS25017G	3	5	-1	1	3	-1	9	2012	6
NS25017G	4	5	-1	1	3	-1	9	2009	6
NS25020T	1	5	-1	1	3	-1	9	2008	6
NS25021V	1	3	2	-1	-1	-1	6	2010	11
NS25026A	1	5	-1	1	3	-1	-8	2008	6
NS25029D	1	1	2	-1	-1	-1	11	2012	2
NS25029D	2	10	-1	-1	-1	-1	6	2012	14
NS25029D	3	5	-1	1	3	-1	9	2009	6
NS25030N	1	5	-1	1	3	-1	9	2008	6
NS25033R	1	1	1	-1	-1	-1	10	2011	1
NS25033R	2	5	-1	1	3	-1	9	2008	6
NS25033R	3	5	-1	1	1	-1	9	2006	6
NS25037W	1	1	2	-1	-1	-1	9	2010	2
NS25037W	2	5	-1	2	2	-1	2	-8	7
NS25038X	1	4	-1	-1	-1	-1	9	2008	5
NS25039Y	1	1	1	-1	-1	-1	7	2011	1
NS25039Y	2	5	-1	1	3	-1	9	2008	6
NS25043L	1	1	1	-1	-1	-1	10	2015	1
NS25043L	2	1	1	-1	-1	-1	9	2013	1
NS25043L	3	1	1	-1	-1	-1	3	2013	1
NS25043L	4	4	-1	-1	-1	-1	9	2012	5
NS25043L	5	4	-1	-1	-1	-1	3	2012	5
NS25043L	6	1	1	-1	-1	-1	9	2011	1
NS25043L	7	2	1	-1	-1	-1	6	2007	3
NS25043L	8	4	-1	-1	-1	-1	7	2006	5
NS25044M	1	1	1	-1	-1	-1	11	2012	1
NS25044M	2	1	1	-1	-1	-1	7	2011	1
NS25044M	3	4	-1	-1	-1	-1	4	2010	5
NS25044M	4	4	-1	-1	-1	-1	1	2009	5
NS25044M	5	1	1	-1	-1	-1	3	2007	1
NS25044M	6	4	-1	-1	-1	-1	5	2005	5
NS25046P	1	1	1	-1	-1	-1	4	2011	1
NS25046P	2	5	-1	1	3	-1	9	2008	6
NS25047Q	1	1	1	-1	-1	-1	2	2012	1
NS25047Q	2	1	2	-1	-1	-1	10	2011	2
NS25047Q	3	1	1	-1	-1	-1	6	2007	1
NS25049S	1	1	1	-1	-1	-1	10	2015	1
NS25049S	2	1	1	-1	-1	-1	5	2013	1
NS25049S	3	1	1	-1	-1	-1	1	2010	1
NS25049S	4	3	1	-1	-1	-1	9	2009	11
NS25049S	5	7	-1	-1	-1	-1	3	2009	8
NS25049S	6	5	-1	2	2	-1	9	2008	7
NS25049S	7	5	-1	1	1	-1	9	2006	6
NS25053F	1	5	-1	1	3	-1	9	2008	6
NS25055H	1	1	1	-1	-1	-1	6	2009	1
NS25056J	1	1	1	-1	-1	-1	10	2011	1
NS25056J	2	1	1	-1	-1	-1	1	2010	1
NS25060X	1	5	-1	1	3	-1	9	2013	6
NS25060X	2	1	2	-1	-1	-1	9	2011	2
NS25060X	3	5	-1	1	3	-1	9	2008	6
NS25063A	1	1	1	-1	-1	-1	12	2012	1
NS25063A	2	2	1	-1	-1	-1	10	2012	3
NS25063A	3	1	1	-1	-1	-1	5	2012	1
NS25063A	4	5	-1	1	4	-1	1	2012	6
NS25063A	5	1	2	-1	-1	-1	9	2011	2
NS25063A	6	8	-1	-1	-1	1	8	2011	9
NS25063A	7	1	1	-1	-1	-1	4	2011	1
NS25063A	8	1	1	-1	-1	-1	1	2011	1
NS25063A	9	10	-1	-1	-1	-1	12	2009	14
NS25065C	1	5	-1	1	2	-1	9	2007	6
NS25069G	1	1	1	-1	-1	-1	1	2014	1
NS25069G	2	5	-1	1	3	-1	9	2008	6
NS25072T	1	5	-1	1	3	-1	9	2011	6
NS25072T	2	5	-1	1	2	-1	9	2009	6
NS25074W	1	1	2	-1	-1	-1	9	2011	2
NS25074W	2	10	-1	-1	-1	-1	7	2011	14
NS25074W	3	5	-1	1	3	-1	9	2008	6
NS25074W	4	5	-1	1	1	-1	9	2006	6
NS25075X	1	1	1	-1	-1	-1	8	2014	1
NS25075X	2	1	1	-1	-1	-1	5	2012	1
NS25075X	3	1	1	-1	-1	-1	5	2009	1
NS25078A	1	1	1	-1	-1	-1	10	2011	1
NS25078A	2	5	-1	1	3	-1	9	2008	6
NS25079B	1	1	1	-1	-1	-1	2	2011	1
NS25079B	2	1	1	-1	-1	-1	9	2006	1
NS25084Q	1	1	2	-1	-1	-1	-8	-8	2
NS25085R	1	1	1	-1	-1	-1	9	2012	1
NS25085R	2	5	-1	1	3	-1	10	2008	6
NS25086S	1	1	1	-1	-1	-1	5	2011	1
NS25086S	2	5	-1	1	3	-1	9	2008	6
NS25087T	1	1	1	-1	-1	-1	8	2014	1
NS25087T	2	1	1	-1	-1	-1	9	2012	1
NS25087T	3	5	-1	1	3	-1	9	2009	6
NS25087T	4	5	-1	1	3	-1	8	2008	6
NS25087T	5	5	-1	1	1	-1	9	1995	6
NS25089W	1	1	1	-1	-1	-1	11	2012	1
NS25089W	2	1	1	-1	-1	-1	10	2011	1
NS25089W	3	1	2	-1	-1	-1	10	2009	2
NS25090F	1	1	1	-1	-1	-1	4	2014	1
NS25090F	2	1	2	-1	-1	-1	7	2013	2
NS25090F	3	5	-1	1	3	-1	9	2009	6
NS25094K	1	1	1	-1	-1	-1	2	2012	1
NS25094K	2	1	1	-1	-1	-1	4	2011	1
NS25094K	3	5	-1	1	3	-1	9	2008	6
NS25103K	1	1	1	-1	-1	-1	5	2011	1
NS25103K	2	1	1	-1	-1	-1	12	2009	1
NS25103K	3	1	1	-1	-1	-1	5	2007	1
NS25107P	1	1	2	-1	-1	-1	9	2013	2
NS25107P	2	4	-1	-1	-1	-1	6	2013	5
NS25107P	3	5	-1	1	3	-1	9	2010	6
NS25107P	4	1	2	-1	-1	-1	9	2009	2
NS25111C	1	1	1	-1	-1	-1	1	2013	1
NS25111C	2	1	1	-1	-1	-1	6	2012	1
NS25111C	3	1	2	-1	-1	-1	9	2011	2
NS25111C	4	3	1	-1	-1	-1	6	2011	11
NS25111C	5	3	2	-1	-1	-1	4	2011	11
NS25111C	6	5	-1	1	3	-1	10	2008	6
NS25113E	1	1	1	-1	-1	-1	3	2012	1
NS25113E	2	5	-1	1	2	-1	9	2010	6
NS25113E	3	5	-1	1	2	-1	9	2006	6
NS25114F	1	1	1	-1	-1	-1	7	2009	1
NS25114F	2	1	2	-1	-1	-1	7	2007	2
NS25116H	1	5	-1	1	3	-1	10	2010	6
NS25116H	2	1	2	-1	-1	-1	9	2008	2
NS25118K	1	5	-1	1	3	-1	9	2010	6
NS25118K	2	5	-1	1	2	-1	9	2006	6
NS25122Y	1	1	1	-1	-1	-1	9	2011	1
NS25122Y	2	5	-1	1	3	-1	10	2008	6
NS25126C	1	1	1	-1	-1	-1	6	2010	1
NS25129F	1	3	2	-1	-1	-1	12	2011	11
NS25129F	2	4	-1	-1	-1	-1	6	2011	5
NS25129F	3	5	-1	1	3	-1	9	2008	6
NS25131R	1	5	-1	1	3	-1	9	2010	6
NS25131R	2	1	2	-1	-1	-1	4	2010	2
NS25132S	1	1	1	-1	-1	-1	6	2006	1
NS25137Y	1	5	-1	1	3	-1	9	2009	6
NS25139A	1	2	2	-1	-1	-1	5	2016	4
NS25139A	2	1	1	-1	-1	-1	5	2011	1
NS25139A	3	1	1	-1	-1	-1	5	2000	1
NS25141L	1	1	2	-1	-1	-1	9	2011	2
NS25141L	2	5	-1	1	2	-1	9	2009	6
NS25141L	4	5	-1	1	2	-1	9	2008	6
NS25142M	1	5	-1	1	3	-1	9	2009	6
NS25142M	2	5	-1	2	2	-1	9	2006	7
NS25144P	1	1	1	-1	-1	-1	6	2015	1
NS25144P	2	5	-1	1	3	-1	9	2009	6
NS25145Q	1	1	2	-1	-1	-1	6	2014	2
NS25145Q	2	1	1	-1	-1	-1	9	2011	1
NS25145Q	3	5	-1	1	3	-1	9	2008	6
NS25148T	1	1	1	-1	-1	-1	9	2009	1
NS25149V	1	1	1	-1	-1	-1	10	2014	1
NS25149V	2	5	-1	1	3	-1	9	2012	6
NS25149V	3	5	-1	1	3	-1	9	2009	6
NS25149V	4	10	-1	-1	-1	-1	5	2009	14
NS25149V	5	1	1	-1	-1	-1	7	2008	1
NS25149V	6	5	-1	1	2	-1	9	2006	6
NS25150E	1	5	-1	2	4	-1	12	2013	7
NS25150E	2	1	1	-1	-1	-1	6	2013	1
NS25150E	3	1	1	-1	-1	-1	8	2012	1
NS25150E	4	10	-1	-1	-1	-1	6	2012	14
NS25150E	5	1	1	-1	-1	-1	9	2011	1
NS25150E	6	1	1	-1	-1	-1	7	2011	1
NS25150E	7	5	-1	1	3	-1	9	2008	6
NS25151F	1	1	1	-1	-1	-1	11	2010	1
NS25151F	2	1	2	-1	-1	-1	6	2009	2
NS25151F	3	1	2	-1	-1	-1	9	2008	2
NS25151F	4	5	-1	1	2	-1	9	2007	6
NS25151F	5	5	-1	1	1	-1	9	2001	6
NS25152G	1	1	1	-1	-1	-1	9	2007	1
NS25152G	2	6	1	-1	-1	-1	1	2007	12
NS25152G	3	5	-1	1	2	-1	9	2006	6
NS25153H	1	1	1	-1	-1	-1	8	2009	1
NS25156L	1	5	-1	1	3	-1	9	2008	6
NS25157M	1	1	1	-1	-1	-1	8	2015	1
NS25157M	2	10	-1	-1	-1	-1	1	2013	14
NS25157M	3	1	2	-1	-1	-1	1	2012	2
NS25157M	4	10	-1	-1	-1	-1	9	2010	14
NS25157M	5	5	-1	1	3	-1	1	2009	6
NS25160Z	1	1	1	-1	-1	-1	10	2011	1
NS25160Z	2	5	-1	1	3	-1	9	2008	6
NS25163C	1	1	1	-1	-1	-1	7	2007	1
NS25165E	1	5	-1	1	3	-1	10	2008	6
NS25168H	1	1	1	-1	-1	-1	1	2013	1
NS25168H	2	4	-1	-1	-1	-1	8	2012	5
NS25168H	3	5	-1	1	3	-1	10	2008	6
NS25169J	1	10	-1	-1	-1	-1	7	2011	14
NS25169J	2	5	-1	1	3	-1	9	2008	6
NS25170T	1	1	1	-1	-1	-1	8	2012	1
NS25170T	2	5	-1	1	3	-1	9	2008	6
NS25172W	1	4	-1	-1	-1	-1	3	2015	5
NS25172W	2	1	1	-1	-1	-1	9	2012	1
NS25172W	3	4	-1	-1	-1	-1	7	2012	5
NS25172W	4	5	-1	1	3	-1	9	2011	6
NS25172W	5	8	-1	-1	-1	2	8	2010	10
NS25172W	6	1	1	-1	-1	-1	6	2010	1
NS25173X	1	5	-1	1	3	-1	9	2013	6
NS25173X	2	1	1	-1	-1	-1	4	2012	1
NS25173X	3	3	1	-1	-1	-1	1	2012	11
NS25173X	4	1	2	-1	-1	-1	8	2011	2
NS25173X	5	5	-1	1	3	-1	9	2008	6
NS25175Z	1	5	-1	1	3	-1	9	2009	6
NS25177B	1	3	2	-1	-1	-1	3	2007	11
NS25178C	1	1	1	-1	-1	-1	1	2008	1
NS25178C	2	5	-1	1	4	-1	9	2007	6
NS25178C	3	4	-1	-1	-1	-1	1	2007	5
NS25178C	4	9	-1	-1	-1	-1	6	2006	13
NS25183R	1	4	-1	-1	-1	-1	3	2012	5
NS25183R	2	1	1	-1	-1	-1	8	2011	1
NS25183R	3	1	1	-1	-1	-1	1	2008	1
NS25186V	1	10	-1	-1	-1	-1	5	2014	14
NS25186V	2	1	1	-1	-1	-1	10	2013	1
NS25186V	3	1	2	-1	-1	-1	6	2012	2
NS25186V	4	5	-1	1	3	-1	9	2009	6
NS25187W	1	5	-1	1	3	-1	9	2012	6
NS25187W	2	5	-1	1	3	-1	9	2008	6
NS25189Y	1	1	1	-1	-1	-1	10	2012	1
NS25189Y	2	5	-1	1	3	-1	9	2009	6
NS25190H	1	1	1	-1	-1	-1	6	2013	1
NS25190H	2	1	2	-1	-1	-1	10	2012	2
NS25190H	3	10	-1	-1	-1	-1	11	2011	14
NS25190H	4	1	1	-1	-1	-1	5	2008	1
NS25192K	1	1	1	-1	-1	-1	7	2014	1
NS25192K	2	3	1	-1	-1	-1	5	2014	11
NS25192K	3	1	2	-1	-1	-1	2	2014	2
NS25192K	4	4	-1	-1	-1	-1	11	2013	5
NS25192K	5	1	1	-1	-1	-1	7	2013	1
NS25192K	6	5	-1	1	3	-1	9	2012	6
NS25192K	7	1	1	-1	-1	-1	3	2012	1
NS25192K	8	4	-1	-1	-1	-1	12	2011	5
NS25192K	9	3	2	-1	-1	-1	10	2011	11
NS25192K	10	4	-1	-1	-1	-1	7	2011	5
NS25192K	11	5	-1	1	3	-1	9	2008	6
NS25193L	1	1	2	-1	-1	-1	11	2010	2
NS25193L	2	1	2	-1	-1	-1	5	2009	2
NS25200J	1	1	1	-1	-1	-1	4	2013	1
NS25200J	2	1	2	-1	-1	-1	10	2012	2
NS25200J	3	5	-1	1	3	-1	9	2009	6
NS25201K	1	1	2	-1	-1	-1	10	2013	2
NS25201K	2	1	1	-1	-1	-1	4	2011	1
NS25201K	3	5	-1	1	3	-1	9	2008	6
NS25202L	1	4	-1	-1	-1	-1	8	2012	5
NS25202L	2	1	1	-1	-1	-1	6	2012	1
NS25202L	3	5	-1	1	3	-1	9	2010	6
NS25205P	1	9	-1	-1	-1	-1	11	2008	13
NS25208S	1	1	1	-1	-1	-1	9	2008	1
NS25209T	1	5	-1	1	3	-1	9	2008	6
NS25210D	1	4	-1	-1	-1	-1	11	2015	5
NS25210D	2	1	1	-1	-1	-1	4	2012	1
NS25210D	3	5	-1	1	2	-1	9	2009	6
NS25211E	1	1	1	-1	-1	-1	11	2012	1
NS25211E	2	5	-1	1	2	-1	9	2010	6
NS25211E	3	4	-1	-1	-1	-1	-8	-8	5
NS25214H	1	1	1	-1	-1	-1	8	2012	1
NS25214H	2	5	-1	1	3	-1	10	2008	6
NS25215J	1	5	-1	1	3	-1	9	2008	6
NS25217L	1	1	1	-1	-1	-1	7	2015	1
NS25217L	2	5	-1	1	3	-1	9	2014	6
NS25217L	3	1	1	-1	-1	-1	10	2012	1
NS25217L	4	5	-1	1	3	-1	9	2009	6
NS25218M	1	1	1	-1	-1	-1	8	2011	1
NS25218M	2	1	2	-1	-1	-1	6	2006	2
NS25219N	1	1	1	-1	-1	-1	9	2008	1
NS25220Y	1	4	-1	-1	-1	-1	8	2015	5
NS25220Y	2	1	1	-1	-1	-1	8	2010	1
NS25220Y	3	1	2	-1	-1	-1	-8	2008	2
NS25220Y	4	4	-1	-1	-1	-1	-8	2006	5
NS25222A	1	1	2	-1	-1	-1	11	2015	2
NS25222A	2	1	1	-1	-1	-1	10	2014	1
NS25222A	3	1	1	-1	-1	-1	8	2012	1
NS25222A	4	1	1	-1	-1	-1	12	2009	1
NS25222A	5	4	-1	-1	-1	-1	1	2009	5
NS25223B	1	5	-1	1	3	-1	9	2008	6
NS25224C	1	1	1	-1	-1	-1	11	2014	1
NS25224C	2	1	1	-1	-1	-1	11	2013	1
NS25224C	3	3	2	-1	-1	-1	4	2013	11
NS25224C	4	4	-1	-1	-1	-1	5	2012	5
NS25224C	5	5	-1	1	3	-1	9	2009	6
NS25225D	1	1	1	-1	-1	-1	12	2011	1
NS25225D	2	1	1	-1	-1	-1	9	2006	1
NS25226E	1	5	-1	1	3	-1	9	2008	6
NS25228G	1	5	-1	1	3	-1	9	2012	6
NS25228G	2	5	-1	1	3	-1	9	2008	6
NS25229H	1	5	-1	1	3	-1	9	2009	6
NS25231T	1	1	1	-1	-1	-1	8	2014	1
NS25231T	2	1	1	-1	-1	-1	8	2013	1
NS25231T	3	5	-1	1	3	-1	9	2008	6
NS25232V	1	1	1	-1	-1	-1	4	2012	1
NS25232V	2	1	1	-1	-1	-1	9	2011	1
NS25232V	3	5	-1	1	3	-1	9	2009	6
NS25235Y	1	1	1	-1	-1	-1	9	2011	1
NS25235Y	2	5	-1	1	1	-1	9	2001	6
NS25240M	1	5	-1	1	3	-1	9	2009	6
NS25240M	2	4	-1	-1	-1	-1	6	2009	5
NS25240M	3	1	1	-1	-1	-1	9	2008	1
NS25240M	4	4	-1	-1	-1	-1	7	2008	5
NS25240M	5	5	-1	1	1	-1	9	2003	6
NS25241N	1	1	1	-1	-1	-1	1	2016	1
NS25241N	2	9	-1	-1	-1	-1	5	2014	13
NS25241N	3	1	1	-1	-1	-1	2	2012	1
NS25241N	4	7	-1	-1	-1	-1	9	2006	8
NS25242P	1	1	2	-1	-1	-1	10	2012	2
NS25242P	2	4	-1	-1	-1	-1	2	2009	5
NS25244R	1	1	1	-1	-1	-1	8	2013	1
NS25244R	2	1	1	-1	-1	-1	5	2013	1
NS25244R	3	1	1	-1	-1	-1	2	2013	1
NS25244R	4	5	-1	1	3	-1	10	2008	6
NS25245S	1	9	-1	-1	-1	-1	6	2014	13
NS25245S	2	5	-1	2	2	-1	7	2006	7
NS25252J	1	1	2	-1	-1	-1	10	2007	2
NS25252J	2	5	-1	1	2	-1	9	2006	6
NS25255M	1	4	-1	-1	-1	-1	7	2013	5
NS25255M	2	5	-1	1	3	-1	9	2010	6
NS25255M	3	1	1	-1	-1	-1	7	2010	1
NS25257P	1	9	-1	-1	-1	-1	-8	2014	13
NS25257P	2	4	-1	-1	-1	-1	-8	-8	5
NS25258Q	1	1	1	-1	-1	-1	11	2012	1
NS25258Q	2	4	-1	-1	-1	-1	5	2012	5
NS25258Q	3	2	2	-1	-1	-1	3	2012	4
NS25258Q	4	2	1	-1	-1	-1	2	2012	3
NS25258Q	5	7	-1	-1	-1	-1	1	2012	8
NS25258Q	6	4	-1	-1	-1	-1	1	2007	5
NS25261C	1	2	1	-1	-1	-1	2	2015	3
NS25261C	2	1	1	-1	-1	-1	3	2005	1
NS25263E	1	1	1	-1	-1	-1	6	2013	1
NS25263E	2	1	2	-1	-1	-1	3	2013	2
NS25263E	3	1	2	-1	-1	-1	9	2012	2
NS25263E	4	5	-1	1	3	-1	9	2009	6
NS25263E	5	1	2	-1	-1	-1	6	2009	2
NS25263E	6	5	-1	1	2	-1	9	2007	6
NS25272Y	1	6	1	-1	-1	-1	4	2013	12
NS25272Y	2	1	2	-1	-1	-1	11	2011	2
NS25272Y	3	1	2	-1	-1	-1	2	2011	2
NS25272Y	4	4	-1	-1	-1	-1	8	2010	5
NS25272Y	5	5	-1	1	2	-1	9	2007	6
NS25273Z	1	5	-1	1	3	-1	9	2008	6
NS25279F	1	1	1	-1	-1	-1	9	2013	1
NS25279F	2	1	1	-1	-1	-1	9	2012	1
NS25279F	3	5	-1	1	3	-1	9	2008	6
NS25285W	1	5	-1	1	3	-1	9	2011	6
NS25285W	2	5	-1	1	3	-1	9	2008	6
NS25288Z	1	1	1	-1	-1	-1	11	2013	1
NS25288Z	2	1	1	-1	-1	-1	7	2012	1
NS25288Z	3	5	-1	1	3	-1	9	2009	6
NS25289A	1	1	1	-1	-1	-1	9	2013	1
NS25289A	2	5	-1	1	3	-1	10	2009	6
NS25294P	1	4	-1	-1	-1	-1	-8	-8	5
NS25296R	1	1	1	-1	-1	-1	1	2011	1
NS25296R	2	5	-1	1	3	-1	1	2009	6
NS25296R	3	1	1	-1	-1	-1	5	2007	1
NS25297S	1	1	2	-1	-1	-1	3	2014	2
NS25297S	2	1	1	-1	-1	-1	10	2006	1
NS25300L	1	3	2	-1	-1	-1	12	2010	11
NS25300L	2	4	-1	-1	-1	-1	2	2010	5
NS25300L	3	1	1	-1	-1	-1	10	2009	1
NS25300L	4	4	-1	-1	-1	-1	7	2009	5
NS25300L	5	5	-1	1	2	-1	9	2006	6
NS25301M	1	5	-1	1	3	-1	9	2011	6
NS25301M	2	5	-1	1	2	-1	9	2009	6
NS25303P	1	1	1	-1	-1	-1	8	2014	1
NS25303P	2	1	1	-1	-1	-1	8	2013	1
NS25303P	3	5	-1	1	3	-1	9	2008	6
NS25303P	4	5	-1	1	2	-1	9	2006	6
NS25304Q	1	7	-1	-1	-1	-1	1	2011	8
NS25304Q	2	4	-1	-1	-1	-1	6	2009	5
NS25306S	1	4	-1	-1	-1	-1	6	2011	5
NS25306S	2	5	-1	1	3	-1	9	2008	6
NS25307T	1	1	1	-1	-1	-1	9	2012	1
NS25307T	2	5	-1	1	3	-1	9	2009	6
NS25308V	1	1	2	-1	-1	-1	6	2015	2
NS25308V	2	1	2	-1	-1	-1	-8	-8	2
NS25310F	1	5	-1	1	3	-1	9	2008	6
NS25311G	1	1	2	-1	-1	-1	5	2015	2
NS25311G	2	1	2	-1	-1	-1	6	2009	2
NS25311G	3	5	-1	1	3	-1	9	2008	6
NS25311G	4	5	-1	1	2	-1	9	2006	6
NS25314K	1	1	1	-1	-1	-1	7	2012	1
NS25314K	2	1	1	-1	-1	-1	2	2010	1
NS25316M	1	1	2	-1	-1	-1	10	2008	2
NS25317N	1	5	-1	1	3	-1	9	2009	6
NS25318P	1	1	1	-1	-1	-1	4	2014	1
NS25318P	2	1	1	-1	-1	-1	4	2012	1
NS25318P	3	1	1	-1	-1	-1	2	2012	1
NS25318P	4	1	1	-1	-1	-1	10	2011	1
NS25318P	5	1	1	-1	-1	-1	7	2011	1
NS25318P	6	5	-1	1	3	-1	9	2008	6
NS25319Q	1	1	2	-1	-1	-1	9	2008	2
NS25319Q	2	5	-1	1	1	-1	9	2006	6
NS25320A	1	1	1	-1	-1	-1	10	2006	1
NS25323D	1	5	-1	1	3	-1	9	2008	6
NS25324E	1	1	2	-1	-1	-1	9	2013	2
NS25324E	2	1	2	-1	-1	-1	11	2011	2
NS25324E	3	1	2	-1	-1	-1	5	2010	2
NS25326G	1	1	1	-1	-1	-1	8	2014	1
NS25326G	2	5	-1	1	3	-1	10	2008	6
NS25327H	1	1	1	-1	-1	-1	9	2014	1
NS25327H	2	5	-1	1	3	-1	9	2011	6
NS25327H	3	9	-1	-1	-1	-1	5	2009	13
NS25328J	1	1	1	-1	-1	-1	3	2012	1
NS25328J	2	1	1	-1	-1	-1	5	2011	1
NS25328J	3	1	1	-1	-1	-1	9	2007	1
NS25333Y	1	1	1	-1	-1	-1	7	2013	1
NS25333Y	2	5	-1	1	3	-1	9	2010	6
NS25333Y	3	1	2	-1	-1	-1	10	2009	2
NS25333Y	4	5	-1	1	2	-1	9	2006	6
NS25335A	1	4	-1	-1	-1	-1	5	2009	5
NS25338D	1	1	2	-1	-1	-1	2	2014	2
NS25338D	2	1	1	-1	-1	-1	4	2013	1
NS25338D	3	4	-1	-1	-1	-1	11	2012	5
NS25338D	4	1	1	-1	-1	-1	7	2012	1
NS25338D	5	4	-1	-1	-1	-1	4	2012	5
NS25338D	6	1	1	-1	-1	-1	9	2009	1
NS25342R	1	-9	-1	-1	-1	-1	-9	-9	-8
NS25343S	1	1	1	-1	-1	-1	9	2013	1
NS25343S	2	6	1	-1	-1	-1	9	2009	12
NS25344T	1	5	-1	1	3	-1	9	2008	6
NS25346W	1	1	1	-1	-1	-1	4	2012	1
NS25346W	2	1	2	-1	-1	-1	9	2011	2
NS25346W	3	4	-1	-1	-1	-1	6	2011	5
NS25346W	4	5	-1	1	3	-1	9	2008	6
NS25349Z	1	1	1	-1	-1	-1	2	2011	1
NS25349Z	2	6	1	-1	-1	-1	9	2007	12
NS25349Z	3	5	-1	1	2	-1	8	2006	6
NS25351K	1	5	-1	1	3	-1	9	2008	6
NS25364H	1	2	1	-1	-1	-1	5	2014	3
NS25364H	2	1	1	-1	-1	-1	1	2013	1
NS25364H	3	3	1	-1	-1	-1	7	2012	11
NS25364H	4	5	-1	1	3	-1	9	2009	6
NS25365J	1	1	1	-1	-1	-1	9	2012	1
NS25365J	2	5	-1	1	3	-1	9	2008	6
NS25365J	3	5	-1	1	2	-1	9	2006	6
NS25366K	1	5	-1	1	3	-1	9	2008	6
NS25367L	1	5	-1	1	3	-1	10	2009	6
NS25374C	1	1	1	-1	-1	-1	12	2013	1
NS25374C	2	5	-1	1	3	-1	9	2010	6
NS25374C	3	5	-1	1	2	-1	9	2008	6
NS25375D	1	1	1	-1	-1	-1	1	2013	1
NS25375D	2	1	1	-1	-1	-1	7	2011	1
NS25375D	3	5	-1	1	3	-1	9	2008	6
NS25380S	1	5	-1	1	3	-1	9	2008	6
NS25381T	1	1	2	-1	-1	-1	9	2011	2
NS25381T	2	1	2	-1	-1	-1	9	2011	2
NS25381T	3	5	-1	1	3	-1	9	2008	6
NS25382V	1	5	-1	1	2	-1	9	2007	6
NS25388B	1	2	2	-1	-1	-1	1	2014	4
NS25388B	2	1	1	-1	-1	-1	9	2013	1
NS25388B	3	1	2	-1	-1	-1	9	2011	2
NS25388B	4	5	-1	1	3	-1	9	2008	6
NS25390M	1	1	2	-1	-1	-1	2	2012	2
NS25390M	2	5	-1	1	3	-1	9	2009	6
NS25392P	1	1	1	-1	-1	-1	10	2012	1
NS25392P	2	1	2	-1	-1	-1	6	2012	2
NS25392P	3	1	2	-1	-1	-1	4	2012	2
NS25392P	4	3	1	-1	-1	-1	3	2012	11
NS25392P	5	4	-1	-1	-1	-1	7	2011	5
NS25392P	6	5	-1	1	3	-1	9	2008	6
NS25393Q	1	5	-1	1	3	-1	9	2011	6
NS25393Q	2	5	-1	1	2	-1	9	2006	6
NS25395S	1	5	-1	1	3	-1	9	2008	6
NS25397V	1	5	-1	1	3	-1	9	2009	6
NS25403R	1	5	-1	1	3	-1	10	2010	6
NS25403R	2	5	-1	1	1	-1	9	2008	6
NS25404S	1	4	-1	-1	-1	-1	2	2015	5
NS25404S	2	1	2	-1	-1	-1	8	2011	2
NS25404S	3	4	-1	-1	-1	-1	6	2011	5
NS25404S	4	5	-1	1	3	-1	9	2008	6
NS25409Y	1	2	1	-1	-1	-1	1	2012	3
NS25409Y	2	1	1	-1	-1	-1	5	2007	1
NS25410H	1	1	1	-1	-1	-1	10	2013	1
NS25410H	2	1	1	-1	-1	-1	2	2012	1
NS25410H	3	1	2	-1	-1	-1	7	2011	2
NS25410H	4	5	-1	1	3	-1	9	2008	6
NS25411J	1	1	1	-1	-1	-1	4	2013	1
NS25411J	2	1	2	-1	-1	-1	6	2008	2
NS25413L	1	4	-1	-1	-1	-1	3	2014	5
NS25413L	2	1	2	-1	-1	-1	9	2012	2
NS25413L	3	5	-1	1	3	-1	9	2009	6
NS25417Q	1	5	-1	1	3	-1	9	2009	6
NS25417Q	2	1	1	-1	-1	-1	8	2008	1
NS25417Q	3	5	-1	1	1	-1	8	2001	6
NS25420C	1	1	1	-1	-1	-1	6	2012	1
NS25420C	2	5	-1	1	3	-1	9	2009	6
NS25424G	1	1	1	-1	-1	-1	11	2009	1
NS25426J	1	1	2	-1	-1	-1	9	2010	2
NS25426J	2	5	-1	1	2	-1	9	2006	6
NS25431Y	1	1	1	-1	-1	-1	11	2009	1
NS25432Z	1	1	1	-1	-1	-1	6	2012	1
NS25432Z	2	1	1	-1	-1	-1	6	2012	1
NS25432Z	3	5	-1	1	3	-1	9	2008	6
NS25432Z	4	5	-1	1	4	-1	9	2006	6
NS25433A	1	1	1	-1	-1	-1	9	2011	1
NS25433A	2	10	-1	-1	-1	-1	4	2011	14
NS25433A	3	5	-1	1	3	-1	9	2008	6
NS25436D	1	1	1	-1	-1	-1	3	2014	1
NS25436D	2	1	1	-1	-1	-1	10	2013	1
NS25436D	3	3	2	-1	-1	-1	2	2013	11
NS25436D	4	1	2	-1	-1	-1	7	2009	2
NS25438F	1	5	-1	1	3	-1	9	2008	6
NS25439G	1	1	2	-1	-1	-1	11	2013	2
NS25439G	2	4	-1	-1	-1	-1	7	2013	5
NS25439G	3	7	-1	-1	-1	-1	5	2013	8
NS25439G	4	1	1	-1	-1	-1	1	2013	1
NS25439G	5	1	2	-1	-1	-1	10	2012	2
NS25439G	6	4	-1	-1	-1	-1	7	2012	5
NS25439G	7	5	-1	1	3	-1	9	2009	6
NS25451M	1	1	2	-1	-1	-1	11	2012	2
NS25451M	2	4	-1	-1	-1	-1	9	2012	5
NS25451M	3	1	1	-1	-1	-1	7	2012	1
NS25451M	4	4	-1	-1	-1	-1	4	2012	5
NS25451M	5	1	1	-1	-1	-1	2	2012	1
NS25451M	6	4	-1	-1	-1	-1	8	2011	5
NS25451M	7	5	-1	1	3	-1	9	2008	6
NS25457T	1	1	1	-1	-1	-1	3	2012	1
NS25457T	2	1	1	-1	-1	-1	1	2008	1
NS25458V	1	1	1	-1	-1	-1	9	2008	1
NS25462H	1	10	-1	-1	-1	-1	4	2015	14
NS25462H	2	1	1	-1	-1	-1	1	2015	1
NS25462H	3	10	-1	-1	-1	-1	11	2014	14
NS25462H	4	1	1	-1	-1	-1	5	2014	1
NS25462H	5	1	2	-1	-1	-1	11	2013	2
NS25462H	6	3	1	-1	-1	-1	8	2013	11
NS25462H	7	1	2	-1	-1	-1	7	2013	2
NS25462H	8	10	-1	-1	-1	-1	5	2013	14
NS25462H	9	1	1	-1	-1	-1	3	2013	1
NS25462H	10	1	2	-1	-1	-1	1	2013	2
NS25462H	11	1	2	-1	-1	-1	11	2012	2
NS25462H	12	1	1	-1	-1	-1	11	2011	1
NS25462H	13	3	2	-1	-1	-1	7	2011	11
NS25462H	14	5	-1	1	3	-1	9	2008	6
NS25463J	1	9	-1	-1	-1	-1	-8	2009	13
NS25464K	1	1	2	-1	-1	-1	2	2012	2
NS25464K	2	1	1	-1	-1	-1	6	2010	1
NS25476G	1	1	1	-1	-1	-1	3	2014	1
NS25476G	2	1	1	-1	-1	-1	10	2013	1
NS25476G	3	10	-1	-1	-1	-1	9	2012	14
NS25476G	4	1	1	-1	-1	-1	11	2011	1
NS25476G	5	10	-1	-1	-1	-1	9	2010	14
NS25476G	6	1	1	-1	-1	-1	9	2009	1
NS25477H	1	10	-1	-1	-1	-1	3	2012	14
NS25477H	2	5	-1	1	3	-1	9	2009	6
NS25481W	1	1	1	-1	-1	-1	9	2011	1
NS25481W	2	5	-1	1	3	-1	9	2008	6
NS25482X	1	9	-1	-1	-1	-1	5	2014	13
NS25482X	2	5	-1	1	3	-1	9	2011	6
NS25482X	3	1	1	-1	-1	-1	7	2010	1
NS25482X	4	5	-1	1	3	-1	9	2008	6
NS25482X	5	5	-1	1	2	-1	9	2006	6
NS25483Y	1	1	1	-1	-1	-1	7	2014	1
NS25483Y	2	3	2	-1	-1	-1	4	2014	11
NS25483Y	3	3	2	-1	-1	-1	1	2014	11
NS25483Y	4	1	1	-1	-1	-1	7	2013	1
NS25483Y	5	4	-1	-1	-1	-1	6	2013	5
NS25483Y	6	3	1	-1	-1	-1	1	2013	11
NS25483Y	7	4	-1	-1	-1	-1	7	2012	5
NS25483Y	8	5	-1	1	3	-1	9	2008	6
NS25486B	1	1	2	-1	-1	-1	7	2008	2
NS25488D	1	5	-1	1	3	-1	9	2008	6
NS25491Q	1	1	1	-1	-1	-1	9	2015	1
NS25491Q	2	4	-1	-1	-1	-1	2	2015	5
NS25491Q	3	1	1	-1	-1	-1	6	2014	1
NS25491Q	4	4	-1	-1	-1	-1	9	2012	5
NS25491Q	5	1	1	-1	-1	-1	9	2010	1
NS25491Q	6	5	-1	1	2	-1	10	2006	6
NS25496W	1	5	-1	1	3	-1	9	2008	6
NS25501R	1	1	1	-1	-1	-1	3	2013	1
NS25501R	2	2	1	-1	-1	-1	12	2012	3
NS25501R	3	4	-1	-1	-1	-1	6	2011	5
NS25501R	4	5	-1	1	3	-1	9	2008	6
NS25502S	1	1	2	-1	-1	-1	1	2014	2
NS25502S	2	3	2	-1	-1	-1	8	2013	11
NS25502S	3	4	-1	-1	-1	-1	4	2012	5
NS25502S	4	1	1	-1	-1	-1	10	2011	1
NS25502S	5	4	-1	-1	-1	-1	1	2007	5
NS25503T	1	5	-1	1	2	-1	9	2010	6
NS25503T	2	5	-1	1	1	-1	9	2007	6
NS25503T	3	5	-1	1	1	-1	9	2005	6
NS25503T	5	4	-1	-1	-1	-1	3	2009	5
NS25503T	6	4	-1	-1	-1	-1	5	2005	5
NS25514P	1	1	2	-1	-1	-1	6	2012	2
NS25514P	2	5	-1	1	3	-1	9	2008	6
NS25515Q	1	-8	-1	-1	-1	-1	-8	-8	-8
NS25517S	1	1	1	-1	-1	-1	6	2015	1
NS25517S	2	1	1	-1	-1	-1	1	2015	1
NS25517S	3	1	1	-1	-1	-1	5	2014	1
NS25517S	4	1	2	-1	-1	-1	5	2011	2
NS25517S	5	5	-1	1	3	-1	9	2009	6
NS25518T	1	5	-1	1	3	-1	9	2008	6
NS25524J	1	5	-1	1	3	-1	9	2009	6
NS25526L	1	1	1	-1	-1	-1	7	2014	1
NS25526L	2	1	2	-1	-1	-1	9	2013	2
NS25526L	3	5	-1	1	3	-1	9	2009	6
NS25530Z	1	1	1	-1	-1	-1	11	2013	1
NS25530Z	2	1	1	-1	-1	-1	11	2013	1
NS25530Z	3	10	-1	-1	-1	-1	3	2012	14
NS25530Z	4	1	1	-1	-1	-1	6	2011	1
NS25530Z	5	5	-1	1	3	-1	9	2009	6
NS25534D	1	1	2	-1	-1	-1	7	2011	2
NS25534D	2	1	2	-1	-1	-1	9	2008	2
NS25535E	1	1	1	-1	-1	-1	8	2014	1
NS25535E	2	5	-1	1	3	-1	9	2008	6
NS25539J	1	1	1	-1	-1	-1	10	2012	1
NS25539J	2	1	1	-1	-1	-1	2	2012	1
NS25539J	3	1	1	-1	-1	-1	11	2011	1
NS25539J	4	1	1	-1	-1	-1	1	2010	1
NS25541V	1	3	2	-1	-1	-1	9	2014	11
NS25541V	2	1	1	-1	-1	-1	9	2012	1
NS25541V	3	5	-1	1	3	-1	9	2009	6
NS25543X	1	1	1	-1	-1	-1	5	2011	1
NS25543X	2	5	-1	1	3	-1	9	2008	6
NS25546A	1	1	2	-1	-1	-1	11	2015	2
NS25546A	2	1	2	-1	-1	-1	10	2015	2
NS25546A	3	10	-1	-1	-1	-1	10	2015	14
NS25546A	4	1	1	-1	-1	-1	8	2015	1
NS25546A	5	1	2	-1	-1	-1	7	2015	2
NS25546A	6	10	-1	-1	-1	-1	5	2015	14
NS25546A	7	1	1	-1	-1	-1	7	2014	1
NS25546A	8	1	2	-1	-1	-1	4	2013	2
NS25546A	9	10	-1	-1	-1	-1	12	2012	14
NS25546A	10	1	1	-1	-1	-1	9	2010	1
NS25546A	11	5	-1	1	3	-1	9	2009	6
NS25547B	1	1	2	-1	-1	-1	5	2010	2
NS25548C	1	5	-1	1	3	-1	10	2009	6
NS25549D	1	1	1	-1	-1	-1	1	2010	1
NS25550N	1	1	1	-1	-1	-1	9	2013	1
NS25550N	2	1	1	-1	-1	-1	6	2011	1
NS25550N	3	5	-1	1	3	-1	9	2008	6
NS25552Q	1	1	2	-1	-1	-1	8	2006	2
NS25553R	1	1	1	-1	-1	-1	10	2011	1
NS25553R	2	1	1	-1	-1	-1	3	2011	1
NS25553R	3	1	2	-1	-1	-1	3	2007	2
NS25554S	1	9	-1	-1	-1	-1	6	2009	13
NS25556V	1	1	1	-1	-1	-1	7	2014	1
NS25556V	2	1	1	-1	-1	-1	11	2013	1
NS25556V	3	1	1	-1	-1	-1	7	2013	1
NS25556V	4	1	1	-1	-1	-1	3	2013	1
NS25556V	5	2	2	-1	-1	-1	1	2013	4
NS25556V	6	1	1	-1	-1	-1	9	2012	1
NS25556V	7	5	-1	1	3	-1	9	2008	6
NS25557W	1	1	2	-1	-1	-1	4	2010	2
NS25557W	2	4	-1	-1	-1	-1	6	2007	5
NS25559Y	1	1	1	-1	-1	-1	4	2014	1
NS25559Y	2	1	2	-1	-1	-1	11	2013	2
NS25559Y	3	1	1	-1	-1	-1	2	2009	1
NS25559Y	4	5	-1	1	2	-1	9	2006	6
NS25565N	1	1	2	-1	-1	-1	6	2015	2
NS25565N	2	4	-1	-1	-1	-1	5	2015	5
NS25565N	3	1	1	-1	-1	-1	10	2012	1
NS25565N	4	4	-1	-1	-1	-1	6	2012	5
NS25565N	5	1	1	-1	-1	-1	-8	-8	1
NS25566P	1	4	-1	-1	-1	-1	11	2015	5
NS25566P	2	1	1	-1	-1	-1	7	2015	1
NS25566P	3	1	1	-1	-1	-1	12	2013	1
NS25566P	4	5	-1	1	3	-1	9	2010	6
NS25566P	5	1	2	-1	-1	-1	5	2010	2
NS25567Q	1	1	1	-1	-1	-1	1	2014	1
NS25567Q	2	1	1	-1	-1	-1	3	2012	1
NS25567Q	3	5	-1	1	2	-1	1	2006	6
NS25568R	1	5	-1	1	3	-1	9	2015	6
NS25568R	2	1	1	-1	-1	-1	5	2015	1
NS25568R	3	1	2	-1	-1	-1	3	2015	2
NS25568R	4	4	-1	-1	-1	-1	1	2015	5
NS25568R	5	1	2	-1	-1	-1	7	2014	2
NS25568R	6	4	-1	-1	-1	-1	6	2014	5
NS25568R	7	5	-1	1	3	-1	10	2011	6
NS25568R	8	1	2	-1	-1	-1	6	2011	2
NS25568R	9	4	-1	-1	-1	-1	5	2011	5
NS25568R	10	1	2	-1	-1	-1	3	2011	2
NS25568R	11	1	1	-1	-1	-1	9	2010	1
NS25568R	12	3	1	-1	-1	-1	1	2010	11
NS25570C	1	1	1	-1	-1	-1	10	2009	1
NS25571D	1	1	1	-1	-1	-1	-8	2013	1
NS25571D	2	3	1	-1	-1	-1	-8	-8	11
NS25572E	1	1	1	-1	-1	-1	6	2011	1
NS25572E	2	1	1	-1	-1	-1	6	2009	1
NS25577K	1	5	-1	1	3	-1	9	2008	6
NS25578L	1	1	1	-1	-1	-1	7	2015	1
NS25578L	2	2	2	-1	-1	-1	10	2014	4
NS25578L	3	4	-1	-1	-1	-1	8	2014	5
NS25578L	4	3	1	-1	-1	-1	7	2014	11
NS25578L	5	4	-1	-1	-1	-1	4	2014	5
NS25578L	6	7	-1	-1	-1	-1	3	2014	8
NS25578L	7	4	-1	-1	-1	-1	1	2014	5
NS25578L	8	1	1	-1	-1	-1	6	2013	1
NS25578L	9	4	-1	-1	-1	-1	6	2012	5
NS25578L	10	1	1	-1	-1	-1	1	2012	1
NS25578L	11	4	-1	-1	-1	-1	9	2011	5
NS25578L	12	5	-1	1	3	-1	9	2008	6
NS25582Z	1	5	-1	1	2	-1	9	2013	6
NS25582Z	2	9	-1	-1	-1	-1	6	2012	13
NS25582Z	3	1	1	-1	-1	-1	4	2011	1
NS25582Z	4	1	1	-1	-1	-1	6	2009	1
NS25587E	1	4	-1	-1	-1	-1	3	2013	5
NS25587E	2	4	-1	-1	-1	-1	1	2013	5
NS25587E	3	5	-1	2	3	-1	9	2011	7
NS25587E	4	5	-1	1	3	-1	9	2008	6
NS25590R	1	1	1	-1	-1	-1	3	2014	1
NS25590R	2	4	-1	-1	-1	-1	3	2012	5
NS25590R	3	1	2	-1	-1	-1	2	2012	2
NS25590R	4	4	-1	-1	-1	-1	8	2010	5
NS25591S	1	1	1	-1	-1	-1	10	2012	1
NS25591S	2	1	1	-1	-1	-1	6	2011	1
NS25591S	3	5	-1	1	3	-1	10	2008	6
NS25592T	1	1	1	-1	-1	-1	7	2011	1
NS25592T	2	5	-1	1	3	-1	10	2008	6
NS25594W	1	1	1	-1	-1	-1	11	2013	1
NS25594W	2	1	1	-1	-1	-1	1	2012	1
NS25594W	3	1	1	-1	-1	-1	11	2011	1
NS25594W	4	5	-1	1	3	-1	10	2008	6
NS25600S	1	1	2	-1	-1	-1	10	2011	2
NS25600S	2	5	-1	1	3	-1	9	2008	6
NS25603W	1	1	1	-1	-1	-1	10	2011	1
NS25603W	2	5	-1	1	3	-1	9	2008	6
NS25605Y	1	1	1	-1	-1	-1	-9	-9	1
NS25606Z	1	10	-1	-1	-1	-1	10	2014	14
NS25606Z	2	1	1	-1	-1	-1	10	2011	1
NS25606Z	3	1	1	-1	-1	-1	6	2011	1
NS25606Z	4	5	-1	1	3	-1	9	2008	6
NS25608B	1	2	1	-1	-1	-1	8	2014	3
NS25608B	2	4	-1	-1	-1	-1	2	2014	5
NS25608B	3	2	1	-1	-1	-1	3	2013	3
NS25608B	4	1	1	-1	-1	-1	3	2012	1
NS25608B	5	1	1	-1	-1	-1	7	2011	1
NS25608B	6	5	-1	1	3	-1	9	2008	6
NS25609C	1	1	1	-1	-1	-1	7	2006	1
NS25610M	1	5	-1	1	3	-1	9	2014	6
NS25610M	2	1	1	-1	-1	-1	1	2013	1
NS25610M	3	1	2	-1	-1	-1	9	2006	2
NS25611N	1	1	1	-1	-1	-1	12	2014	1
NS25611N	2	1	1	-1	-1	-1	6	2011	1
NS25611N	3	4	-1	-1	-1	-1	11	2010	5
NS25611N	4	1	1	-1	-1	-1	9	2007	1
NS25611N	5	5	-1	1	2	-1	9	2006	6
NS25615S	1	1	1	-1	-1	-1	1	2015	1
NS25615S	2	1	1	-1	-1	-1	7	2013	1
NS25615S	3	1	1	-1	-1	-1	5	2011	1
NS25615S	4	5	-1	1	3	-1	9	2009	6
NS25616T	1	1	1	-1	-1	-1	6	2010	1
NS25616T	2	10	-1	-1	-1	-1	6	2009	14
NS25617V	1	1	1	-1	-1	-1	2	2004	1
NS25618W	1	1	1	-1	-1	-1	7	2014	1
NS25618W	2	5	-1	1	3	-1	9	2013	6
NS25618W	3	1	1	-1	-1	-1	9	2012	1
NS25618W	4	1	1	-1	-1	-1	6	2012	1
NS25618W	5	5	-1	1	3	-1	9	2008	6
NS25619X	1	1	1	-1	-1	-1	12	2012	1
NS25619X	2	4	-1	-1	-1	-1	10	2012	5
NS25619X	3	1	2	-1	-1	-1	6	2012	2
NS25619X	4	5	-1	1	3	-1	9	2008	6
NS25621H	1	4	-1	-1	-1	-1	6	2011	5
NS25621H	2	5	-1	1	3	-1	9	2008	6
NS25622J	1	1	1	-1	-1	-1	3	2011	1
NS25622J	2	5	-1	1	3	-1	3	2008	6
NS25623K	1	5	-1	1	3	-1	9	2014	6
NS25623K	2	3	2	-1	-1	-1	1	2013	11
NS25623K	3	5	-1	1	3	-1	9	2008	6
NS25627P	1	4	-1	-1	-1	-1	10	2012	5
NS25627P	2	2	1	-1	-1	-1	9	2011	3
NS25627P	3	4	-1	-1	-1	-1	2	2011	5
NS25627P	4	1	1	-1	-1	-1	9	2010	1
NS25627P	5	4	-1	-1	-1	-1	8	2010	5
NS25628Q	1	10	-1	-1	-1	-1	4	2012	14
NS25628Q	2	3	1	-1	-1	-1	9	2011	11
NS25628Q	3	5	-1	1	3	-1	10	2008	6
NS25633E	1	5	-1	1	3	-1	9	2008	6
NS25635G	1	1	1	-1	-1	-1	5	2013	1
NS25635G	2	1	1	-1	-1	-1	11	2012	1
NS25635G	3	1	1	-1	-1	-1	7	2006	1
NS25636H	1	1	2	-1	-1	-1	10	2011	2
NS25636H	2	1	2	-1	-1	-1	8	2008	2
NS25637J	1	5	-1	1	1	-1	9	2006	6
NS25649F	1	1	1	-1	-1	-1	9	2013	1
NS25649F	2	4	-1	-1	-1	-1	6	2013	5
NS25649F	3	1	1	-1	-1	-1	9	2012	1
NS25649F	4	3	2	-1	-1	-1	6	2012	11
NS25649F	5	5	-1	1	3	-1	9	2009	6
NS25649F	6	1	1	-1	-1	-1	7	2009	1
NS25649F	7	10	-1	-1	-1	-1	2	2009	14
NS25649F	8	1	2	-1	-1	-1	9	2008	2
NS25649F	9	1	1	-1	-1	-1	7	2008	1
NS25649F	10	5	-1	1	2	-1	9	2006	6
NS25653T	1	1	1	-1	-1	-1	7	2013	1
NS25653T	2	1	1	-1	-1	-1	7	2010	1
NS25653T	3	4	-1	-1	-1	-1	6	2010	5
NS25658Z	1	1	2	-1	-1	-1	9	2014	2
NS25658Z	2	1	2	-1	-1	-1	1	2014	2
NS25658Z	3	1	1	-1	-1	-1	9	2012	1
NS25658Z	4	5	-1	1	3	-1	9	2008	6
NS25660K	1	1	1	-1	-1	-1	7	2012	1
NS25660K	2	4	-1	-1	-1	-1	9	2008	5
NS25661L	1	1	1	-1	-1	-1	1	2013	1
NS25661L	2	1	1	-1	-1	-1	9	2012	1
NS25661L	3	1	1	-1	-1	-1	2	2012	1
NS25661L	4	1	2	-1	-1	-1	9	2011	2
NS25661L	5	5	-1	1	3	-1	9	2008	6
NS25662M	1	5	-1	1	3	-1	9	2008	6
NS25662M	2	5	-1	1	1	-1	9	2006	6
NS25666R	1	5	-1	1	3	-1	9	2012	6
NS25666R	2	1	1	-1	-1	-1	12	2011	1
NS25666R	3	4	-1	-1	-1	-1	8	2011	5
NS25666R	4	5	-1	1	3	-1	9	2008	6
NS25667S	1	1	1	-1	-1	-1	3	2015	1
NS25667S	2	1	1	-1	-1	-1	10	2014	1
NS25667S	3	1	1	-1	-1	-1	4	2013	1
NS25667S	4	5	-1	1	3	-1	9	2009	6
NS25668T	1	1	2	-1	-1	-1	4	2015	2
NS25668T	2	1	1	-1	-1	-1	4	2015	1
NS25668T	3	1	1	-1	-1	-1	2	2015	1
NS25668T	4	1	1	-1	-1	-1	6	2014	1
NS25668T	5	1	2	-1	-1	-1	6	2009	2
NS25669V	1	1	1	-1	-1	-1	2	2015	1
NS25669V	2	1	1	-1	-1	-1	2	2014	1
NS25669V	3	4	-1	-1	-1	-1	12	2013	5
NS25669V	4	1	1	-1	-1	-1	1	2013	1
NS25669V	5	1	2	-1	-1	-1	8	2012	2
NS25669V	6	1	1	-1	-1	-1	3	2011	1
NS25669V	7	5	-1	1	3	-1	9	2008	6
NS25671F	1	1	1	-1	-1	-1	8	2009	1
NS25672G	1	5	-1	1	3	-1	10	2008	6
NS25674J	1	1	1	-1	-1	-1	8	2011	1
NS25674J	2	5	-1	1	3	-1	9	2008	6
NS25678N	1	3	2	-1	-1	-1	2	2012	11
NS25678N	2	1	1	-1	-1	-1	11	2011	1
NS25678N	3	5	-1	1	3	-1	10	2008	6
NS25678N	4	5	-1	1	1	-1	9	2002	6
NS25679P	1	1	1	-1	-1	-1	3	2010	1
NS25679P	2	5	-1	1	3	-1	9	2009	6
NS25679P	3	1	2	-1	-1	-1	5	2006	2
NS25682B	1	5	-1	1	2	-1	9	2008	6
NS25684D	1	1	1	-1	-1	-1	11	2010	1
NS25684D	2	1	1	-1	-1	-1	10	2009	1
NS25684D	3	5	-1	1	1	-1	9	2008	6
NS25684D	4	5	-1	1	1	-1	9	2001	6
NS25685E	1	5	-1	1	3	-1	9	2010	6
NS25685E	2	5	-1	1	1	-1	9	1995	6
NS25686F	1	1	2	-1	-1	-1	1	2008	2
NS25686F	2	5	-1	1	2	-1	9	2006	6
NS25687G	1	1	1	-1	-1	-1	9	2011	1
NS25687G	2	5	-1	1	3	-1	9	2008	6
NS25690T	1	1	2	-1	-1	-1	8	2012	2
NS25690T	2	4	-1	-1	-1	-1	5	2012	5
NS25690T	3	5	-1	2	4	-1	3	2012	7
NS25690T	4	1	2	-1	-1	-1	10	2011	2
NS25690T	5	4	-1	-1	-1	-1	12	2010	5
NS25690T	6	1	1	-1	-1	-1	11	2010	1
NS25690T	7	4	-1	-1	-1	-1	4	2010	5
NS25690T	8	5	-1	1	3	-1	9	2008	6
NS25690T	9	1	2	-1	-1	-1	7	2007	2
NS25690T	10	5	-1	1	2	-1	9	2006	6
NS25692W	1	1	2	-1	-1	-1	3	2012	2
NS25692W	2	3	1	-1	-1	-1	11	2011	11
NS25692W	3	10	-1	-1	-1	-1	3	2011	14
NS25692W	4	4	-1	-1	-1	-1	1	2009	5
NS25692W	5	1	2	-1	-1	-1	1	2008	2
NS25695Z	1	1	1	-1	-1	-1	5	2012	1
NS25695Z	2	2	1	-1	-1	-1	4	2010	3
NS25696A	1	1	1	-1	-1	-1	9	2013	1
NS25696A	2	5	-1	1	3	-1	9	2010	6
NS25696A	3	1	1	-1	-1	-1	8	2008	1
NS25699D	1	1	1	-1	-1	-1	11	2006	1
NS25701W	1	1	1	-1	-1	-1	4	2007	1
NS25702X	1	1	1	-1	-1	-1	7	2015	1
NS25702X	2	1	1	-1	-1	-1	9	2014	1
NS25702X	3	1	1	-1	-1	-1	7	2013	1
NS25702X	4	1	1	-1	-1	-1	9	2011	1
NS25702X	5	1	2	-1	-1	-1	4	2011	2
NS25702X	6	5	-1	1	3	-1	9	2010	6
NS25702X	7	5	-1	1	2	-1	9	2008	6
NS25704Z	1	1	1	-1	-1	-1	4	2012	1
NS25704Z	2	6	1	-1	-1	-1	9	2011	12
NS25704Z	3	1	1	-1	-1	-1	2	2011	1
NS25704Z	4	1	2	-1	-1	-1	6	2010	2
NS25705A	1	5	-1	1	2	-1	9	2014	6
NS25705A	2	1	1	-1	-1	-1	1	2013	1
NS25705A	3	1	1	-1	-1	-1	1	2012	1
NS25705A	4	1	1	-1	-1	-1	1	2010	1
NS25705A	5	1	2	-1	-1	-1	1	2006	2
NS25707C	1	5	-1	1	3	-1	9	2010	6
NS25707C	2	1	1	-1	-1	-1	4	2010	1
NS25710P	1	5	-1	1	3	-1	9	2009	6
NS25715V	1	5	-1	1	3	-1	9	2010	6
NS25715V	2	5	-1	1	3	-1	9	2008	6
NS25716W	1	4	-1	-1	-1	-1	2	2012	5
NS25716W	2	1	1	-1	-1	-1	8	2011	1
NS25716W	3	1	2	-1	-1	-1	3	2011	2
NS25716W	4	1	2	-1	-1	-1	1	2011	2
NS25716W	5	4	-1	-1	-1	-1	6	2010	5
NS25716W	6	5	-1	1	2	-1	8	2008	6
NS25716W	7	5	-1	1	2	-1	7	2006	6
NS25717X	1	1	1	-1	-1	-1	6	2013	1
NS25717X	2	1	1	-1	-1	-1	1	2008	1
NS25720J	1	5	-1	1	3	-1	9	2014	6
NS25720J	2	1	1	-1	-1	-1	11	2011	1
NS25720J	3	3	2	-1	-1	-1	9	2011	11
NS25720J	4	5	-1	1	3	-1	9	2008	6
NS25724N	1	-9	-1	-1	-1	-1	-9	-9	-8
NS25725P	1	1	2	-1	-1	-1	9	2014	2
NS25725P	2	1	2	-1	-1	-1	7	2009	2
NS25733G	1	1	1	-1	-1	-1	10	2013	1
NS25733G	2	1	1	-1	-1	-1	10	2012	1
NS25733G	3	4	-1	-1	-1	-1	6	2012	5
NS25733G	4	5	-1	1	3	-1	10	2009	6
NS25735J	1	1	2	-1	-1	-1	9	2007	2
NS25736K	1	4	-1	-1	-1	-1	9	2007	5
NS25737L	1	1	1	-1	-1	-1	9	2012	1
NS25737L	2	1	1	-1	-1	-1	9	2011	1
NS25737L	3	5	-1	1	3	-1	9	2009	6
NS25737L	4	5	-1	1	1	-1	8	2000	6
NS25741Z	1	1	1	-1	-1	-1	7	2012	1
NS25741Z	2	1	2	-1	-1	-1	3	2010	2
NS25741Z	3	5	-1	1	3	-1	9	2008	6
NS25743B	1	1	1	-1	-1	-1	9	2006	1
NS25744C	1	7	-1	-1	-1	-1	10	2015	8
NS25744C	2	7	-1	-1	-1	-1	8	2015	8
NS25744C	3	7	-1	-1	-1	-1	6	2015	8
NS25744C	4	1	1	-1	-1	-1	3	2015	1
NS25744C	5	1	2	-1	-1	-1	9	2014	2
NS25744C	6	3	2	-1	-1	-1	1	2013	11
NS25744C	7	1	2	-1	-1	-1	10	2012	2
NS25744C	8	7	-1	-1	-1	-1	2	2012	8
NS25744C	9	7	-1	-1	-1	-1	11	2011	8
NS25744C	10	1	2	-1	-1	-1	-1	-1	2
NS25746E	1	1	1	-1	-1	-1	9	2014	1
NS25746E	2	5	-1	1	3	-1	9	2013	6
NS25746E	3	1	1	-1	-1	-1	9	2012	1
NS25746E	4	1	1	-1	-1	-1	3	2010	1
NS25747F	1	1	2	-1	-1	-1	10	2011	2
NS25747F	2	5	-1	1	3	-1	9	2008	6
NS25747F	3	5	-1	1	1	-1	9	2006	6
NS25749H	1	1	1	-1	-1	-1	12	2014	1
NS25749H	2	10	-1	-1	-1	-1	3	2012	14
NS25749H	3	4	-1	-1	-1	-1	9	2009	5
NS25749H	4	7	-1	-1	-1	-1	9	2007	8
NS25754X	1	1	1	-1	-1	-1	7	2014	1
NS25754X	2	9	-1	-1	-1	-1	3	2014	13
NS25754X	3	1	1	-1	-1	-1	11	2013	1
NS25754X	4	9	-1	-1	-1	-1	2	2013	13
NS25754X	5	1	2	-1	-1	-1	4	2012	2
NS25754X	6	9	-1	-1	-1	-1	8	2011	13
NS25754X	7	1	1	-1	-1	-1	6	2010	1
NS25754X	8	1	1	-1	-1	-1	7	2009	1
NS25766T	1	4	-1	-1	-1	-1	6	2009	5
NS25772J	1	1	2	-1	-1	-1	5	2013	2
NS25772J	2	1	1	-1	-1	-1	1	2012	1
NS25772J	3	1	1	-1	-1	-1	9	2010	1
NS25772J	4	1	1	-1	-1	-1	3	2010	1
NS25773K	1	1	1	-1	-1	-1	11	2011	1
NS25773K	2	1	1	-1	-1	-1	4	2011	1
NS25773K	3	1	1	-1	-1	-1	6	2008	1
NS25774L	1	1	1	-1	-1	-1	7	2009	1
NS25776N	1	1	1	-1	-1	-1	8	2014	1
NS25776N	2	1	1	-1	-1	-1	9	2013	1
NS25776N	3	1	1	-1	-1	-1	4	2012	1
NS25776N	4	1	2	-1	-1	-1	9	2011	2
NS25776N	5	5	-1	1	3	-1	9	2008	6
NS25784F	1	1	1	-1	-1	-1	11	2014	1
NS25784F	2	1	2	-1	-1	-1	10	2014	2
NS25784F	3	1	1	-1	-1	-1	1	2012	1
NS25784F	4	4	-1	-1	-1	-1	6	2007	5
NS25786H	1	8	-1	-1	-1	2	6	2013	10
NS25786H	2	1	1	-1	-1	-1	2	2012	1
NS25786H	3	5	-1	1	3	-1	10	2008	6
NS25786H	4	5	-1	1	2	-1	9	2006	6
NS25787J	1	5	-1	1	3	-1	9	2008	6
NS25788K	1	1	1	-1	-1	-1	6	2011	1
NS25788K	2	5	-1	1	3	-1	9	2008	6
NS25791X	1	5	-1	2	2	-1	9	2010	7
NS25791X	2	10	-1	-1	-1	-1	-8	-8	14
NS25792Y	1	5	-1	1	2	-1	9	2010	6
NS25792Y	2	4	-1	-1	-1	-1	1	2008	5
NS25794A	1	5	-1	1	3	-1	10	2010	6
NS25794A	2	5	-1	1	2	-1	9	2009	6
NS25797D	1	5	-1	1	3	-1	9	2009	6
NS25797D	2	5	-1	1	2	-1	9	2008	6
NS25797D	3	5	-1	1	1	-1	9	2002	6
NS25799F	1	5	-1	1	3	-1	9	2009	6
NS25802Z	1	5	-1	1	2	-1	8	2006	6
NS25804B	1	1	2	-1	-1	-1	12	2007	2
NS25804B	2	4	-1	-1	-1	-1	8	2007	5
NS25804B	3	5	-1	1	2	-1	9	2005	6
NS25807E	1	1	1	-1	-1	-1	2	2012	1
NS25807E	2	10	-1	-1	-1	-1	2	2011	14
NS25807E	3	-8	-1	-1	-1	-1	-8	-8	-8
NS25810R	1	1	1	-1	-1	-1	12	2006	1
NS25811S	1	2	2	-1	-1	-1	3	2014	4
NS25811S	2	1	1	-1	-1	-1	3	2012	1
NS25811S	3	9	-1	-1	-1	-1	7	2009	13
NS25819B	1	1	1	-1	-1	-1	7	2010	1
NS25819B	2	5	-1	1	2	-1	9	2008	6
NS25819B	3	5	-1	1	2	-1	9	2006	6
NS25821M	1	5	-1	1	3	-1	9	2012	6
NS25821M	2	1	1	-1	-1	-1	7	2011	1
NS25821M	3	5	-1	1	3	-1	9	2008	6
NS25825R	1	5	-1	1	3	-1	9	2010	6
NS25825R	2	1	2	-1	-1	-1	9	2009	2
NS25827T	1	1	2	-1	-1	-1	4	2012	2
NS25827T	2	1	1	-1	-1	-1	10	2008	1
NS25828V	1	1	2	-1	-1	-1	9	2015	2
NS25828V	2	1	1	-1	-1	-1	7	2012	1
NS25828V	3	5	-1	1	3	-1	9	2009	6
NS25828V	4	5	-1	1	2	-1	9	2006	6
NS25832H	1	1	1	-1	-1	-1	2	2009	1
NS25833J	1	1	2	-1	-1	-1	4	2011	2
NS25833J	2	1	2	-1	-1	-1	2	2009	2
NS25835L	1	5	-1	1	3	-1	9	2008	6
NS25836M	1	1	1	-1	-1	-1	6	2010	1
NS25836M	2	1	1	-1	-1	-1	3	2008	1
NS25838P	1	1	1	-1	-1	-1	9	2011	1
NS25838P	2	5	-1	1	3	-1	9	2008	6
NS25842C	1	4	-1	-1	-1	-1	9	2014	5
NS25842C	2	1	1	-1	-1	-1	5	2014	1
NS25842C	3	4	-1	-1	-1	-1	3	2014	5
NS25842C	4	1	1	-1	-1	-1	11	2013	1
NS25842C	5	1	1	-1	-1	-1	8	2013	1
NS25842C	6	1	1	-1	-1	-1	3	2013	1
NS25842C	7	4	-1	-1	-1	-1	10	2012	5
NS25842C	8	1	1	-1	-1	-1	3	2012	1
NS25842C	9	4	-1	-1	-1	-1	9	2011	5
NS25842C	10	1	1	-1	-1	-1	7	2011	1
NS25842C	11	5	-1	1	3	-1	10	2008	6
NS25844E	1	9	-1	-1	-1	-1	4	2006	13
NS25845F	1	1	2	-1	-1	-1	5	2015	2
NS25845F	2	4	-1	-1	-1	-1	1	2012	5
NS25845F	3	1	1	-1	-1	-1	9	2008	1
NS25846G	1	5	-1	1	3	-1	9	2008	6
NS25847H	1	9	-1	-1	-1	-1	4	2009	13
NS25848J	1	2	1	-1	-1	-1	2	2014	3
NS25848J	2	1	1	-1	-1	-1	5	2013	1
NS25848J	3	2	1	-1	-1	-1	5	2012	3
NS25848J	4	2	1	-1	-1	-1	2	2009	3
NS25854Z	1	1	2	-1	-1	-1	11	2007	2
NS25860P	1	1	2	-1	-1	-1	2	2013	2
NS25860P	2	5	-1	2	2	-1	9	2010	7
NS25860P	3	4	-1	-1	-1	-1	7	2006	5
NS25864T	1	4	-1	-1	-1	-1	1	2012	5
NS25864T	2	1	2	-1	-1	-1	9	2011	2
NS25864T	3	4	-1	-1	-1	-1	9	2010	5
NS25864T	4	1	2	-1	-1	-1	9	2008	2
NS25866W	1	1	1	-1	-1	-1	11	2015	1
NS25866W	2	4	-1	-1	-1	-1	9	2015	5
NS25866W	3	5	-1	1	3	-1	9	2011	6
NS25866W	4	5	-1	1	2	-1	9	2010	6
NS25866W	5	1	2	-1	-1	-1	11	2009	2
NS25867X	1	1	2	-1	-1	-1	12	2011	2
NS25867X	2	4	-1	-1	-1	-1	5	2010	5
NS25868Y	1	1	2	-1	-1	-1	6	2011	2
NS25868Y	2	5	-1	1	3	-1	9	2008	6
NS25869Z	1	5	-1	1	3	-1	9	2008	6
NS25872L	1	10	-1	-1	-1	-1	1	2014	14
NS25872L	2	1	1	-1	-1	-1	5	2011	1
NS25872L	3	5	-1	1	3	-1	9	2010	6
NS25872L	4	5	-1	1	2	-1	9	2006	6
NS25874N	1	1	2	-1	-1	-1	9	2008	2
NS25877R	1	5	-1	1	3	-1	9	2008	6
NS25882F	1	1	1	-1	-1	-1	8	2011	1
NS25882F	2	5	-1	1	3	-1	9	2008	6
NS25887L	1	4	-1	-1	-1	-1	1	2012	5
NS25887L	2	1	1	-1	-1	-1	9	2007	1
NS25888M	1	1	1	-1	-1	-1	9	2014	1
NS25888M	2	4	-1	-1	-1	-1	11	2012	5
NS25888M	3	1	1	-1	-1	-1	8	2012	1
NS25888M	4	4	-1	-1	-1	-1	4	2012	5
NS25888M	5	1	1	-1	-1	-1	3	2011	1
NS25888M	6	1	1	-1	-1	-1	3	2010	1
NS25888M	7	4	-1	-1	-1	-1	9	2009	5
NS25888M	8	5	-1	1	3	-1	9	2008	6
NS25888M	9	5	-1	1	2	-1	9	2006	6
NS25890Y	1	1	1	-1	-1	-1	8	2010	1
NS25890Y	2	5	-1	2	3	-1	9	2009	7
NS25892A	1	1	1	-1	-1	-1	10	2014	1
NS25892A	2	1	1	-1	-1	-1	3	2014	1
NS25892A	3	1	1	-1	-1	-1	10	2013	1
NS25892A	4	1	1	-1	-1	-1	5	2013	1
NS25892A	5	1	1	-1	-1	-1	9	2012	1
NS25892A	6	1	1	-1	-1	-1	6	2012	1
NS25892A	7	1	1	-1	-1	-1	10	2009	1
NS25892A	8	5	-1	1	3	-1	10	2009	6
NS25892A	9	1	1	-1	-1	-1	9	2008	1
NS25892A	10	1	1	-1	-1	-1	5	2008	1
NS25892A	11	5	-1	1	2	-1	9	2006	6
NS25895D	1	1	2	-1	-1	-1	9	2013	2
NS25895D	2	1	2	-1	-1	-1	-8	-8	2
NS25897F	1	1	2	-1	-1	-1	2	2007	2
NS25899H	1	3	1	-1	-1	-1	8	2013	11
NS25899H	2	5	-1	1	3	-1	9	2010	6
NS25899H	3	1	1	-1	-1	-1	5	2010	1
NS25900Z	1	1	1	-1	-1	-1	6	2009	1
NS25901A	1	1	2	-1	-1	-1	7	2013	2
NS25901A	2	5	-1	1	3	-1	8	2008	6
NS25904D	1	1	2	-1	-1	-1	8	2012	2
NS25904D	2	5	-1	1	3	-1	10	2008	6
NS25907G	1	4	-1	-1	-1	-1	12	2013	5
NS25907G	2	1	1	-1	-1	-1	10	2013	1
NS25907G	3	4	-1	-1	-1	-1	8	2013	5
NS25907G	4	5	-1	1	4	-1	8	2012	6
NS25907G	5	10	-1	-1	-1	-1	6	2012	14
NS25907G	6	5	-1	1	4	-1	9	2011	6
NS25907G	7	10	-1	-1	-1	-1	6	2011	14
NS25907G	8	5	-1	1	3	-1	9	2008	6
NS25910T	1	1	1	-1	-1	-1	3	2008	1
NS25910T	2	5	-1	1	2	-1	9	2005	6
NS25914Y	1	1	1	-1	-1	-1	7	2015	1
NS25914Y	2	5	-1	1	3	-1	9	2011	6
NS25914Y	3	1	1	-1	-1	-1	6	2008	1
NS25915Z	1	5	-1	1	3	-1	9	2008	6
NS25917B	1	1	1	-1	-1	-1	7	2015	1
NS25917B	2	5	-1	1	3	-1	9	2011	6
NS25917B	3	5	-1	1	3	-1	9	2008	6
NS25918C	1	2	2	-1	-1	-1	10	2015	4
NS25918C	2	1	1	-1	-1	-1	2	2015	1
NS25918C	3	1	1	-1	-1	-1	9	2014	1
NS25918C	4	1	1	-1	-1	-1	7	2014	1
NS25918C	5	1	2	-1	-1	-1	4	2014	2
NS25918C	6	2	2	-1	-1	-1	9	2013	4
NS25918C	7	6	2	-1	-1	-1	7	2012	12
NS25918C	8	5	-1	1	3	-1	9	2008	6
NS25922Q	1	1	1	-1	-1	-1	10	2012	1
NS25922Q	2	5	-1	1	3	-1	9	2008	6
NS25923R	1	1	1	-1	-1	-1	1	2014	1
NS25923R	2	1	1	-1	-1	-1	9	2013	1
NS25923R	3	5	-1	1	3	-1	9	2012	6
NS25923R	4	5	-1	1	3	-1	9	2009	6
NS25928X	1	1	1	-1	-1	-1	1	2015	1
NS25928X	2	1	1	-1	-1	-1	12	2006	1
NS25929Y	1	1	1	-1	-1	-1	1	2008	1
NS25930H	1	1	1	-1	-1	-1	9	2011	1
NS25930H	2	5	-1	1	2	-1	9	2009	6
NS25930H	3	6	1	-1	-1	-1	3	2009	12
NS25933L	1	1	1	-1	-1	-1	9	2012	1
NS25933L	2	4	-1	-1	-1	-1	6	2012	5
NS25933L	3	1	1	-1	-1	-1	6	2010	1
NS25933L	4	4	-1	-1	-1	-1	5	2010	5
NS25933L	5	1	1	-1	-1	-1	2	-8	1
NS25934M	1	1	1	-1	-1	-1	6	2010	1
NS25935N	1	5	-1	1	3	-1	10	2008	6
NS25937Q	1	4	-1	-1	-1	-1	5	2012	5
NS25937Q	2	1	-8	-1	-1	-1	4	2012	-8
NS25937Q	3	4	-1	-1	-1	-1	6	2010	5
NS25937Q	4	5	-1	1	2	-1	9	2009	6
NS25942E	1	1	1	-1	-1	-1	3	2013	1
NS25942E	2	1	2	-1	-1	-1	2	2009	2
NS25944G	1	5	-1	1	3	-1	10	2008	6
NS25945H	1	1	1	-1	-1	-1	8	2009	1
NS25948L	1	1	1	-1	-1	-1	2	2015	1
NS25948L	2	1	2	-1	-1	-1	9	2014	2
NS25948L	3	5	-1	1	3	-1	9	2011	6
NS25948L	4	1	1	-1	-1	-1	10	2010	1
NS25948L	5	1	2	-1	-1	-1	9	2009	2
NS25949M	1	5	-1	1	3	-1	9	2010	6
NS25949M	2	1	1	-1	-1	-1	8	2008	1
NS25950X	1	5	-1	1	3	-1	9	2009	6
NS25950X	2	5	-1	1	1	-1	9	2007	6
NS25950X	3	5	-1	1	1	-1	9	1994	6
NS25956D	1	5	-1	1	2	-1	9	2013	6
NS25956D	2	3	2	-1	-1	-1	-8	-8	11
NS25957E	1	4	-1	-1	-1	-1	1	2014	5
NS25957E	2	1	1	-1	-1	-1	12	2013	1
NS25957E	3	4	-1	-1	-1	-1	10	2013	5
NS25957E	4	1	1	-1	-1	-1	8	2013	1
NS25957E	5	3	1	-1	-1	-1	1	2013	11
NS25957E	6	1	1	-1	-1	-1	7	2011	1
NS25957E	7	5	-1	1	3	-1	10	2009	6
NS25958F	1	5	-1	1	3	-1	9	2008	6
NS25960R	1	1	1	-1	-1	-1	7	2012	1
NS25960R	2	1	1	-1	-1	-1	3	2011	1
NS25960R	3	5	-1	1	2	-1	9	2006	6
NS25963V	1	1	1	-1	-1	-1	7	2014	1
NS25963V	2	1	1	-1	-1	-1	9	2013	1
NS25963V	3	1	2	-1	-1	-1	6	2012	2
NS25963V	4	5	-1	2	3	-1	9	2011	7
NS25963V	5	5	-1	1	3	-1	9	2008	6
NS25965X	1	5	-1	1	4	-1	9	1994	6
NS25966Y	1	1	1	-1	-1	-1	8	2012	1
NS25966Y	2	1	1	-1	-1	-1	6	2012	1
NS25966Y	3	5	-1	1	3	-1	9	2011	6
NS25966Y	4	5	-1	1	3	-1	9	2008	6
NS25969B	1	1	1	-1	-1	-1	9	2014	1
NS25969B	2	1	1	-1	-1	-1	8	2013	1
NS25969B	3	10	-1	-1	-1	-1	5	2013	14
NS25969B	4	10	-1	-1	-1	-1	-8	-8	14
NS25970L	1	1	2	-1	-1	-1	10	2011	2
NS25970L	2	1	2	-1	-1	-1	9	2011	2
NS25970L	3	3	2	-1	-1	-1	8	2010	11
NS25970L	4	5	-1	1	3	-1	9	2008	6
NS25971M	1	4	-1	-1	-1	-1	6	2014	5
NS25971M	2	5	-1	1	3	-1	9	2009	6
NS25971M	3	5	-1	1	2	-1	9	2006	6
NS25980F	1	3	2	-1	-1	-1	6	2014	11
NS25980F	2	5	-1	1	3	-1	9	2010	6
NS25980F	3	5	-1	1	2	-1	-9	-9	6
NS25984K	1	1	2	-1	-1	-1	11	2009	2
NS25985L	1	1	1	-1	-1	-1	2	2009	1
NS25990A	1	1	1	-1	-1	-1	6	2007	1
NS25990A	2	5	-1	1	2	-1	9	2006	6
NS25995F	1	1	1	-1	-1	-1	9	2011	1
NS25995F	2	5	-1	1	3	-1	9	2008	6
NS25996G	1	1	2	-1	-1	-1	10	2007	2
NS25998J	1	10	-1	-1	-1	-1	5	2016	14
NS25998J	2	4	-1	-1	-1	-1	7	2015	5
NS25998J	3	1	2	-1	-1	-1	6	2015	2
NS25998J	4	4	-1	-1	-1	-1	4	2015	5
NS25998J	5	1	1	-1	-1	-1	2	2015	1
NS25998J	6	4	-1	-1	-1	-1	6	2009	5
NS26000A	1	1	2	-1	-1	-1	10	2010	2
NS26000A	2	1	2	-1	-1	-1	8	2008	2
NS26001B	1	1	1	-1	-1	-1	5	2014	1
NS26001B	2	1	2	-1	-1	-1	12	2013	2
NS26001B	3	1	2	-1	-1	-1	9	2013	2
NS26001B	4	3	2	-1	-1	-1	7	2013	11
NS26001B	5	1	2	-1	-1	-1	9	2012	2
NS26001B	6	1	2	-1	-1	-1	2	2012	2
NS26001B	7	1	2	-1	-1	-1	9	2010	2
NS26001B	8	5	-1	1	3	-1	9	2008	6
NS26002C	1	1	1	-1	-1	-1	10	2011	1
NS26002C	2	5	-1	1	3	-1	9	2008	6
NS26004E	1	5	-1	1	3	-1	9	2009	6
NS26004E	2	1	1	-1	-1	-1	7	2006	1
NS26005F	1	1	1	-1	-1	-1	6	2014	1
NS26005F	2	1	1	-1	-1	-1	12	2013	1
NS26005F	3	1	1	-1	-1	-1	2	2009	1
NS26010V	1	1	2	-1	-1	-1	7	2010	2
NS26010V	2	5	-1	1	3	-1	9	2009	6
NS26011W	1	5	-1	1	3	-1	10	2009	6
NS26012X	1	1	2	-1	-1	-1	4	2007	2
NS26014Z	1	1	1	-1	-1	-1	7	2013	1
NS26014Z	2	5	-1	1	3	-1	9	2009	6
NS26016B	1	1	2	-1	-1	-1	7	2009	2
NS26022R	1	4	-1	-1	-1	-1	-9	-9	5
NS26028Y	1	5	-1	1	3	-1	9	2009	6
NS26031K	1	5	-1	1	3	-1	9	2008	6
NS26033M	1	1	1	-1	-1	-1	9	2011	1
NS26033M	2	5	-1	1	3	-1	9	2008	6
NS26033M	3	5	-1	1	2	-1	9	2006	6
NS26034N	1	2	1	-1	-1	-1	9	2015	3
NS26034N	2	4	-1	-1	-1	-1	8	2015	5
NS26034N	3	1	1	-1	-1	-1	4	2015	1
NS26034N	4	4	-1	-1	-1	-1	3	2015	5
NS26034N	5	1	1	-1	-1	-1	5	2012	1
NS26034N	6	10	-1	-1	-1	-1	2	2012	14
NS26034N	7	1	1	-1	-1	-1	5	2011	1
NS26034N	8	5	-1	1	3	-1	9	2008	6
NS26036Q	1	1	1	-1	-1	-1	10	2012	1
NS26036Q	2	5	-1	1	3	-1	9	2011	6
NS26036Q	3	5	-1	1	3	-1	9	2008	6
NS26036Q	4	5	-1	1	1	-1	9	2001	6
NS26038S	1	4	-1	-1	-1	-1	1	2013	5
NS26038S	2	1	1	-1	-1	-1	9	2012	1
NS26038S	3	4	-1	-1	-1	-1	7	2009	5
NS26039T	1	1	1	-1	-1	-1	11	2012	1
NS26039T	2	5	-1	1	3	-1	9	2008	6
NS26040D	1	1	1	-1	-1	-1	8	2013	1
NS26040D	2	1	1	-1	-1	-1	8	2012	1
NS26040D	3	5	-1	1	3	-1	9	2009	6
NS26041E	1	1	1	-1	-1	-1	9	2011	1
NS26041E	2	5	-1	1	3	-1	9	2008	6
NS26043G	1	1	1	-1	-1	-1	6	2008	1
NS26043G	2	5	-1	1	1	-1	9	2006	6
NS26049N	1	1	2	-1	-1	-1	9	2011	2
NS26049N	2	1	1	-1	-1	-1	9	2006	1
NS26050Y	1	1	1	-1	-1	-1	2	2014	1
NS26050Y	2	1	1	-1	-1	-1	5	2013	1
NS26050Y	3	1	1	-1	-1	-1	3	2011	1
NS26050Y	4	1	1	-1	-1	-1	12	2010	1
NS26050Y	5	1	1	-1	-1	-1	6	2008	1
NS26052A	1	1	1	-1	-1	-1	3	2015	1
NS26052A	2	4	-1	-1	-1	-1	11	2014	5
NS26052A	3	6	1	-1	-1	-1	3	2014	12
NS26052A	4	4	-1	-1	-1	-1	3	2013	5
NS26052A	5	7	-1	-1	-1	-1	4	2012	8
NS26052A	6	4	-1	-1	-1	-1	2	2011	5
NS26052A	7	10	-1	-1	-1	-1	1	2010	14
NS26055D	1	1	2	-1	-1	-1	9	2007	2
NS26057F	1	5	-1	1	3	-1	8	2008	6
NS26060S	1	2	1	-1	-1	-1	1	2012	3
NS26060S	2	3	2	-1	-1	-1	10	2011	11
NS26060S	3	1	2	-1	-1	-1	9	2006	2
NS26061T	1	5	-1	1	3	-1	9	2009	6
NS26064X	1	1	2	-1	-1	-1	7	2010	2
NS26064X	2	5	-1	1	2	-1	9	2007	6
NS26066Z	1	1	1	-1	-1	-1	4	2012	1
NS26066Z	2	1	1	-1	-1	-1	9	2010	1
NS26066Z	3	5	-1	1	3	-1	9	2008	6
NS26067A	1	1	1	-1	-1	-1	6	2015	1
NS26067A	2	1	1	-1	-1	-1	2	2014	1
NS26067A	3	1	1	-1	-1	-1	8	2013	1
NS26067A	4	1	1	-1	-1	-1	4	2013	1
NS26067A	5	10	-1	-1	-1	-1	-8	-8	14
NS26068B	1	5	-1	1	3	-1	9	2010	6
NS26068B	2	5	-1	1	2	-1	9	2006	6
NS26070M	1	5	-1	1	3	-1	9	2008	6
NS26072P	1	1	1	-1	-1	-1	4	2013	1
NS26072P	2	1	1	-1	-1	-1	11	2012	1
NS26072P	3	1	1	-1	-1	-1	6	2012	1
NS26072P	4	1	1	-1	-1	-1	4	2009	1
NS26073Q	1	1	1	-1	-1	-1	9	2011	1
NS26073Q	2	5	-1	1	3	-1	9	2008	6
NS26074R	1	1	2	-1	-1	-1	11	2011	2
NS26074R	2	5	-1	1	3	-1	7	2008	6
NS26075S	1	5	-1	1	3	-1	9	2008	6
NS26075S	2	5	-1	1	2	-1	9	2006	6
NS26076T	1	4	-1	-1	-1	-1	-9	-9	5
NS26078W	1	1	1	-1	-1	-1	9	2008	1
NS26081H	1	9	-1	-1	-1	-1	2	2011	13
NS26081H	2	1	2	-1	-1	-1	3	2009	2
NS26083K	1	1	1	-1	-1	-1	5	2016	1
NS26083K	2	9	-1	-1	-1	-1	4	2013	13
NS26083K	3	1	1	-1	-1	-1	1	2012	1
NS26083K	4	1	1	-1	-1	-1	8	2011	1
NS26083K	5	1	1	-1	-1	-1	9	2008	1
NS26084L	1	5	-1	1	4	-1	9	2012	6
NS26084L	2	1	1	-1	-1	-1	9	2011	1
NS26084L	3	5	-1	1	3	-1	9	2008	6
NS26085M	1	4	-1	-1	-1	-1	9	2013	5
NS26085M	2	4	-1	-1	-1	-1	9	2012	5
NS26085M	3	4	-1	-1	-1	-1	8	2011	5
NS26085M	4	4	-1	-1	-1	-1	1	2010	5
NS26089R	1	1	1	-1	-1	-1	10	2013	1
NS26089R	2	5	-1	1	3	-1	10	2009	6
NS26089R	3	5	-1	1	2	-1	9	2006	6
NS26091C	1	5	-1	1	3	-1	9	2009	6
NS26096H	1	3	2	-1	-1	-1	9	2012	11
NS26096H	2	5	-1	1	3	-1	9	2008	6
NS26097J	1	5	-1	1	3	-1	9	2012	6
NS26097J	2	1	1	-1	-1	-1	9	2011	1
NS26097J	3	5	-1	1	3	-1	9	2008	6
NS26099L	1	1	1	-1	-1	-1	10	2011	1
NS26099L	2	1	1	-1	-1	-1	10	2011	1
NS26099L	3	5	-1	1	3	-1	9	2008	6
NS26100C	1	1	2	-1	-1	-1	2	2010	2
NS26100C	2	1	2	-1	-1	-1	11	2008	2
NS26101D	1	4	-1	-1	-1	-1	10	2013	5
NS26101D	2	1	1	-1	-1	-1	11	2011	1
NS26101D	3	4	-1	-1	-1	-1	8	2011	5
NS26101D	4	5	-1	1	3	-1	9	2008	6
NS26105H	1	5	-1	1	2	-1	9	2006	6
NS26107K	1	5	-1	1	3	-1	9	2011	6
NS26107K	2	10	-1	-1	-1	-1	10	2009	14
NS26117E	1	5	-1	1	3	-1	9	2008	6
NS26118F	1	1	1	-1	-1	-1	8	2010	1
NS26118F	2	5	-1	1	3	-1	9	2008	6
NS26119G	1	10	-1	-1	-1	-1	10	2012	14
NS26119G	2	1	2	-1	-1	-1	8	2011	2
NS26119G	3	5	-1	1	3	-1	9	2008	6
