NSID	W8HHMID	W8DCHSEX	W8HHMDOBM	W8HHMDOBY	W8DHHMAGE	W8RAGE	W8RELTOKEY
NS10020F	1	1	-9	-9	-1	-8	1
NS10020F	2	2	-9	-9	-1	60	1
NS10027N	1	2	5	1956	59	-1	1
NS10027N	2	1	12	1979	36	-1	8
NS10031B	1	1	5	1962	53	-1	1
NS10031B	2	2	5	1961	54	-1	1
NS10031B	3	1	4	1992	23	-1	8
NS10036G	1	1	7	1960	55	-1	1
NS10036G	2	2	7	1981	34	-1	4
NS10041W	1	1	7	1954	61	-1	1
NS10041W	2	2	3	1959	57	-1	1
NS10042X	1	2	6	1960	55	-1	1
NS10042X	2	1	10	1957	58	-1	1
NS10042X	3	2	8	1995	20	-1	8
NS10042X	4	1	6	1993	22	-1	23
NS10042X	5	1	12	2012	3	-1	15
NS10045A	1	1	-9	-9	-1	-8	1
NS10045A	2	2	-9	-9	-1	23	8
NS10045A	3	1	8	1994	21	-1	8
NS10052R	1	1	9	1988	27	-1	8
NS10052R	2	1	10	1960	55	-1	1
NS10052R	3	2	8	1955	60	-1	1
NS10053S	1	2	10	1964	51	-1	1
NS10059Z	1	1	1	1961	55	-1	1
NS10059Z	2	2	9	1958	57	-1	1
NS10059Z	3	1	1	1992	24	-1	8
NS10059Z	4	1	9	2000	15	-1	8
NS10059Z	5	2	1	1991	25	-1	15
NS10067R	1	2	11	1967	48	-1	1
NS10067R	2	1	4	1967	48	-1	4
NS10067R	3	2	5	1995	20	-1	9
NS10067R	4	2	11	1996	19	-1	9
NS10072F	1	1	1	1959	57	-1	1
NS10072F	2	2	4	1964	51	-1	1
NS10072F	3	2	12	1985	30	-1	8
NS10072F	4	1	2	1993	23	-1	8
NS10072F	5	2	12	1995	20	-1	8
NS10072F	6	2	7	2006	9	-1	8
NS10076K	1	2	4	1990	25	-1	17
NS10076K	2	2	6	1993	22	-1	17
NS10086E	1	1	10	1969	46	-1	1
NS10086E	2	2	1	1969	46	-1	1
NS10086E	3	2	9	1988	27	-1	8
NS10086E	4	2	10	1991	24	-1	8
NS10086E	5	2	3	1994	21	-1	8
NS10086E	6	2	8	1999	16	-1	8
NS10086E	7	2	3	2001	14	-1	8
NS10086E	8	1	2	2004	11	-1	8
NS10090S	1	2	-9	-9	-1	-9	1
NS10090S	2	1	-9	-9	-1	-9	4
NS10093W	1	2	1	1966	50	-1	1
NS10093W	2	1	4	1964	51	-1	1
NS10093W	3	1	5	1996	19	-1	8
NS10093W	4	1	12	1998	17	-1	8
NS10095Y	1	2	6	1961	54	-1	1
NS10095Y	2	2	4	1992	23	-1	8
NS10095Y	3	1	11	1955	60	-1	4
NS10096Z	1	1	4	1966	49	-1	1
NS10096Z	2	2	1	1969	46	-1	1
NS10096Z	3	1	10	1988	27	-1	8
NS10096Z	4	2	-9	-9	-1	-8	13
NS10096Z	5	1	2	1992	23	-1	13
NS10096Z	6	2	2	1997	18	-1	8
NS10096Z	7	2	4	2013	2	-1	15
NS10126P	1	2	9	1968	47	-1	1
NS10126P	2	1	3	1968	47	-1	1
NS10126P	3	2	5	1999	16	-1	8
NS10128R	1	2	-9	-9	-1	-9	1
NS10128R	2	1	-9	-9	-1	-9	1
NS10128R	3	1	-9	-9	-1	-9	8
NS10131D	1	2	12	1958	56	-1	3
NS10131D	2	1	5	1958	57	-1	1
NS10134G	1	2	7	1954	61	-1	1
NS10138L	1	1	2	1936	79	-1	1
NS10138L	2	2	4	1952	63	-1	1
NS10138L	3	1	11	1986	29	-1	8
NS10138L	4	2	7	1989	26	-1	13
NS10138L	5	2	-9	-9	-1	29	13
NS10138L	6	1	8	1982	33	-1	8
NS10138L	7	2	11	2010	5	-1	15
NS10138L	8	2	2	2015	0	-1	15
NS10139M	1	1	12	1968	46	-1	1
NS10139M	2	2	5	1971	44	-1	1
NS10139M	3	2	7	1997	18	-1	8
NS10155X	1	2	-9	-9	-1	-9	1
NS10155X	2	1	-9	-9	-1	-9	8
NS10155X	3	2	-9	-9	-1	-9	8
NS10170F	1	2	9	1926	89	-1	14
NS10170F	2	1	5	1957	58	-1	1
NS10170F	3	2	4	1956	59	-1	1
NS10170F	4	1	9	1981	34	-1	8
NS10170F	5	2	12	1988	27	-1	13
NS10171G	1	2	-9	-9	-1	50	1
NS10171G	2	2	-9	-9	-1	34	13
NS10171G	3	1	-9	-9	-1	34	8
NS10171G	4	2	-9	-9	-1	21	8
NS10175L	1	2	-9	-9	-1	49	1
NS10176M	1	2	1	1989	27	-1	17
NS10189K	1	2	11	1966	49	-1	1
NS10189K	2	2	3	1935	81	-1	14
NS10190V	1	1	-9	-9	-1	-9	1
NS10190V	2	2	-9	-9	-1	-9	1
NS10190V	3	2	-9	-9	-1	29	8
NS10190V	4	2	-9	-9	-1	-8	8
NS10194Z	1	2	-9	-9	-1	-8	5
NS10201X	1	1	-9	-9	-1	76	14
NS10201X	2	1	-9	-9	-1	76	14
NS10205B	1	1	-9	-9	-1	-9	5
NS10205B	2	2	-9	-9	-1	-9	5
NS10205B	3	1	-9	-9	-1	-9	13
NS10213T	1	1	-9	-9	-1	51	1
NS10213T	2	2	-9	-9	-1	50	1
NS10213T	3	2	-9	-9	-1	20	8
NS10216X	1	2	1	1992	23	-1	23
NS10216X	2	1	3	1960	55	-1	1
NS10216X	3	2	11	1959	56	-1	1
NS10218Z	1	1	-9	-9	-1	52	1
NS10218Z	2	2	-9	-9	-1	50	1
NS10218Z	3	2	9	1992	23	-1	8
NS10218Z	4	2	12	1994	21	-1	8
NS10251V	1	1	11	1966	49	-1	2
NS10251V	2	2	10	1969	46	-1	1
NS10251V	3	2	11	1994	21	-1	8
NS10251V	4	2	8	2001	14	-1	8
NS10251V	5	1	-9	-9	-1	-8	23
NS10252W	1	1	-9	-9	-1	27	17
NS10252W	2	1	-9	-9	-1	28	17
NS10253X	1	2	1	1962	54	-1	23
NS10253X	2	1	8	1959	57	-1	23
NS10253X	3	2	1	1985	31	-1	23
NS10253X	4	2	2	2009	7	-1	23
NS10260N	1	2	7	1966	49	-1	1
NS10260N	2	1	3	1960	55	-1	4
NS10262Q	1	1	12	1955	60	-1	4
NS10262Q	2	2	12	1959	56	-1	1
NS10262Q	3	1	7	1988	27	-1	11
NS10266V	1	1	3	1965	51	-1	1
NS10266V	2	2	5	1970	45	-1	1
NS10266V	3	2	12	1996	19	-1	8
NS10266V	4	2	9	2007	8	-1	8
NS10270H	1	2	12	1963	52	-1	1
NS10273L	1	1	10	1956	59	-1	1
NS10273L	2	2	3	1955	60	-1	1
NS10273L	3	1	2	1982	33	-1	8
NS10273L	4	2	12	1986	29	-1	8
NS10281D	1	2	-9	-9	-1	56	1
NS10281D	2	2	-9	-9	-1	26	8
NS10281D	3	1	-9	-9	-1	20	8
NS10281D	4	1	-9	-9	-1	-9	15
NS10291Y	1	1	-9	-9	-1	28	8
NS10291Y	2	2	-9	-9	-1	31	8
NS10291Y	3	2	-9	-9	-1	8	23
NS10291Y	4	2	-9	-9	-1	19	8
NS10291Y	5	2	-9	-9	-1	50	1
NS10291Y	6	1	-9	-9	-1	59	1
NS10298F	1	2	-9	-9	-1	-8	18
NS10298F	2	1	-9	-9	-1	-8	17
NS10299G	1	1	-9	-9	-1	30	17
NS10301Z	1	1	8	1957	58	-1	1
NS10301Z	2	2	3	1959	57	-1	1
NS10307F	1	1	6	1953	62	-1	1
NS10307F	2	2	7	1957	58	-1	1
NS10312V	1	1	-9	-9	-1	-8	17
NS10314X	1	1	12	1963	52	-1	1
NS10314X	2	1	10	2001	14	-1	8
NS10315Y	1	2	7	1985	30	-1	8
NS10317A	1	1	1	1988	28	-1	8
NS10317A	2	2	-9	-9	-1	55	1
NS10317A	3	1	-9	-9	-1	58	1
NS10322P	1	2	-9	-9	-1	-9	1
NS10322P	2	1	-9	-9	-1	-9	1
NS10322P	3	1	-9	-9	-1	-9	8
NS10336N	1	1	9	1957	58	-1	23
NS10336N	2	2	6	1960	55	-1	23
NS10336N	3	2	4	1987	28	-1	23
NS10346H	1	2	10	1972	42	-1	1
NS10346H	2	1	3	1995	20	-1	8
NS10352Y	1	2	6	1990	25	-1	17
NS10352Y	2	1	-9	-9	-1	25	17
NS10354A	1	2	2	1957	59	-1	1
NS10354A	2	1	3	1957	59	-1	1
NS10357D	1	2	7	1967	48	-1	1
NS10357D	2	1	1	1963	52	-1	1
NS10362S	1	2	4	1969	47	-1	1
NS10362S	2	1	5	1965	51	-1	1
NS10362S	3	2	2	1995	21	-1	8
NS10362S	4	1	4	1998	18	-1	8
NS10362S	5	1	6	2000	16	-1	8
NS10364V	1	1	4	1992	24	-1	17
NS10365W	1	2	-9	-9	-1	25	17
NS10365W	2	2	-9	-9	-1	24	17
NS10365W	3	1	-9	-9	-1	26	17
NS10375Q	1	2	10	1993	22	-1	8
NS10375Q	2	1	7	1962	53	-1	1
NS10375Q	3	2	2	1958	58	-1	1
NS10388N	1	2	5	1964	51	-1	1
NS10388N	2	1	6	1963	52	-1	1
NS10388N	3	1	5	1991	24	-1	8
NS10388N	4	1	12	1998	16	-1	8
NS10388N	5	2	12	1998	16	-1	8
NS10393C	1	2	-9	-9	-1	34	17
NS10393C	2	2	-9	-9	-1	27	17
NS10396F	1	2	9	1989	26	-1	17
NS10396F	2	2	7	1991	24	-1	17
NS10397G	1	1	1	1962	53	-1	1
NS10397G	2	2	11	1959	55	-1	1
NS10397G	3	1	6	1993	22	-1	8
NS10401B	1	1	4	1946	70	-1	1
NS10407H	1	1	11	1974	41	-1	1
NS10407H	2	2	4	1980	35	-1	4
NS10407H	3	2	8	2011	4	-1	9
NS10411W	1	1	-9	-9	-1	-9	1
NS10411W	2	2	-9	-9	-1	-9	1
NS10411W	3	2	-9	-9	-1	-9	8
NS10411W	4	2	-9	-9	-1	-9	8
NS10411W	5	2	-9	-9	-1	-9	8
NS10413Y	1	2	-9	-9	-1	55	1
NS10413Y	2	1	-9	-9	-1	57	1
NS10413Y	3	2	-9	-9	-1	11	8
NS10413Y	4	1	-9	-9	-1	30	8
NS10415A	1	2	6	1950	65	-1	16
NS10416B	1	1	8	1960	55	-1	1
NS10416B	2	2	4	1965	50	-1	1
NS10416B	3	2	12	1997	18	-1	8
NS10417C	1	2	3	1959	56	-1	1
NS10417C	2	1	7	1953	62	-1	1
NS10421Q	1	2	11	1960	55	-1	1
NS10421Q	2	1	7	1960	55	-1	1
NS10426W	1	2	3	1963	52	-1	1
NS10426W	2	1	3	1959	56	-1	1
NS10431K	1	1	4	1966	49	-1	1
NS10431K	2	2	5	1969	46	-1	1
NS10431K	3	1	8	1988	27	-1	13
NS10431K	4	1	4	1990	25	-1	13
NS10434N	1	1	2	1960	55	-1	1
NS10434N	2	2	3	1954	61	-1	1
NS10434N	3	1	5	1998	17	-1	15
NS10436Q	1	1	-9	-9	-1	25	17
NS10440D	1	2	1	1957	59	-1	1
NS10444H	1	2	5	1964	51	-1	1
NS10444H	2	1	-9	-9	-1	16	8
NS10444H	3	1	-9	-9	-1	14	8
NS10447L	1	2	7	1991	24	-1	17
NS10447L	2	2	-9	-9	-1	40	17
NS10462V	1	2	6	1954	61	-1	1
NS10462V	2	1	9	1944	71	-1	1
NS10471N	1	1	-9	-9	-1	26	8
NS10471N	2	2	-9	-9	-1	60	1
NS10471N	3	1	-9	-9	-1	31	8
NS10472P	1	2	6	1987	28	-1	8
NS10472P	2	1	8	1993	22	-1	8
NS10472P	3	2	1	1962	54	-1	1
NS10474R	1	1	-9	-9	-1	60	1
NS10474R	2	2	-9	-9	-1	59	1
NS10474R	3	1	-9	-9	-1	30	8
NS10474R	4	2	-9	-9	-1	29	13
NS10474R	5	1	-9	-9	-1	29	8
NS10474R	6	2	-9	-9	-1	1	15
NS10474R	7	1	11	2015	0	-1	15
NS10475S	1	2	-9	-9	-1	-8	1
NS10475S	2	1	-9	-9	-1	-8	1
NS10475S	3	2	3	1988	28	-1	8
NS10476T	1	2	10	1964	51	-1	1
NS10476T	2	1	4	1962	53	-1	1
NS10477V	1	2	2	1951	64	-1	1
NS10477V	2	1	6	1953	62	-1	1
NS10496H	1	1	-9	-9	-1	62	1
NS10496H	2	2	-9	-9	-1	55	1
NS10507K	1	2	-9	-9	-1	58	1
NS10507K	2	1	-9	-9	-1	59	1
NS10507K	3	2	-9	-9	-1	26	15
NS10511Y	1	2	6	1956	59	-1	1
NS10511Y	2	1	5	1955	60	-1	1
NS10512Z	1	2	-9	-9	-1	58	1
NS10512Z	2	1	-9	-9	-1	61	1
NS10512Z	3	1	-9	-9	-1	17	8
NS10515C	1	2	-9	-9	-1	22	8
NS10515C	2	2	-9	-9	-1	-8	1
NS10516D	1	2	-9	-9	-1	49	1
NS10516D	2	1	-9	-9	-1	58	1
NS10516D	3	1	2	2006	9	-1	8
NS10530L	1	1	9	1953	61	-1	1
NS10530L	2	2	9	1957	57	-1	1
NS10530L	3	2	9	1995	19	-1	7
NS10531M	1	2	3	1968	47	-1	1
NS10531M	2	2	8	2006	9	-1	9
NS10531M	3	2	6	2008	7	-1	9
NS10542H	1	2	-9	-9	-1	26	17
NS10542H	2	2	-9	-9	-1	27	17
NS10542H	3	1	-9	-9	-1	23	17
NS10556G	1	2	7	1956	59	-1	1
NS10556G	2	2	6	1987	28	-1	8
NS10556G	3	1	3	1951	64	-1	1
NS10557H	1	2	8	1962	53	-1	1
NS10557H	2	1	6	1955	60	-1	4
NS10559K	1	1	-9	-9	-1	25	17
NS10559K	2	2	-9	-9	-1	26	17
NS10563Y	1	2	10	1960	55	-1	1
NS10563Y	2	2	11	1988	27	-1	8
NS10565A	1	1	-9	-9	-1	-9	1
NS10565A	2	2	-9	-9	-1	-9	1
NS10570P	1	2	3	1964	51	-1	1
NS10570P	2	1	10	1962	53	-1	1
NS10570P	3	2	6	1997	18	-1	8
NS10578Y	1	2	2	1958	57	-1	1
NS10578Y	2	1	2	1950	65	-1	1
NS10578Y	3	1	1	1987	28	-1	8
NS10582L	1	1	8	1989	26	-1	17
NS10585P	1	2	-9	-9	-1	18	8
NS10585P	2	2	-9	-9	-1	50	1
NS10585P	3	1	-9	-9	-1	50	1
NS10586Q	1	2	-9	-9	-1	64	1
NS10586Q	2	1	-9	-9	-1	64	1
NS10586Q	3	2	-9	-9	-1	27	8
NS10592F	1	1	-9	-9	-1	26	23
NS10592F	2	2	-9	-9	-1	-8	23
NS10595J	1	2	4	1970	45	-1	1
NS10595J	2	2	8	1995	20	-1	8
NS10595J	3	2	7	1998	17	-1	8
NS10595J	4	2	3	2000	15	-1	8
NS10595J	5	2	9	2001	14	-1	8
NS10596K	1	2	-9	-9	-1	-8	1
NS10596K	2	1	-9	-9	-1	-8	1
NS10599N	1	2	7	1969	46	-1	1
NS10599N	2	1	6	1992	23	-1	8
NS10600E	1	1	-9	-9	-1	-9	1
NS10600E	2	2	-9	-9	-1	-9	1
NS10608N	1	2	1	1972	43	-1	23
NS10614D	1	1	1	1944	72	-1	1
NS10614D	2	2	5	1954	62	-1	1
NS10614D	3	1	8	1988	27	-1	8
NS10627B	1	1	8	1989	26	-1	17
NS10632Q	1	1	-9	-9	-1	51	4
NS10632Q	2	2	8	1969	46	-1	1
NS10632Q	3	2	10	1998	17	-1	9
NS10641J	1	1	-9	-9	-1	29	17
NS10641J	2	2	-9	-9	-1	29	17
NS10644M	1	2	6	1967	48	-1	1
NS10648R	1	2	5	1963	52	-1	1
NS10654G	1	2	-9	-9	-1	23	19
NS10654G	2	1	-9	-9	-1	27	17
NS10654G	3	2	-9	-9	-1	23	17
NS10654G	4	2	-9	-9	-1	24	17
NS10654G	5	2	-9	-9	-1	24	17
NS10654G	6	1	-9	-9	-1	23	17
NS10656J	1	1	10	1954	61	-1	1
NS10656J	2	2	10	1958	57	-1	1
NS10656J	3	1	10	1980	35	-1	8
NS10658L	1	2	-9	-9	-1	46	1
NS10658L	2	1	1	1968	48	-1	4
NS10658L	3	1	11	2004	11	-1	9
NS10658L	4	2	1	2002	14	-1	9
NS10660X	1	1	1	1937	79	-1	1
NS10660X	2	2	1	1953	63	-1	1
NS10666D	1	2	9	1961	53	-1	1
NS10669G	1	1	5	1972	43	-1	1
NS10672T	1	2	10	1988	27	-1	17
NS10672T	2	2	3	1991	24	-1	17
NS10682N	1	2	12	1969	46	-1	1
NS10685R	1	2	-9	-9	-1	-9	17
NS10685R	2	1	-9	-9	-1	-8	17
NS10685R	3	1	-9	-9	-1	-8	17
NS10686S	1	1	5	1964	51	-1	1
NS10686S	2	2	8	1960	55	-1	1
NS10695L	1	1	12	1956	59	-1	1
NS10702J	1	1	11	1989	26	-1	8
NS10704L	1	1	-9	-9	-1	75	14
NS10704L	2	2	-9	-9	-1	72	14
NS10704L	3	2	-9	-9	-1	49	1
NS10704L	4	1	-9	-9	-1	49	1
NS10704L	5	1	-9	-9	-1	21	8
NS10704L	6	1	-9	-9	-1	12	8
NS10705M	1	1	-9	-9	-1	50	1
NS10705M	2	2	-9	-9	-1	50	1
NS10705M	3	2	-9	-9	-1	23	19
NS10705M	4	1	-9	-9	-1	21	8
NS10709R	1	2	3	1964	51	-1	1
NS10710B	1	2	1	1964	52	-1	1
NS10710B	2	1	11	1992	23	-1	8
NS10710B	3	1	8	1994	22	-1	8
NS10710B	4	1	8	2014	2	-1	6
NS10714F	1	2	5	1956	59	-1	1
NS10714F	2	1	7	1992	23	-1	8
NS10714F	3	1	7	1992	23	-1	8
NS10715G	1	1	2	1970	46	-1	1
NS10715G	2	2	7	1970	45	-1	1
NS10719L	1	1	1	1989	27	-1	17
NS10719L	2	1	5	1990	26	-1	17
NS10720W	1	1	4	2014	1	-1	23
NS10720W	2	2	-9	-9	-1	56	1
NS10720W	3	2	-9	-9	-1	95	14
NS10720W	4	1	-9	-9	-1	99	14
NS10726C	1	1	-9	-9	-1	57	4
NS10726C	2	2	6	1966	49	-1	1
NS10729F	1	2	7	1993	22	-1	17
NS10729F	2	1	3	1992	24	-1	23
NS10732S	1	1	2	2009	7	-1	4
NS10735W	1	1	-9	-9	-1	60	1
NS10735W	2	2	-9	-9	-1	52	1
NS10735W	3	2	-9	-9	-1	21	8
NS10735W	4	2	-9	-9	-1	20	8
NS10746R	1	1	3	1962	53	-1	1
NS10746R	2	2	3	1962	53	-1	1
NS10746R	3	1	3	1994	21	-1	8
NS10752G	1	2	12	1951	64	-1	1
NS10752G	2	1	7	1950	65	-1	1
NS10762B	1	2	4	1986	30	-1	8
NS10762B	2	1	-9	-9	-1	-8	23
NS10762B	3	1	-9	-9	-1	-8	15
NS10762B	4	2	-9	-9	-1	-8	15
NS10762B	5	2	-9	-9	-1	-8	15
NS10765E	1	2	1	2002	14	-1	6
NS10773X	1	2	2	1962	54	-1	1
NS10773X	2	1	5	1963	52	-1	1
NS10773X	3	2	5	1988	28	-1	8
NS10775Z	1	2	4	1965	50	-1	1
NS10775Z	2	1	6	1994	21	-1	8
NS10777B	1	1	-9	-9	-1	65	1
NS10779D	1	2	-9	-9	-1	52	1
NS10779D	2	1	-9	-9	-1	60	1
NS10779D	3	2	2	1999	16	-1	8
NS10781P	1	1	-9	-9	-1	-8	1
NS10781P	2	2	-9	-9	-1	-8	1
NS10788X	1	1	-9	-9	-1	-9	1
NS10788X	2	2	-9	-9	-1	-9	1
NS10788X	3	1	-9	-9	-1	-9	8
NS10791J	1	1	6	1958	57	-1	1
NS10791J	2	2	3	1962	53	-1	1
NS10792K	1	2	-9	-9	-1	68	5
NS10792K	2	1	-9	-9	-1	70	5
NS10792K	3	1	-9	-9	-1	38	13
NS10792K	4	2	-9	-9	-1	33	13
NS10794M	1	1	3	1967	49	-1	1
NS10794M	2	2	12	1966	49	-1	1
NS10802L	1	2	10	1956	59	-1	1
NS10802L	2	1	10	1985	30	-1	23
NS10802L	3	1	3	2005	10	-1	12
NS10811E	1	2	6	1966	49	-1	1
NS10811E	2	1	3	1997	18	-1	8
NS10816K	1	1	1	1956	60	-1	1
NS10816K	2	2	8	1956	59	-1	1
NS10833W	1	2	-9	-9	-1	51	1
NS10833W	2	1	-9	-9	-1	53	4
NS10835Y	1	2	4	1962	53	-1	1
NS10835Y	2	1	3	1961	54	-1	1
NS10835Y	3	1	6	1994	21	-1	8
NS10839C	1	2	12	1965	49	-1	1
NS10839C	2	1	11	1973	41	-1	4
NS10843Q	1	2	-9	-9	-1	59	1
NS10843Q	2	1	-9	-9	-1	52	1
NS10845S	1	2	12	1960	54	-1	1
NS10845S	2	1	3	1961	54	-1	1
NS10850G	1	2	5	1964	51	-1	1
NS10850G	2	1	11	1996	19	-1	9
NS10854L	1	2	8	1969	46	-1	1
NS10854L	2	2	2	2010	6	-1	9
NS10855M	1	1	1	1988	27	-1	8
NS10861C	1	1	-9	-9	-1	-9	1
NS10861C	2	2	-9	-9	-1	-9	1
NS10861C	3	1	-9	-9	-1	-9	8
NS10861C	4	2	-9	-9	-1	-9	8
NS10861C	5	2	-9	-9	-1	-9	8
NS10867J	1	1	5	1990	25	-1	17
NS10870W	1	2	-9	-9	-1	27	8
NS10870W	2	2	-9	-9	-1	26	8
NS10870W	3	2	-9	-9	-1	66	1
NS10881R	1	1	9	1957	58	-1	1
NS10881R	2	2	11	1959	56	-1	1
NS10882S	1	2	3	1960	55	-1	1
NS10882S	2	1	2	1964	51	-1	1
NS10882S	3	1	8	1992	23	-1	8
NS10884V	1	1	7	1987	28	-1	8
NS10893N	1	1	-9	-9	-1	63	15
NS10893N	2	2	-9	-9	-1	60	15
NS10893N	3	2	3	1981	34	-1	15
NS10898T	1	2	4	1990	25	-1	17
NS10898T	2	1	2	1990	25	-1	17
NS10898T	3	1	4	1990	25	-1	17
NS10898T	4	1	7	1990	25	-1	17
NS10901M	1	2	3	1968	48	-1	1
NS10901M	2	2	9	1994	21	-1	8
NS10902N	1	2	1	1992	24	-1	17
NS10903P	1	1	1	1964	52	-1	1
NS10908V	1	1	-9	-9	-1	55	1
NS10908V	2	2	-9	-9	-1	55	1
NS10908V	3	1	-9	-9	-1	22	8
NS10926G	1	2	12	1957	57	-1	1
NS10926G	2	1	9	1964	51	-1	4
NS10926G	3	2	1	1994	21	-1	8
NS10926G	4	2	1	1994	21	-1	8
NS10930V	1	1	7	1990	25	-1	8
NS10930V	2	1	3	1954	61	-1	23
NS10930V	3	2	6	1962	53	-1	1
NS10931W	1	2	-9	-9	-1	55	19
NS10931W	2	1	-9	-9	-1	62	1
NS10941Q	1	1	-9	-9	-1	-8	1
NS10943S	1	1	-9	-9	-1	56	1
NS10943S	2	2	-9	-9	-1	45	1
NS10943S	3	1	-9	-9	-1	27	8
NS10943S	4	1	-9	-9	-1	23	8
NS10944T	1	1	5	1989	27	-1	8
NS10944T	2	2	4	1953	63	-1	1
NS10947X	1	2	11	1989	26	-1	17
NS10947X	2	2	8	1983	32	-1	17
NS10947X	3	2	1	1988	28	-1	17
NS10950J	1	2	1	1966	50	-1	1
NS10950J	2	1	4	1988	28	-1	8
NS10952L	1	1	8	1959	56	-1	1
NS10952L	2	2	4	1961	54	-1	1
NS10955P	1	2	1	1951	64	-1	1
NS10955P	2	1	4	1947	68	-1	1
NS10955P	3	1	10	1985	30	-1	8
NS10958S	1	2	8	1988	27	-1	8
NS10958S	2	1	6	1997	18	-1	8
NS10958S	3	1	8	1966	49	-1	1
NS10958S	4	2	12	1966	49	-1	1
NS10968M	1	1	-9	-9	-1	50	1
NS10968M	2	2	-9	-9	-1	46	1
NS10968M	3	2	-9	-9	-1	16	8
NS10968M	4	2	-9	-9	-1	75	14
NS10968M	5	1	-9	-9	-1	78	14
NS10970Y	1	1	-9	-9	-1	26	23
NS10970Y	2	2	-9	-9	-1	-9	17
NS10972A	1	2	4	1989	26	-1	17
NS10972A	2	2	10	1989	25	-1	17
NS10983W	1	1	1	1953	63	-1	1
NS10983W	2	2	7	1955	60	-1	1
NS10984X	1	1	12	1964	51	-1	1
NS10984X	2	2	9	1966	49	-1	1
NS10984X	3	1	4	1992	23	-1	8
NS10984X	4	2	1	1997	19	-1	8
NS10985Y	1	2	-9	-9	-1	50	1
NS10985Y	2	1	9	1964	51	-1	1
NS10985Y	3	1	5	2003	12	-1	8
NS10991N	1	2	1	1956	59	-1	1
NS10991N	2	1	8	1955	60	-1	1
NS10996T	1	2	2	1966	49	-1	1
NS10996T	2	1	1	1983	32	-1	13
NS10997V	1	2	5	1961	54	-1	1
NS10997V	2	1	4	1961	54	-1	1
NS11002P	1	1	11	1991	24	-1	17
NS11004R	1	1	-9	-9	-1	-8	1
NS11004R	2	2	-9	-9	-1	-8	1
NS11005S	1	2	10	1961	54	-1	1
NS11005S	2	1	9	1957	58	-1	1
NS11005S	3	1	1	1978	38	-1	8
NS11010G	1	1	7	1947	68	-1	1
NS11015M	1	1	2	1987	29	-1	8
NS11016N	1	2	4	1998	18	-1	8
NS11016N	2	2	4	1971	45	-1	1
NS11016N	3	1	12	1967	48	-1	1
NS11019R	1	1	1	1951	65	-1	5
NS11019R	2	2	8	1961	54	-1	5
NS11019R	3	1	1	1988	28	-1	13
NS11019R	4	1	12	2003	12	-1	13
NS11031X	1	1	-9	-9	-1	23	17
NS11031X	2	1	-9	-9	-1	21	17
NS11031X	3	1	-9	-9	-1	24	17
NS11031X	4	1	-9	-9	-1	27	17
NS11031X	5	1	-9	-9	-1	25	17
NS11041R	1	2	1	1962	54	-1	1
NS11041R	2	1	1	1961	55	-1	1
NS11041R	3	2	8	1993	22	-1	8
NS11041R	4	1	10	2015	0	-1	15
NS11042S	1	1	1	1997	19	-1	13
NS11048Z	1	2	-9	-9	-1	29	17
NS11048Z	2	2	-9	-9	-1	30	17
NS11055Q	1	1	9	1952	63	-1	1
NS11055Q	2	2	6	1962	53	-1	1
NS11055Q	3	2	6	1999	16	-1	8
NS11055Q	4	1	10	1993	22	-1	8
NS11058T	1	2	2	1959	56	-1	1
NS11058T	2	1	7	1959	56	-1	1
NS11058T	3	1	7	1994	21	-1	8
NS11064J	1	1	5	1968	47	-1	1
NS11064J	2	1	1	1964	52	-1	1
NS11064J	3	1	10	1991	24	-1	8
NS11066L	1	2	4	1964	51	-1	1
NS11066L	2	1	4	1958	57	-1	1
NS11066L	3	1	8	1993	22	-1	8
NS11071A	1	2	8	1961	54	-1	1
NS11071A	2	1	8	1961	54	-1	1
NS11071A	3	2	4	1987	28	-1	8
NS11071A	4	1	1	1989	26	-1	8
NS11071A	5	2	2	1992	23	-1	8
NS11075E	1	2	5	1954	61	-1	1
NS11075E	2	2	6	1992	23	-1	8
NS11077G	1	2	7	1970	45	-1	1
NS11077G	2	1	2	1968	47	-1	1
NS11077G	3	1	6	1993	22	-1	8
NS11077G	4	1	4	1995	20	-1	8
NS11077G	5	1	10	1997	18	-1	8
NS11077G	6	1	9	2015	0	-1	6
NS11077G	7	2	2	1992	23	-1	13
NS11077G	8	1	6	1978	37	-1	23
NS11082W	1	2	11	1953	62	-1	1
NS11082W	2	2	10	1991	24	-1	8
NS11089D	1	1	9	1990	25	-1	19
NS11090N	1	2	4	1963	52	-1	1
NS11090N	2	2	7	1991	24	-1	8
NS11091P	1	1	1	1960	56	-1	1
NS11097W	1	1	1	1969	47	-1	1
NS11097W	2	2	1	1970	46	-1	1
NS11097W	3	2	9	1982	33	-1	8
NS11097W	4	2	6	1998	17	-1	8
NS11120D	1	1	2	1964	51	-1	1
NS11120D	2	2	3	1969	46	-1	1
NS11120D	3	1	4	1994	21	-1	8
NS11124H	1	2	7	1957	58	-1	1
NS11126K	1	1	-9	-9	-1	56	1
NS11126K	2	2	-9	-9	-1	42	1
NS11126K	3	2	-9	-9	-1	22	8
NS11126K	4	1	-9	-9	-1	21	8
NS11126K	5	2	-9	-9	-1	13	8
NS11126K	6	1	-9	-9	-1	12	8
NS11126K	7	2	-9	-9	-1	11	8
NS11128M	1	2	1	1949	66	-1	1
NS11129N	1	2	-9	-9	-1	57	1
NS11129N	2	1	-9	-9	-1	59	1
NS11129N	3	1	-9	-9	-1	19	8
NS11131Z	1	2	2	1958	57	-1	1
NS11131Z	2	1	3	1952	63	-1	1
NS11131Z	3	1	7	1988	27	-1	8
NS11134C	1	1	5	1949	66	-1	1
NS11134C	2	2	4	1955	60	-1	1
NS11137F	1	1	-9	-9	-1	-8	1
NS11137F	2	2	-9	-9	-1	-8	1
NS11137F	3	2	10	1994	21	-1	11
NS11147A	1	1	8	1964	51	-1	1
NS11147A	2	2	7	1968	47	-1	1
NS11147A	3	2	10	1991	24	-1	8
NS11147A	4	2	6	1997	18	-1	8
NS11171C	1	2	2	1952	64	-1	1
NS11171C	2	1	3	1956	60	-1	1
NS11174F	1	1	1	1967	49	-1	1
NS11174F	2	2	12	1968	47	-1	1
NS11174F	3	1	10	1986	29	-1	8
NS11184A	1	1	-9	-9	-1	-8	17
NS11184A	2	2	-9	-9	-1	-8	17
NS11185B	1	1	1	1964	52	-1	1
NS11185B	2	2	3	1964	51	-1	1
NS11185B	3	2	9	2003	12	-1	8
NS11187D	1	1	10	1989	26	-1	8
NS11201S	1	1	12	1962	53	-1	1
NS11201S	2	2	7	1965	51	-1	4
NS11201S	3	1	12	2002	13	-1	9
NS11202T	1	2	11	1987	28	-1	8
NS11202T	2	1	-9	-9	-1	36	16
NS11202T	3	1	4	2016	0	-1	15
NS11203V	1	2	8	1964	51	-1	1
NS11203V	2	1	11	1954	60	-1	1
NS11204W	1	1	1	1997	19	-1	8
NS11204W	2	2	8	1991	24	-1	8
NS11204W	3	2	1	1971	45	-1	1
NS11204W	4	1	3	1971	45	-1	1
NS11208A	1	1	1	1943	72	-1	1
NS11208A	2	1	2	1993	22	-1	8
NS11208A	3	1	6	1986	29	-1	8
NS11208A	4	2	8	1983	32	-1	8
NS11211M	1	1	10	1942	73	-1	1
NS11211M	2	2	10	1954	61	-1	1
NS11214Q	1	2	-9	-9	-1	-9	8
NS11214Q	2	2	-9	-9	-1	-8	8
NS11214Q	3	2	-9	-9	-1	-8	8
NS11214Q	4	2	-9	-9	-1	-9	8
NS11214Q	5	1	-9	-9	-1	-9	8
NS11214Q	6	2	-9	-9	-1	-9	1
NS11214Q	7	1	-9	-9	-1	-9	1
NS11215R	1	2	11	1997	18	-1	23
NS11216S	1	1	6	1961	54	-1	1
NS11216S	2	2	9	1965	50	-1	1
NS11216S	3	2	4	1994	21	-1	8
NS11219W	1	1	11	1991	24	-1	8
NS11219W	2	1	8	1999	16	-1	8
NS11219W	3	1	1	1994	21	-1	8
NS11219W	4	2	12	1971	44	-1	1
NS11227N	1	1	8	1960	55	-1	1
NS11227N	2	2	1	1959	57	-1	1
NS11233D	1	1	5	1963	52	-1	1
NS11233D	2	2	5	1965	50	-1	1
NS11233D	3	2	5	1996	19	-1	8
NS11233D	4	2	1	1999	16	-1	8
NS11234E	1	2	5	1961	54	-1	1
NS11234E	2	1	8	1961	54	-1	1
NS11235F	1	2	4	1960	55	-1	1
NS11235F	2	2	1	1981	35	-1	8
NS11235F	3	2	1	1982	34	-1	8
NS11239K	1	2	5	1963	52	-1	1
NS11239K	2	1	5	1964	51	-1	1
NS11239K	3	1	10	1996	19	-1	8
NS11241W	1	1	11	1989	26	-1	17
NS11242X	1	2	11	1955	60	-1	1
NS11242X	2	1	3	1955	60	-1	1
NS11245A	1	1	-9	-9	-1	-9	17
NS11245A	2	1	-9	-9	-1	-9	17
NS11246B	1	2	4	1963	52	-1	1
NS11246B	2	1	12	1956	59	-1	1
NS11252R	1	2	2	1959	57	-1	1
NS11252R	2	1	4	1955	61	-1	1
NS11253S	1	2	1	1956	59	-1	1
NS11253S	2	1	4	1955	60	-1	1
NS11255V	1	2	-9	-9	-1	56	1
NS11255V	2	1	-9	-9	-1	57	1
NS11255V	3	1	-9	-9	-1	24	8
NS11257X	1	1	9	1960	55	-1	1
NS11257X	2	2	8	1963	52	-1	1
NS11258Y	1	2	10	1958	57	-1	1
NS11258Y	2	2	6	1996	19	-1	8
NS11258Y	3	1	11	1992	22	-1	8
NS11262L	1	2	12	1957	58	-1	1
NS11263M	1	1	-9	-9	-1	-9	9
NS11263M	2	2	-9	-9	-1	-9	1
NS11263M	3	1	-9	-9	-1	-9	14
NS11273G	1	1	1	1966	49	-1	1
NS11273G	2	2	10	1968	46	-1	4
NS11273G	3	2	-9	-9	-1	18	11
NS11274H	1	2	-9	-9	-1	47	1
NS11274H	2	1	-9	-9	-1	48	1
NS11274H	3	1	1	2003	13	-1	8
NS11275J	1	1	6	1990	25	-1	17
NS11275J	2	1	12	1989	26	-1	17
NS11286E	1	2	4	1968	48	-1	1
NS11286E	2	1	5	1970	46	-1	1
NS11286E	3	2	8	2000	15	-1	8
NS11293W	1	2	-9	-9	-1	48	5
NS11293W	2	1	-9	-9	-1	55	5
NS11293W	3	2	-9	-9	-1	23	13
NS11293W	4	2	-9	-9	-1	-8	16
NS11294X	1	2	11	1965	50	-1	1
NS11297A	1	2	1	1954	62	-1	1
NS11299C	1	1	3	1949	67	-1	1
NS11299C	2	2	11	1953	62	-1	1
NS11309D	1	1	-9	-9	-1	-8	17
NS11309D	2	1	-9	-9	-1	-8	17
NS11311P	1	1	-9	-9	-1	26	17
NS11311P	2	2	-9	-9	-1	38	17
NS11318X	1	1	8	1946	69	-1	1
NS11318X	2	2	3	1958	57	-1	1
NS11318X	3	1	6	1993	22	-1	8
NS11319Y	1	2	2	1961	54	-1	1
NS11320H	1	2	-9	-9	-1	17	8
NS11320H	2	2	-9	-9	-1	21	8
NS11320H	3	2	-9	-9	-1	45	1
NS11321J	1	2	3	1961	54	-1	1
NS11321J	2	1	11	1957	57	-1	1
NS11322K	1	2	1	1956	60	-1	1
NS11322K	2	1	10	1953	62	-1	1
NS11328R	1	2	-9	-9	-1	-9	1
NS11328R	2	1	-9	-9	-1	-9	1
NS11328R	3	2	-9	-9	-1	-9	8
NS11328R	4	2	-9	-9	-1	-9	8
NS11328R	5	2	-9	-9	-1	-9	8
NS11330C	1	1	-9	-9	-1	26	17
NS11338L	1	2	-9	-9	-1	-8	1
NS11338L	2	1	-9	-9	-1	-8	4
NS11338L	3	1	-9	-9	-1	-8	9
NS11338L	4	2	-9	-9	-1	-8	12
NS11338L	5	1	-9	-9	-1	-8	12
NS11338L	6	2	-9	-9	-1	-8	12
NS11340X	1	2	-9	-9	-1	26	18
NS11340X	2	1	-9	-9	-1	26	17
NS11340X	3	2	-9	-9	-1	26	17
NS11343A	1	1	2	1958	58	-1	1
NS11343A	2	2	11	1966	49	-1	1
NS11343A	3	2	5	1986	30	-1	8
NS11343A	4	1	1	1988	28	-1	8
NS11343A	5	1	12	1985	30	-1	13
NS11343A	6	2	6	1988	27	-1	13
NS11346D	1	2	7	1962	53	-1	1
NS11346D	2	2	12	1993	22	-1	8
NS11351S	1	1	6	1987	28	-1	8
NS11351S	2	1	1	1965	51	-1	1
NS11351S	3	1	10	1988	27	-1	8
NS11351S	4	1	6	1993	22	-1	8
NS11351S	5	2	4	2000	15	-1	8
NS11351S	6	2	6	1967	48	-1	1
NS11351S	7	2	6	1987	28	-1	13
NS11351S	8	2	6	1996	19	-1	13
NS11354W	1	2	-9	-9	-1	50	1
NS11354W	2	1	-9	-9	-1	55	1
NS11354W	3	2	-9	-9	-1	-9	8
NS11354W	4	2	-9	-9	-1	-9	8
NS11354W	5	2	-9	-9	-1	-9	8
NS11356Y	1	1	12	1956	59	-1	1
NS11356Y	2	2	9	1960	55	-1	1
NS11356Y	3	1	9	1983	32	-1	8
NS11356Y	4	2	1	1984	32	-1	13
NS11356Y	5	2	5	2007	8	-1	15
NS11356Y	6	2	3	2013	2	-1	15
NS11367T	1	1	12	1955	60	-1	1
NS11368V	1	1	-9	-9	-1	65	1
NS11372H	1	2	6	1967	48	-1	1
NS11372H	2	1	4	1961	55	-1	1
NS11372H	3	1	4	1993	23	-1	8
NS11372H	4	2	4	1996	20	-1	8
NS11372H	5	1	3	1998	18	-1	8
NS11375L	1	1	8	1959	56	-1	1
NS11375L	2	2	11	1959	56	-1	1
NS11375L	3	1	2	1994	21	-1	8
NS11376M	1	2	4	1986	29	-1	8
NS11376M	2	1	8	1996	19	-1	8
NS11376M	3	2	7	1994	21	-1	8
NS11376M	4	1	8	1996	19	-1	8
NS11377N	1	1	-9	-9	-1	-9	1
NS11377N	2	2	-9	-9	-1	-9	1
NS11378P	1	1	-9	-9	-1	65	1
NS11384E	1	1	10	1953	62	-1	1
NS11384E	2	2	10	1956	59	-1	1
NS11384E	3	1	8	1993	23	-1	8
NS11393Y	1	1	10	1957	58	-1	1
NS11393Y	2	2	7	1956	59	-1	1
NS11393Y	3	1	10	1987	28	-1	8
NS11394Z	1	1	2	1965	50	-1	1
NS11410Q	1	2	2	1990	26	-1	1
NS11418Z	1	2	-9	-9	-1	49	1
NS11418Z	2	1	-9	-9	-1	-8	1
NS11418Z	3	2	-9	-9	-1	13	8
NS11418Z	4	2	-9	-9	-1	9	8
NS11418Z	5	1	-9	-9	-1	11	8
NS11420K	1	2	6	1988	27	-1	8
NS11420K	2	2	6	1955	60	-1	1
NS11420K	3	1	12	1945	70	-1	1
NS11424P	1	2	-9	-9	-1	-9	1
NS11424P	2	1	-9	-9	-1	-9	4
NS11424P	3	2	-9	-9	-1	-9	8
NS11424P	4	1	-9	-9	-1	-9	8
NS11424P	5	2	-9	-9	-1	-9	8
NS11424P	6	2	-9	-9	-1	-9	8
NS11427S	1	2	4	1964	52	-1	1
NS11427S	2	1	4	1961	55	-1	1
NS11444D	1	2	4	1963	52	-1	1
NS11444D	2	1	3	1961	54	-1	1
NS11451V	1	2	5	1958	57	-1	1
NS11451V	2	1	5	1956	59	-1	1
NS11452W	1	1	6	1960	55	-1	1
NS11452W	2	2	8	1954	61	-1	1
NS11452W	3	2	6	1992	23	-1	8
NS11452W	4	2	4	1994	21	-1	8
NS11465T	1	2	8	1956	59	-1	1
NS11472K	1	2	10	1970	45	-1	1
NS11472K	2	2	6	1994	21	-1	8
NS11473L	1	1	6	1947	68	-1	1
NS11474M	1	2	9	1957	58	-1	1
NS11474M	2	1	12	1955	60	-1	4
NS11477Q	1	1	-9	-9	-1	-9	1
NS11477Q	2	1	-9	-9	-1	-9	14
NS11477Q	3	2	-9	-9	-1	-9	1
NS11477Q	4	2	-9	-9	-1	-9	14
NS11477Q	5	1	-9	-9	-1	-9	8
NS11477Q	6	1	-9	-9	-1	-9	8
NS11478R	1	1	7	1950	65	-1	1
NS11478R	2	2	4	1954	61	-1	1
NS11480C	1	2	3	1958	57	-1	1
NS11480C	2	1	10	1958	57	-1	1
NS11480C	3	1	1	1986	29	-1	8
NS11481D	1	2	-9	-9	-1	-8	15
NS11481D	2	1	-9	-9	-1	-8	15
NS11481D	3	2	8	1991	24	-1	8
NS11481D	4	2	12	1996	18	-1	8
NS11481D	5	1	-9	-9	-1	-8	15
NS11487K	1	2	-9	-9	-1	29	17
NS11489M	1	2	9	1950	65	-1	14
NS11491Y	1	2	-9	-9	-1	55	1
NS11491Y	2	1	-9	-9	-1	70	1
NS11497E	1	2	8	1969	46	-1	1
NS11497E	2	2	4	1996	19	-1	8
NS11501Z	1	1	-9	-9	-1	-8	1
NS11501Z	2	2	-9	-9	-1	-8	1
NS11501Z	3	1	-9	-9	-1	-8	8
NS11501Z	4	1	-9	-9	-1	-8	8
NS11501Z	5	2	-9	-9	-1	-8	8
NS11507F	1	1	-9	-9	-1	40	15
NS11507F	2	2	-9	-9	-1	50	1
NS11507F	3	1	-9	-9	-1	51	1
NS11507F	4	2	-9	-9	-1	22	15
NS11507F	5	2	-9	-9	-1	24	15
NS11507F	6	1	-9	-9	-1	21	15
NS11511T	1	1	9	1964	51	-1	1
NS11511T	2	2	4	1967	49	-1	1
NS11513W	1	2	-9	-9	-1	-9	1
NS11513W	2	1	-9	-9	-1	-9	1
NS11513W	3	1	-9	-9	-1	-9	8
NS11522P	1	2	3	1959	56	-1	1
NS11522P	2	1	6	1953	62	-1	1
NS11522P	3	1	5	1988	27	-1	8
NS11525S	1	1	-9	-9	-1	27	17
NS11525S	2	1	-9	-9	-1	29	17
NS11525S	3	1	-9	-9	-1	26	17
NS11525S	4	1	-9	-9	-1	27	17
NS11539R	1	2	8	1954	61	-1	1
NS11539R	2	1	6	1951	64	-1	1
NS11549L	1	1	-9	-9	-1	26	17
NS11550W	1	1	12	1965	50	-1	1
NS11550W	2	1	-9	-9	-1	22	8
NS11550W	3	2	12	1997	18	-1	8
NS11558E	1	2	4	1942	73	-1	14
NS11559F	1	2	-9	-9	-1	60	1
NS11559F	2	1	-9	-9	-1	60	1
NS11561R	1	1	-9	-9	-1	52	23
NS11561R	2	2	-9	-9	-1	45	23
NS11563T	1	2	-9	-9	-1	58	1
NS11563T	2	1	-9	-9	-1	70	1
NS11564V	1	1	-9	-9	-1	25	17
NS11570K	1	2	6	1993	22	-1	8
NS11579V	1	2	11	1965	49	-1	1
NS11579V	2	2	10	1989	25	-1	16
NS11579V	3	2	-9	-9	-1	19	8
NS11579V	4	1	-9	-9	-1	21	8
NS11579V	5	2	-9	-9	-1	24	17
NS11581F	1	2	-9	-9	-1	54	15
NS11581F	2	2	-9	-9	-1	86	14
NS11585K	1	2	11	1974	41	-1	8
NS11590Z	1	1	3	1961	54	-1	1
NS11590Z	2	2	4	1961	54	-1	1
NS11591A	1	2	8	1964	51	-1	1
NS11591A	2	1	6	1958	57	-1	1
NS11591A	3	2	2	1994	21	-1	8
NS11594D	1	1	-9	-9	-1	20	19
NS11596F	1	2	6	1986	30	-1	17
NS11597G	1	2	-9	-9	-1	-8	1
NS11597G	2	1	-9	-9	-1	-8	1
NS11598H	1	2	6	1966	49	-1	1
NS11598H	2	1	6	1958	57	-1	1
NS11598H	3	1	10	1985	30	-1	8
NS11601B	1	1	6	1961	54	-1	1
NS11601B	2	2	11	1959	56	-1	1
NS11601B	3	1	4	1995	20	-1	8
NS11602C	1	1	1	1997	19	-1	8
NS11602C	2	2	9	1993	22	-1	8
NS11608J	1	2	8	1950	65	-1	1
NS11608J	2	1	6	1955	60	-1	1
NS11611W	1	1	-9	-9	-1	-9	1
NS11611W	2	2	-9	-9	-1	-9	1
NS11611W	3	2	-9	-9	-1	-9	8
NS11611W	4	2	-9	-9	-1	-9	8
NS11611W	5	2	-9	-9	-1	-9	8
NS11611W	6	1	-9	-9	-1	-9	8
NS11611W	7	1	-9	-9	-1	-9	8
NS11616B	1	1	-9	-9	-1	56	1
NS11616B	2	1	-9	-9	-1	54	1
NS11616B	3	1	-9	-9	-1	24	8
NS11616B	4	1	-9	-9	-1	21	8
NS11616B	5	1	-9	-9	-1	22	8
NS11616B	6	2	-9	-9	-1	14	8
NS11621Q	1	2	-9	-9	-1	25	17
NS11627X	1	1	3	1958	58	-1	1
NS11630J	1	1	11	1952	63	-1	1
NS11630J	2	2	1	1961	55	-1	1
NS11630J	3	1	11	1991	24	-1	8
NS11631K	1	2	9	1989	26	-1	17
NS11632L	1	2	1	1971	45	-1	1
NS11632L	2	2	4	1997	19	-1	8
NS11632L	3	2	3	1998	18	-1	8
NS11632L	4	1	2	2003	13	-1	8
NS11635P	1	2	2	1962	54	-1	5
NS11635P	2	1	6	1961	55	-1	17
NS11641E	1	2	-9	-9	-1	19	17
NS11641E	2	2	-9	-9	-1	19	17
NS11641E	3	1	-9	-9	-1	26	17
NS11641E	4	2	-9	-9	-1	23	17
NS11642F	1	1	9	1960	55	-1	1
NS11642F	2	2	-9	-9	-1	50	1
NS11643G	1	1	10	1986	28	-1	8
NS11643G	2	2	-9	-9	-1	50	1
NS11643G	3	1	10	1960	54	-1	1
NS11648M	1	2	-9	-9	-1	53	1
NS11648M	2	1	-9	-9	-1	13	9
NS11650Y	1	1	-9	-9	-1	-9	19
NS11650Y	2	2	-9	-9	-1	-9	22
NS11651Z	1	1	-9	-9	-1	26	17
NS11652A	1	2	-9	-9	-1	34	23
NS11652A	2	2	-9	-9	-1	31	23
NS11657F	1	1	12	1970	44	-1	1
NS11657F	2	2	12	1969	45	-1	1
NS11657F	3	2	11	1993	21	-1	8
NS11657F	4	1	7	1998	17	-1	8
NS11661T	1	1	1	1989	27	-1	18
NS11661T	2	1	9	1988	27	-1	17
NS11661T	3	1	4	1989	26	-1	17
NS11661T	4	2	-9	-9	-1	26	17
NS11665Y	1	2	12	1952	63	-1	1
NS11665Y	2	1	12	1953	62	-1	1
NS11673Q	1	2	-9	-9	-1	-9	17
NS11673Q	2	2	-9	-9	-1	-9	17
NS11676T	1	2	5	1966	49	-1	1
NS11676T	2	1	10	1996	19	-1	8
NS11679X	1	1	-9	-9	-1	-9	1
NS11679X	2	2	-9	-9	-1	-9	1
NS11679X	3	1	-9	-9	-1	-9	8
NS11681H	1	1	-9	-9	-1	-8	17
NS11681H	2	2	-9	-9	-1	-8	17
NS11681H	3	1	-9	-9	-1	-8	17
NS11681H	4	1	-9	-9	-1	-8	17
NS11681H	5	2	-9	-9	-1	-8	23
NS11688Q	1	2	-9	-9	-1	50	1
NS11692D	1	1	-9	-9	-1	-9	1
NS11692D	2	2	-9	-9	-1	-9	1
NS11696H	1	2	9	1957	58	-1	1
NS11696H	2	1	3	1964	51	-1	4
NS11704G	1	1	9	1960	55	-1	1
NS11704G	2	2	8	1963	52	-1	1
NS11706J	1	2	2	1959	56	-1	1
NS11706J	2	1	8	1953	62	-1	1
NS11714B	1	2	9	1990	25	-1	17
NS11714B	2	1	-9	-9	-1	25	17
NS11717E	1	2	10	1988	27	-1	8
NS11718F	1	2	6	1953	63	-1	1
NS11718F	2	1	10	1982	33	-1	8
NS11719G	1	2	-9	-9	-1	58	1
NS11719G	2	1	12	1937	78	-1	1
NS11722T	1	1	-9	-9	-1	53	1
NS11722T	2	2	-9	-9	-1	51	1
NS11722T	3	1	12	1987	28	-1	8
NS11722T	4	2	10	1998	17	-1	8
NS11724W	1	1	8	1986	29	-1	19
NS11724W	2	1	5	1964	52	-1	1
NS11734Q	1	2	5	1963	52	-1	1
NS11734Q	2	1	-9	-9	-1	-8	1
NS11734Q	3	1	10	1998	17	-1	8
NS11734Q	4	2	8	2000	15	-1	8
NS11743J	1	1	1	1951	65	-1	1
NS11743J	2	2	1	1956	60	-1	1
NS11745L	1	1	-9	-9	-1	25	19
NS11762X	1	1	-9	-9	-1	26	17
NS11762X	2	1	-9	-9	-1	25	17
NS11762X	3	1	-9	-9	-1	27	17
NS11765A	1	2	11	1950	65	-1	1
NS11765A	2	1	-9	-9	-1	88	8
NS11765A	3	2	8	1987	28	-1	13
NS11765A	4	1	-9	-9	-1	3	15
NS11765A	5	2	5	2013	3	-1	15
NS11767C	1	2	6	1957	59	-1	1
NS11767C	2	1	7	1955	61	-1	1
NS11770P	1	2	7	1988	27	-1	8
NS11770P	2	2	2	1957	58	-1	1
NS11777X	1	2	-9	-9	-1	33	15
NS11777X	2	1	-9	-9	-1	-8	16
NS11777X	3	1	-9	-9	-1	11	15
NS11777X	4	1	-9	-9	-1	7	15
NS11777X	5	2	-9	-9	-1	1	15
NS11780J	1	1	-9	-9	-1	46	1
NS11780J	2	2	-9	-9	-1	46	1
NS11780J	3	2	-9	-9	-1	19	8
NS11780J	4	2	-9	-9	-1	14	8
NS11780J	5	1	-9	-9	-1	8	8
NS11781K	1	2	2	1962	53	-1	1
NS11783M	1	2	8	1961	54	-1	23
NS11786Q	1	2	1	1953	63	-1	1
NS11786Q	2	1	10	1946	69	-1	1
NS11793G	1	2	8	1960	55	-1	1
NS11793G	2	1	12	1959	55	-1	1
NS11793G	3	1	4	1992	23	-1	8
NS11801F	1	2	5	1966	49	-1	1
NS11801F	2	2	1	1998	17	-1	8
NS11801F	3	1	4	2003	12	-1	8
NS11816F	1	1	12	1957	57	-1	1
NS11816F	2	2	3	1950	65	-1	1
NS11823X	1	2	4	2000	15	-1	8
NS11823X	2	2	8	1964	51	-1	1
NS11828C	1	2	-9	-9	-1	45	1
NS11828C	2	1	-9	-9	-1	51	8
NS11828C	3	1	12	1989	26	-1	8
NS11832Q	1	1	-9	-9	-1	-9	1
NS11832Q	2	2	-9	-9	-1	-9	1
NS11840H	1	2	3	1970	45	-1	1
NS11840H	2	1	8	1968	47	-1	1
NS11840H	3	2	10	1996	19	-1	8
NS11843L	1	1	2	1954	62	-1	1
NS11843L	2	2	1	1964	52	-1	1
NS11843L	3	1	9	1985	30	-1	8
NS11843L	4	2	8	1985	30	-1	13
NS11843L	5	1	2	1980	36	-1	8
NS11843L	6	2	8	1985	30	-1	13
NS11853F	1	2	12	1959	56	-1	1
NS11853F	2	1	6	1952	63	-1	1
NS11858L	1	2	6	1966	49	-1	1
NS11858L	2	1	6	1964	51	-1	4
NS11858L	3	1	11	1988	27	-1	8
NS11858L	4	1	9	1996	19	-1	8
NS11859M	1	2	11	1950	64	-1	1
NS11859M	2	1	3	1955	60	-1	1
NS11860X	1	1	9	1958	57	-1	1
NS11860X	2	2	10	1958	57	-1	1
NS11864B	1	1	11	1989	26	-1	17
NS11864B	2	1	5	1990	25	-1	17
NS11866D	1	1	4	1992	23	-1	17
NS11866D	2	2	-9	-9	-1	32	18
NS11867E	1	2	4	1955	60	-1	1
NS11867E	2	1	4	1987	28	-1	8
NS11868F	1	2	12	1963	51	-1	1
NS11868F	2	1	7	1996	19	-1	8
NS11868F	3	1	1	1992	23	-1	8
NS11868F	4	1	9	1987	28	-1	8
NS11869G	1	1	-9	-9	-1	26	17
NS11871S	1	2	8	1988	27	-1	8
NS11877Z	1	2	12	1970	45	-1	1
NS11877Z	2	1	2	1969	47	-1	1
NS11877Z	3	2	10	1993	22	-1	8
NS11877Z	4	2	4	1997	19	-1	8
NS11877Z	5	2	9	1915	100	-1	15
NS11880L	1	1	-9	-9	-1	-8	1
NS11880L	2	2	-9	-9	-1	-8	1
NS11880L	3	2	-9	-9	-1	23	8
NS11880L	4	1	-9	-9	-1	20	8
NS11882N	1	2	5	1966	49	-1	1
NS11885R	1	1	-9	-9	-1	-8	8
NS11885R	2	2	-9	-9	-1	-8	8
NS11885R	3	2	-9	-9	-1	-8	8
NS11885R	4	2	-9	-9	-1	-8	8
NS11885R	5	2	-9	-9	-1	-8	1
NS11888V	1	1	-9	-9	-1	-9	-9
NS11888V	2	2	-9	-9	-1	-9	-9
NS11888V	3	1	-9	-9	-1	-9	-9
NS11888V	4	1	-9	-9	-1	-9	-9
NS11889W	1	1	-9	-9	-1	27	17
NS11889W	2	1	-9	-9	-1	24	17
NS11902J	1	1	-9	-9	-1	29	17
NS11903K	1	2	4	1968	47	-1	1
NS11903K	2	2	6	1993	22	-1	8
NS11903K	3	1	12	2010	4	-1	23
NS11903K	4	1	-9	-9	-1	-8	23
NS11908Q	1	1	-9	-9	-1	63	1
NS11908Q	2	2	3	1966	49	-1	1
NS11916H	1	1	7	1958	57	-1	1
NS11916H	2	2	1	1966	49	-1	1
NS11916H	3	1	3	1992	23	-1	8
NS11919L	1	2	-9	-9	-1	-8	1
NS11920W	1	1	7	1957	58	-1	1
NS11920W	2	2	6	1957	58	-1	1
NS11920W	3	1	1	1992	24	-1	8
NS11921X	1	2	6	2002	13	-1	8
NS11921X	2	1	5	1960	55	-1	1
NS11928E	1	1	-9	-9	-1	-9	17
NS11928E	2	2	-9	-9	-1	-9	17
NS11928E	3	1	-9	-9	-1	-9	17
NS11931R	1	1	7	1964	52	-1	1
NS11931R	2	2	3	1953	63	-1	1
NS11932S	1	1	7	1997	18	-1	8
NS11932S	2	2	3	1964	51	-1	1
NS11932S	3	1	3	1963	52	-1	1
NS11937Y	1	2	10	1966	48	-1	1
NS11937Y	2	1	5	1996	19	-1	8
NS11948T	1	1	-9	-9	-1	-9	-9
NS11948T	2	-9	-9	-9	-1	-9	-9
NS11948T	3	-9	-9	-9	-1	-9	-9
NS11951F	1	2	-9	-9	-1	41	1
NS11951F	2	2	12	2015	0	-1	13
NS11951F	3	2	-9	-9	-1	17	13
NS11951F	4	1	-9	-9	-1	-8	4
NS11953H	1	1	8	1965	51	-1	1
NS11953H	2	2	10	1965	50	-1	1
NS11953H	3	1	8	1987	29	-1	8
NS11953H	4	2	1	1992	24	-1	8
NS11953H	5	2	8	1996	20	-1	8
NS11953H	6	2	6	1998	18	-1	8
NS11958N	1	1	10	1989	26	-1	17
NS11967G	1	1	-9	-9	-1	54	1
NS11967G	2	2	-9	-9	-1	50	1
NS11967G	3	1	-9	-9	-1	30	8
NS11967G	4	2	-9	-9	-1	29	16
NS11967G	5	2	-9	-9	-1	29	8
NS11967G	6	2	-9	-9	-1	18	8
NS11967G	7	1	-9	-9	-1	4	23
NS11967G	8	2	-9	-9	-1	1	23
NS11969J	1	1	10	1959	56	-1	1
NS11969J	2	2	1	1965	50	-1	1
NS11970T	1	2	4	1967	48	-1	1
NS11978C	1	2	-9	-9	-1	-9	1
NS11978C	2	1	-9	-9	-1	-9	8
NS11982Q	1	2	6	1950	65	-1	14
NS11983R	1	1	-9	-9	-1	-9	1
NS11983R	2	1	-9	-9	-1	-9	8
NS11995N	1	1	2	1992	24	-1	23
NS11998R	1	2	7	1954	61	-1	1
NS12003L	1	1	2	1959	57	-1	1
NS12003L	2	2	5	1960	55	-1	13
NS12006P	1	2	12	1954	60	-1	1
NS12011D	1	2	-9	-9	-1	42	1
NS12011D	2	2	-9	-9	-1	24	8
NS12011D	3	1	9	1960	55	-1	1
NS12015H	1	1	-9	-9	-1	63	15
NS12015H	2	2	-9	-9	-1	57	15
NS12015H	3	1	-9	-9	-1	29	15
NS12015H	4	1	-9	-9	-1	4	15
NS12015H	5	1	-9	-9	-1	3	15
NS12015H	6	1	-9	-9	-1	-9	23
NS12021Y	1	1	9	1953	62	-1	2
NS12021Y	2	2	9	1956	59	-1	2
NS12033V	1	2	9	1973	42	-1	1
NS12033V	2	1	-9	-9	-1	-8	4
NS12033V	3	2	-9	-9	-1	11	9
NS12036Y	1	2	10	1960	55	-1	1
NS12043P	1	2	7	1959	56	-1	1
NS12043P	2	2	2	1993	22	-1	8
NS12043P	3	2	5	1996	19	-1	8
NS12043P	4	1	10	2007	8	-1	15
NS12047T	1	2	9	1959	56	-1	1
NS12047T	2	1	2	1960	55	-1	1
NS12052H	1	1	-9	-9	-1	33	8
NS12052H	2	1	-9	-9	-1	48	4
NS12052H	3	2	-9	-9	-1	55	1
NS12053J	1	1	4	1992	23	-1	8
NS12053J	2	1	11	1953	62	-1	1
NS12053J	3	2	1	1986	30	-1	8
NS12053J	4	2	5	1965	50	-1	1
NS12055L	1	1	12	1954	61	-1	1
NS12055L	2	2	6	1973	42	-1	1
NS12055L	3	1	6	1992	23	-1	8
NS12055L	4	1	3	1998	18	-1	8
NS12055L	5	1	3	2007	9	-1	8
NS12060A	1	2	-9	-9	-1	29	23
NS12060A	2	2	-9	-9	-1	27	23
NS12060A	3	2	-9	-9	-1	25	23
NS12060A	4	2	-9	-9	-1	23	23
NS12060A	5	1	-9	-9	-1	20	23
NS12062C	1	2	-9	-9	-1	45	1
NS12062C	2	1	6	1992	23	-1	8
NS12062C	3	1	9	1998	17	-1	8
NS12062C	4	1	9	2000	15	-1	8
NS12063D	1	1	5	1961	54	-1	1
NS12063D	2	2	2	1969	46	-1	1
NS12063D	3	2	5	2006	9	-1	8
NS12063D	4	1	8	1993	22	-1	8
NS12064E	1	1	10	1967	48	-1	1
NS12064E	2	2	6	1975	40	-1	4
NS12064E	3	1	12	1992	23	-1	11
NS12064E	4	1	1	1997	19	-1	11
NS12064E	5	1	10	2003	12	-1	9
NS12064E	6	2	10	2006	9	-1	9
NS12068J	1	2	3	1960	55	-1	1
NS12068J	2	1	5	1961	54	-1	1
NS12068J	3	1	5	1994	21	-1	8
NS12070V	1	2	8	1957	58	-1	1
NS12070V	2	1	9	1954	61	-1	1
NS12078D	1	1	6	2011	4	-1	6
NS12090J	1	2	11	1985	30	-1	17
NS12090J	2	2	-9	-9	-1	34	17
NS12098S	1	2	8	1961	54	-1	1
NS12098S	2	1	6	1950	65	-1	4
NS12103N	1	2	10	1966	49	-1	1
NS12103N	2	1	11	1964	51	-1	4
NS12103N	3	2	8	1996	19	-1	8
NS12112G	1	2	9	1956	59	-1	1
NS12112G	2	1	11	1946	69	-1	1
NS12115K	1	2	4	1988	28	-1	8
NS12115K	2	2	8	1965	50	-1	1
NS12115K	3	1	-9	-9	-1	62	4
NS12116L	1	2	5	1958	57	-1	1
NS12116L	2	1	3	1957	58	-1	1
NS12116L	3	2	11	1983	32	-1	8
NS12117M	1	2	8	1996	19	-1	8
NS12117M	2	2	1	1967	48	-1	1
NS12117M	3	1	-9	-9	-1	-9	-9
NS12126F	1	2	3	1992	23	-1	15
NS12126F	2	1	6	1990	25	-1	17
NS12131V	1	2	12	1963	52	-1	1
NS12131V	2	1	9	1956	59	-1	1
NS12131V	3	1	5	1985	31	-1	8
NS12131V	4	2	-9	-9	-1	-8	13
NS12131V	5	1	4	1988	28	-1	8
NS12131V	6	1	4	1988	28	-1	8
NS12131V	7	1	11	1994	21	-1	8
NS12131V	8	1	8	2014	1	-1	23
NS12131V	9	-8	-9	-9	-1	-8	-8
NS12138C	1	1	6	1952	63	-1	1
NS12138C	2	2	7	1960	55	-1	1
NS12138C	3	1	10	1991	24	-1	8
NS12140N	1	2	-9	-9	-1	50	1
NS12140N	2	1	-9	-9	-1	50	1
NS12143R	1	2	10	1966	49	-1	1
NS12143R	2	1	11	1952	63	-1	4
NS12148X	1	1	2	1955	60	-1	1
NS12148X	2	2	-9	-9	-1	-8	1
NS12148X	3	1	3	1991	24	-1	8
NS12148X	4	2	2	1997	18	-1	8
NS12152K	1	2	-9	-9	-1	53	1
NS12152K	2	1	-9	-9	-1	52	4
NS12155N	1	1	-9	-9	-1	29	17
NS12160C	1	1	8	1960	55	-1	1
NS12160C	2	2	12	1957	58	-1	1
NS12160C	3	1	1	1992	24	-1	8
NS12167K	1	2	12	1961	54	-1	1
NS12167K	2	1	2	1957	58	-1	1
NS12167K	3	2	5	1993	22	-1	8
NS12168L	1	2	-9	-9	-1	-8	17
NS12168L	2	1	-9	-9	-1	-8	17
NS12168L	3	1	-9	-9	-1	-8	17
NS12171Y	1	2	11	1965	50	-1	1
NS12171Y	2	2	5	1992	23	-1	8
NS12178F	1	1	4	1956	59	-1	1
NS12178F	2	2	8	1960	55	-1	1
NS12184W	1	2	2	1989	27	-1	8
NS12184W	2	2	10	1962	53	-1	1
NS12184W	3	1	3	1960	56	-1	1
NS12184W	4	1	7	1987	28	-1	8
NS12191M	1	2	7	1967	48	-1	1
NS12191M	2	1	12	1964	51	-1	1
NS12191M	3	1	6	1994	21	-1	8
NS12193P	1	2	9	1960	55	-1	1
NS12193P	2	1	7	1960	55	-1	1
NS12193P	3	1	-9	-9	-1	30	8
NS12197T	1	1	-9	-9	-1	-9	1
NS12197T	2	2	-9	-9	-1	-9	1
NS12197T	3	2	-9	-9	-1	-9	8
NS12197T	4	-9	-9	-9	-1	-9	10
NS12197T	5	2	-9	-9	-1	-9	10
NS12201N	1	1	1	1961	55	-1	1
NS12201N	2	2	11	1960	55	-1	1
NS12201N	3	2	7	1995	20	-1	8
NS12203Q	1	1	-9	-9	-1	-8	1
NS12203Q	2	2	4	1960	55	-1	1
NS12203Q	3	1	1	1993	23	-1	8
NS12203Q	4	2	8	2000	15	-1	8
NS12215M	1	1	-9	-9	-1	-9	1
NS12215M	2	2	-9	-9	-1	-9	1
NS12215M	3	2	-9	-9	-1	-9	8
NS12217P	1	2	3	1960	55	-1	1
NS12217P	2	1	4	1960	55	-1	1
NS12230W	1	1	2	1961	55	-1	1
NS12230W	2	2	8	1961	54	-1	1
NS12230W	3	2	3	1995	21	-1	8
NS12236C	1	2	5	1961	54	-1	1
NS12236C	2	1	6	1991	24	-1	8
NS12236C	3	1	7	1994	21	-1	8
NS12238E	1	1	-9	-9	-1	30	8
NS12238E	2	2	-9	-9	-1	28	13
NS12238E	3	1	-9	-9	-1	1	15
NS12245W	1	1	-9	-9	-1	-9	1
NS12245W	2	2	-9	-9	-1	-9	1
NS12245W	3	1	-9	-9	-1	-9	8
NS12246X	1	2	2	1961	54	-1	1
NS12246X	2	1	9	1960	55	-1	1
NS12246X	3	1	9	1994	21	-1	8
NS12246X	4	2	3	1989	26	-1	8
NS12247Y	1	2	2	1960	56	-1	1
NS12247Y	2	1	6	1970	46	-1	4
NS12247Y	3	2	5	1970	46	-1	4
NS12253N	1	2	-9	-9	-1	70	14
NS12254P	1	2	5	1958	57	-1	1
NS12254P	2	1	2	1956	59	-1	1
NS12260E	1	2	3	1966	49	-1	1
NS12260E	2	1	-9	-9	-1	29	4
NS12264J	1	2	-9	-9	-1	54	5
NS12264J	2	1	-9	-9	-1	57	5
NS12264J	3	1	8	1981	34	-1	13
NS12270Z	1	1	9	1955	60	-1	1
NS12270Z	2	2	8	1968	47	-1	1
NS12270Z	3	2	6	1988	27	-1	8
NS12270Z	4	1	7	1990	25	-1	8
NS12276F	1	2	11	1992	23	-1	8
NS12276F	2	2	3	1962	53	-1	1
NS12276F	3	1	7	1958	57	-1	1
NS12281V	1	2	-9	-9	-1	81	14
NS12281V	2	1	-9	-9	-1	83	14
NS12281V	3	1	10	1994	21	-1	8
NS12294S	1	2	2	1993	22	-1	8
NS12300P	1	2	9	1951	64	-1	1
NS12303S	1	2	12	1990	25	-1	19
NS12303S	2	2	1	1990	26	-1	19
NS12303S	3	2	11	1990	25	-1	19
NS12306W	1	2	9	1959	56	-1	1
NS12307X	1	2	7	1953	62	-1	1
NS12316Q	1	2	9	1955	60	-1	1
NS12330Y	1	2	-9	-9	-1	-9	1
NS12330Y	2	1	-9	-9	-1	-9	1
NS12330Y	3	2	-9	-9	-1	-9	8
NS12333B	1	1	2	1958	57	-1	1
NS12333B	2	2	1	1957	59	-1	1
NS12333B	3	1	11	1988	27	-1	8
NS12336E	1	2	6	1965	50	-1	1
NS12338G	1	1	12	1987	27	-1	13
NS12340S	1	2	11	1957	57	-1	1
NS12340S	2	1	11	1957	57	-1	1
NS12344X	1	2	-9	-9	-1	29	17
NS12344X	2	2	-9	-9	-1	26	17
NS12344X	3	2	-9	-9	-1	23	17
NS12354R	1	2	9	1989	26	-1	8
NS12354R	2	2	4	1984	31	-1	8
NS12354R	3	1	1	1986	29	-1	8
NS12354R	4	2	5	1996	19	-1	8
NS12354R	5	2	-9	-9	-1	52	1
NS12354R	6	1	-9	-9	-1	74	1
NS12355S	1	2	-9	-9	-1	49	1
NS12355S	2	1	-9	-9	-1	-8	23
NS12355S	3	2	-9	-9	-1	21	9
NS12355S	4	1	-9	-9	-1	14	9
NS12358W	1	2	-9	-9	-1	-8	1
NS12358W	2	1	-9	-9	-1	-8	1
NS12360G	1	2	12	1966	49	-1	1
NS12360G	2	1	7	1970	45	-1	4
NS12360G	3	1	11	2003	12	-1	9
NS12360G	4	2	10	2006	9	-1	9
NS12372D	1	1	7	1955	60	-1	1
NS12372D	2	2	1	1959	57	-1	1
NS12372D	3	1	1	1992	24	-1	8
NS12378K	1	1	-9	-9	-1	64	1
NS12378K	2	2	-9	-9	-1	62	1
NS12380W	1	1	11	1956	59	-1	1
NS12380W	2	1	7	1993	22	-1	8
NS12380W	3	2	7	1955	60	-1	1
NS12383Z	1	1	1	1947	69	-1	1
NS12383Z	2	1	1	1949	67	-1	1
NS12383Z	3	1	10	1992	23	-1	8
NS12383Z	4	1	7	2003	12	-1	8
NS12383Z	5	2	1	1997	19	-1	9
NS12383Z	6	2	9	1991	24	-1	9
NS12383Z	7	-8	-9	-9	-1	-8	-9
NS12385B	1	1	12	1965	50	-1	1
NS12385B	2	2	3	1966	49	-1	1
NS12388E	1	2	-9	-9	-1	46	1
NS12388E	2	1	-9	-9	-1	53	4
NS12388E	3	2	-9	-9	-1	6	15
NS12388E	4	2	-9	-9	-1	24	8
NS12390Q	1	1	8	1960	55	-1	5
NS12402T	1	1	9	1961	54	-1	1
NS12402T	2	2	8	1961	54	-1	1
NS12402T	3	2	7	1991	24	-1	8
NS12409B	1	2	4	1962	53	-1	1
NS12411M	1	1	1	1957	58	-1	1
NS12411M	2	2	6	1963	52	-1	1
NS12411M	3	2	11	1995	19	-1	8
NS12427N	1	2	1	1963	53	-1	1
NS12427N	2	1	12	1994	21	-1	8
NS12434E	1	1	11	1989	26	-1	17
NS12434E	2	1	9	1989	26	-1	17
NS12439K	1	1	-9	-9	-1	-8	1
NS12439K	2	2	-9	-9	-1	-8	1
NS12439K	3	1	12	1992	23	-1	8
NS12439K	4	1	-9	-9	-1	-8	8
NS12439K	5	1	9	1995	20	-1	8
NS12439K	6	2	-9	-9	-1	-8	8
NS12446B	1	1	11	1992	22	-1	8
NS12446B	2	1	7	1960	55	-1	1
NS12446B	3	2	6	1964	51	-1	1
NS12447C	1	2	-9	-9	-1	58	1
NS12447C	2	1	-9	-9	-1	64	1
NS12454T	1	1	-9	-9	-1	54	1
NS12454T	2	2	-9	-9	-1	54	1
NS12454T	3	2	-9	-9	-1	16	8
NS12454T	4	2	-9	-9	-1	24	8
NS12456W	1	1	-9	-9	-1	17	8
NS12456W	2	2	-9	-9	-1	21	8
NS12456W	3	2	-9	-9	-1	24	8
NS12456W	4	1	-9	-9	-1	45	1
NS12456W	5	2	-9	-9	-1	50	1
NS12469T	1	2	5	1964	51	-1	1
NS12469T	2	1	-9	-9	-1	56	4
NS12469T	3	1	-9	-9	-1	27	8
NS12475J	1	2	8	1966	49	-1	1
NS12475J	2	1	8	1962	53	-1	1
NS12480Y	1	1	-9	-9	-1	-9	1
NS12480Y	2	2	-9	-9	-1	-9	1
NS12483B	1	1	-9	-9	-1	43	17
NS12485D	1	1	-9	-9	-1	25	19
NS12492V	1	2	6	1959	56	-1	1
NS12502W	1	1	12	1956	59	-1	1
NS12502W	2	2	10	1963	52	-1	1
NS12516V	1	1	-9	-9	-1	-8	1
NS12516V	2	2	3	1962	54	-1	1
NS12519Y	1	1	-9	-9	-1	-8	17
NS12525N	1	1	-9	-9	-1	54	1
NS12525N	2	2	-9	-9	-1	58	5
NS12531D	1	2	-9	-9	-1	54	1
NS12531D	2	1	-9	-9	-1	56	4
NS12531D	3	1	-9	-9	-1	23	8
NS12531D	4	1	-9	-9	-1	17	8
NS12535H	1	1	3	1952	63	-1	1
NS12535H	2	2	8	1955	60	-1	1
NS12537K	1	2	9	1949	66	-1	1
NS12537K	2	1	3	1951	64	-1	1
NS12537K	3	2	10	1991	24	-1	8
NS12537K	4	2	7	2012	3	-1	15
NS12541Y	1	1	-9	-9	-1	70	1
NS12541Y	2	2	-9	-9	-1	60	1
NS12541Y	3	1	-9	-9	-1	35	8
NS12541Y	4	1	-9	-9	-1	30	8
NS12541Y	5	2	-9	-9	-1	26	8
NS12541Y	6	2	-9	-9	-1	4	15
NS12541Y	7	1	-9	-9	-1	1	15
NS12548F	1	2	12	1957	58	-1	1
NS12548F	2	2	11	1992	23	-1	8
NS12548F	3	1	12	2014	1	-1	15
NS12549G	1	1	-9	-9	-1	29	8
NS12549G	2	2	-9	-9	-1	56	1
NS12551S	1	2	2	1960	55	-1	1
NS12551S	2	1	4	1954	61	-1	1
NS12556Y	1	1	12	1962	52	-1	1
NS12556Y	2	2	9	1970	45	-1	1
NS12556Y	3	2	9	1992	23	-1	8
NS12556Y	4	1	5	2001	14	-1	8
NS12557Z	1	1	-9	-9	-1	11	6
NS12563P	1	1	7	1965	50	-1	13
NS12563P	2	2	9	1969	46	-1	8
NS12563P	3	1	7	1998	17	-1	15
NS12563P	4	1	8	2002	13	-1	15
NS12564Q	1	1	-9	-9	-1	-9	8
NS12564Q	2	1	-9	-9	-1	-9	19
NS12564Q	3	1	-9	-9	-1	-9	8
NS12564Q	4	1	-9	-9	-1	-9	8
NS12564Q	5	1	-9	-9	-1	-9	8
NS12564Q	6	1	-9	-9	-1	-9	8
NS12564Q	7	1	-9	-9	-1	-9	8
NS12564Q	8	1	-9	-9	-1	-9	8
NS12564Q	9	1	-9	-9	-1	-9	8
NS12564Q	10	2	-9	-9	-1	-9	8
NS12569W	1	1	-9	-9	-1	48	1
NS12569W	2	2	-9	-9	-1	-9	1
NS12569W	3	2	-9	-9	-1	24	8
NS12569W	4	2	-9	-9	-1	22	8
NS12569W	5	1	-9	-9	-1	17	8
NS12571G	1	2	-9	-9	-1	25	23
NS12573J	1	1	6	1930	85	-1	14
NS12573J	2	2	5	1937	78	-1	14
NS12573J	3	1	1	1959	56	-1	1
NS12573J	4	2	9	1963	52	-1	1
NS12573J	5	1	3	1988	27	-1	8
NS12586G	1	2	4	1951	64	-1	1
NS12586G	2	1	10	1949	66	-1	1
NS12590V	1	1	8	1948	67	-1	5
NS12590V	2	2	3	1957	59	-1	5
NS12590V	3	1	6	1993	22	-1	13
NS12596B	1	2	-9	-9	-1	-8	5
NS12596B	2	1	-9	-9	-1	-8	5
NS12596B	3	2	-9	-9	-1	-8	16
NS12598D	1	1	8	1953	62	-1	1
NS12598D	2	2	5	1959	56	-1	1
NS12598D	3	1	1	1994	21	-1	8
NS12603Z	1	-9	-9	-9	-1	-9	1
NS12603Z	2	-9	-9	-9	-1	-9	1
NS12606C	1	1	-9	-9	-1	-9	1
NS12606C	2	2	-9	-9	-1	-9	1
NS12608E	1	2	12	1961	53	-1	1
NS12608E	2	1	11	1960	55	-1	1
NS12611R	1	2	-9	-9	-1	53	1
NS12616X	1	2	-9	-9	-1	51	1
NS12618Z	1	2	12	1969	46	-1	1
NS12618Z	2	1	12	1970	45	-1	1
NS12618Z	3	2	5	1993	22	-1	8
NS12618Z	4	1	1	1994	21	-1	13
NS12621L	1	1	5	1965	51	-1	1
NS12621L	2	2	1	1966	50	-1	1
NS12621L	3	2	4	1997	19	-1	8
NS12634J	1	2	-9	-9	-1	21	17
NS12634J	2	2	-9	-9	-1	21	17
NS12634J	3	2	-9	-9	-1	20	17
NS12645E	1	1	10	1958	57	-1	1
NS12645E	2	2	4	1998	17	-1	8
NS12658C	1	1	-9	-9	-1	50	1
NS12658C	2	2	-9	-9	-1	-8	1
NS12658C	3	1	-9	-9	-1	24	8
NS12664S	1	2	-9	-9	-1	80	14
NS12664S	2	1	4	1953	63	-1	1
NS12664S	3	2	9	1953	62	-1	1
NS12664S	4	2	3	1991	25	-1	8
NS12664S	5	2	4	1995	20	-1	8
NS12665T	1	2	2	1984	31	-1	8
NS12676P	1	2	-9	-9	-1	52	1
NS12676P	2	1	1	1963	52	-1	1
NS12676P	3	1	2	1994	21	-1	8
NS12677Q	1	2	4	1959	56	-1	17
NS12677Q	2	1	9	1994	21	-1	17
NS12677Q	3	2	12	1967	48	-1	17
NS12679S	1	1	-9	-9	-1	30	17
NS12684G	1	2	9	1958	57	-1	1
NS12684G	2	1	9	1956	59	-1	1
NS12684G	3	2	12	1995	20	-1	8
NS12688L	1	2	12	1956	58	-1	1
NS12688L	2	1	-9	-9	-1	59	1
NS12688L	3	2	4	1996	19	-1	15
NS12708G	1	1	6	1990	25	-1	17
NS12708G	2	1	3	1990	25	-1	17
NS12708G	3	1	7	1990	25	-1	17
NS12711T	1	2	-9	-9	-1	62	1
NS12711T	2	1	-9	-9	-1	64	1
NS12714X	1	2	-9	-9	-1	-9	14
NS12714X	2	1	-9	-9	-1	-9	14
NS12722P	1	2	-9	-9	-1	50	1
NS12722P	2	1	-9	-9	-1	45	4
NS12722P	3	1	-9	-9	-1	24	8
NS12722P	4	1	-9	-9	-1	32	8
NS12722P	5	2	-9	-9	-1	18	9
NS12723Q	1	2	8	1965	50	-1	1
NS12723Q	2	2	1	2001	15	-1	8
NS12730G	1	2	1	1955	61	-1	1
NS12739R	1	2	10	1963	52	-1	1
NS12739R	2	1	3	1959	56	-1	1
NS12740B	1	1	1	1992	23	-1	8
NS12741C	1	1	2	1984	31	-1	23
NS12742D	1	1	3	1954	61	-1	1
NS12742D	2	2	1	1959	56	-1	1
NS12742D	3	1	2	1990	25	-1	8
NS12746H	1	2	12	1968	47	-1	1
NS12746H	2	1	-9	-9	-1	4	9
NS12746H	3	1	-9	-9	-1	15	8
NS12746H	4	2	3	1989	27	-1	23
NS12747J	1	2	5	1965	50	-1	1
NS12747J	2	1	3	1962	54	-1	1
NS12748K	1	2	-9	-9	-1	82	14
NS12749L	1	2	12	1962	52	-1	1
NS12749L	2	1	11	1965	50	-1	4
NS12749L	3	1	9	1997	18	-1	9
NS12749L	4	1	9	1999	16	-1	9
NS12756C	1	2	3	1950	65	-1	1
NS12756C	2	1	5	1948	67	-1	1
NS12758E	1	1	5	1966	49	-1	1
NS12758E	2	2	-9	-9	-1	41	4
NS12758E	3	2	-9	-9	-1	23	8
NS12758E	4	2	-9	-9	-1	21	8
NS12758E	5	1	-9	-9	-1	16	8
NS12759F	1	2	-9	-9	-1	55	1
NS12759F	2	1	-9	-9	-1	59	1
NS12763T	1	2	-9	-9	-1	48	1
NS12763T	2	1	-9	-9	-1	49	1
NS12763T	3	1	9	1991	24	-1	8
NS12763T	4	1	-9	-9	-1	22	8
NS12763T	5	2	-9	-9	-1	14	8
NS12773N	1	2	11	1958	57	-1	1
NS12773N	2	1	10	1955	60	-1	1
NS12777S	1	1	3	1960	55	-1	1
NS12777S	2	2	9	1961	54	-1	1
NS12777S	3	1	11	1995	20	-1	8
NS12787M	1	1	-9	-9	-1	-9	1
NS12787M	2	2	-9	-9	-1	-9	1
NS12788N	1	1	-9	-9	-1	59	1
NS12788N	2	1	7	1993	22	-1	8
NS12792B	1	2	8	1966	49	-1	1
NS12792B	2	1	6	1961	54	-1	1
NS12800A	1	1	10	1959	56	-1	1
NS12800A	2	2	6	1964	51	-1	1
NS12800A	3	1	1	1989	27	-1	8
NS12800A	4	1	10	1994	21	-1	8
NS12800A	5	1	10	2000	15	-1	8
NS12800A	6	1	12	2006	9	-1	8
NS12802C	1	1	-9	-9	-1	55	1
NS12802C	2	2	-9	-9	-1	55	1
NS12802C	3	2	6	1990	25	-1	8
NS12802C	4	1	10	2002	13	-1	8
NS12805F	1	2	3	1993	23	-1	8
NS12805F	2	1	-9	-9	-1	26	17
NS12807H	1	2	6	1985	30	-1	17
NS12807H	2	2	9	1990	25	-1	17
NS12808J	1	1	7	1992	23	-1	8
NS12808J	2	2	9	1952	63	-1	1
NS12808J	3	1	10	1948	67	-1	1
NS12819E	1	1	-9	-9	-1	59	1
NS12819E	2	1	-9	-9	-1	32	8
NS12819E	3	2	-9	-9	-1	28	13
NS12819E	4	1	-9	-9	-1	30	8
NS12819E	5	1	-9	-9	-1	22	8
NS12819E	6	2	-9	-9	-1	1	23
NS12819E	7	1	-9	-9	-1	4	23
NS12825V	1	2	12	1972	43	-1	1
NS12825V	2	2	12	1996	19	-1	9
NS12830J	1	2	9	1958	57	-1	1
NS12830J	2	1	6	1949	66	-1	1
NS12836Q	1	1	5	1950	66	-1	5
NS12836Q	2	2	12	1948	67	-1	5
NS12836Q	3	2	1	1983	33	-1	13
NS12836Q	4	1	11	1979	36	-1	13
NS12838S	1	2	1	1959	56	-1	1
NS12838S	2	1	3	1960	55	-1	1
NS12838S	3	2	7	1986	29	-1	8
NS12838S	4	2	3	1988	27	-1	8
NS12838S	5	1	12	1991	24	-1	8
NS12839T	1	2	8	1953	61	-1	1
NS12839T	2	1	6	1949	66	-1	1
NS12839T	3	1	8	1988	26	-1	8
NS12844H	1	1	-9	-9	-1	48	1
NS12844H	2	2	-9	-9	-1	45	1
NS12844H	3	2	-9	-9	-1	18	8
NS12848M	1	1	12	1965	50	-1	5
NS12848M	2	2	5	1967	48	-1	5
NS12855D	1	2	-9	-9	-1	51	1
NS12865Y	1	2	12	1957	58	-1	1
NS12865Y	2	1	7	1956	59	-1	1
NS12865Y	3	1	1	1986	30	-1	8
NS12871N	1	2	2	1954	61	-1	1
NS12871N	2	1	-9	-9	-1	27	8
NS12871N	3	1	4	1994	21	-1	8
NS12878W	1	1	5	1992	23	-1	17
NS12878W	2	1	6	1993	22	-1	17
NS12878W	3	2	10	1993	21	-1	17
NS12878W	4	1	12	1993	21	-1	17
NS12878W	5	2	4	1993	22	-1	17
NS12882J	1	1	5	1996	19	-1	8
NS12882J	2	1	1	1963	53	-1	1
NS12882J	3	2	4	1966	49	-1	1
NS12892D	1	1	8	1967	48	-1	1
NS12892D	2	2	10	1969	46	-1	1
NS12892D	3	1	10	1991	24	-1	8
NS12895G	1	2	2	1956	59	-1	1
NS12895G	2	1	4	1992	23	-1	8
NS12896H	1	2	9	1959	56	-1	1
NS12896H	2	1	1	1959	57	-1	1
NS12896H	3	1	9	1991	24	-1	8
NS12903F	1	2	-9	-9	-1	-9	1
NS12903F	2	2	-9	-9	-1	-9	8
NS12908L	1	2	-9	-9	-1	49	1
NS12908L	2	1	-9	-9	-1	52	1
NS12908L	3	2	-9	-9	-1	23	8
NS12909M	1	2	6	1966	49	-1	1
NS12909M	2	1	12	1957	58	-1	1
NS12917E	1	2	4	1966	50	-1	1
NS12917E	2	1	9	1968	47	-1	1
NS12917E	3	2	11	1988	27	-1	8
NS12917E	4	1	12	1989	26	-1	17
NS12917E	5	2	6	2016	0	-1	15
NS12917E	6	2	6	2016	0	-1	15
NS12920R	1	1	8	1985	30	-1	17
NS12920R	2	2	6	1989	26	-1	17
NS12921S	1	1	-9	-9	-1	-8	23
NS12922T	1	2	8	1960	55	-1	1
NS12922T	2	1	9	1959	56	-1	1
NS12926Y	1	1	1	1960	55	-1	1
NS12926Y	2	2	10	1960	55	-1	1
NS12926Y	3	2	5	1992	23	-1	8
NS12926Y	4	2	5	1999	16	-1	8
NS12941G	1	2	-9	-9	-1	50	1
NS12950A	1	2	3	1942	74	-1	5
NS12951B	1	1	4	1956	59	-1	1
NS12951B	2	1	7	1997	18	-1	8
NS12957H	1	1	8	1968	47	-1	1
NS12957H	2	2	7	1968	47	-1	1
NS12957H	3	2	11	1998	16	-1	8
NS12957H	4	1	11	1941	73	-1	14
NS12957H	5	2	1	1943	72	-1	14
NS12958J	1	2	-9	-9	-1	-8	5
NS12958J	2	1	-9	-9	-1	-8	5
NS12958J	3	2	-9	-9	-1	-8	14
NS12966B	1	2	2	1960	55	-1	1
NS12983M	1	2	-9	-9	-1	-8	1
NS12983M	2	1	-9	-9	-1	-8	4
NS12993G	1	2	10	1963	52	-1	1
NS12993G	2	1	4	1964	52	-1	1
NS12993G	3	2	9	1991	24	-1	8
NS12993G	4	1	4	1996	20	-1	8
NS13000D	1	2	-9	-9	-1	67	1
NS13000D	2	1	-9	-9	-1	70	1
NS13003G	1	1	4	1974	42	-1	4
NS13003G	2	2	-9	-9	-1	42	1
NS13003G	3	1	-9	-9	-1	22	8
NS13003G	4	1	8	2001	15	-1	9
NS13005J	1	2	2	1961	54	-1	1
NS13005J	2	1	-9	-9	-1	26	17
NS13017F	1	1	-9	-9	-1	23	-9
NS13017F	2	2	-9	-9	-1	-9	-9
NS13017F	3	1	-9	-9	-1	-9	-9
NS13021T	1	1	2	1962	53	-1	1
NS13021T	2	1	7	1987	28	-1	8
NS13021T	3	2	11	1998	17	-1	8
NS13021T	4	2	-9	-9	-1	25	13
NS13021T	5	2	-9	-9	-1	41	4
NS13027A	1	2	1	1990	25	-1	17
NS13033Q	1	2	10	1957	58	-1	1
NS13033Q	2	1	4	1955	60	-1	4
NS13038W	1	2	-9	-9	-1	-8	17
NS13038W	2	2	-9	-9	-1	-8	17
NS13038W	3	2	-9	-9	-1	-8	17
NS13038W	4	1	-9	-9	-1	-8	17
NS13040G	1	1	2	1958	58	-1	1
NS13040G	2	2	9	1961	54	-1	1
NS13053E	1	2	5	1960	55	-1	1
NS13053E	2	1	6	1950	65	-1	1
NS13065B	1	1	5	1967	48	-1	1
NS13066C	1	2	-9	-9	-1	-9	1
NS13066C	2	-9	-9	-9	-1	-9	-9
NS13066C	3	-9	-9	-9	-1	-9	-9
NS13066C	4	-9	-9	-9	-1	-9	-9
NS13066C	5	-9	-9	-9	-1	-9	-9
NS13070Q	1	2	9	1989	25	-1	17
NS13071R	1	1	5	1959	56	-1	1
NS13071R	2	2	12	1958	57	-1	1
NS13071R	3	1	8	1992	23	-1	8
NS13076X	1	2	-9	-9	-1	-9	1
NS13076X	2	1	-9	-9	-1	-9	1
NS13082M	1	2	9	1957	58	-1	1
NS13082M	2	1	1	1985	31	-1	8
NS13082M	3	2	9	2003	12	-1	15
NS13083N	1	1	6	1964	51	-1	1
NS13083N	2	2	4	1962	54	-1	1
NS13083N	3	1	2	1999	17	-1	8
NS13083N	4	2	7	1995	20	-1	8
NS13089V	1	2	-9	-9	-1	-8	1
NS13089V	2	1	-9	-9	-1	-8	4
NS13089V	3	2	4	1992	23	-1	8
NS13110A	1	2	-9	-9	-1	25	17
NS13110A	2	2	-9	-9	-1	28	8
NS13110A	3	1	-9	-9	-1	29	17
NS13110A	4	2	-9	-9	-1	28	17
NS13112C	1	2	-9	-9	-1	12	6
NS13112C	2	1	-9	-9	-1	9	6
NS13112C	3	1	-9	-9	-1	7	6
NS13118J	1	2	-9	-9	-1	48	1
NS13118J	2	2	-9	-9	-1	22	8
NS13119K	1	1	4	1992	23	-1	17
NS13120V	1	2	7	1991	24	-1	17
NS13122X	1	1	5	1980	36	-1	17
NS13127C	1	1	-9	-9	-1	34	17
NS13140J	1	1	6	1964	51	-1	1
NS13140J	2	2	10	1968	47	-1	2
NS13141K	1	2	3	1968	47	-1	1
NS13141K	2	2	12	2006	8	-1	9
NS13150D	1	2	-9	-9	-1	58	1
NS13150D	2	1	-9	-9	-1	62	1
NS13165D	1	2	8	1929	86	-1	14
NS13170S	1	1	10	1954	61	-1	1
NS13170S	2	2	10	1959	56	-1	1
NS13170S	3	1	6	1992	23	-1	8
NS13171T	1	1	-9	-9	-1	61	1
NS13171T	2	2	1	1958	58	-1	1
NS13171T	3	2	-9	-9	-1	28	8
NS13171T	4	2	-9	-9	-1	20	8
NS13174X	1	2	4	1990	25	-1	17
NS13174X	2	2	12	1990	24	-1	17
NS13174X	3	1	7	1988	27	-1	17
NS13177A	1	1	7	1962	53	-1	1
NS13177A	2	2	2	1964	51	-1	1
NS13177A	3	2	4	1991	24	-1	8
NS13178B	1	2	4	1968	47	-1	1
NS13178B	2	2	12	1994	21	-1	8
NS13178B	3	1	4	1966	49	-1	1
NS13179C	1	2	5	1966	49	-1	1
NS13179C	2	1	2	1964	51	-1	1
NS13181N	1	2	5	1968	47	-1	1
NS13181N	2	1	8	1954	61	-1	1
NS13181N	3	1	11	1992	23	-1	8
NS13183Q	1	2	-9	-9	-1	25	17
NS13183Q	2	2	-9	-9	-1	24	17
NS13183Q	3	2	-9	-9	-1	26	17
NS13188W	1	2	7	1989	26	-1	17
NS13192J	1	2	-9	-9	-1	-8	1
NS13192J	2	1	-9	-9	-1	-8	1
NS13195M	1	2	4	1957	58	-1	1
NS13196N	1	1	4	1990	25	-1	17
NS13196N	2	1	4	1990	25	-1	17
NS13198Q	1	2	-9	-9	-1	56	1
NS13198Q	2	2	-9	-9	-1	30	8
NS13202K	1	2	-9	-9	-1	-9	1
NS13202K	2	1	-9	-9	-1	-8	1
NS13214G	1	1	11	1958	56	-1	1
NS13214G	2	2	6	1958	57	-1	1
NS13215H	1	2	7	1963	52	-1	1
NS13215H	2	2	5	1992	23	-1	8
NS13215H	3	2	10	2011	4	-1	23
NS13215H	4	1	1	1984	32	-1	8
NS13221Y	1	1	-9	-9	-1	29	18
NS13221Y	2	2	-9	-9	-1	23	19
NS13222Z	1	2	-9	-9	-1	-9	1
NS13222Z	2	1	-9	-9	-1	-9	15
NS13222Z	3	2	-9	-9	-1	-9	8
NS13222Z	4	2	-9	-9	-1	-9	15
NS13222Z	5	1	-9	-9	-1	-9	15
NS13224B	1	1	6	2009	6	-1	22
NS13228F	1	1	9	1959	56	-1	1
NS13228F	2	2	4	1960	55	-1	1
NS13234W	1	1	-9	-9	-1	51	23
NS13234W	2	2	-9	-9	-1	49	23
NS13236Y	1	2	10	1967	48	-1	1
NS13236Y	2	1	12	1974	41	-1	17
NS13236Y	3	2	8	1995	20	-1	9
NS13236Y	4	1	8	1997	18	-1	17
NS13238A	1	2	12	1961	54	-1	1
NS13238A	2	1	11	1961	54	-1	1
NS13238A	3	2	1	1985	30	-1	8
NS13238A	4	2	12	1986	29	-1	8
NS13238A	5	1	9	1992	23	-1	8
NS13239B	1	2	8	1958	57	-1	1
NS13240L	1	2	7	1964	51	-1	1
NS13240L	2	1	11	1964	51	-1	1
NS13240L	3	1	11	1982	33	-1	8
NS13248V	1	2	9	1962	53	-1	1
NS13248V	2	2	2	1962	54	-1	1
NS13248V	3	2	-9	-9	-1	27	8
NS13253J	1	2	-9	-9	-1	62	1
NS13253J	2	2	-9	-9	-1	22	8
NS13256M	1	2	1	1957	59	-1	1
NS13256M	2	1	9	1955	60	-1	1
NS13264E	1	1	6	1951	64	-1	4
NS13264E	2	2	2	1960	55	-1	1
NS13264E	3	1	-9	-9	-1	57	23
NS13264E	4	2	-9	-9	-1	59	23
NS13285V	1	2	10	1988	27	-1	17
NS13285V	2	2	3	1989	26	-1	17
NS13303N	1	2	12	1964	51	-1	1
NS13303N	2	1	-9	-9	-1	-8	4
NS13308T	1	1	3	1936	79	-1	1
NS13308T	2	2	1	1937	79	-1	1
NS13308T	3	1	-9	-9	-1	30	8
NS13308T	4	2	-9	-9	-1	32	13
NS13308T	5	1	5	1987	28	-1	8
NS13308T	6	2	-9	-9	-1	26	13
NS13310E	1	1	6	1956	59	-1	1
NS13310E	2	2	5	1960	55	-1	1
NS13310E	3	1	11	1995	19	-1	8
NS13310E	4	1	11	1995	19	-1	8
NS13317M	1	1	4	1945	70	-1	1
NS13317M	2	2	2	1963	52	-1	1
NS13317M	3	1	1	1997	18	-1	8
NS13318N	1	2	1	1965	50	-1	1
NS13318N	2	1	7	1959	56	-1	1
NS13318N	3	2	10	1993	22	-1	8
NS13318N	4	2	4	1998	17	-1	8
NS13318N	5	1	6	1988	27	-1	8
NS13322B	1	1	9	1962	53	-1	1
NS13322B	2	2	5	1964	51	-1	1
NS13322B	3	1	8	1995	20	-1	8
NS13330T	1	1	-9	-9	-1	67	23
NS13330T	2	2	-9	-9	-1	54	23
NS13330T	3	2	7	1993	22	-1	22
NS13330T	4	1	-9	-9	-1	13	22
NS13330T	5	1	-9	-9	-1	18	22
NS13341P	1	2	2	1944	72	-1	14
NS13341P	2	2	10	1969	46	-1	1
NS13341P	3	1	10	1969	46	-1	4
NS13344S	1	2	6	1965	50	-1	1
NS13344S	2	1	2	1955	61	-1	17
NS13347W	1	2	6	1958	57	-1	1
NS13347W	2	1	2	1958	58	-1	1
NS13354M	1	2	4	1962	54	-1	1
NS13354M	2	2	12	1988	27	-1	8
NS13359S	1	1	-9	-9	-1	57	1
NS13359S	2	1	-9	-9	-1	43	4
NS13359S	3	1	-9	-9	-1	-8	8
NS13359S	4	1	-9	-9	-1	-8	8
NS13359S	5	2	-9	-9	-1	-8	11
NS13359S	6	1	-9	-9	-1	-8	11
NS13362E	1	2	-9	-9	-1	-8	1
NS13362E	2	2	1	1988	28	-1	8
NS13362E	3	1	3	1984	32	-1	8
NS13362E	4	1	5	1981	34	-1	8
NS13382T	1	1	-9	-9	-1	-9	1
NS13382T	2	2	-9	-9	-1	-9	1
NS13382T	3	1	-9	-9	-1	-9	8
NS13383V	1	2	3	1965	51	-1	1
NS13383V	2	1	5	1966	50	-1	1
NS13383V	3	1	7	1996	19	-1	8
NS13383V	4	2	8	1997	18	-1	8
NS13383V	5	2	6	2000	15	-1	8
NS13394Q	1	2	12	1963	52	-1	1
NS13394Q	2	2	7	1994	21	-1	8
NS13394Q	3	1	3	1967	48	-1	4
NS13410G	1	2	4	1963	53	-1	1
NS13410G	2	2	1	1989	27	-1	8
NS13410G	3	2	3	1999	17	-1	8
NS13412J	1	2	1	1963	53	-1	1
NS13412J	2	1	7	1962	54	-1	1
NS13412J	3	1	2	1998	18	-1	8
NS13412J	4	1	10	1992	23	-1	8
NS13412J	5	1	2	2000	16	-1	8
NS13418Q	1	2	3	1993	23	-1	8
NS13418Q	2	1	10	1998	17	-1	8
NS13418Q	3	1	7	2003	12	-1	8
NS13421C	1	2	-9	-9	-1	24	17
NS13423E	1	1	8	1978	38	-1	4
NS13423E	2	2	4	1965	51	-1	1
NS13423E	3	1	3	1995	21	-1	8
NS13423E	4	2	1	2001	15	-1	8
NS13427J	1	2	-9	-9	-1	-9	1
NS13427J	2	2	-9	-9	-1	29	8
NS13427J	3	2	-9	-9	-1	23	8
NS13427J	4	2	-9	-9	-1	21	8
NS13427J	5	2	-9	-9	-1	19	8
NS13427J	6	2	-9	-9	-1	17	8
NS13427J	7	1	-9	-9	-1	9	8
NS13427J	8	2	-9	-9	-1	6	8
NS13429L	1	2	5	1963	52	-1	1
NS13429L	2	1	11	1988	27	-1	8
NS13435B	1	2	10	1964	51	-1	1
NS13435B	2	1	10	1959	56	-1	1
NS13435B	3	1	10	1991	24	-1	8
NS13435B	4	1	1	1996	20	-1	8
NS13437D	1	2	12	1945	70	-1	14
NS13437D	2	2	7	1965	50	-1	1
NS13437D	3	1	9	1987	28	-1	8
NS13437D	4	2	1	1987	29	-1	13
NS13439F	1	1	7	1957	58	-1	1
NS13439F	2	2	5	1956	59	-1	1
NS13452M	1	1	5	1961	54	-1	1
NS13455Q	1	2	2	1990	25	-1	17
NS13455Q	2	1	12	1989	26	-1	17
NS13458T	1	1	3	1963	52	-1	1
NS13458T	2	2	1	1965	50	-1	1
NS13461F	1	1	9	1935	80	-1	1
NS13470Z	1	1	11	2008	7	-1	6
NS13477G	1	2	5	1953	62	-1	1
NS13479J	1	1	-9	-9	-1	-8	1
NS13479J	2	1	-9	-9	-1	23	8
NS13480T	1	1	5	1962	53	-1	1
NS13480T	2	2	5	1963	52	-1	1
NS13480T	3	1	3	1998	17	-1	8
NS13487B	1	1	-9	-9	-1	-9	1
NS13487B	2	2	-9	-9	-1	-9	1
NS13489D	1	2	3	1967	49	-1	1
NS13489D	2	1	1	1962	54	-1	1
NS13494S	1	2	2	1963	53	-1	1
NS13501Q	1	1	5	1947	68	-1	1
NS13501Q	2	2	6	1954	61	-1	1
NS13501Q	3	1	7	1988	27	-1	8
NS13504T	1	1	-9	-9	-1	33	8
NS13504T	2	2	-9	-9	-1	33	13
NS13504T	3	2	-9	-9	-1	2	15
NS13505V	1	1	-9	-9	-1	52	1
NS13505V	2	2	-9	-9	-1	49	1
NS13505V	3	2	8	1988	27	-1	23
NS13505V	4	-9	-9	-9	-1	-8	-8
NS13507X	1	2	12	1961	54	-1	1
NS13507X	2	1	6	1954	61	-1	4
NS13517R	1	2	11	1949	65	-1	1
NS13517R	2	1	8	1960	55	-1	1
NS13520D	1	2	2	1964	51	-1	1
NS13520D	2	1	4	1964	51	-1	1
NS13522F	1	2	-9	-9	-1	35	17
NS13522F	2	1	-9	-9	-1	30	17
NS13522F	3	1	-9	-9	-1	28	17
NS13522F	4	2	-9	-9	-1	22	17
NS13528M	1	1	-9	-9	-1	38	17
NS13528M	2	1	-9	-9	-1	34	17
NS13529N	1	2	-9	-9	-1	48	15
NS13529N	2	1	-9	-9	-1	48	23
NS13529N	3	2	-9	-9	-1	25	15
NS13529N	4	2	-9	-9	-1	14	15
NS13533B	1	2	3	1960	55	-1	1
NS13533B	2	1	7	1990	25	-1	17
NS13547A	1	2	6	1965	50	-1	1
NS13547A	2	1	2	1961	55	-1	1
NS13547A	3	2	6	2000	15	-1	8
NS13547A	4	1	3	1993	23	-1	8
NS13556T	1	2	-9	-9	-1	49	1
NS13556T	2	1	-9	-9	-1	53	1
NS13561H	1	2	-9	-9	-1	25	19
NS13561H	2	1	-9	-9	-1	27	19
NS13570B	1	1	-9	-9	-1	-9	1
NS13570B	2	2	-9	-9	-1	-9	1
NS13570B	3	1	-9	-9	-1	-9	8
NS13570B	4	1	-9	-9	-1	-9	8
NS13570B	5	1	-9	-9	-1	-9	8
NS13570B	6	1	-9	-9	-1	-9	8
NS13572D	1	1	1	1953	63	-1	1
NS13572D	2	2	5	1957	58	-1	1
NS13577J	1	2	11	1960	55	-1	1
NS13577J	2	1	12	1955	60	-1	1
NS13577J	3	1	7	1993	22	-1	8
NS13579L	1	2	-9	-9	-1	54	1
NS13585B	1	1	12	1946	69	-1	1
NS13605X	1	1	1	1965	51	-1	1
NS13605X	2	2	8	1965	50	-1	1
NS13607Z	1	1	9	1958	57	-1	1
NS13607Z	2	1	6	1967	48	-1	1
NS13607Z	3	1	-9	-9	-1	-8	9
NS13615R	1	2	-9	-9	-1	50	1
NS13615R	2	1	-9	-9	-1	-8	1
NS13615R	3	2	-9	-9	-1	28	8
NS13625L	1	1	7	1955	60	-1	1
NS13625L	2	2	11	1953	62	-1	1
NS13625L	3	1	12	1983	32	-1	8
NS13625L	4	2	11	1987	28	-1	8
NS13628P	1	1	-9	-9	-1	23	8
NS13628P	2	1	-9	-9	-1	57	1
NS13629Q	1	2	-9	-9	-1	-9	1
NS13629Q	2	1	-9	-9	-1	-9	1
NS13629Q	3	1	-9	-9	-1	-9	8
NS13631B	1	2	11	1972	43	-1	1
NS13631B	2	1	7	1972	43	-1	8
NS13631B	3	1	6	1992	23	-1	8
NS13631B	4	1	4	1970	45	-1	1
NS13637H	1	2	9	1955	60	-1	1
NS13640V	1	2	11	1966	49	-1	1
NS13642X	1	2	-9	-9	-1	-8	17
NS13642X	2	2	-9	-9	-1	-8	17
NS13642X	3	2	-9	-9	-1	-8	17
NS13642X	4	2	-9	-9	-1	-8	17
NS13646B	1	2	-9	-9	-1	51	5
NS13657X	1	2	12	1966	49	-1	1
NS13657X	2	1	12	1967	48	-1	1
NS13657X	3	2	1	1992	24	-1	8
NS13657X	4	2	8	1994	21	-1	8
NS13657X	5	2	3	2010	5	-1	15
NS13661K	1	2	8	1955	60	-1	1
NS13661K	2	1	12	1996	19	-1	8
NS13665P	1	2	3	1962	53	-1	1
NS13665P	2	1	3	1986	29	-1	8
NS13669T	1	2	-9	-9	-1	-9	1
NS13669T	2	1	-9	-9	-1	-9	8
NS13671E	1	2	8	1960	55	-1	1
NS13671E	2	1	6	1959	56	-1	1
NS13671E	3	1	12	1991	24	-1	8
NS13672F	1	2	-9	-9	-1	-9	1
NS13672F	2	-9	-9	-9	-1	-9	-9
NS13672F	3	-9	-9	-9	-1	-9	-9
NS13674H	1	1	-9	-9	-1	62	1
NS13674H	2	2	-9	-9	-1	57	1
NS13678M	1	2	8	1993	22	-1	19
NS13685D	1	1	-9	-9	-1	60	1
NS13685D	2	2	-9	-9	-1	55	1
NS13698B	1	2	-9	-9	-1	42	2
NS13698B	2	1	-9	-9	-1	51	1
NS13699C	1	2	12	1955	60	-1	1
NS13703X	1	1	-9	-9	-1	53	1
NS13703X	2	2	-9	-9	-1	51	1
NS13703X	3	2	-9	-9	-1	18	8
NS13709D	1	2	3	1961	54	-1	1
NS13709D	2	1	6	2003	12	-1	11
NS13709D	3	1	1	2008	7	-1	11
NS13715T	1	2	6	1966	49	-1	1
NS13715T	2	1	1	1955	61	-1	1
NS13715T	3	1	10	1995	20	-1	8
NS13733F	1	1	6	1965	50	-1	1
NS13733F	2	2	11	1965	49	-1	1
NS13733F	3	1	5	1992	23	-1	8
NS13733F	4	1	7	1996	19	-1	8
NS13735H	1	1	5	1966	49	-1	1
NS13735H	2	2	12	1971	43	-1	1
NS13736J	1	1	9	1989	26	-1	17
NS13736J	2	2	7	1980	35	-1	17
NS13736J	3	1	10	1989	26	-1	17
NS13741Y	1	1	6	1934	82	-1	1
NS13745C	1	1	-9	-9	-1	-9	1
NS13745C	2	2	-9	-9	-1	-9	1
NS13745C	3	1	-9	-9	-1	-9	8
NS13746D	1	1	-9	-9	-1	55	23
NS13746D	2	2	1	1958	58	-1	1
NS13755X	1	2	1	1989	27	-1	8
NS13755X	2	2	-9	-9	-1	27	19
NS13758A	1	2	4	1951	64	-1	1
NS13758A	2	1	11	1960	54	-1	1
NS13761M	1	2	-9	-9	-1	56	1
NS13761M	2	2	-9	-9	-1	25	8
NS13762N	1	2	11	1962	53	-1	1
NS13762N	2	1	9	1954	61	-1	1
NS13763P	1	1	4	1990	25	-1	8
NS13763P	2	1	9	1993	22	-1	8
NS13763P	3	1	1	1956	59	-1	1
NS13770F	1	2	-9	-9	-1	-9	1
NS13770F	2	1	-9	-9	-1	-9	8
NS13770F	3	1	-9	-9	-1	-9	8
NS13771G	1	2	11	1969	45	-1	1
NS13771G	2	1	8	1967	48	-1	1
NS13774K	1	1	-9	-9	-1	50	1
NS13774K	2	2	-9	-9	-1	49	1
NS13774K	3	1	10	1992	23	-1	8
NS13781B	1	2	-9	-9	-1	32	18
NS13797C	1	2	-9	-9	-1	-9	1
NS13803Z	1	1	-9	-9	-1	-9	1
NS13803Z	2	2	-9	-9	-1	-9	1
NS13803Z	3	2	-9	-9	-1	-9	8
NS13812S	1	2	10	1960	55	-1	1
NS13820K	1	1	-9	-9	-1	25	8
NS13820K	2	1	-9	-9	-1	37	8
NS13820K	3	1	-9	-9	-1	60	1
NS13820K	4	1	-9	-9	-1	60	1
NS13820K	5	2	-9	-9	-1	5	15
NS13820K	6	2	-9	-9	-1	4	15
NS13824P	1	1	12	1939	76	-1	14
NS13824P	2	1	4	1969	46	-1	1
NS13824P	3	2	-9	-9	-1	44	1
NS13824P	4	1	7	1991	24	-1	8
NS13824P	5	1	2	1993	22	-1	8
NS13824P	6	1	1	2000	16	-1	8
NS13826R	1	2	9	1962	53	-1	1
NS13826R	2	1	12	1949	66	-1	1
NS13826R	3	2	5	1985	31	-1	8
NS13826R	4	2	8	1994	21	-1	8
NS13827S	1	2	-9	-9	-1	-9	17
NS13827S	2	2	-9	-9	-1	-9	17
NS13842B	1	2	2	1990	26	-1	17
NS13842B	2	1	-9	-9	-1	25	17
NS13842B	3	2	-9	-9	-1	25	17
NS13859D	1	2	8	1966	49	-1	1
NS13859D	2	1	3	1967	49	-1	4
NS13859D	3	1	5	1996	19	-1	9
NS13859D	4	1	3	1999	17	-1	9
NS13860N	1	2	-9	-9	-1	-8	1
NS13860N	2	2	-9	-9	-1	17	8
NS13860N	3	2	-9	-9	-1	15	8
NS13860N	4	2	-9	-9	-1	14	8
NS13860N	5	1	-9	-9	-1	10	13
NS13863R	1	1	-9	-9	-1	-8	1
NS13863R	2	1	-9	-9	-1	22	8
NS13863R	3	1	11	2011	4	-1	8
NS13863R	4	2	-9	-9	-1	25	8
NS13863R	5	2	-9	-9	-1	46	1
NS13867W	1	1	3	1993	23	-1	8
NS13867W	2	2	5	1991	24	-1	8
NS13871J	1	2	-9	-9	-1	-9	1
NS13871J	2	1	-9	-9	-1	-9	4
NS13875N	1	1	11	1943	72	-1	1
NS13875N	2	2	1	1952	64	-1	1
NS13875N	3	2	11	1992	23	-1	8
NS13880C	1	1	-9	-9	-1	59	1
NS13880C	2	2	-9	-9	-1	56	1
NS13880C	3	1	-9	-9	-1	24	8
NS13880C	4	2	-9	-9	-1	23	23
NS13894B	1	2	9	1969	45	-1	1
NS13894B	2	1	4	1956	59	-1	4
NS13895C	1	1	-9	-9	-1	24	17
NS13901Z	1	1	4	1964	52	-1	1
NS13901Z	2	2	2	1966	50	-1	1
NS13901Z	3	1	2	1992	24	-1	8
NS13907F	1	1	10	1956	59	-1	1
NS13907F	2	2	8	1963	52	-1	1
NS13908G	1	2	-9	-9	-1	50	1
NS13908G	2	1	-9	-9	-1	52	1
NS13908G	3	1	12	1988	27	-1	8
NS13914X	1	2	-9	-9	-1	53	1
NS13914X	2	1	-9	-9	-1	26	8
NS13915Y	1	1	11	1960	55	-1	1
NS13915Y	2	2	12	1960	55	-1	1
NS13915Y	3	2	3	1988	28	-1	8
NS13915Y	4	1	4	1990	25	-1	8
NS13917A	1	1	-9	-9	-1	24	17
NS13918B	1	2	-9	-9	-1	55	1
NS13918B	2	1	-9	-9	-1	57	1
NS13919C	1	1	1	1967	49	-1	1
NS13931H	1	2	2	1933	82	-1	14
NS13932J	1	1	-9	-9	-1	26	17
NS13932J	2	1	-9	-9	-1	27	17
NS13936N	1	2	-9	-9	-1	-8	1
NS13936N	2	1	-9	-9	-1	-8	8
NS13947J	1	1	2	1989	26	-1	23
NS13949L	1	1	-9	-9	-1	-9	1
NS13949L	2	2	-9	-9	-1	-9	1
NS13969A	1	1	-9	-9	-1	24	23
NS13972M	1	1	7	1957	58	-1	1
NS13972M	2	2	8	1958	57	-1	1
NS13972M	3	2	7	1958	57	-1	8
NS13972M	4	2	5	1989	26	-1	8
NS13972M	5	2	6	1991	24	-1	23
NS13973N	1	2	9	2005	10	-1	15
NS13985K	1	2	10	1988	27	-1	8
NS13985K	2	2	9	1992	23	-1	8
NS13985K	3	1	5	1957	59	-1	1
NS13985K	4	2	1	1961	55	-1	1
NS13986L	1	1	-9	-9	-1	24	17
NS13986L	2	1	-9	-9	-1	24	17
NS13986L	3	2	-9	-9	-1	25	17
NS13992B	1	2	8	1965	50	-1	1
NS13992B	2	1	-9	-9	-1	49	4
NS13994D	1	2	-9	-9	-1	25	17
NS13994D	2	1	-9	-9	-1	26	17
NS13994D	3	2	-9	-9	-1	25	17
NS13997G	1	2	-9	-9	-1	60	1
NS13999J	1	2	10	1988	27	-1	17
NS13999J	2	1	12	1988	27	-1	17
NS14004D	1	1	-9	-9	-1	-8	4
NS14004D	2	2	2	1966	50	-1	1
NS14004D	3	2	12	2005	10	-1	8
NS14005E	1	2	-9	-9	-1	-9	8
NS14005E	2	2	-9	-9	-1	-9	1
NS14010T	1	2	6	1954	61	-1	1
NS14011V	1	2	-9	-9	-1	-8	1
NS14011V	2	1	-9	-9	-1	-8	1
NS14012W	1	2	-9	-9	-1	83	14
NS14023R	1	2	-9	-9	-1	68	14
NS14023R	2	1	-9	-9	-1	71	14
NS14029Y	1	1	4	1958	57	-1	1
NS14029Y	2	2	1	1961	54	-1	1
NS14032K	1	2	8	1962	53	-1	1
NS14032K	2	1	2	1962	53	-1	1
NS14032K	3	1	4	1989	26	-1	8
NS14033L	1	2	-9	-9	-1	-8	1
NS14033L	2	1	-9	-9	-1	-8	1
NS14038R	1	1	-9	-9	-1	-8	17
NS14038R	2	2	-9	-9	-1	-8	17
NS14038R	3	1	-9	-9	-1	-8	17
NS14038R	4	2	-9	-9	-1	-8	17
NS14039S	1	2	9	1966	49	-1	1
NS14039S	2	1	9	1965	50	-1	1
NS14039S	3	1	12	1996	19	-1	8
NS14044G	1	2	5	1965	50	-1	1
NS14044G	2	1	11	1963	52	-1	1
NS14044G	3	2	10	1992	23	-1	8
NS14045H	1	1	2	1991	25	-1	17
NS14049M	1	2	-9	-9	-1	-8	1
NS14049M	2	1	-9	-9	-1	-9	8
NS14068A	1	2	10	1957	58	-1	1
NS14068A	2	1	-9	-9	-1	58	23
NS14069B	1	1	1	1960	55	-1	1
NS14069B	2	2	8	1962	53	-1	1
NS14076S	1	2	4	1968	47	-1	1
NS14076S	2	1	1	1960	56	-1	1
NS14076S	3	1	6	1991	24	-1	8
NS14076S	4	2	11	1995	20	-1	8
NS14078V	1	1	10	1953	62	-1	1
NS14078V	2	2	12	1960	55	-1	1
NS14078V	3	2	8	1987	28	-1	8
NS14094E	1	2	8	1969	46	-1	1
NS14094E	2	2	3	1991	25	-1	8
NS14096G	1	2	1	1964	52	-1	1
NS14096G	2	1	3	1950	66	-1	4
NS14098J	1	1	5	1956	59	-1	1
NS14098J	2	2	-9	-9	-1	-8	1
NS14098J	3	1	7	1991	24	-1	8
NS14098J	4	2	-9	-9	-1	-8	8
NS14100B	1	2	12	1957	57	-1	1
NS14100B	2	1	4	1960	55	-1	1
NS14104F	1	2	2	1970	46	-1	1
NS14109L	1	2	-9	-9	-1	-9	1
NS14109L	2	1	-9	-9	-1	-9	8
NS14116C	1	1	-9	-9	-1	-9	8
NS14116C	2	1	-9	-9	-1	-9	1
NS14116C	3	2	-9	-9	-1	-9	1
NS14126X	1	2	12	1947	68	-1	1
NS14126X	2	1	6	1945	70	-1	1
NS14135Q	1	2	-9	-9	-1	67	14
NS14135Q	2	2	-9	-9	-1	47	1
NS14135Q	3	2	-9	-9	-1	24	8
NS14135Q	4	1	-9	-9	-1	23	8
NS14135Q	5	2	-9	-9	-1	22	8
NS14135Q	6	1	-9	-9	-1	20	8
NS14135Q	7	1	-9	-9	-1	-8	23
NS14139V	1	2	2	1963	53	-1	1
NS14139V	2	1	-9	-9	-1	-8	1
NS14143H	1	1	-9	-9	-1	-9	1
NS14143H	2	2	-9	-9	-1	-9	1
NS14143H	3	1	-9	-9	-1	-9	8
NS14143H	4	2	-9	-9	-1	-9	8
NS14145K	1	2	9	1965	50	-1	1
NS14145K	2	2	12	1991	23	-1	8
NS14145K	3	1	-9	-9	-1	-8	1
NS14146L	1	2	8	1994	21	-1	8
NS14146L	2	1	3	1955	61	-1	1
NS14148N	1	2	6	1972	43	-1	1
NS14148N	2	1	7	1972	43	-1	4
NS14148N	3	2	7	2000	15	-1	9
NS14148N	4	1	5	1994	21	-1	8
NS14153C	1	2	-9	-9	-1	-9	1
NS14153C	2	2	3	2011	4	-1	9
NS14153C	3	1	3	1992	23	-1	23
NS14153C	4	2	9	1992	23	-1	8
NS14153C	5	1	-9	-9	-1	-9	4
NS14160T	1	2	-9	-9	-1	25	23
NS14162W	1	2	-9	-9	-1	57	1
NS14162W	2	1	-9	-9	-1	60	1
NS14162W	3	1	6	1986	29	-1	8
NS14163X	1	1	9	1951	64	-1	1
NS14163X	2	2	6	1951	64	-1	1
NS14175T	1	2	1	1955	61	-1	1
NS14185N	1	2	7	1950	65	-1	1
NS14185N	2	1	-9	-9	-1	32	8
NS14195H	1	1	-9	-9	-1	-9	1
NS14195H	2	2	-9	-9	-1	-9	1
NS14195H	3	2	-9	-9	-1	-9	8
NS14195H	4	1	-9	-9	-1	-9	8
NS14195H	5	2	-9	-9	-1	-9	8
NS14196J	1	1	-9	-9	-1	-9	1
NS14196J	2	2	-9	-9	-1	-9	1
NS14196J	3	2	-9	-9	-1	-9	8
NS14196J	4	2	-9	-9	-1	-9	8
NS14198L	1	2	9	1962	53	-1	1
NS14198L	2	1	-9	-9	-1	55	1
NS14201E	1	2	11	1966	49	-1	1
NS14203G	1	2	6	1958	57	-1	1
NS14210Y	1	2	8	1960	55	-1	1
NS14210Y	2	1	12	1959	56	-1	1
NS14210Y	3	2	1	1998	17	-1	8
NS14214C	1	2	-9	-9	-1	54	1
NS14214C	2	1	4	1956	59	-1	1
NS14214C	3	2	-9	-9	-1	28	8
NS14214C	4	1	11	1984	31	-1	8
NS14218G	1	2	-9	-9	-1	60	1
NS14218G	2	1	-9	-9	-1	57	1
NS14218G	3	1	-9	-9	-1	30	8
NS14220S	1	1	-9	-9	-1	-9	1
NS14220S	2	2	-9	-9	-1	-9	1
NS14220S	3	1	-9	-9	-1	-9	8
NS14225Y	1	1	7	1947	68	-1	1
NS14225Y	2	2	4	1955	60	-1	1
NS14225Y	3	1	3	1992	23	-1	8
NS14227A	1	2	3	1963	52	-1	1
NS14227A	2	2	12	1993	22	-1	8
NS14227A	3	1	12	1993	22	-1	13
NS14229C	1	2	-9	-9	-1	-8	17
NS14229C	2	2	-9	-9	-1	-8	17
NS14229C	3	1	-9	-9	-1	-8	17
NS14234R	1	1	1	1986	30	-1	23
NS14237V	1	2	6	1959	56	-1	1
NS14237V	2	1	8	1959	56	-1	1
NS14237V	3	2	5	1992	23	-1	8
NS14239X	1	2	-9	-9	-1	-8	1
NS14239X	2	1	-9	-9	-1	-8	4
NS14253E	1	2	1	1960	55	-1	1
NS14253E	2	1	10	1957	58	-1	1
NS14255G	1	2	6	1969	46	-1	1
NS14256H	1	1	-9	-9	-1	10	22
NS14256H	2	2	-9	-9	-1	6	22
NS14261X	1	2	10	1963	52	-1	1
NS14265B	1	1	9	1954	61	-1	1
NS14265B	2	2	10	1963	52	-1	1
NS14265B	3	1	3	1999	16	-1	8
NS14266C	1	2	11	1958	57	-1	1
NS14266C	2	1	2	1958	58	-1	1
NS14270Q	1	2	-9	-9	-1	-9	1
NS14270Q	2	2	-9	-9	-1	-9	8
NS14270Q	3	2	-9	-9	-1	-9	8
NS14270Q	4	2	-9	-9	-1	-9	8
NS14270Q	5	2	-9	-9	-1	-9	8
NS14270Q	6	1	-9	-9	-1	-9	8
NS14270Q	7	2	-9	-9	-1	-9	8
NS14277Y	1	1	2	1988	28	-1	8
NS14277Y	2	2	2	1992	24	-1	8
NS14277Y	3	1	4	1991	25	-1	23
NS14277Y	4	1	8	1967	48	-1	1
NS14277Y	5	2	4	1969	47	-1	1
NS14282M	1	1	4	1962	53	-1	1
NS14282M	2	2	8	1968	47	-1	1
NS14282M	3	2	4	1991	24	-1	8
NS14282M	4	2	5	1993	22	-1	8
NS14283N	1	1	11	1959	56	-1	1
NS14287S	1	2	4	1990	26	-1	17
NS14297M	1	1	-9	-9	-1	-9	8
NS14297M	2	2	-9	-9	-1	-9	8
NS14297M	3	1	-9	-9	-1	-9	12
NS14297M	4	1	-9	-9	-1	-9	13
NS14299P	1	1	9	1960	54	-1	1
NS14299P	2	2	3	1964	51	-1	1
NS14299P	3	1	6	1996	19	-1	8
NS14300F	1	2	7	1961	55	-1	1
NS14300F	2	1	11	1961	54	-1	1
NS14302H	1	2	-9	-9	-1	58	1
NS14302H	2	1	7	1965	50	-1	1
NS14308P	1	1	2	1954	61	-1	1
NS14308P	2	2	6	1961	54	-1	1
NS14308P	3	1	4	1992	23	-1	8
NS14313D	1	1	2	1983	33	-1	8
NS14313D	2	2	2	1959	57	-1	1
NS14313D	3	1	6	1960	55	-1	1
NS14315F	1	2	10	1953	62	-1	1
NS14315F	2	1	12	1947	67	-1	1
NS14315F	3	2	4	1994	21	-1	8
NS14316G	1	2	2	1960	55	-1	1
NS14319K	1	2	-9	-9	-1	63	1
NS14319K	2	1	-9	-9	-1	58	1
NS14327C	1	1	3	1990	25	-1	17
NS14330P	1	2	5	1958	57	-1	1
NS14330P	2	2	8	1983	32	-1	8
NS14332R	1	2	-9	-9	-1	-9	1
NS14333S	1	1	7	1957	58	-1	1
NS14333S	2	2	11	1962	53	-1	1
NS14333S	3	2	5	1935	80	-1	14
NS14333S	4	2	1	1988	27	-1	8
NS14333S	5	1	6	1993	22	-1	8
NS14334T	1	2	10	1968	47	-1	5
NS14334T	2	2	11	1998	17	-1	13
NS14334T	3	1	8	2000	15	-1	13
NS14336W	1	1	1	1955	61	-1	1
NS14342L	1	1	10	1963	52	-1	1
NS14342L	2	2	1	1964	52	-1	1
NS14342L	3	1	-9	-9	-1	58	15
NS14346Q	1	1	3	1960	56	-1	1
NS14346Q	2	2	11	1961	54	-1	1
NS14346Q	3	2	9	1993	22	-1	8
NS14347R	1	2	-9	-9	-1	-8	5
NS14347R	2	1	-9	-9	-1	-8	5
NS14358M	1	2	8	1964	51	-1	1
NS14358M	2	1	7	1994	21	-1	8
NS14361Z	1	2	8	1958	56	-1	1
NS14361Z	2	1	11	1994	20	-1	8
NS14367F	1	1	3	1992	24	-1	8
NS14367F	2	2	1	1998	18	-1	9
NS14367F	3	1	5	1965	51	-1	4
NS14367F	4	2	-9	-9	-1	51	1
NS14369H	1	1	9	1953	62	-1	1
NS14369H	2	2	11	1953	62	-1	1
NS14369H	3	-9	-9	-9	-1	-9	-9
NS14369H	4	-9	-9	-9	-1	-9	-9
NS14369H	5	-9	-9	-9	-1	-9	-9
NS14369H	6	-9	-9	-9	-1	-9	-9
NS14369H	7	-9	-9	-9	-1	-9	-9
NS14372V	1	2	-9	-9	-1	23	19
NS14378B	1	1	8	1958	57	-1	1
NS14378B	2	2	9	1964	51	-1	1
NS14378B	3	1	9	1989	26	-1	8
NS14378B	4	1	10	1993	22	-1	8
NS14382P	1	2	4	1939	76	-1	14
NS14383Q	1	2	6	1979	36	-1	1
NS14383Q	2	1	4	1998	18	-1	8
NS14384R	1	1	12	1993	22	-1	8
NS14384R	2	2	1	1960	56	-1	1
NS14384R	3	1	11	1956	59	-1	1
NS14385S	1	1	11	1958	57	-1	1
NS14385S	2	2	12	1953	62	-1	1
NS14385S	3	2	6	1988	27	-1	8
NS14393K	1	1	4	1992	23	-1	8
NS14393K	2	2	8	1955	60	-1	1
NS14395M	1	2	8	1951	64	-1	23
NS14395M	2	1	6	1943	72	-1	23
NS14396N	1	1	10	1995	19	-1	8
NS14396N	2	2	8	1964	50	-1	1
NS14396N	3	1	5	1969	46	-1	4
NS14399R	1	2	-9	-9	-1	-9	-9
NS14399R	2	2	-9	-9	-1	-9	-9
NS14403L	1	1	11	1953	62	-1	1
NS14403L	2	2	10	1994	21	-1	23
NS14410C	1	1	4	1988	28	-1	17
NS14412E	1	2	6	1960	55	-1	1
NS14412E	2	1	12	1993	22	-1	8
NS14418L	1	2	-9	-9	-1	23	8
NS14418L	2	1	-9	-9	-1	18	8
NS14418L	3	2	-9	-9	-1	-9	1
NS14421Y	1	1	2	1959	56	-1	1
NS14421Y	2	2	11	1955	60	-1	1
NS14421Y	3	1	12	1992	22	-1	8
NS14429G	1	2	-9	-9	-1	25	17
NS14441M	1	1	9	1987	28	-1	13
NS14446S	1	1	4	1954	61	-1	1
NS14446S	2	2	11	1967	48	-1	1
NS14446S	3	2	2	1935	81	-1	14
NS14446S	4	2	11	1998	17	-1	8
NS14456M	1	2	6	1960	55	-1	1
NS14462C	1	1	1	1959	56	-1	1
NS14462C	2	2	12	1959	55	-1	1
NS14462C	3	1	6	1992	23	-1	8
NS14462C	4	2	5	1997	18	-1	8
NS14466G	1	2	2	1966	50	-1	1
NS14466G	2	2	2	1985	31	-1	8
NS14466G	3	2	9	1987	28	-1	8
NS14466G	4	2	8	1989	26	-1	8
NS14466G	5	2	12	1995	20	-1	8
NS14468J	1	2	11	1967	48	-1	1
NS14472X	1	2	7	1973	42	-1	1
NS14472X	2	1	9	1973	42	-1	4
NS14472X	3	2	1	1993	23	-1	8
NS14479E	1	-9	-9	-9	-1	-9	-9
NS14479E	2	-9	-9	-9	-1	-9	-9
NS14479E	3	-9	-9	-9	-1	-9	-9
NS14479E	4	-9	-9	-9	-1	-9	-9
NS14479E	5	-9	-9	-9	-1	-9	-9
NS14479E	6	-9	-9	-9	-1	-9	-9
NS14503N	1	2	-9	-9	-1	49	1
NS14503N	2	2	6	1994	21	-1	8
NS14509V	1	2	4	1962	54	-1	1
NS14509V	2	1	9	1964	51	-1	1
NS14522B	1	1	1	1993	22	-1	8
NS14522B	2	2	7	1987	28	-1	17
NS14524D	1	2	5	2000	15	-1	6
NS14525E	1	1	5	1955	60	-1	1
NS14525E	2	2	12	1953	61	-1	1
NS14525E	3	1	5	1986	29	-1	8
NS14525E	4	1	4	1992	23	-1	8
NS14531V	1	1	1	1961	55	-1	1
NS14531V	2	2	11	1960	55	-1	1
NS14531V	3	2	5	1993	22	-1	8
NS14539D	1	1	9	1950	65	-1	1
NS14539D	2	2	4	1951	64	-1	1
NS14540N	1	2	-9	-9	-1	55	1
NS14540N	2	1	-9	-9	-1	63	1
NS14540N	3	1	11	1985	30	-1	8
NS14545T	1	2	4	1958	57	-1	1
NS14545T	2	1	-9	-9	-1	63	1
NS14549Y	1	1	-9	-9	-1	-8	17
NS14549Y	2	1	-9	-9	-1	-8	17
NS14549Y	3	2	-9	-9	-1	-8	17
NS14549Y	4	2	-9	-9	-1	-8	17
NS14557Q	1	1	10	1946	69	-1	1
NS14559S	1	2	-9	-9	-1	-8	1
NS14559S	2	1	-9	-9	-1	-8	4
NS14559S	3	1	-9	-9	-1	-8	9
NS14560C	1	1	12	1947	68	-1	1
NS14560C	2	2	6	1953	62	-1	1
NS14571Y	1	1	3	1960	55	-1	1
NS14571Y	2	2	6	1965	50	-1	1
NS14571Y	3	2	1	1997	19	-1	8
NS14571Y	4	1	1	1998	18	-1	8
NS14576D	1	2	8	1966	49	-1	1
NS14576D	2	1	11	1993	21	-1	8
NS14576D	3	1	4	1999	16	-1	9
NS14581S	1	2	11	1967	48	-1	1
NS14581S	2	1	3	1968	47	-1	1
NS14581S	3	2	1	1994	21	-1	8
NS14585X	1	1	6	1994	21	-1	8
NS14585X	2	2	2	1960	56	-1	1
NS14585X	3	1	8	1960	55	-1	1
NS14592N	1	2	11	1988	27	-1	8
NS14592N	2	1	7	1958	57	-1	1
NS14592N	3	2	7	1965	50	-1	1
NS14593P	1	2	8	1965	50	-1	1
NS14593P	2	1	9	1994	21	-1	8
NS14593P	3	1	4	1960	55	-1	1
NS14598V	1	2	10	1989	26	-1	17
NS14602P	1	2	7	1959	56	-1	1
NS14602P	2	1	2	1954	61	-1	1
NS14602P	3	2	1	1989	27	-1	8
NS14605S	1	2	3	1955	60	-1	1
NS14605S	2	1	6	1954	61	-1	1
NS14608W	1	1	12	1960	55	-1	1
NS14608W	2	2	11	1963	52	-1	1
NS14608W	3	1	2	1993	22	-1	8
NS14612J	1	2	8	1990	25	-1	8
NS14612J	2	2	3	1990	26	-1	23
NS14615M	1	2	3	2001	14	-1	8
NS14615M	2	1	7	1958	57	-1	1
NS14615M	3	2	9	1942	73	-1	1
NS14638E	1	1	7	1951	64	-1	1
NS14638E	2	2	2	1959	56	-1	1
NS14638E	3	2	5	1994	21	-1	8
NS14638E	4	1	-9	-9	-1	-8	15
NS14643T	1	1	12	1937	78	-1	14
NS14643T	2	2	1	1939	77	-1	14
NS14643T	3	1	4	1964	52	-1	1
NS14643T	4	2	7	1961	54	-1	1
NS14643T	5	2	5	1990	25	-1	23
NS14643T	6	2	9	1993	22	-1	8
NS14656R	1	2	11	1959	56	-1	1
NS14656R	2	1	10	1955	60	-1	1
NS14658T	1	1	2	1938	78	-1	1
NS14658T	2	2	6	1950	66	-1	1
NS14660E	1	1	11	1940	75	-1	1
NS14660E	2	2	10	1953	62	-1	1
NS14663H	1	2	6	1948	67	-1	1
NS14666L	1	1	-9	-9	-1	56	1
NS14666L	2	2	-9	-9	-1	52	1
NS14668N	1	1	2	1958	57	-1	1
NS14668N	2	2	1	1966	50	-1	1
NS14668N	3	2	11	1988	27	-1	8
NS14668N	4	1	7	1993	22	-1	8
NS14678H	1	2	7	1961	54	-1	1
NS14678H	2	1	4	1961	54	-1	1
NS14681V	1	1	2	1963	53	-1	1
NS14681V	2	2	4	1966	50	-1	1
NS14681V	3	1	8	1991	24	-1	8
NS14681V	4	1	11	1993	22	-1	8
NS14682W	1	2	3	1954	61	-1	1
NS14682W	2	1	5	1953	62	-1	1
NS14683X	1	2	-9	-9	-1	59	1
NS14683X	2	1	-9	-9	-1	23	8
NS14687B	1	1	12	1987	28	-1	17
NS14688C	1	2	11	1955	60	-1	1
NS14688C	2	1	11	1952	63	-1	1
NS14690N	1	1	-9	-9	-1	-9	1
NS14690N	2	1	-9	-9	-1	-8	1
NS14691P	1	1	4	1961	54	-1	1
NS14691P	2	2	7	1964	51	-1	1
NS14692Q	1	1	-9	-9	-1	-9	1
NS14692Q	2	2	-9	-9	-1	-9	1
NS14692Q	3	2	-9	-9	-1	-9	8
NS14695T	1	1	10	1956	59	-1	5
NS14696V	1	1	6	1966	49	-1	1
NS14696V	2	2	1	1966	50	-1	1
NS14696V	3	2	4	1994	22	-1	8
NS14696V	4	1	7	2004	11	-1	8
NS14701Q	1	1	7	1952	63	-1	1
NS14701Q	2	2	4	1957	58	-1	1
NS14706W	1	1	-9	-9	-1	-8	23
NS14706W	2	2	-9	-9	-1	-8	23
NS14706W	3	1	-9	-9	-1	-8	23
NS14710J	1	2	3	1963	52	-1	1
NS14710J	2	1	7	1996	19	-1	9
NS14710J	3	1	7	1963	52	-1	4
NS14714N	1	2	6	1957	58	-1	1
NS14714N	2	2	11	2013	2	-1	12
NS14717R	1	1	-9	-9	-1	-9	1
NS14717R	2	1	-9	-9	-1	-9	8
NS14717R	3	2	-9	-9	-1	-9	1
NS14724H	1	2	10	1962	53	-1	1
NS14724H	2	1	8	1958	57	-1	1
NS14724H	3	2	4	2000	15	-1	8
NS14727L	1	2	4	1971	44	-1	4
NS14727L	2	1	11	1964	51	-1	1
NS14727L	3	2	12	1988	27	-1	8
NS14727L	4	2	12	1998	17	-1	9
NS14727L	5	2	10	2000	15	-1	9
NS14730Y	1	2	11	1945	70	-1	5
NS14730Y	2	2	3	1971	45	-1	16
NS14742V	1	1	-9	-9	-1	57	1
NS14742V	2	2	-9	-9	-1	55	1
NS14750M	1	1	-9	-9	-1	60	1
NS14750M	2	2	-9	-9	-1	57	1
NS14750M	3	1	-9	-9	-1	35	8
NS14750M	4	2	-9	-9	-1	31	8
NS14750M	5	2	-9	-9	-1	31	13
NS14750M	6	2	-9	-9	-1	2	15
NS14770B	1	2	2	1952	64	-1	1
NS14772D	1	1	-9	-9	-1	55	1
NS14772D	2	2	-9	-9	-1	51	1
NS14772D	3	1	-9	-9	-1	23	8
NS14776H	1	2	-9	-9	-1	58	1
NS14776H	2	1	-9	-9	-1	-8	1
NS14781X	1	2	12	1956	58	-1	1
NS14784A	1	2	1	1961	55	-1	1
NS14784A	2	1	2	1963	53	-1	1
NS14784A	3	1	6	1991	24	-1	8
NS14785B	1	2	6	1962	53	-1	1
NS14785B	2	1	5	1956	59	-1	1
NS14789F	1	2	-9	-9	-1	25	17
NS14799A	1	2	-9	-9	-1	-8	17
NS14799A	2	1	-9	-9	-1	-8	17
NS14799A	3	1	-9	-9	-1	-8	17
NS14800R	1	2	5	1994	21	-1	23
NS14802T	1	1	-9	-9	-1	-8	1
NS14802T	2	2	6	1953	62	-1	1
NS14804W	1	1	-9	-9	-1	-9	1
NS14804W	2	2	-9	-9	-1	-9	1
NS14805X	1	2	2	1967	48	-1	1
NS14805X	2	1	3	1960	55	-1	4
NS14805X	3	1	5	1995	20	-1	8
NS14806Y	1	2	9	1965	50	-1	1
NS14806Y	2	2	3	1998	18	-1	9
NS14806Y	3	2	10	2000	15	-1	9
NS14807Z	1	1	-9	-9	-1	24	17
NS14807Z	2	1	-9	-9	-1	24	17
NS14807Z	3	2	-9	-9	-1	24	17
NS14824K	1	2	6	1961	54	-1	1
NS14824K	2	1	8	1960	55	-1	1
NS14837H	1	2	9	1960	55	-1	1
NS14837H	2	1	-9	-9	-1	-8	1
NS14840V	1	2	5	1955	60	-1	1
NS14840V	2	1	6	1955	60	-1	1
NS14849E	1	2	10	1970	45	-1	1
NS14849E	2	2	5	1998	18	-1	8
NS14854T	1	2	9	1970	45	-1	1
NS14854T	2	1	-9	-9	-1	47	4
NS14854T	3	1	-9	-9	-1	7	9
NS14861K	1	2	5	1965	50	-1	1
NS14862L	1	1	7	1956	59	-1	1
NS14862L	2	2	10	1955	60	-1	1
NS14869T	1	1	3	1992	23	-1	9
NS14869T	2	1	8	1988	27	-1	17
NS14886E	1	2	8	1988	27	-1	17
NS14886E	2	1	5	1983	32	-1	17
NS14886E	3	1	12	2014	1	-1	22
NS14888G	1	1	-9	-9	-1	-9	1
NS14888G	2	2	-9	-9	-1	-9	1
NS14888G	3	2	-9	-9	-1	-9	8
NS14890S	1	2	6	1960	55	-1	1
NS14890S	2	1	7	1960	55	-1	1
NS14892V	1	1	12	1952	63	-1	21
NS14892V	2	2	1	1968	48	-1	1
NS14892V	3	2	5	1998	18	-1	8
NS14892V	4	2	7	2008	7	-1	8
NS14892V	5	1	9	1991	24	-1	8
NS14896Z	1	1	7	1954	61	-1	1
NS14896Z	2	2	9	1962	53	-1	1
NS14907B	1	2	2	2014	2	-1	6
NS14907B	2	2	5	2008	8	-1	6
NS14907B	3	1	9	2009	6	-1	6
NS14907B	4	2	3	2011	5	-1	6
NS14907B	5	1	11	2012	3	-1	6
NS14908C	1	2	7	1966	49	-1	1
NS14908C	2	1	10	1966	49	-1	1
NS14908C	3	1	1	1995	21	-1	8
NS14908C	4	2	5	1999	16	-1	8
NS14910N	1	1	11	1960	55	-1	1
NS14910N	2	2	9	1962	53	-1	1
NS14912Q	1	2	-9	-9	-1	50	1
NS14912Q	2	1	-9	-9	-1	50	17
NS14912Q	3	1	-9	-9	-1	20	8
NS14914S	1	1	2	1964	52	-1	4
NS14914S	2	2	6	1970	45	-1	1
NS14914S	3	1	6	1989	26	-1	8
NS14915T	1	1	-9	-9	-1	67	1
NS14915T	2	2	-9	-9	-1	51	1
NS14915T	3	2	-9	-9	-1	23	8
NS14916V	1	1	12	1959	56	-1	1
NS14916V	2	2	6	1968	47	-1	1
NS14916V	3	2	5	2003	12	-1	8
NS14916V	4	1	6	1991	24	-1	8
NS14917W	1	2	3	1959	57	-1	1
NS14917W	2	1	10	1950	65	-1	1
NS14924M	1	2	11	1969	46	-1	1
NS14924M	2	1	12	1993	21	-1	8
NS14931D	1	2	3	1966	49	-1	1
NS14932E	1	2	7	2008	7	-1	6
NS14933F	1	1	1	1986	30	-1	8
NS14933F	2	1	9	1959	56	-1	1
NS14942Z	1	2	1	1989	27	-1	11
NS14942Z	2	2	11	1949	66	-1	1
NS14942Z	3	1	11	1983	32	-1	11
NS14945C	1	1	1	1991	25	-1	23
NS14945C	2	2	1	1964	52	-1	23
NS14951S	1	1	2	1962	53	-1	1
NS14951S	2	2	4	1959	56	-1	1
NS14951S	3	2	6	1993	22	-1	8
NS14983D	1	2	6	1961	54	-1	1
NS14983D	2	1	3	1959	56	-1	1
NS14988J	1	2	9	1993	21	-1	8
NS14988J	2	2	4	1999	16	-1	8
NS14988J	3	2	5	1963	52	-1	1
NS14988J	4	1	1	1962	53	-1	1
NS14988J	5	2	-9	-9	-1	67	14
NS14988J	6	1	-9	-9	-1	75	14
NS14991W	1	1	12	1957	58	-1	1
NS14991W	2	2	1	1962	54	-1	1
NS14991W	3	1	12	1992	23	-1	8
NS14995A	1	2	-9	-9	-1	24	17
NS14997C	1	2	1	1953	63	-1	1
NS14998D	1	1	-9	-9	-1	30	17
NS14998D	2	2	10	1989	26	-1	17
NS15002X	1	2	-9	-9	-1	26	17
NS15003Y	1	2	-9	-9	-1	51	1
NS15003Y	2	1	-9	-9	-1	53	1
NS15019Z	1	2	1	1955	61	-1	16
NS15023M	1	2	4	1954	61	-1	1
NS15026Q	1	1	-9	-9	-1	23	8
NS15026Q	2	2	-9	-9	-1	20	8
NS15026Q	3	2	-9	-9	-1	54	1
NS15036K	1	1	6	1950	66	-1	1
NS15036K	2	2	5	1955	61	-1	1
NS15042A	1	1	-9	-9	-1	56	1
NS15046E	1	1	-9	-9	-1	25	17
NS15046E	2	2	-9	-9	-1	18	17
NS15046E	3	1	-9	-9	-1	23	17
NS15046E	4	1	-9	-9	-1	23	17
NS15057A	1	2	3	1965	50	-1	1
NS15057A	2	1	-9	-9	-1	61	4
NS15062P	1	2	-9	-9	-1	57	1
NS15062P	2	1	11	1946	69	-1	1
NS15066T	1	2	-9	-9	-1	-9	8
NS15066T	2	2	-9	-9	-1	-9	8
NS15066T	3	2	-9	-9	-1	-9	8
NS15066T	4	2	-9	-9	-1	-9	8
NS15066T	5	1	-9	-9	-1	-9	1
NS15068W	1	2	-9	-9	-1	43	15
NS15068W	2	2	-9	-9	-1	25	15
NS15068W	3	1	-9	-9	-1	43	23
NS15075M	1	2	12	1950	65	-1	1
NS15075M	2	1	6	1974	41	-1	8
NS15075M	3	2	1	1982	34	-1	13
NS15075M	4	1	11	2003	12	-1	15
NS15075M	5	1	9	2007	8	-1	15
NS15075M	6	2	3	2008	7	-1	15
NS15082D	1	2	-9	-9	-1	59	1
NS15096C	1	1	3	1963	52	-1	1
NS15098E	1	2	9	1966	48	-1	1
NS15098E	2	1	3	1964	51	-1	1
NS15098E	3	2	2	1996	19	-1	8
NS15098E	4	2	3	2005	10	-1	8
NS15099F	1	2	2	1961	54	-1	15
NS15099F	2	1	11	1983	31	-1	15
NS15102Z	1	2	8	1959	55	-1	1
NS15108F	1	1	12	1957	58	-1	1
NS15108F	2	2	3	1959	56	-1	1
NS15108F	3	1	3	1991	24	-1	8
NS15110R	1	1	-9	-9	-1	62	1
NS15110R	2	2	-9	-9	-1	52	1
NS15112T	1	2	1	1960	56	-1	1
NS15112T	2	1	10	1960	55	-1	1
NS15115X	1	2	-9	-9	-1	-9	1
NS15115X	2	1	-9	-9	-1	-9	1
NS15115X	3	1	-9	-9	-1	-9	8
NS15116Y	1	1	10	1958	57	-1	1
NS15116Y	2	2	12	1958	57	-1	1
NS15123P	1	1	4	1957	59	-1	1
NS15123P	2	2	4	1957	59	-1	1
NS15123P	3	1	10	1991	24	-1	8
NS15127T	1	2	5	1990	25	-1	8
NS15127T	2	1	2	1956	59	-1	1
NS15127T	3	2	10	1956	59	-1	1
NS15134K	1	1	4	1963	53	-1	1
NS15134K	2	2	6	1963	52	-1	1
NS15134K	3	1	9	1993	22	-1	8
NS15134K	4	1	3	1999	17	-1	8
NS15140A	1	1	11	1962	53	-1	1
NS15140A	2	1	4	1967	49	-1	1
NS15140A	3	2	5	1986	29	-1	8
NS15140A	4	2	5	1990	25	-1	8
NS15140A	5	1	7	1994	21	-1	8
NS15140A	6	2	9	2002	13	-1	8
NS15140A	7	1	9	2014	1	-1	15
NS15140A	8	2	8	1993	22	-1	8
NS15144E	1	1	-9	-9	-1	60	1
NS15144E	2	2	-9	-9	-1	52	1
NS15144E	3	1	-9	-9	-1	32	8
NS15144E	4	1	-9	-9	-1	27	8
NS15144E	5	1	-9	-9	-1	24	8
NS15149K	1	1	-9	-9	-1	32	6
NS15152X	1	1	-9	-9	-1	-8	23
NS15169Z	1	2	-9	-9	-1	-9	1
NS15169Z	2	2	-9	-9	-1	-9	8
NS15169Z	3	1	-9	-9	-1	-9	23
NS15177R	1	2	1	1962	54	-1	1
NS15182F	1	1	11	2010	4	-1	6
NS15187L	1	1	10	1968	47	-1	1
NS15187L	2	2	5	1970	45	-1	1
NS15187L	3	2	8	1992	23	-1	8
NS15187L	4	2	9	1995	20	-1	8
NS15187L	5	1	9	2006	9	-1	8
NS15192A	1	1	-9	-9	-1	-8	17
NS15192A	2	2	-9	-9	-1	25	17
NS15192A	3	1	-9	-9	-1	33	17
NS15192A	4	2	-9	-9	-1	22	17
NS15192A	5	2	-9	-9	-1	50	17
NS15197F	1	2	-9	-9	-1	-8	1
NS15197F	2	1	10	1995	20	-1	9
NS15197F	3	2	4	1998	17	-1	9
NS15201A	1	1	2	1990	26	-1	19
NS15207G	1	2	-9	-9	-1	-9	8
NS15207G	2	2	-9	-9	-1	-9	8
NS15207G	3	2	-9	-9	-1	-9	8
NS15207G	4	2	-9	-9	-1	-9	1
NS15209J	1	1	-9	-9	-1	55	5
NS15209J	2	2	-9	-9	-1	53	5
NS15209J	3	1	-9	-9	-1	16	13
NS15217B	1	1	5	1956	59	-1	1
NS15217B	2	2	6	1964	51	-1	1
NS15217B	3	1	5	1998	17	-1	8
NS15218C	1	1	-9	-9	-1	24	8
NS15223R	1	1	9	1960	55	-1	1
NS15223R	2	2	5	1968	47	-1	1
NS15223R	3	2	7	1996	19	-1	8
NS15229Y	1	2	-9	-9	-1	-8	17
NS15229Y	2	2	-9	-9	-1	-8	17
NS15239S	1	2	5	1957	58	-1	1
NS15239S	2	1	3	1950	65	-1	1
NS15239S	3	2	7	1986	29	-1	8
NS15239S	4	2	7	2009	6	-1	15
NS15239S	5	2	7	2014	1	-1	15
NS15239S	6	1	9	1990	25	-1	23
NS15241D	1	1	3	1993	22	-1	8
NS15243F	1	1	5	1961	54	-1	1
NS15243F	2	2	9	1971	44	-1	1
NS15243F	3	2	12	1993	21	-1	8
NS15243F	4	2	10	1996	19	-1	8
NS15243F	5	2	10	1997	18	-1	8
NS15243F	6	1	5	1999	16	-1	8
NS15243F	7	1	8	2000	15	-1	8
NS15243F	8	2	9	2005	10	-1	8
NS15244G	1	1	4	1993	22	-1	8
NS15244G	2	2	-9	-9	-1	50	1
NS15244G	3	1	-9	-9	-1	50	1
NS15254B	1	2	12	1957	58	-1	1
NS15254B	2	1	-9	-9	-1	35	9
NS15254B	3	1	-9	-9	-1	22	8
NS15257E	1	2	-9	-9	-1	-8	1
NS15257E	2	1	-9	-9	-1	-8	1
NS15263V	1	1	12	1955	59	-1	1
NS15263V	2	2	12	1961	53	-1	1
NS15263V	3	1	11	1992	22	-1	8
NS15263V	4	1	2	1995	20	-1	8
NS15266Y	1	2	2	1961	54	-1	1
NS15266Y	2	1	5	1953	62	-1	1
NS15268A	1	1	3	1936	79	-1	1
NS15268A	2	2	11	1955	60	-1	1
NS15268A	3	2	11	1992	23	-1	8
NS15274Q	1	2	12	1956	59	-1	1
NS15274Q	2	1	10	1954	61	-1	1
NS15274Q	3	1	12	1980	35	-1	8
NS15276S	1	1	-9	-9	-1	49	1
NS15276S	2	2	-9	-9	-1	45	1
NS15276S	3	1	-9	-9	-1	24	8
NS15276S	4	2	-9	-9	-1	24	13
NS15276S	5	2	-9	-9	-1	25	23
NS15276S	6	1	-9	-9	-1	-8	23
NS15278V	1	2	10	1966	49	-1	1
NS15281G	1	2	5	1960	55	-1	1
NS15281G	2	1	2	1961	54	-1	1
NS15285L	1	2	11	1987	28	-1	17
NS15285L	2	2	-9	-9	-1	22	17
NS15285L	3	2	5	1990	25	-1	17
NS15289Q	1	1	-9	-9	-1	24	17
NS15289Q	2	1	-9	-9	-1	30	17
NS15289Q	3	1	-9	-9	-1	25	17
NS15298J	1	1	2	1957	58	-1	1
NS15298J	2	2	1	1957	58	-1	1
NS15298J	3	2	3	1999	16	-1	8
NS15301C	1	2	-9	-9	-1	31	17
NS15307J	1	2	5	1996	20	-1	8
NS15307J	2	1	3	1965	51	-1	1
NS15311X	1	2	-9	-9	-1	24	8
NS15318E	1	2	1	1963	53	-1	1
NS15320Q	1	1	4	1992	23	-1	8
NS15324V	1	2	-9	-9	-1	-8	5
NS15338T	1	1	-9	-9	-1	-8	1
NS15338T	2	2	-9	-9	-1	-8	1
NS15338T	3	1	2	1998	18	-1	8
NS15339V	1	2	7	1948	67	-1	1
NS15339V	2	2	4	1926	89	-1	14
NS15352B	1	2	5	1966	49	-1	1
NS15352B	2	1	1	1989	27	-1	13
NS15352B	3	1	1	1986	30	-1	13
NS15354D	1	1	4	1965	51	-1	1
NS15354D	2	2	10	1963	52	-1	1
NS15354D	3	1	2	1985	31	-1	8
NS15354D	4	1	10	1995	20	-1	8
NS15360T	1	2	12	1961	54	-1	1
NS15360T	2	1	8	1960	55	-1	1
NS15361V	1	1	-9	-9	-1	35	17
NS15361V	2	1	-9	-9	-1	35	17
NS15361V	3	2	-9	-9	-1	36	17
NS15361V	4	2	-9	-9	-1	41	17
NS15370N	1	1	-9	-9	-1	-9	8
NS15378X	1	2	5	1966	49	-1	1
NS15378X	2	1	12	1992	23	-1	8
NS15379Y	1	2	5	2008	7	-1	8
NS15379Y	2	2	2	1972	43	-1	1
NS15379Y	3	1	5	2009	6	-1	8
NS15379Y	4	1	8	1995	20	-1	8
NS15389S	1	2	6	1987	28	-1	17
NS15389S	2	2	11	1989	26	-1	17
NS15389S	3	2	6	1989	26	-1	17
NS15390C	1	1	9	1988	27	-1	8
NS15390C	2	2	-9	-9	-1	24	13
NS15390C	3	1	-9	-9	-1	66	1
NS15390C	4	2	-9	-9	-1	60	1
NS15405J	1	2	-9	-9	-1	-8	1
NS15405J	2	1	-9	-9	-1	-8	1
NS15409N	1	1	-9	-9	-1	-8	17
NS15412A	1	1	-9	-9	-1	27	17
NS15412A	2	2	-9	-9	-1	22	17
NS15412A	3	1	-9	-9	-1	22	17
NS15412A	4	2	-9	-9	-1	22	17
NS15413B	1	1	11	1974	41	-1	15
NS15428B	1	2	8	1965	50	-1	1
NS15436T	1	2	4	1994	21	-1	8
NS15436T	2	2	9	1959	56	-1	1
NS15436T	3	1	12	1955	59	-1	1
NS15440G	1	1	-9	-9	-1	-9	1
NS15440G	2	2	-9	-9	-1	-9	8
NS15447P	1	1	6	1991	24	-1	8
NS15447P	2	2	12	1963	52	-1	1
NS15452D	1	1	-9	-9	-1	57	1
NS15452D	2	2	-9	-9	-1	55	1
NS15453E	1	2	7	1968	47	-1	1
NS15453E	2	1	2	1968	47	-1	1
NS15453E	3	1	7	1987	28	-1	8
NS15453E	4	1	3	1990	25	-1	8
NS15453E	5	2	5	1990	25	-1	13
NS15457J	1	2	-9	-9	-1	60	1
NS15464A	1	2	-9	-9	-1	-9	1
NS15465B	1	1	1	1992	24	-1	8
NS15465B	2	1	9	1990	25	-1	8
NS15465B	3	1	5	1987	28	-1	8
NS15465B	4	2	-9	-9	-1	-9	8
NS15465B	5	2	-9	-9	-1	-9	8
NS15465B	6	2	-9	-9	-1	-9	1
NS15466C	1	2	-9	-9	-1	-9	1
NS15466C	2	1	-9	-9	-1	-9	8
NS15471R	1	2	2	1968	47	-1	1
NS15472S	1	1	6	1968	47	-1	1
NS15472S	2	2	3	1968	47	-1	1
NS15472S	3	2	11	1993	22	-1	8
NS15477Y	1	2	3	1957	58	-1	1
NS15477Y	2	1	1	1959	57	-1	1
NS15488T	1	2	10	1965	50	-1	1
NS15488T	2	1	2	1959	57	-1	1
NS15491F	1	2	1	1971	45	-1	1
NS15494J	1	2	1	1964	52	-1	1
NS15494J	2	1	6	1965	51	-1	1
NS15496L	1	2	-9	-9	-1	22	17
NS15496L	2	1	-9	-9	-1	28	17
NS15497M	1	1	9	1962	53	-1	1
NS15497M	2	2	4	1963	53	-1	1
NS15497M	3	1	1	1992	24	-1	8
NS15497M	4	2	8	1998	17	-1	8
NS15507N	1	1	-9	-9	-1	30	19
NS15507N	2	2	-9	-9	-1	29	19
NS15515F	1	2	-9	-9	-1	26	17
NS15515F	2	2	-9	-9	-1	30	17
NS15518J	1	1	4	1964	52	-1	1
NS15518J	2	2	-9	-9	-1	48	1
NS15518J	3	1	-9	-9	-1	20	8
NS15518J	4	1	-9	-9	-1	17	8
NS15522X	1	1	-9	-9	-1	-9	1
NS15522X	2	2	-9	-9	-1	-9	1
NS15522X	3	2	-9	-9	-1	-9	14
NS15524Z	1	2	-9	-9	-1	26	17
NS15549T	1	1	-9	-9	-1	41	8
NS15549T	2	2	-9	-9	-1	41	13
NS15549T	3	1	-9	-9	-1	17	15
NS15549T	4	1	-9	-9	-1	13	15
NS15549T	5	2	-9	-9	-1	9	15
NS15551E	1	1	8	1963	52	-1	1
NS15551E	2	2	3	1960	56	-1	1
NS15551E	3	1	9	1993	22	-1	8
NS15553G	1	2	12	1993	22	-1	8
NS15553G	2	2	11	1967	48	-1	1
NS15553G	3	1	6	1960	55	-1	4
NS15555J	1	2	-9	-9	-1	35	17
NS15555J	2	2	-9	-9	-1	22	17
NS15559N	1	1	1	1998	17	-1	8
NS15559N	2	2	1	2002	13	-1	8
NS15559N	3	2	4	1997	18	-1	8
NS15560Y	1	2	-9	-9	-1	24	17
NS15571T	1	2	9	1992	23	-1	8
NS15571T	2	1	8	1979	36	-1	13
NS15571T	3	1	4	2011	4	-1	15
NS15571T	4	2	3	2015	0	-1	15
NS15572V	1	2	-9	-9	-1	-9	1
NS15572V	2	1	-9	-9	-1	-9	1
NS15573W	1	2	-9	-9	-1	50	1
NS15576Z	1	1	-9	-9	-1	25	17
NS15576Z	2	2	-9	-9	-1	26	17
NS15576Z	3	1	-9	-9	-1	24	17
NS15578B	1	1	8	1986	29	-1	23
NS15583Q	1	2	1	1987	28	-1	23
NS15583Q	2	2	-9	-9	-1	49	1
NS15583Q	3	1	-9	-9	-1	50	1
NS15588W	1	1	10	1990	25	-1	8
NS15588W	2	2	1	1967	49	-1	1
NS15597P	1	1	10	2004	11	-1	8
NS15597P	2	1	12	2015	0	-1	15
NS15605N	1	1	11	1970	45	-1	1
NS15605N	2	2	2	1969	47	-1	1
NS15605N	3	1	12	1994	21	-1	8
NS15622Z	1	2	6	1961	54	-1	1
NS15622Z	2	2	1	1996	19	-1	8
NS15622Z	3	1	6	1956	59	-1	1
NS15625C	1	2	7	1959	56	-1	1
NS15625C	2	1	9	1961	54	-1	1
NS15627E	1	2	-9	-9	-1	-8	1
NS15627E	2	1	-9	-9	-1	-8	1
NS15627E	3	1	7	1990	25	-1	8
NS15627E	4	2	2	1992	23	-1	8
NS15628F	1	2	-9	-9	-1	-9	5
NS15628F	2	1	-9	-9	-1	-9	5
NS15628F	3	1	-9	-9	-1	-9	13
NS15628F	4	1	-9	-9	-1	-9	13
NS15629G	1	2	9	1967	48	-1	1
NS15629G	2	1	2	1999	17	-1	8
NS15629G	3	1	9	2000	15	-1	8
NS15650F	1	1	5	1958	57	-1	1
NS15650F	2	2	7	1994	21	-1	8
NS15650F	3	2	7	1961	54	-1	1
NS15667H	1	2	11	1968	47	-1	1
NS15667H	2	1	9	1964	51	-1	1
NS15667H	3	2	9	1996	19	-1	8
NS15671W	1	2	5	1964	51	-1	1
NS15671W	2	2	-9	-9	-1	24	8
NS15671W	3	1	-9	-9	-1	13	10
NS15695P	1	1	2	1952	63	-1	1
NS15695P	2	2	1	1956	60	-1	1
NS15695P	3	2	4	1999	16	-1	8
NS15695P	4	1	11	2000	15	-1	8
NS15707S	1	2	12	1989	26	-1	8
NS15707S	2	2	7	1998	17	-1	9
NS15707S	3	2	11	2015	0	-1	15
NS15707S	4	2	3	1966	49	-1	1
NS15710E	1	2	9	1964	51	-1	1
NS15722B	1	1	1	1986	30	-1	8
NS15722B	2	2	-9	-9	-1	31	8
NS15722B	3	2	10	1959	56	-1	1
NS15722B	4	1	1	1959	57	-1	1
NS15732W	1	2	6	1955	60	-1	1
NS15732W	2	1	9	1961	54	-1	4
NS15733X	1	1	11	1987	28	-1	8
NS15733X	2	2	7	1958	57	-1	1
NS15733X	3	1	3	1963	52	-1	23
NS15737B	1	1	-9	-9	-1	27	17
NS15742Q	1	1	12	1950	64	-1	1
NS15742Q	2	2	9	1957	57	-1	1
NS15745T	1	1	12	1962	52	-1	1
NS15745T	2	2	4	1966	49	-1	1
NS15746V	1	1	-9	-9	-1	-9	1
NS15746V	2	2	-9	-9	-1	-9	4
NS15746V	3	1	-9	-9	-1	-9	8
NS15746V	4	1	-9	-9	-1	-9	8
NS15750H	1	1	-9	-9	-1	58	5
NS15750H	2	2	-9	-9	-1	50	5
NS15750H	3	1	-9	-9	-1	27	13
NS15750H	4	2	-9	-9	-1	26	13
NS15750H	5	2	-9	-9	-1	24	13
NS15750H	6	1	-9	-9	-1	23	13
NS15754M	1	2	1	1963	52	-1	1
NS15754M	2	1	8	1960	55	-1	4
NS15754M	3	1	7	1995	20	-1	9
NS15757Q	1	2	5	1959	57	-1	1
NS15757Q	2	2	7	1998	17	-1	8
NS15757Q	3	1	3	1993	23	-1	8
NS15759S	1	2	-9	-9	-1	50	1
NS15759S	2	1	-9	-9	-1	74	1
NS15760C	1	1	3	1988	27	-1	17
NS15760C	2	2	-9	-9	-1	28	17
NS15760C	3	1	12	1990	25	-1	17
NS15762E	1	1	5	1958	57	-1	1
NS15762E	2	2	11	1959	56	-1	1
NS15762E	3	2	10	1987	28	-1	8
NS15762E	4	1	12	1996	19	-1	8
NS15768L	1	1	-9	-9	-1	-9	1
NS15768L	2	2	-9	-9	-1	-9	1
NS15768L	3	2	-9	-9	-1	-9	8
NS15774B	1	2	4	1964	52	-1	1
NS15774B	2	2	3	1992	24	-1	8
NS15779G	1	2	8	1960	55	-1	1
NS15786Y	1	2	7	1952	63	-1	1
NS15794Q	1	2	4	1959	56	-1	2
NS15794Q	2	1	5	1956	59	-1	2
NS15795R	1	2	8	1969	47	-1	1
NS15795R	2	1	5	1965	51	-1	1
NS15799W	1	2	8	1956	59	-1	1
NS15799W	2	1	7	1985	30	-1	8
NS15803Q	1	2	12	1994	20	-1	8
NS15803Q	2	1	4	1993	22	-1	8
NS15803Q	3	1	4	1992	23	-1	8
NS15803Q	4	1	12	1986	28	-1	8
NS15803Q	5	2	1	1956	59	-1	1
NS15805S	1	1	9	1992	23	-1	8
NS15813K	1	2	6	1955	60	-1	1
NS15813K	2	1	12	1950	65	-1	1
NS15813K	3	1	6	1988	27	-1	15
NS15813K	4	1	12	1990	25	-1	15
NS15815M	1	1	-9	-9	-1	-8	8
NS15815M	2	2	-9	-9	-1	-8	8
NS15815M	3	1	-9	-9	-1	53	1
NS15815M	4	2	-9	-9	-1	29	4
NS15817P	1	1	3	1948	67	-1	1
NS15817P	2	2	5	1988	27	-1	8
NS15817P	3	1	-9	-9	-1	29	23
NS15817P	4	2	-9	-9	-1	9	23
NS15817P	5	2	-9	-9	-1	1	23
NS15821C	1	1	3	1991	24	-1	15
NS15825G	1	2	5	1957	58	-1	1
NS15825G	2	1	12	1960	55	-1	1
NS15827J	1	1	-9	-9	-1	29	13
NS15827J	2	2	-9	-9	-1	50	1
NS15827J	3	1	-9	-9	-1	65	1
NS15837D	1	2	12	1969	46	-1	1
NS15837D	2	1	5	1972	43	-1	4
NS15842S	1	2	5	1990	25	-1	15
NS15845W	1	2	1	1991	25	-1	17
NS15845W	2	2	7	1990	25	-1	17
NS15849A	1	2	3	1968	47	-1	1
NS15849A	2	1	3	1968	47	-1	4
NS15849A	3	2	1	1992	23	-1	8
NS15851L	1	2	6	1962	53	-1	1
NS15851L	2	1	3	1954	62	-1	1
NS15856R	1	2	-9	-9	-1	19	8
NS15856R	2	1	-9	-9	-1	16	8
NS15856R	3	1	9	1991	24	-1	8
NS15856R	4	2	-9	-9	-1	56	1
NS15857S	1	2	7	1992	23	-1	17
NS15857S	2	2	10	1991	24	-1	17
NS15858T	1	2	9	1959	55	-1	1
NS15858T	2	1	7	1958	57	-1	1
NS15858T	3	1	9	1986	28	-1	8
NS15861F	1	2	8	1959	56	-1	1
NS15861F	2	1	10	1959	56	-1	1
NS15861F	3	1	4	1993	22	-1	8
NS15862G	1	2	-9	-9	-1	-9	1
NS15862G	2	1	-9	-9	-1	-9	1
NS15862G	3	1	-9	-9	-1	-9	8
NS15862G	4	1	-9	-9	-1	-9	15
NS15862G	5	2	-9	-9	-1	-9	17
NS15864J	1	1	-9	-9	-1	-8	17
NS15866L	1	1	-9	-9	-1	-9	-9
NS15866L	2	-9	-9	-9	-1	-9	-9
NS15866L	3	-9	-9	-9	-1	-9	-9
NS15866L	4	-9	-9	-9	-1	-9	-9
NS15868N	1	2	5	1959	57	-1	1
NS15868N	2	2	6	1992	23	-1	8
NS15870Z	1	1	-9	-9	-1	-9	1
NS15870Z	2	2	-9	-9	-1	-9	1
NS15870Z	3	2	-9	-9	-1	-9	8
NS15878H	1	2	7	1956	59	-1	1
NS15878H	2	2	-9	-9	-1	33	8
NS15878H	3	2	-9	-9	-1	31	8
NS15878H	4	2	-9	-9	-1	30	8
NS15878H	5	1	7	1985	30	-1	8
NS15878H	6	2	2	1993	22	-1	8
NS15878H	7	2	-9	-9	-1	3	15
NS15878H	8	2	-9	-9	-1	1	15
NS15882W	1	1	5	1957	58	-1	1
NS15882W	2	2	1	1964	51	-1	1
NS15882W	3	2	6	1996	19	-1	8
NS15882W	4	1	8	1998	17	-1	8
NS15887B	1	1	-9	-9	-1	-9	1
NS15887B	2	2	-9	-9	-1	-9	1
NS15887B	3	1	-9	-9	-1	-9	8
NS15888C	1	2	9	1958	57	-1	1
NS15888C	2	1	1	1955	61	-1	1
NS15888C	3	1	10	1991	24	-1	8
NS15897W	1	1	6	1965	50	-1	1
NS15897W	2	2	4	1966	50	-1	1
NS15897W	3	1	3	2004	12	-1	10
NS15902R	1	2	-9	-9	-1	45	1
NS15917R	1	2	-9	-9	-1	47	1
NS15917R	2	1	-9	-9	-1	51	1
NS15917R	3	1	-9	-9	-1	13	8
NS15922F	1	1	5	1982	33	-1	23
NS15923G	1	2	3	1969	47	-1	1
NS15923G	2	1	7	1960	55	-1	1
NS15925J	1	1	5	1958	57	-1	1
NS15925J	2	2	3	1959	57	-1	1
NS15925J	3	1	7	1990	25	-1	8
NS15926K	1	1	3	1933	83	-1	1
NS15926K	2	2	8	1966	49	-1	2
NS15926K	3	1	9	1998	17	-1	8
NS15944X	1	2	-9	-9	-1	63	1
NS15944X	2	1	-9	-9	-1	88	1
NS15945Y	1	1	-9	-9	-1	30	19
NS15950M	1	2	5	1959	56	-1	1
NS15950M	2	2	7	1991	24	-1	8
NS15961H	1	1	-9	-9	-1	-9	1
NS15961H	2	2	-9	-9	-1	-9	1
NS15961H	3	2	-9	-9	-1	-9	8
NS15961H	4	2	-9	-9	-1	-9	8
NS15961H	5	2	-9	-9	-1	-9	8
NS15965M	1	1	3	1965	50	-1	4
NS15965M	2	2	3	1962	53	-1	1
NS15966N	1	2	5	2009	6	-1	4
NS15968Q	1	1	-9	-9	-1	27	17
NS15969R	1	2	7	1962	53	-1	1
NS15969R	2	1	5	1962	53	-1	1
NS15969R	3	1	8	1925	90	-1	14
NS15969R	4	2	5	1929	86	-1	14
NS15973E	1	2	1	1967	49	-1	1
NS15973E	2	2	11	1987	28	-1	8
NS15973E	3	2	3	1989	27	-1	8
NS15973E	4	2	8	1992	23	-1	8
NS15973E	5	2	4	1996	20	-1	8
NS15973E	6	2	8	1997	18	-1	8
NS15977J	1	2	7	1965	50	-1	1
NS15977J	2	1	2	1964	51	-1	1
NS15978K	1	1	9	1948	67	-1	2
NS15978K	2	2	2	1951	64	-1	1
NS15981X	1	1	11	1955	60	-1	1
NS15981X	2	2	11	1965	50	-1	1
NS15981X	3	1	11	1996	19	-1	8
NS15984A	1	2	1	1960	56	-1	1
NS15984A	2	1	-9	-9	-1	61	1
NS15986C	1	1	-9	-9	-1	62	1
NS15986C	2	2	-9	-9	-1	59	1
NS15986C	3	1	-9	-9	-1	26	8
NS15988E	1	2	2	1969	46	-1	1
NS15988E	2	1	-9	-9	-1	60	4
NS15988E	3	-1	-1	-1	-1	-1	-1
NS15988E	4	-1	-1	-1	-1	-1	-1
NS15990Q	1	2	11	1962	53	-1	1
NS15996X	1	2	2	1961	55	-1	1
NS15996X	2	1	-9	-9	-1	38	4
NS15996X	3	1	8	2007	8	-1	9
NS15997Y	1	1	1	1962	54	-1	1
NS15997Y	2	2	11	1964	51	-1	1
NS15997Y	3	2	1	1986	30	-1	8
NS16000Q	1	2	7	1951	64	-1	2
NS16000Q	2	1	5	1951	64	-1	2
NS16001R	1	2	9	1986	29	-1	8
NS16001R	2	2	4	1962	53	-1	1
NS16001R	3	1	4	1993	22	-1	8
NS16002S	1	2	6	1959	56	-1	1
NS16002S	2	1	1	1958	57	-1	1
NS16010K	1	2	-9	-9	-1	-9	17
NS16010K	2	2	-9	-9	-1	-9	17
NS16010K	3	2	-9	-9	-1	-9	17
NS16018T	1	2	12	1953	62	-1	1
NS16018T	2	1	-9	-9	-1	60	4
NS16018T	3	1	6	1986	29	-1	8
NS16021F	1	1	4	1961	55	-1	1
NS16021F	2	2	12	1956	59	-1	1
NS16021F	3	2	5	1997	18	-1	8
NS16032B	1	1	-9	-9	-1	-9	1
NS16032B	2	2	-9	-9	-1	-9	1
NS16032B	3	1	-9	-9	-1	-9	19
NS16045Z	1	1	-9	-9	-1	-9	1
NS16045Z	2	2	-9	-9	-1	-9	1
NS16045Z	3	2	-9	-9	-1	-9	8
NS16045Z	4	-9	-9	-9	-1	-9	-9
NS16045Z	5	-9	-9	-9	-1	-9	-9
NS16045Z	6	-9	-9	-9	-1	-9	-9
NS16045Z	7	2	-9	-9	-1	-9	-9
NS16045Z	8	-9	-9	-9	-1	-9	-9
NS16045Z	9	-9	-9	-9	-1	-9	-9
NS16045Z	10	-9	-9	-9	-1	-9	-9
NS16046A	1	2	7	1990	25	-1	17
NS16050N	1	1	-9	-9	-1	56	18
NS16050N	2	2	-9	-9	-1	56	18
NS16051P	1	1	-9	-9	-1	62	1
NS16051P	2	2	-9	-9	-1	58	1
NS16051P	3	2	-9	-9	-1	18	8
NS16056V	1	2	-9	-9	-1	47	1
NS16059Y	1	1	-9	-9	-1	-8	23
NS16059Y	2	2	-9	-9	-1	-8	23
NS16072E	1	2	1	1964	51	-1	1
NS16072E	2	1	10	1962	53	-1	1
NS16072E	3	2	11	1994	21	-1	8
NS16072E	4	2	10	2001	14	-1	8
NS16073F	1	2	8	1971	44	-1	1
NS16083A	1	2	-9	-9	-1	-9	1
NS16083A	2	1	-9	-9	-1	-9	1
NS16089G	1	1	3	1956	59	-1	1
NS16089G	2	2	8	1962	53	-1	1
NS16089G	3	1	12	1988	27	-1	8
NS16089G	4	1	5	1991	24	-1	8
NS16091S	1	2	3	1997	18	-1	23
NS16095X	1	2	-9	-9	-1	50	1
NS16097Z	1	2	-9	-9	-1	58	1
NS16097Z	2	1	-9	-9	-1	59	1
NS16097Z	3	2	-9	-9	-1	24	8
NS16097Z	4	2	-9	-9	-1	28	8
NS16097Z	5	1	-9	-9	-1	-8	23
NS16100S	1	1	-9	-9	-1	24	17
NS16112P	1	1	8	1954	61	-1	1
NS16112P	2	2	7	1959	56	-1	1
NS16112P	3	1	2	1991	25	-1	8
NS16118W	1	1	5	1956	60	-1	1
NS16118W	2	2	11	1962	53	-1	1
NS16118W	3	1	12	1992	23	-1	8
NS16120G	1	2	3	1963	52	-1	1
NS16120G	2	1	10	1959	55	-1	1
NS16120G	3	2	12	1993	21	-1	8
NS16121H	1	1	-9	-9	-1	-9	2
NS16121H	2	2	-9	-9	-1	-9	2
NS16124L	1	1	10	1960	55	-1	1
NS16124L	2	2	12	1960	55	-1	1
NS16124L	3	1	2	1983	33	-1	8
NS16124L	4	1	11	1987	28	-1	8
NS16124L	5	1	2	2015	1	-1	15
NS16124L	6	2	3	2016	0	-1	15
NS16124L	7	2	12	1993	22	-1	16
NS16128Q	1	2	3	1968	47	-1	1
NS16128Q	2	1	5	1948	67	-1	4
NS16131C	1	2	6	1957	58	-1	1
NS16134F	1	2	-9	-9	-1	-8	23
NS16134F	2	1	-9	-9	-1	-8	23
NS16134F	3	2	12	1987	28	-1	23
NS16134F	4	1	-9	-9	-1	-8	23
NS16134F	5	2	4	2007	8	-1	22
NS16134F	6	2	6	1990	25	-1	23
NS16142Y	1	1	-9	-9	-1	-9	1
NS16142Y	2	2	-9	-9	-1	-9	1
NS16142Y	3	1	-9	-9	-1	-9	8
NS16142Y	4	2	-9	-9	-1	-9	13
NS16142Y	5	2	-9	-9	-1	-9	8
NS16142Y	6	2	-9	-9	-1	-9	8
NS16142Y	7	2	-9	-9	-1	-9	15
NS16147D	1	1	9	1957	58	-1	1
NS16147D	2	1	6	1961	55	-1	1
NS16147D	3	1	4	1996	20	-1	8
NS16150Q	1	2	1	1965	50	-1	1
NS16150Q	2	1	2	1965	50	-1	1
NS16159A	1	2	3	1957	58	-1	1
NS16159A	2	1	12	1954	61	-1	1
NS16164P	1	1	-9	-9	-1	-8	4
NS16164P	2	2	-9	-9	-1	55	1
NS16166R	1	1	1	1961	55	-1	1
NS16166R	2	2	1	1962	54	-1	1
NS16166R	3	1	10	1999	16	-1	8
NS16168T	1	1	-9	-9	-1	-9	17
NS16168T	2	1	-9	-9	-1	-9	17
NS16172G	1	1	-9	-9	-1	-8	1
NS16174J	1	2	-9	-9	-1	-9	1
NS16174J	2	1	-9	-9	-1	-9	4
NS16183C	1	2	-9	-9	-1	-9	1
NS16183C	2	1	-9	-9	-1	-9	8
NS16183C	3	2	-9	-9	-1	-9	8
NS16183C	4	1	-9	-9	-1	-9	8
NS16183C	5	2	-9	-9	-1	-9	8
NS16186F	1	2	9	1964	51	-1	1
NS16186F	2	2	1	1995	21	-1	9
NS16192W	1	2	2	1959	56	-1	1
NS16192W	2	1	8	1958	57	-1	1
NS16192W	3	2	11	1993	22	-1	8
NS16193X	1	2	6	1965	50	-1	1
NS16193X	2	1	1	1961	55	-1	1
NS16193X	3	1	8	1992	23	-1	8
NS16193X	4	2	9	2002	13	-1	8
NS16195Z	1	1	3	1958	57	-1	1
NS16195Z	2	2	2	1961	54	-1	1
NS16196A	1	2	-9	-9	-1	52	1
NS16196A	2	1	-9	-9	-1	56	1
NS16196A	3	1	-9	-9	-1	24	8
NS16196A	4	1	-9	-9	-1	21	8
NS16196A	5	2	-9	-9	-1	19	17
NS16203Y	1	2	-9	-9	-1	-9	8
NS16203Y	2	2	-9	-9	-1	-9	1
NS16206B	1	2	7	1986	29	-1	8
NS16206B	2	1	1	1945	70	-1	1
NS16206B	3	2	5	1950	65	-1	1
NS16207C	1	1	12	1991	23	-1	17
NS16207C	2	1	8	1990	25	-1	17
NS16207C	3	2	10	1992	23	-1	17
NS16210P	1	2	6	1990	25	-1	17
NS16217X	1	2	5	1948	67	-1	5
NS16217X	2	1	1	1992	23	-1	13
NS16232F	1	1	6	1984	31	-1	8
NS16234H	1	2	-9	-9	-1	24	17
NS16234H	2	1	-9	-9	-1	24	17
NS16235J	1	1	5	1953	62	-1	1
NS16235J	2	2	8	1954	61	-1	1
NS16235J	3	2	3	1933	82	-1	14
NS16236K	1	2	6	1956	59	-1	1
NS16236K	2	2	8	1977	38	-1	8
NS16242A	1	1	1	1990	26	-1	17
NS16242A	2	1	9	1991	24	-1	17
NS16253W	1	2	8	1959	56	-1	1
NS16253W	2	1	10	1995	20	-1	8
NS16260M	1	2	10	1957	58	-1	1
NS16260M	2	2	9	1987	28	-1	8
NS16261N	1	2	1	1961	55	-1	1
NS16267V	1	1	-9	-9	-1	-9	-9
NS16267V	2	-9	-9	-9	-1	-9	-9
NS16267V	3	-9	-9	-9	-1	-9	-9
NS16267V	4	-9	-9	-9	-1	-9	-9
NS16267V	5	-9	-9	-9	-1	-9	-9
NS16267V	6	-9	-9	-9	-1	-9	-9
NS16270G	1	1	11	1947	68	-1	1
NS16270G	2	2	12	1965	50	-1	1
NS16276N	1	2	6	1963	52	-1	1
NS16276N	2	1	3	1964	51	-1	1
NS16276N	3	1	9	1982	33	-1	8
NS16276N	4	1	5	1988	27	-1	8
NS16276N	5	2	1	2004	12	-1	15
NS16276N	6	1	10	2010	5	-1	15
NS16276N	7	2	-9	-9	-1	32	13
NS16276N	8	2	9	2015	0	-1	15
NS16276N	9	1	10	2012	3	-1	15
NS16276N	10	2	-9	-9	-1	28	13
NS16277P	1	2	3	1953	62	-1	1
NS16277P	2	1	6	1952	63	-1	1
NS16277P	3	1	9	1973	41	-1	8
NS16277P	4	1	1	1985	30	-1	8
NS16281C	1	2	12	1958	57	-1	1
NS16281C	2	1	11	1962	53	-1	1
NS16287J	1	1	7	1959	56	-1	1
NS16287J	2	2	9	1951	64	-1	1
NS16287J	3	2	3	1988	28	-1	8
NS16288K	1	1	5	1964	51	-1	1
NS16288K	2	2	12	1965	50	-1	1
NS16288K	3	1	9	1988	27	-1	8
NS16288K	4	1	1	1993	23	-1	8
NS16288K	5	2	8	1996	19	-1	8
NS16291X	1	2	9	2006	9	-1	6
NS16291X	2	1	3	2009	7	-1	6
NS16301Y	1	2	-9	-9	-1	45	1
NS16301Y	2	1	-9	-9	-1	50	1
NS16301Y	3	1	4	1992	23	-1	8
NS16301Y	4	2	8	1988	27	-1	8
NS16301Y	5	1	-9	-9	-1	31	8
NS16308F	1	2	4	1956	60	-1	1
NS16312T	1	1	-9	-9	-1	-8	19
NS16312T	2	1	-9	-9	-1	-8	19
NS16315X	1	1	-9	-9	-1	29	17
NS16315X	2	1	-9	-9	-1	25	17
NS16321M	1	2	-9	-9	-1	50	1
NS16321M	2	2	-9	-9	-1	29	8
NS16322N	1	2	-9	-9	-1	45	1
NS16326S	1	2	11	1959	55	-1	1
NS16326S	2	1	10	1994	20	-1	8
NS16327T	1	2	4	1962	53	-1	1
NS16327T	2	1	7	1963	52	-1	1
NS16328V	1	2	1	1964	52	-1	1
NS16328V	2	1	9	1961	54	-1	1
NS16328V	3	2	7	1991	24	-1	8
NS16328V	4	2	5	1994	21	-1	8
NS16335L	1	1	-9	-9	-1	-8	8
NS16335L	2	1	-9	-9	-1	-8	14
NS16335L	3	1	-9	-9	-1	-8	1
NS16335L	4	1	-9	-9	-1	-8	1
NS16337N	1	2	2	1996	19	-1	8
NS16337N	2	2	5	1955	60	-1	1
NS16337N	3	1	2	1957	58	-1	1
NS16344E	1	2	1	1964	52	-1	1
NS16344E	2	2	1	1995	21	-1	8
NS16347H	1	2	8	1965	50	-1	1
NS16347H	2	1	5	1999	17	-1	8
NS16347H	3	1	-9	-9	-1	55	23
NS16354Z	1	2	-9	-9	-1	-9	1
NS16355A	1	1	2	1956	59	-1	1
NS16355A	2	2	1	1962	53	-1	1
NS16355A	3	1	7	1993	22	-1	8
NS16356B	1	2	10	1966	48	-1	1
NS16356B	2	2	5	1991	24	-1	8
NS16357C	1	2	-9	-9	-1	25	17
NS16369Z	1	1	5	1990	25	-1	17
NS16369Z	2	1	7	1990	25	-1	17
NS16369Z	3	1	4	1990	25	-1	17
NS16374N	1	1	-9	-9	-1	52	1
NS16377R	1	2	-9	-9	-1	-9	1
NS16377R	2	1	-9	-9	-1	-9	1
NS16382F	1	1	-9	-9	-1	-8	17
NS16382F	2	2	-9	-9	-1	-8	17
NS16382F	3	2	-9	-9	-1	-8	17
NS16382F	4	1	-9	-9	-1	-8	17
NS16382F	5	2	-9	-9	-1	-8	17
NS16387L	1	1	-9	-9	-1	28	17
NS16387L	2	2	-9	-9	-1	26	17
NS16389N	1	1	7	1989	26	-1	17
NS16395D	1	1	-9	-9	-1	60	1
NS16399H	1	2	-9	-9	-1	50	1
NS16399H	2	1	-9	-9	-1	27	8
NS16402B	1	2	8	1964	51	-1	1
NS16402B	2	1	3	1964	52	-1	4
NS16409J	1	1	11	1959	56	-1	1
NS16409J	2	2	11	1960	55	-1	1
NS16411V	1	1	10	1986	29	-1	8
NS16411V	2	2	-9	-9	-1	-8	1
NS16432K	1	1	-9	-9	-1	13	6
NS16432K	2	2	10	1990	25	-1	6
NS16434M	1	1	8	1991	24	-1	17
NS16435N	1	2	10	1960	55	-1	1
NS16435N	2	1	5	1959	56	-1	1
NS16441D	1	1	10	1965	50	-1	1
NS16441D	2	2	3	1966	49	-1	1
NS16441D	3	2	12	1987	28	-1	8
NS16441D	4	2	5	1992	23	-1	8
NS16441D	5	1	4	1994	21	-1	8
NS16441D	6	1	6	1995	20	-1	8
NS16444G	1	1	11	1963	52	-1	1
NS16444G	2	1	6	1997	18	-1	8
NS16450X	1	1	10	1965	50	-1	1
NS16450X	2	2	8	1966	49	-1	4
NS16450X	3	2	11	2006	9	-1	9
NS16450X	4	1	7	2011	4	-1	9
NS16455C	1	1	-9	-9	-1	-9	1
NS16455C	2	2	-9	-9	-1	-9	1
NS16456D	1	2	8	1964	51	-1	1
NS16456D	2	1	7	1958	57	-1	1
NS16456D	3	2	12	1987	28	-1	8
NS16456D	4	2	3	1998	17	-1	8
NS16458F	1	1	-9	-9	-1	24	17
NS16458F	2	2	-9	-9	-1	24	17
NS16458F	3	1	-9	-9	-1	24	17
NS16460R	1	2	9	1962	53	-1	1
NS16460R	2	1	12	1980	35	-1	23
NS16466Y	1	2	8	1990	25	-1	23
NS16466Y	2	2	5	1965	50	-1	23
NS16466Y	3	2	3	1993	22	-1	23
NS16469B	1	2	7	1964	51	-1	1
NS16469B	2	1	3	1988	27	-1	8
NS16469B	3	2	6	1990	25	-1	17
NS16473P	1	1	1	1961	54	-1	1
NS16473P	2	2	5	1970	45	-1	1
NS16473P	3	2	1	1996	19	-1	8
NS16473P	4	1	7	2003	12	-1	8
NS16474Q	1	2	6	1960	55	-1	1
NS16474Q	2	1	5	1958	57	-1	1
NS16474Q	3	2	3	1996	19	-1	8
NS16474Q	4	2	9	1992	23	-1	8
NS16476S	1	1	-9	-9	-1	50	1
NS16476S	2	2	-9	-9	-1	50	1
NS16476S	3	1	-9	-9	-1	21	8
NS16476S	4	2	-9	-9	-1	15	8
NS16478V	1	1	3	1999	16	-1	8
NS16478V	2	1	2	1994	21	-1	8
NS16478V	3	2	9	1969	45	-1	1
NS16478V	4	1	8	1965	49	-1	1
NS16479W	1	1	-9	-9	-1	57	15
NS16479W	2	2	-9	-9	-1	84	14
NS16481G	1	2	10	1956	59	-1	1
NS16481G	2	1	9	1945	70	-1	1
NS16485L	1	2	10	1963	52	-1	1
NS16486M	1	2	-9	-9	-1	-8	1
NS16486M	2	1	-9	-9	-1	-8	8
NS16493D	1	1	12	1958	57	-1	4
NS16493D	2	2	11	1959	56	-1	1
NS16497H	1	1	-9	-9	-1	53	1
NS16497H	2	2	-9	-9	-1	49	1
NS16497H	3	1	-9	-9	-1	23	8
NS16498J	1	1	-9	-9	-1	30	17
NS16498J	2	2	6	1990	25	-1	17
NS16498J	3	1	8	1981	34	-1	23
NS16498J	4	1	8	1987	28	-1	23
NS16500B	1	2	4	1952	63	-1	1
NS16500B	2	1	4	1959	56	-1	1
NS16501C	1	2	5	1959	56	-1	1
NS16501C	2	2	6	1940	75	-1	14
NS16501C	3	2	3	1993	22	-1	8
NS16507J	1	2	-9	-9	-1	62	1
NS16508K	1	2	3	1960	56	-1	18
NS16508K	2	1	-9	-9	-1	57	18
NS16508K	3	2	-9	-9	-1	22	22
NS16512Y	1	1	-9	-9	-1	59	5
NS16512Y	2	2	-9	-9	-1	59	5
NS16512Y	3	1	-9	-9	-1	20	13
NS16512Y	4	1	-9	-9	-1	26	13
NS16514A	1	2	-9	-9	-1	-9	1
NS16516C	1	2	5	1964	51	-1	1
NS16516C	2	1	1	1958	58	-1	1
NS16516C	3	1	11	1996	19	-1	8
NS16516C	4	2	7	2000	15	-1	8
NS16527Y	1	2	10	1968	47	-1	1
NS16527Y	2	2	8	1991	24	-1	8
NS16527Y	3	2	5	1999	16	-1	8
NS16532M	1	1	-9	-9	-1	-9	1
NS16532M	2	2	-9	-9	-1	-9	1
NS16532M	3	2	-9	-9	-1	-9	8
NS16532M	4	1	-9	-9	-1	-9	8
NS16533N	1	1	5	1962	53	-1	1
NS16533N	2	2	8	1967	48	-1	1
NS16533N	3	2	11	1995	20	-1	8
NS16539V	1	2	2	1969	47	-1	1
NS16539V	2	2	6	1994	22	-1	8
NS16544J	1	1	12	1942	72	-1	1
NS16544J	2	2	12	1952	62	-1	1
NS16544J	3	2	10	1979	35	-1	8
NS16544J	4	1	11	1978	36	-1	13
NS16544J	5	2	3	2004	11	-1	23
NS16544J	6	2	4	2011	4	-1	23
NS16545K	1	1	-9	-9	-1	32	17
NS16545K	2	1	-9	-9	-1	30	17
NS16545K	3	1	-9	-9	-1	28	17
NS16546L	1	2	9	1989	25	-1	23
NS16548N	1	2	8	2001	14	-1	6
NS16549P	1	2	-9	-9	-1	60	1
NS16553C	1	2	3	1956	59	-1	1
NS16553C	2	1	10	1954	61	-1	1
NS16557G	1	2	-9	-9	-1	47	1
NS16573R	1	1	9	1956	59	-1	1
NS16573R	2	2	6	1967	48	-1	1
NS16573R	3	2	7	2003	12	-1	8
NS16580H	1	2	3	1959	56	-1	1
NS16582K	1	1	4	1993	22	-1	22
NS16582K	2	1	4	1990	25	-1	22
NS16582K	3	2	12	1962	53	-1	23
NS16587Q	1	1	4	1964	52	-1	1
NS16587Q	2	2	9	1969	46	-1	1
NS16587Q	3	1	12	1990	25	-1	8
NS16587Q	4	1	2	1994	22	-1	8
NS16588R	1	2	11	1958	57	-1	1
NS16588R	2	1	2	1986	29	-1	8
NS16588R	3	1	8	1982	33	-1	8
NS16588R	4	1	1	2015	1	-1	23
NS16588R	5	2	-9	-9	-1	-8	13
NS16590C	1	2	1	1961	54	-1	1
NS16590C	2	1	9	1960	54	-1	1
NS16594G	1	1	10	1953	62	-1	1
NS16594G	2	2	7	1955	60	-1	1
NS16594G	3	2	2	1975	41	-1	8
NS16594G	4	2	6	1980	35	-1	8
NS16595H	1	1	9	2012	3	-1	6
NS16602F	1	2	-9	-9	-1	49	1
NS16602F	2	1	-9	-9	-1	52	1
NS16606K	1	2	9	1970	45	-1	1
NS16606K	2	1	1	1993	23	-1	8
NS16609N	1	1	-9	-9	-1	-8	1
NS16614C	1	2	-9	-9	-1	32	18
NS16618G	1	1	1	1962	54	-1	1
NS16618G	2	2	8	1962	53	-1	1
NS16618G	3	2	7	1994	21	-1	8
NS16619H	1	2	2	1960	55	-1	1
NS16619H	2	1	12	1960	54	-1	1
NS16619H	3	1	6	1992	23	-1	8
NS16619H	4	1	4	1994	21	-1	8
NS16620S	1	1	5	1961	54	-1	1
NS16620S	2	2	5	1966	49	-1	1
NS16620S	3	1	10	1988	27	-1	13
NS16620S	4	2	2	2000	15	-1	8
NS16620S	5	2	11	1990	25	-1	13
NS16620S	6	2	6	2012	3	-1	15
NS16620S	7	1	12	2015	0	-1	15
NS16622V	1	2	3	1997	18	-1	8
NS16622V	2	1	6	1994	21	-1	8
NS16622V	3	1	3	1955	60	-1	1
NS16622V	4	2	3	1964	51	-1	1
NS16622V	5	2	7	1988	27	-1	8
NS16625Y	1	-9	-9	-9	-1	-8	14
NS16625Y	2	2	-9	-9	-1	-8	8
NS16628B	1	2	2	1964	51	-1	1
NS16628B	2	1	10	1962	53	-1	1
NS16636T	1	2	11	1967	48	-1	1
NS16636T	2	1	-9	-9	-1	54	1
NS16638W	1	1	8	1958	57	-1	1
NS16638W	2	2	4	1960	56	-1	1
NS16639X	1	2	8	1958	57	-1	1
NS16639X	2	1	12	1956	59	-1	1
NS16641H	1	1	-9	-9	-1	-9	1
NS16641H	2	2	-9	-9	-1	-9	1
NS16641H	3	1	-9	-9	-1	-9	8
NS16641H	4	2	-9	-9	-1	-9	13
NS16641H	5	2	-9	-9	-1	-9	14
NS16644L	1	1	-9	-9	-1	27	17
NS16644L	2	2	-9	-9	-1	24	17
NS16644L	3	2	-9	-9	-1	25	17
NS16647P	1	2	9	1992	23	-1	17
NS16647P	2	2	12	1966	49	-1	1
NS16653E	1	2	-9	-9	-1	58	5
NS16653E	2	1	-9	-9	-1	63	5
NS16665B	1	1	-9	-9	-1	-8	2
NS16665B	2	2	-9	-9	-1	-8	2
NS16680K	1	1	-9	-9	-1	-9	5
NS16680K	2	2	-9	-9	-1	-9	5
NS16680K	3	1	-9	-9	-1	-9	13
NS16683N	1	2	8	1959	56	-1	1
NS16683N	2	2	12	1982	32	-1	8
NS16683N	3	1	7	1975	40	-1	13
NS16683N	4	1	12	2001	13	-1	15
NS16683N	5	2	2	2009	6	-1	15
NS16683N	6	1	7	2010	5	-1	15
NS16685Q	1	-9	-9	-9	-1	-9	-9
NS16685Q	2	-9	-9	-9	-1	-9	-9
NS16685Q	3	-9	-9	-9	-1	-9	-9
NS16685Q	4	-9	-9	-9	-1	-9	-9
NS16685Q	5	-9	-9	-9	-1	-9	-9
NS16702H	1	1	-9	-9	-1	-8	5
NS16714E	1	1	9	1958	57	-1	1
NS16714E	2	2	2	1962	54	-1	1
NS16715F	1	2	-9	-9	-1	-9	14
NS16717H	1	1	3	1960	55	-1	2
NS16717H	2	2	1	1962	54	-1	2
NS16719K	1	2	8	1951	64	-1	1
NS16719K	2	1	9	1960	55	-1	1
NS16728D	1	2	4	1960	55	-1	1
NS16728D	2	2	6	1935	80	-1	14
NS16728D	3	1	6	1988	27	-1	8
NS16728D	4	1	4	2015	0	-1	15
NS16728D	5	2	1	1992	23	-1	23
NS16729E	1	1	-9	-9	-1	-8	17
NS16729E	2	1	-9	-9	-1	-8	17
NS16729E	3	2	-9	-9	-1	-8	17
NS16729E	4	1	-9	-9	-1	-8	17
NS16732R	1	2	9	1951	63	-1	1
NS16732R	2	1	9	1983	31	-1	8
NS16736W	1	2	-9	-9	-1	46	5
NS16736W	2	1	-9	-9	-1	48	5
NS16736W	3	1	11	1994	21	-1	13
NS16736W	4	1	3	2002	14	-1	11
NS16741K	1	2	-9	-9	-1	14	8
NS16741K	2	2	-9	-9	-1	10	8
NS16741K	3	1	-9	-9	-1	15	8
NS16741K	4	2	-9	-9	-1	74	14
NS16741K	5	1	-9	-9	-1	69	14
NS16749T	1	1	5	1992	23	-1	8
NS16749T	2	2	-9	-9	-1	-8	1
NS16758M	1	1	-9	-9	-1	25	19
NS16758M	2	1	-9	-9	-1	24	19
NS16759N	1	1	4	1949	66	-1	1
NS16759N	2	2	11	1957	57	-1	1
NS16759N	3	1	4	1983	32	-1	8
NS16759N	4	2	4	1985	30	-1	13
NS16759N	5	2	5	1987	28	-1	8
NS16759N	6	2	8	1991	24	-1	8
NS16760Y	1	2	-9	-9	-1	-9	8
NS16760Y	2	1	-9	-9	-1	-9	8
NS16760Y	3	1	-9	-9	-1	-9	1
NS16760Y	4	2	-9	-9	-1	-9	1
NS16760Y	5	2	-9	-9	-1	-9	8
NS16761Z	1	2	9	1957	58	-1	1
NS16769H	1	1	8	1986	28	-1	1
NS16769H	2	2	11	1958	56	-1	1
NS16769H	3	1	4	1994	21	-1	8
NS16772V	1	2	8	1962	53	-1	1
NS16772V	2	1	7	1999	16	-1	8
NS16772V	3	1	11	1993	22	-1	8
NS16772V	4	2	11	1959	56	-1	15
NS16772V	5	2	7	1999	16	-1	17
NS16780M	1	2	9	1953	62	-1	1
NS16781N	1	2	4	1937	78	-1	14
NS16781N	2	1	7	1933	82	-1	14
NS16781N	3	1	-9	-9	-1	22	8
NS16790G	1	2	7	1964	51	-1	1
NS16790G	2	2	10	1991	24	-1	13
NS16790G	3	2	5	1986	30	-1	9
NS16790G	4	1	5	1966	50	-1	23
NS16791H	1	2	-9	-9	-1	47	1
NS16791H	2	1	-9	-9	-1	55	1
NS16791H	3	2	-9	-9	-1	26	8
NS16791H	4	2	-9	-9	-1	17	8
NS16791H	5	2	-9	-9	-1	82	14
NS16795M	1	1	-9	-9	-1	24	17
NS16804M	1	2	11	1954	61	-1	1
NS16804M	2	1	8	1956	60	-1	1
NS16804M	3	2	8	1992	24	-1	8
NS16806P	1	2	6	1991	24	-1	17
NS16806P	2	1	5	1990	25	-1	17
NS16809S	1	2	10	1963	52	-1	1
NS16809S	2	1	8	1963	52	-1	1
NS16812E	1	1	5	1975	40	-1	1
NS16812E	2	2	5	1959	56	-1	1
NS16812E	3	2	1	1994	22	-1	8
NS16813F	1	2	6	1956	60	-1	1
NS16813F	2	2	-9	-9	-1	-8	14
NS16813F	3	2	10	1983	32	-1	8
NS16815H	1	2	11	1964	51	-1	1
NS16817K	1	1	7	1961	54	-1	1
NS16817K	2	2	7	1962	53	-1	1
NS16818L	1	1	5	1954	61	-1	1
NS16818L	2	2	11	1953	62	-1	1
NS16822Z	1	2	-9	-9	-1	27	8
NS16822Z	2	2	-9	-9	-1	18	8
NS16822Z	3	2	-9	-9	-1	49	1
NS16822Z	4	1	-9	-9	-1	58	1
NS16822Z	5	1	-9	-9	-1	22	8
NS16830R	1	1	9	1955	59	-1	1
NS16830R	2	2	9	1958	56	-1	1
NS16830R	3	2	5	1983	32	-1	8
NS16830R	4	2	-9	-9	-1	85	14
NS16835X	1	1	1	1962	54	-1	1
NS16835X	2	2	4	1959	56	-1	1
NS16855L	1	2	-9	-9	-1	60	1
NS16855L	2	1	-9	-9	-1	62	1
NS16855L	3	1	-9	-9	-1	28	17
NS16857N	1	2	-9	-9	-1	53	1
NS16857N	2	1	-9	-9	-1	56	1
NS16857N	3	1	-9	-9	-1	17	8
NS16858P	1	1	-9	-9	-1	-8	1
NS16858P	2	2	5	1991	24	-1	11
NS16858P	3	1	-9	-9	-1	-8	1
NS16858P	4	1	11	1988	27	-1	8
NS16858P	5	2	3	1997	18	-1	8
NS16862C	1	2	6	1955	61	-1	1
NS16862C	2	1	7	1999	17	-1	9
NS16878D	1	2	12	1968	47	-1	1
NS16878D	2	1	8	1975	40	-1	4
NS16881Q	1	2	-9	-9	-1	62	1
NS16881Q	2	1	-9	-9	-1	29	8
NS16882R	1	2	7	2002	13	-1	8
NS16882R	2	2	8	1964	51	-1	15
NS16882R	3	1	3	1980	36	-1	15
NS16889Z	1	1	-9	-9	-1	58	1
NS16889Z	2	2	-9	-9	-1	52	1
NS16889Z	3	1	-9	-9	-1	28	8
NS16891K	1	2	12	1966	49	-1	1
NS16891K	2	2	5	1988	27	-1	8
NS16891K	3	1	1	1999	16	-1	9
NS16891K	4	2	5	2003	12	-1	9
NS16901L	1	2	-9	-9	-1	56	1
NS16901L	2	1	-9	-9	-1	59	1
NS16908T	1	1	3	1958	57	-1	1
NS16908T	2	2	7	1962	53	-1	1
NS16908T	3	1	3	1982	33	-1	8
NS16908T	4	2	1	1984	32	-1	8
NS16908T	5	2	10	1992	23	-1	8
NS16908T	6	1	10	1994	21	-1	8
NS16914J	1	1	12	1962	53	-1	5
NS16914J	2	2	12	1963	52	-1	5
NS16914J	3	1	5	1989	26	-1	13
NS16915K	1	2	7	1958	57	-1	1
NS16915K	2	1	7	1992	23	-1	8
NS16918N	1	1	-9	-9	-1	34	17
NS16918N	2	1	-9	-9	-1	29	17
NS16919P	1	2	6	1969	46	-1	1
NS16929J	1	2	2	1957	59	-1	1
NS16929J	2	1	3	1961	55	-1	1
NS16937B	1	2	5	1961	54	-1	1
NS16937B	2	1	10	1992	22	-1	8
NS16937B	3	1	5	1955	60	-1	1
NS16939D	1	2	10	1961	54	-1	1
NS16939D	2	2	2	1986	30	-1	8
NS16939D	3	2	11	1987	28	-1	8
NS16941P	1	2	12	1967	48	-1	1
NS16943R	1	2	3	1969	47	-1	1
NS16943R	2	2	6	1992	23	-1	8
NS16943R	3	1	2	1995	21	-1	8
NS16943R	4	2	1	1997	19	-1	8
NS16943R	5	1	11	1998	17	-1	8
NS16946V	1	2	-9	-9	-1	25	19
NS16950H	1	1	-9	-9	-1	-8	13
NS16950H	2	2	-9	-9	-1	-9	13
NS16950H	3	1	-9	-9	-1	-9	-9
NS16950H	4	1	-9	-9	-1	-9	-9
NS16953L	1	1	-9	-9	-1	55	1
NS16953L	2	2	-9	-9	-1	45	1
NS16953L	3	2	-9	-9	-1	27	8
NS16953L	4	2	-9	-9	-1	21	8
NS16954M	1	2	6	1961	54	-1	1
NS16954M	2	1	1	1959	57	-1	1
NS16954M	3	2	7	1982	33	-1	8
NS16955N	1	2	6	1966	49	-1	1
NS16955N	2	1	9	1994	21	-1	8
NS16955N	3	1	3	1997	19	-1	8
NS16956P	1	1	7	1963	52	-1	1
NS16956P	2	2	8	1963	52	-1	1
NS16956P	3	1	2	1988	27	-1	8
NS16964G	1	2	-9	-9	-1	23	17
NS16964G	2	1	-9	-9	-1	24	17
NS16964G	3	1	-9	-9	-1	24	17
NS16970X	1	2	9	1963	52	-1	1
NS16970X	2	1	10	1948	67	-1	1
NS16972Z	1	1	1	1966	50	-1	1
NS16972Z	2	2	11	1989	26	-1	23
NS16973A	1	1	-9	-9	-1	-8	1
NS16973A	2	2	-9	-9	-1	-8	1
NS16973A	3	2	-9	-9	-1	-8	8
NS16977E	1	1	7	1986	29	-1	13
NS16977E	2	1	4	1960	55	-1	1
NS16977E	3	2	8	1960	55	-1	1
NS16984W	1	2	1	1967	48	-1	1
NS16984W	2	1	8	1965	50	-1	1
NS16984W	3	2	11	1995	19	-1	8
NS16988A	1	2	8	1961	54	-1	1
NS16988A	2	1	8	1962	53	-1	1
NS16997T	1	2	2	1963	52	-1	1
NS16997T	2	1	4	1953	62	-1	4
NS16998V	1	2	-9	-9	-1	-9	1
NS16998V	2	2	-9	-9	-1	-9	8
NS17002N	1	2	12	1951	63	-1	1
NS17002N	2	1	7	1951	64	-1	1
NS17005R	1	2	5	1957	58	-1	1
NS17005R	2	2	12	1992	23	-1	8
NS17007T	1	2	1	1968	47	-1	1
NS17007T	2	1	-9	-9	-1	47	4
NS17007T	3	2	-9	-9	-1	74	14
NS17007T	4	1	-9	-9	-1	74	14
NS17011G	1	2	-9	-9	-1	58	1
NS17013J	1	1	-9	-9	-1	75	1
NS17015L	1	2	7	2003	12	-1	23
NS17024E	1	1	-9	-9	-1	31	17
NS17024E	2	1	-9	-9	-1	31	17
NS17025F	1	1	9	1952	63	-1	1
NS17025F	2	2	9	1960	55	-1	1
NS17025F	3	2	10	1993	22	-1	8
NS17030V	1	2	10	1956	59	-1	1
NS17032X	1	1	7	1987	28	-1	17
NS17032X	2	1	1	1989	27	-1	17
NS17032X	3	1	-9	-9	-1	26	17
NS17045V	1	2	1	1967	48	-1	1
NS17045V	2	1	2	1992	23	-1	8
NS17056Q	1	2	1	1963	53	-1	1
NS17056Q	2	1	-9	-9	-1	54	1
NS17056Q	3	2	-9	-9	-1	84	14
NS17056Q	4	2	6	1984	31	-1	15
NS17056Q	5	1	-9	-9	-1	30	8
NS17056Q	6	2	1	1997	19	-1	8
NS17056Q	7	1	3	1988	27	-1	8
NS17056Q	8	2	5	2013	2	-1	15
NS17056Q	9	1	12	2014	1	-1	15
NS17056Q	10	1	-9	-9	-1	35	8
NS17062F	1	1	5	1962	53	-1	1
NS17062F	2	2	3	1964	52	-1	1
NS17062F	3	1	3	1987	29	-1	8
NS17062F	4	2	1	1992	24	-1	13
NS17062F	5	2	8	2000	15	-1	8
NS17062F	6	2	8	2014	1	-1	15
NS17063G	1	2	-9	-9	-1	60	5
NS17063G	2	1	-9	-9	-1	70	5
NS17063G	3	2	-9	-9	-1	28	13
NS17066K	1	2	-9	-9	-1	55	1
NS17066K	2	1	-9	-9	-1	18	8
NS17069N	1	2	-9	-9	-1	-9	1
NS17069N	2	1	-9	-9	-1	-9	8
NS17069N	3	1	-9	-9	-1	-9	8
NS17083W	1	2	8	1970	45	-1	1
NS17083W	2	2	11	1997	18	-1	9
NS17083W	3	1	11	2011	4	-1	9
NS17091N	1	2	7	1968	47	-1	1
NS17091N	2	2	3	1990	26	-1	8
NS17091N	3	1	9	1996	19	-1	8
NS17097V	1	2	1	1957	58	-1	1
NS17097V	2	1	6	1950	65	-1	1
NS17097V	3	1	9	1991	24	-1	8
NS17102Q	1	2	10	1960	55	-1	1
NS17104S	1	2	10	1962	53	-1	1
NS17104S	2	2	11	1989	26	-1	8
NS17104S	3	2	6	1991	24	-1	8
NS17104S	4	2	2	1996	19	-1	8
NS17104S	5	2	12	1998	17	-1	8
NS17104S	6	1	1	1961	55	-1	1
NS17113L	1	1	8	1958	57	-1	1
NS17113L	2	2	1	1963	53	-1	1
NS17113L	3	1	12	1991	24	-1	8
NS17113L	4	1	6	1997	18	-1	8
NS17115N	1	1	10	1986	29	-1	8
NS17115N	2	2	5	1988	28	-1	8
NS17115N	3	2	9	1958	57	-1	1
NS17115N	4	1	11	1955	60	-1	1
NS17126J	1	1	-9	-9	-1	59	1
NS17126J	2	2	-9	-9	-1	56	1
NS17126J	3	1	-9	-9	-1	29	8
NS17126J	4	2	-9	-9	-1	79	14
NS17128L	1	2	-9	-9	-1	50	1
NS17131Y	1	2	9	1957	58	-1	1
NS17131Y	2	2	3	1990	26	-1	8
NS17136D	1	1	8	1960	55	-1	1
NS17136D	2	2	2	1964	52	-1	1
NS17137E	1	1	9	1992	23	-1	8
NS17139G	1	2	-9	-9	-1	-9	1
NS17139G	2	1	-9	-9	-1	-8	19
NS17140R	1	2	9	1956	59	-1	1
NS17140R	2	1	12	1984	30	-1	8
NS17144W	1	1	3	1962	54	-1	1
NS17144W	2	2	4	1967	49	-1	1
NS17144W	3	1	12	1998	17	-1	8
NS17146Y	1	1	3	1994	21	-1	17
NS17146Y	2	1	9	1988	27	-1	17
NS17150L	1	1	-9	-9	-1	58	1
NS17150L	2	2	12	1960	55	-1	1
NS17150L	3	1	10	1982	33	-1	8
NS17150L	4	1	8	1992	23	-1	8
NS17152N	1	2	7	1984	31	-1	8
NS17152N	2	2	1	1986	30	-1	8
NS17154Q	1	2	-9	-9	-1	-8	1
NS17154Q	2	1	-9	-9	-1	-8	2
NS17157T	1	2	4	1965	50	-1	1
NS17157T	2	1	10	1963	52	-1	4
NS17157T	3	1	5	1995	20	-1	9
NS17158V	1	2	-9	-9	-1	47	1
NS17158V	2	2	-9	-9	-1	23	8
NS17158V	3	1	-9	-9	-1	18	8
NS17158V	4	1	-9	-9	-1	19	7
NS17158V	5	1	-9	-9	-1	-8	19
NS17182X	1	1	12	1988	27	-1	8
NS17182X	2	1	2	1986	30	-1	8
NS17182X	3	1	-9	-9	-1	66	1
NS17182X	4	2	10	1953	62	-1	1
NS17185A	1	1	-9	-9	-1	25	17
NS17185A	2	1	-9	-9	-1	24	17
NS17193S	1	1	-9	-9	-1	-9	1
NS17193S	2	2	-9	-9	-1	-9	1
NS17198Y	1	2	5	1964	51	-1	1
NS17198Y	2	1	4	1996	19	-1	8
NS17198Y	3	1	2	1998	17	-1	8
NS17202S	1	2	3	1959	57	-1	1
NS17202S	2	1	6	1988	27	-1	8
NS17223H	1	2	-9	-9	-1	45	5
NS17223H	2	1	-9	-9	-1	29	13
NS17223H	3	2	-9	-9	-1	28	13
NS17223H	4	2	-9	-9	-1	5	22
NS17223H	5	1	-9	-9	-1	9	22
NS17237G	1	2	12	1957	58	-1	1
NS17241V	1	1	-9	-9	-1	-8	1
NS17241V	2	2	-9	-9	-1	-8	1
NS17241V	3	1	-9	-9	-1	-8	8
NS17241V	4	1	-9	-9	-1	-8	8
NS17246A	1	1	-9	-9	-1	33	18
NS17246A	2	2	-9	-9	-1	36	17
NS17246A	3	2	-9	-9	-1	24	17
NS17253R	1	2	10	1962	53	-1	1
NS17253R	2	1	4	1960	55	-1	1
NS17253R	3	2	10	1984	31	-1	8
NS17253R	4	1	6	1993	22	-1	8
NS17260H	1	2	-9	-9	-1	-9	1
NS17260H	2	1	-9	-9	-1	-9	1
NS17274G	1	2	4	1970	45	-1	1
NS17274G	2	1	1	1966	49	-1	1
NS17274G	3	1	12	2007	8	-1	8
NS17280X	1	1	1	1955	61	-1	1
NS17280X	2	2	5	1955	60	-1	1
NS17280X	3	2	9	1979	36	-1	8
NS17281Y	1	2	4	1966	49	-1	1
NS17284B	1	1	-9	-9	-1	23	19
NS17289G	1	2	12	1969	45	-1	1
NS17289G	2	1	6	1969	46	-1	4
NS17289G	3	2	5	1996	19	-1	12
NS17289G	4	2	-9	-9	-1	13	12
NS17294W	1	2	11	1986	29	-1	17
NS17295X	1	1	8	1962	53	-1	1
NS17295X	2	2	4	1966	49	-1	1
NS17299B	1	2	-9	-9	-1	60	1
NS17299B	2	1	-9	-9	-1	60	1
NS17304X	1	1	11	1969	46	-1	8
NS17304X	2	1	10	1968	47	-1	8
NS17304X	3	1	2	2001	14	-1	8
NS17304X	4	2	9	1969	46	-1	1
NS17304X	5	1	1	1966	50	-1	1
NS17305Y	1	1	11	1987	28	-1	8
NS17310M	1	2	-9	-9	-1	81	14
NS17310M	2	2	-9	-9	-1	-8	1
NS17310M	3	1	-9	-9	-1	-8	1
NS17313Q	1	1	2	1956	59	-1	1
NS17313Q	2	2	9	1960	55	-1	1
NS17313Q	3	2	4	1992	23	-1	8
NS17318W	1	2	12	1959	55	-1	1
NS17321H	1	1	-9	-9	-1	-8	17
NS17321H	2	2	-9	-9	-1	-8	17
NS17322J	1	1	5	1992	23	-1	17
NS17327P	1	1	-9	-9	-1	23	17
NS17336H	1	2	-9	-9	-1	-8	1
NS17336H	2	1	-9	-9	-1	-8	1
NS17343Z	1	2	8	1958	57	-1	1
NS17347D	1	1	1	1990	25	-1	17
NS17347D	2	2	1	1990	25	-1	17
NS17347D	3	2	5	1990	25	-1	17
NS17354V	1	1	9	1967	48	-1	1
NS17354V	2	2	12	1966	49	-1	1
NS17354V	3	2	11	1993	22	-1	8
NS17354V	4	1	9	2004	12	-1	8
NS17359A	1	1	8	1989	26	-1	17
NS17359A	2	2	3	1990	25	-1	17
NS17359A	3	2	11	1990	24	-1	17
NS17367S	1	2	9	1963	52	-1	1
NS17369V	1	1	11	1954	61	-1	1
NS17369V	2	2	2	1957	58	-1	1
NS17369V	3	1	2	1983	32	-1	8
NS17369V	4	2	12	1988	27	-1	13
NS17369V	5	1	12	2014	1	-1	15
NS17371F	1	1	-9	-9	-1	24	17
NS17371F	2	2	-9	-9	-1	24	17
NS17384D	1	1	-9	-9	-1	25	17
NS17384D	2	1	-9	-9	-1	25	17
NS17387G	1	1	3	1957	58	-1	1
NS17387G	2	2	10	1954	61	-1	1
NS17387G	3	2	9	1986	29	-1	8
NS17394Y	1	1	12	1964	51	-1	1
NS17394Y	2	2	5	1965	50	-1	1
NS17394Y	3	2	12	1993	22	-1	8
NS17394Y	4	2	3	1996	19	-1	8
NS17400V	1	1	3	1960	55	-1	1
NS17400V	2	2	5	1966	49	-1	4
NS17401W	1	1	-9	-9	-1	24	17
NS17405A	1	1	7	1950	65	-1	1
NS17408D	1	2	3	1986	29	-1	8
NS17408D	2	2	9	1990	25	-1	8
NS17410P	1	2	2	1992	23	-1	8
NS17410P	2	1	-9	-9	-1	56	1
NS17410P	3	2	-9	-9	-1	53	4
NS17412R	1	1	-9	-9	-1	-8	1
NS17412R	2	2	-9	-9	-1	-8	1
NS17415V	1	1	-9	-9	-1	-9	1
NS17415V	2	2	-9	-9	-1	-9	1
NS17415V	3	2	-9	-9	-1	-9	8
NS17415V	4	1	-9	-9	-1	-9	13
NS17415V	5	2	-9	-9	-1	-9	15
NS17415V	6	1	-9	-9	-1	-9	8
NS17417X	1	1	4	1955	60	-1	1
NS17422L	1	2	11	1967	48	-1	1
NS17422L	2	1	10	1966	49	-1	1
NS17422L	3	1	5	1998	17	-1	8
NS17425P	1	1	4	1995	21	-1	8
NS17425P	2	2	2	1997	19	-1	8
NS17425P	3	1	4	1999	17	-1	8
NS17430D	1	2	-9	-9	-1	-9	1
NS17430D	2	1	-9	-9	-1	-9	1
NS17430D	3	2	-9	-9	-1	-9	8
NS17430D	4	1	-9	-9	-1	-9	8
NS17446E	1	1	3	1966	49	-1	4
NS17446E	2	2	11	1965	49	-1	1
NS17448G	1	2	9	1962	53	-1	1
NS17448G	2	1	7	1957	58	-1	1
NS17448G	3	2	4	1998	17	-1	8
NS17448G	4	1	8	1991	24	-1	8
NS17454X	1	1	3	2008	8	-1	6
NS17454X	2	1	1	2012	4	-1	6
NS17476N	1	1	11	1963	52	-1	1
NS17476N	2	2	6	1962	53	-1	1
NS17476N	3	2	6	1989	26	-1	8
NS17476N	4	1	1	1995	20	-1	8
NS17476N	5	2	4	1930	85	-1	14
NS17479R	1	1	2	1962	54	-1	1
NS17479R	2	2	11	1969	46	-1	1
NS17479R	3	2	8	1997	18	-1	8
NS17479R	4	2	1	2002	14	-1	8
NS17481C	1	1	-9	-9	-1	-8	18
NS17481C	2	2	-9	-9	-1	25	17
NS17481C	3	1	3	1989	26	-1	23
NS17496C	1	1	-9	-9	-1	61	1
NS17496C	2	2	-9	-9	-1	56	1
NS17496C	3	2	1	1994	22	-1	8
NS17496C	4	1	-9	-9	-1	33	8
NS17499F	1	1	1	1961	55	-1	1
NS17499F	2	2	10	1967	48	-1	1
NS17499F	3	1	1	1992	24	-1	8
NS17499F	4	2	2	2003	12	-1	8
NS17499F	5	2	12	1993	22	-1	8
NS17503A	1	1	12	1949	66	-1	1
NS17503A	2	2	2	1955	61	-1	1
NS17503A	3	1	10	1985	30	-1	8
NS17506D	1	2	9	1966	49	-1	1
NS17506D	2	1	1	1966	49	-1	1
NS17512T	1	2	2	1956	60	-1	5
NS17512T	2	1	6	1994	22	-1	13
NS17517Z	1	1	-9	-9	-1	47	1
NS17517Z	2	2	-9	-9	-1	46	1
NS17517Z	3	1	-9	-9	-1	24	8
NS17517Z	4	2	-9	-9	-1	20	8
NS17517Z	5	2	-9	-9	-1	16	8
NS17522N	1	2	-9	-9	-1	51	1
NS17522N	2	1	-9	-9	-1	53	1
NS17522N	3	1	-9	-9	-1	17	8
NS17522N	4	2	-9	-9	-1	19	8
NS17527T	1	2	-9	-9	-1	-9	1
NS17527T	2	1	-9	-9	-1	-9	4
NS17527T	3	1	-9	-9	-1	-9	8
NS17527T	4	2	-9	-9	-1	-9	8
NS17531G	1	2	-9	-9	-1	29	17
NS17531G	2	1	-9	-9	-1	29	17
NS17531G	3	1	-9	-9	-1	26	17
NS17531G	4	2	-9	-9	-1	31	17
NS17531G	5	2	-9	-9	-1	37	17
NS17531G	6	2	-9	-9	-1	29	17
NS17531G	7	1	-9	-9	-1	28	17
NS17532H	1	2	4	1958	57	-1	1
NS17532H	2	1	8	1958	56	-1	1
NS17541B	1	2	-9	-9	-1	61	1
NS17544E	1	2	5	1962	53	-1	1
NS17544E	2	1	2	1960	55	-1	1
NS17544E	3	1	10	1992	23	-1	8
NS17549K	1	1	11	1970	45	-1	1
NS17549K	2	2	11	1970	45	-1	1
NS17551W	1	2	-9	-9	-1	56	1
NS17551W	2	1	-9	-9	-1	66	1
NS17553Y	1	2	-9	-9	-1	-9	1
NS17553Y	2	1	-9	-9	-1	-9	1
NS17553Y	3	2	-9	-9	-1	-9	8
NS17553Y	4	1	-9	-9	-1	-9	8
NS17561Q	1	2	7	1964	51	-1	1
NS17563S	1	1	8	1990	25	-1	23
NS17564T	1	1	-9	-9	-1	-9	1
NS17564T	2	2	-9	-9	-1	-8	1
NS17565V	1	1	7	1960	55	-1	1
NS17565V	2	2	10	1962	52	-1	1
NS17565V	3	2	10	1985	29	-1	8
NS17565V	4	2	3	1993	22	-1	8
NS17576Q	1	2	10	1964	51	-1	1
NS17582F	1	2	-9	-9	-1	48	5
NS17582F	2	1	-9	-9	-1	49	5
NS17582F	3	1	-9	-9	-1	29	13
NS17582F	4	2	-9	-9	-1	26	13
NS17582F	5	2	-9	-9	-1	18	13
NS17582F	6	1	-9	-9	-1	25	13
NS17582F	7	1	-9	-9	-1	26	23
NS17585J	1	2	1	1961	55	-1	1
NS17586K	1	2	2	1961	54	-1	1
NS17586K	2	1	1	1960	55	-1	1
NS17586K	3	1	6	1988	27	-1	8
NS17589N	1	1	11	1960	55	-1	1
NS17589N	2	2	2	1961	54	-1	1
NS17589N	3	2	6	1934	81	-1	14
NS17589N	4	2	3	1994	21	-1	8
NS17594C	1	2	5	1950	65	-1	1
NS17594C	2	1	1	1936	80	-1	1
NS17595D	1	2	11	1992	23	-1	17
NS17595D	2	1	4	1985	30	-1	17
NS17595D	3	1	9	1988	27	-1	17
NS17598G	1	1	8	1956	59	-1	4
NS17611V	1	2	-9	-9	-1	49	1
NS17611V	2	1	-9	-9	-1	-8	17
NS17611V	3	1	-9	-9	-1	24	8
NS17614Y	1	1	4	1962	53	-1	1
NS17614Y	2	2	3	1968	47	-1	1
NS17614Y	3	1	6	1991	24	-1	8
NS17614Y	4	1	9	2002	13	-1	8
NS17619D	1	2	2	1968	47	-1	1
NS17619D	2	1	12	1961	54	-1	1
NS17619D	3	2	4	1995	20	-1	8
NS17619D	4	2	1	1999	16	-1	8
NS17624S	1	2	1	1950	66	-1	1
NS17624S	2	1	1	1950	66	-1	1
NS17624S	3	1	1	1980	36	-1	8
NS17624S	4	1	1	1980	36	-1	8
NS17626V	1	2	3	1955	60	-1	1
NS17626V	2	2	4	1987	28	-1	13
NS17626V	3	1	-9	-9	-1	35	8
NS17627W	1	2	-9	-9	-1	-9	1
NS17635N	1	1	5	1953	62	-1	1
NS17635N	2	2	7	1959	56	-1	1
NS17635N	3	1	4	1991	25	-1	8
NS17638R	1	2	-9	-9	-1	23	8
NS17638R	2	2	-9	-9	-1	60	1
NS17638R	3	1	-9	-9	-1	34	8
NS17638R	4	2	-9	-9	-1	30	8
NS17638R	5	2	-9	-9	-1	28	13
NS17638R	6	1	-9	-9	-1	1	15
NS17650X	1	2	12	1958	57	-1	1
NS17655C	1	2	5	1987	28	-1	8
NS17655C	2	1	4	1986	29	-1	8
NS17655C	3	1	10	1957	58	-1	1
NS17655C	4	2	9	1960	55	-1	1
NS17657E	1	2	-9	-9	-1	32	17
NS17660R	1	1	-9	-9	-1	-9	1
NS17660R	2	2	-9	-9	-1	-9	1
NS17660R	3	1	-9	-9	-1	-9	8
NS17660R	4	1	-9	-9	-1	-9	8
NS17665X	1	2	-9	-9	-1	22	8
NS17665X	2	1	-9	-9	-1	-8	1
NS17665X	3	2	-9	-9	-1	-8	1
NS17674Q	1	1	-9	-9	-1	67	1
NS17674Q	2	2	-9	-9	-1	55	1
NS17674Q	3	1	-9	-9	-1	30	8
NS17678V	1	1	9	1963	52	-1	1
NS17696G	1	1	-9	-9	-1	50	1
NS17696G	2	2	-9	-9	-1	50	1
NS17696G	3	2	-9	-9	-1	19	8
NS17696G	4	1	-9	-9	-1	16	8
NS17698J	1	2	-9	-9	-1	30	13
NS17698J	2	1	-9	-9	-1	30	8
NS17698J	3	1	-9	-9	-1	28	8
NS17698J	4	2	-9	-9	-1	-8	13
NS17698J	5	2	-9	-9	-1	22	8
NS17698J	6	1	-9	-9	-1	19	8
NS17698J	7	2	-9	-9	-1	58	1
NS17698J	8	2	-9	-9	-1	1	23
NS17701C	1	1	4	1965	50	-1	1
NS17701C	2	2	7	1969	46	-1	1
NS17701C	3	1	11	2000	15	-1	8
NS17701C	4	1	4	2004	11	-1	8
NS17704F	1	1	3	1953	62	-1	1
NS17704F	2	2	5	1960	55	-1	1
NS17706H	1	2	8	1962	53	-1	1
NS17706H	2	1	8	1955	60	-1	4
NS17706H	3	2	8	1996	19	-1	8
NS17709L	1	2	8	1964	51	-1	1
NS17711X	1	1	4	1953	62	-1	1
NS17711X	2	2	5	1956	59	-1	1
NS17711X	3	1	5	1992	23	-1	8
NS17714A	1	1	-9	-9	-1	69	5
NS17714A	2	2	-9	-9	-1	60	5
NS17714A	3	2	-9	-9	-1	25	13
NS17717D	1	2	6	1960	55	-1	1
NS17717D	2	1	8	1976	39	-1	8
NS17722S	1	2	-9	-9	-1	26	17
NS17722S	2	1	-9	-9	-1	26	17
NS17732M	1	2	1	1970	46	-1	1
NS17732M	2	2	7	1999	16	-1	8
NS17732M	3	1	11	2000	15	-1	8
NS17740E	1	1	4	1990	25	-1	8
NS17740E	2	2	6	1958	57	-1	1
NS17740E	3	1	7	1961	54	-1	1
NS17742G	1	2	-9	-9	-1	61	1
NS17742G	2	1	-9	-9	-1	55	1
NS17754D	1	1	2	2006	10	-1	6
NS17766A	1	2	-9	-9	-1	19	17
NS17766A	2	2	-9	-9	-1	19	17
NS17766A	3	2	-9	-9	-1	26	17
NS17767B	1	1	1	1960	56	-1	1
NS17767B	2	2	-9	-9	-1	50	1
NS17767B	3	1	9	1987	28	-1	8
NS17767B	4	2	-9	-9	-1	27	13
NS17767B	5	1	4	2016	0	-1	15
NS17767B	6	1	-9	-9	-1	27	8
NS17778X	1	2	-9	-9	-1	56	1
NS17778X	2	1	-9	-9	-1	59	1
NS17778X	3	1	7	1983	32	-1	23
NS17778X	4	2	1	1988	28	-1	8
NS17778X	5	1	-9	-9	-1	3	15
NS17812A	1	1	-9	-9	-1	50	1
NS17812A	2	2	8	1969	46	-1	1
NS17812A	3	1	12	2003	12	-1	8
NS17814C	1	1	9	1959	56	-1	1
NS17819H	1	2	7	1987	28	-1	8
NS17819H	2	2	5	1959	56	-1	1
NS17819H	3	1	3	1953	62	-1	1
NS17822V	1	1	-9	-9	-1	61	1
NS17822V	2	2	-9	-9	-1	61	1
NS17824X	1	2	5	1960	55	-1	1
NS17824X	2	1	1	1953	62	-1	1
NS17825Y	1	1	6	1965	50	-1	1
NS17825Y	2	2	10	1970	45	-1	1
NS17825Y	3	2	7	1994	21	-1	8
NS17825Y	4	1	9	2006	9	-1	8
NS17826Z	1	1	5	1958	57	-1	1
NS17826Z	2	2	2	1992	24	-1	8
NS17828B	1	1	-9	-9	-1	26	17
NS17828B	2	1	-9	-9	-1	26	17
NS17828B	3	1	-9	-9	-1	26	17
NS17828B	4	1	-9	-9	-1	26	17
NS17831N	1	1	6	1957	58	-1	14
NS17831N	2	2	6	1952	63	-1	14
NS17832P	1	1	5	1969	46	-1	1
NS17832P	2	2	-9	-9	-1	-8	4
NS17838W	1	1	1	1958	58	-1	1
NS17838W	2	2	8	1962	53	-1	1
NS17838W	3	2	12	1993	22	-1	8
NS17838W	4	2	5	2002	13	-1	8
NS17843K	1	1	8	1991	24	-1	17
NS17843K	2	2	6	1990	25	-1	17
NS17843K	3	2	9	1989	26	-1	17
NS17849R	1	2	7	1975	41	-1	1
NS17849R	2	1	11	2004	11	-1	9
NS17850B	1	2	-9	-9	-1	45	1
NS17850B	2	1	-9	-9	-1	40	1
NS17852D	1	2	-9	-9	-1	-8	23
NS17852D	2	1	-9	-9	-1	-8	23
NS17852D	3	2	-9	-9	-1	-8	23
NS17856H	1	1	-9	-9	-1	53	1
NS17856H	2	2	-9	-9	-1	52	1
NS17856H	3	1	-9	-9	-1	24	8
NS17858K	1	2	6	1950	65	-1	1
NS17858K	2	1	4	1945	71	-1	1
NS17868E	1	2	-9	-9	-1	55	1
NS17872S	1	2	4	1964	52	-1	1
NS17872S	2	1	6	1992	23	-1	8
NS17872S	3	1	4	1997	19	-1	8
NS17879A	1	2	10	1969	46	-1	1
NS17879A	2	1	7	1966	49	-1	1
NS17880K	1	2	1	1958	58	-1	1
NS17880K	2	1	7	1960	55	-1	1
NS17880K	3	1	2	1993	22	-1	8
NS17886R	1	1	3	1957	58	-1	1
NS17886R	2	2	10	1971	44	-1	1
NS17886R	3	1	6	1992	23	-1	8
NS17886R	4	1	1	1994	21	-1	8
NS17886R	5	1	3	1997	18	-1	8
NS17888T	1	2	-9	-9	-1	6	22
NS17889V	1	2	2	1991	25	-1	23
NS17892G	1	1	-9	-9	-1	58	5
NS17892G	2	2	-9	-9	-1	58	5
NS17895K	1	1	2	1952	63	-1	1
NS17906M	1	2	-9	-9	-1	25	19
NS17906M	2	1	-9	-9	-1	24	19
NS17906M	3	2	-9	-9	-1	23	19
NS17914E	1	2	1	1961	55	-1	1
NS17914E	2	2	5	1993	22	-1	8
NS17922X	1	1	-9	-9	-1	52	1
NS17922X	2	2	-9	-9	-1	48	1
NS17922X	3	1	-9	-9	-1	27	8
NS17922X	4	1	-9	-9	-1	20	8
NS17922X	5	2	-9	-9	-1	2	15
NS17924Z	1	1	-9	-9	-1	26	17
NS17933S	1	2	3	1940	76	-1	1
NS17940J	1	1	-9	-9	-1	25	17
NS17940J	2	2	-9	-9	-1	25	17
NS17941K	1	2	10	1956	59	-1	1
NS17941K	2	1	10	1952	63	-1	1
NS17941K	3	2	10	1988	27	-1	8
NS17941K	4	2	3	1992	24	-1	8
NS17941K	5	1	12	1998	17	-1	8
NS17944N	1	1	3	1964	51	-1	4
NS17944N	2	2	5	1966	49	-1	1
NS17944N	3	2	1	1994	21	-1	8
NS17949T	1	1	7	1990	25	-1	17
NS17950D	1	2	2	1988	27	-1	8
NS17950D	2	1	-9	-9	-1	-8	1
NS17950D	3	2	-9	-9	-1	-8	1
NS17968G	1	2	6	1995	20	-1	17
NS17968G	2	2	1	1996	20	-1	17
NS17977A	1	2	-9	-9	-1	-9	1
NS17977A	2	1	-9	-9	-1	-9	4
NS17977A	3	2	-9	-9	-1	-9	9
NS17977A	4	1	-9	-9	-1	-9	9
NS17982P	1	2	6	1966	50	-1	1
NS17982P	2	1	5	1963	53	-1	1
NS17982P	3	1	6	1992	24	-1	8
NS17982P	4	1	9	1998	17	-1	8
NS17982P	5	1	1	2001	15	-1	8
NS17987V	1	2	-9	-9	-1	74	14
NS17987V	2	1	-9	-9	-1	75	14
NS17987V	3	2	-9	-9	-1	47	1
NS17990G	1	2	8	1960	55	-1	1
NS17990G	2	1	12	1958	56	-1	4
NS17991H	1	2	10	1961	54	-1	1
NS17991H	2	1	12	1958	57	-1	1
NS17992J	1	2	-9	-9	-1	-8	8
NS17992J	2	2	-9	-9	-1	-8	8
NS17992J	3	1	-9	-9	-1	17	8
NS17992J	4	1	-9	-9	-1	-8	8
NS17992J	5	2	-9	-9	-1	-8	8
NS17992J	6	2	-9	-9	-1	-8	8
NS17992J	7	1	-9	-9	-1	-8	1
NS17992J	8	2	-9	-9	-1	-8	1
NS17997P	1	1	-9	-9	-1	-9	1
NS17997P	2	2	-9	-9	-1	-9	1
NS18002J	1	1	11	1942	73	-1	1
NS18002J	2	2	5	1953	63	-1	1
NS18022Y	1	1	-9	-9	-1	43	23
NS18022Y	2	2	-9	-9	-1	45	23
NS18022Y	3	2	-9	-9	-1	19	22
NS18026C	1	1	4	1990	25	-1	13
NS18026C	2	2	3	1990	25	-1	8
NS18026C	3	2	9	2013	2	-1	15
NS18047S	1	2	1	1962	53	-1	1
NS18047S	2	1	1	1960	55	-1	1
NS18047S	3	2	3	1985	30	-1	8
NS18047S	4	1	9	1993	22	-1	8
NS18055K	1	1	-9	-9	-1	17	8
NS18055K	2	2	6	1994	21	-1	8
NS18057M	1	2	9	1960	55	-1	1
NS18057M	2	1	12	1957	58	-1	1
NS18059P	1	1	-1	-1	-1	-1	-1
NS18060Z	1	1	7	1964	51	-1	1
NS18060Z	2	2	9	1965	50	-1	1
NS18060Z	3	1	6	1992	23	-1	8
NS18062B	1	2	12	1949	66	-1	1
NS18070T	1	1	-9	-9	-1	49	1
NS18070T	2	2	-9	-9	-1	60	1
NS18076A	1	1	11	1947	68	-1	1
NS18076A	2	2	9	1951	64	-1	1
NS18076A	3	1	4	1992	23	-1	8
NS18078C	1	1	-9	-9	-1	62	1
NS18078C	2	2	-9	-9	-1	46	1
NS18078C	3	1	-9	-9	-1	23	8
NS18078C	4	1	-9	-9	-1	16	8
NS18085T	1	2	3	1963	53	-1	1
NS18085T	2	2	9	1995	20	-1	8
NS18092K	1	2	2	1960	56	-1	1
NS18093L	1	2	7	1963	52	-1	1
NS18093L	2	1	10	1959	56	-1	1
NS18094M	1	1	-9	-9	-1	17	6
NS18098R	1	2	1	1968	48	-1	1
NS18098R	2	1	8	1960	55	-1	1
NS18102L	1	1	-9	-9	-1	24	8
NS18102L	2	1	-9	-9	-1	22	8
NS18102L	3	1	-9	-9	-1	16	8
NS18102L	4	2	-9	-9	-1	51	1
NS18106Q	1	2	8	1982	33	-1	8
NS18106Q	2	1	7	1975	40	-1	8
NS18106Q	3	2	12	1985	29	-1	9
NS18106Q	4	2	10	1984	31	-1	8
NS18108S	1	1	8	1990	25	-1	1
NS18108S	2	2	5	1971	44	-1	1
NS18108S	3	2	10	1991	24	-1	8
NS18108S	4	2	8	1994	21	-1	8
NS18108S	5	2	6	1998	17	-1	8
NS18110D	1	2	3	1969	46	-1	1
NS18110D	2	1	3	1960	55	-1	1
NS18110D	3	2	11	1991	23	-1	8
NS18110D	4	2	7	1997	18	-1	8
NS18110D	5	1	6	1999	16	-1	8
NS18110D	6	1	11	2002	12	-1	8
NS18118M	1	2	-9	-9	-1	-8	1
NS18118M	2	1	-9	-9	-1	-8	4
NS18118M	3	1	3	1997	18	-1	8
NS18132V	1	2	4	1966	50	-1	1
NS18132V	2	2	4	1989	27	-1	8
NS18132V	3	1	6	1993	22	-1	8
NS18132V	4	2	2	1995	21	-1	8
NS18132V	5	2	8	1996	19	-1	8
NS18137A	1	2	5	1949	66	-1	1
NS18139C	1	2	-9	-9	-1	53	1
NS18139C	2	1	-9	-9	-1	27	8
NS18139C	3	1	-9	-9	-1	44	17
NS18141N	1	2	-9	-9	-1	64	18
NS18142P	1	2	-9	-9	-1	-9	1
NS18142P	2	1	-9	-9	-1	-9	1
NS18142P	3	1	-9	-9	-1	-9	8
NS18142P	4	2	-9	-9	-1	-9	23
NS18144R	1	1	3	1966	49	-1	1
NS18144R	2	2	10	1970	44	-1	1
NS18144R	3	2	1	1992	23	-1	8
NS18144R	4	1	1	1997	18	-1	8
NS18144R	5	2	3	1998	17	-1	8
NS18154L	1	2	8	1968	47	-1	1
NS18154L	2	1	8	1968	47	-1	4
NS18164F	1	2	1	1984	32	-1	8
NS18164F	2	2	6	1933	82	-1	14
NS18166H	1	2	4	1962	53	-1	1
NS18166H	2	2	2	1987	28	-1	8
NS18166H	3	1	8	1949	66	-1	1
NS18172Y	1	2	1	1967	49	-1	1
NS18172Y	2	1	1	1962	54	-1	1
NS18172Y	3	1	6	1996	19	-1	8
NS18186X	1	1	-9	-9	-1	23	8
NS18186X	2	2	-9	-9	-1	-8	1
NS18186X	3	1	-9	-9	-1	-8	1
NS18186X	4	1	-9	-9	-1	30	15
NS18187Y	1	1	6	1956	59	-1	1
NS18187Y	2	2	5	1960	55	-1	1
NS18189A	1	1	3	1979	37	-1	23
NS18189A	2	1	-9	-9	-1	-9	14
NS18189A	3	2	-9	-9	-1	-9	14
NS18199V	1	2	10	1968	47	-1	1
NS18200L	1	2	3	1960	55	-1	1
NS18200L	2	1	9	1953	61	-1	1
NS18201M	1	1	6	1947	68	-1	1
NS18201M	2	2	7	1957	58	-1	1
NS18201M	3	1	10	1995	20	-1	8
NS18204Q	1	2	8	1988	27	-1	23
NS18204Q	2	1	12	1983	32	-1	8
NS18204Q	3	1	11	2012	3	-1	23
NS18204Q	4	2	10	2013	2	-1	23
NS18204Q	5	2	1	1962	54	-1	1
NS18204Q	6	1	11	1961	54	-1	1
NS18208V	1	1	7	1963	52	-1	1
NS18208V	2	2	8	1965	50	-1	1
NS18208V	3	1	1	1992	23	-1	8
NS18209W	1	1	3	1956	59	-1	1
NS18214K	1	2	-9	-9	-1	54	1
NS18214K	2	1	1	1966	50	-1	1
NS18215L	1	2	4	1957	59	-1	1
NS18215L	2	1	11	1956	59	-1	1
NS18218P	1	2	-9	-9	-1	-9	1
NS18218P	2	2	-9	-9	-1	-8	8
NS18227H	1	2	6	1953	62	-1	1
NS18227H	2	1	3	1955	60	-1	1
NS18228J	1	2	11	1956	59	-1	1
NS18228J	2	1	9	1953	62	-1	1
NS18228J	3	1	5	1991	24	-1	8
NS18228J	4	2	5	1997	18	-1	15
NS18232X	1	2	7	1958	57	-1	1
NS18232X	2	1	12	1991	24	-1	8
NS18236B	1	1	11	1962	53	-1	4
NS18236B	2	2	7	1966	49	-1	1
NS18236B	3	1	11	1986	29	-1	9
NS18236B	4	1	4	1998	17	-1	9
NS18238D	1	1	-9	-9	-1	58	1
NS18238D	2	2	-9	-9	-1	58	1
NS18238D	3	1	-9	-9	-1	27	8
NS18241Q	1	1	-9	-9	-1	-9	8
NS18241Q	2	1	-1	-1	-1	-1	-1
NS18241Q	3	-1	-1	-1	-1	-1	-1
NS18241Q	4	-1	-1	-1	-1	-1	-1
NS18241Q	5	-1	-1	-1	-1	-1	-1
NS18241Q	6	-1	-1	-1	-1	-1	-1
NS18241Q	7	-1	-1	-1	-1	-1	-1
NS18241Q	8	-1	-1	-1	-1	-1	-1
NS18241Q	9	-1	-1	-1	-1	-1	-1
NS18241Q	10	-1	-1	-1	-1	-1	-1
NS18243S	1	1	11	1952	63	-1	1
NS18243S	2	1	2	1990	25	-1	8
NS18243S	3	2	-9	-9	-1	53	4
NS18249Z	1	1	-9	-9	-1	78	14
NS18249Z	2	1	-9	-9	-1	50	15
NS18249Z	3	1	-9	-9	-1	24	15
NS18271Z	1	2	1	1966	49	-1	1
NS18271Z	2	1	7	1997	18	-1	8
NS18271Z	3	2	2	2003	12	-1	9
NS18271Z	4	2	11	2007	8	-1	9
NS18285Y	1	1	-9	-9	-1	-9	-9
NS18285Y	2	1	-9	-9	-1	-9	-9
NS18285Y	3	2	-9	-9	-1	-9	-9
NS18285Y	4	2	-9	-9	-1	-9	-9
NS18285Y	5	2	-9	-9	-1	-9	-9
NS18287A	1	1	-9	-9	-1	26	17
NS18287A	2	1	12	1989	26	-1	17
NS18294R	1	1	-9	-9	-1	-8	19
NS18294R	2	1	-9	-9	-1	-8	19
NS18294R	3	1	-9	-9	-1	-8	19
NS18295S	1	1	9	1991	24	-1	17
NS18295S	2	1	7	1991	24	-1	17
NS18295S	3	1	3	1991	24	-1	17
NS18296T	1	2	5	1956	59	-1	1
NS18296T	2	1	2	1985	30	-1	8
NS18297V	1	2	12	1959	55	-1	1
NS18307W	1	2	9	1958	57	-1	1
NS18307W	2	1	8	1958	57	-1	1
NS18307W	3	2	5	1987	28	-1	8
NS18308X	1	1	-9	-9	-1	-8	23
NS18311J	1	2	-9	-9	-1	52	1
NS18311J	2	1	-9	-9	-1	52	1
NS18311J	3	2	-9	-9	-1	22	8
NS18311J	4	2	-9	-9	-1	4	8
NS18311J	5	1	-9	-9	-1	28	8
NS18311J	6	1	-9	-9	-1	10	8
NS18314M	1	2	11	1971	43	-1	1
NS18314M	2	2	9	2006	8	-1	9
NS18325H	1	2	6	1985	30	-1	23
NS18329M	1	2	10	1965	50	-1	1
NS18329M	2	1	11	1952	63	-1	1
NS18329M	3	1	1	1992	24	-1	8
NS18329M	4	2	8	1995	20	-1	8
NS18329M	5	1	4	1999	17	-1	8
NS18332Z	1	1	-9	-9	-1	-8	8
NS18332Z	2	2	-9	-9	-1	33	8
NS18332Z	3	1	-9	-9	-1	32	8
NS18332Z	4	2	-9	-9	-1	53	1
NS18332Z	5	1	12	1959	56	-1	1
NS18333A	1	2	9	1955	60	-1	1
NS18333A	2	1	4	1947	68	-1	1
NS18333A	3	1	1	1984	32	-1	8
NS18335C	1	2	-9	-9	-1	-9	8
NS18345X	1	2	4	1961	54	-1	1
NS18345X	2	1	5	1987	28	-1	8
NS18352N	1	1	-9	-9	-1	29	8
NS18352N	2	1	-9	-9	-1	56	1
NS18352N	3	2	-9	-9	-1	45	1
NS18352N	4	2	-9	-9	-1	16	8
NS18356S	1	1	-9	-9	-1	67	5
NS18359W	1	2	4	1963	52	-1	1
NS18359W	2	1	6	1964	51	-1	1
NS18371B	1	1	-9	-9	-1	-9	1
NS18371B	2	2	-9	-9	-1	-9	1
NS18371B	3	2	-9	-9	-1	-9	8
NS18373D	1	2	-9	-9	-1	44	1
NS18373D	2	1	-9	-9	-1	53	1
NS18373D	3	1	-9	-9	-1	18	8
NS18373D	4	1	-9	-9	-1	15	8
NS18373D	5	1	-9	-9	-1	10	8
NS18374E	1	2	7	1957	58	-1	1
NS18374E	2	1	6	1957	58	-1	1
NS18374E	3	1	3	1993	22	-1	8
NS18380V	1	1	8	1949	66	-1	1
NS18380V	2	2	12	1955	60	-1	1
NS18387C	1	1	3	1959	57	-1	1
NS18387C	2	2	-9	-9	-1	50	1
NS18387C	3	1	-9	-9	-1	21	8
NS18387C	4	1	-9	-9	-1	30	8
NS18387C	5	1	-9	-9	-1	29	8
NS18398Y	1	2	11	1948	67	-1	1
NS18398Y	2	1	6	1955	60	-1	1
NS18407Y	1	2	7	1954	61	-1	1
NS18407Y	2	1	8	1953	62	-1	1
NS18424J	1	1	-9	-9	-1	-8	19
NS18428N	1	2	6	1963	53	-1	1
NS18428N	2	1	10	1957	58	-1	1
NS18448C	1	1	-9	-9	-1	-9	1
NS18448C	2	2	-9	-9	-1	-9	1
NS18448C	3	1	-9	-9	-1	-9	8
NS18448C	4	2	-9	-9	-1	-9	10
NS18448C	5	2	-9	-9	-1	-9	10
NS18448C	6	2	-9	-9	-1	-9	7
NS18449D	1	1	6	1961	54	-1	1
NS18449D	2	2	2	1962	53	-1	1
NS18449D	3	1	4	1987	28	-1	8
NS18449D	4	2	7	1988	27	-1	8
NS18449D	5	2	12	1995	19	-1	8
NS18450N	1	2	5	1954	61	-1	1
NS18450N	2	1	-9	-9	-1	62	1
NS18451P	1	1	-9	-9	-1	60	1
NS18451P	2	2	-9	-9	-1	60	1
NS18464M	1	1	3	1991	25	-1	23
NS18464M	2	2	9	1963	52	-1	1
NS18464M	3	1	7	1962	54	-1	1
NS18464M	4	1	8	1991	24	-1	8
NS18464M	5	1	3	1997	19	-1	8
NS18464M	6	2	12	1999	16	-1	8
NS18467Q	1	2	4	1994	22	-1	8
NS18467Q	2	2	4	1993	23	-1	8
NS18467Q	3	2	1	1970	46	-1	1
NS18468R	1	2	11	1942	73	-1	14
NS18469S	1	2	3	1958	57	-1	1
NS18469S	2	1	7	1988	27	-1	8
NS18469S	3	2	12	1990	25	-1	13
NS18469S	4	1	6	1993	22	-1	8
NS18471D	1	2	-9	-9	-1	56	1
NS18471D	2	1	-9	-9	-1	53	1
NS18471D	3	2	-9	-9	-1	25	8
NS18480X	1	2	1	1947	69	-1	14
NS18489G	1	1	1	1993	22	-1	8
NS18490R	1	1	5	1985	30	-1	9
NS18490R	2	2	5	1965	50	-1	1
NS18492T	1	1	-9	-9	-1	-8	1
NS18492T	2	2	-9	-9	-1	-8	1
NS18493V	1	2	9	1963	52	-1	1
NS18493V	2	1	6	1961	54	-1	1
NS18493V	3	2	10	1991	24	-1	8
NS18500S	1	2	-9	-9	-1	28	17
NS18500S	2	1	-9	-9	-1	26	17
NS18501T	1	2	2	1958	57	-1	1
NS18501T	2	1	3	1948	67	-1	1
NS18505Y	1	2	1	1954	62	-1	1
NS18505Y	2	1	6	1951	64	-1	1
NS18505Y	3	1	4	1987	28	-1	8
NS18507A	1	2	-9	-9	-1	-8	17
NS18508B	1	1	-9	-9	-1	59	1
NS18508B	2	2	1	1954	62	-1	1
NS18513Q	1	2	1	1967	48	-1	1
NS18513Q	2	1	4	1962	53	-1	1
NS18514R	1	1	-9	-9	-1	54	1
NS18514R	2	2	-9	-9	-1	50	4
NS18514R	3	1	-9	-9	-1	23	8
NS18515S	1	2	12	1950	65	-1	1
NS18515S	2	1	8	1944	71	-1	1
NS18516T	1	2	5	1959	57	-1	1
NS18516T	2	1	9	1956	59	-1	1
NS18517V	1	2	11	1954	61	-1	1
NS18519X	1	2	6	1992	23	-1	23
NS18527P	1	1	-9	-9	-1	34	17
NS18527P	2	1	-9	-9	-1	24	17
NS18530B	1	2	2	1966	49	-1	23
NS18535G	1	2	-9	-9	-1	-8	8
NS18535G	2	2	-9	-9	-1	-9	1
NS18535G	3	1	-9	-9	-1	65	1
NS18535G	4	2	-9	-9	-1	-8	8
NS18543Z	1	2	-9	-9	-1	-8	14
NS18545B	1	1	-9	-9	-1	24	17
NS18546C	1	2	12	1982	32	-1	17
NS18547D	1	2	12	1944	71	-1	3
NS18547D	2	1	7	1942	73	-1	3
NS18552S	1	1	8	1947	68	-1	1
NS18552S	2	2	4	1956	59	-1	1
NS18552S	3	1	7	1994	21	-1	8
NS18559A	1	1	-9	-9	-1	-8	18
NS18559A	2	2	-9	-9	-1	-8	18
NS18559A	3	1	-9	-9	-1	-8	19
NS18561L	1	2	8	1967	48	-1	1
NS18561L	2	2	8	1990	25	-1	8
NS18561L	3	2	10	2003	12	-1	8
NS18561L	4	2	4	1985	31	-1	8
NS18561L	5	1	4	1970	46	-1	4
NS18564P	1	2	12	1961	54	-1	1
NS18564P	2	1	3	1952	63	-1	1
NS18568T	1	2	1	1971	45	-1	1
NS18579P	1	2	2	1969	46	-1	1
NS18579P	2	1	1	1995	20	-1	8
NS18579P	3	1	4	1996	19	-1	8
NS18579P	4	1	9	2004	10	-1	8
NS18579P	5	2	9	2001	13	-1	8
NS18581A	1	2	-9	-9	-1	29	17
NS18581A	2	1	-9	-9	-1	30	17
NS18581A	3	1	-9	-9	-1	32	17
NS18589J	1	2	9	1990	26	-1	17
NS18589J	2	2	2	1991	25	-1	17
NS18598C	1	2	-9	-9	-1	48	1
NS18598C	2	2	12	1992	23	-1	8
NS18598C	3	1	-9	-9	-1	16	9
NS18598C	4	1	-9	-9	-1	11	9
NS18601W	1	1	5	1950	65	-1	1
NS18601W	2	2	10	1951	64	-1	1
NS18602X	1	2	-9	-9	-1	50	1
NS18602X	2	1	-9	-9	-1	53	1
NS18602X	3	1	-9	-9	-1	19	8
NS18604Z	1	2	2	1952	63	-1	1
NS18604Z	2	1	1	1985	31	-1	8
NS18604Z	3	2	1	1993	23	-1	8
NS18604Z	4	2	1	1992	23	-1	13
NS18607C	1	2	1	1991	24	-1	17
NS18609E	1	1	8	1970	45	-1	17
NS18609E	2	1	12	1995	20	-1	17
NS18615V	1	2	5	2011	4	-1	6
NS18622L	1	2	11	1963	52	-1	1
NS18623M	1	1	1	1940	76	-1	1
NS18623M	2	2	12	1952	63	-1	1
NS18628S	1	2	8	1946	69	-1	1
NS18628S	2	1	4	1942	73	-1	1
NS18630D	1	2	-9	-9	-1	-8	17
NS18630D	2	-8	-9	-9	-1	-8	17
NS18630D	3	-8	-9	-9	-1	-8	17
NS18641Z	1	1	3	1961	55	-1	1
NS18641Z	2	2	8	1957	58	-1	1
NS18647F	1	1	-9	-9	-1	-8	1
NS18647F	2	2	-9	-9	-1	-9	1
NS18647F	3	1	-9	-9	-1	-9	8
NS18647F	4	1	-9	-9	-1	-9	8
NS18651T	1	2	-9	-9	-1	-9	1
NS18651T	2	1	-9	-9	-1	60	1
NS18653W	1	2	9	1964	51	-1	1
NS18653W	2	1	2	1968	47	-1	1
NS18653W	3	1	8	1992	23	-1	8
NS18657A	1	2	10	1994	21	-1	11
NS18657A	2	2	5	1962	53	-1	4
NS18657A	3	1	11	1962	53	-1	4
NS18658B	1	1	-9	-9	-1	60	1
NS18658B	2	2	-9	-9	-1	56	1
NS18658B	3	1	-9	-9	-1	36	8
NS18658B	4	2	-9	-9	-1	34	13
NS18658B	5	1	-9	-9	-1	30	8
NS18660M	1	2	10	1965	50	-1	1
NS18660M	2	1	12	1958	57	-1	1
NS18662P	1	1	-9	-9	-1	-8	15
NS18662P	2	2	-9	-9	-1	-8	15
NS18662P	3	2	-9	-9	-1	-8	16
NS18662P	4	1	-9	-9	-1	-8	15
NS18665S	1	1	11	1998	17	-1	8
NS18665S	2	2	10	1959	56	-1	1
NS18671H	1	1	2	1955	61	-1	1
NS18671H	2	2	9	2005	10	-1	9
NS18671H	3	1	6	2007	9	-1	8
NS18672J	1	1	12	1955	60	-1	1
NS18672J	2	2	7	1996	19	-1	11
NS18672J	3	2	3	1965	51	-1	4
NS18684F	1	2	6	1965	50	-1	1
NS18684F	2	1	8	1999	16	-1	9
NS18685G	1	2	11	1965	49	-1	1
NS18685G	2	1	8	1964	51	-1	1
NS18687J	1	2	3	1966	49	-1	1
NS18687J	2	1	10	1964	51	-1	1
NS18697D	1	1	9	1985	30	-1	8
NS18697D	2	1	5	1980	35	-1	13
NS18697D	3	2	1	1980	35	-1	23
NS18697D	4	1	5	1986	29	-1	23
NS18697D	5	1	8	2013	2	-1	23
NS18697D	6	1	11	1980	34	-1	23
NS18697D	7	1	2	2015	0	-1	23
NS18708F	1	1	3	1955	60	-1	1
NS18708F	2	2	9	1956	59	-1	1
NS18708F	3	2	11	1994	21	-1	8
NS18709G	1	2	2	1962	53	-1	1
NS18709G	2	2	4	1992	23	-1	8
NS18715X	1	2	8	1961	54	-1	1
NS18719B	1	2	1	1958	58	-1	1
NS18719B	2	1	3	1991	24	-1	8
NS18720L	1	2	8	1960	55	-1	1
NS18720L	2	2	8	1990	25	-1	8
NS18730F	1	1	8	1963	52	-1	1
NS18730F	2	2	4	1951	65	-1	1
NS18731G	1	2	4	1993	22	-1	17
NS18736M	1	1	7	1953	62	-1	1
NS18736M	2	2	5	1955	61	-1	1
NS18737N	1	2	-9	-9	-1	52	1
NS18751W	1	1	4	1942	74	-1	1
NS18751W	2	2	7	1960	55	-1	1
NS18751W	3	1	9	1983	32	-1	8
NS18751W	4	1	4	1986	30	-1	8
NS18751W	5	1	1	1992	24	-1	8
NS18752X	1	2	-9	-9	-1	55	1
NS18752X	2	1	-9	-9	-1	54	1
NS18752X	3	1	-9	-9	-1	22	8
NS18752X	4	2	-9	-9	-1	17	8
NS18770J	1	2	11	1968	47	-1	1
NS18776Q	1	1	2	1952	63	-1	1
NS18776Q	2	2	10	1964	51	-1	1
NS18778S	1	1	5	1963	52	-1	1
NS18778S	2	2	3	1967	48	-1	1
NS18778S	3	2	7	1991	24	-1	8
NS18778S	4	1	9	1988	26	-1	13
NS18778S	5	1	11	1993	21	-1	8
NS18779T	1	2	11	1965	50	-1	1
NS18779T	2	1	1	1963	53	-1	1
NS18783G	1	1	-9	-9	-1	-9	4
NS18783G	2	2	-9	-9	-1	-8	1
NS18783G	3	2	-9	-9	-1	-8	23
NS18783G	4	2	-9	-9	-1	-8	9
NS18785J	1	2	3	1956	59	-1	1
NS18785J	2	2	8	1990	25	-1	8
NS18789N	1	1	-9	-9	-1	-9	8
NS18789N	2	2	-9	-9	-1	-9	23
NS18800Z	1	1	11	1954	61	-1	1
NS18800Z	2	2	12	1954	61	-1	1
NS18800Z	3	2	1	1987	29	-1	8
NS18800Z	4	1	-9	-9	-1	30	23
NS18802B	1	2	-9	-9	-1	-9	1
NS18802B	2	1	-9	-9	-1	-9	1
NS18802B	3	1	-9	-9	-1	-9	8
NS18807G	1	2	6	1991	25	-1	17
NS18807G	2	1	4	1988	28	-1	17
NS18809J	1	2	-9	-9	-1	54	1
NS18810T	1	1	6	1950	65	-1	1
NS18810T	2	2	1	1957	59	-1	1
NS18825T	1	2	4	1991	24	-1	17
NS18825T	2	2	-9	-9	-1	24	17
NS18835N	1	2	6	1963	52	-1	1
NS18835N	2	1	12	1960	54	-1	4
NS18835N	3	2	11	2008	6	-1	15
NS18842E	1	2	12	1989	25	-1	17
NS18844G	1	1	11	1938	77	-1	5
NS18844G	2	2	12	1950	65	-1	5
NS18851Y	1	2	1	1961	55	-1	1
NS18853A	1	2	-9	-9	-1	25	17
NS18857E	1	1	1	1963	53	-1	1
NS18857E	2	2	5	1966	49	-1	1
NS18857E	3	1	11	1998	17	-1	8
NS18863V	1	2	9	1964	51	-1	1
NS18882H	1	2	-9	-9	-1	-9	1
NS18882H	2	1	-9	-9	-1	-9	1
NS18898J	1	2	-9	-9	-1	52	1
NS18898J	2	1	-9	-9	-1	-8	1
NS18898J	3	2	-9	-9	-1	-8	14
NS18899K	1	2	-9	-9	-1	-9	1
NS18899K	2	1	-9	-9	-1	-9	1
NS18899K	3	2	-9	-9	-1	-9	8
NS18901C	1	2	7	1968	47	-1	1
NS18901C	2	2	6	1999	16	-1	8
NS18902D	1	2	6	1963	52	-1	1
NS18902D	2	1	2	1969	47	-1	4
NS18902D	3	1	2	1989	27	-1	8
NS18905G	1	2	6	1963	52	-1	1
NS18908K	1	2	1	1954	61	-1	1
NS18908K	2	1	7	1954	61	-1	1
NS18908K	3	1	8	1995	20	-1	10
NS18910W	1	2	3	1992	23	-1	8
NS18910W	2	2	1	1964	51	-1	1
NS18919F	1	1	2	1954	61	-1	1
NS18919F	2	1	8	1959	56	-1	1
NS18919F	3	1	3	1985	30	-1	8
NS18919F	4	1	7	1995	20	-1	8
NS18919F	5	2	12	1984	30	-1	13
NS18919F	6	1	5	2014	1	-1	15
NS18925W	1	2	3	1955	60	-1	1
NS18925W	2	1	12	1951	64	-1	1
NS18931L	1	2	-9	-9	-1	48	1
NS18931L	2	1	-9	-9	-1	47	4
NS18932M	1	2	-9	-9	-1	62	1
NS18932M	2	1	-9	-9	-1	66	1
NS18932M	3	1	-9	-9	-1	29	8
NS18938T	1	2	3	1938	77	-1	14
NS18939V	1	2	12	1966	49	-1	1
NS18950Z	1	1	4	1946	69	-1	1
NS18950Z	2	2	9	1950	65	-1	1
NS18961V	1	2	4	1964	51	-1	1
NS18961V	2	1	8	1953	62	-1	1
NS18962W	1	2	1	1957	59	-1	1
NS18965Z	1	1	4	1995	21	-1	8
NS18972Q	1	2	9	1958	57	-1	1
NS18972Q	2	2	5	1992	23	-1	8
NS18973R	1	2	-9	-9	-1	-9	1
NS18973R	2	1	-9	-9	-1	-9	1
NS18974S	1	1	-9	-9	-1	25	17
NS18974S	2	1	-9	-9	-1	25	17
NS18974S	3	2	-9	-9	-1	24	17
NS18975T	1	2	1	1964	52	-1	1
NS18975T	2	1	4	1960	55	-1	1
NS18975T	3	2	3	2000	15	-1	8
NS18977W	1	1	-9	-9	-1	55	1
NS18977W	2	1	-9	-9	-1	18	8
NS18977W	3	2	-9	-9	-1	23	8
NS18983L	1	2	9	2002	13	-1	8
NS18983L	2	2	9	2004	11	-1	8
NS18983L	3	1	-9	-9	-1	-8	4
NS18984M	1	2	10	1950	65	-1	1
NS18985N	1	1	-9	-9	-1	27	8
NS18986P	1	1	-9	-9	-1	-8	17
NS18986P	2	1	-9	-9	-1	-8	17
NS18987Q	1	2	10	1967	48	-1	1
NS18987Q	2	1	-9	-9	-1	17	8
NS18987Q	3	1	-9	-9	-1	16	8
NS18991D	1	2	2	1961	54	-1	1
NS18991D	2	1	5	1958	57	-1	1
NS18997K	1	2	10	1988	27	-1	8
NS19000C	1	2	10	1955	60	-1	1
NS19000C	2	1	5	1956	59	-1	1
NS19004G	1	1	-9	-9	-1	-8	1
NS19004G	2	2	-9	-9	-1	-9	1
NS19015C	1	1	6	1963	52	-1	1
NS19015C	2	2	4	1962	54	-1	1
NS19015C	3	1	2	1936	80	-1	14
NS19015C	4	1	4	1987	29	-1	8
NS19015C	5	2	9	1991	24	-1	13
NS19020R	1	2	1	1964	52	-1	1
NS19020R	2	1	9	1964	51	-1	1
NS19020R	3	1	6	1993	22	-1	8
NS19022T	1	2	4	1956	60	-1	1
NS19022T	2	1	11	1952	63	-1	1
NS19022T	3	2	1	1993	23	-1	23
NS19022T	4	1	12	1998	17	-1	15
NS19025X	1	2	7	1968	47	-1	1
NS19025X	2	1	3	1992	24	-1	8
NS19025X	3	1	10	1993	22	-1	8
NS19030L	1	2	10	1954	61	-1	1
NS19031M	1	2	5	1965	50	-1	1
NS19031M	2	1	6	1958	57	-1	1
NS19035R	1	1	5	1958	57	-1	1
NS19035R	2	2	9	1965	49	-1	1
NS19035R	3	2	9	1985	29	-1	8
NS19039W	1	2	1	1991	24	-1	17
NS19041G	1	2	8	1956	59	-1	1
NS19041G	2	1	4	1992	24	-1	8
NS19042H	1	1	-9	-9	-1	-8	1
NS19042H	2	2	-9	-9	-1	-8	1
NS19042H	3	2	-9	-9	-1	-8	8
NS19042H	4	1	-9	-9	-1	-8	8
NS19053D	1	2	4	1965	50	-1	1
NS19053D	2	1	4	1959	56	-1	1
NS19053D	3	2	2	1994	21	-1	8
NS19060V	1	1	9	1963	51	-1	1
NS19060V	2	2	4	1963	52	-1	1
NS19060V	3	1	12	1991	23	-1	8
NS19063Y	1	2	3	1961	54	-1	1
NS19063Y	2	2	9	1996	19	-1	8
NS19063Y	3	1	8	1999	16	-1	8
NS19065A	1	1	3	1963	53	-1	1
NS19071Q	1	2	7	1948	67	-1	1
NS19071Q	2	1	11	1951	64	-1	1
NS19072R	1	2	-9	-9	-1	56	1
NS19072R	2	1	-9	-9	-1	60	4
NS19075V	1	2	2	1993	22	-1	8
NS19075V	2	2	12	1965	50	-1	1
NS19075V	3	1	3	1962	53	-1	1
NS19081K	1	1	4	1964	51	-1	1
NS19081K	2	2	1	1964	52	-1	1
NS19081K	3	2	2	1991	25	-1	17
NS19083M	1	2	-9	-9	-1	55	1
NS19083M	2	1	-9	-9	-1	70	1
NS19083M	3	2	-9	-9	-1	32	8
NS19086Q	1	2	10	1963	52	-1	1
NS19086Q	2	1	9	1970	45	-1	4
NS19092F	1	1	5	1986	29	-1	17
NS19094H	1	2	8	1953	62	-1	1
NS19094H	2	1	10	1956	59	-1	4
NS19102G	1	1	5	1959	56	-1	1
NS19102G	2	2	6	1965	50	-1	1
NS19105K	1	1	4	1995	21	-1	8
NS19105K	2	1	5	1985	31	-1	8
NS19105K	3	2	-9	-9	-1	53	1
NS19105K	4	1	11	1956	59	-1	1
NS19107M	1	1	-9	-9	-1	-9	8
NS19107M	2	2	-9	-9	-1	-9	1
NS19120T	1	2	10	1965	50	-1	1
NS19120T	2	1	5	1965	50	-1	1
NS19120T	3	2	9	1992	23	-1	8
NS19120T	4	1	1	1996	20	-1	8
NS19121V	1	1	12	1958	57	-1	1
NS19121V	2	2	11	1957	58	-1	1
NS19123X	1	1	2	1957	58	-1	1
NS19123X	2	2	5	1959	56	-1	1
NS19123X	3	1	1	1997	18	-1	8
NS19125Z	1	2	3	1963	53	-1	1
NS19127B	1	2	2	1963	52	-1	1
NS19137W	1	2	5	1968	47	-1	1
NS19137W	2	1	5	1967	48	-1	1
NS19138X	1	2	-9	-9	-1	-9	1
NS19138X	2	1	-9	-9	-1	-9	8
NS19142K	1	1	-9	-9	-1	-8	17
NS19142K	2	2	-9	-9	-1	-8	17
NS19151D	1	1	1	1962	54	-1	1
NS19151D	2	2	8	1952	63	-1	1
NS19151D	3	1	1	1982	34	-1	8
NS19151D	4	2	11	1995	20	-1	8
NS19155H	1	2	-9	-9	-1	-9	1
NS19166D	1	2	-9	-9	-1	63	5
NS19166D	2	1	-9	-9	-1	58	5
NS19166D	3	1	-9	-9	-1	22	13
NS19167E	1	2	-9	-9	-1	-8	1
NS19167E	2	2	-9	-9	-1	-8	8
NS19167E	3	1	-9	-9	-1	-8	1
NS19167E	4	1	-9	-9	-1	-9	8
NS19167E	5	2	-9	-9	-1	-9	8
NS19172T	1	2	-9	-9	-1	-9	17
NS19172T	2	1	-9	-9	-1	-9	17
NS19176Y	1	2	-9	-9	-1	52	1
NS19176Y	2	1	-9	-9	-1	54	1
NS19177Z	1	1	8	1939	76	-1	1
NS19177Z	2	2	3	1970	45	-1	1
NS19177Z	3	1	2	1992	23	-1	8
NS19177Z	4	2	6	1994	21	-1	8
NS19177Z	5	1	9	2000	15	-1	8
NS19182N	1	1	2	1955	60	-1	1
NS19182N	2	2	5	1926	89	-1	14
NS19182N	3	1	10	1992	23	-1	8
NS19182N	4	1	5	1991	24	-1	23
NS19191G	1	2	11	1965	50	-1	1
NS19191G	2	1	-9	-9	-1	55	4
NS19192H	1	1	3	1994	21	-1	8
NS19192H	2	1	-9	-9	-1	51	17
NS19192H	3	2	10	1956	58	-1	1
NS19193J	1	1	10	1958	57	-1	1
NS19193J	2	2	3	1961	54	-1	1
NS19193J	3	2	5	1993	22	-1	8
NS19194K	1	2	-9	-9	-1	-8	1
NS19194K	2	2	5	1994	21	-1	8
NS19204L	1	2	-9	-9	-1	59	1
NS19213E	1	1	8	1952	63	-1	1
NS19213E	2	1	7	1983	32	-1	8
NS19213E	3	2	5	1988	27	-1	8
NS19213E	4	2	4	1989	26	-1	13
NS19213E	5	1	3	2013	3	-1	23
NS19218K	1	1	10	1969	46	-1	1
NS19218K	2	2	2	1965	51	-1	1
NS19218K	3	1	11	1997	18	-1	8
NS19218K	4	2	9	1993	22	-1	8
NS19228E	1	2	12	1974	41	-1	17
NS19228E	2	2	2	1991	25	-1	17
NS19228E	3	1	12	1992	23	-1	17
NS19231R	1	2	9	1963	51	-1	1
NS19236X	1	1	-9	-9	-1	50	4
NS19239A	1	2	-9	-9	-1	23	8
NS19239A	2	1	-9	-9	-1	-8	23
NS19239A	3	1	-9	-9	-1	-8	1
NS19239A	4	2	-9	-9	-1	-8	1
NS19241L	1	2	1	1963	53	-1	1
NS19241L	2	1	9	1958	57	-1	1
NS19244P	1	1	8	1989	26	-1	17
NS19249V	1	1	3	1961	54	-1	1
NS19249V	2	2	4	1962	53	-1	1
NS19249V	3	2	11	1988	26	-1	8
NS19252G	1	2	7	1958	57	-1	1
NS19252G	2	1	-9	-9	-1	63	4
NS19252G	3	1	3	1985	30	-1	8
NS19255K	1	1	6	1961	54	-1	1
NS19255K	2	1	3	1962	53	-1	1
NS19255K	3	2	1	1995	21	-1	8
NS19257M	1	2	-9	-9	-1	53	1
NS19257M	2	1	-9	-9	-1	21	8
NS19257M	3	2	-9	-9	-1	24	8
NS19257M	4	2	-9	-9	-1	27	8
NS19260Z	1	1	-9	-9	-1	63	1
NS19260Z	2	2	-9	-9	-1	59	1
NS19260Z	3	2	1	1993	22	-1	8
NS19261A	1	2	2	1990	25	-1	17
NS19261A	2	1	12	1986	28	-1	17
NS19262B	1	2	8	1966	49	-1	1
NS19264D	1	1	4	2010	5	-1	6
NS19265E	1	2	2	1954	62	-1	1
NS19265E	2	1	3	1947	69	-1	1
NS19267G	1	2	6	1962	53	-1	1
NS19269J	1	2	-9	-9	-1	29	17
NS19269J	2	1	-9	-9	-1	-8	17
NS19271V	1	1	-9	-9	-1	65	1
NS19271V	2	2	-9	-9	-1	55	1
NS19271V	3	2	-9	-9	-1	18	8
NS19271V	4	2	-9	-9	-1	14	8
NS19271V	5	2	-9	-9	-1	11	8
NS19286V	1	1	-9	-9	-1	-9	1
NS19286V	2	2	-9	-9	-1	-9	1
NS19286V	3	1	-9	-9	-1	-9	8
NS19286V	4	2	-9	-9	-1	-9	13
NS19288X	1	-9	-9	-9	-1	-9	-9
NS19288X	2	-9	-9	-9	-1	-9	-9
NS19293L	1	2	3	1990	25	-1	17
NS19297Q	1	1	-9	-9	-1	59	1
NS19297Q	2	2	-9	-9	-1	54	1
NS19297Q	3	1	6	1986	29	-1	8
NS19298R	1	2	4	1986	29	-1	17
NS19299S	1	2	-9	-9	-1	23	17
NS19300J	1	1	6	1958	57	-1	1
NS19300J	2	2	12	1956	58	-1	1
NS19300J	3	2	2	1987	28	-1	8
NS19300J	4	2	2	1997	18	-1	8
NS19320Y	1	2	-9	-9	-1	46	1
NS19320Y	2	1	-9	-9	-1	46	1
NS19320Y	3	2	5	1994	22	-1	8
NS19323B	1	2	1	1963	53	-1	4
NS19325D	1	2	3	1990	25	-1	17
NS19325D	2	2	10	1989	26	-1	17
NS19331T	1	1	-9	-9	-1	33	17
NS19331T	2	2	-9	-9	-1	23	17
NS19345S	1	2	5	1988	28	-1	8
NS19345S	2	2	10	2008	7	-1	15
NS19346T	1	1	-9	-9	-1	63	1
NS19346T	2	2	-9	-9	-1	58	1
NS19354L	1	2	-9	-9	-1	-9	1
NS19354L	2	2	-9	-9	-1	10	9
NS19354L	3	1	-9	-9	-1	8	9
NS19354L	4	1	-9	-9	-1	23	8
NS19368K	1	1	10	1962	53	-1	1
NS19368K	2	1	-9	-9	-1	17	8
NS19368K	3	2	-9	-9	-1	40	1
NS19368K	4	2	-9	-9	-1	23	8
NS19368K	5	2	-9	-9	-1	20	8
NS19368K	6	1	-9	-9	-1	30	13
NS19369L	1	2	-9	-9	-1	27	17
NS19369L	2	1	-9	-9	-1	27	17
NS19369L	3	1	-9	-9	-1	23	17
NS19369L	4	2	-9	-9	-1	28	17
NS19369L	5	2	-9	-9	-1	29	17
NS19369L	6	1	-9	-9	-1	26	17
NS19374A	1	2	-9	-9	-1	60	1
NS19389A	1	1	7	1969	46	-1	4
NS19389A	2	2	10	1969	46	-1	1
NS19389A	3	2	12	1992	23	-1	8
NS19389A	4	1	7	1995	20	-1	8
NS19393N	1	2	2	1966	50	-1	1
NS19393N	2	1	6	1962	53	-1	1
NS19393N	3	1	5	1992	23	-1	8
NS19395Q	1	1	10	1988	27	-1	17
NS19396R	1	2	-9	-9	-1	53	1
NS19396R	2	1	-9	-9	-1	65	4
NS19400L	1	1	12	1985	29	-1	17
NS19406S	1	1	-9	-9	-1	-8	23
NS19406S	2	2	-9	-9	-1	-8	23
NS19406S	3	1	-9	-9	-1	-8	23
NS19411G	1	2	6	1989	26	-1	17
NS19411G	2	2	10	1989	26	-1	17
NS19415L	1	2	5	1970	46	-1	1
NS19415L	2	1	-9	-9	-1	-8	4
NS19415L	3	1	3	1998	18	-1	8
NS19419Q	1	2	4	1964	52	-1	1
NS19423D	1	1	4	1958	58	-1	1
NS19423D	2	2	-9	-9	-1	56	1
NS19423D	3	2	-9	-9	-1	87	14
NS19423D	4	1	7	1992	23	-1	8
NS19423D	5	1	4	1997	19	-1	8
NS19430V	1	1	12	1956	59	-1	1
NS19430V	2	2	12	1960	55	-1	1
NS19430V	3	1	11	1986	29	-1	8
NS19430V	4	1	8	1995	20	-1	8
NS19430V	5	1	3	1997	19	-1	8
NS19435A	1	2	6	1967	48	-1	1
NS19435A	2	1	6	1994	21	-1	8
NS19439E	1	2	-9	-9	-1	-9	1
NS19439E	2	1	-9	-9	-1	-9	1
NS19439E	3	2	-9	-9	-1	18	13
NS19441Q	1	1	-9	-9	-1	-9	1
NS19444T	1	2	2	1960	55	-1	1
NS19444T	2	1	11	1960	55	-1	1
NS19444T	3	2	7	1992	23	-1	8
NS19444T	4	2	3	2001	14	-1	8
NS19444T	5	2	4	1997	18	-1	8
NS19444T	6	1	2	1994	21	-1	8
NS19444T	7	2	9	1988	27	-1	23
NS19447X	1	2	8	1995	20	-1	8
NS19447X	2	2	9	1962	53	-1	1
NS19451K	1	1	-9	-9	-1	57	1
NS19451K	2	2	-9	-9	-1	50	1
NS19451K	3	2	-9	-9	-1	24	8
NS19451K	4	1	-9	-9	-1	8	8
NS19452L	1	1	5	1965	50	-1	1
NS19452L	2	2	7	1970	45	-1	1
NS19452L	3	1	10	1996	19	-1	8
NS19453M	1	1	1	1993	22	-1	8
NS19455P	1	2	-9	-9	-1	60	1
NS19455P	2	1	-9	-9	-1	79	1
NS19456Q	1	1	-9	-9	-1	53	1
NS19456Q	2	2	-9	-9	-1	55	1
NS19458S	1	1	-9	-9	-1	58	1
NS19458S	2	2	-9	-9	-1	58	1
NS19458S	3	1	-9	-9	-1	29	8
NS19458S	4	2	-9	-9	-1	-8	13
NS19460D	1	2	-9	-9	-1	50	1
NS19460D	2	1	-9	-9	-1	51	1
NS19462F	1	2	8	1961	54	-1	1
NS19462F	2	2	1	1987	29	-1	8
NS19472A	1	2	2	1960	55	-1	1
NS19472A	2	1	6	1953	62	-1	1
NS19485Y	1	1	5	1988	27	-1	23
NS19489C	1	2	4	1977	38	-1	1
NS19489C	2	2	6	2003	12	-1	9
NS19491N	1	1	-9	-9	-1	64	1
NS19492P	1	2	2	1987	28	-1	8
NS19492P	2	1	4	1987	28	-1	23
NS19503R	1	1	11	1958	57	-1	1
NS19503R	2	2	3	1962	54	-1	1
NS19503R	3	2	5	1984	31	-1	8
NS19503R	4	2	2	2003	13	-1	15
NS19503R	5	1	7	2004	11	-1	15
NS19503R	6	2	12	2007	8	-1	15
NS19504S	1	2	12	1959	56	-1	1
NS19504S	2	1	3	1949	67	-1	1
NS19506V	1	2	-9	-9	-1	-8	1
NS19506V	2	1	-9	-9	-1	-8	1
NS19506V	3	2	3	1992	23	-1	8
NS19506V	4	1	3	1996	19	-1	8
NS19511J	1	1	-9	-9	-1	54	1
NS19511J	2	2	-9	-9	-1	57	1
NS19511J	3	2	-9	-9	-1	28	8
NS19512K	1	2	12	1965	50	-1	1
NS19512K	2	2	11	1987	28	-1	8
NS19515N	1	2	3	1967	48	-1	1
NS19526J	1	2	12	1961	54	-1	1
NS19526J	2	1	3	1980	35	-1	23
NS19535C	1	2	6	1974	41	-1	23
NS19535C	2	1	12	1999	16	-1	22
NS19535C	3	1	1	2002	14	-1	22
NS19538F	1	1	-9	-9	-1	50	18
NS19539G	1	2	-9	-9	-1	57	1
NS19539G	2	1	-9	-9	-1	61	1
NS19539G	3	2	-9	-9	-1	31	8
NS19542T	1	1	7	1959	56	-1	1
NS19542T	2	2	-9	-9	-1	52	1
NS19542T	3	1	-9	-9	-1	80	14
NS19542T	4	2	-9	-9	-1	17	8
NS19545X	1	2	-9	-9	-1	-8	1
NS19545X	2	1	-9	-9	-1	-8	15
NS19545X	3	1	6	1991	24	-1	8
NS19545X	4	2	-9	-9	-1	-8	8
NS19547Z	1	2	3	1958	58	-1	1
NS19547Z	2	2	5	1934	82	-1	14
NS19550L	1	2	3	1956	60	-1	1
NS19550L	2	1	12	1991	24	-1	8
NS19550L	3	1	11	1994	21	-1	8
NS19550L	4	1	-9	-9	-1	-8	16
NS19551M	1	1	8	1961	54	-1	1
NS19551M	2	2	10	1967	47	-1	1
NS19551M	3	2	9	1987	27	-1	8
NS19553P	1	-9	-9	-9	-1	-9	1
NS19553P	2	-9	-9	-9	-1	-9	1
NS19562H	1	2	10	1988	27	-1	8
NS19565L	1	2	-9	-9	-1	-9	1
NS19567N	1	2	4	1966	50	-1	1
NS19568P	1	1	7	1960	55	-1	1
NS19568P	2	1	-9	-9	-1	50	19
NS19568P	3	1	-9	-9	-1	35	19
NS19568P	4	2	-9	-9	-1	30	19
NS19574E	1	2	7	1961	54	-1	1
NS19574E	2	1	3	1964	51	-1	1
NS19580V	1	1	-9	-9	-1	-8	1
NS19580V	2	2	-9	-9	-1	-9	1
NS19585A	1	2	3	1972	43	-1	1
NS19585A	2	1	3	1994	21	-1	13
NS19585A	3	2	5	2007	8	-1	8
NS19593S	1	1	5	1957	58	-1	1
NS19593S	2	2	7	1959	56	-1	1
NS19600Q	1	1	4	1985	30	-1	23
NS19608Z	1	2	-9	-9	-1	-9	17
NS19608Z	2	1	-9	-9	-1	-9	17
NS19620E	1	2	8	1964	51	-1	1
NS19620E	2	1	8	1960	55	-1	4
NS19620E	3	1	8	1993	22	-1	8
NS19622G	1	2	-9	-9	-1	-9	1
NS19622G	2	2	-9	-9	-1	-9	8
NS19622G	3	2	-9	-9	-1	-9	8
NS19622G	4	1	-9	-9	-1	-9	1
NS19623H	1	1	2	1991	25	-1	6
NS19638H	1	1	11	1958	57	-1	1
NS19639J	1	2	2	1971	45	-1	1
NS19639J	2	2	1	1996	20	-1	8
NS19641V	1	1	-9	-9	-1	-8	17
NS19641V	2	2	-9	-9	-1	-8	17
NS19641V	3	1	-9	-9	-1	-8	17
NS19641V	4	2	-9	-9	-1	-8	17
NS19641V	5	2	-9	-9	-1	-8	17
NS19641V	6	2	-9	-9	-1	-8	17
NS19641V	7	2	-9	-9	-1	-8	17
NS19641V	8	2	-9	-9	-1	-8	17
NS19641V	9	1	-9	-9	-1	-8	18
NS19641V	10	1	-9	-9	-1	-8	17
NS19657W	1	1	-9	-9	-1	-9	23
NS19657W	2	2	-9	-9	-1	-9	23
NS19657W	3	2	-9	-9	-1	-9	-9
NS19666P	1	2	3	1968	48	-1	1
NS19666P	2	2	11	2002	13	-1	15
NS19670C	1	1	-9	-9	-1	-8	17
NS19670C	2	2	-9	-9	-1	-8	17
NS19670C	3	2	-9	-9	-1	-8	18
NS19670C	4	1	-9	-9	-1	-8	17
NS19673F	1	1	3	1964	51	-1	1
NS19673F	2	1	6	1995	20	-1	8
NS19676J	1	1	-9	-9	-1	55	1
NS19676J	2	2	-9	-9	-1	44	1
NS19676J	3	1	-9	-9	-1	24	8
NS19676J	4	1	-9	-9	-1	18	8
NS19676J	5	1	-9	-9	-1	16	8
NS19676J	6	1	-9	-9	-1	12	8
NS19676J	7	1	-9	-9	-1	8	8
NS19679M	1	2	8	1965	50	-1	1
NS19679M	2	1	5	1993	22	-1	8
NS19679M	3	2	1	1944	71	-1	14
NS19679M	4	1	8	1960	55	-1	1
NS19680X	1	2	5	1962	53	-1	1
NS19689G	1	2	-9	-9	-1	49	1
NS19689G	2	1	-9	-9	-1	52	1
NS19689G	3	1	11	1989	26	-1	8
NS19689G	4	1	4	1988	28	-1	13
NS19689G	5	2	-9	-9	-1	6	15
NS19689G	6	1	10	2007	8	-1	15
NS19698A	1	1	7	1958	57	-1	1
NS19698A	2	2	10	1954	61	-1	1
NS19700S	1	2	-9	-9	-1	52	1
NS19700S	2	1	-9	-9	-1	24	8
NS19703W	1	2	1	1951	65	-1	1
NS19703W	2	1	4	1949	66	-1	1
NS19703W	3	2	12	1983	32	-1	8
NS19703W	4	2	11	2006	9	-1	15
NS19712P	1	1	11	1956	59	-1	1
NS19712P	2	2	10	1959	56	-1	1
NS19714R	1	2	-9	-9	-1	-8	1
NS19714R	2	1	-9	-9	-1	-8	1
NS19717V	1	1	-9	-9	-1	-9	1
NS19717V	2	1	-9	-9	-1	-9	1
NS19717V	3	2	-9	-9	-1	-9	9
NS19725M	1	2	-9	-9	-1	-9	1
NS19725M	2	-9	-9	-9	-1	-9	-9
NS19725M	3	2	-9	-9	-1	-9	-9
NS19725M	4	1	-9	-9	-1	-9	-9
NS19725M	5	1	-9	-9	-1	-9	-9
NS19725M	6	1	-9	-9	-1	-9	-9
NS19727P	1	1	12	1990	25	-1	8
NS19727P	2	1	10	1962	53	-1	1
NS19727P	3	2	11	1964	51	-1	1
NS19733E	1	1	12	1991	24	-1	8
NS19735G	1	1	7	1959	56	-1	1
NS19735G	2	2	4	1961	54	-1	1
NS19741X	1	2	8	1959	56	-1	1
NS19741X	2	1	3	1990	26	-1	8
NS19744A	1	2	1	1954	62	-1	1
NS19744A	2	1	-9	-9	-1	-8	8
NS19744A	3	2	-9	-9	-1	-8	13
NS19744A	4	1	-9	-9	-1	-8	8
NS19744A	5	2	-9	-9	-1	-8	13
NS19744A	6	2	-9	-9	-1	8	15
NS19744A	7	1	-9	-9	-1	2	15
NS19744A	8	2	-9	-9	-1	5	15
NS19746C	1	2	11	1988	27	-1	17
NS19746C	2	2	5	1991	24	-1	17
NS19753T	1	1	4	1992	24	-1	17
NS19753T	2	2	1	1990	26	-1	17
NS19756X	1	2	-9	-9	-1	59	1
NS19756X	2	2	-9	-9	-1	35	9
NS19759A	1	2	5	1990	25	-1	17
NS19759A	2	1	1	1990	26	-1	17
NS19766R	1	2	-9	-9	-1	-9	1
NS19766R	2	1	-9	-9	-1	-9	1
NS19767S	1	1	3	1962	54	-1	1
NS19767S	2	2	3	1968	48	-1	1
NS19767S	3	1	9	1997	18	-1	8
NS19769V	1	1	1	1961	55	-1	1
NS19769V	2	2	5	1965	50	-1	1
NS19769V	3	2	1	1988	28	-1	8
NS19769V	4	1	8	1992	23	-1	8
NS19773H	1	2	5	1966	50	-1	1
NS19773H	2	1	12	1964	51	-1	1
NS19773H	3	1	9	1992	23	-1	8
NS19773H	4	1	10	2005	10	-1	8
NS19773H	5	1	7	1996	20	-1	13
NS19775K	1	2	9	1960	55	-1	1
NS19775K	2	1	10	1956	59	-1	1
NS19775K	3	2	12	1985	29	-1	8
NS19775K	4	1	12	2014	0	-1	15
NS19778N	1	1	-9	-9	-1	65	1
NS19778N	2	2	-9	-9	-1	48	1
NS19778N	3	1	11	1992	22	-1	8
NS19783C	1	1	7	1958	57	-1	1
NS19783C	2	2	-9	-9	-1	45	1
NS19783C	3	1	2	1992	24	-1	8
NS19783C	4	1	8	1993	22	-1	8
NS19793X	1	1	10	1949	66	-1	1
NS19793X	2	2	1	1951	65	-1	1
NS19793X	3	1	7	1986	29	-1	8
NS19794Y	1	2	2	1969	47	-1	1
NS19797B	1	1	-9	-9	-1	-8	23
NS19797B	2	2	8	1968	47	-1	1
NS19801W	1	1	-9	-9	-1	28	18
NS19802X	1	1	7	1961	54	-1	1
NS19802X	2	2	8	1964	51	-1	1
NS19802X	3	2	7	1992	23	-1	8
NS19802X	4	1	10	1995	20	-1	8
NS19802X	5	2	12	1996	19	-1	8
NS19807C	1	2	6	1963	52	-1	1
NS19807C	2	1	2	1960	55	-1	1
NS19811Q	1	-9	-9	-9	-1	-9	1
NS19811Q	2	2	-9	-9	-1	2	6
NS19811Q	3	1	-9	-9	-1	-9	8
NS19812R	1	1	10	1959	56	-1	1
NS19812R	2	2	10	1962	53	-1	1
NS19812R	3	2	10	1994	21	-1	8
NS19824N	1	1	-9	-9	-1	52	1
NS19824N	2	2	-9	-9	-1	50	1
NS19824N	3	1	5	1993	23	-1	8
NS19832F	1	2	1	1961	55	-1	1
NS19832F	2	1	4	1959	57	-1	1
NS19832F	3	1	12	1987	28	-1	8
NS19843B	1	2	8	1967	48	-1	1
NS19843B	2	2	12	1993	22	-1	8
NS19851T	1	2	2	1960	56	-1	1
NS19852V	1	1	5	1990	25	-1	17
NS19852V	2	1	3	1990	25	-1	17
NS19855Y	1	1	6	1989	26	-1	17
NS19855Y	2	2	3	1985	30	-1	17
NS19855Y	3	2	3	1989	26	-1	17
NS19867V	1	2	8	1973	42	-1	1
NS19870G	1	1	6	1966	49	-1	1
NS19870G	2	2	6	1967	48	-1	1
NS19870G	3	1	11	1987	28	-1	8
NS19870G	4	2	9	1987	28	-1	13
NS19877P	1	1	3	1958	58	-1	1
NS19877P	2	2	5	1968	47	-1	1
NS19879R	1	2	-9	-9	-1	-8	23
NS19879R	2	2	-9	-9	-1	-8	23
NS19879R	3	2	-9	-9	-1	-8	23
NS19879R	4	1	-9	-9	-1	-8	23
NS19884F	1	2	8	1969	45	-1	1
NS19884F	2	2	2	1998	17	-1	8
NS19886H	1	2	2	1966	49	-1	1
NS19886H	2	1	-9	-9	-1	-8	4
NS19895B	1	1	7	1953	63	-1	1
NS19895B	2	2	9	1955	60	-1	1
NS19898E	1	1	-9	-9	-1	58	1
NS19898E	2	2	-9	-9	-1	60	1
NS19898E	3	1	-9	-9	-1	30	8
NS19898E	4	2	-9	-9	-1	26	13
NS19898E	5	2	-9	-9	-1	4	15
NS19899F	1	1	-9	-9	-1	24	17
NS19899F	2	2	-9	-9	-1	24	17
NS19899F	3	2	-9	-9	-1	21	17
NS19899F	4	2	-9	-9	-1	-8	17
NS19900X	1	1	3	1959	57	-1	1
NS19900X	2	2	6	1961	54	-1	1
NS19900X	3	2	10	1995	20	-1	8
NS19903A	1	1	-9	-9	-1	54	1
NS19903A	2	2	-9	-9	-1	51	1
NS19903A	3	1	-9	-9	-1	17	8
NS19903A	4	2	-9	-9	-1	16	8
NS19903A	5	2	-9	-9	-1	12	8
NS19903A	6	1	-9	-9	-1	10	8
NS19906D	1	2	5	1957	58	-1	1
NS19906D	2	1	9	1954	61	-1	1
NS19906D	3	2	6	1996	19	-1	8
NS19906D	4	2	5	1992	23	-1	8
NS19909G	1	2	10	1988	27	-1	17
NS19910R	1	2	10	1955	60	-1	1
NS19910R	2	1	5	1955	60	-1	1
NS19910R	3	1	1	1993	22	-1	8
NS19912T	1	1	3	1963	52	-1	1
NS19912T	2	2	3	1967	48	-1	1
NS19912T	3	1	6	1992	23	-1	8
NS19912T	4	1	10	1995	20	-1	8
NS19921M	1	1	1	1942	73	-1	1
NS19921M	2	2	-9	-9	-1	60	1
NS19921M	3	1	1	1989	26	-1	8
NS19921M	4	2	6	1984	31	-1	8
NS19929W	1	2	2	1988	27	-1	8
NS19929W	2	2	12	2009	6	-1	23
NS19937N	1	2	-9	-9	-1	-9	6
NS19937N	2	2	-9	-9	-1	-9	-9
NS19947H	1	2	-9	-9	-1	-9	1
NS19947H	2	1	-9	-9	-1	-9	8
NS19947H	3	1	-9	-9	-1	-9	8
NS19947H	4	2	-9	-9	-1	-9	23
NS19950V	1	1	5	1959	56	-1	1
NS19950V	2	2	6	1964	51	-1	8
NS19950V	3	1	-9	-9	-1	27	8
NS19950V	4	1	6	1993	22	-1	8
NS19950V	5	1	12	1994	20	-1	8
NS19952X	1	2	9	1998	17	-1	8
NS19952X	2	2	2	1957	58	-1	1
NS19952X	3	2	8	2013	2	-1	7
NS19952X	4	1	2	2015	0	-1	7
NS19955A	1	1	-9	-9	-1	56	1
NS19968Y	1	2	-9	-9	-1	-9	14
NS19968Y	2	1	-9	-9	-1	-9	8
NS19968Y	3	1	-9	-9	-1	-9	15
NS19968Y	4	2	-9	-9	-1	-9	15
NS19980D	1	1	11	1994	21	-1	8
NS19980D	2	2	12	1969	45	-1	1
NS19980D	3	1	3	1972	43	-1	4
NS19980D	4	2	9	2010	5	-1	9
NS19981E	1	1	6	1955	60	-1	1
NS19981E	2	2	2	1960	56	-1	1
NS19982F	1	2	9	1962	53	-1	1
NS19982F	2	1	6	1994	21	-1	8
NS19984H	1	2	6	1971	44	-1	1
NS19984H	2	1	3	1967	48	-1	1
NS19984H	3	2	9	1996	19	-1	8
NS19984H	4	2	6	1993	22	-1	8
NS19984H	5	1	6	1991	24	-1	13
NS19984H	6	2	3	2011	4	-1	15
NS19984H	7	1	10	2015	0	-1	15
NS19985J	1	2	-9	-9	-1	50	1
NS19985J	2	1	-9	-9	-1	48	4
NS19985J	3	1	-9	-9	-1	17	9
NS19987L	1	2	2	1940	76	-1	14
NS19987L	2	1	12	1963	52	-1	15
NS19989N	1	1	-9	-9	-1	46	5
NS19991Z	1	2	5	1957	58	-1	1
NS19991Z	2	1	2	1950	65	-1	1
NS19991Z	3	2	7	1993	22	-1	8
NS19991Z	4	2	12	1997	18	-1	8
NS19995D	1	1	8	1954	61	-1	1
NS19995D	2	2	2	1956	60	-1	1
NS19999H	1	1	-9	-9	-1	-8	15
NS19999H	2	1	-9	-9	-1	-8	9
NS19999H	3	2	-9	-9	-1	-8	13
NS19999H	4	2	-9	-9	-1	-8	1
NS19999H	5	2	-9	-9	-1	-8	17
NS20008K	1	1	4	1999	16	-1	16
NS20008K	2	2	3	1956	59	-1	5
NS20009L	1	2	4	1958	57	-1	1
NS20013Z	1	1	-9	-9	-1	24	17
NS20024V	1	2	10	1993	22	-1	23
NS20026X	1	2	4	1988	27	-1	17
NS20029A	1	1	3	1964	52	-1	1
NS20029A	2	2	2	1966	50	-1	1
NS20029A	3	1	9	1997	18	-1	8
NS20032M	1	1	-9	-9	-1	28	17
NS20032M	2	2	-9	-9	-1	28	17
NS20039V	1	1	-9	-9	-1	-8	17
NS20039V	2	1	-9	-9	-1	-9	17
NS20039V	3	1	-9	-9	-1	-9	17
NS20039V	4	1	-9	-9	-1	-8	17
NS20039V	5	2	-9	-9	-1	-8	17
NS20039V	6	2	-9	-9	-1	-8	17
NS20039V	7	2	-9	-9	-1	-8	17
NS20039V	8	2	-9	-9	-1	-8	17
NS20039V	9	2	-9	-9	-1	-8	17
NS20039V	10	2	-9	-9	-1	-8	17
NS20040E	1	1	2	1937	79	-1	1
NS20040E	2	2	8	1956	59	-1	1
NS20040E	3	2	9	1993	22	-1	8
NS20040E	4	1	9	1984	31	-1	8
NS20040E	5	2	5	1986	29	-1	13
NS20042G	1	2	7	1970	45	-1	1
NS20042G	2	1	-9	-9	-1	-8	4
NS20042G	3	2	7	2011	4	-1	9
NS20043H	1	1	12	1989	25	-1	17
NS20059J	1	2	8	1960	55	-1	1
NS20059J	2	1	1	1951	64	-1	4
NS20061V	1	2	2	1966	49	-1	1
NS20061V	2	1	11	1990	25	-1	8
NS20061V	3	2	11	1994	21	-1	8
NS20068C	1	1	4	1957	58	-1	1
NS20068C	2	2	1	1956	59	-1	1
NS20069D	1	1	6	1949	66	-1	1
NS20069D	2	2	6	1954	61	-1	1
NS20072Q	1	1	-9	-9	-1	49	5
NS20072Q	2	2	-9	-9	-1	47	5
NS20072Q	3	1	-9	-9	-1	28	13
NS20074S	1	2	-9	-9	-1	58	1
NS20074S	2	1	7	1956	59	-1	1
NS20079Y	1	2	5	1957	58	-1	1
NS20079Y	2	1	-9	-9	-1	60	4
NS20079Y	3	1	1	1991	25	-1	8
NS20079Y	4	1	-9	-9	-1	19	9
NS20094G	1	2	5	1959	56	-1	1
NS20094G	2	1	6	1950	65	-1	1
NS20095H	1	2	3	1959	56	-1	1
NS20095H	2	1	11	1947	67	-1	1
NS20098L	1	1	6	1962	53	-1	1
NS20098L	2	2	3	1962	54	-1	1
NS20099M	1	2	-9	-9	-1	25	17
NS20099M	2	2	-9	-9	-1	25	17
NS20099M	3	2	-9	-9	-1	-8	17
NS20100D	1	1	5	1957	58	-1	1
NS20100D	2	2	4	1963	52	-1	1
NS20100D	3	1	11	1983	32	-1	8
NS20100D	4	2	12	1999	16	-1	8
NS20100D	5	2	7	1986	29	-1	8
NS20100D	6	2	7	1990	25	-1	16
NS20106K	1	2	6	1966	49	-1	1
NS20106K	2	1	6	1965	50	-1	1
NS20106K	3	2	3	1988	27	-1	8
NS20106K	4	2	5	1994	21	-1	8
NS20112A	1	1	4	1986	29	-1	17
NS20120S	1	2	-9	-9	-1	60	1
NS20120S	2	1	-9	-9	-1	65	1
NS20121T	1	2	-9	-9	-1	53	1
NS20121T	2	1	-9	-9	-1	55	1
NS20121T	3	1	8	1991	24	-1	8
NS20121T	4	1	4	1996	20	-1	8
NS20125Y	1	1	2	1960	55	-1	1
NS20125Y	2	2	10	1963	51	-1	1
NS20126Z	1	2	4	1960	55	-1	1
NS20127A	1	2	-9	-9	-1	-8	17
NS20127A	2	2	-9	-9	-1	-8	18
NS20127A	3	1	-9	-9	-1	-8	17
NS20127A	4	2	-9	-9	-1	-8	17
NS20127A	5	1	-9	-9	-1	-8	17
NS20129C	1	1	11	1962	53	-1	1
NS20129C	2	2	4	1974	41	-1	1
NS20129C	3	2	6	2003	12	-1	8
NS20129C	4	1	1	2001	14	-1	8
NS20129C	5	1	6	1993	22	-1	8
NS20129C	6	1	5	1991	24	-1	8
NS20129C	7	1	4	1994	21	-1	8
NS20142J	1	2	4	1964	52	-1	1
NS20142J	2	1	2	1964	52	-1	1
NS20142J	3	2	9	1992	23	-1	23
NS20154F	1	2	7	1966	49	-1	1
NS20154F	2	1	10	1963	52	-1	1
NS20154F	3	1	5	1990	25	-1	8
NS20154F	4	1	5	1990	25	-1	8
NS20154F	5	1	6	1999	16	-1	8
NS20156H	1	2	10	1970	45	-1	1
NS20156H	2	1	4	1969	47	-1	1
NS20156H	3	2	11	1991	24	-1	8
NS20156H	4	2	6	1995	20	-1	8
NS20159L	1	2	5	1960	55	-1	1
NS20159L	2	1	5	1943	72	-1	1
NS20165B	1	1	-9	-9	-1	-8	5
NS20165B	2	2	-9	-9	-1	-8	5
NS20165B	3	1	-9	-9	-1	-8	13
NS20165B	4	2	-9	-9	-1	21	13
NS20165B	5	1	-9	-9	-1	11	13
NS20172S	1	1	12	1990	25	-1	13
NS20173T	1	2	6	1969	46	-1	1
NS20173T	2	1	-9	-9	-1	-9	4
NS20173T	3	1	-9	-9	-1	7	9
NS20173T	4	2	-9	-9	-1	6	9
NS20173T	5	1	-9	-9	-1	13	9
NS20173T	6	2	-9	-9	-1	14	9
NS20186R	1	2	2	1951	64	-1	1
NS20186R	2	1	5	1951	64	-1	1
NS20186R	3	1	4	1986	29	-1	8
NS20187S	1	1	1	1959	56	-1	1
NS20187S	2	2	3	1965	50	-1	1
NS20187S	3	1	11	1988	27	-1	8
NS20187S	4	1	4	1990	25	-1	23
NS20200F	1	2	7	1952	63	-1	1
NS20205L	1	2	10	1962	53	-1	1
NS20205L	2	2	4	1985	30	-1	8
NS20205L	3	2	11	1988	27	-1	8
NS20205L	4	1	4	1994	22	-1	8
NS20210A	1	2	5	1954	62	-1	1
NS20210A	2	1	3	1958	58	-1	1
NS20212C	1	2	1	1955	61	-1	1
NS20212C	2	1	10	1980	35	-1	8
NS20215F	1	1	-9	-9	-1	82	14
NS20215F	2	2	-9	-9	-1	76	14
NS20215F	3	1	-9	-9	-1	53	1
NS20215F	4	2	-9	-9	-1	48	1
NS20215F	5	1	7	1991	24	-1	8
NS20219K	1	2	12	1955	60	-1	1
NS20219K	2	1	6	1955	60	-1	1
NS20221W	1	2	5	1960	55	-1	5
NS20221W	2	1	-9	-9	-1	57	5
NS20222X	1	1	1	1992	24	-1	8
NS20222X	2	2	3	1960	55	-1	1
NS20222X	3	1	10	1982	33	-1	8
NS20223Y	1	2	4	1956	59	-1	1
NS20223Y	2	1	4	1956	59	-1	4
NS20226B	1	2	8	1969	46	-1	1
NS20226B	2	2	3	1991	25	-1	8
NS20226B	3	2	9	1993	22	-1	8
NS20226B	4	1	8	1996	19	-1	8
NS20226B	5	2	3	2003	13	-1	8
NS20226B	6	1	11	2004	11	-1	8
NS20226B	7	2	10	2006	9	-1	8
NS20226B	8	1	8	2014	1	-1	9
NS20227C	1	1	-9	-9	-1	25	17
NS20227C	2	1	-9	-9	-1	28	17
NS20227C	3	1	-9	-9	-1	27	17
NS20229E	1	2	-9	-9	-1	-9	1
NS20231Q	1	2	1	1964	51	-1	1
NS20231Q	2	1	8	1965	50	-1	1
NS20231Q	3	1	5	1992	23	-1	8
NS20235V	1	2	6	1962	53	-1	4
NS20235V	2	1	10	1950	65	-1	1
NS20237X	1	1	-9	-9	-1	41	17
NS20237X	2	2	-9	-9	-1	38	17
NS20237X	3	1	-9	-9	-1	29	17
NS20242L	1	2	-9	-9	-1	53	1
NS20242L	2	1	-9	-9	-1	59	1
NS20248S	1	1	-9	-9	-1	26	19
NS20248S	2	1	-9	-9	-1	31	18
NS20253G	1	2	1	1971	44	-1	1
NS20253G	2	1	7	1976	39	-1	1
NS20253G	3	2	7	1971	44	-1	8
NS20253G	4	2	10	1991	24	-1	8
NS20255J	1	2	4	1972	43	-1	1
NS20255J	2	1	6	1972	43	-1	1
NS20255J	3	2	10	1999	16	-1	8
NS20266E	1	2	6	1992	23	-1	8
NS20266E	2	2	5	1966	49	-1	1
NS20266E	3	1	8	1967	48	-1	4
NS20266E	4	2	4	1993	22	-1	23
NS20268G	1	1	-9	-9	-1	-8	1
NS20269H	1	2	6	1966	49	-1	1
NS20271T	1	1	11	1958	57	-1	1
NS20271T	2	2	4	1964	51	-1	1
NS20271T	3	2	10	1985	30	-1	8
NS20271T	4	2	12	1993	22	-1	8
NS20272V	1	2	-9	-9	-1	49	1
NS20272V	2	1	-9	-9	-1	49	1
NS20272V	3	1	5	1992	23	-1	8
NS20276Z	1	2	-9	-9	-1	-9	1
NS20296N	1	2	3	1971	45	-1	1
NS20296N	2	2	11	1995	20	-1	8
NS20296N	3	2	8	2001	14	-1	8
NS20296N	4	1	11	2005	10	-1	8
NS20298Q	1	2	10	1959	56	-1	1
NS20300H	1	2	3	1963	52	-1	1
NS20300H	2	1	4	1957	58	-1	1
NS20300H	3	2	8	1991	24	-1	8
NS20300H	4	2	10	1992	23	-1	8
NS20301J	1	1	3	1983	32	-1	8
NS20301J	2	2	5	1955	60	-1	1
NS20304M	1	2	6	1953	62	-1	1
NS20304M	2	1	6	1954	61	-1	1
NS20304M	3	1	5	1988	27	-1	8
NS20306P	1	1	4	1952	63	-1	1
NS20308R	1	2	3	1963	52	-1	1
NS20308R	2	1	1	1992	23	-1	8
NS20315H	1	2	-9	-9	-1	32	23
NS20315H	2	2	-9	-9	-1	26	23
NS20315H	3	2	-9	-9	-1	30	23
NS20315H	4	2	-9	-9	-1	25	23
NS20326D	1	2	4	1965	50	-1	1
NS20326D	2	1	3	1963	53	-1	1
NS20331S	1	2	1	1990	26	-1	17
NS20336Y	1	2	6	1961	54	-1	1
NS20336Y	2	1	1	1990	26	-1	8
NS20339B	1	2	-9	-9	-1	49	1
NS20343P	1	1	1	1964	52	-1	1
NS20343P	2	2	4	1968	48	-1	1
NS20343P	3	1	11	1992	23	-1	13
NS20343P	4	1	1	1994	22	-1	8
NS20343P	5	1	8	1996	19	-1	8
NS20350F	1	2	7	1982	34	-1	8
NS20350F	2	1	1	1981	35	-1	13
NS20353J	1	1	10	1961	54	-1	1
NS20353J	2	2	1	1967	48	-1	1
NS20353J	3	2	3	1993	22	-1	8
NS20353J	4	2	12	2000	14	-1	8
NS20355L	1	1	8	1963	52	-1	1
NS20355L	2	2	1	1965	51	-1	1
NS20355L	3	1	2	1998	17	-1	8
NS20360A	1	1	10	1984	31	-1	8
NS20360A	2	1	-9	-9	-1	32	17
NS20362C	1	2	-9	-9	-1	24	17
NS20362C	2	1	-9	-9	-1	25	17
NS20363D	1	2	8	1961	54	-1	1
NS20363D	2	1	6	1973	42	-1	4
NS20366G	1	2	-9	-9	-1	28	17
NS20366G	2	1	-9	-9	-1	32	17
NS20370V	1	1	-9	-9	-1	53	1
NS20370V	2	2	-9	-9	-1	50	1
NS20370V	3	1	-9	-9	-1	24	8
NS20373Y	1	2	4	1956	60	-1	1
NS20391K	1	2	8	1969	46	-1	1
NS20398S	1	2	7	1966	49	-1	1
NS20398S	2	1	10	1963	52	-1	1
NS20398S	3	2	4	1994	22	-1	8
NS20402M	1	2	11	1963	52	-1	1
NS20402M	2	1	3	1965	50	-1	1
NS20402M	3	2	5	1994	21	-1	8
NS20408T	1	1	9	2014	1	-1	6
NS20414J	1	1	-9	-9	-1	52	1
NS20414J	2	2	-9	-9	-1	-8	1
NS20414J	3	1	-9	-9	-1	28	8
NS20414J	4	2	-9	-9	-1	23	8
NS20414J	5	2	12	1995	20	-1	8
NS20414J	6	2	11	2002	13	-1	8
NS20418N	1	1	4	1958	57	-1	1
NS20418N	2	2	10	1958	56	-1	1
NS20419P	1	2	6	1963	52	-1	1
NS20419P	2	1	11	1966	49	-1	4
NS20420Z	1	2	5	1993	22	-1	8
NS20420Z	2	1	1	2002	13	-1	9
NS20420Z	3	2	6	1958	57	-1	1
NS20420Z	4	1	12	1961	53	-1	4
NS20421A	1	2	-9	-9	-1	-8	1
NS20421A	2	1	-9	-9	-1	-8	1
NS20432W	1	2	-9	-9	-1	-8	1
NS20432W	2	2	-9	-9	-1	-8	8
NS20442Q	1	2	8	1962	53	-1	1
NS20442Q	2	1	12	1954	60	-1	1
NS20446V	1	1	6	1966	49	-1	1
NS20446V	2	2	7	1967	48	-1	1
NS20446V	3	2	11	1990	25	-1	18
NS20449Y	1	2	9	1941	74	-1	14
NS20451J	1	1	7	1950	65	-1	1
NS20451J	2	2	12	1950	65	-1	1
NS20454M	1	1	4	1958	58	-1	1
NS20454M	2	1	4	1992	24	-1	8
NS20454M	3	2	3	1995	21	-1	8
NS20454M	4	2	6	1968	47	-1	1
NS20454M	5	1	6	2008	7	-1	15
NS20454M	6	1	10	2008	7	-1	15
NS20454M	7	1	-9	-9	-1	21	17
NS20455N	1	2	10	1983	32	-1	8
NS20455N	2	2	3	1993	23	-1	8
NS20455N	3	1	1	1960	56	-1	1
NS20455N	4	2	12	1961	54	-1	1
NS20455N	5	1	5	1995	21	-1	8
NS20455N	6	1	8	2009	6	-1	23
NS20455N	7	2	5	2006	10	-1	23
NS20457Q	1	2	-9	-9	-1	35	15
NS20457Q	2	1	-9	-9	-1	5	15
NS20458R	1	1	-9	-9	-1	50	5
NS20458R	2	2	-9	-9	-1	48	5
NS20458R	3	2	-9	-9	-1	28	13
NS20458R	4	2	-9	-9	-1	23	13
NS20458R	5	1	-9	-9	-1	16	13
NS20460C	1	2	9	1968	46	-1	1
NS20460C	2	1	11	1966	48	-1	1
NS20460C	3	1	4	1998	17	-1	8
NS20472Z	1	2	-9	-9	-1	-8	1
NS20472Z	2	1	-9	-9	-1	-8	1
NS20472Z	3	1	10	1999	16	-1	8
NS20472Z	4	2	3	1988	27	-1	8
NS20475C	1	1	9	1982	33	-1	23
NS20483V	1	2	6	1977	38	-1	1
NS20483V	2	1	5	1965	50	-1	4
NS20483V	3	1	-9	-9	-1	18	19
NS20483V	4	2	5	1998	17	-1	9
NS20490L	1	1	9	1963	52	-1	1
NS20490L	2	2	10	1992	23	-1	8
NS20495R	1	1	7	1952	63	-1	1
NS20495R	2	2	4	1956	60	-1	1
NS20495R	3	2	3	1983	33	-1	8
NS20503Q	1	1	-9	-9	-1	20	17
NS20503Q	2	2	-9	-9	-1	20	17
NS20503Q	3	2	-9	-9	-1	20	17
NS20503Q	4	2	-9	-9	-1	20	17
NS20505S	1	2	3	1972	43	-1	1
NS20505S	2	1	1	1962	54	-1	1
NS20505S	3	1	4	1995	20	-1	8
NS20505S	4	1	1	1999	16	-1	8
NS20506T	1	2	8	1954	61	-1	1
NS20506T	2	1	12	1988	27	-1	8
NS20513K	1	2	5	1965	51	-1	1
NS20516N	1	2	-9	-9	-1	-9	17
NS20516N	2	2	-9	-9	-1	50	23
NS20516N	3	2	-9	-9	-1	25	23
NS20518Q	1	2	7	1958	57	-1	1
NS20518Q	2	1	9	1955	60	-1	1
NS20518Q	3	2	8	1982	33	-1	8
NS20523E	1	2	-9	-9	-1	55	1
NS20523E	2	1	-9	-9	-1	54	1
NS20529L	1	1	-9	-9	-1	24	17
NS20531X	1	2	-9	-9	-1	53	1
NS20531X	2	1	-9	-9	-1	51	1
NS20531X	3	2	5	1987	28	-1	8
NS20531X	4	1	-9	-9	-1	22	23
NS20532Y	1	2	7	1994	21	-1	17
NS20532Y	2	2	-9	-9	-1	20	17
NS20532Y	3	2	-9	-9	-1	20	17
NS20532Y	4	2	-9	-9	-1	21	17
NS20532Y	5	1	-9	-9	-1	20	17
NS20532Y	6	1	-9	-9	-1	22	17
NS20532Y	7	1	-9	-9	-1	21	17
NS20533Z	1	2	4	1970	45	-1	1
NS20533Z	2	1	3	1972	43	-1	4
NS20533Z	3	2	9	2010	5	-1	9
NS20533Z	4	2	12	2013	1	-1	9
NS20537D	1	1	10	1955	60	-1	1
NS20537D	2	2	12	1955	59	-1	1
NS20537D	3	2	8	1986	29	-1	8
NS20540Q	1	1	10	1958	56	-1	1
NS20542S	1	1	11	1959	56	-1	1
NS20542S	2	2	10	1964	51	-1	1
NS20552M	1	2	-9	-9	-1	-8	1
NS20552M	2	1	8	1950	65	-1	1
NS20552M	3	1	6	1987	28	-1	1
NS20569P	1	2	-9	-9	-1	62	1
NS20569P	2	1	-9	-9	-1	64	1
NS20575E	1	2	4	1950	65	-1	1
NS20575E	2	1	10	1989	26	-1	23
NS20581V	1	1	4	1964	52	-1	1
NS20581V	2	2	-9	-9	-1	52	1
NS20581V	3	2	4	1999	17	-1	8
NS20585Z	1	2	7	1956	59	-1	1
NS20585Z	2	1	7	1954	61	-1	1
NS20585Z	3	1	10	1984	31	-1	8
NS20586A	1	2	-9	-9	-1	60	1
NS20586A	2	1	-9	-9	-1	63	1
NS20586A	3	1	2	1987	28	-1	8
NS20588C	1	2	3	1957	58	-1	1
NS20588C	2	1	8	1959	56	-1	4
NS20589D	1	2	-9	-9	-1	-9	1
NS20590N	1	2	11	1959	56	-1	1
NS20590N	2	1	7	1956	59	-1	1
NS20594S	1	2	7	1958	57	-1	1
NS20595T	1	2	1	1964	51	-1	1
NS20595T	2	1	1	1960	55	-1	1
NS20595T	3	1	2	1999	16	-1	8
NS20595T	4	2	7	1992	23	-1	8
NS20596V	1	1	-9	-9	-1	-9	1
NS20596V	2	2	-9	-9	-1	-9	1
NS20596V	3	1	-9	-9	-1	-9	8
NS20596V	4	2	-9	-9	-1	-9	8
NS20596V	5	-8	-9	-9	-1	-9	-9
NS20597W	1	2	8	1963	52	-1	1
NS20597W	2	1	12	1992	23	-1	8
NS20597W	3	2	5	1991	25	-1	8
NS20597W	4	1	2	2003	13	-1	9
NS20602R	1	2	10	1964	51	-1	1
NS20602R	2	1	3	1959	56	-1	1
NS20604T	1	2	11	1964	50	-1	1
NS20604T	2	1	-9	-9	-1	55	5
NS20604T	3	1	-9	-9	-1	17	9
NS20610J	1	1	11	1964	51	-1	1
NS20611K	1	2	3	1965	50	-1	1
NS20611K	2	1	11	1992	22	-1	8
NS20612L	1	1	4	1958	57	-1	1
NS20612L	2	2	1	1964	51	-1	1
NS20612L	3	1	12	1991	24	-1	8
NS20625J	1	1	1	1959	56	-1	1
NS20625J	2	2	4	1961	54	-1	1
NS20631Z	1	1	12	1954	60	-1	1
NS20631Z	2	2	5	1957	58	-1	1
NS20632A	1	1	11	2010	5	-1	6
NS20644X	1	2	-9	-9	-1	47	1
NS20644X	2	2	12	1997	18	-1	9
NS20652P	1	1	-9	-9	-1	-8	17
NS20652P	2	2	6	1963	52	-1	1
NS20655S	1	1	10	1945	70	-1	1
NS20655S	2	2	7	1955	60	-1	1
NS20655S	3	1	3	1993	22	-1	8
NS20656T	1	2	1	1990	25	-1	17
NS20656T	2	2	9	1988	27	-1	17
NS20659X	1	1	5	1963	52	-1	1
NS20659X	2	2	8	1963	52	-1	1
NS20661H	1	2	10	1961	54	-1	1
NS20671C	1	2	12	1959	56	-1	1
NS20671C	2	1	3	1956	60	-1	1
NS20671C	3	2	3	1993	23	-1	8
NS20674F	1	2	11	1944	71	-1	1
NS20674F	2	1	1	1950	65	-1	1
NS20674F	3	2	9	1993	22	-1	8
NS20677J	1	1	4	1961	55	-1	1
NS20679L	1	1	2	1954	61	-1	1
NS20679L	2	2	9	1992	23	-1	8
NS20679L	3	2	4	1994	21	-1	8
NS20682Y	1	2	3	1988	27	-1	8
NS20685B	1	2	-9	-9	-1	-8	1
NS20694V	1	1	5	1960	55	-1	1
NS20694V	2	1	9	1980	35	-1	8
NS20694V	3	2	1	1962	54	-1	1
NS20698Z	1	2	9	1964	51	-1	1
NS20698Z	2	1	5	1961	54	-1	1
NS20698Z	3	1	12	1987	28	-1	8
NS20698Z	4	2	-9	-9	-1	20	23
NS20698Z	5	2	-9	-9	-1	-8	23
NS20698Z	6	1	12	2000	15	-1	8
NS20698Z	7	1	3	2002	13	-1	8
NS20705X	1	2	12	1989	26	-1	1
NS20705X	2	1	-9	-9	-1	51	1
NS20705X	3	1	11	1993	22	-1	8
NS20705X	4	2	5	1995	20	-1	8
NS20709B	1	2	-9	-9	-1	48	1
NS20709B	2	1	5	1992	23	-1	8
NS20711M	1	1	-9	-9	-1	48	1
NS20711M	2	2	-9	-9	-1	47	1
NS20716S	1	2	11	1963	52	-1	1
NS20717T	1	1	-9	-9	-1	27	8
NS20717T	2	2	-9	-9	-1	23	13
NS20720F	1	2	9	1962	53	-1	1
NS20720F	2	1	11	1962	53	-1	1
NS20720F	3	1	11	1994	21	-1	8
NS20722H	1	2	9	1958	57	-1	1
NS20722H	2	1	11	1987	27	-1	8
NS20728P	1	1	-9	-9	-1	-9	1
NS20728P	2	2	-9	-9	-1	-9	1
NS20738J	1	2	5	1964	51	-1	1
NS20738J	2	1	3	1994	21	-1	8
NS20738J	3	2	-9	-9	-1	18	15
NS20740V	1	2	6	-9	-1	51	1
NS20740V	2	2	8	1993	22	-1	8
NS20750P	1	1	2	1969	47	-1	1
NS20750P	2	2	9	1970	45	-1	1
NS20750P	3	1	3	1989	27	-1	8
NS20750P	4	2	7	1985	30	-1	13
NS20754T	1	2	10	1963	52	-1	1
NS20754T	2	1	9	1962	53	-1	4
NS20757X	1	2	7	1951	64	-1	1
NS20757X	2	1	-9	-9	-1	60	1
NS20758Y	1	2	4	1958	57	-1	1
NS20758Y	2	1	4	1952	63	-1	1
NS20758Y	3	1	9	2011	4	-1	15
NS20758Y	4	2	7	1988	27	-1	13
NS20758Y	5	1	3	1982	33	-1	8
NS20759Z	1	1	1	1958	57	-1	1
NS20759Z	2	2	5	1959	56	-1	1
NS20762L	1	2	2	1987	29	-1	15
NS20762L	2	1	8	1985	30	-1	15
NS20762L	3	2	4	2009	7	-1	15
NS20762L	4	1	5	2015	1	-1	15
NS20773G	1	2	1	1956	60	-1	1
NS20773G	2	1	-9	-9	-1	27	8
NS20786E	1	1	6	1969	46	-1	4
NS20786E	2	2	7	1969	46	-1	1
NS20786E	3	2	4	1991	24	-1	8
NS20788G	1	2	8	1963	52	-1	1
NS20788G	2	2	1	1996	19	-1	8
NS20793W	1	2	4	1954	61	-1	1
NS20793W	2	1	3	1954	61	-1	1
NS20795Y	1	1	11	1982	33	-1	8
NS20797A	1	1	-9	-9	-1	27	19
NS20798B	1	1	-9	-9	-1	25	17
NS20798B	2	2	-9	-9	-1	26	17
NS20800T	1	1	3	1964	51	-1	1
NS20800T	2	2	1	1966	49	-1	1
NS20800T	3	2	11	1993	21	-1	8
NS20800T	4	2	11	2001	14	-1	8
NS20800T	5	2	9	2003	12	-1	8
NS20800T	6	1	7	2005	10	-1	8
NS20804Y	1	2	1	1978	37	-1	1
NS20809D	1	2	-9	-9	-1	56	1
NS20809D	2	1	-9	-9	-1	54	1
NS20810N	1	2	6	1944	71	-1	1
NS20810N	2	1	2	1963	53	-1	1
NS20812Q	1	1	3	1965	51	-1	1
NS20812Q	2	2	10	1967	48	-1	1
NS20812Q	3	2	1	2000	16	-1	8
NS20815T	1	2	1	1960	56	-1	1
NS20815T	2	1	-9	-9	-1	53	23
NS20822K	1	2	11	1960	55	-1	1
NS20823L	1	2	11	1955	60	-1	1
NS20823L	2	1	9	1963	52	-1	1
NS20828R	1	2	12	1964	51	-1	1
NS20828R	2	1	6	1962	54	-1	1
NS20828R	3	1	11	1992	23	-1	8
NS20838L	1	2	8	1960	55	-1	1
NS20838L	2	1	1	1959	56	-1	1
NS20839M	1	1	-9	-9	-1	59	1
NS20839M	2	2	-9	-9	-1	59	1
NS20839M	3	2	-9	-9	-1	20	8
NS20842Z	1	1	11	1958	57	-1	1
NS20842Z	2	2	1	1967	49	-1	1
NS20842Z	3	2	2	1992	24	-1	8
NS20842Z	4	2	-9	-9	-1	75	14
NS20843A	1	1	-9	-9	-1	-9	19
NS20843A	2	1	-9	-9	-1	-9	19
NS20843A	3	2	-9	-9	-1	-9	19
NS20843A	4	1	-9	-9	-1	-9	19
NS20843A	5	1	-9	-9	-1	-9	19
NS20843A	6	1	-9	-9	-1	-9	19
NS20843A	7	1	-9	-9	-1	-9	19
NS20843A	8	1	-9	-9	-1	-9	19
NS20843A	9	1	-9	-9	-1	-9	19
NS20843A	10	1	-9	-9	-1	-9	18
NS20863P	1	2	9	1989	26	-1	8
NS20863P	2	2	5	1988	27	-1	8
NS20863P	3	2	6	1954	61	-1	1
NS20863P	4	1	8	1953	62	-1	1
NS20868V	1	2	5	1969	46	-1	1
NS20868V	2	1	11	1959	56	-1	1
NS20868V	3	2	3	1993	22	-1	8
NS20874K	1	2	9	1957	58	-1	1
NS20874K	2	1	10	1957	58	-1	1
NS20874K	3	2	8	1986	29	-1	8
NS20886G	1	2	5	1964	51	-1	1
NS20889K	1	2	9	1968	47	-1	23
NS20892X	1	2	4	1961	55	-1	1
NS20892X	2	1	1	1958	58	-1	1
NS20892X	3	2	9	1986	29	-1	8
NS20892X	4	2	10	2009	6	-1	15
NS20893Y	1	-9	-9	-9	-1	-9	-9
NS20893Y	2	-9	-9	-9	-1	-9	-9
NS20893Y	3	-9	-9	-9	-1	-9	-9
NS20893Y	4	-9	-9	-9	-1	-9	-9
NS20893Y	5	-9	-9	-9	-1	-9	-9
NS20896B	1	2	2	1990	25	-1	17
NS20896B	2	1	4	1990	25	-1	17
NS20898D	1	2	-9	-9	-1	-8	17
NS20898D	2	1	-9	-9	-1	-8	17
NS20898D	3	2	-9	-9	-1	2	17
NS20898D	4	1	-9	-9	-1	1	17
NS20900W	1	2	9	1963	52	-1	1
NS20906C	1	1	12	1952	63	-1	1
NS20906C	2	2	11	1956	59	-1	1
NS20907D	1	1	-9	-9	-1	-8	23
NS20907D	2	1	-9	-9	-1	24	23
NS20909F	1	2	10	1964	51	-1	1
NS20911R	1	1	-9	-9	-1	-9	8
NS20911R	2	2	-9	-9	-1	51	1
NS20913T	1	2	-9	-9	-1	-8	1
NS20913T	2	1	-9	-9	-1	-9	8
NS20915W	1	1	7	1990	25	-1	17
NS20917Y	1	1	-9	-9	-1	54	5
NS20921L	1	2	-9	-9	-1	52	1
NS20922M	1	1	-9	-9	-1	-9	1
NS20922M	2	-9	-9	-9	-1	-9	8
NS20922M	3	1	-9	-9	-1	-9	8
NS20922M	4	2	-9	-9	-1	-9	23
NS20922M	5	1	-9	-9	-1	-9	23
NS20922M	6	1	-9	-9	-1	-9	23
NS20922M	7	2	-9	-9	-1	-9	23
NS20922M	8	2	-9	-9	-1	-9	23
NS20928T	1	1	-9	-9	-1	31	17
NS20928T	2	2	-9	-9	-1	28	17
NS20929V	1	1	6	1952	64	-1	1
NS20929V	2	2	5	1953	63	-1	1
NS20933H	1	1	6	1962	53	-1	1
NS20933H	2	2	6	1963	52	-1	1
NS20939P	1	2	5	1990	25	-1	17
NS20939P	2	2	1	1994	21	-1	17
NS20939P	3	1	1	1993	22	-1	17
NS20942B	1	2	7	1989	26	-1	17
NS20952W	1	2	-9	-9	-1	61	2
NS20952W	2	1	-9	-9	-1	62	2
NS20954Y	1	2	1	1960	56	-1	1
NS20957B	1	2	5	1956	59	-1	1
NS20957B	2	1	10	1953	62	-1	1
NS20958C	1	2	1	1970	46	-1	1
NS20959D	1	-9	-9	-9	-1	-9	-9
NS20959D	2	-9	-9	-9	-1	-9	-9
NS20959D	3	-9	-9	-9	-1	-9	-9
NS20959D	4	-9	-9	-9	-1	-9	-9
NS20960N	1	1	-9	-9	-1	-9	-9
NS20960N	2	2	-9	-9	-1	45	1
NS20960N	3	1	-9	-9	-1	46	1
NS20962Q	1	2	5	1964	51	-1	1
NS20962Q	2	1	10	1960	54	-1	1
NS20964S	1	1	1	1932	84	-1	1
NS20970H	1	1	9	1965	49	-1	1
NS20970H	2	2	6	1965	50	-1	1
NS20977Q	1	2	10	1969	46	-1	1
NS20977Q	2	1	-9	-9	-1	-9	8
NS20977Q	3	1	-9	-9	-1	-9	8
NS20978R	1	1	10	1960	54	-1	1
NS20978R	2	2	4	1964	51	-1	1
NS20978R	3	2	9	1992	22	-1	8
NS20978R	4	2	5	1998	17	-1	8
NS20982E	1	2	2	1994	21	-1	11
NS20988L	1	1	2	1955	60	-1	1
NS20988L	2	2	7	1955	60	-1	1
NS20990X	1	1	-9	-9	-1	-8	1
NS20990X	2	2	-9	-9	-1	-8	1
NS20990X	3	1	10	1989	26	-1	8
NS20993A	1	1	4	1966	49	-1	1
NS20993A	2	2	2	1968	47	-1	1
NS20993A	3	1	-9	-9	-1	73	14
NS20999G	1	2	-9	-9	-1	-8	23
NS20999G	2	1	-9	-9	-1	-8	23
NS20999G	3	1	-9	-9	-1	-8	23
NS20999G	4	1	-9	-9	-1	-8	23
NS20999G	5	1	-9	-9	-1	-8	23
NS21003A	1	1	-9	-9	-1	31	18
NS21003A	2	2	-9	-9	-1	33	18
NS21003A	3	2	-9	-9	-1	1	22
NS21006D	1	1	-9	-9	-1	-9	1
NS21006D	2	2	-9	-9	-1	-9	1
NS21013V	1	1	10	1959	56	-1	1
NS21027T	1	2	5	1970	46	-1	1
NS21027T	2	2	10	1997	18	-1	8
NS21030F	1	2	10	1963	52	-1	1
NS21030F	2	1	9	1955	60	-1	1
NS21030F	3	2	7	1987	28	-1	8
NS21030F	4	1	12	1994	20	-1	8
NS21039Q	1	2	5	1963	52	-1	1
NS21039Q	2	1	3	1962	53	-1	1
NS21039Q	3	2	1	1996	19	-1	8
NS21046G	1	2	1	1961	55	-1	1
NS21046G	2	1	9	1959	56	-1	4
NS21046G	3	1	6	1997	18	-1	8
NS21050V	1	1	-9	-9	-1	-8	17
NS21050V	2	1	-9	-9	-1	-9	17
NS21050V	3	2	-9	-9	-1	-8	17
NS21050V	4	1	-9	-9	-1	-8	17
NS21050V	5	1	-9	-9	-1	-8	17
NS21052X	1	2	5	1965	50	-1	1
NS21052X	2	1	7	1955	60	-1	1
NS21052X	3	2	2	1992	23	-1	8
NS21063S	1	1	3	1954	62	-1	1
NS21063S	2	2	7	1953	63	-1	1
NS21064T	1	2	11	1967	48	-1	1
NS21064T	2	1	5	1988	27	-1	8
NS21072L	1	1	-9	-9	-1	64	1
NS21072L	2	2	-9	-9	-1	57	1
NS21075P	1	1	6	1988	27	-1	17
NS21077R	1	2	11	1959	56	-1	1
NS21077R	2	1	1	1992	24	-1	8
NS21081E	1	2	5	1950	65	-1	1
NS21081E	2	1	9	1959	56	-1	1
NS21099H	1	1	-9	-9	-1	60	1
NS21099H	2	2	-9	-9	-1	55	1
NS21099H	3	2	-9	-9	-1	23	8
NS21100Z	1	2	4	1965	50	-1	1
NS21100Z	2	1	10	1964	51	-1	1
NS21100Z	3	1	3	1988	27	-1	8
NS21100Z	4	1	6	1991	24	-1	8
NS21100Z	5	2	1	1994	22	-1	8
NS21104D	1	1	-9	-9	-1	31	15
NS21104D	2	2	-9	-9	-1	86	14
NS21104D	3	2	-9	-9	-1	55	1
NS21111V	1	1	-9	-9	-1	58	1
NS21111V	2	2	-9	-9	-1	55	1
NS21111V	3	1	-9	-9	-1	24	8
NS21112W	1	2	11	1963	52	-1	1
NS21120N	1	1	-9	-9	-1	53	1
NS21120N	2	2	-9	-9	-1	50	1
NS21120N	3	1	-9	-9	-1	30	8
NS21120N	4	1	-9	-9	-1	29	8
NS21120N	5	1	-9	-9	-1	29	8
NS21132K	1	2	9	1992	23	-1	8
NS21132K	2	1	-9	-9	-1	-9	1
NS21132K	3	2	-9	-9	-1	-9	8
NS21132K	4	1	-9	-9	-1	-9	8
NS21132K	5	1	-9	-9	-1	-9	8
NS21137Q	1	1	8	1956	59	-1	1
NS21137Q	2	2	4	1965	51	-1	1
NS21137Q	3	1	1	1994	22	-1	8
NS21140C	1	2	10	1965	50	-1	1
NS21140C	2	2	1	2003	13	-1	8
NS21142E	1	2	2	1958	58	-1	1
NS21143F	1	2	11	1964	50	-1	1
NS21143F	2	1	8	1966	49	-1	1
NS21145H	1	1	-9	-9	-1	50	1
NS21145H	2	1	-9	-9	-1	45	15
NS21145H	3	2	-9	-9	-1	50	1
NS21145H	4	2	-9	-9	-1	45	15
NS21145H	5	1	-9	-9	-1	20	15
NS21145H	6	2	-9	-9	-1	20	15
NS21145H	7	2	-9	-9	-1	20	15
NS21145H	8	1	-9	-9	-1	20	15
NS21145H	9	2	-9	-9	-1	20	15
NS21145H	10	2	-9	-9	-1	20	15
NS21146J	1	1	2	1961	54	-1	1
NS21146J	2	2	2	1967	48	-1	1
NS21146J	3	2	10	1998	17	-1	8
NS21150X	1	2	-9	-9	-1	56	1
NS21150X	2	1	-9	-9	-1	63	1
NS21150X	3	2	-9	-9	-1	24	8
NS21150X	4	1	-9	-9	-1	18	8
NS21150X	5	2	-9	-9	-1	4	15
NS21152Z	1	2	-9	-9	-1	-9	1
NS21152Z	2	1	-9	-9	-1	-9	4
NS21152Z	3	1	-9	-9	-1	-9	9
NS21153A	1	2	-9	-9	-1	-8	1
NS21153A	2	1	-9	-9	-1	-8	1
NS21153A	3	2	-9	-9	-1	31	8
NS21153A	4	1	-9	-9	-1	-8	23
NS21156D	1	2	-9	-9	-1	-8	1
NS21156D	2	1	-9	-9	-1	-9	8
NS21159G	1	1	-9	-9	-1	-9	18
NS21163V	1	2	12	1991	23	-1	8
NS21163V	2	1	11	1956	58	-1	1
NS21163V	3	2	8	1967	48	-1	1
NS21167Z	1	2	6	1960	55	-1	1
NS21167Z	2	2	12	1989	25	-1	8
NS21170L	1	1	6	1988	28	-1	8
NS21170L	2	1	5	1956	60	-1	1
NS21170L	3	2	10	1956	59	-1	1
NS21175R	1	1	6	1960	55	-1	1
NS21175R	2	2	1	1969	47	-1	1
NS21175R	3	2	7	1989	26	-1	8
NS21175R	4	2	1	1992	23	-1	8
NS21179W	1	2	7	1961	54	-1	1
NS21179W	2	2	3	1986	29	-1	8
NS21185L	1	1	9	1967	48	-1	1
NS21185L	2	2	6	1971	44	-1	7
NS21185L	3	2	9	1954	61	-1	14
NS21185L	4	1	8	1944	71	-1	14
NS21185L	5	2	7	1997	18	-1	23
NS21186M	1	1	7	1955	60	-1	1
NS21186M	2	2	6	1955	61	-1	1
NS21186M	3	2	11	1987	28	-1	8
NS21186M	4	1	12	1996	19	-1	8
NS21186M	5	2	3	1998	18	-1	8
NS21193D	1	1	5	1956	59	-1	1
NS21193D	2	2	10	1957	57	-1	1
NS21200B	1	1	8	1988	27	-1	8
NS21200B	2	1	-9	-9	-1	-9	8
NS21200B	3	-9	-9	-9	-1	-9	8
NS21200B	4	-9	-9	-9	-1	-9	1
NS21200B	5	-9	-9	-9	-1	-9	1
NS21203E	1	1	4	1955	60	-1	1
NS21203E	2	2	10	1960	55	-1	1
NS21203E	3	2	2	1987	28	-1	8
NS21203E	4	2	7	1988	27	-1	8
NS21205G	1	2	-9	-9	-1	23	17
NS21205G	2	2	-9	-9	-1	23	17
NS21205G	3	2	-9	-9	-1	25	17
NS21212Y	1	2	-9	-9	-1	50	1
NS21212Y	2	1	-9	-9	-1	55	1
NS21212Y	3	1	-9	-9	-1	20	8
NS21212Y	4	1	-9	-9	-1	35	8
NS21215B	1	2	-9	-9	-1	44	1
NS21215B	2	1	6	1966	49	-1	1
NS21215B	3	1	-9	-9	-1	14	8
NS21215B	4	1	-9	-9	-1	11	8
NS21216C	1	2	-9	-9	-1	-9	-9
NS21216C	2	2	-9	-9	-1	-9	-9
NS21216C	3	1	-9	-9	-1	-9	-9
NS21216C	4	1	-9	-9	-1	-9	-9
NS21216C	5	2	-9	-9	-1	-9	23
NS21220Q	1	2	-9	-9	-1	65	1
NS21225W	1	2	4	1970	45	-1	1
NS21225W	2	1	5	1996	19	-1	8
NS21227Y	1	2	-9	-9	-1	-8	19
NS21227Y	2	2	-9	-9	-1	-8	19
NS21227Y	3	1	-9	-9	-1	-8	19
NS21230K	1	2	7	1959	56	-1	1
NS21230K	2	2	8	1986	29	-1	8
NS21230K	3	1	7	1994	21	-1	8
NS21232M	1	1	-9	-9	-1	55	1
NS21232M	2	2	-9	-9	-1	45	1
NS21232M	3	1	-9	-9	-1	27	8
NS21232M	4	1	-9	-9	-1	22	8
NS21232M	5	2	-9	-9	-1	-8	16
NS21232M	6	2	-9	-9	-1	13	8
NS21232M	7	2	-9	-9	-1	2	23
NS21235Q	1	1	2	1958	58	-1	1
NS21235Q	2	2	8	1963	52	-1	1
NS21235Q	3	1	10	1980	35	-1	8
NS21235Q	4	1	7	1983	32	-1	8
NS21235Q	5	2	1	1987	29	-1	8
NS21235Q	6	2	8	1998	17	-1	8
NS21241F	1	1	2	1952	64	-1	1
NS21241F	2	2	-9	-9	-1	-8	4
NS21241F	3	1	2	1988	28	-1	8
NS21241F	4	1	8	1992	23	-1	8
NS21272Q	1	1	-9	-9	-1	44	19
NS21274S	1	2	7	1970	45	-1	1
NS21274S	2	1	4	1970	45	-1	4
NS21274S	3	2	6	2001	14	-1	11
NS21274S	4	2	11	2002	13	-1	11
NS21280H	1	1	12	1964	51	-1	1
NS21280H	2	2	5	1967	49	-1	1
NS21280H	3	1	12	1986	29	-1	8
NS21280H	4	2	12	1985	30	-1	13
NS21291D	1	2	-9	-9	-1	-8	14
NS21291D	2	2	11	1971	44	-1	1
NS21293F	1	2	-9	-9	-1	32	17
NS21293F	2	2	-9	-9	-1	25	17
NS21295H	1	1	5	1949	67	-1	1
NS21295H	2	2	12	1951	64	-1	1
NS21297K	1	2	12	1964	51	-1	1
NS21297K	2	1	7	1955	60	-1	1
NS21297K	3	2	6	1992	23	-1	8
NS21297K	4	1	7	1997	18	-1	8
NS21300D	1	1	4	1950	65	-1	1
NS21300D	2	2	9	1960	55	-1	1
NS21301E	1	2	12	1994	20	-1	13
NS21304H	1	2	-9	-9	-1	-8	14
NS21304H	2	2	-9	-9	-1	22	8
NS21305J	1	1	-9	-9	-1	53	1
NS21305J	2	2	-9	-9	-1	46	1
NS21306K	1	1	-9	-9	-1	-9	1
NS21306K	2	2	12	1971	44	-1	1
NS21306K	3	-9	-9	-9	-1	-9	1
NS21306K	4	1	-9	-9	-1	-9	-9
NS21306K	5	1	-9	-9	-1	-9	23
NS21306K	6	-9	-9	-9	-1	-9	23
NS21312A	1	1	7	1948	67	-1	1
NS21312A	2	2	10	1964	51	-1	1
NS21314C	1	2	2	1960	55	-1	1
NS21314C	2	1	2	1960	55	-1	1
NS21315D	1	2	-9	-9	-1	-8	1
NS21315D	2	1	-9	-9	-1	59	1
NS21316E	1	1	11	1940	75	-1	1
NS21316E	2	1	8	1982	33	-1	8
NS21322V	1	1	-9	-9	-1	23	17
NS21322V	2	1	-9	-9	-1	24	17
NS21322V	3	1	-9	-9	-1	25	17
NS21322V	4	2	-9	-9	-1	37	17
NS21322V	5	2	-9	-9	-1	30	17
NS21329C	1	2	4	1965	50	-1	1
NS21329C	2	1	-9	-9	-1	56	1
NS21329C	3	1	8	1998	17	-1	8
NS21329C	4	1	10	2012	3	-1	15
NS21329C	5	1	8	2012	3	-1	15
NS21331N	1	1	-9	-9	-1	29	17
NS21331N	2	1	-9	-9	-1	25	17
NS21331N	3	2	-9	-9	-1	32	17
NS21331N	4	2	-9	-9	-1	-8	17
NS21331N	5	2	-9	-9	-1	22	17
NS21331N	6	2	-9	-9	-1	24	17
NS21332P	1	1	12	1966	49	-1	1
NS21332P	2	2	12	1968	47	-1	1
NS21332P	3	1	9	1994	21	-1	8
NS21347P	1	2	10	1961	54	-1	1
NS21347P	2	1	1	1959	56	-1	1
NS21348Q	1	2	-9	-9	-1	-9	1
NS21348Q	2	1	-9	-9	-1	-9	8
NS21350B	1	1	3	1954	61	-1	1
NS21350B	2	2	2	1959	56	-1	1
NS21358K	1	2	2	1964	51	-1	1
NS21358K	2	1	8	1962	53	-1	1
NS21365B	1	2	10	1960	55	-1	1
NS21365B	2	2	10	1997	18	-1	8
NS21365B	3	2	7	1991	24	-1	8
NS21365B	4	2	1	1993	23	-1	8
NS21365B	5	2	3	1994	21	-1	8
NS21365B	6	2	1	1996	20	-1	8
NS21368E	1	1	11	1982	33	-1	23
NS21369F	1	2	10	1956	58	-1	1
NS21369F	2	1	2	1958	57	-1	1
NS21369F	3	1	6	1994	21	-1	8
NS21379A	1	2	7	1961	54	-1	1
NS21379A	2	2	9	1991	24	-1	8
NS21379A	3	2	10	2001	14	-1	9
NS21380K	1	2	12	1964	51	-1	1
NS21380K	2	1	5	1950	65	-1	1
NS21384P	1	2	8	1961	54	-1	1
NS21384P	2	1	-9	-9	-1	19	19
NS21384P	3	1	-9	-9	-1	18	19
NS21384P	4	1	-9	-9	-1	18	19
NS21385Q	1	1	-9	-9	-1	80	1
NS21385Q	2	2	-9	-9	-1	-8	1
NS21385Q	3	1	-9	-9	-1	34	8
NS21385Q	4	1	-9	-9	-1	32	8
NS21385Q	5	2	-9	-9	-1	15	15
NS21385Q	6	2	-9	-9	-1	40	8
NS21391F	1	1	10	1982	33	-1	8
NS21391F	2	2	11	1960	55	-1	1
NS21394J	1	2	4	1959	56	-1	1
NS21396L	1	1	3	1958	57	-1	1
NS21396L	2	2	7	1964	51	-1	1
NS21396L	3	1	11	1992	23	-1	8
NS21396L	4	2	12	1999	15	-1	8
NS21397M	1	1	8	1953	62	-1	1
NS21400F	1	1	9	1952	63	-1	1
NS21400F	2	2	7	1954	61	-1	1
NS21406M	1	2	12	1960	54	-1	1
NS21406M	2	1	3	1954	61	-1	1
NS21406M	3	1	4	1994	21	-1	8
NS21406M	4	2	2	1997	18	-1	8
NS21406M	5	1	9	2000	15	-1	8
NS21411B	1	1	11	1940	75	-1	1
NS21411B	2	2	9	1953	62	-1	1
NS21411B	3	2	9	1986	29	-1	13
NS21411B	4	1	2	1981	35	-1	8
NS21411B	5	1	4	2010	6	-1	23
NS21411B	6	2	12	2012	3	-1	23
NS21414E	1	2	3	1948	67	-1	1
NS21414E	2	2	-9	-9	-1	30	8
NS21414E	3	1	-9	-9	-1	5	23
NS21414E	4	2	-9	-9	-1	1	23
NS21416G	1	1	-9	-9	-1	58	5
NS21416G	2	2	-9	-9	-1	58	5
NS21422X	1	2	-9	-9	-1	71	14
NS21422X	2	1	-9	-9	-1	72	14
NS21424Z	1	2	-9	-9	-1	50	1
NS21424Z	2	1	11	1992	23	-1	8
NS21424Z	3	2	6	1997	18	-1	8
NS21440J	1	1	-9	-9	-1	-9	1
NS21440J	2	2	-9	-9	-1	-9	1
NS21440J	3	1	-9	-9	-1	-9	8
NS21440J	4	2	-9	-9	-1	-9	13
NS21443M	1	1	5	1990	25	-1	8
NS21443M	2	2	-9	-9	-1	-9	1
NS21446Q	1	2	11	1961	54	-1	1
NS21446Q	2	1	2	1956	59	-1	4
NS21446Q	3	2	2	1988	27	-1	8
NS21454H	1	2	11	2007	7	-1	6
NS21454H	2	2	11	2009	5	-1	6
NS21461Z	1	1	-9	-9	-1	54	1
NS21461Z	2	2	-9	-9	-1	55	1
NS21461Z	3	1	2	1994	22	-1	8
NS21471T	1	1	-9	-9	-1	-8	1
NS21476Z	1	2	11	1965	49	-1	1
NS21476Z	2	1	10	1969	46	-1	1
NS21476Z	3	2	2	1997	18	-1	8
NS21476Z	4	2	2	1997	18	-1	8
NS21476Z	5	2	9	1994	21	-1	8
NS21476Z	6	1	8	2015	0	-1	15
NS21477A	1	2	-9	-9	-1	23	23
NS21483Q	1	1	-9	-9	-1	25	17
NS21483Q	2	1	-9	-9	-1	25	17
NS21485S	1	2	-9	-9	-1	-9	1
NS21485S	2	1	-9	-9	-1	-9	1
NS21485S	3	1	-9	-9	-1	-9	8
NS21485S	4	1	-9	-9	-1	-9	8
NS21492J	1	1	-9	-9	-1	-8	1
NS21494L	1	1	5	1964	51	-1	1
NS21495M	1	1	-9	-9	-1	-8	19
NS21495M	2	1	-9	-9	-1	-8	19
NS21495M	3	2	10	1973	42	-1	1
NS21495M	4	2	4	1947	69	-1	14
NS21496N	1	2	1	1959	57	-1	1
NS21496N	2	2	7	1985	30	-1	8
NS21501J	1	2	4	1960	56	-1	1
NS21501J	2	1	9	1958	57	-1	1
NS21506P	1	1	-9	-9	-1	55	1
NS21506P	2	2	-9	-9	-1	48	1
NS21506P	3	1	-9	-9	-1	25	8
NS21506P	4	1	-9	-9	-1	19	8
NS21506P	5	1	-9	-9	-1	16	8
NS21506P	6	2	-9	-9	-1	6	8
NS21512E	1	2	2	1955	60	-1	1
NS21512E	2	1	3	1942	73	-1	1
NS21512E	3	1	8	1986	29	-1	8
NS21513F	1	1	-9	-9	-1	-9	1
NS21513F	2	2	-9	-9	-1	-9	1
NS21513F	3	1	-9	-9	-1	-9	8
NS21513F	4	1	-9	-9	-1	-9	8
NS21513F	5	1	-9	-9	-1	-9	8
NS21514G	1	2	8	1951	64	-1	1
NS21514G	2	1	6	1955	60	-1	1
NS21515H	1	2	12	1954	61	-1	1
NS21515H	2	1	-9	-9	-1	65	1
NS21519M	1	1	-9	-9	-1	64	1
NS21519M	2	2	-9	-9	-1	59	1
NS21519M	3	1	-9	-9	-1	24	8
NS21519M	4	2	-9	-9	-1	19	8
NS21521Y	1	2	2	1967	48	-1	1
NS21521Y	2	1	12	1945	70	-1	1
NS21523A	1	2	8	1963	52	-1	1
NS21528F	1	1	-9	-9	-1	-8	23
NS21528F	2	2	3	1952	63	-1	23
NS21528F	3	2	1	1990	26	-1	23
NS21533V	1	1	4	1956	59	-1	1
NS21533V	2	2	10	1958	57	-1	1
NS21533V	3	2	8	1993	22	-1	8
NS21533V	4	2	3	1927	88	-1	14
NS21555L	1	1	5	1958	58	-1	1
NS21555L	2	2	11	1962	53	-1	1
NS21555L	3	1	4	1988	28	-1	8
NS21558P	1	2	-9	-9	-1	59	1
NS21558P	2	1	-9	-9	-1	64	1
NS21560A	1	2	1	1992	24	-1	8
NS21566G	1	2	-9	-9	-1	-8	1
NS21566G	2	1	5	1956	59	-1	1
NS21566G	3	2	7	1992	23	-1	8
NS21566G	4	1	7	1997	18	-1	8
NS21572X	1	2	6	1959	56	-1	1
NS21572X	2	1	4	1956	59	-1	1
NS21572X	3	2	9	1992	23	-1	8
NS21573Y	1	1	9	1957	58	-1	1
NS21573Y	2	2	6	1964	51	-1	1
NS21573Y	3	1	6	1987	28	-1	8
NS21573Y	4	2	7	1994	21	-1	8
NS21574Z	1	1	9	1955	60	-1	1
NS21577C	1	2	4	1938	77	-1	8
NS21577C	2	1	-9	-9	-1	-8	8
NS21577C	3	1	-9	-9	-1	-8	8
NS21577C	4	2	12	1988	26	-1	15
NS21577C	5	1	3	2003	12	-1	15
NS21577C	6	1	6	2006	9	-1	15
NS21577C	7	2	6	2007	8	-1	15
NS21577C	8	2	6	2007	8	-1	16
NS21579E	1	2	3	1990	25	-1	17
NS21579E	2	2	10	1989	26	-1	17
NS21585V	1	1	-9	-9	-1	53	1
NS21585V	2	2	-9	-9	-1	45	1
NS21585V	3	1	-9	-9	-1	23	8
NS21585V	4	2	-9	-9	-1	22	8
NS21585V	5	1	-9	-9	-1	21	8
NS21585V	6	1	-9	-9	-1	18	8
NS21585V	7	2	-9	-9	-1	16	8
NS21599T	1	1	4	1954	61	-1	1
NS21606R	1	2	6	1993	23	-1	8
NS21613H	1	1	-9	-9	-1	55	1
NS21613H	2	2	-9	-9	-1	50	1
NS21615K	1	1	8	1999	16	-1	8
NS21626F	1	1	5	1987	28	-1	8
NS21626F	2	1	4	1957	58	-1	1
NS21627G	1	2	-9	-9	-1	20	8
NS21629J	1	2	6	1967	48	-1	1
NS21631V	1	2	4	1961	54	-1	1
NS21631V	2	1	10	1953	62	-1	4
NS21633X	1	2	-9	-9	-1	27	17
NS21633X	2	1	-9	-9	-1	-8	17
NS21633X	3	1	-9	-9	-1	-8	17
NS21635Z	1	1	-9	-9	-1	57	1
NS21635Z	2	2	-9	-9	-1	57	1
NS21636A	1	1	-9	-9	-1	61	1
NS21636A	2	2	-9	-9	-1	60	1
NS21638C	1	2	-9	-9	-1	-9	1
NS21638C	2	1	-9	-9	-1	-9	1
NS21640N	1	2	8	1964	51	-1	1
NS21640N	2	1	1	1957	58	-1	1
NS21640N	3	1	7	1993	22	-1	8
NS21640N	4	1	12	1994	21	-1	8
NS21640N	5	2	3	2000	15	-1	8
NS21642Q	1	2	5	1962	53	-1	1
NS21642Q	2	1	3	2002	13	-1	8
NS21648X	1	2	10	1967	48	-1	1
NS21657Q	1	1	11	2011	4	-1	6
NS21668L	1	1	-9	-9	-1	30	17
NS21668L	2	1	-9	-9	-1	21	17
NS21678F	1	2	7	1962	53	-1	1
NS21678F	2	2	10	1988	27	-1	8
NS21678F	3	2	1	1988	28	-1	15
NS21681S	1	1	5	1944	72	-1	1
NS21681S	2	2	7	1942	73	-1	1
NS21681S	3	2	7	1996	19	-1	8
NS21681S	4	2	-9	-9	-1	17	8
NS21681S	5	2	-9	-9	-1	8	8
NS21681S	6	1	1	2003	13	-1	8
NS21683V	1	2	1	1960	55	-1	1
NS21683V	2	1	8	1958	57	-1	1
NS21683V	3	1	5	1991	24	-1	8
NS21684W	1	2	-9	-9	-1	55	1
NS21689B	1	1	1	1965	50	-1	1
NS21689B	2	2	1	1965	50	-1	1
NS21689B	3	2	3	1997	18	-1	8
NS21690L	1	2	4	1964	51	-1	1
NS21695R	1	2	5	1962	54	-1	1
NS21695R	2	1	-9	-9	-1	-8	4
NS21705S	1	2	-9	-9	-1	51	1
NS21705S	2	1	4	1964	51	-1	1
NS21705S	3	2	8	1993	22	-1	8
NS21707V	1	1	4	1990	25	-1	23
NS21709X	1	1	-9	-9	-1	55	1
NS21709X	2	2	-9	-9	-1	53	1
NS21709X	3	1	9	1998	17	-1	8
NS21709X	4	1	6	2000	15	-1	8
NS21712J	1	1	11	1997	18	-1	8
NS21712J	2	1	3	1991	24	-1	8
NS21712J	3	2	10	1987	28	-1	8
NS21712J	4	2	-9	-9	-1	55	1
NS21712J	5	1	-9	-9	-1	63	1
NS21716N	1	2	12	1962	52	-1	1
NS21716N	2	1	-9	-9	-1	29	11
NS21716N	3	1	7	1953	62	-1	4
NS21718Q	1	2	7	1961	54	-1	1
NS21718Q	2	1	1	1961	55	-1	1
NS21719R	1	1	3	1948	68	-1	1
NS21725G	1	2	10	1966	49	-1	1
NS21725G	2	2	12	1986	29	-1	8
NS21725G	3	2	-9	-9	-1	8	23
NS21725G	4	2	-9	-9	-1	3	23
NS21725G	5	2	-9	-9	-1	2	15
NS21727J	1	2	-9	-9	-1	59	1
NS21727J	2	1	-9	-9	-1	60	1
NS21729L	1	1	5	1950	66	-1	1
NS21729L	2	2	6	1957	58	-1	1
NS21729L	3	2	8	1992	23	-1	8
NS21730W	1	2	-9	-9	-1	27	13
NS21730W	2	1	-9	-9	-1	7	23
NS21735B	1	2	-9	-9	-1	-8	1
NS21735B	2	1	-9	-9	-1	-8	1
NS21739F	1	1	2	1963	52	-1	1
NS21739F	2	2	3	1964	51	-1	1
NS21739F	3	1	9	1997	18	-1	8
NS21746X	1	1	11	1950	64	-1	1
NS21746X	2	1	5	1991	24	-1	8
NS21754P	1	1	7	1963	52	-1	1
NS21754P	2	2	3	1964	51	-1	1
NS21754P	3	2	8	1994	21	-1	8
NS21760E	1	2	11	1961	54	-1	1
NS21760E	2	1	3	1957	58	-1	1
NS21760E	3	2	6	1992	23	-1	8
NS21765K	1	2	10	1955	59	-1	1
NS21765K	2	1	4	1953	62	-1	1
NS21770Z	1	1	11	1965	50	-1	1
NS21770Z	2	1	3	1992	23	-1	8
NS21770Z	3	2	8	1995	20	-1	8
NS21774D	1	1	-9	-9	-1	52	1
NS21774D	2	1	3	2000	15	-1	8
NS21774D	3	1	5	1993	22	-1	8
NS21775E	1	1	8	1940	75	-1	1
NS21775E	2	2	-9	-9	-1	-8	1
NS21775E	3	2	2	1983	32	-1	8
NS21786A	1	2	8	1957	58	-1	1
NS21786A	2	1	8	1956	59	-1	1
NS21791P	1	2	-9	-9	-1	50	1
NS21791P	2	1	12	1959	56	-1	4
NS21791P	3	2	9	1997	18	-1	8
NS21793R	1	1	6	1991	24	-1	23
NS21798X	1	2	-9	-9	-1	50	1
NS21798X	2	1	-9	-9	-1	60	1
NS21798X	3	1	8	1992	23	-1	8
NS21799Y	1	1	3	1967	48	-1	1
NS21799Y	2	2	2	1970	45	-1	1
NS21799Y	3	2	-9	-9	-1	70	14
NS21799Y	4	1	6	1995	20	-1	8
NS21799Y	5	2	8	1998	17	-1	8
NS21799Y	6	1	4	2004	11	-1	8
NS21803S	1	1	12	1957	58	-1	1
NS21803S	2	1	4	1998	18	-1	8
NS21803S	3	2	8	1963	52	-1	1
NS21806W	1	2	-9	-9	-1	52	1
NS21806W	2	1	-9	-9	-1	-8	4
NS21806W	3	2	-9	-9	-1	24	8
NS21806W	4	1	-9	-9	-1	22	13
NS21809Z	1	1	-9	-9	-1	-9	1
NS21809Z	2	2	-9	-9	-1	-9	1
NS21809Z	3	2	-9	-9	-1	-9	8
NS21809Z	4	2	-9	-9	-1	-9	8
NS21809Z	5	1	-9	-9	-1	-9	8
NS21809Z	6	1	-9	-9	-1	-9	15
NS21814N	1	2	8	1966	49	-1	1
NS21817R	1	1	9	1990	25	-1	17
NS21817R	2	2	10	1986	29	-1	17
NS21817R	3	2	4	1992	23	-1	17
NS21829N	1	2	12	1971	44	-1	1
NS21829N	2	1	2	1972	44	-1	7
NS21832A	1	2	12	1951	63	-1	1
NS21832A	2	1	3	1987	28	-1	8
NS21837F	1	2	6	1962	54	-1	1
NS21842V	1	2	9	1961	54	-1	1
NS21845Y	1	2	4	2009	6	-1	6
NS21848B	1	2	-9	-9	-1	26	17
NS21866N	1	1	12	1960	55	-1	1
NS21866N	2	2	10	1963	52	-1	1
NS21873E	1	1	12	1989	25	-1	8
NS21876H	1	2	8	1942	73	-1	1
NS21883Z	1	1	4	1963	52	-1	1
NS21883Z	2	2	5	1968	47	-1	1
NS21884A	1	1	6	1993	22	-1	8
NS21884A	2	2	-9	-9	-1	-9	1
NS21884A	3	1	-9	-9	-1	-9	1
NS21891R	1	2	3	1964	52	-1	1
NS21891R	2	1	-9	-9	-1	55	1
NS21891R	3	1	5	1991	25	-1	8
NS21898Z	1	-9	-9	-9	-1	-9	-9
NS21898Z	2	-9	-9	-9	-1	-9	-9
NS21898Z	3	-9	-9	-9	-1	-9	-9
NS21898Z	4	-9	-9	-9	-1	-9	-9
NS21898Z	5	-9	-9	-9	-1	-9	-9
NS21898Z	6	-9	-9	-9	-1	-9	-9
NS21898Z	7	-9	-9	-9	-1	-9	-9
NS21910L	1	1	7	1982	34	-1	8
NS21910L	2	1	-9	-9	-1	22	17
NS21920F	1	1	10	1957	58	-1	1
NS21920F	2	2	2	1964	51	-1	1
NS21920F	3	1	1	1989	26	-1	8
NS21927N	1	2	11	1954	61	-1	1
NS21927N	2	1	5	1952	63	-1	1
NS21927N	3	1	12	1987	28	-1	8
NS21927N	4	2	-9	-9	-1	26	17
NS21937H	1	1	1	1960	55	-1	1
NS21937H	2	2	7	1965	50	-1	1
NS21937H	3	2	4	1991	24	-1	8
NS21939K	1	2	4	1963	52	-1	1
NS21943Y	1	2	7	1960	55	-1	1
NS21943Y	2	1	5	1953	62	-1	1
NS21952R	1	1	-9	-9	-1	24	23
NS21952R	2	2	-9	-9	-1	47	17
NS21952R	3	2	-9	-9	-1	16	17
NS21955V	1	1	7	1988	28	-1	8
NS21957X	1	2	1	1963	52	-1	1
NS21957X	2	1	9	1961	54	-1	1
NS21959Z	1	2	8	1987	28	-1	8
NS21959Z	2	1	12	1997	17	-1	8
NS21959Z	3	2	3	1964	51	-1	1
NS21959Z	4	1	3	1954	61	-1	1
NS21964N	1	1	-9	-9	-1	-8	4
NS21964N	2	2	-9	-9	-1	-8	1
NS21964N	3	2	-9	-9	-1	22	8
NS21964N	4	1	-9	-9	-1	21	8
NS21972F	1	2	-9	-9	-1	51	1
NS21972F	2	1	11	1963	51	-1	1
NS21973G	1	1	8	1955	60	-1	1
NS21973G	2	2	1	1956	60	-1	1
NS21983B	1	1	7	1964	51	-1	1
NS21983B	2	2	6	1964	51	-1	1
NS21986E	1	2	-9	-9	-1	-9	1
NS21986E	2	1	-9	-9	-1	-9	8
NS21993W	1	1	-9	-9	-1	26	17
NS21993W	2	2	-9	-9	-1	25	17
NS21993W	3	2	-9	-9	-1	27	17
NS21994X	1	2	11	1962	53	-1	1
NS21999C	1	1	4	1954	61	-1	1
NS21999C	2	2	5	1960	55	-1	1
NS21999C	3	2	7	1988	27	-1	8
NS21999C	4	2	6	2001	14	-1	8
NS22000S	1	1	6	1962	53	-1	1
NS22000S	2	2	12	1968	46	-1	1
NS22000S	3	2	3	1996	19	-1	8
NS22000S	4	1	11	2001	13	-1	8
NS22001T	1	2	2	1958	57	-1	1
NS22005Y	1	2	8	1953	63	-1	1
NS22012P	1	2	-9	-9	-1	29	19
NS22014R	1	1	12	1962	52	-1	1
NS22014R	2	2	9	1965	49	-1	1
NS22014R	3	1	8	2003	12	-1	8
NS22020G	1	2	-9	-9	-1	64	1
NS22020G	2	1	-9	-9	-1	60	1
NS22020G	3	1	-9	-9	-1	44	8
NS22031C	1	2	-9	-9	-1	-9	1
NS22031C	2	1	-9	-9	-1	-9	1
NS22034F	1	1	12	1992	22	-1	8
NS22034F	2	1	-9	-9	-1	-8	1
NS22034F	3	2	-9	-9	-1	-8	1
NS22034F	4	2	-9	-9	-1	-9	14
NS22036H	1	2	10	1964	51	-1	1
NS22036H	2	1	4	1961	54	-1	1
NS22039L	1	1	1	1962	53	-1	1
NS22039L	2	2	5	1964	51	-1	1
NS22039L	3	1	4	1993	22	-1	8
NS22042Y	1	2	6	1987	28	-1	8
NS22042Y	2	2	5	1988	27	-1	8
NS22042Y	3	1	6	1997	18	-1	8
NS22042Y	4	2	6	1965	50	-1	1
NS22048E	1	2	4	1954	61	-1	1
NS22048E	2	1	6	1995	20	-1	8
NS22055W	1	2	-9	-9	-1	33	8
NS22055W	2	1	-9	-9	-1	23	8
NS22064P	1	1	-9	-9	-1	48	1
NS22064P	2	2	-9	-9	-1	44	1
NS22064P	3	2	-9	-9	-1	14	8
NS22064P	4	2	-9	-9	-1	12	8
NS22068T	1	1	-9	-9	-1	48	1
NS22068T	2	2	-9	-9	-1	50	1
NS22069V	1	1	10	1985	30	-1	8
NS22069V	2	1	-9	-9	-1	57	1
NS22069V	3	2	-9	-9	-1	58	1
NS22079P	1	2	3	1960	55	-1	1
NS22079P	2	1	7	1954	61	-1	1
NS22082B	1	2	11	1957	58	-1	1
NS22083C	1	2	2	1960	56	-1	1
NS22083C	2	1	-9	-9	-1	50	1
NS22083C	3	2	7	1992	23	-1	8
NS22083C	4	1	3	1996	19	-1	8
NS22087G	1	2	-9	-9	-1	-9	1
NS22087G	2	1	-9	-9	-1	-9	1
NS22087G	3	2	8	1996	19	-1	8
NS22087G	4	-1	-1	-1	-1	-1	-1
NS22090T	1	2	-9	-9	-1	-9	-9
NS22090T	2	1	-9	-9	-1	-9	-9
NS22090T	3	1	-9	-9	-1	-9	-9
NS22092W	1	1	4	1959	57	-1	1
NS22092W	2	1	4	1994	21	-1	8
NS22093X	1	1	1	1998	18	-1	17
NS22093X	2	1	2	1989	27	-1	17
NS22103Y	1	1	9	2001	14	-1	8
NS22103Y	2	1	9	2003	12	-1	15
NS22103Y	3	1	4	2007	9	-1	9
NS22106B	1	2	-9	-9	-1	-9	1
NS22106B	2	1	-9	-9	-1	-9	8
NS22119Z	1	2	9	1993	22	-1	23
NS22125P	1	1	5	1961	54	-1	1
NS22125P	2	2	-9	-9	-1	-8	1
NS22125P	3	1	10	1987	28	-1	8
NS22125P	4	2	-9	-9	-1	24	13
NS22128S	1	1	5	1953	62	-1	1
NS22130D	1	2	-9	-9	-1	-9	1
NS22133G	1	1	12	1961	53	-1	1
NS22133G	2	2	11	1965	50	-1	1
NS22133G	3	1	4	1989	26	-1	8
NS22133G	4	1	7	1998	17	-1	8
NS22134H	1	1	2	2001	15	-1	8
NS22134H	2	2	12	1960	55	-1	1
NS22134H	3	1	2	1960	56	-1	1
NS22139N	1	2	7	1962	53	-1	1
NS22142A	1	2	9	1960	55	-1	1
NS22142A	2	1	6	1958	57	-1	1
NS22145D	1	1	-9	-9	-1	25	19
NS22155Y	1	1	4	1956	59	-1	1
NS22174L	1	2	6	1962	53	-1	1
NS22183E	1	1	5	1985	30	-1	17
NS22195B	1	2	4	1960	55	-1	1
NS22195B	2	1	2	1949	66	-1	1
NS22197D	1	2	7	1957	58	-1	1
NS22197D	2	1	4	1949	66	-1	1
NS22207E	1	2	-9	-9	-1	71	1
NS22207E	2	1	-9	-9	-1	72	1
NS22207E	3	2	12	1979	36	-1	13
NS22207E	4	1	9	1973	42	-1	8
NS22207E	5	1	12	2012	3	-1	15
NS22207E	6	2	12	2015	0	-1	15
NS22211S	1	1	11	1947	68	-1	1
NS22213V	1	2	-9	-9	-1	-9	1
NS22213V	2	1	-9	-9	-1	-9	1
NS22221M	1	2	-9	-9	-1	-9	1
NS22221M	2	1	-9	-9	-1	-9	1
NS22221M	3	1	-9	-9	-1	-9	8
NS22222N	1	2	1	1988	28	-1	23
NS22222N	2	2	12	1989	26	-1	23
NS22222N	3	1	12	2009	6	-1	23
NS22222N	4	1	12	2009	6	-1	23
NS22222N	5	1	4	2015	0	-1	23
NS22225R	1	2	6	1959	56	-1	1
NS22225R	2	1	9	2008	7	-1	6
NS22225R	3	1	11	1979	36	-1	8
NS22225R	4	1	9	2012	3	-1	15
NS22225R	5	1	9	2012	3	-1	15
NS22233J	1	1	3	1990	25	-1	17
NS22235L	1	1	-9	-9	-1	68	1
NS22235L	2	2	-9	-9	-1	66	1
NS22237N	1	1	7	1963	52	-1	1
NS22237N	2	2	8	1967	48	-1	1
NS22237N	3	1	8	1996	19	-1	8
NS22237N	4	1	8	1996	19	-1	8
NS22237N	5	1	7	2002	13	-1	8
NS22244E	1	2	11	1987	28	-1	17
NS22245F	1	1	2	1984	32	-1	8
NS22245F	2	2	-9	-9	-1	-8	13
NS22248J	1	1	12	1991	24	-1	8
NS22248J	2	1	-9	-9	-1	53	1
NS22248J	3	2	-9	-9	-1	51	1
NS22252X	1	1	-9	-9	-1	-9	1
NS22252X	2	2	-9	-9	-1	-9	1
NS22252X	3	1	-9	-9	-1	30	8
NS22252X	4	1	-9	-9	-1	14	8
NS22252X	5	2	-9	-9	-1	24	13
NS22252X	6	2	-9	-9	-1	1	15
NS22253Y	1	1	8	1953	62	-1	1
NS22253Y	2	2	5	1959	56	-1	1
NS22253Y	3	2	8	1995	20	-1	8
NS22254Z	1	1	5	1966	49	-1	1
NS22254Z	2	2	9	1949	66	-1	1
NS22255A	1	1	7	1990	25	-1	8
NS22258D	1	2	-9	-9	-1	56	1
NS22258D	2	1	-9	-9	-1	63	1
NS22258D	3	2	-9	-9	-1	28	8
NS22259E	1	1	4	1954	61	-1	1
NS22259E	2	2	3	1957	58	-1	1
NS22259E	3	2	9	1994	21	-1	8
NS22274N	1	1	11	1952	62	-1	1
NS22274N	2	2	5	1954	61	-1	1
NS22274N	3	2	6	1994	21	-1	8
NS22276Q	1	2	1	1967	49	-1	1
NS22276Q	2	1	11	1968	47	-1	1
NS22282F	1	1	7	1965	50	-1	1
NS22282F	2	2	5	1965	50	-1	1
NS22282F	3	2	3	1992	23	-1	8
NS22282F	4	2	3	1994	21	-1	8
NS22282F	5	1	4	1998	17	-1	8
NS22287L	1	1	9	1991	24	-1	8
NS22287L	2	1	5	1993	22	-1	8
NS22287L	3	2	10	1957	58	-1	1
NS22293B	1	1	7	1969	46	-1	1
NS22293B	2	2	1	1967	49	-1	1
NS22293B	3	1	5	1993	22	-1	8
NS22293B	4	2	7	2002	13	-1	8
NS22296E	1	2	3	1962	54	-1	1
NS22297F	1	2	12	1960	54	-1	1
NS22297F	2	1	-9	-9	-1	67	1
NS22297F	3	2	3	1995	20	-1	8
NS22297F	4	1	9	1993	21	-1	8
NS22304D	1	2	-9	-9	-1	24	8
NS22304D	2	1	-9	-9	-1	-8	1
NS22304D	3	2	-9	-9	-1	24	8
NS22309J	1	1	5	1963	52	-1	1
NS22310T	1	1	7	1996	19	-1	9
NS22310T	2	1	9	1969	46	-1	1
NS22310T	3	2	4	1988	28	-1	4
NS22310T	4	2	11	2014	1	-1	9
NS22310T	5	2	7	2013	2	-1	9
NS22310T	6	1	6	1997	18	-1	9
NS22321P	1	2	-9	-9	-1	-8	5
NS22321P	2	1	-9	-9	-1	-8	5
NS22321P	3	2	8	1988	27	-1	8
NS22321P	4	1	-9	-9	-1	30	13
NS22321P	5	1	-9	-9	-1	26	13
NS22321P	6	2	-9	-9	-1	23	13
NS22323R	1	2	10	1955	60	-1	1
NS22323R	2	1	5	1951	65	-1	1
NS22325T	1	1	4	1954	61	-1	1
NS22325T	2	2	-9	-9	-1	53	1
NS22337Q	1	1	5	1990	25	-1	17
NS22337Q	2	1	7	1991	24	-1	17
NS22337Q	3	1	9	1991	24	-1	17
NS22340C	1	2	7	1960	55	-1	1
NS22340C	2	1	-9	-9	-1	31	8
NS22340C	3	1	-9	-9	-1	28	8
NS22340C	4	2	-9	-9	-1	19	8
NS22341D	1	2	3	1990	25	-1	17
NS22342E	1	2	-9	-9	-1	24	17
NS22342E	2	1	-9	-9	-1	31	17
NS22344G	1	2	7	1959	56	-1	1
NS22344G	2	1	5	1957	58	-1	4
NS22347K	1	1	6	1960	55	-1	1
NS22347K	2	2	4	1968	48	-1	1
NS22347K	3	2	5	1996	19	-1	8
NS22358F	1	1	11	1955	60	-1	1
NS22358F	2	2	12	1954	61	-1	1
NS22358F	3	1	1	1987	29	-1	8
NS22358F	4	1	7	1989	26	-1	8
NS22360R	1	1	-9	-9	-1	57	1
NS22360R	2	2	-9	-9	-1	56	1
NS22365X	1	2	7	1972	43	-1	1
NS22365X	2	2	5	1971	45	-1	15
NS22365X	3	2	7	2013	2	-1	8
NS22365X	4	1	1	2005	11	-1	8
NS22365X	5	2	6	2007	8	-1	8
NS22365X	6	1	5	1993	22	-1	15
NS22369B	1	2	4	1961	54	-1	1
NS22369B	2	1	1	1952	63	-1	4
NS22377T	1	1	-9	-9	-1	54	1
NS22377T	2	2	-9	-9	-1	50	1
NS22377T	3	1	-9	-9	-1	22	8
NS22378V	1	1	-9	-9	-1	44	1
NS22378V	2	2	-9	-9	-1	41	1
NS22378V	3	1	2	1998	17	-1	8
NS22385L	1	2	4	1960	55	-1	1
NS22385L	2	1	6	1995	20	-1	8
NS22390A	1	1	-9	-9	-1	58	1
NS22390A	2	2	-9	-9	-1	47	1
NS22390A	3	1	3	1994	21	-1	8
NS22390A	4	1	5	2002	13	-1	8
NS22396G	1	2	3	1965	50	-1	1
NS22396G	2	1	4	1961	54	-1	1
NS22396G	3	2	1	1987	28	-1	8
NS22396G	4	2	1	1999	16	-1	8
NS22396G	5	2	-9	-9	-1	-8	23
NS22405G	1	2	10	1964	51	-1	1
NS22405G	2	1	3	1968	47	-1	17
NS22406H	1	1	-9	-9	-1	-8	8
NS22406H	2	1	1	1996	20	-1	8
NS22406H	3	2	-9	-9	-1	50	1
NS22407J	1	2	-9	-9	-1	-9	1
NS22407J	2	1	-9	-9	-1	-9	1
NS22407J	3	1	-9	-9	-1	-9	8
NS22407J	4	1	-9	-9	-1	-9	8
NS22408K	1	2	-9	-9	-1	51	1
NS22408K	2	2	-9	-9	-1	22	8
NS22409L	1	2	2	1992	23	-1	17
NS22409L	2	1	-9	-9	-1	25	17
NS22409L	3	2	-9	-9	-1	24	17
NS22409L	4	1	-9	-9	-1	25	17
NS22409L	5	2	-9	-9	-1	25	17
NS22411X	1	1	-9	-9	-1	60	1
NS22411X	2	2	-9	-9	-1	60	1
NS22411X	3	2	-9	-9	-1	32	8
NS22411X	4	1	-9	-9	-1	3	15
NS22416C	1	2	11	1954	61	-1	1
NS22419F	1	1	-9	-9	-1	26	17
NS22419F	2	1	-9	-9	-1	26	17
NS22421R	1	2	-9	-9	-1	-8	23
NS22421R	2	1	-9	-9	-1	-8	23
NS22423T	1	2	12	1993	22	-1	8
NS22435Q	1	2	-9	-9	-1	-8	1
NS22435Q	2	1	-9	-9	-1	-8	8
NS22441F	1	1	-9	-9	-1	-8	4
NS22441F	2	2	1	1963	53	-1	1
NS22441F	3	1	-9	-9	-1	-8	11
NS22442G	1	1	-9	-9	-1	60	1
NS22442G	2	2	-9	-9	-1	49	1
NS22442G	3	2	-9	-9	-1	29	8
NS22442G	4	1	-9	-9	-1	23	8
NS22448N	1	1	-9	-9	-1	25	17
NS22448N	2	1	-9	-9	-1	25	17
NS22448N	3	1	-9	-9	-1	25	17
NS22450Z	1	2	8	2006	9	-1	22
NS22455E	1	2	-9	-9	-1	26	17
NS22461V	1	1	-9	-9	-1	-9	1
NS22461V	2	2	-9	-9	-1	-9	1
NS22461V	3	2	-9	-9	-1	-9	8
NS22464Y	1	2	11	1959	56	-1	1
NS22464Y	2	1	6	1955	60	-1	1
NS22476V	1	2	5	1964	51	-1	1
NS22476V	2	1	8	1967	48	-1	1
NS22479Y	1	1	7	1965	50	-1	1
NS22479Y	2	2	8	1964	51	-1	1
NS22479Y	3	1	3	1993	22	-1	8
NS22480H	1	2	11	1961	54	-1	1
NS22480H	2	2	1	1993	23	-1	8
NS22482K	1	1	4	1958	58	-1	1
NS22482K	2	2	5	1967	48	-1	1
NS22482K	3	1	10	1987	28	-1	8
NS22482K	4	2	-9	-9	-1	70	14
NS22482K	5	2	-9	-9	-1	20	13
NS22482K	6	1	9	1998	17	-1	8
NS22482K	7	2	4	2003	13	-1	4
NS22482K	8	1	10	2013	2	-1	15
NS22482K	9	2	9	2013	2	-1	15
NS22487Q	1	2	-9	-9	-1	-8	5
NS22487Q	2	1	-9	-9	-1	-8	5
NS22487Q	3	2	-9	-9	-1	-8	23
NS22490C	1	2	2	1942	73	-1	1
NS22490C	2	1	-9	-9	-1	31	8
NS22490C	3	2	-9	-9	-1	-8	13
NS22490C	4	2	-9	-9	-1	12	15
NS22490C	5	1	-9	-9	-1	9	15
NS22490C	6	2	-9	-9	-1	4	15
NS22490C	7	2	-9	-9	-1	2	15
NS22491D	1	1	1	1953	62	-1	1
NS22491D	2	2	8	1963	52	-1	1
NS22491D	3	2	1	1985	30	-1	8
NS22491D	4	1	10	1987	27	-1	8
NS22491D	5	2	8	1995	20	-1	8
NS22491D	6	1	-9	-9	-1	31	13
NS22491D	7	1	5	2015	0	-1	15
NS22502F	1	1	8	1991	24	-1	17
NS22502F	2	2	-9	-9	-1	24	17
NS22504H	1	1	2	1958	57	-1	1
NS22504H	2	2	9	1966	49	-1	1
NS22504H	3	2	1	1929	86	-1	14
NS22504H	4	2	4	1992	23	-1	8
NS22506K	1	2	2	1990	25	-1	17
NS22509N	1	2	2	1966	50	-1	1
NS22509N	2	1	12	1987	28	-1	8
NS22509N	3	2	2	1998	18	-1	8
NS22511Z	1	1	-9	-9	-1	-8	19
NS22512A	1	2	9	1963	52	-1	1
NS22518G	1	1	8	2007	8	-1	6
NS22518G	2	2	12	2009	6	-1	6
NS22518G	3	1	2	2013	3	-1	6
NS22519H	1	1	6	1946	69	-1	1
NS22519H	2	2	10	1955	60	-1	1
NS22533Q	1	2	6	1968	47	-1	1
NS22533Q	2	1	-9	-9	-1	-8	23
NS22540G	1	1	8	1961	54	-1	1
NS22540G	2	2	10	1964	51	-1	1
NS22545M	1	2	12	1953	62	-1	1
NS22547P	1	1	6	1990	26	-1	17
NS22547P	2	1	6	1988	28	-1	17
NS22547P	3	1	6	1992	24	-1	17
NS22548Q	1	1	9	1957	58	-1	1
NS22548Q	2	2	5	1955	60	-1	1
NS22550B	1	2	7	1991	24	-1	17
NS22550B	2	2	6	1990	25	-1	17
NS22550B	3	1	2	1983	32	-1	17
NS22550B	4	1	11	1990	25	-1	17
NS22550B	5	1	8	1989	26	-1	17
NS22554F	1	1	8	1961	54	-1	1
NS22554F	2	2	12	1964	51	-1	1
NS22554F	3	1	12	1999	16	-1	8
NS22559L	1	1	7	1958	57	-1	1
NS22559L	2	2	9	1954	61	-1	1
NS22559L	3	2	1	1987	29	-1	8
NS22559L	4	1	1	1994	22	-1	8
NS22559L	5	1	1	1994	22	-1	8
NS22560W	1	1	-9	-9	-1	-9	8
NS22560W	2	1	-9	-9	-1	-9	8
NS22560W	3	2	-9	-9	-1	-9	1
NS22560W	4	1	-9	-9	-1	-9	1
NS22561X	1	2	1	1956	60	-1	1
NS22561X	2	1	8	1954	61	-1	1
NS22561X	3	1	8	1990	25	-1	8
NS22564A	1	2	7	1972	43	-1	1
NS22564A	2	1	7	1952	63	-1	1
NS22564A	3	1	5	1991	24	-1	8
NS22564A	4	1	2	1984	31	-1	8
NS22566C	1	1	-9	-9	-1	63	1
NS22566C	2	2	-9	-9	-1	50	1
NS22566C	3	2	9	1991	24	-1	8
NS22566C	4	2	4	1987	28	-1	8
NS22566C	5	2	-9	-9	-1	73	14
NS22568E	1	2	11	1969	46	-1	1
NS22568E	2	2	9	1997	18	-1	8
NS22574V	1	1	-9	-9	-1	-9	23
NS22574V	2	1	-9	-9	-1	-8	23
NS22574V	3	1	-9	-9	-1	-8	23
NS22575W	1	1	-9	-9	-1	55	18
NS22575W	2	2	-9	-9	-1	50	18
NS22575W	3	1	-9	-9	-1	28	18
NS22581L	1	2	6	1959	56	-1	1
NS22581L	2	1	12	1947	68	-1	1
NS22585Q	1	2	10	1950	65	-1	1
NS22587S	1	2	12	1957	57	-1	5
NS22587S	2	1	3	1955	60	-1	5
NS22587S	3	2	12	1995	19	-1	13
NS22594J	1	2	1	1956	59	-1	1
NS22594J	2	1	4	1991	24	-1	8
NS22594J	3	1	1	1993	22	-1	8
NS22594J	4	1	5	1992	23	-1	23
NS22597M	1	2	4	2007	9	-1	6
NS22597M	2	2	7	2008	7	-1	6
NS22599P	1	2	1	1960	55	-1	1
NS22599P	2	1	-9	-9	-1	32	9
NS22599P	3	1	4	1996	19	-1	9
NS22610A	1	1	11	1955	60	-1	1
NS22610A	2	2	12	1956	59	-1	1
NS22611B	1	2	5	1993	23	-1	8
NS22611B	2	2	10	1959	56	-1	1
NS22611B	3	1	1	1972	44	-1	8
NS22614E	1	1	3	1987	29	-1	8
NS22615F	1	2	6	1957	58	-1	1
NS22617H	1	2	7	1962	53	-1	1
NS22617H	2	1	3	1962	53	-1	1
NS22619K	1	1	-9	-9	-1	61	1
NS22619K	2	2	-9	-9	-1	58	1
NS22625A	1	1	-9	-9	-1	56	1
NS22625A	2	2	-9	-9	-1	53	1
NS22625A	3	2	-9	-9	-1	28	8
NS22630P	1	2	6	1954	61	-1	1
NS22630P	2	1	12	1950	65	-1	1
NS22630P	3	2	-9	-9	-1	30	19
NS22635V	1	2	-9	-9	-1	-9	1
NS22635V	2	1	-9	-9	-1	-9	8
NS22635V	3	1	-9	-9	-1	-9	8
NS22637X	1	1	7	1943	72	-1	1
NS22637X	2	2	-9	-9	-1	54	1
NS22637X	3	2	10	1993	22	-1	8
NS22637X	4	1	9	1995	20	-1	8
NS22637X	5	2	5	1998	17	-1	8
NS22638Y	1	2	-9	-9	-1	9	15
NS22638Y	2	2	-9	-9	-1	-8	1
NS22638Y	3	1	-9	-9	-1	-8	1
NS22641K	1	1	-9	-9	-1	55	1
NS22641K	2	1	-9	-9	-1	5	8
NS22641K	3	2	-9	-9	-1	23	8
NS22641K	4	2	-9	-9	-1	-9	8
NS22641K	5	2	-9	-9	-1	45	1
NS22643M	1	1	1	1953	62	-1	1
NS22643M	2	2	11	1950	64	-1	1
NS22649T	1	2	4	1970	45	-1	1
NS22649T	2	1	-9	-9	-1	23	8
NS22649T	3	1	7	1999	16	-1	8
NS22654H	1	2	-9	-9	-1	-8	23
NS22654H	2	1	-9	-9	-1	-8	23
NS22654H	3	1	-9	-9	-1	-8	23
NS22664C	1	2	4	1958	57	-1	1
NS22664C	2	1	-9	-9	-1	58	4
NS22672V	1	2	8	1990	25	-1	16
NS22672V	2	1	12	1982	33	-1	13
NS22672V	3	2	9	1985	30	-1	8
NS22672V	4	1	8	1998	17	-1	9
NS22672V	5	1	12	2010	5	-1	15
NS22683Q	1	1	7	1987	28	-1	8
NS22683Q	2	2	12	1963	52	-1	1
NS22683Q	3	2	12	1995	20	-1	9
NS22686T	1	2	8	1956	59	-1	1
NS22686T	2	1	5	1958	57	-1	1
NS22689X	1	1	5	1991	24	-1	8
NS22689X	2	2	-9	-9	-1	47	1
NS22689X	3	1	-9	-9	-1	54	1
NS22691H	1	2	-9	-9	-1	60	1
NS22691H	2	1	-9	-9	-1	60	1
NS22699R	1	2	8	1968	47	-1	1
NS22699R	2	2	7	1996	19	-1	9
NS22699R	3	2	7	2000	15	-1	9
NS22701J	1	1	2	1991	24	-1	17
NS22704M	1	2	-9	-9	-1	-8	17
NS22706P	1	2	8	1960	55	-1	1
NS22706P	2	1	7	1957	58	-1	1
NS22719M	1	2	-9	-9	-1	48	1
NS22719M	2	1	-9	-9	-1	49	4
NS22723A	1	2	1	1964	51	-1	1
NS22723A	2	2	5	1992	23	-1	8
NS22724B	1	1	8	1963	52	-1	1
NS22724B	2	2	9	1958	57	-1	1
NS22724B	3	1	9	1996	19	-1	8
NS22724B	4	2	2	1994	21	-1	8
NS22725C	1	1	11	1955	60	-1	1
NS22728F	1	2	-9	-9	-1	-9	1
NS22728F	2	1	-9	-9	-1	-9	8
NS22731S	1	2	7	1966	49	-1	1
NS22731S	2	1	4	1962	53	-1	1
NS22735X	1	2	-9	-9	-1	-9	1
NS22735X	2	1	-9	-9	-1	-9	1
NS22735X	3	1	-9	-9	-1	-9	8
NS22735X	4	1	-9	-9	-1	-9	8
NS22735X	5	2	-9	-9	-1	-9	13
NS22735X	6	1	-9	-9	-1	-9	8
NS22737Z	1	1	11	1954	61	-1	1
NS22737Z	2	2	9	1954	61	-1	1
NS22737Z	3	1	1	1995	21	-1	8
NS22744Q	1	2	10	1969	46	-1	1
NS22744Q	2	1	10	1996	19	-1	8
NS22744Q	3	1	12	1993	22	-1	8
NS22744Q	4	1	7	1966	50	-1	1
NS22748V	1	2	11	1985	30	-1	8
NS22748V	2	2	7	1984	31	-1	8
NS22748V	3	2	8	1946	69	-1	1
NS22748V	4	1	10	1979	36	-1	8
NS22748V	5	2	-9	-9	-1	28	13
NS22748V	6	2	-9	-9	-1	4	15
NS22752H	1	2	2	1969	47	-1	1
NS22752H	2	2	-9	-9	-1	63	17
NS22760A	1	1	-9	-9	-1	57	1
NS22760A	2	2	3	1961	54	-1	1
NS22760A	3	1	9	1987	27	-1	8
NS22764E	1	2	11	2014	1	-1	4
NS22768J	1	2	1	1957	58	-1	1
NS22780P	1	2	3	1957	59	-1	1
NS22780P	2	1	7	1987	28	-1	8
NS22784T	1	2	3	1964	51	-1	1
NS22788Y	1	1	7	1959	56	-1	1
NS22788Y	2	2	6	1972	43	-1	1
NS22788Y	3	2	11	1989	26	-1	8
NS22788Y	4	1	2	1993	22	-1	8
NS22788Y	5	1	2	2000	15	-1	8
NS22790J	1	2	-9	-9	-1	-9	1
NS22790J	2	1	-9	-9	-1	-9	4
NS22790J	3	2	-9	-9	-1	-9	8
NS22792L	1	2	7	1997	18	-1	8
NS22793M	1	2	10	1957	58	-1	1
NS22794N	1	2	6	1961	54	-1	1
NS22794N	2	1	1	1952	63	-1	1
NS22794N	3	1	3	1989	26	-1	8
NS22803N	1	1	1	1990	25	-1	17
NS22807S	1	1	10	1999	16	-1	23
NS22807S	2	2	8	1949	66	-1	1
NS22808T	1	2	-9	-9	-1	28	17
NS22808T	2	1	-9	-9	-1	31	17
NS22809V	1	2	10	1989	25	-1	17
NS22809V	2	2	5	1990	25	-1	6
NS22809V	3	2	3	1991	24	-1	6
NS22813H	1	1	10	1961	54	-1	4
NS22813H	2	2	9	1964	51	-1	1
NS22813H	3	1	10	1997	18	-1	9
NS22813H	4	1	2	2006	10	-1	9
NS22818N	1	2	3	1957	58	-1	1
NS22839D	1	2	-9	-9	-1	52	1
NS22839D	2	1	-9	-9	-1	57	1
NS22839D	3	1	-9	-9	-1	34	8
NS22841P	1	2	4	1969	47	-1	1
NS22841P	2	1	11	1999	16	-1	8
NS22841P	3	2	5	1994	21	-1	8
NS22856P	1	2	4	1960	56	-1	1
NS22856P	2	2	11	1985	30	-1	8
NS22856P	3	1	12	1960	55	-1	1
NS22858R	1	1	-9	-9	-1	31	17
NS22858R	2	2	-9	-9	-1	31	17
NS22860C	1	1	9	1988	26	-1	8
NS22861D	1	1	7	1963	52	-1	1
NS22861D	2	2	12	1963	52	-1	1
NS22861D	3	1	12	1985	30	-1	8
NS22864G	1	1	11	1998	17	-1	8
NS22867K	1	1	6	1963	52	-1	1
NS22867K	2	2	12	1967	47	-1	1
NS22867K	3	1	5	1992	23	-1	8
NS22867K	4	1	11	1993	22	-1	8
NS22867K	5	1	11	1995	20	-1	8
NS22867K	6	1	-9	-9	-1	16	8
NS22867K	7	2	-9	-9	-1	13	8
NS22867K	8	1	-9	-9	-1	12	8
NS22880R	1	2	4	1944	71	-1	5
NS22880R	2	2	10	1990	25	-1	13
NS22880R	3	1	8	1995	20	-1	13
NS22888A	1	1	1	1992	24	-1	8
NS22895R	1	2	-9	-9	-1	-9	1
NS22895R	2	2	-9	-9	-1	-9	8
NS22899W	1	2	9	1995	20	-1	12
NS22902P	1	2	3	1968	47	-1	1
NS22902P	2	1	2	1965	50	-1	1
NS22902P	3	1	-9	-9	-1	28	8
NS22902P	4	1	-9	-9	-1	20	8
NS22902P	5	1	-9	-9	-1	14	8
NS22903Q	1	2	-9	-9	-1	63	1
NS22903Q	2	2	-9	-9	-1	21	8
NS22903Q	3	1	-9	-9	-1	58	1
NS22905S	1	2	12	1955	59	-1	1
NS22905S	2	1	10	1955	60	-1	1
NS22905S	3	2	10	1989	26	-1	8
NS22905S	4	1	-9	-9	-1	-8	23
NS22906T	1	2	5	1985	31	-1	8
NS22906T	2	1	-9	-9	-1	36	17
NS22907V	1	2	-9	-9	-1	-8	5
NS22907V	2	1	-9	-9	-1	-8	5
NS22912J	1	2	4	1964	51	-1	1
NS22912J	2	1	11	1962	53	-1	1
NS22920B	1	2	10	1965	50	-1	1
NS22920B	2	2	5	1989	26	-1	17
NS22925G	1	2	-9	-9	-1	50	1
NS22925G	2	1	-9	-9	-1	59	1
NS22925G	3	1	-9	-9	-1	31	8
NS22925G	4	1	-9	-9	-1	27	8
NS22925G	5	2	-9	-9	-1	22	8
NS22929L	1	1	7	1986	29	-1	17
NS22936C	1	2	-9	-9	-1	53	1
NS22936C	2	1	-9	-9	-1	55	1
NS22936C	3	2	-9	-9	-1	18	8
NS22939F	1	2	-9	-9	-1	22	17
NS22939F	2	2	-9	-9	-1	22	17
NS22945W	1	1	6	1981	34	-1	8
NS22955Q	1	2	-9	-9	-1	-9	1
NS22955Q	2	1	-9	-9	-1	-9	8
NS22955Q	3	2	-9	-9	-1	-9	8
NS22955Q	4	2	-9	-9	-1	-9	8
NS22959V	1	1	-9	-9	-1	-8	1
NS22959V	2	2	-9	-9	-1	-8	1
NS22959V	3	1	-9	-9	-1	24	8
NS22959V	4	1	-9	-9	-1	22	8
NS22959V	5	1	-9	-9	-1	16	8
NS22959V	6	1	-9	-9	-1	15	8
NS22959V	7	-9	-9	-9	-1	2	-8
NS22959V	8	-9	-9	-9	-1	2	-8
NS22959V	9	-8	-9	-9	-1	1	-8
NS22960E	1	2	9	1962	53	-1	1
NS22961F	1	2	2	1951	65	-1	1
NS22961F	2	2	3	1923	93	-1	14
NS22964J	1	2	-9	-9	-1	21	8
NS22964J	2	1	-9	-9	-1	-9	23
NS22970Z	1	2	1	1993	23	-1	8
NS22970Z	2	1	1	1965	51	-1	1
NS22970Z	3	2	2	1968	48	-1	1
NS22973C	1	1	-9	-9	-1	50	1
NS22973C	2	2	-9	-9	-1	47	1
NS22973C	3	2	10	1997	18	-1	8
NS22973C	4	1	5	1985	30	-1	8
NS22973C	5	2	-9	-9	-1	24	13
NS22973C	6	1	-9	-9	-1	2	23
NS22977G	1	1	-9	-9	-1	-8	1
NS22977G	2	2	-9	-9	-1	-8	1
NS22977G	3	2	-9	-9	-1	24	8
NS22977G	4	1	-9	-9	-1	23	8
NS22977G	5	2	-9	-9	-1	22	8
NS22977G	6	1	-9	-9	-1	15	8
NS22977G	7	1	-9	-9	-1	8	8
NS22984Y	1	1	2	1991	24	-1	8
NS22984Y	2	2	-9	-9	-1	60	1
NS22984Y	3	1	12	1952	63	-1	1
NS22988C	1	1	5	1955	60	-1	1
NS22988C	2	2	4	1964	51	-1	1
NS22988C	3	1	11	1992	23	-1	8
NS22988C	4	2	8	1994	21	-1	8
NS22990N	1	2	8	1967	48	-1	1
NS22990N	2	1	1	1965	50	-1	1
NS22991P	1	1	9	1989	26	-1	18
NS22991P	2	2	7	1993	22	-1	17
NS23003R	1	2	9	1991	24	-1	17
NS23016P	1	-9	-9	-9	-1	-9	-9
NS23016P	2	-9	-9	-9	-1	-9	-9
NS23016P	3	-9	-9	-9	-1	-9	-9
NS23016P	4	-9	-9	-9	-1	-9	-9
NS23016P	5	-9	-9	-9	-1	-9	-9
NS23016P	6	-9	-9	-9	-1	-9	-9
NS23019S	1	1	-9	-9	-1	-9	8
NS23034B	1	2	1	1959	56	-1	1
NS23034B	2	1	10	1957	58	-1	1
NS23037E	1	1	10	1962	53	-1	1
NS23037E	2	2	12	1960	55	-1	1
NS23037E	3	1	9	1986	29	-1	8
NS23037E	4	1	11	1987	28	-1	8
NS23039G	1	2	-9	-9	-1	33	17
NS23040R	1	2	-9	-9	-1	60	1
NS23040R	2	1	-9	-9	-1	62	1
NS23040R	3	1	-9	-9	-1	34	8
NS23049B	1	1	-9	-9	-1	-9	-9
NS23049B	2	2	-9	-9	-1	-9	-9
NS23067N	1	2	8	1961	54	-1	1
NS23067N	2	1	4	1959	57	-1	1
NS23067N	3	1	5	1993	23	-1	8
NS23074E	1	2	-9	-9	-1	63	1
NS23074E	2	1	-9	-9	-1	26	8
NS23075F	1	2	-9	-9	-1	53	1
NS23075F	2	1	-9	-9	-1	52	1
NS23075F	3	2	1	2005	10	-1	12
NS23079K	1	2	-9	-9	-1	-9	1
NS23079K	2	1	-9	-9	-1	-9	1
NS23083Y	1	1	7	1985	30	-1	17
NS23088D	1	1	-9	-9	-1	-8	1
NS23088D	2	2	-9	-9	-1	-8	1
NS23088D	3	2	-9	-9	-1	19	8
NS23088D	4	2	-9	-9	-1	12	8
NS23088D	5	1	-9	-9	-1	10	8
NS23088D	6	2	-9	-9	-1	8	8
NS23090P	1	2	-9	-9	-1	-8	17
NS23091Q	1	2	9	1955	60	-1	1
NS23096W	1	2	10	1989	26	-1	17
NS23096W	2	1	9	1989	26	-1	17
NS23099Z	1	1	-9	-9	-1	60	1
NS23099Z	2	2	-9	-9	-1	60	1
NS23101R	1	2	4	1961	54	-1	1
NS23101R	2	2	-9	-9	-1	24	8
NS23103T	1	1	-9	-9	-1	50	1
NS23103T	2	2	-9	-9	-1	51	1
NS23105W	1	2	-9	-9	-1	31	19
NS23116R	1	2	1	1964	51	-1	1
NS23116R	2	1	9	1961	54	-1	1
NS23116R	3	2	11	1994	21	-1	8
NS23125K	1	1	6	1963	52	-1	1
NS23125K	2	2	8	1966	49	-1	1
NS23125K	3	1	7	1993	22	-1	13
NS23126L	1	1	8	1988	27	-1	8
NS23129P	1	2	4	1969	47	-1	1
NS23129P	2	1	1	1968	48	-1	1
NS23129P	3	1	2	2003	13	-1	8
NS23129P	4	1	1	2004	12	-1	8
NS23129P	5	1	2	2006	10	-1	8
NS23129P	6	1	7	2009	6	-1	8
NS23130Z	1	2	-9	-9	-1	25	17
NS23130Z	2	2	-9	-9	-1	24	17
NS23130Z	3	2	-9	-9	-1	24	17
NS23134D	1	2	10	1971	44	-1	1
NS23134D	2	1	5	1967	49	-1	4
NS23134D	3	1	4	1992	24	-1	8
NS23150N	1	2	5	1965	51	-1	1
NS23150N	2	1	11	2011	4	-1	15
NS23156V	1	2	11	1964	51	-1	1
NS23156V	2	1	12	1964	51	-1	1
NS23156V	3	1	7	1992	23	-1	8
NS23157W	1	2	2	1990	25	-1	17
NS23157W	2	2	2	1991	24	-1	17
NS23160H	1	1	-9	-9	-1	40	1
NS23160H	2	1	-9	-9	-1	19	8
NS23161J	1	2	2	1969	46	-1	1
NS23161J	2	2	5	1994	21	-1	8
NS23161J	3	1	-9	-9	-1	-8	23
NS23163L	1	2	2	1988	28	-1	8
NS23166P	1	1	-9	-9	-1	70	14
NS23166P	2	2	-9	-9	-1	69	14
NS23166P	3	1	6	1969	46	-1	1
NS23166P	4	2	12	1969	46	-1	1
NS23166P	5	2	8	1994	21	-1	8
NS23171D	1	2	5	1955	60	-1	1
NS23171D	2	1	12	1984	31	-1	8
NS23171D	3	2	10	1995	20	-1	8
NS23181Y	1	1	2	1964	52	-1	1
NS23181Y	2	2	12	1966	49	-1	1
NS23181Y	3	2	12	1994	21	-1	8
NS23182Z	1	1	1	1963	52	-1	1
NS23182Z	2	2	8	1963	52	-1	1
NS23183A	1	1	-9	-9	-1	54	1
NS23183A	2	2	-9	-9	-1	46	1
NS23183A	3	2	-9	-9	-1	21	13
NS23183A	4	1	-9	-9	-1	17	13
NS23184B	1	2	5	1963	52	-1	1
NS23184B	2	1	3	1985	30	-1	8
NS23184B	3	1	4	1997	18	-1	8
NS23185C	1	1	7	2005	10	-1	9
NS23185C	2	2	6	1971	44	-1	1
NS23186D	1	1	5	1953	62	-1	23
NS23186D	2	2	4	1960	55	-1	1
NS23187E	1	2	-9	-9	-1	-9	14
NS23187E	2	2	-9	-9	-1	-9	1
NS23187E	3	1	-9	-9	-1	-9	8
NS23187E	4	2	-9	-9	-1	-9	1
NS23187E	5	2	-9	-9	-1	-9	1
NS23187E	6	1	-9	-9	-1	-9	8
NS23188F	1	2	-9	-9	-1	-9	1
NS23188F	2	2	-9	-9	-1	-9	8
NS23189G	1	2	9	1961	54	-1	1
NS23189G	2	2	-9	-9	-1	25	19
NS23190R	1	2	-9	-9	-1	-9	1
NS23190R	2	1	-9	-9	-1	-9	1
NS23190R	3	1	-9	-9	-1	-9	8
NS23190R	4	1	-9	-9	-1	-9	8
NS23198A	1	2	3	1956	59	-1	1
NS23198A	2	1	9	1953	62	-1	1
NS23206Z	1	2	-9	-9	-1	-9	1
NS23206Z	2	1	-9	-9	-1	-9	4
NS23207A	1	1	5	1955	60	-1	14
NS23207A	2	2	12	1954	61	-1	14
NS23208B	1	2	-9	-9	-1	50	1
NS23208B	2	1	-9	-9	-1	49	1
NS23214R	1	1	-9	-9	-1	55	23
NS23214R	2	2	-9	-9	-1	50	23
NS23214R	3	1	-9	-9	-1	23	23
NS23214R	4	2	3	1988	28	-1	23
NS23220G	1	2	10	1967	48	-1	1
NS23220G	2	1	11	1967	48	-1	1
NS23220G	3	1	11	1995	20	-1	6
NS23221H	1	2	-9	-9	-1	-9	1
NS23221H	2	1	-9	-9	-1	-9	1
NS23227P	1	2	10	1958	56	-1	1
NS23227P	2	1	1	1990	25	-1	8
NS23230B	1	2	8	1944	71	-1	14
NS23230B	2	1	7	1941	74	-1	14
NS23233E	1	1	3	1959	56	-1	1
NS23233E	2	2	5	1959	56	-1	1
NS23233E	3	1	1	1998	18	-1	8
NS23242Y	1	2	3	1959	56	-1	1
NS23244A	1	2	9	1961	54	-1	1
NS23244A	2	1	5	1960	55	-1	1
NS23245B	1	1	-9	-9	-1	-8	17
NS23249F	1	1	11	1958	57	-1	1
NS23249F	2	2	2	1960	55	-1	1
NS23249F	3	1	9	1992	23	-1	8
NS23251R	1	2	1	1953	63	-1	1
NS23251R	2	1	5	1953	62	-1	1
NS23251R	3	2	8	1991	24	-1	8
NS23251R	4	2	11	1984	31	-1	8
NS23254V	1	2	12	1970	45	-1	1
NS23254V	2	1	1	1969	47	-1	1
NS23254V	3	1	4	1993	22	-1	8
NS23254V	4	1	2	1995	20	-1	8
NS23254V	5	1	3	1999	16	-1	8
NS23255W	1	1	10	1990	25	-1	17
NS23256X	1	1	-9	-9	-1	-8	17
NS23256X	2	1	-9	-9	-1	-8	17
NS23256X	3	2	-9	-9	-1	-8	17
NS23256X	4	1	-9	-9	-1	-8	17
NS23256X	5	2	-9	-9	-1	-8	17
NS23256X	6	1	-9	-9	-1	-8	17
NS23256X	7	2	-9	-9	-1	-8	17
NS23261L	1	2	4	1948	68	-1	1
NS23262M	1	2	5	1956	59	-1	1
NS23262M	2	1	-9	-9	-1	-9	1
NS23262M	3	1	-9	-9	-1	-9	8
NS23262M	4	2	-9	-9	-1	-9	10
NS23262M	5	1	-9	-9	-1	-9	7
NS23265Q	1	2	-9	-9	-1	-9	1
NS23265Q	2	1	-9	-9	-1	-9	1
NS23265Q	3	1	-9	-9	-1	-9	8
NS23265Q	4	1	-9	-9	-1	-9	8
NS23265Q	5	1	-9	-9	-1	-9	8
NS23265Q	6	2	-9	-9	-1	-9	8
NS23270E	1	2	-9	-9	-1	23	17
NS23273H	1	2	4	1955	61	-1	1
NS23273H	2	1	1	1951	65	-1	1
NS23275K	1	2	-9	-9	-1	54	5
NS23275K	2	1	-9	-9	-1	55	5
NS23275K	3	-8	-9	-9	-1	-8	19
NS23275K	4	-8	-9	-9	-1	-8	19
NS23275K	5	1	3	1992	23	-1	13
NS23275K	6	2	8	1990	25	-1	13
NS23277M	1	1	-9	-9	-1	-9	1
NS23277M	2	2	-9	-9	-1	-9	1
NS23277M	3	1	-9	-9	-1	-9	8
NS23277M	4	1	-9	-9	-1	-9	8
NS23279P	1	2	10	1954	60	-1	1
NS23279P	2	1	1	1955	60	-1	1
NS23280Z	1	1	-9	-9	-1	58	1
NS23280Z	2	2	-9	-9	-1	51	1
NS23282B	1	2	4	1950	66	-1	1
NS23282B	2	1	2	1957	59	-1	1
NS23284D	1	1	1	2011	5	-1	6
NS23284D	2	1	7	2012	3	-1	6
NS23289J	1	1	-9	-9	-1	-8	1
NS23289J	2	2	-9	-9	-1	-8	1
NS23292W	1	1	12	1991	24	-1	8
NS23292W	2	1	-9	-9	-1	-8	19
NS23301W	1	2	6	1990	26	-1	17
NS23308D	1	1	4	1958	58	-1	1
NS23308D	2	2	6	1957	58	-1	1
NS23311Q	1	1	12	2006	8	-1	8
NS23311Q	2	1	9	2008	7	-1	8
NS23311Q	3	2	3	1972	43	-1	1
NS23311Q	4	2	1	1991	24	-1	8
NS23318Y	1	2	-9	-9	-1	60	2
NS23318Y	2	1	-9	-9	-1	60	2
NS23328S	1	2	9	2007	8	-1	23
NS23328S	2	1	12	1989	26	-1	8
NS23328S	3	1	-9	-9	-1	33	8
NS23328S	4	2	-9	-9	-1	32	13
NS23328S	5	1	-9	-9	-1	39	8
NS23328S	6	2	-9	-9	-1	56	1
NS23328S	7	1	4	1956	60	-1	1
NS23331E	1	2	-9	-9	-1	-9	1
NS23344C	1	2	3	1964	52	-1	1
NS23344C	2	1	12	1961	54	-1	1
NS23345D	1	1	-9	-9	-1	26	8
NS23345D	2	2	-9	-9	-1	26	17
NS23354X	1	1	8	1946	69	-1	1
NS23354X	2	2	11	1953	62	-1	1
NS23358B	1	1	-9	-9	-1	57	4
NS23358B	2	2	-9	-9	-1	44	1
NS23358B	3	1	-9	-9	-1	21	8
NS23361N	1	2	3	1988	27	-1	8
NS23361N	2	2	12	1992	23	-1	8
NS23363Q	1	2	3	1960	55	-1	1
NS23363Q	2	1	4	1950	65	-1	1
NS23363Q	3	2	6	1989	26	-1	8
NS23363Q	4	1	11	1987	28	-1	9
NS23368W	1	1	7	1948	67	-1	1
NS23368W	2	2	3	1960	56	-1	1
NS23368W	3	1	5	1988	28	-1	8
NS23370G	1	1	-9	-9	-1	21	17
NS23371H	1	2	3	1989	26	-1	18
NS23371H	2	2	1	1989	27	-1	17
NS23371H	3	2	-9	-9	-1	24	17
NS23373K	1	2	5	1962	53	-1	1
NS23373K	2	1	3	1964	51	-1	1
NS23374L	1	2	5	1961	55	-1	1
NS23374L	2	1	10	1958	57	-1	1
NS23374L	3	2	6	1992	23	-1	8
NS23376N	1	2	10	1966	49	-1	1
NS23376N	2	1	8	1965	50	-1	1
NS23383E	1	2	9	1961	54	-1	1
NS23383E	2	1	4	1959	56	-1	1
NS23390W	1	1	9	1963	52	-1	1
NS23390W	2	1	7	1993	22	-1	8
NS23391X	1	1	-9	-9	-1	54	1
NS23391X	2	2	-9	-9	-1	53	1
NS23391X	3	1	-9	-9	-1	24	8
NS23391X	4	2	-9	-9	-1	20	8
NS23394A	1	2	10	1964	51	-1	1
NS23394A	2	1	10	1997	18	-1	8
NS23396C	1	2	6	1952	63	-1	1
NS23397D	1	2	4	2009	6	-1	23
NS23398E	1	1	3	1998	17	-1	8
NS23398E	2	2	1	1967	48	-1	1
NS23400X	1	1	-9	-9	-1	-8	19
NS23401Y	1	2	11	1963	51	-1	1
NS23401Y	2	1	8	1962	52	-1	1
NS23407E	1	1	10	1955	60	-1	1
NS23407E	2	2	3	1961	54	-1	1
NS23407E	3	1	11	1988	27	-1	8
NS23407E	4	2	4	1994	21	-1	8
NS23407E	5	1	12	2002	13	-1	15
NS23424Q	1	2	-9	-9	-1	27	17
NS23440A	1	1	8	1956	59	-1	1
NS23440A	2	2	11	1961	54	-1	1
NS23449K	1	2	5	1964	51	-1	1
NS23449K	2	1	7	1993	22	-1	8
NS23452X	1	2	12	1959	56	-1	1
NS23452X	2	1	7	1994	21	-1	8
NS23452X	3	2	6	1997	18	-1	8
NS23461Q	1	2	7	1967	49	-1	1
NS23461Q	2	1	8	1964	51	-1	4
NS23463S	1	1	3	1962	53	-1	1
NS23463S	2	2	9	1962	53	-1	1
NS23463S	3	2	-9	-9	-1	23	8
NS23463S	4	1	2	1992	23	-1	8
NS23466W	1	2	9	1987	28	-1	15
NS23466W	2	2	3	1992	23	-1	15
NS23466W	3	2	10	1962	53	-1	1
NS23472L	1	1	4	1988	27	-1	8
NS23473M	1	2	12	1969	45	-1	5
NS23473M	2	1	-9	-9	-1	30	5
NS23473M	3	2	3	2013	2	-1	13
NS23475P	1	1	11	1987	28	-1	17
NS23475P	2	1	-9	-9	-1	30	17
NS23480D	1	2	3	1957	58	-1	1
NS23480D	2	1	4	1955	60	-1	1
NS23484H	1	1	11	1991	24	-1	8
NS23485J	1	1	-9	-9	-1	-8	1
NS23485J	2	2	-9	-9	-1	42	1
NS23485J	3	2	-9	-9	-1	22	8
NS23485J	4	2	-9	-9	-1	20	8
NS23485J	5	1	-9	-9	-1	18	8
NS23485J	6	1	-9	-9	-1	12	8
NS23485J	7	1	-9	-9	-1	11	8
NS23491Z	1	2	3	1962	53	-1	1
NS23491Z	2	1	10	1958	57	-1	1
NS23492A	1	1	1	1964	52	-1	1
NS23497F	1	2	-9	-9	-1	49	1
NS23497F	2	1	-9	-9	-1	49	1
NS23497F	3	1	2	1988	28	-1	8
NS23497F	4	1	-9	-9	-1	95	14
NS23501A	1	2	-9	-9	-1	71	14
NS23501A	2	1	-9	-9	-1	74	14
NS23509J	1	1	10	1997	18	-1	6
NS23519D	1	2	4	1995	21	-1	8
NS23519D	2	1	10	2003	12	-1	8
NS23519D	3	2	6	1970	45	-1	1
NS23519D	4	1	8	1962	53	-1	1
NS23524S	1	1	-9	-9	-1	-8	5
NS23524S	2	2	-9	-9	-1	-8	5
NS23524S	3	2	-9	-9	-1	-8	13
NS23528X	1	2	4	1963	52	-1	1
NS23528X	2	2	7	1959	56	-1	1
NS23528X	3	2	12	1991	24	-1	8
NS23532K	1	1	6	1953	62	-1	1
NS23532K	2	2	3	1958	57	-1	1
NS23532K	3	2	4	1990	25	-1	8
NS23533L	1	1	10	1955	60	-1	1
NS23533L	2	2	7	1985	30	-1	8
NS23537Q	1	1	-9	-9	-1	-8	1
NS23537Q	2	1	2	1982	33	-1	8
NS23537Q	3	2	6	1954	61	-1	1
NS23541D	1	2	1	1958	57	-1	1
NS23541D	2	1	11	1958	56	-1	1
NS23551Y	1	1	6	1961	54	-1	1
NS23551Y	2	2	12	1964	50	-1	1
NS23555C	1	2	5	1963	52	-1	1
NS23555C	2	1	8	1964	51	-1	1
NS23555C	3	1	10	1987	28	-1	8
NS23556D	1	2	4	2004	11	-1	6
NS23556D	2	2	3	2007	8	-1	6
NS23556D	3	1	7	2008	7	-1	6
NS23560R	1	1	9	1960	55	-1	1
NS23560R	2	2	7	1961	54	-1	1
NS23560R	3	2	10	1998	17	-1	8
NS23568A	1	2	3	1956	59	-1	1
NS23568A	2	2	4	1992	23	-1	23
NS23568A	3	1	1	1988	27	-1	8
NS23577T	1	2	12	1966	49	-1	1
NS23577T	2	2	8	1933	82	-1	14
NS23577T	3	1	11	1994	21	-1	8
NS23585L	1	2	4	1988	28	-1	17
NS23591B	1	1	-9	-9	-1	-9	1
NS23591B	2	2	3	1990	25	-1	8
NS23591B	3	2	6	1958	57	-1	1
NS23593D	1	1	-9	-9	-1	68	1
NS23593D	2	2	-9	-9	-1	51	1
NS23593D	3	2	9	1993	22	-1	8
NS23599K	1	2	6	1952	63	-1	1
NS23599K	2	1	1	1949	67	-1	1
NS23599K	3	1	5	1987	28	-1	8
NS23603E	1	1	-9	-9	-1	24	17
NS23604F	1	2	3	1986	30	-1	8
NS23604F	2	2	3	1964	52	-1	1
NS23604F	3	1	8	1956	59	-1	1
NS23605G	1	2	-9	-9	-1	-9	1
NS23605G	2	1	-9	-9	-1	-9	1
NS23605G	3	1	-9	-9	-1	-9	8
NS23608K	1	2	1	1955	61	-1	1
NS23608K	2	1	9	1957	58	-1	1
NS23608K	3	1	8	1983	32	-1	8
NS23608K	4	2	4	1991	24	-1	8
NS23610W	1	2	9	1967	48	-1	1
NS23610W	2	2	5	1988	27	-1	8
NS23610W	3	1	9	1991	24	-1	8
NS23620Q	1	2	2	1958	57	-1	1
NS23620Q	2	2	2	1992	23	-1	8
NS23620Q	3	1	8	1989	26	-1	8
NS23624V	1	1	-9	-9	-1	29	17
NS23627Y	1	1	-9	-9	-1	67	5
NS23627Y	2	2	-9	-9	-1	63	5
NS23635Q	1	1	-9	-9	-1	-8	1
NS23635Q	2	2	-9	-9	-1	-8	1
NS23635Q	3	1	-9	-9	-1	-8	8
NS23635Q	4	1	-9	-9	-1	-8	8
NS23635Q	5	2	-9	-9	-1	-8	8
NS23636R	1	2	-9	-9	-1	27	17
NS23636R	2	2	-9	-9	-1	30	17
NS23637S	1	1	-9	-9	-1	-8	1
NS23637S	2	2	-9	-9	-1	-8	1
NS23637S	3	1	-9	-9	-1	-8	8
NS23637S	4	2	-9	-9	-1	-8	8
NS23644J	1	2	-9	-9	-1	-9	1
NS23644J	2	2	-9	-9	-1	-9	8
NS23646L	1	2	11	1971	44	-1	1
NS23646L	2	1	2	1961	55	-1	4
NS23657G	1	2	8	1964	51	-1	1
NS23657G	2	1	3	1993	22	-1	8
NS23657G	3	1	11	1995	20	-1	8
NS23657G	4	2	9	2002	13	-1	8
NS23662W	1	2	-9	-9	-1	46	1
NS23662W	2	1	-9	-9	-1	-9	8
NS23662W	3	2	-9	-9	-1	-9	8
NS23662W	4	2	-9	-9	-1	-9	8
NS23662W	5	2	-9	-9	-1	-9	15
NS23662W	6	2	-9	-9	-1	-9	15
NS23662W	7	1	-9	-9	-1	-9	13
NS23662W	8	-8	-9	-9	-1	-8	-8
NS23664Y	1	1	11	1956	59	-1	1
NS23664Y	2	2	12	1956	59	-1	1
NS23664Y	3	2	3	1987	28	-1	8
NS23665Z	1	1	12	1961	53	-1	1
NS23665Z	2	2	9	1961	54	-1	1
NS23667B	1	1	-9	-9	-1	-9	1
NS23667B	2	2	-9	-9	-1	-9	1
NS23667B	3	2	-9	-9	-1	-9	8
NS23667B	4	2	-9	-9	-1	-9	8
NS23667B	5	2	-9	-9	-1	-9	8
NS23667B	6	1	-9	-9	-1	-9	8
NS23670N	1	2	1	1963	52	-1	1
NS23670N	2	1	7	1971	44	-1	4
NS23670N	3	1	5	2002	13	-1	9
NS23670N	4	1	6	2003	12	-1	9
NS23672Q	1	2	5	1963	52	-1	1
NS23672Q	2	2	3	1996	19	-1	8
NS23677W	1	2	5	1958	57	-1	1
NS23677W	2	1	3	1952	64	-1	1
NS23677W	3	1	6	1994	21	-1	8
NS23679Y	1	2	8	1956	59	-1	1
NS23679Y	2	1	10	1954	61	-1	1
NS23689S	1	2	3	1990	26	-1	1
NS23689S	2	1	7	1951	64	-1	1
NS23689S	3	2	10	1987	28	-1	13
NS23694G	1	2	-9	-9	-1	49	1
NS23694G	2	1	7	1963	52	-1	1
NS23694G	3	2	-9	-9	-1	23	8
NS23694G	4	1	-9	-9	-1	16	8
NS23694G	5	1	-9	-9	-1	15	8
NS23694G	6	2	-9	-9	-1	10	8
NS23694G	7	2	-9	-9	-1	8	8
NS23695H	1	1	3	1931	85	-1	14
NS23695H	2	2	-9	-9	-1	87	14
NS23695H	3	2	4	1982	34	-1	8
NS23695H	4	1	12	1989	26	-1	8
NS23702F	1	2	1	1969	47	-1	1
NS23711Z	1	1	1	1946	70	-1	14
NS23711Z	2	2	11	1951	64	-1	14
NS23715D	1	1	3	1963	52	-1	1
NS23715D	2	2	7	1964	51	-1	1
NS23715D	3	2	2	1993	22	-1	8
NS23720S	1	2	5	1947	68	-1	1
NS23728B	1	1	-9	-9	-1	-9	8
NS23728B	2	2	-9	-9	-1	-9	1
NS23728B	3	1	-9	-9	-1	-9	1
NS23729C	1	1	10	1958	57	-1	1
NS23729C	2	2	9	1991	24	-1	8
NS23731N	1	1	-9	-9	-1	-8	17
NS23731N	2	1	-9	-9	-1	-8	17
NS23731N	3	1	-9	-9	-1	-8	17
NS23736T	1	2	-9	-9	-1	49	16
NS23737V	1	1	-9	-9	-1	35	23
NS23746N	1	2	1	1956	59	-1	1
NS23750B	1	1	9	1951	64	-1	1
NS23750B	2	2	6	1954	61	-1	1
NS23759L	1	2	5	1962	54	-1	1
NS23761X	1	2	2	1960	55	-1	1
NS23761X	2	1	3	1950	65	-1	1
NS23761X	3	1	4	1984	31	-1	8
NS23761X	4	1	10	1988	27	-1	8
NS23761X	5	1	6	1990	25	-1	8
NS23761X	6	1	9	1992	23	-1	8
NS23761X	7	2	12	1994	21	-1	8
NS23766C	1	2	1	1969	47	-1	1
NS23766C	2	2	1	2011	5	-1	6
NS23769F	1	1	2	1990	25	-1	17
NS23777Y	1	1	-9	-9	-1	-9	1
NS23777Y	2	2	-9	-9	-1	-9	1
NS23777Y	3	1	-9	-9	-1	-9	8
NS23777Y	4	2	-9	-9	-1	-9	8
NS23784P	1	2	9	1981	34	-1	8
NS23784P	2	1	-9	-9	-1	-9	-9
NS23784P	3	1	-9	-9	-1	-9	-9
NS23784P	4	2	-9	-9	-1	-9	-9
NS23784P	5	2	-9	-9	-1	-9	-9
NS23795K	1	2	-9	-9	-1	25	17
NS23795K	2	2	4	1992	23	-1	8
NS23798N	1	2	1	1969	47	-1	1
NS23798N	2	1	7	1965	50	-1	1
NS23798N	3	2	9	1994	21	-1	8
NS23802H	1	1	3	1962	53	-1	1
NS23802H	2	2	11	1963	52	-1	1
NS23802H	3	2	1	1986	29	-1	8
NS23802H	4	1	2	1998	17	-1	8
NS23802H	5	2	8	1991	24	-1	8
NS23802H	6	1	10	1982	33	-1	13
NS23802H	7	1	3	1999	16	-1	8
NS23802H	8	2	6	2013	2	-1	15
NS23807N	1	1	11	1958	57	-1	1
NS23807N	2	2	3	1969	47	-1	1
NS23807N	3	2	9	1996	19	-1	8
NS23807N	4	1	5	1993	22	-1	8
NS23808P	1	1	5	1952	63	-1	1
NS23808P	2	2	5	1952	63	-1	1
NS23808P	3	2	6	1983	32	-1	8
NS23819K	1	2	3	1958	58	-1	1
NS23819K	2	1	5	1956	59	-1	1
NS23825A	1	1	2	1987	28	-1	8
NS23825A	2	2	-9	-9	-1	26	8
NS23825A	3	2	-9	-9	-1	31	8
NS23825A	4	2	-9	-9	-1	48	1
NS23825A	5	1	-9	-9	-1	53	1
NS23838Y	1	1	-9	-9	-1	-9	1
NS23838Y	2	1	-9	-9	-1	30	8
NS23838Y	3	2	-9	-9	-1	-9	1
NS23845P	1	1	9	1957	58	-1	1
NS23845P	2	2	6	1960	55	-1	1
NS23845P	3	2	4	1987	28	-1	8
NS23850D	1	1	8	1992	23	-1	8
NS23850D	2	1	-9	-9	-1	55	1
NS23852F	1	1	-9	-9	-1	59	1
NS23852F	2	2	3	1963	52	-1	1
NS23852F	3	2	8	1988	27	-1	8
NS23852F	4	1	10	1995	20	-1	8
NS23856K	1	1	6	1955	60	-1	1
NS23856K	2	1	7	1984	31	-1	8
NS23873W	1	2	12	1955	59	-1	1
NS23873W	2	1	8	1953	62	-1	1
NS23873W	3	2	5	1987	28	-1	8
NS23873W	4	2	9	2012	3	-1	15
NS23883Q	1	2	9	1920	94	-1	14
NS23883Q	2	1	12	1963	51	-1	1
NS23883Q	3	2	9	1969	45	-1	1
NS23883Q	4	2	3	2001	14	-1	8
NS23883Q	5	2	-9	-9	-1	-9	23
NS23884R	1	2	11	1954	61	-1	1
NS23884R	2	1	6	1957	58	-1	1
NS23888W	1	2	10	1960	55	-1	1
NS23888W	2	1	1	1959	56	-1	1
NS23892J	1	2	6	1966	49	-1	1
NS23892J	2	1	3	1960	55	-1	4
NS23900H	1	1	-9	-9	-1	61	1
NS23900H	2	2	-9	-9	-1	60	1
NS23900H	3	2	-9	-9	-1	29	8
NS23901J	1	2	2	2001	15	-1	8
NS23901J	2	2	7	1969	46	-1	1
NS23901J	3	1	-9	-9	-1	-8	4
NS23912E	1	1	8	1959	56	-1	1
NS23912E	2	2	9	1959	56	-1	1
NS23912E	3	1	9	1987	28	-1	8
NS23912E	4	2	6	1995	20	-1	8
NS23921Y	1	1	10	1952	63	-1	1
NS23921Y	2	2	9	1960	55	-1	1
NS23921Y	3	2	7	1991	24	-1	8
NS23929G	1	1	6	1954	61	-1	1
NS23929G	2	2	6	1955	60	-1	1
NS23929G	3	1	3	1981	35	-1	8
NS23929G	4	1	12	1987	28	-1	8
NS23931S	1	1	2	1987	29	-1	9
NS23931S	2	2	11	2012	3	-1	15
NS23931S	3	1	3	2015	1	-1	15
NS23931S	4	2	1	1990	26	-1	9
NS23931S	5	2	3	2009	7	-1	15
NS23934W	1	1	10	1950	65	-1	1
NS23934W	2	2	4	1953	63	-1	1
NS23935X	1	2	2	1956	60	-1	1
NS23939B	1	1	4	1958	58	-1	1
NS23939B	2	2	9	1967	48	-1	1
NS23939B	3	1	9	1994	21	-1	8
NS23941M	1	1	-9	-9	-1	24	17
NS23941M	2	1	9	1990	25	-1	17
NS23941M	3	1	-9	-9	-1	25	18
NS23942N	1	2	12	1962	52	-1	1
NS23942N	2	1	5	1963	52	-1	1
NS23942N	3	1	7	1986	29	-1	8
NS23943P	1	2	1	1966	50	-1	1
NS23943P	2	1	11	1958	57	-1	1
NS23943P	3	2	11	1991	24	-1	8
NS23943P	4	1	2	1993	23	-1	8
NS23943P	5	2	1	2008	8	-1	15
NS23943P	6	2	4	2014	2	-1	15
NS23945R	1	2	-9	-9	-1	-8	1
NS23945R	2	2	-9	-9	-1	-9	8
NS23952H	1	2	2	1995	20	20	17
NS23952H	2	2	9	1995	20	20	17
NS23952H	3	2	8	1995	20	20	17
NS23953J	1	2	-9	-9	-1	-8	5
NS23953J	2	1	-9	-9	-1	-8	5
NS23953J	3	2	-9	-9	-1	-8	13
NS23953J	4	1	-9	-9	-1	-8	13
NS23953J	5	2	-9	-9	-1	-8	13
NS23953J	6	2	-9	-9	-1	-9	16
NS23955L	1	2	8	1960	55	-1	1
NS23959Q	1	1	-9	-9	-1	55	1
NS23959Q	2	2	-9	-9	-1	49	1
NS23959Q	3	1	-9	-9	-1	32	13
NS23959Q	4	2	-9	-9	-1	-8	13
NS23959Q	5	1	-9	-9	-1	26	13
NS23959Q	6	2	-9	-9	-1	4	23
NS23966G	1	1	6	1957	58	-1	1
NS23966G	2	2	9	1960	55	-1	1
NS23966G	3	1	6	1988	27	-1	8
NS23972X	1	2	10	1960	55	-1	5
NS23972X	2	1	12	1958	57	-1	5
NS23972X	3	1	12	1983	32	-1	13
NS23978D	1	2	3	1962	53	-1	1
NS23978D	2	1	2	1957	58	-1	1
NS23981Q	1	1	-9	-9	-1	42	17
NS23981Q	2	1	-9	-9	-1	22	17
NS23981Q	3	2	-9	-9	-1	22	17
NS23981Q	4	2	-9	-9	-1	22	17
NS23981Q	5	2	-9	-9	-1	22	17
NS23984T	1	2	9	1951	64	-1	1
NS23984T	2	1	7	1943	72	-1	1
NS23985V	1	1	5	1992	23	-1	8
NS23985V	2	2	10	1957	58	-1	1
NS23990J	1	2	5	1959	56	-1	1
NS23990J	2	1	9	1952	63	-1	1
NS23990J	3	2	4	1988	27	-1	8
NS23990J	4	1	9	1992	23	-1	8
NS23990J	5	2	-9	-9	-1	-8	23
NS23990J	6	1	-9	-9	-1	-8	23
NS23991K	1	1	-9	-9	-1	23	17
NS23991K	2	1	-9	-9	-1	22	17
NS23992L	1	2	7	1966	49	-1	1
NS23992L	2	1	1	1993	22	-1	8
NS23992L	3	1	7	1995	20	-1	8
NS23992L	4	1	10	2010	4	-1	9
NS23995P	1	1	3	1951	65	-1	1
NS23995P	2	2	1	1953	63	-1	1
NS23995P	3	2	3	1992	24	-1	8
NS23995P	4	1	6	1982	33	-1	8
NS23995P	5	2	2	1988	28	-1	13
NS23999T	1	1	3	1956	60	-1	1
NS23999T	2	2	9	1956	59	-1	1
NS24002L	1	2	5	1987	28	-1	8
NS24002L	2	1	1	1959	57	-1	1
NS24002L	3	2	1	1968	48	-1	1
NS24008S	1	2	5	1969	46	-1	1
NS24008S	2	1	10	1966	49	-1	1
NS24008S	3	2	7	1992	23	-1	8
NS24008S	4	1	2	1994	22	-1	8
NS24008S	5	2	3	1997	18	-1	8
NS24010D	1	2	-9	-9	-1	-8	1
NS24010D	2	1	-9	-9	-1	-8	1
NS24013G	1	1	7	1960	55	-1	1
NS24013G	2	2	6	1963	52	-1	1
NS24013G	3	2	3	1993	23	-1	8
NS24013G	4	1	5	1930	85	-1	14
NS24016K	1	1	5	1962	54	-1	1
NS24016K	2	2	8	1966	49	-1	1
NS24022A	1	2	3	1960	55	-1	1
NS24022A	2	1	5	1957	58	-1	1
NS24022A	3	1	2	1994	21	-1	8
NS24026E	1	1	6	1962	53	-1	1
NS24026E	2	2	10	1966	49	-1	1
NS24026E	3	2	2	1992	23	-1	8
NS24026E	4	2	11	1995	20	-1	8
NS24030S	1	1	-9	-9	-1	37	17
NS24030S	2	2	-9	-9	-1	29	17
NS24030S	3	-9	-9	-9	-1	28	17
NS24039C	1	2	11	1991	24	-1	8
NS24049X	1	2	11	1949	66	-1	1
NS24051H	1	2	12	1955	60	-1	1
NS24051H	2	1	1	1957	59	-1	1
NS24053K	1	2	3	1957	59	-1	1
NS24053K	2	1	5	1993	23	-1	8
NS24053K	3	2	11	1991	24	-1	8
NS24057P	1	1	-9	-9	-1	27	19
NS24069L	1	1	12	1958	57	-1	1
NS24069L	2	2	4	1960	56	-1	1
NS24069L	3	1	9	1993	22	-1	8
NS24070W	1	1	-9	-9	-1	8	6
NS24070W	2	2	-9	-9	-1	6	6
NS24075B	1	2	-9	-9	-1	56	1
NS24075B	2	1	-9	-9	-1	54	1
NS24077D	1	2	11	1949	66	-1	14
NS24080Q	1	2	-9	-9	-1	-8	23
NS24080Q	2	1	-9	-9	-1	-8	23
NS24080Q	3	1	-9	-9	-1	-8	19
NS24085W	1	2	5	1991	24	-1	17
NS24087Y	1	2	10	1959	56	-1	1
NS24087Y	2	1	5	1957	58	-1	4
NS24092M	1	1	5	1959	56	-1	1
NS24092M	2	2	3	1967	48	-1	1
NS24092M	3	2	4	1992	23	-1	8
NS24092M	4	1	9	1996	19	-1	8
NS24118P	1	2	3	1966	50	-1	1
NS24118P	2	1	6	1966	50	-1	1
NS24118P	3	1	8	1992	23	-1	8
NS24118P	4	1	6	1997	19	-1	8
NS24119Q	1	2	9	1967	48	-1	1
NS24120A	1	1	3	1964	52	-1	1
NS24120A	2	2	4	1969	47	-1	1
NS24120A	3	1	3	1988	28	-1	8
NS24120A	4	2	3	1992	24	-1	8
NS24120A	5	2	2	1994	22	-1	8
NS24120A	6	2	6	1990	26	-1	13
NS24120A	7	1	5	2015	1	-1	15
NS24120A	8	2	4	2016	0	-1	15
NS24121B	1	2	1	1953	62	-1	1
NS24121B	2	1	5	1952	63	-1	1
NS24121B	3	2	12	1986	29	-1	8
NS24123D	1	1	-9	-9	-1	-9	8
NS24123D	2	1	-9	-9	-1	-9	8
NS24123D	3	2	-9	-9	-1	-9	1
NS24127H	1	2	2	1958	57	-1	1
NS24127H	2	1	3	1964	51	-1	1
NS24131W	1	2	10	1948	67	-1	1
NS24131W	2	1	2	1952	63	-1	1
NS24139E	1	2	10	1945	69	-1	14
NS24142R	1	2	6	1962	53	-1	1
NS24142R	2	2	11	1992	22	-1	8
NS24142R	3	2	11	1993	22	-1	8
NS24144T	1	2	-9	-9	-1	25	17
NS24144T	2	2	3	1992	23	-1	8
NS24144T	3	1	-9	-9	-1	28	17
NS24148Y	1	2	9	1964	51	-1	1
NS24148Y	2	1	4	1962	53	-1	1
NS24148Y	3	1	4	1992	23	-1	8
NS24154N	1	2	-9	-9	-1	-9	1
NS24154N	2	1	-9	-9	-1	-9	1
NS24154N	3	1	-9	-9	-1	10	10
NS24154N	4	2	-9	-9	-1	9	10
NS24159T	1	1	4	1953	62	-1	1
NS24159T	2	2	9	1958	57	-1	1
NS24159T	3	2	2	1992	23	-1	8
NS24159T	4	1	10	1983	32	-1	8
NS24162F	1	2	9	1952	63	-1	1
NS24178G	1	1	-9	-9	-1	29	18
NS24178G	2	1	-9	-9	-1	28	17
NS24180S	1	1	-9	-9	-1	25	17
NS24184X	1	1	-9	-9	-1	56	4
NS24184X	2	2	-9	-9	-1	46	1
NS24184X	3	2	4	1990	25	-1	8
NS24194R	1	2	2	1972	43	-1	1
NS24194R	2	2	-9	-9	-1	-8	9
NS24194R	3	2	-9	-9	-1	-9	9
NS24194R	4	2	-9	-9	-1	-8	9
NS24194R	5	1	-9	-9	-1	-8	4
NS24200N	1	1	8	1952	63	-1	1
NS24200N	2	2	6	1958	57	-1	1
NS24205T	1	2	-9	-9	-1	52	1
NS24205T	2	1	-9	-9	-1	50	1
NS24205T	3	1	-9	-9	-1	18	8
NS24205T	4	2	-9	-9	-1	18	23
NS24213L	1	2	9	1965	50	-1	5
NS24213L	2	2	4	1992	23	-1	13
NS24214M	1	1	-9	-9	-1	-8	23
NS24214M	2	2	-9	-9	-1	60	1
NS24215N	1	1	4	1960	55	-1	1
NS24215N	2	2	11	1966	48	-1	1
NS24215N	3	2	9	1993	22	-1	8
NS24222E	1	2	12	1965	50	-1	1
NS24222E	2	2	2	1992	23	-1	8
NS24225H	1	1	9	1989	26	-1	2
NS24225H	2	1	3	1979	36	-1	4
NS24235C	1	1	5	1960	55	-1	1
NS24235C	2	2	9	1959	56	-1	1
NS24235C	3	1	11	1987	28	-1	8
NS24241S	1	2	-9	-9	-1	50	1
NS24241S	2	1	-9	-9	-1	48	1
NS24241S	3	1	-9	-9	-1	22	8
NS24245X	1	2	-9	-9	-1	-9	1
NS24245X	2	1	-9	-9	-1	-9	1
NS24245X	3	2	-9	-9	-1	-9	8
NS24245X	4	2	-9	-9	-1	-9	8
NS24245X	5	2	-9	-9	-1	-9	14
NS24247Z	1	2	10	1960	55	-1	1
NS24247Z	2	1	1	1958	58	-1	1
NS24253P	1	2	-9	-9	-1	58	1
NS24253P	2	1	-9	-9	-1	58	1
NS24253P	3	1	-9	-9	-1	28	8
NS24253P	4	2	-9	-9	-1	22	8
NS24260F	1	2	-9	-9	-1	-9	17
NS24260F	2	1	-9	-9	-1	-9	17
NS24263J	1	1	-9	-9	-1	14	8
NS24263J	2	2	-9	-9	-1	48	1
NS24269Q	1	1	10	1965	50	-1	1
NS24269Q	2	2	2	1966	50	-1	1
NS24269Q	3	2	4	1987	29	-1	8
NS24269Q	4	1	6	1989	26	-1	23
NS24269Q	5	1	7	1992	23	-1	8
NS24269Q	6	2	-9	-9	-1	-8	8
NS24272C	1	1	11	1985	30	-1	17
NS24280V	1	2	-9	-9	-1	53	1
NS24280V	2	1	-9	-9	-1	48	1
NS24280V	3	1	-9	-9	-1	22	8
NS24291Q	1	1	-9	-9	-1	53	1
NS24291Q	2	2	-9	-9	-1	52	1
NS24291Q	3	2	-9	-9	-1	21	8
NS24293S	1	1	-9	-9	-1	56	5
NS24293S	2	2	-9	-9	-1	56	5
NS24293S	3	1	-9	-9	-1	30	13
NS24293S	4	2	-9	-9	-1	27	13
NS24293S	5	1	-9	-9	-1	30	13
NS24293S	6	2	-9	-9	-1	24	13
NS24293S	7	2	-9	-9	-1	1	23
NS24293S	8	1	-9	-9	-1	1	23
NS24295V	1	1	3	1963	52	-1	1
NS24295V	2	2	11	1965	50	-1	1
NS24295V	3	1	4	1995	20	-1	8
NS24298Y	1	1	2	1946	69	-1	1
NS24300Q	1	1	3	1994	21	-1	8
NS24300Q	2	2	12	1969	45	-1	1
NS24300Q	3	1	5	1959	56	-1	1
NS24301R	1	2	7	1988	27	-1	17
NS24301R	2	2	7	1990	25	-1	17
NS24303T	1	1	-9	-9	-1	53	1
NS24303T	2	2	-9	-9	-1	54	1
NS24303T	3	2	-9	-9	-1	27	8
NS24312M	1	1	4	1981	34	-1	17
NS24321F	1	2	4	1964	51	-1	1
NS24321F	2	1	4	1965	50	-1	1
NS24321F	3	1	10	1992	22	-1	8
NS24321F	4	2	7	1995	20	-1	8
NS24328N	1	1	4	1990	25	-1	17
NS24328N	2	2	7	1986	29	-1	17
NS24328N	3	1	-9	-9	-1	-8	17
NS24333C	1	-8	-9	-9	-1	-9	1
NS24333C	2	-9	-9	-9	-1	-9	1
NS24333C	3	-9	-9	-9	-1	-9	-9
NS24333C	4	-9	-9	-9	-1	-9	-9
NS24333C	5	-9	-9	-9	-1	-9	-9
NS24333C	6	-9	-9	-9	-1	-9	-9
NS24340T	1	2	4	1992	23	-1	23
NS24346A	1	2	1	1964	52	-1	1
NS24346A	2	1	1	1966	50	-1	1
NS24347B	1	1	1	1961	55	-1	1
NS24347B	2	2	9	1966	49	-1	1
NS24347B	3	1	9	1994	21	-1	13
NS24347B	4	1	11	1998	17	-1	13
NS24349D	1	2	-9	-9	-1	55	1
NS24349D	2	1	-9	-9	-1	56	1
NS24351P	1	1	1	1963	53	-1	1
NS24351P	2	2	10	1962	53	-1	1
NS24351P	3	2	5	1992	23	-1	8
NS24351P	4	2	10	1994	21	-1	8
NS24351P	5	2	-9	-9	-1	19	19
NS24368R	1	1	9	1963	51	-1	1
NS24368R	2	2	7	1996	19	-1	8
NS24369S	1	1	6	1953	62	-1	1
NS24369S	2	2	11	1957	58	-1	1
NS24369S	3	1	-9	-9	-1	29	8
NS24369S	4	1	-9	-9	-1	19	8
NS24369S	5	2	6	1990	25	-1	8
NS24369S	6	2	-9	-9	-1	22	8
NS24369S	7	2	-9	-9	-1	21	8
NS24369S	8	2	-9	-9	-1	18	8
NS24373F	1	1	2	1950	65	-1	1
NS24373F	2	2	12	1958	56	-1	1
NS24373F	3	2	4	1987	28	-1	8
NS24378L	1	1	-9	-9	-1	26	17
NS24378L	2	1	5	1991	24	-1	17
NS24378L	3	1	-9	-9	-1	25	17
NS24378L	4	1	-9	-9	-1	27	17
NS24378L	5	1	-9	-9	-1	24	17
NS24378L	6	1	-9	-9	-1	27	17
NS24379M	1	2	-9	-9	-1	50	1
NS24379M	2	1	-9	-9	-1	56	1
NS24379M	3	2	8	1996	19	-1	8
NS24389G	1	2	-9	-9	-1	56	1
NS24389G	2	1	5	1997	18	-1	8
NS24392T	1	2	5	1961	54	-1	1
NS24392T	2	1	10	1957	58	-1	1
NS24392T	3	2	3	1996	19	-1	8
NS24401T	1	1	-9	-9	-1	-9	1
NS24401T	2	2	-9	-9	-1	-9	1
NS24414R	1	2	-9	-9	-1	-9	1
NS24414R	2	2	-9	-9	-1	-9	8
NS24414R	3	1	-9	-9	-1	-9	8
NS24414R	4	2	-9	-9	-1	-9	8
NS24420G	1	1	9	1961	54	-1	1
NS24420G	2	2	9	1961	54	-1	1
NS24428Q	1	2	-9	-9	-1	-9	1
NS24431C	1	1	4	1991	24	-1	8
NS24431C	2	1	12	2013	2	-1	15
NS24431C	3	1	-9	-9	-1	-8	15
NS24431C	4	2	-9	-9	-1	-8	13
NS24431C	5	2	-9	-9	-1	-8	8
NS24431C	6	1	5	1980	35	-1	8
NS24431C	7	1	-9	-9	-1	-8	8
NS24431C	8	1	-9	-9	-1	-8	1
NS24431C	9	2	4	2001	14	-1	8
NS24434F	1	1	5	1964	51	-1	1
NS24434F	2	2	8	1966	49	-1	1
NS24434F	3	1	10	2002	12	-1	8
NS24453T	1	1	11	1981	34	-1	23
NS24460K	1	1	9	1996	19	-1	8
NS24460K	2	1	3	2000	16	-1	8
NS24460K	3	2	4	1963	53	-1	1
NS24460K	4	1	12	1965	50	-1	1
NS24463N	1	2	6	1964	51	-1	1
NS24463N	2	2	6	1986	29	-1	8
NS24463N	3	1	9	1981	34	-1	13
NS24465Q	1	2	9	1959	56	-1	1
NS24465Q	2	1	8	1958	57	-1	1
NS24465Q	3	2	7	1993	22	-1	8
NS24466R	1	1	-9	-9	-1	-9	1
NS24466R	2	2	-9	-9	-1	-9	1
NS24466R	3	1	-9	-9	-1	-9	-9
NS24466R	4	2	-9	-9	-1	-9	23
NS24466R	5	1	-9	-9	-1	-9	23
NS24466R	6	2	-9	-9	-1	-9	23
NS24469V	1	2	-9	-9	-1	50	1
NS24469V	2	1	-9	-9	-1	56	1
NS24469V	3	1	-9	-9	-1	14	8
NS24469V	4	1	-9	-9	-1	22	8
NS24478N	1	2	12	1962	53	-1	1
NS24478N	2	1	10	1960	55	-1	1
NS24482B	1	2	8	1966	49	-1	1
NS24486F	1	1	-9	-9	-1	57	1
NS24486F	2	2	-9	-9	-1	55	1
NS24486F	3	1	-9	-9	-1	24	8
NS24486F	4	1	-9	-9	-1	20	8
NS24495Z	1	2	-9	-9	-1	53	1
NS24495Z	2	2	1	1990	25	-1	8
NS24495Z	3	1	11	1998	17	-1	8
NS24495Z	4	2	2	1994	21	-1	8
NS24496A	1	1	11	1955	60	-1	1
NS24496A	2	2	-9	-9	-1	45	4
NS24500V	1	1	-9	-9	-1	61	1
NS24500V	2	2	-9	-9	-1	52	1
NS24500V	3	1	2	1985	31	-1	8
NS24500V	4	1	10	1987	28	-1	8
NS24501W	1	2	7	1969	46	-1	1
NS24501W	2	1	10	1954	61	-1	1
NS24502X	1	1	7	1945	70	-1	1
NS24502X	2	2	3	1959	56	-1	2
NS24517X	1	2	8	1948	67	-1	1
NS24517X	2	1	9	1945	70	-1	1
NS24518Y	1	2	-9	-9	-1	18	23
NS24518Y	2	2	-9	-9	-1	45	23
NS24520J	1	2	8	1969	46	-1	1
NS24520J	2	1	5	1990	25	-1	1
NS24520J	3	2	12	1991	24	-1	8
NS24521K	1	2	6	1967	48	-1	1
NS24528S	1	1	6	1952	63	-1	1
NS24528S	2	2	10	1960	55	-1	1
NS24528S	3	1	8	1988	27	-1	8
NS24528S	4	2	-9	-9	-1	26	13
NS24528S	5	1	10	1992	23	-1	8
NS24530D	1	1	7	1988	27	-1	8
NS24530D	2	2	4	1956	60	-1	1
NS24530D	3	1	8	1994	21	-1	8
NS24546E	1	2	8	1990	25	-1	17
NS24547F	1	2	4	1958	57	-1	1
NS24547F	2	1	8	1952	63	-1	1
NS24547F	3	2	8	1990	25	-1	8
NS24549H	1	2	4	2013	2	-1	1
NS24549H	2	2	11	2015	0	-1	1
NS24553W	1	2	8	1988	27	-1	8
NS24553W	2	2	2	1958	57	-1	1
NS24560M	1	2	10	1990	25	-1	15
NS24560M	2	2	1	1967	49	-1	1
NS24560M	3	2	8	1994	21	-1	15
NS24561N	1	1	9	1953	62	-1	1
NS24561N	2	2	9	1956	59	-1	1
NS24562P	1	1	-9	-9	-1	-8	18
NS24562P	2	2	-9	-9	-1	-8	17
NS24562P	3	1	-9	-9	-1	-8	17
NS24566T	1	1	2	1989	26	-1	17
NS24566T	2	2	-9	-9	-1	24	17
NS24566T	3	2	-9	-9	-1	22	17
NS24566T	4	2	-9	-9	-1	24	17
NS24570G	1	2	1	1952	63	-1	1
NS24570G	2	1	3	1952	63	-1	1
NS24570G	3	2	1	1992	24	-1	8
NS24571H	1	1	5	1950	66	-1	1
NS24571H	2	2	11	1956	59	-1	1
NS24571H	3	1	11	1991	24	-1	8
NS24582D	1	2	4	1959	56	-1	1
NS24582D	2	1	10	1950	64	-1	4
NS24582D	3	1	11	1991	23	-1	8
NS24583E	1	2	8	1962	53	-1	1
NS24583E	2	1	5	1998	17	-1	8
NS24585G	1	2	9	1952	63	-1	1
NS24587J	1	1	8	1955	60	-1	1
NS24587J	2	2	5	1955	61	-1	1
NS24587J	3	1	-9	-9	-1	31	8
NS24589L	1	2	3	1990	25	-1	17
NS24597D	1	2	-9	-9	-1	22	17
NS24597D	2	2	-9	-9	-1	26	17
NS24597D	3	2	-9	-9	-1	22	17
NS24603A	1	2	6	1966	49	-1	1
NS24603A	2	1	11	1967	48	-1	4
NS24604B	1	1	3	1956	59	-1	1
NS24604B	2	2	8	1957	58	-1	1
NS24609G	1	2	6	1991	24	-1	19
NS24612T	1	2	7	1957	58	-1	1
NS24612T	2	1	11	1953	62	-1	1
NS24613V	1	2	1	1965	50	-1	1
NS24626S	1	2	-9	-9	-1	-9	1
NS24626S	2	1	-9	-9	-1	-9	1
NS24628V	1	1	12	1950	65	-1	1
NS24628V	2	2	7	1951	64	-1	1
NS24629W	1	2	-9	-9	-1	61	1
NS24629W	2	2	-9	-9	-1	27	8
NS24629W	3	1	-9	-9	-1	66	1
NS24645F	1	1	-9	-9	-1	27	17
NS24652X	1	1	3	1960	56	-1	1
NS24652X	2	2	7	1968	47	-1	1
NS24658D	1	2	-9	-9	-1	61	1
NS24658D	2	1	-9	-9	-1	37	8
NS24658D	3	2	-9	-9	-1	34	13
NS24658D	4	2	-9	-9	-1	13	23
NS24658D	5	2	-9	-9	-1	8	13
NS24660P	1	1	12	1959	56	-1	1
NS24660P	2	2	11	1964	51	-1	1
NS24660P	3	1	5	1988	27	-1	8
NS24660P	4	1	12	1992	23	-1	8
NS24660P	5	2	-9	-9	-1	-8	13
NS24662R	1	1	-9	-9	-1	54	1
NS24668Y	1	1	4	1990	26	-1	17
NS24671K	1	1	-9	-9	-1	50	5
NS24671K	2	2	-9	-9	-1	43	5
NS24671K	3	2	-9	-9	-1	24	16
NS24675P	1	1	7	1988	27	-1	8
NS24675P	2	1	-9	-9	-1	-8	23
NS24675P	3	2	-9	-9	-1	-8	23
NS24675P	4	1	-9	-9	-1	-8	23
NS24693B	1	2	8	1959	56	-1	1
NS24693B	2	1	8	1953	62	-1	1
NS24693B	3	1	1	1988	27	-1	8
NS24698G	1	2	8	1959	56	-1	1
NS24698G	2	2	7	2001	14	-1	8
NS24705E	1	2	9	1967	48	-1	1
NS24705E	2	1	8	1977	38	-1	4
NS24705E	3	2	4	1993	23	-1	8
NS24705E	4	1	4	2003	13	-1	12
NS24706F	1	1	3	1960	56	-1	1
NS24706F	2	2	7	1965	50	-1	1
NS24706F	3	2	1	1932	84	-1	14
NS24706F	4	1	4	2000	16	-1	8
NS24706F	5	2	3	1995	21	-1	8
NS24706F	6	1	6	1961	54	-1	15
NS24706F	7	2	6	1965	50	-1	23
NS24706F	8	1	11	1989	26	-1	15
NS24716A	1	2	7	1990	25	-1	1
NS24716A	2	1	-9	-9	-1	56	1
NS24716A	3	2	4	1993	22	-1	8
NS24716A	4	2	-9	-9	-1	26	19
NS24717B	1	2	10	1987	28	-1	17
NS24717B	2	2	7	1978	37	-1	17
NS24717B	3	2	9	1985	30	-1	17
NS24717B	4	1	5	1964	51	-1	18
NS24720N	1	2	6	1959	56	-1	1
NS24720N	2	1	6	1979	36	-1	8
NS24721P	1	2	8	1960	55	-1	1
NS24721P	2	2	7	1987	28	-1	8
NS24724S	1	2	7	1994	21	-1	23
NS24726V	1	2	10	1951	64	-1	1
NS24730H	1	1	6	1952	63	-1	1
NS24730H	2	2	9	1960	55	-1	1
NS24730H	3	2	9	1994	21	-1	8
NS24733L	1	2	-9	-9	-1	55	5
NS24733L	2	1	-9	-9	-1	61	5
NS24743F	1	1	12	1958	57	-1	1
NS24743F	2	2	4	1959	56	-1	1
NS24746J	1	2	3	1968	47	-1	1
NS24746J	2	1	4	1961	54	-1	1
NS24746J	3	1	11	1992	23	-1	8
NS24746J	4	1	11	1992	23	-1	8
NS24754B	1	1	9	1958	57	-1	1
NS24754B	2	2	8	1960	55	-1	1
NS24765X	1	2	2	1962	53	-1	1
NS24765X	2	1	6	1960	55	-1	1
NS24765X	3	1	1	1997	18	-1	8
NS24773P	1	2	3	1987	28	-1	8
NS24782H	1	1	-9	-9	-1	70	1
NS24782H	2	2	3	1996	19	-1	8
NS24782H	3	2	-9	-9	-1	58	1
NS24789Q	1	1	-9	-9	-1	-9	1
NS24789Q	2	2	-9	-9	-1	-9	1
NS24796G	1	1	2	1960	56	-1	1
NS24796G	2	2	9	1964	51	-1	1
NS24796G	3	1	8	1988	27	-1	8
NS24796G	4	1	5	1995	20	-1	8
NS24806H	1	1	-9	-9	-1	55	5
NS24806H	2	2	-9	-9	-1	55	5
NS24806H	3	1	-9	-9	-1	30	13
NS24806H	4	2	-9	-9	-1	26	13
NS24807J	1	1	-9	-9	-1	26	17
NS24807J	2	1	-9	-9	-1	24	17
NS24807J	3	1	-9	-9	-1	25	17
NS24811X	1	1	-9	-9	-1	23	17
NS24811X	2	1	-9	-9	-1	23	17
NS24811X	3	1	-9	-9	-1	23	17
NS24814A	1	2	9	1950	65	-1	1
NS24814A	2	2	8	1975	40	-1	8
NS24826X	1	2	-9	-9	-1	-9	1
NS24826X	2	1	-9	-9	-1	-9	1
NS24826X	3	1	-9	-9	-1	-9	8
NS24826X	4	2	-9	-9	-1	-9	13
NS24826X	5	2	-9	-9	-1	-9	15
NS24831L	1	2	1	1990	25	-1	17
NS24831L	2	2	3	1989	26	-1	17
NS24831L	3	2	12	1991	23	-1	17
NS24832M	1	1	12	1957	57	-1	1
NS24832M	2	2	4	1960	55	-1	1
NS24832M	3	2	6	1993	22	-1	8
NS24837S	1	1	4	1954	62	-1	1
NS24837S	2	2	2	1960	56	-1	1
NS24837S	3	1	8	1988	27	-1	8
NS24845K	1	2	5	1961	54	-1	1
NS24853C	1	1	4	1992	23	-1	17
NS24856F	1	2	10	1967	48	-1	1
NS24856F	2	1	12	1960	55	-1	4
NS24856F	3	1	6	1992	23	-1	8
NS24861V	1	2	12	1971	44	-1	1
NS24861V	2	2	11	1992	23	-1	9
NS24868C	1	1	2	1954	62	-1	1
NS24868C	2	2	1	1958	58	-1	1
NS24870N	1	2	3	1965	50	-1	1
NS24870N	2	2	1	1994	21	-1	8
NS24871P	1	2	7	1962	53	-1	1
NS24874S	1	2	-9	-9	-1	24	17
NS24879Y	1	1	9	1954	60	-1	1
NS24879Y	2	2	2	1956	59	-1	1
NS24884M	1	1	1	1952	63	-1	1
NS24884M	2	2	11	1961	54	-1	1
NS24884M	3	2	5	1988	27	-1	8
NS24884M	4	1	3	1981	34	-1	8
NS24884M	5	1	10	1995	20	-1	8
NS24886P	1	1	3	1961	54	-1	1
NS24886P	2	2	5	1964	51	-1	1
NS24886P	3	1	12	1987	28	-1	8
NS24888R	1	1	3	1961	54	-1	23
NS24888R	2	2	2	1970	45	-1	23
NS24888R	3	1	7	1994	21	-1	22
NS24888R	4	1	5	1998	17	-1	22
NS24888R	5	1	4	2004	11	-1	22
NS24888R	6	2	3	2006	9	-1	22
NS24890C	1	2	8	1993	22	-1	8
NS24891D	1	1	4	1949	66	-1	1
NS24891D	2	2	6	1955	60	-1	1
NS24891D	3	1	4	1994	21	-1	8
NS24893F	1	1	-9	-9	-1	-9	1
NS24893F	2	2	-9	-9	-1	-9	1
NS24893F	3	1	-9	-9	-1	-9	8
NS24895H	1	2	5	1964	51	-1	1
NS24895H	2	1	2	1956	59	-1	1
NS24896J	1	1	-9	-9	-1	-8	17
NS24899M	1	2	5	1989	26	-1	17
NS24903G	1	2	3	2014	2	-1	22
NS24904H	1	2	11	1958	57	-1	1
NS24904H	2	1	1	1988	27	-1	8
NS24904H	3	2	11	1990	24	-1	8
NS24907L	1	2	4	1957	58	-1	5
NS24907L	2	1	8	1996	19	-1	13
NS24908M	1	2	7	1960	55	-1	1
NS24908M	2	1	3	1953	63	-1	1
NS24911Z	1	2	-9	-9	-1	52	1
NS24911Z	2	1	-9	-9	-1	53	1
NS24911Z	3	1	-9	-9	-1	84	14
NS24911Z	4	2	-9	-9	-1	18	8
NS24911Z	5	1	-9	-9	-1	17	8
NS24913B	1	1	-9	-9	-1	26	17
NS24913B	2	1	-9	-9	-1	29	17
NS24913B	3	1	1	1987	28	-1	9
NS24920S	1	1	-9	-9	-1	29	8
NS24920S	2	2	7	1961	54	-1	1
NS24920S	3	1	-9	-9	-1	57	1
NS24930M	1	2	1	1961	55	-1	1
NS24930M	2	1	6	1959	57	-1	1
NS24930M	3	1	7	1996	20	-1	8
NS24938W	1	1	-9	-9	-1	25	17
NS24938W	2	2	-9	-9	-1	26	17
NS24938W	3	2	-9	-9	-1	25	17
NS24940G	1	2	7	1964	51	-1	1
NS24941H	1	1	7	1954	61	-1	1
NS24941H	2	2	12	1957	58	-1	1
NS24941H	3	2	3	1987	28	-1	8
NS24941H	4	1	-9	-9	-1	27	13
NS24943K	1	2	-9	-9	-1	49	1
NS24943K	2	1	-9	-9	-1	54	1
NS24943K	3	1	-9	-9	-1	28	8
NS24951C	1	1	-9	-9	-1	53	1
NS24951C	2	2	-9	-9	-1	53	1
NS24951C	3	1	6	1998	17	-1	8
NS24953E	1	1	2	1947	69	-1	1
NS24953E	2	2	12	1959	56	-1	1
NS24953E	3	1	5	1987	28	-1	8
NS24955G	1	1	1	1955	60	-1	1
NS24955G	2	2	12	1954	60	-1	1
NS24955G	3	2	4	1977	38	-1	9
NS24955G	4	2	12	1990	24	-1	8
NS24955G	5	2	1	1991	24	-1	8
NS24955G	6	2	3	1996	19	-1	8
NS24955G	7	2	1	1991	24	-1	8
NS24955G	8	2	8	1997	18	-1	15
NS24956H	1	2	3	1960	56	-1	1
NS24956H	2	1	8	1957	58	-1	1
NS24963Z	1	2	-9	-9	-1	46	1
NS24963Z	2	1	-9	-9	-1	45	1
NS24963Z	3	1	-9	-9	-1	23	8
NS24963Z	4	2	-9	-9	-1	21	8
NS24963Z	5	2	-9	-9	-1	25	8
NS24965B	1	2	10	1963	51	-1	1
NS24973T	1	1	-9	-9	-1	26	17
NS24974V	1	1	-9	-9	-1	-9	1
NS24974V	2	2	-9	-9	-1	49	1
NS24974V	3	1	-9	-9	-1	22	8
NS24974V	4	1	-9	-9	-1	10	8
NS24974V	5	2	-9	-9	-1	17	8
NS24976X	1	2	-9	-9	-1	-8	1
NS24978Z	1	1	12	2014	1	-1	6
NS24978Z	2	2	10	1972	43	-1	1
NS24978Z	3	1	5	1972	43	-1	1
NS24978Z	4	1	10	1993	22	-1	8
NS24978Z	5	2	7	1997	18	-1	8
NS24978Z	6	1	2	2003	13	-1	8
NS24981L	1	1	8	1964	51	-1	1
NS24981L	2	2	7	1964	51	-1	1
NS24981L	3	1	2	1999	17	-1	8
NS24981L	4	1	11	1987	28	-1	8
NS24981L	5	2	-9	-9	-1	-8	14
NS24987S	1	2	8	1956	59	-1	1
NS24987S	2	1	7	1956	59	-1	1
NS24988T	1	1	-9	-9	-1	-8	19
NS24992G	1	1	-9	-9	-1	-8	1
NS24992G	2	2	-9	-9	-1	-9	1
NS24992G	3	2	-9	-9	-1	-9	8
NS24992G	4	1	-9	-9	-1	-9	9
NS24997M	1	1	6	1950	65	-1	1
NS24997M	2	2	7	1952	63	-1	1
NS24997M	3	2	-9	-9	-1	86	14
NS24998N	1	2	7	1951	64	-1	1
NS24998N	2	1	2	1950	65	-1	1
NS24998N	3	2	7	1986	29	-1	8
NS25004J	1	2	4	1960	56	-1	1
NS25004J	2	2	6	1985	30	-1	8
NS25015E	1	2	1	1964	52	-1	1
NS25015E	2	2	1	1988	28	-1	8
NS25015E	3	2	5	1989	27	-1	8
NS25015E	4	1	11	1992	23	-1	8
NS25015E	5	1	2	1996	20	-1	8
NS25015E	6	2	3	2013	3	-1	15
NS25015E	7	2	6	2015	1	-1	15
NS25016F	1	2	1	1961	54	-1	1
NS25016F	2	1	11	1985	29	-1	8
NS25016F	3	2	7	1992	23	-1	8
NS25016F	4	1	5	1991	24	-1	8
NS25017G	1	2	6	1957	58	-1	1
NS25017G	2	1	11	1955	60	-1	1
NS25020T	1	1	9	1957	58	-1	1
NS25020T	2	2	1	1967	48	-1	1
NS25020T	3	2	8	1994	21	-1	8
NS25026A	1	2	-9	-9	-1	52	1
NS25026A	2	1	-9	-9	-1	-8	1
NS25026A	3	1	-9	-9	-1	32	8
NS25026A	4	1	2	1994	21	-1	8
NS25026A	5	2	-9	-9	-1	29	8
NS25026A	6	2	-9	-9	-1	-8	13
NS25026A	7	1	4	2014	1	-1	15
NS25026A	8	2	1	2016	0	-1	15
NS25029D	1	2	7	1941	75	-1	14
NS25029D	2	1	7	1983	32	-1	8
NS25029D	3	1	2	1959	57	-1	1
NS25029D	4	2	7	1957	58	-1	1
NS25039Y	1	1	12	1962	52	-1	1
NS25039Y	2	2	12	1966	48	-1	1
NS25039Y	3	1	7	1996	19	-1	8
NS25049S	1	2	4	1961	54	-1	1
NS25049S	2	1	11	1984	31	-1	9
NS25056J	1	2	11	1946	69	-1	14
NS25060X	1	2	8	1958	57	-1	1
NS25060X	2	1	1	1957	59	-1	1
NS25060X	3	2	5	1987	28	-1	8
NS25060X	4	1	1	1995	21	-1	8
NS25065C	1	1	6	1954	61	-1	1
NS25069G	1	1	6	1960	55	-1	1
NS25069G	2	2	6	1961	54	-1	1
NS25069G	3	1	3	1988	27	-1	8
NS25072T	1	1	9	1959	56	-1	1
NS25072T	2	1	9	1992	23	-1	13
NS25074W	1	2	11	1959	56	-1	1
NS25074W	2	1	4	1959	56	-1	1
NS25075X	1	2	7	1966	49	-1	1
NS25075X	2	1	11	1961	54	-1	4
NS25085R	1	1	-9	-9	-1	-8	1
NS25085R	2	2	-9	-9	-1	-8	1
NS25107P	1	1	9	1956	59	-1	1
NS25107P	2	2	12	1963	51	-1	1
NS25111C	1	1	4	1951	64	-1	1
NS25111C	2	2	2	1952	63	-1	1
NS25113E	1	2	12	1969	46	-1	1
NS25113E	2	1	3	1962	54	-1	1
NS25116H	1	2	4	1939	76	-1	14
NS25118K	1	2	-9	-9	-1	-9	23
NS25132S	1	2	-9	-9	-1	58	1
NS25134V	1	2	-9	-9	-1	60	1
NS25134V	2	1	-9	-9	-1	57	1
NS25134V	3	1	9	1987	28	-1	8
NS25137Y	1	2	1	1965	50	-1	1
NS25137Y	2	1	12	1965	49	-1	1
NS25137Y	3	2	10	1992	23	-1	8
NS25139A	1	2	-9	-9	-1	70	1
NS25139A	2	1	-9	-9	-1	70	1
NS25144P	1	2	2	1951	64	-1	1
NS25144P	2	2	5	1991	24	-1	11
NS25145Q	1	2	8	1964	51	-1	1
NS25145Q	2	1	6	1963	52	-1	1
NS25147S	1	2	5	1971	44	-1	1
NS25147S	2	1	5	1973	42	-1	1
NS25147S	3	1	8	1993	22	-1	8
NS25147S	4	2	7	1995	20	-1	8
NS25147S	5	2	6	1997	18	-1	8
NS25148T	1	2	9	1963	51	-1	1
NS25148T	2	1	7	1960	55	-1	1
NS25148T	3	2	10	1987	27	-1	8
NS25149V	1	1	3	1954	62	-1	1
NS25149V	2	2	10	1954	61	-1	1
NS25160Z	1	1	-9	-9	-1	-8	17
NS25160Z	2	1	-9	-9	-1	-8	17
NS25160Z	3	1	-9	-9	-1	-8	17
NS25167G	1	1	6	1994	21	-1	8
NS25167G	2	1	2	1966	50	-1	1
NS25167G	3	2	10	1967	48	-1	1
NS25168H	1	2	-9	-9	-1	45	1
NS25168H	2	1	-9	-9	-1	27	8
NS25169J	1	2	10	1993	22	-1	23
NS25169J	2	1	-9	-9	-1	34	17
NS25169J	3	1	-9	-9	-1	30	17
NS25172W	1	1	6	1953	62	-1	1
NS25172W	2	2	11	1957	58	-1	1
NS25172W	3	1	12	1979	36	-1	8
NS25173X	1	1	5	1987	28	-1	17
NS25173X	2	2	2	1987	28	-1	17
NS25178C	1	2	3	1965	51	-1	1
NS25178C	2	1	3	1963	53	-1	1
NS25178C	3	1	9	1988	27	-1	8
NS25178C	4	2	6	1999	16	-1	8
NS25178C	5	2	4	2001	15	-1	8
NS25192K	1	2	2	1985	30	-1	8
NS25202L	1	2	-9	-9	-1	55	5
NS25202L	2	1	-9	-9	-1	20	16
NS25208S	1	1	-9	-9	-1	27	17
NS25208S	2	2	-9	-9	-1	20	23
NS25208S	3	2	-9	-9	-1	21	23
NS25209T	1	1	-9	-9	-1	57	1
NS25209T	2	2	-9	-9	-1	60	1
NS25210D	1	1	1	1957	59	-1	1
NS25210D	2	2	5	1957	59	-1	1
NS25215J	1	2	-9	-9	-1	-9	1
NS25215J	2	1	-9	-9	-1	-9	1
NS25215J	3	1	-9	-9	-1	-9	8
NS25217L	1	2	2	1954	61	-1	1
NS25217L	2	1	6	1983	32	-1	8
NS25222A	1	1	9	1959	56	-1	1
NS25224C	1	1	-9	-9	-1	-9	1
NS25224C	2	1	-9	-9	-1	-9	8
NS25228G	1	1	11	1958	56	-1	1
NS25228G	2	2	6	1964	51	-1	1
NS25228G	3	1	8	1985	30	-1	8
NS25231T	1	2	-9	-9	-1	26	17
NS25231T	2	2	-9	-9	-1	30	17
NS25232V	1	1	3	1954	61	-1	1
NS25232V	2	2	10	1958	57	-1	1
NS25232V	3	1	4	1994	21	-1	8
NS25240M	1	2	-9	-9	-1	25	17
NS25244R	1	1	8	1962	53	-1	1
NS25244R	2	2	7	1962	53	-1	1
NS25244R	3	1	6	1993	22	-1	8
NS25245S	1	1	5	1948	67	-1	1
NS25245S	2	2	8	1993	22	-1	8
NS25245S	3	2	8	1988	27	-1	8
NS25245S	4	1	6	1990	25	-1	8
NS25245S	5	1	6	1982	33	-1	8
NS25245S	6	2	8	1956	59	-1	1
NS25255M	1	2	5	1991	24	-1	17
NS25255M	2	1	8	1991	24	-1	17
NS25255M	3	1	6	1991	24	-1	17
NS25255M	4	1	12	1991	24	-1	17
NS25255M	5	1	7	1992	23	-1	17
NS25257P	1	2	1	1960	55	-1	1
NS25258Q	1	1	4	1964	52	-1	17
NS25258Q	2	2	4	1966	50	-1	17
NS25261C	1	2	-9	-9	-1	21	8
NS25261C	2	1	-9	-9	-1	-9	1
NS25261C	3	2	-9	-9	-1	-9	1
NS25272Y	1	2	2	1962	53	-1	1
NS25272Y	2	1	12	1952	62	-1	1
NS25272Y	3	1	9	1987	27	-1	8
NS25272Y	4	1	1	1992	23	-1	8
NS25279F	1	2	7	1959	56	-1	1
NS25279F	2	1	5	1955	60	-1	1
NS25279F	3	1	5	1988	27	-1	8
NS25285W	1	1	11	1965	50	-1	1
NS25285W	2	2	11	1968	47	-1	1
NS25285W	3	1	11	1996	19	-1	8
NS25285W	4	2	7	2005	10	-1	8
NS25288Z	1	1	4	1951	65	-1	2
NS25295Q	1	2	3	1990	25	-1	23
NS25300L	1	1	12	1962	53	-1	1
NS25300L	2	2	8	1965	50	-1	1
NS25300L	3	2	10	1986	29	-1	8
NS25304Q	1	1	9	1948	67	-1	1
NS25304Q	2	2	9	1954	61	-1	1
NS25304Q	3	1	3	1984	32	-1	8
NS25306S	1	1	1	1937	79	-1	1
NS25306S	2	2	1	1948	68	-1	1
NS25306S	3	1	9	1975	40	-1	8
NS25307T	1	2	-9	-9	-1	25	17
NS25307T	2	2	-9	-9	-1	24	17
NS25314K	1	2	-9	-9	-1	-8	1
NS25316M	1	2	2	1955	60	-1	1
NS25316M	2	2	5	2003	12	-1	15
NS25317N	1	1	-9	-9	-1	51	1
NS25317N	2	2	-9	-9	-1	48	1
NS25317N	3	2	-9	-9	-1	23	8
NS25317N	4	1	-9	-9	-1	11	8
NS25324E	1	1	2	1953	62	-1	1
NS25324E	2	2	9	1967	48	-1	1
NS25328J	1	2	-9	-9	-1	55	5
NS25328J	2	1	-9	-9	-1	60	5
NS25338D	1	1	12	1960	55	-1	1
NS25338D	2	2	2	1968	48	-1	1
NS25344T	1	1	8	1956	59	-1	1
NS25344T	2	2	12	1994	21	-1	8
NS25344T	3	1	10	1991	24	-1	8
NS25344T	4	2	12	1955	60	-1	4
NS25346W	1	2	10	1965	50	-1	1
NS25346W	2	1	7	1962	53	-1	1
NS25346W	3	1	5	1989	26	-1	8
NS25357R	1	1	10	1952	62	-1	1
NS25357R	2	2	7	1957	58	-1	1
NS25357R	3	2	9	1990	25	-1	11
NS25364H	1	2	6	1992	23	-1	17
NS25382V	1	2	7	1963	52	-1	1
NS25388B	1	1	3	1957	58	-1	1
NS25388B	2	2	8	1960	55	-1	1
NS25388B	3	1	4	1987	28	-1	8
NS25388B	4	2	3	1991	24	-1	8
NS25392P	1	1	1	1988	27	-1	8
NS25392P	2	2	11	1960	54	-1	1
NS25392P	3	1	9	1957	57	-1	1
NS25393Q	1	1	12	1953	61	-1	1
NS25393Q	2	2	12	1963	51	-1	1
NS25393Q	3	1	7	1984	31	-1	8
NS25393Q	4	1	10	1993	22	-1	13
NS25393Q	5	1	11	1999	16	-1	8
NS25393Q	6	1	6	2002	13	-1	8
NS25407W	1	2	5	1999	17	-1	4
NS25407W	2	2	8	2000	16	-1	4
NS25410H	1	2	-9	-9	-1	-8	17
NS25410H	2	2	-9	-9	-1	-8	17
NS25410H	3	1	12	1993	22	-1	17
NS25413L	1	2	-9	-9	-1	50	1
NS25413L	2	1	-9	-9	-1	65	4
NS25413L	3	1	-9	-9	-1	85	14
NS25413L	4	2	-9	-9	-1	23	8
NS25418R	1	2	1	1963	53	-1	1
NS25418R	2	1	11	1956	59	-1	1
NS25424G	1	2	11	1952	62	-1	1
NS25424G	2	2	8	1987	28	-1	9
NS25424G	3	1	3	1992	23	-1	8
NS25426J	1	1	3	1994	21	-1	8
NS25426J	2	2	12	1957	58	-1	1
NS25431Y	1	2	2	1956	59	-1	14
NS25431Y	2	1	6	1957	58	-1	14
NS25431Y	3	2	11	1996	19	-1	8
NS25432Z	1	2	-9	-9	-1	-9	5
NS25432Z	2	1	-9	-9	-1	-9	13
NS25462H	1	1	4	1962	53	-1	1
NS25462H	2	2	7	1958	57	-1	1
NS25462H	3	1	8	1980	35	-1	8
NS25463J	1	2	6	1956	59	-1	1
NS25463J	2	1	7	1957	58	-1	1
NS25463J	3	2	7	2009	6	-1	6
NS25463J	4	2	7	1990	25	-1	-8
NS25464K	1	2	6	1992	23	-1	8
NS25464K	2	2	8	1969	46	-1	1
NS25464K	3	1	10	1991	24	-1	17
NS25476G	1	2	5	1992	23	-1	17
NS25477H	1	1	-9	-9	-1	-8	1
NS25477H	2	2	-9	-9	-1	-8	1
NS25479K	1	2	6	1958	57	-1	1
NS25479K	2	1	12	1952	63	-1	1
NS25483Y	1	2	8	1949	66	-1	1
NS25483Y	2	1	2	1954	62	-1	1
NS25483Y	3	1	10	1986	29	-1	8
NS25488D	1	2	11	1959	56	-1	1
NS25488D	2	1	2	1955	60	-1	1
NS25488D	3	1	11	1992	23	-1	8
NS25488D	4	2	7	1993	22	-1	8
NS25488D	5	1	12	2000	15	-1	7
NS25488D	6	2	-9	-9	-1	14	7
NS25491Q	1	2	5	1960	56	-1	1
NS25496W	1	1	-9	-9	-1	-9	5
NS25496W	2	2	-9	-9	-1	-9	5
NS25496W	3	1	-9	-9	-1	-9	13
NS25496W	4	2	-9	-9	-1	-9	13
NS25496W	5	1	-9	-9	-1	-9	13
NS25501R	1	2	7	1965	50	-1	1
NS25501R	2	1	6	1964	52	-1	1
NS25501R	3	2	7	1995	20	-1	8
NS25502S	1	1	9	1993	22	-1	13
NS25514P	1	1	6	1962	53	-1	1
NS25514P	2	2	10	1963	52	-1	1
NS25514P	3	1	5	1992	23	-1	8
NS25517S	1	2	-9	-9	-1	49	1
NS25517S	2	2	12	1993	22	-1	8
NS25527M	1	1	-9	-9	-1	-8	1
NS25527M	2	1	-9	-9	-1	-8	1
NS25527M	3	2	12	1987	27	-1	8
NS25534D	1	2	12	1958	56	-1	1
NS25534D	2	1	3	1952	63	-1	1
NS25534D	3	1	12	1979	35	-1	23
NS25541V	1	1	8	1985	30	-1	8
NS25541V	2	2	10	1956	59	-1	1
NS25543X	1	2	9	1964	51	-1	1
NS25543X	2	1	11	1965	50	-1	1
NS25548C	1	1	7	2006	9	-1	8
NS25548C	2	1	9	1988	27	-1	8
NS25548C	3	2	4	1993	22	-1	8
NS25548C	4	2	2	1967	48	-1	1
NS25548C	5	1	4	1961	54	-1	1
NS25548C	6	2	-9	-9	-1	-9	-9
NS25556V	1	1	-9	-9	-1	-8	23
NS25556V	2	2	-9	-9	-1	-8	23
NS25565N	1	2	8	1960	55	-1	1
NS25565N	2	1	12	1960	55	-1	1
NS25566P	1	1	9	1955	60	-1	1
NS25566P	2	2	7	1964	51	-1	1
NS25566P	3	1	2	1986	29	-1	8
NS25566P	4	1	8	1987	28	-1	8
NS25568R	1	1	-9	-9	-1	23	17
NS25568R	2	1	-9	-9	-1	24	17
NS25568R	3	2	-9	-9	-1	22	17
NS25568R	4	1	-9	-9	-1	20	17
NS25568R	5	1	-9	-9	-1	23	17
NS25568R	6	1	-9	-9	-1	19	17
NS25571D	1	1	2	1981	34	-1	8
NS25571D	2	1	1	1984	32	-1	8
NS25571D	3	2	10	1960	55	-1	1
NS25577K	1	2	-9	-9	-1	-8	17
NS25577K	2	1	-9	-9	-1	-8	17
NS25590R	1	2	8	1991	24	-1	17
NS25592T	1	1	12	1985	30	-1	8
NS25592T	2	2	2	1958	57	-1	1
NS25600S	1	2	9	1956	59	-1	1
NS25603W	1	1	-9	-9	-1	-8	5
NS25603W	2	2	-9	-9	-1	-8	5
NS25603W	3	2	-9	-9	-1	-8	13
NS25605Y	1	2	7	2003	12	-1	8
NS25608B	1	1	2	1951	64	-1	1
NS25608B	2	2	1	1954	62	-1	1
NS25610M	1	2	7	1969	47	-1	1
NS25610M	2	1	7	1964	52	-1	1
NS25610M	3	1	4	1988	28	-1	8
NS25610M	4	1	12	1995	20	-1	8
NS25621H	1	1	10	1961	53	-1	1
NS25621H	2	2	5	1963	52	-1	1
NS25621H	3	2	1	1934	81	-1	14
NS25623K	1	2	-9	-9	-1	27	17
NS25623K	2	1	-9	-9	-1	29	17
NS25623K	3	2	-9	-9	-1	26	17
NS25623K	4	2	-9	-9	-1	28	17
NS25627P	1	1	6	1956	59	-1	1
NS25627P	2	2	-9	-9	-1	81	14
NS25628Q	1	1	7	1959	56	-1	1
NS25628Q	2	2	2	1965	50	-1	1
NS25628Q	3	1	2	1992	23	-1	8
NS25628Q	4	1	10	1995	20	-1	8
NS25628Q	5	1	9	2000	15	-1	8
NS25636H	1	1	10	1992	22	-1	8
NS25637J	1	2	-9	-9	-1	52	1
NS25637J	2	1	-9	-9	-1	54	1
NS25637J	3	1	-9	-9	-1	30	8
NS25639L	1	2	-9	-9	-1	-9	1
NS25641X	1	2	-9	-9	-1	69	1
NS25641X	2	1	-9	-9	-1	68	1
NS25642Y	1	2	6	1950	65	-1	1
NS25642Y	2	1	6	1940	75	-1	1
NS25653T	1	2	4	1968	47	-1	1
NS25653T	2	2	9	1993	22	-1	8
NS25653T	3	2	1	1940	76	-1	14
NS25653T	4	1	-9	-9	-1	49	4
NS25653T	5	2	-9	-9	-1	13	6
NS25662M	1	1	3	1958	58	-1	1
NS25662M	2	2	5	1963	53	-1	1
NS25662M	3	1	9	1992	23	-1	8
NS25666R	1	1	-9	-9	-1	-9	1
NS25666R	2	2	-9	-9	-1	-9	1
NS25666R	3	2	-9	-9	-1	-9	8
NS25667S	1	1	-9	-9	-1	29	17
NS25668T	1	2	12	1987	27	-1	17
NS25668T	2	1	10	1987	28	-1	17
NS25669V	1	2	-9	-9	-1	-8	1
NS25669V	2	1	-9	-9	-1	-8	1
NS25669V	3	1	5	1997	18	-1	8
NS25672G	1	1	9	1965	50	-1	1
NS25672G	2	2	8	1963	52	-1	1
NS25672G	3	2	10	1995	20	-1	8
NS25679P	1	1	-9	-9	-1	-9	1
NS25679P	2	2	-9	-9	-1	-9	1
NS25679P	3	2	-9	-9	-1	-9	8
NS25679P	4	2	-9	-9	-1	-9	14
NS25679P	5	1	-9	-9	-1	-9	23
NS25682B	1	2	-9	-9	-1	60	15
NS25682B	2	1	-9	-9	-1	60	15
NS25684D	1	1	10	1962	53	-1	1
NS25684D	2	2	12	1962	53	-1	1
NS25684D	3	1	12	1983	32	-1	8
NS25684D	4	1	4	1985	31	-1	8
NS25685E	1	1	7	1965	50	-1	1
NS25685E	2	2	3	1965	50	-1	1
NS25685E	3	1	12	1997	18	-1	8
NS25688H	1	2	-9	-9	-1	-9	1
NS25688H	2	2	-9	-9	-1	-9	23
NS25702X	1	2	3	1969	47	-1	1
NS25702X	2	1	6	1963	53	-1	1
NS25702X	3	2	8	1988	27	-1	8
NS25704Z	1	1	-9	-9	-1	25	17
NS25710P	1	2	5	1994	21	-1	13
NS25715V	1	1	-9	-9	-1	64	23
NS25715V	2	2	-9	-9	-1	61	23
NS25718Y	1	2	-9	-9	-1	52	1
NS25720J	1	2	4	1963	52	-1	1
NS25720J	2	1	3	1964	51	-1	4
NS25720J	3	1	11	2000	14	-1	9
NS25720J	4	2	6	1992	23	-1	8
NS25724N	1	2	5	1965	50	-1	1
NS25724N	2	2	4	1995	20	-1	8
NS25725P	1	2	6	2009	6	-1	4
NS25730D	1	1	6	1956	59	-1	1
NS25730D	2	2	8	1959	56	-1	1
NS25730D	3	1	-9	-9	-1	24	8
NS25730D	4	2	-9	-9	-1	23	8
NS25733G	1	1	11	1955	60	-1	1
NS25735J	1	2	-9	-9	-1	52	1
NS25735J	2	1	-9	-9	-1	52	1
NS25735J	3	2	5	1993	22	-1	8
NS25737L	1	1	1	1988	27	-1	8
NS25737L	2	1	8	1960	55	-1	1
NS25737L	3	2	6	1963	52	-1	1
NS25741Z	1	2	10	1961	54	-1	1
NS25741Z	2	1	8	1968	47	-1	23
NS25746E	1	1	4	1957	58	-1	1
NS25746E	2	2	2	1957	58	-1	1
NS25746E	3	1	8	1992	23	-1	8
NS25746E	4	1	2	1996	20	-1	8
NS25746E	5	1	3	1987	28	-1	23
NS25749H	1	2	-9	-9	-1	54	1
NS25749H	2	1	-9	-9	-1	55	1
NS25749H	3	2	-9	-9	-1	35	8
NS25760M	1	2	-9	-9	-1	53	1
NS25765S	1	1	-9	-9	-1	-9	1
NS25765S	2	2	-9	-9	-1	-9	1
NS25765S	3	1	-9	-9	-1	-9	8
NS25773K	1	1	-9	-9	-1	-9	1
NS25773K	2	2	-9	-9	-1	-9	1
NS25773K	3	1	-9	-9	-1	-9	8
NS25774L	1	2	8	1967	48	-1	1
NS25774L	2	1	9	1954	61	-1	1
NS25784F	1	2	9	1969	46	-1	1
NS25784F	2	1	4	1960	56	-1	1
NS25788K	1	1	-9	-9	-1	25	17
NS25788K	2	1	-9	-9	-1	25	17
NS25791X	1	2	-9	-9	-1	-8	1
NS25791X	2	2	-9	-9	-1	-8	8
NS25791X	3	1	-9	-9	-1	-8	13
NS25791X	4	2	-9	-9	-1	-8	23
NS25791X	5	2	-9	-9	-1	-8	23
NS25791X	6	1	-9	-9	-1	-8	23
NS25792Y	1	1	-9	-9	-1	56	17
NS25792Y	2	1	-9	-9	-1	30	17
NS25792Y	3	1	-9	-9	-1	19	17
NS25792Y	4	1	1	1957	58	-1	1
NS25792Y	5	2	-9	-9	-1	46	1
NS25792Y	6	2	-9	-9	-1	18	8
NS25792Y	7	1	-9	-9	-1	16	8
NS25792Y	8	2	-9	-9	-1	19	17
NS25792Y	9	2	-9	-9	-1	29	17
NS25794A	1	2	3	1958	57	-1	1
NS25794A	2	1	11	1955	60	-1	1
NS25794A	3	1	6	1992	23	-1	8
NS25799F	1	-9	-9	-9	-1	-9	-9
NS25799F	2	-9	-9	-9	-1	-9	-9
NS25799F	3	-9	-9	-9	-1	-9	-9
NS25799F	4	-9	-9	-9	-1	-9	-9
NS25799F	5	-9	-9	-9	-1	-9	23
NS25802Z	1	2	1	1957	59	-1	1
NS25804B	1	1	1	1955	60	-1	1
NS25804B	2	2	4	1958	57	-1	1
NS25804B	3	1	8	1996	19	-1	8
NS25804B	4	1	5	1988	27	-1	8
NS25804B	5	2	8	1984	31	-1	8
NS25804B	6	1	12	1982	32	-1	13
NS25804B	7	1	8	2015	0	-1	23
NS25810R	1	2	8	1965	50	-1	1
NS25810R	2	1	12	1959	56	-1	1
NS25811S	1	2	10	2007	8	-1	6
NS25821M	1	2	8	1957	58	-1	1
NS25821M	2	1	4	1955	60	-1	1
NS25828V	1	1	6	1967	48	-1	1
NS25828V	2	2	5	1968	47	-1	1
NS25828V	3	1	12	1992	23	-1	8
NS25828V	4	1	5	1996	20	-1	8
NS25828V	5	2	2	2005	11	-1	8
NS25833J	1	2	-9	-9	-1	50	1
NS25833J	2	1	-9	-9	-1	55	1
NS25838P	1	1	7	1958	57	-1	1
NS25838P	2	2	6	1960	55	-1	1
NS25838P	3	2	6	1993	22	-1	8
NS25845F	1	2	9	1967	48	-1	1
NS25845F	2	2	-9	-9	-1	18	8
NS25845F	3	2	-9	-9	-1	16	8
NS25845F	4	1	1	2002	14	-1	8
NS25845F	5	1	8	2006	9	-1	8
NS25846G	1	1	9	1949	65	-1	1
NS25846G	2	2	10	1957	57	-1	1
NS25846G	3	1	8	1980	35	-1	8
NS25846G	4	1	8	1993	22	-1	8
NS25848J	1	1	10	1957	58	-1	1
NS25848J	2	2	11	1961	54	-1	1
NS25848J	3	2	4	1988	27	-1	8
NS25854Z	1	2	-9	-9	-1	45	1
NS25854Z	2	1	-9	-9	-1	50	1
NS25854Z	3	2	-9	-9	-1	30	8
NS25854Z	4	1	-9	-9	-1	28	8
NS25854Z	5	2	-9	-9	-1	24	8
NS25854Z	6	2	-9	-9	-1	22	8
NS25854Z	7	2	-9	-9	-1	21	8
NS25854Z	8	1	-9	-9	-1	20	8
NS25854Z	9	2	-9	-9	-1	15	8
NS25854Z	10	2	-9	-9	-1	-8	13
NS25864T	1	1	4	1958	58	-1	1
NS25864T	2	2	12	1990	25	-1	15
NS25866W	1	1	11	1947	68	-1	1
NS25866W	2	2	11	1948	67	-1	1
NS25868Y	1	1	12	1963	52	-1	1
NS25868Y	2	2	9	1965	50	-1	4
NS25882F	1	2	-9	-9	-1	23	18
NS25882F	2	2	-9	-9	-1	23	19
NS25882F	3	1	-9	-9	-1	23	19
NS25888M	1	1	5	1961	54	-1	1
NS25888M	2	1	2	1992	23	-1	8
NS25888M	3	1	1	1988	27	-1	23
NS25897F	1	2	-9	-9	-1	54	1
NS25897F	2	1	-9	-9	-1	56	1
NS25901A	1	2	5	1964	51	-1	1
NS25901A	2	1	3	1959	56	-1	1
NS25901A	3	1	10	1987	28	-1	8
NS25907G	1	1	10	1989	26	-1	17
NS25908H	1	1	10	1967	48	-1	1
NS25908H	2	2	11	1967	48	-1	1
NS25908H	3	2	10	1989	26	-1	8
NS25910T	1	1	-9	-9	-1	19	8
NS25910T	2	2	-9	-9	-1	16	8
NS25910T	3	1	-9	-9	-1	40	1
NS25910T	4	2	-9	-9	-1	43	1
NS25914Y	1	2	6	1959	57	-1	1
NS25914Y	2	1	3	1953	63	-1	1
NS25918C	1	1	11	1968	47	-1	5
NS25923R	1	1	-9	-9	-1	-8	17
NS25923R	2	1	-9	-9	-1	-8	17
NS25924S	1	2	5	1972	43	-1	5
NS25924S	2	1	8	1967	48	-1	5
NS25924S	3	1	3	2001	14	-1	13
NS25929Y	1	2	5	1964	51	-1	1
NS25929Y	2	1	1	1995	20	-1	8
NS25929Y	3	1	8	2008	7	-1	9
NS25930H	1	2	2	1990	26	-1	17
NS25930H	2	1	3	1990	26	-1	17
NS25933L	1	1	-9	-9	-1	-8	1
NS25933L	2	2	-9	-9	-1	-8	17
NS25933L	3	1	6	1993	22	-1	8
NS25949M	1	1	10	2008	7	-1	6
NS25950X	1	1	1	1993	23	-1	8
NS25950X	2	2	2	1968	48	-1	1
NS25960R	1	2	11	1967	48	-1	1
NS25960R	2	2	9	1987	28	-1	8
NS25960R	3	2	11	1991	24	-1	8
NS25963V	1	2	-9	-9	-1	-9	-9
NS25963V	2	2	-9	-9	-1	-9	-9
NS25963V	3	1	-9	-9	-1	-9	-9
NS25963V	4	1	-9	-9	-1	-9	-9
NS25965X	1	1	-9	-9	-1	51	1
NS25965X	2	2	-9	-9	-1	47	1
NS25965X	3	1	-9	-9	-1	21	8
NS25969B	1	2	12	1971	44	-1	1
NS25969B	2	1	10	1968	47	-1	4
NS25969B	3	1	8	1997	18	-1	9
NS25970L	1	2	4	1951	64	-1	1
NS25970L	2	2	12	1987	28	-1	8
NS25970L	3	1	7	1991	24	-1	8
NS25970L	4	1	1	1982	33	-1	8
NS25996G	1	2	10	1961	54	-1	1
NS25996G	2	1	9	1962	53	-1	1
NS26000A	1	2	8	1960	55	-1	1
NS26000A	2	1	3	1961	55	-1	1
NS26000A	3	2	12	1987	28	-1	8
NS26000A	4	1	3	1995	21	-1	8
NS26002C	1	1	3	1987	28	-1	17
NS26005F	1	1	-9	-9	-1	56	1
NS26005F	2	2	-9	-9	-1	57	1
NS26010V	1	2	4	1965	50	-1	1
NS26010V	2	1	2	1996	20	-1	8
NS26016B	1	1	11	1962	53	-1	1
NS26016B	2	2	1	1963	52	-1	1
NS26016B	3	2	10	1993	22	-1	8
NS26016B	4	1	5	1998	17	-1	8
NS26022R	1	1	-9	-9	-1	-9	1
NS26022R	2	1	-9	-9	-1	-9	13
NS26028Y	1	1	-9	-9	-1	-8	1
NS26028Y	2	2	-9	-9	-1	-8	1
NS26028Y	3	1	1	1988	27	-1	8
NS26028Y	4	1	12	1995	19	-1	8
NS26028Y	5	2	8	1990	25	-1	13
NS26036Q	1	1	-9	-9	-1	27	17
NS26055D	1	1	10	1943	72	-1	4
NS26055D	2	2	4	1962	53	-1	1
NS26058G	1	2	12	1965	49	-1	1
NS26058G	2	1	12	1965	49	-1	1
NS26058G	3	1	11	1982	33	-1	8
NS26058G	4	2	1	1995	20	-1	8
NS26060S	1	1	-9	-9	-1	-9	18
NS26060S	2	2	-9	-9	-1	-9	17
NS26060S	3	1	-9	-9	-1	-9	17
NS26061T	1	2	1	1994	21	-1	17
NS26067A	1	2	-9	-9	-1	-9	1
NS26067A	2	1	-9	-9	-1	-9	8
NS26067A	3	1	-9	-9	-1	-9	1
NS26086N	1	2	-9	-9	-1	-9	23
NS26086N	2	1	-9	-9	-1	-9	23
NS26086N	3	2	-9	-9	-1	-9	23
NS26086N	4	1	-9	-9	-1	-9	23
NS26091C	1	1	-9	-9	-1	25	17
NS26091C	2	1	-9	-9	-1	26	17
NS26097J	1	1	3	1952	63	-1	1
NS26099L	1	2	3	1963	52	-1	1
NS26099L	2	1	7	1961	54	-1	1
NS26099L	3	2	11	1993	22	-1	8
NS26099L	4	1	5	1996	19	-1	8
NS26105H	1	2	-9	-9	-1	-9	1
NS26105H	2	1	-9	-9	-1	-9	8
NS26105H	3	2	-9	-9	-1	30	8
